Epoch;ErrorScore;w1;w2;w3;w4;b1;b2;b3;b4
0;49.732;-0.997938;-0.293912;1.00486;-0.291114;-7.06314e-05;0.703955;0.00213218;0.00493096
1;38.7784;-0.996128;0.329286;1.0092;0.334615;-0.0001334;1.32528;0.00400532;0.0093347
2;30.21;-0.994545;0.878993;1.01308;0.886614;-0.000189104;1.87335;0.00564454;0.0132659
3;23.6968;-0.993159;1.36545;1.01655;1.37515;-0.000238664;2.35837;0.00707982;0.0167866
4;18.7686;-0.991943;1.79792;1.01967;1.80954;-0.000282936;2.78958;0.00833963;0.019954
5;15.0008;-0.990875;2.18405;1.02249;2.19742;-0.000322634;3.1746;0.0094479;0.0228155
6;12.0772;-0.989934;2.52997;1.02505;2.54495;-0.000358335;3.51954;0.010424;0.0254095
7;9.77827;-0.989107;2.84062;1.02738;פוג.71;-0.000390508;3.82933;0.0112837;0.027767
8;7.95143;-0.988379;3.12008;1.02949;3.13796;-0.000419542;4.10804;0.0120401;0.0299141
9;6.48866;-0.987742;3.37181;1.03143;3.39097;-0.000445769;אןנ.91;0.0127041;0.0318728
10;5.31105;-0.987184;3.59874;1.03319;3.61912;-0.000469474;4.58545;0.0132852;0.0336622
11;4.35938;-0.986699;3.80345;1.03481;3.82496;-0.00049091;4.78966;0.0137919;0.0352991
12;לאנ.82;-0.986279;3.98821;1.03629;4.01077;-0.000510298;4.97397;0.0142314;0.0367984
13;2.96207;-0.985918;4.155;1.03765;4.17857;-0.000527836;5.14039;0.0146103;0.0381733
14;2.45299;-0.985609;4.30563;1.03889;4.33013;-0.000543704;5.29069;0.0149345;0.0394359
15;2.03865;-0.985349;4.44167;1.04004;4.46706;-0.00055806;5.42646;0.0152093;0.0405968
16;1.70116;-0.985132;4.56457;1.04109;4.59079;-0.00057105;5.54913;0.0154394;0.0416656
17;1.42612;-0.984954;4.67559;1.04207;4.70261;-0.000582803;5.65996;0.015629;0.0426513
18;1.20186;-0.984811;4.77591;1.04297;4.80369;-0.000593438;5.76012;0.0157822;0.0435616
19;1.01897;-0.984701;4.86655;1.0438;4.89505;-0.000603059;5.85065;0.0159023;0.0444036
20;0.869764;-0.984619;4.94845;1.04457;4.97764;-0.000611765;5.93246;0.0159925;0.045184
21;0.748028;-0.984564;5.02246;1.04529;5.05231;-0.000619642;6.00641;0.0160558;0.0459085
22;0.648691;-0.984532;5.08934;1.04596;5.11983;-0.000626769;6.07325;0.0160946;0.0465823
23;0.567625;-0.984522;5.14978;1.04658;5.18088;-0.000633217;6.13367;0.0161113;0.0472105
24;0.501467;-0.984531;5.20439;1.04716;5.23608;-0.000639051;6.18828;0.016108;0.0477971
25;0.447475;-0.984558;5.25374;1.0477;5.286;-0.00064433;6.23766;0.0160867;0.0483463
26;0.403413;-0.9846;5.29834;1.04821;5.33115;-0.000649106;6.28229;0.016049;0.0488616
27;0.367457;-0.984657;5.33864;1.04869;5.37199;-0.000653427;6.32264;0.0159965;0.0493462
28;0.338117;-0.984727;5.37505;1.04915;5.40892;-0.000657337;6.35912;0.0159308;0.0498029
29;0.314178;-0.984808;5.40795;1.04957;5.44233;-0.000660875;ט‏ם.21;0.0158529;0.0502346
30;0.294648;-0.9849;5.43768;1.04998;5.47256;-0.000664076;6.42191;0.0157641;0.0506435
31;0.278718;-0.985002;5.46453;1.05036;לאי.99;-0.000666972;6.44887;0.0156655;0.0510318
32;0.265726;-0.985112;לאי.88;1.05073;5.52464;-0.000669594;6.47324;0.0155579;0.0514015
33;0.255132;-0.98523;5.51071;1.05108;5.54702;-0.000671966;6.49527;0.0154423;0.0517543
34;0.246496;-0.985355;5.53051;1.05142;5.56728;-0.000674113;6.51519;0.0153194;0.0520919
35;0.239458;-0.985486;5.54839;1.05174;5.58561;-0.000676056;ט‏ם.32;0.0151898;0.0524158
36;0.233723;-0.985623;5.56453;1.05205;5.60221;-0.000677815;6.54948;0.0150544;0.0527271
37;0.229053;-0.985766;5.57912;1.05235;5.61723;-0.000679407;ט‏ם.42;0.0149135;0.0530272
38;0.22525;-0.985913;5.59228;1.05264;5.63083;-0.000680849;6.57751;0.0147678;0.0533171
39;0.222155;-0.986064;5.60416;1.05292;5.64314;-0.000682154;6.58954;0.0146177;0.0535977
40;0.219638;-0.98622;5.61489;1.05319;5.65429;-0.000683336;6.60042;0.0144636;0.05387
41;0.217591;-0.986378;5.62457;1.05345;לאי.44;-0.000684407;6.61026;0.0143059;0.0541348
42;0.215928;-0.98654;לאי.33;1.05371;5.67355;-0.000685377;6.61916;0.014145;0.0543927
43;0.214577;-0.986705;5.64118;1.05396;5.68184;-0.000686256;ט‏ם.72;0.0139811;0.0546444
44;0.213482;-0.986872;5.64828;1.0542;5.68936;-0.000687052;6.63447;0.0138146;0.0548906
45;0.212593;-0.987042;5.65469;1.05444;5.69617;-0.000687774;6.64104;0.0136457;0.0551317
46;0.211874;-0.987214;5.66046;1.05468;5.70235;-0.000688428;6.64698;0.0134746;0.0553682
47;0.211292;-0.987387;5.66566;1.05491;5.70796;-0.000689021;6.65236;0.0133015;0.0556006
48;0.210821;-0.987563;5.67034;1.05514;5.71305;-0.00068956;6.65722;0.0131267;0.0558292
49;0.210442;-0.98774;5.67456;1.05536;5.71766;-0.000690048;6.66161;0.0129503;0.0560545
50;0.210136;-0.987918;5.67835;1.05559;5.72186;-0.000690492;6.66558;0.0127724;0.0562767
51;0.20989;-0.988098;5.68177;1.05581;5.72567;-0.000690894;6.66917;0.0125932;0.0564962
52;0.209692;-0.988278;5.68483;1.05602;5.72913;-0.00069126;6.67242;0.0124129;0.0567132
53;0.209534;-0.98846;5.68759;1.05624;5.73228;-0.000691593;6.67535;0.0122314;0.0569279
54;0.209407;-0.988643;5.69006;1.05645;5.73515;-0.000691895;6.67801;0.012049;0.0571405
55;0.209307;-0.988826;5.69227;1.05666;5.73776;-0.00069217;6.68041;0.0118657;0.0573513
56;0.209227;-0.989011;5.69426;1.05687;5.74014;-0.000692421;6.68258;0.0116816;0.0575604
57;0.209164;-0.989196;5.69604;1.05708;5.74231;-0.000692649;6.68454;0.0114968;0.0577681
58;0.209114;-0.989381;5.69762;1.05728;5.74429;-0.000692857;6.68631;0.0113114;0.0579743
59;0.209075;-0.989568;5.69904;1.05749;לאי.61;-0.000693047;6.68792;0.0111254;0.0581793
60;0.209045;-0.989754;5.70031;1.05769;5.74775;-0.000693221;6.68937;0.0109388;0.0583832
61;0.209022;-0.989942;5.70143;1.05789;5.74926;-0.000693379;6.69068;0.0107518;0.0585861
62;0.209004;-0.990129;5.70243;1.05809;5.75065;-0.000693525;6.69186;0.0105643;0.0587881
63;0.208991;-0.990317;5.70331;1.0583;5.75192;-0.000693658;6.69294;0.0103765;0.0589893
64;0.208981;-0.990506;5.70409;1.0585;5.75309;-0.000693779;ט‏ם.39;0.0101883;0.0591897
65;0.208974;-0.990694;5.70478;1.0587;5.75417;-0.000693892;6.69478;0.00999973;0.0593894
66;0.208969;-0.990883;5.70538;1.05889;5.75516;-0.000693995;6.69557;0.0098109;0.0595886
67;0.208965;-0.991072;5.70591;1.05909;5.75608;-0.000694089;6.69629;0.00962181;0.0597871
68;0.208963;-0.991262;5.70637;1.05929;5.75692;-0.000694177;6.69694;0.00943249;0.0599852
69;0.208962;-0.991451;5.70676;1.05949;לאי.77;-0.000694258;6.69752;0.00924294;0.0601828
70;0.208962;-0.991641;לאי.71;1.05969;5.75843;-0.000694333;6.69805;0.0090532;0.0603801
71;0.208962;-0.991831;5.70739;1.05988;5.75911;-0.000694402;6.69853;0.00886329;0.0605769
72;0.208963;-0.992021;5.70764;1.06008;5.75974;-0.000694467;6.69896;0.00867321;0.0607735
73;0.208964;-0.992212;5.70784;1.06028;5.76032;-0.000694527;6.69935;0.00848299;0.0609697
74;0.208965;-0.992402;5.708;1.06047;5.76087;-0.000694583;6.69971;0.00829263;0.0611656
75;0.208966;-0.992592;5.70813;1.06067;5.76139;-0.000694635;6.70003;0.00810216;0.0613614
76;0.208967;-0.992783;5.70823;1.06086;5.76187;-0.000694684;6.70032;0.00791158;0.0615569
77;0.208969;-0.992974;לאי.83;1.06106;5.76233;-0.00069473;6.70058;0.00772089;0.0617521
78;0.20897;-0.993165;5.70834;1.06125;5.76276;-0.000694774;6.70081;0.00753012;0.0619473
79;0.208971;-0.993356;5.70837;1.06145;5.76317;-0.000694815;6.70103;0.00733927;0.0621422
80;0.208972;-0.993547;5.70837;1.06164;5.76356;-0.000694854;6.70122;0.00714834;0.062337
81;0.208973;-0.993738;5.70835;1.06184;5.76393;-0.000694891;ט‏ם.14;0.00695734;0.0625317
82;0.208974;-0.993929;5.70832;1.06203;5.76428;-0.000694926;6.70155;0.00676628;0.0627263
83;0.208975;-0.99412;5.70827;1.06223;5.76462;-0.000694959;ט‏ם.17;0.00657517;0.0629207
84;0.208976;-0.994311;5.70821;1.06242;5.76494;-0.000694991;6.70182;0.006384;0.0631151
85;0.208977;-0.994502;5.70813;1.06261;5.76525;-0.000695021;6.70194;0.00619279;0.0633094
86;0.208977;-0.994694;5.70805;1.06281;5.76555;-0.000695051;6.70205;0.00600153;0.0635035
87;0.208978;-0.994885;5.70795;1.063;5.76584;-0.000695079;6.70214;0.00581024;0.0636977
88;0.208979;-0.995076;5.70785;1.0632;5.76612;-0.000695106;6.70223;0.00561891;0.0638917
89;0.208979;-0.995268;5.70773;1.06339;5.76639;-0.000695133;6.70231;0.00542754;0.0640857
90;0.20898;-0.995459;5.70761;1.06358;5.76666;-0.000695158;6.70238;0.00523615;0.0642797
91;0.20898;-0.99565;5.70748;1.06378;5.76691;-0.000695183;6.70244;0.00504472;0.0644736
92;0.20898;-0.995842;5.70735;1.06397;5.76717;-0.000695207;ט‏ם.25;0.00485327;0.0646675
93;0.20898;-0.996033;5.70721;1.06417;5.76741;-0.000695231;6.70255;0.0046618;0.0648613
94;0.208981;-0.996225;5.70707;1.06436;5.76765;-0.000695254;ט‏ם.26;0.00447031;0.0650551
95;0.208981;-0.996416;5.70692;1.06455;5.76789;-0.000695277;6.70264;0.00427879;0.0652489
96;0.208981;-0.996608;5.70676;1.06475;5.76812;-0.000695299;6.70268;0.00408726;0.0654426
97;0.208981;-0.9968;5.70661;1.06494;5.76835;-0.000695321;6.70271;0.00389571;0.0656364
98;0.208981;-0.996991;5.70645;1.06513;5.76857;-0.000695342;6.70274;0.00370414;0.0658301
99;0.208981;-0.997183;5.70628;1.06533;לאי.88;-0.000695363;6.70277;0.00351256;0.0660237
100;0.208981;-0.997374;5.70612;1.06552;5.76901;-0.000695384;ט‏ם.28;0.00332096;0.0662174
101;0.208981;-0.997566;5.70595;1.06572;5.76923;-0.000695404;6.70282;0.00312935;0.0664111
102;0.208981;-0.997758;5.70578;1.06591;5.76945;-0.000695424;6.70284;0.00293772;0.0666047
103;0.208981;-0.997949;5.70561;1.0661;5.76966;-0.000695444;6.70286;0.00274609;0.0667984
104;0.208981;-0.998141;5.70543;1.0663;5.76987;-0.000695464;6.70288;0.00255444;0.066992
105;0.208981;-0.998333;5.70526;1.06649;5.77008;-0.000695484;6.70289;0.00236278;0.0671856
106;0.20898;-0.998524;5.70508;1.06668;5.77029;-0.000695503;6.70291;0.00217111;0.0673792
107;0.20898;-0.998716;לאי.49;1.06688;5.77049;-0.000695523;6.70292;0.00197943;0.0675728
108;0.20898;-0.998908;5.70472;1.06707;לאי.07;-0.000695542;6.70293;0.00178775;0.0677664
109;0.20898;-0.9991;5.70454;1.06726;לאי.09;-0.000695561;6.70294;0.00159605;0.06796
110;0.20898;-0.999291;5.70435;1.06746;לאי.11;-0.00069558;6.70295;0.00140434;0.0681536
111;0.20898;-0.999483;5.70417;1.06765;5.77131;-0.000695599;6.70296;0.00121263;0.0683472
112;0.208979;-0.999675;5.70399;1.06785;5.77151;-0.000695617;6.70297;0.00102091;0.0685408
113;0.208979;-0.999866;לאי.38;1.06804;5.77171;-0.000695636;6.70297;0.00082918;0.0687344
114;0.208979;-1.00006;5.70362;1.06823;5.77191;-0.000695655;6.70298;0.000637443;0.068928
115;0.208979;-1.00025;5.70343;1.06843;5.77211;-0.000695673;6.70298;0.0004457;0.0691216
116;0.208978;-1.00044;5.70324;1.06862;לאי.23;-0.000695691;6.70299;0.000253949;0.0693152
117;0.208978;-1.00063;5.70306;1.06881;לאי.25;-0.00069571;6.70299;6.21909e-05;0.0695088
118;0.208978;-1.00083;5.70287;1.06901;לאי.27;-0.000695728;6.703;-0.000129574;0.0697024
119;0.208978;-1.00102;5.70268;1.0692;לאי.29;-0.000695746;6.703;-0.000321345;0.069896
120;0.208977;-1.00121;5.70249;1.06939;5.77309;-0.000695765;6.703;-0.000513122;0.0700896
121;0.208977;-1.0014;לאי.23;1.06959;5.77329;-0.000695783;6.70301;-0.000704906;0.0702832
122;0.208977;-1.00159;5.70211;1.06978;5.77349;-0.000695801;6.70301;-0.000896697;0.0704768
123;0.208977;-1.00178;5.70192;1.06997;5.77368;-0.000695819;6.70301;-0.00108849;0.0706704
124;0.208976;-1.00198;5.70173;1.07017;5.77388;-0.000695837;6.70301;-0.0012803;0.070864
125;0.208976;-1.00217;5.70154;1.07036;5.77407;-0.000695855;6.70302;-0.0014721;0.0710576
126;0.208976;-1.00236;5.70135;1.07056;5.77427;-0.000695873;6.70302;-0.00166392;0.0712512
127;0.208975;-1.00255;5.70116;1.07075;5.77446;-0.000695891;6.70302;-0.00185574;0.0714449
128;0.208975;-1.00274;5.70097;1.07094;5.77466;-0.000695909;6.70302;-0.00204756;0.0716385
129;0.208975;-1.00294;5.70078;1.07114;5.77485;-0.000695927;6.70302;-0.0022394;0.0718321
130;0.208975;-1.00313;5.70059;1.07133;5.77505;-0.000695945;6.70302;-0.00243123;0.0720257
131;0.208974;-1.00332;לאי.04;1.07152;5.77524;-0.000695963;6.70302;-0.00262308;0.0722194
132;0.208974;-1.00351;5.70021;1.07172;5.77544;-0.000695981;6.70302;-0.00281492;0.072413
133;0.208974;-1.0037;5.70002;1.07191;5.77563;-0.000695999;6.70303;-0.00300678;0.0726066
134;0.208973;-1.00389;5.69983;1.0721;5.77583;-0.000696016;6.70303;-0.00319864;0.0728003
135;0.208973;-1.00409;5.69964;1.0723;5.77602;-0.000696034;6.70303;-0.0033905;0.0729939
136;0.208973;-1.00428;5.69944;1.07249;5.77621;-0.000696052;6.70303;-0.00358237;0.0731876
137;0.208973;-1.00447;5.69925;1.07269;5.77641;-0.00069607;6.70303;-0.00377425;0.0733812
138;0.208972;-1.00466;5.69906;1.07288;לאי.66;-0.000696088;6.70303;-0.00396613;0.0735749
139;0.208972;-1.00485;5.69887;1.07307;לאי.68;-0.000696106;6.70303;-0.00415802;0.0737686
140;0.208972;-1.00505;5.69868;1.07327;5.77699;-0.000696123;6.70303;-0.00434991;0.0739622
141;0.208971;-1.00524;5.69849;1.07346;5.77718;-0.000696141;6.70303;-0.00454181;0.0741559
142;0.208971;-1.00543;5.69829;1.07365;5.77738;-0.000696159;6.70303;-0.00473371;0.0743496
143;0.208971;-1.00562;לאי.81;1.07385;5.77757;-0.000696177;6.70303;-0.00492562;0.0745433
144;0.20897;-1.00581;5.69791;1.07404;5.77777;-0.000696194;6.70303;-0.00511753;0.074737
145;0.20897;-1.00601;5.69772;1.07423;5.77796;-0.000696212;6.70303;-0.00530945;0.0749307
146;0.20897;-1.0062;5.69753;1.07443;5.77815;-0.00069623;6.70303;-0.00550138;0.0751243
147;0.20897;-1.00639;5.69734;1.07462;5.77835;-0.000696247;6.70303;-0.00569331;0.075318
148;0.208969;-1.00658;5.69714;1.07482;5.77854;-0.000696265;6.70303;-0.00588524;0.0755118
149;0.208969;-1.00677;5.69695;1.07501;5.77873;-0.000696283;6.70303;-0.00607718;0.0757055
150;0.208969;-1.00697;5.69676;1.0752;5.77893;-0.000696301;6.70303;-0.00626913;0.0758992
151;0.208968;-1.00716;5.69657;1.0754;5.77912;-0.000696318;6.70303;-0.00646108;0.0760929
152;0.208968;-1.00735;5.69638;1.07559;5.77932;-0.000696336;6.70303;-0.00665303;0.0762866
153;0.208968;-1.00754;5.69618;1.07578;5.77951;-0.000696353;6.70303;-0.00684499;0.0764803
154;0.208967;-1.00773;5.69599;1.07598;לאי.97;-0.000696371;6.70303;-0.00703696;0.0766741
155;0.208967;-1.00793;לאי.58;1.07617;לאי.99;-0.000696389;6.70303;-0.00722893;0.0768678
156;0.208967;-1.00812;5.69561;1.07637;5.78009;-0.000696406;6.70303;-0.00742091;0.0770616
157;0.208966;-1.00831;5.69542;1.07656;5.78028;-0.000696424;6.70303;-0.00761289;0.0772553
158;0.208966;-1.0085;5.69522;1.07675;5.78048;-0.000696442;6.70303;-0.00780488;0.077449
159;0.208966;-1.00869;5.69503;1.07695;5.78067;-0.000696459;6.70303;-0.00799687;0.0776428
160;0.208966;-1.00889;5.69484;1.07714;5.78086;-0.000696477;6.70303;-0.00818887;0.0778366
161;0.208965;-1.00908;5.69465;1.07733;5.78106;-0.000696494;6.70303;-0.00838087;0.0780303
162;0.208965;-1.00927;5.69445;1.07753;5.78125;-0.000696512;6.70303;-0.00857288;0.0782241
163;0.208965;-1.00946;5.69426;1.07772;5.78145;-0.00069653;6.70303;-0.00876489;0.0784179
164;0.208964;-1.00965;5.69407;1.07792;5.78164;-0.000696547;6.70303;-0.00895691;0.0786116
165;0.208964;-1.00985;5.69388;1.07811;5.78183;-0.000696565;6.70303;-0.00914893;0.0788054
166;0.208964;-1.01004;5.69369;1.0783;5.78203;-0.000696582;6.70303;-0.00934096;0.0789992
167;0.208963;-1.01023;5.69349;1.0785;5.78222;-0.0006966;6.70303;-0.009533;0.079193
168;0.208963;-1.01042;לאי.33;1.07869;5.78241;-0.000696617;6.70303;-0.00972504;0.0793868
169;0.208963;-1.01061;5.69311;1.07888;5.78261;-0.000696635;6.70303;-0.00991708;0.0795806
170;0.208963;-1.01081;5.69292;1.07908;לאי.28;-0.000696653;6.70303;-0.0101091;0.0797744
171;0.208962;-1.011;5.69272;1.07927;5.78299;-0.00069667;6.70303;-0.0103012;0.0799682
172;0.208962;-1.01119;5.69253;1.07947;5.78319;-0.000696688;6.70303;-0.0104932;0.080162
173;0.208962;-1.01138;5.69234;1.07966;5.78338;-0.000696705;6.70303;-0.0106853;0.0803558
174;0.208961;-1.01157;5.69215;1.07985;5.78357;-0.000696723;6.70303;-0.0108774;0.0805496
175;0.208961;-1.01177;5.69196;1.08005;5.78377;-0.00069674;6.70302;-0.0110695;0.0807435
176;0.208961;-1.01196;5.69176;1.08024;5.78396;-0.000696758;6.70302;-0.0112615;0.0809373
177;0.20896;-1.01215;5.69157;1.08043;5.78416;-0.000696775;6.70302;-0.0114536;0.0811311
178;0.20896;-1.01234;5.69138;1.08063;5.78435;-0.000696793;6.70302;-0.0116457;0.081325
179;0.20896;-1.01253;5.69119;1.08082;5.78454;-0.00069681;6.70302;-0.0118378;0.0815188
180;0.208959;-1.01273;5.69099;1.08102;5.78474;-0.000696828;6.70302;-0.0120299;0.0817127
181;0.208959;-1.01292;לאי.08;1.08121;5.78493;-0.000696845;6.70302;-0.012222;0.0819065
182;0.208959;-1.01311;5.69061;1.0814;5.78512;-0.000696863;6.70302;-0.0124141;0.0821004
183;0.208959;-1.0133;5.69042;1.0816;5.78532;-0.00069688;6.70302;-0.0126062;0.0822942
184;0.208958;-1.0135;5.69022;1.08179;5.78551;-0.000696897;6.70302;-0.0127984;0.0824881
185;0.208958;-1.01369;5.69003;1.08199;לאי.57;-0.000696915;6.70302;-0.0129905;0.082682
186;0.208958;-1.01388;5.68984;1.08218;לאי.59;-0.000696932;6.70302;-0.0131826;0.0828759
187;0.208957;-1.01407;5.68965;1.08237;5.78609;-0.00069695;6.70302;-0.0133748;0.0830697
188;0.208957;-1.01426;5.68946;1.08257;5.78629;-0.000696967;6.70302;-0.0135669;0.0832636
189;0.208957;-1.01446;5.68926;1.08276;5.78648;-0.000696985;6.70302;-0.0137591;0.0834575
190;0.208956;-1.01465;5.68907;1.08295;5.78667;-0.000697002;6.70302;-0.0139512;0.0836514
191;0.208956;-1.01484;5.68888;1.08315;5.78687;-0.000697019;6.70302;-0.0141434;0.0838453
192;0.208956;-1.01503;5.68869;1.08334;5.78706;-0.000697037;6.70302;-0.0143355;0.0840392
193;0.208956;-1.01522;5.68849;1.08354;5.78725;-0.000697054;6.70302;-0.0145277;0.0842331
194;0.208955;-1.01542;לאי.83;1.08373;5.78745;-0.000697072;6.70302;-0.0147199;0.084427
195;0.208955;-1.01561;5.68811;1.08392;5.78764;-0.000697089;6.70302;-0.014912;0.0846209
196;0.208955;-1.0158;5.68792;1.08412;5.78784;-0.000697106;6.70302;-0.0151042;0.0848149
197;0.208954;-1.01599;5.68772;1.08431;5.78803;-0.000697124;6.70302;-0.0152964;0.0850088
198;0.208954;-1.01619;5.68753;1.08451;5.78822;-0.000697141;6.70302;-0.0154886;0.0852027
199;0.208954;-1.01638;5.68734;1.0847;5.78842;-0.000697158;6.70302;-0.0156808;0.0853967
200;0.208953;-1.01657;5.68715;1.08489;5.78861;-0.000697176;6.70302;-0.015873;0.0855906
201;0.208953;-1.01676;5.68695;1.08509;לאי.88;-0.000697193;6.70302;-0.0160652;0.0857845
202;0.208953;-1.01695;5.68676;1.08528;5.789;-0.000697211;6.70302;-0.0162574;0.0859785
203;0.208952;-1.01715;5.68657;1.08548;5.78919;-0.000697228;6.70302;-0.0164497;0.0861724
204;0.208952;-1.01734;5.68638;1.08567;5.78939;-0.000697245;6.70302;-0.0166419;0.0863664
205;0.208952;-1.01753;5.68618;1.08586;5.78958;-0.000697262;6.70302;-0.0168341;0.0865604
206;0.208952;-1.01772;5.68599;1.08606;5.78977;-0.00069728;6.70302;-0.0170263;0.0867543
207;0.208951;-1.01792;לאי.58;1.08625;5.78997;-0.000697297;6.70302;-0.0172186;0.0869483
208;0.208951;-1.01811;5.68561;1.08644;5.79016;-0.000697314;6.70302;-0.0174108;0.0871423
209;0.208951;-1.0183;5.68541;1.08664;5.79035;-0.000697332;6.70302;-0.0176031;0.0873362
210;0.20895;-1.01849;5.68522;1.08683;5.79055;-0.000697349;6.70302;-0.0177953;0.0875302
211;0.20895;-1.01868;5.68503;1.08703;5.79074;-0.000697366;6.70302;-0.0179876;0.0877242
212;0.20895;-1.01888;5.68484;1.08722;5.79094;-0.000697384;6.70302;-0.0181799;0.0879182
213;0.208949;-1.01907;5.68464;1.08741;5.79113;-0.000697401;6.70302;-0.0183721;0.0881122
214;0.208949;-1.01926;5.68445;1.08761;5.79132;-0.000697418;6.70302;-0.0185644;0.0883062
215;0.208949;-1.01945;5.68426;1.0878;5.79152;-0.000697435;6.70302;-0.0187567;0.0885002
216;0.208949;-1.01965;5.68407;1.088;5.79171;-0.000697453;6.70302;-0.018949;0.0886942
217;0.208948;-1.01984;5.68387;1.08819;לאי.19;-0.00069747;6.70302;-0.0191413;0.0888882
218;0.208948;-1.02003;5.68368;1.08838;לאי.21;-0.000697487;6.70302;-0.0193336;0.0890823
219;0.208948;-1.02022;5.68349;1.08858;5.79229;-0.000697504;6.70302;-0.0195259;0.0892763
220;0.208947;-1.02042;לאי.33;1.08877;5.79249;-0.000697522;6.70302;-0.0197182;0.0894703
221;0.208947;-1.02061;לאי.31;1.08897;5.79268;-0.000697539;6.70301;-0.0199105;0.0896643
222;0.208947;-1.0208;5.68291;1.08916;5.79287;-0.000697556;6.70301;-0.0201028;0.0898584
223;0.208946;-1.02099;5.68272;1.08935;5.79307;-0.000697573;6.70301;-0.0202951;0.0900524
224;0.208946;-1.02119;5.68253;1.08955;5.79326;-0.00069759;6.70301;-0.0204874;0.0902465
225;0.208946;-1.02138;5.68233;1.08974;5.79345;-0.000697608;6.70301;-0.0206798;0.0904405
226;0.208946;-1.02157;5.68214;1.08994;5.79365;-0.000697625;6.70301;-0.0208721;0.0906346
227;0.208945;-1.02176;5.68195;1.09013;5.79384;-0.000697642;6.70301;-0.0210644;0.0908286
228;0.208945;-1.02195;5.68176;1.09033;5.79404;-0.000697659;6.70301;-0.0212568;0.0910227
229;0.208945;-1.02215;5.68156;1.09052;5.79423;-0.000697676;6.70301;-0.0214491;0.0912168
230;0.208944;-1.02234;5.68137;1.09071;5.79442;-0.000697693;6.70301;-0.0216415;0.0914108
231;0.208944;-1.02253;5.68118;1.09091;5.79462;-0.000697711;6.70301;-0.0218339;0.0916049
232;0.208944;-1.02272;5.68099;1.0911;5.79481;-0.000697728;6.70301;-0.0220262;0.091799
233;0.208943;-1.02292;5.68079;1.0913;5.79501;-0.000697745;6.70301;-0.0222186;0.0919931
234;0.208943;-1.02311;לאי.06;1.09149;לאי.52;-0.000697762;6.70301;-0.022411;0.0921872
235;0.208943;-1.0233;5.68041;1.09168;5.79539;-0.000697779;6.70301;-0.0226034;0.0923813
236;0.208942;-1.02349;5.68022;1.09188;5.79559;-0.000697796;6.70301;-0.0227957;0.0925754
237;0.208942;-1.02369;5.68002;1.09207;5.79578;-0.000697813;6.70301;-0.0229881;0.0927695
238;0.208942;-1.02388;5.67983;1.09227;5.79597;-0.000697831;6.70301;-0.0231805;0.0929636
239;0.208942;-1.02407;5.67964;1.09246;5.79617;-0.000697848;6.70301;-0.0233729;0.0931577
240;0.208941;-1.02426;5.67945;1.09265;5.79636;-0.000697865;6.70301;-0.0235653;0.0933518
241;0.208941;-1.02446;5.67925;1.09285;5.79656;-0.000697882;6.70301;-0.0237577;0.0935459
242;0.208941;-1.02465;5.67906;1.09304;5.79675;-0.000697899;6.70301;-0.0239502;0.0937401
243;0.20894;-1.02484;5.67887;1.09324;5.79694;-0.000697916;6.70301;-0.0241426;0.0939342
244;0.20894;-1.02503;5.67867;1.09343;5.79714;-0.000697933;6.70301;-0.024335;0.0941283
245;0.20894;-1.02523;5.67848;1.09362;5.79733;-0.00069795;6.70301;-0.0245274;0.0943225
246;0.208939;-1.02542;5.67829;1.09382;5.79753;-0.000697967;6.70301;-0.0247199;0.0945166
247;0.208939;-1.02561;לאי.81;1.09401;5.79772;-0.000697984;6.70301;-0.0249123;0.0947108
248;0.208939;-1.0258;לאי.79;1.09421;5.79791;-0.000698001;6.70301;-0.0251048;0.0949049
249;0.208939;-1.026;5.67771;1.0944;5.79811;-0.000698019;6.70301;-0.0252972;0.0950991
250;0.208938;-1.02619;5.67752;1.0946;לאי.83;-0.000698036;6.70301;-0.0254897;0.0952932
251;0.208938;-1.02638;5.67733;1.09479;לאי.85;-0.000698053;6.70301;-0.0256821;0.0954874
252;0.208938;-1.02657;5.67713;1.09498;5.79869;-0.00069807;6.70301;-0.0258746;0.0956816
253;0.208937;-1.02677;5.67694;1.09518;5.79888;-0.000698087;6.70301;-0.0260671;0.0958757
254;0.208937;-1.02696;5.67675;1.09537;5.79908;-0.000698104;6.70301;-0.0262596;0.0960699
255;0.208937;-1.02715;5.67655;1.09557;5.79927;-0.000698121;6.70301;-0.026452;0.0962641
256;0.208936;-1.02734;5.67636;1.09576;5.79947;-0.000698138;6.70301;-0.0266445;0.0964583
257;0.208936;-1.02754;5.67617;1.09595;5.79966;-0.000698155;6.70301;-0.026837;0.0966525
258;0.208936;-1.02773;5.67598;1.09615;5.79985;-0.000698172;6.70301;-0.0270295;0.0968467
259;0.208935;-1.02792;5.67578;1.09634;5.80005;-0.000698189;6.70301;-0.027222;0.0970409
260;0.208935;-1.02811;5.67559;1.09654;5.80024;-0.000698206;6.70301;-0.0274145;0.0972351
261;0.208935;-1.02831;לאי.54;1.09673;5.80043;-0.000698223;6.70301;-0.027607;0.0974293
262;0.208935;-1.0285;5.67521;1.09693;5.80063;-0.00069824;6.70301;-0.0277996;0.0976235
263;0.208934;-1.02869;5.67501;1.09712;5.80082;-0.000698257;6.70301;-0.0279921;0.0978177
264;0.208934;-1.02888;5.67482;1.09731;5.80102;-0.000698274;6.703;-0.0281846;0.098012
265;0.208934;-1.02908;5.67463;1.09751;5.80121;-0.000698291;6.703;-0.0283771;0.0982062
266;0.208933;-1.02927;5.67443;1.0977;לאי.14;-0.000698307;6.703;-0.0285697;0.0984004
267;0.208933;-1.02946;5.67424;1.0979;לאי.16;-0.000698324;6.703;-0.0287622;0.0985947
268;0.208933;-1.02965;5.67405;1.09809;5.80179;-0.000698341;6.703;-0.0289548;0.0987889
269;0.208932;-1.02985;5.67386;1.09828;5.80199;-0.000698358;6.703;-0.0291473;0.0989831
270;0.208932;-1.03004;5.67366;1.09848;5.80218;-0.000698375;6.703;-0.0293399;0.0991774
271;0.208932;-1.03023;5.67347;1.09867;5.80237;-0.000698392;6.703;-0.0295324;0.0993716
272;0.208932;-1.03042;5.67328;1.09887;5.80257;-0.000698409;6.703;-0.029725;0.0995659
273;0.208931;-1.03062;5.67309;1.09906;5.80276;-0.000698426;6.703;-0.0299176;0.0997602
274;0.208931;-1.03081;5.67289;1.09926;5.80296;-0.000698443;6.703;-0.0301102;0.0999544
275;0.208931;-1.031;לאי.27;1.09945;5.80315;-0.00069846;6.703;-0.0303027;0.100149
276;0.20893;-1.03119;5.67251;1.09964;5.80334;-0.000698477;6.703;-0.0304953;0.100343
277;0.20893;-1.03139;5.67231;1.09984;5.80354;-0.000698494;6.703;-0.0306879;0.100537
278;0.20893;-1.03158;5.67212;1.10003;5.80373;-0.00069851;6.703;-0.0308805;0.100732
279;0.208929;-1.03177;5.67193;1.10023;5.80393;-0.000698527;6.703;-0.0310731;0.100926
280;0.208929;-1.03196;5.67174;1.10042;5.80412;-0.000698544;6.703;-0.0312657;0.10112
281;0.208929;-1.03216;5.67154;1.10062;5.80432;-0.000698561;6.703;-0.0314583;0.101314
282;0.208929;-1.03235;5.67135;1.10081;5.80451;-0.000698578;6.703;-0.0316509;0.101509
283;0.208928;-1.03254;5.67116;1.101;לאי.47;-0.000698595;6.703;-0.0318436;0.101703
284;0.208928;-1.03273;5.67096;1.1012;לאי.49;-0.000698612;6.703;-0.0320362;0.101897
285;0.208928;-1.03293;5.67077;1.10139;5.80509;-0.000698628;6.703;-0.0322288;0.102092
286;0.208927;-1.03312;5.67058;1.10159;5.80529;-0.000698645;6.703;-0.0324215;0.102286
287;0.208927;-1.03331;5.67039;1.10178;5.80548;-0.000698662;6.703;-0.0326141;0.10248
288;0.208927;-1.03351;5.67019;1.10198;5.80567;-0.000698679;6.703;-0.0328068;0.102675
289;0.208926;-1.0337;לאי.67;1.10217;5.80587;-0.000698696;6.703;-0.0329994;0.102869
290;0.208926;-1.03389;5.66981;1.10236;5.80606;-0.000698713;6.703;-0.0331921;0.103063
291;0.208926;-1.03408;5.66961;1.10256;5.80626;-0.000698729;6.703;-0.0333847;0.103258
292;0.208925;-1.03428;5.66942;1.10275;5.80645;-0.000698746;6.703;-0.0335774;0.103452
293;0.208925;-1.03447;5.66923;1.10295;5.80664;-0.000698763;6.703;-0.0337701;0.103646
294;0.208925;-1.03466;5.66903;1.10314;5.80684;-0.00069878;6.703;-0.0339627;0.103841
295;0.208925;-1.03485;5.66884;1.10334;5.80703;-0.000698796;6.703;-0.0341554;0.104035
296;0.208924;-1.03505;5.66865;1.10353;5.80723;-0.000698813;6.703;-0.0343481;0.104229
297;0.208924;-1.03524;5.66846;1.10372;5.80742;-0.00069883;6.703;-0.0345408;0.104424
298;0.208924;-1.03543;5.66826;1.10392;5.80761;-0.000698847;6.703;-0.0347335;0.104618
299;0.208923;-1.03563;5.66807;1.10411;5.80781;-0.000698863;6.703;-0.0349262;0.104813
300;0.208923;-1.03582;5.66788;1.10431;5.808;-0.00069888;6.703;-0.0351189;0.105007
301;0.208923;-1.03601;5.66768;1.1045;לאי.82;-0.000698897;6.703;-0.0353116;0.105201
302;0.208922;-1.0362;5.66749;1.1047;5.80839;-0.000698914;6.703;-0.0355043;0.105396
303;0.208922;-1.0364;לאי.73;1.10489;5.80859;-0.00069893;6.703;-0.035697;0.10559
304;0.208922;-1.03659;5.66711;1.10509;5.80878;-0.000698947;6.703;-0.0358898;0.105784
305;0.208922;-1.03678;5.66691;1.10528;5.80897;-0.000698964;6.70299;-0.0360825;0.105979
306;0.208921;-1.03697;5.66672;1.10547;5.80917;-0.000698981;6.70299;-0.0362752;0.106173
307;0.208921;-1.03717;5.66653;1.10567;5.80936;-0.000698997;6.70299;-0.036468;0.106368
308;0.208921;-1.03736;5.66633;1.10586;5.80956;-0.000699014;6.70299;-0.0366607;0.106562
309;0.20892;-1.03755;5.66614;1.10606;5.80975;-0.000699031;6.70299;-0.0368535;0.106757
310;0.20892;-1.03775;5.66595;1.10625;5.80994;-0.000699047;6.70299;-0.0370462;0.106951
311;0.20892;-1.03794;5.66575;1.10645;5.81014;-0.000699064;6.70299;-0.037239;0.107145
312;0.208919;-1.03813;5.66556;1.10664;5.81033;-0.000699081;6.70299;-0.0374317;0.10734
313;0.208919;-1.03832;5.66537;1.10684;5.81053;-0.000699097;6.70299;-0.0376245;0.107534
314;0.208919;-1.03852;5.66518;1.10703;5.81072;-0.000699114;6.70299;-0.0378173;0.107729
315;0.208919;-1.03871;5.66498;1.10722;5.81092;-0.000699131;6.70299;-0.0380101;0.107923
316;0.208918;-1.0389;5.66479;1.10742;5.81111;-0.000699147;6.70299;-0.0382029;0.108118
317;0.208918;-1.03909;לאי.46;1.10761;לאי.13;-0.000699164;6.70299;-0.0383956;0.108312
318;0.208918;-1.03929;לאי.44;1.10781;לאי.15;-0.000699181;6.70299;-0.0385884;0.108507
319;0.208917;-1.03948;5.66421;1.108;5.81169;-0.000699197;6.70299;-0.0387812;0.108701
320;0.208917;-1.03967;5.66402;1.1082;5.81189;-0.000699214;6.70299;-0.038974;0.108895
321;0.208917;-1.03987;5.66382;1.10839;5.81208;-0.000699231;6.70299;-0.0391669;0.10909
322;0.208916;-1.04006;5.66363;1.10859;5.81228;-0.000699247;6.70299;-0.0393597;0.109284
323;0.208916;-1.04025;5.66344;1.10878;5.81247;-0.000699264;6.70299;-0.0395525;0.109479
324;0.208916;-1.04044;5.66324;1.10897;5.81266;-0.00069928;6.70299;-0.0397453;0.109673
325;0.208916;-1.04064;5.66305;1.10917;5.81286;-0.000699297;6.70299;-0.0399381;0.109868
326;0.208915;-1.04083;5.66286;1.10936;5.81305;-0.000699314;6.70299;-0.040131;0.110062
327;0.208915;-1.04102;5.66267;1.10956;5.81325;-0.00069933;6.70299;-0.0403238;0.110257
328;0.208915;-1.04122;5.66247;1.10975;5.81344;-0.000699347;6.70299;-0.0405167;0.110451
329;0.208914;-1.04141;5.66228;1.10995;5.81363;-0.000699363;6.70299;-0.0407095;0.110646
330;0.208914;-1.0416;5.66209;1.11014;5.81383;-0.00069938;6.70299;-0.0409024;0.11084
331;0.208914;-1.04179;5.66189;1.11034;5.81402;-0.000699397;6.70299;-0.0410952;0.111035
332;0.208913;-1.04199;לאי.17;1.11053;5.81422;-0.000699413;6.70299;-0.0412881;0.111229
333;0.208913;-1.04218;5.66151;1.11072;5.81441;-0.00069943;6.70299;-0.0414809;0.111424
334;0.208913;-1.04237;5.66131;1.11092;5.81461;-0.000699446;6.70299;-0.0416738;0.111618
335;0.208913;-1.04257;5.66112;1.11111;לאי.48;-0.000699463;6.70299;-0.0418667;0.111813
336;0.208912;-1.04276;5.66093;1.11131;5.81499;-0.000699479;6.70299;-0.0420596;0.112007
337;0.208912;-1.04295;5.66073;1.1115;5.81519;-0.000699496;6.70299;-0.0422525;0.112202
338;0.208912;-1.04314;5.66054;1.1117;5.81538;-0.000699512;6.70299;-0.0424453;0.112397
339;0.208911;-1.04334;5.66035;1.11189;5.81558;-0.000699529;6.70299;-0.0426382;0.112591
340;0.208911;-1.04353;5.66015;1.11209;5.81577;-0.000699545;6.70299;-0.0428311;0.112786
341;0.208911;-1.04372;5.65996;1.11228;5.81597;-0.000699562;6.70299;-0.0430241;0.11298
342;0.20891;-1.04392;5.65977;1.11248;5.81616;-0.000699578;6.70299;-0.043217;0.113175
343;0.20891;-1.04411;5.65958;1.11267;5.81635;-0.000699595;6.70299;-0.0434099;0.113369
344;0.20891;-1.0443;5.65938;1.11286;5.81655;-0.000699611;6.70299;-0.0436028;0.113564
345;0.20891;-1.0445;5.65919;1.11306;5.81674;-0.000699628;6.70298;-0.0437957;0.113759
346;0.208909;-1.04469;5.659;1.11325;5.81694;-0.000699644;6.70298;-0.0439887;0.113953
347;0.208909;-1.04488;לאי.88;1.11345;5.81713;-0.000699661;6.70298;-0.0441816;0.114148
348;0.208909;-1.04507;5.65861;1.11364;5.81733;-0.000699677;6.70298;-0.0443745;0.114342
349;0.208908;-1.04527;5.65842;1.11384;5.81752;-0.000699694;6.70298;-0.0445675;0.114537
350;0.208908;-1.04546;5.65822;1.11403;5.81771;-0.00069971;6.70298;-0.0447604;0.114731
351;0.208908;-1.04565;5.65803;1.11423;5.81791;-0.000699727;6.70298;-0.0449534;0.114926
352;0.208907;-1.04585;5.65784;1.11442;לאי.81;-0.000699743;6.70298;-0.0451463;0.115121
353;0.208907;-1.04604;5.65764;1.11462;לאי.83;-0.000699759;6.70298;-0.0453393;0.115315
354;0.208907;-1.04623;5.65745;1.11481;5.81849;-0.000699776;6.70298;-0.0455323;0.11551
355;0.208907;-1.04643;5.65726;1.115;5.81869;-0.000699792;6.70298;-0.0457253;0.115704
356;0.208906;-1.04662;5.65706;1.1152;5.81888;-0.000699809;6.70298;-0.0459182;0.115899
357;0.208906;-1.04681;5.65687;1.11539;5.81908;-0.000699825;6.70298;-0.0461112;0.116094
358;0.208906;-1.047;5.65668;1.11559;5.81927;-0.000699842;6.70298;-0.0463042;0.116288
359;0.208905;-1.0472;5.65648;1.11578;5.81946;-0.000699858;6.70298;-0.0464972;0.116483
360;0.208905;-1.04739;5.65629;1.11598;5.81966;-0.000699874;6.70298;-0.0466902;0.116678
361;0.208905;-1.04758;לאי.61;1.11617;5.81985;-0.000699891;6.70298;-0.0468832;0.116872
362;0.208904;-1.04778;לאי.59;1.11637;5.82005;-0.000699907;6.70298;-0.0470762;0.117067
363;0.208904;-1.04797;5.65571;1.11656;5.82024;-0.000699924;6.70298;-0.0472692;0.117262
364;0.208904;-1.04816;5.65552;1.11676;5.82044;-0.00069994;6.70298;-0.0474622;0.117456
365;0.208903;-1.04836;5.65532;1.11695;5.82063;-0.000699956;6.70298;-0.0476553;0.117651
366;0.208903;-1.04855;5.65513;1.11715;5.82082;-0.000699973;6.70298;-0.0478483;0.117846
367;0.208903;-1.04874;5.65494;1.11734;5.82102;-0.000699989;6.70298;-0.0480413;0.11804
368;0.208903;-1.04893;5.65474;1.11753;5.82121;-0.000700005;6.70298;-0.0482344;0.118235
369;0.208902;-1.04913;5.65455;1.11773;5.82141;-0.000700022;6.70298;-0.0484274;0.11843
370;0.208902;-1.04932;5.65436;1.11792;לאי.16;-0.000700038;6.70298;-0.0486204;0.118624
371;0.208902;-1.04951;5.65416;1.11812;לאי.18;-0.000700054;6.70298;-0.0488135;0.118819
372;0.208901;-1.04971;5.65397;1.11831;5.82199;-0.000700071;6.70298;-0.0490066;0.119014
373;0.208901;-1.0499;5.65378;1.11851;5.82219;-0.000700087;6.70298;-0.0491996;0.119208
374;0.208901;-1.05009;5.65358;1.1187;5.82238;-0.000700103;6.70298;-0.0493927;0.119403
375;0.208901;-1.05029;5.65339;1.1189;5.82257;-0.00070012;6.70298;-0.0495858;0.119598
376;0.2089;-1.05048;לאי.32;1.11909;5.82277;-0.000700136;6.70298;-0.0497788;0.119792
377;0.2089;-1.05067;5.653;1.11929;5.82296;-0.000700152;6.70298;-0.0499719;0.119987
378;0.2089;-1.05087;5.65281;1.11948;5.82316;-0.000700169;6.70298;-0.050165;0.120182
379;0.208899;-1.05106;5.65262;1.11968;5.82335;-0.000700185;6.70298;-0.0503581;0.120377
380;0.208899;-1.05125;5.65242;1.11987;5.82355;-0.000700201;6.70298;-0.0505512;0.120571
381;0.208899;-1.05144;5.65223;1.12007;5.82374;-0.000700217;6.70298;-0.0507443;0.120766
382;0.208898;-1.05164;5.65204;1.12026;5.82394;-0.000700234;6.70298;-0.0509374;0.120961
383;0.208898;-1.05183;5.65184;1.12046;5.82413;-0.00070025;6.70297;-0.0511305;0.121155
384;0.208898;-1.05202;5.65165;1.12065;5.82432;-0.000700266;6.70297;-0.0513236;0.12135
385;0.208898;-1.05222;5.65146;1.12084;5.82452;-0.000700282;6.70297;-0.0515167;0.121545
386;0.208897;-1.05241;5.65126;1.12104;5.82471;-0.000700299;6.70297;-0.0517098;0.12174
387;0.208897;-1.0526;5.65107;1.12123;5.82491;-0.000700315;6.70297;-0.051903;0.121934
388;0.208897;-1.0528;5.65088;1.12143;לאי.51;-0.000700331;6.70297;-0.0520961;0.122129
389;0.208896;-1.05299;5.65068;1.12162;לאי.53;-0.000700347;6.70297;-0.0522892;0.122324
390;0.208896;-1.05318;5.65049;1.12182;5.82549;-0.000700364;6.70297;-0.0524824;0.122519
391;0.208896;-1.05338;לאי.03;1.12201;5.82569;-0.00070038;6.70297;-0.0526755;0.122714
392;0.208895;-1.05357;לאי.01;1.12221;5.82588;-0.000700396;6.70297;-0.0528687;0.122908
393;0.208895;-1.05376;5.64991;1.1224;5.82608;-0.000700412;6.70297;-0.0530618;0.123103
394;0.208895;-1.05396;5.64972;1.1226;5.82627;-0.000700428;6.70297;-0.053255;0.123298
395;0.208895;-1.05415;5.64952;1.12279;5.82646;-0.000700445;6.70297;-0.0534482;0.123493
396;0.208894;-1.05434;5.64933;1.12299;5.82666;-0.000700461;6.70297;-0.0536413;0.123687
397;0.208894;-1.05453;5.64914;1.12318;5.82685;-0.000700477;6.70297;-0.0538345;0.123882
398;0.208894;-1.05473;5.64894;1.12338;5.82705;-0.000700493;6.70297;-0.0540277;0.124077
399;0.208893;-1.05492;5.64875;1.12357;5.82724;-0.000700509;6.70297;-0.0542209;0.124272
400;0.208893;-1.05511;5.64856;1.12377;5.82744;-0.000700526;6.70297;-0.0544141;0.124467
401;0.208893;-1.05531;5.64836;1.12396;5.82763;-0.000700542;6.70297;-0.0546073;0.124661
402;0.208892;-1.0555;5.64817;1.12416;5.82783;-0.000700558;6.70297;-0.0548005;0.124856
403;0.208892;-1.05569;5.64798;1.12435;5.82802;-0.000700574;6.70297;-0.0549937;0.125051
404;0.208892;-1.05589;5.64778;1.12455;5.82822;-0.00070059;6.70297;-0.0551869;0.125246
405;0.208892;-1.05608;5.64759;1.12474;5.82841;-0.000700606;6.70297;-0.0553801;0.125441
406;0.208891;-1.05627;לאי.74;1.12493;לאי.86;-0.000700622;6.70297;-0.0555733;0.125636
407;0.208891;-1.05647;לאי.72;1.12513;לאי.88;-0.000700639;6.70297;-0.0557665;0.12583
408;0.208891;-1.05666;5.64701;1.12532;5.82899;-0.000700655;6.70297;-0.0559598;0.126025
409;0.20889;-1.05685;5.64681;1.12552;5.82919;-0.000700671;6.70297;-0.056153;0.12622
410;0.20889;-1.05705;5.64662;1.12571;5.82938;-0.000700687;6.70297;-0.0563462;0.126415
411;0.20889;-1.05724;5.64643;1.12591;5.82958;-0.000700703;6.70297;-0.0565395;0.12661
412;0.208889;-1.05743;5.64623;1.1261;5.82977;-0.000700719;6.70297;-0.0567327;0.126805
413;0.208889;-1.05763;5.64604;1.1263;5.82997;-0.000700735;6.70297;-0.056926;0.126999
414;0.208889;-1.05782;5.64585;1.12649;5.83016;-0.000700751;6.70297;-0.0571192;0.127194
415;0.208889;-1.05801;5.64565;1.12669;5.83036;-0.000700767;6.70297;-0.0573125;0.127389
416;0.208888;-1.05821;5.64546;1.12688;5.83055;-0.000700783;6.70297;-0.0575058;0.127584
417;0.208888;-1.0584;5.64527;1.12708;5.83074;-0.0007008;6.70297;-0.057699;0.127779
418;0.208888;-1.05859;5.64507;1.12727;5.83094;-0.000700816;6.70297;-0.0578923;0.127974
419;0.208887;-1.05879;5.64488;1.12747;5.83113;-0.000700832;6.70297;-0.0580856;0.128169
420;0.208887;-1.05898;5.64469;1.12766;5.83133;-0.000700848;6.70296;-0.0582789;0.128364
421;0.208887;-1.05917;5.64449;1.12786;5.83152;-0.000700864;6.70296;-0.0584722;0.128559
422;0.208886;-1.05937;לאי.43;1.12805;5.83172;-0.00070088;6.70296;-0.0586655;0.128753
423;0.208886;-1.05956;5.64411;1.12825;5.83191;-0.000700896;6.70296;-0.0588587;0.128948
424;0.208886;-1.05975;5.64391;1.12844;5.83211;-0.000700912;6.70296;-0.0590521;0.129143
425;0.208886;-1.05995;5.64372;1.12864;לאי.23;-0.000700928;6.70296;-0.0592454;0.129338
426;0.208885;-1.06014;5.64352;1.12883;לאי.25;-0.000700944;6.70296;-0.0594387;0.129533
427;0.208885;-1.06033;5.64333;1.12903;5.83269;-0.00070096;6.70296;-0.059632;0.129728
428;0.208885;-1.06053;5.64314;1.12922;5.83289;-0.000700976;6.70296;-0.0598253;0.129923
429;0.208884;-1.06072;5.64294;1.12942;5.83308;-0.000700992;6.70296;-0.0600186;0.130118
430;0.208884;-1.06091;5.64275;1.12961;5.83327;-0.000701008;6.70296;-0.060212;0.130313
431;0.208884;-1.06111;5.64256;1.12981;5.83347;-0.000701024;6.70296;-0.0604053;0.130508
432;0.208883;-1.0613;5.64236;ÿםג.13;5.83366;-0.00070104;6.70296;-0.0605987;0.130703
433;0.208883;-1.06149;5.64217;1.1302;5.83386;-0.000701056;6.70296;-0.060792;0.130898
434;0.208883;-1.06169;5.64198;1.13039;5.83405;-0.000701072;6.70296;-0.0609853;0.131093
435;0.208883;-1.06188;5.64178;1.13059;5.83425;-0.000701088;6.70296;-0.0611787;0.131287
436;0.208882;-1.06207;5.64159;1.13078;5.83444;-0.000701104;6.70296;-0.0613721;0.131482
437;0.208882;-1.06227;5.64139;1.13098;5.83464;-0.00070112;6.70296;-0.0615654;0.131677
438;0.208882;-1.06246;לאי.12;1.13117;5.83483;-0.000701136;6.70296;-0.0617588;0.131872
439;0.208881;-1.06265;5.64101;1.13137;5.83503;-0.000701152;6.70296;-0.0619522;0.132067
440;0.208881;-1.06285;5.64081;1.13156;5.83522;-0.000701168;6.70296;-0.0621456;0.132262
441;0.208881;-1.06304;5.64062;1.13176;5.83542;-0.000701184;6.70296;-0.0623389;0.132457
442;0.208881;-1.06323;5.64043;1.13195;5.83561;-0.0007012;6.70296;-0.0625323;0.132652
443;0.20888;-1.06343;5.64023;1.13215;5.83581;-0.000701215;6.70296;-0.0627257;0.132847
444;0.20888;-1.06362;5.64004;1.13234;5.836;-0.000701231;6.70296;-0.0629191;0.133042
445;0.20888;-1.06381;5.63985;1.13254;לאי.62;-0.000701247;6.70296;-0.0631125;0.133237
446;0.208879;-1.06401;5.63965;1.13273;5.83639;-0.000701263;6.70296;-0.0633059;0.133432
447;0.208879;-1.0642;5.63946;1.13293;5.83658;-0.000701279;6.70296;-0.0634993;0.133627
448;0.208879;-1.06439;5.63926;1.13312;5.83678;-0.000701295;6.70296;-0.0636928;0.133822
449;0.208878;-1.06459;5.63907;1.13332;5.83697;-0.000701311;6.70296;-0.0638862;0.134017
450;0.208878;-1.06478;5.63888;1.13351;5.83717;-0.000701327;6.70296;-0.0640796;0.134212
451;0.208878;-1.06497;5.63868;1.13371;5.83736;-0.000701343;6.70296;-0.064273;0.134407
452;0.208878;-1.06517;5.63849;1.1339;5.83756;-0.000701359;6.70296;-0.0644665;0.134602
453;0.208877;-1.06536;לאי.83;1.1341;5.83775;-0.000701374;6.70296;-0.0646599;0.134797
454;0.208877;-1.06555;לאי.81;1.13429;5.83795;-0.00070139;6.70296;-0.0648533;0.134992
455;0.208877;-1.06575;5.63791;1.13449;5.83814;-0.000701406;6.70296;-0.0650468;0.135187
456;0.208876;-1.06594;5.63771;1.13468;5.83834;-0.000701422;6.70295;-0.0652403;0.135382
457;0.208876;-1.06614;5.63752;1.13488;5.83853;-0.000701438;6.70295;-0.0654337;0.135577
458;0.208876;-1.06633;5.63733;1.13507;5.83873;-0.000701454;6.70295;-0.0656272;0.135773
459;0.208875;-1.06652;5.63713;1.13527;5.83892;-0.00070147;6.70295;-0.0658206;0.135968
460;0.208875;-1.06672;5.63694;1.13546;5.83912;-0.000701485;6.70295;-0.0660141;0.136163
461;0.208875;-1.06691;5.63675;1.13566;5.83931;-0.000701501;6.70295;-0.0662076;0.136358
462;0.208875;-1.0671;5.63655;1.13585;5.83951;-0.000701517;6.70295;-0.0664011;0.136553
463;0.208874;-1.0673;5.63636;1.13605;לאי.97;-0.000701533;6.70295;-0.0665946;0.136748
464;0.208874;-1.06749;5.63616;1.13624;לאי.99;-0.000701549;6.70295;-0.066788;0.136943
465;0.208874;-1.06768;5.63597;1.13644;5.84009;-0.000701564;6.70295;-0.0669815;0.137138
466;0.208873;-1.06788;5.63578;1.13663;5.84029;-0.00070158;6.70295;-0.067175;0.137333
467;0.208873;-1.06807;5.63558;1.13683;5.84048;-0.000701596;6.70295;-0.0673685;0.137528
468;0.208873;-1.06826;5.63539;1.13702;5.84067;-0.000701612;6.70295;-0.0675621;0.137723
469;0.208873;-1.06846;לאי.52;1.13722;5.84087;-0.000701628;6.70295;-0.0677556;0.137918
470;0.208872;-1.06865;5.635;1.13741;5.84106;-0.000701643;6.70295;-0.0679491;0.138113
471;0.208872;-1.06884;5.63481;1.13761;5.84126;-0.000701659;6.70295;-0.0681426;0.138309
472;0.208872;-1.06904;5.63461;1.1378;5.84145;-0.000701675;6.70295;-0.0683361;0.138504
473;0.208871;-1.06923;5.63442;1.138;5.84165;-0.000701691;6.70295;-0.0685297;0.138699
474;0.208871;-1.06942;5.63423;1.13819;5.84184;-0.000701706;6.70295;-0.0687232;0.138894
475;0.208871;-1.06962;5.63403;1.13839;5.84204;-0.000701722;6.70295;-0.0689168;0.139089
476;0.20887;-1.06981;5.63384;1.13858;5.84223;-0.000701738;6.70295;-0.0691103;0.139284
477;0.20887;-1.07001;5.63365;1.13878;5.84243;-0.000701754;6.70295;-0.0693039;0.139479
478;0.20887;-1.0702;5.63345;1.13897;5.84262;-0.000701769;6.70295;-0.0694974;0.139674
479;0.20887;-1.07039;5.63326;1.13917;5.84282;-0.000701785;6.70295;-0.069691;0.139869
480;0.208869;-1.07059;5.63306;1.13936;5.84301;-0.000701801;6.70295;-0.0698845;0.140065
481;0.208869;-1.07078;5.63287;1.13956;5.84321;-0.000701817;6.70295;-0.0700781;0.14026
482;0.208869;-1.07097;5.63268;1.13975;לאי.34;-0.000701832;6.70295;-0.0702717;0.140455
483;0.208868;-1.07117;5.63248;1.13995;לאי.36;-0.000701848;6.70295;-0.0704653;0.14065
484;0.208868;-1.07136;5.63229;1.14014;5.84379;-0.000701864;6.70295;-0.0706588;0.140845
485;0.208868;-1.07155;5.63209;1.14034;5.84399;-0.000701879;6.70295;-0.0708524;0.14104
486;0.208868;-1.07175;לאי.19;1.14053;5.84418;-0.000701895;6.70295;-0.071046;0.141236
487;0.208867;-1.07194;5.63171;1.14073;5.84438;-0.000701911;6.70295;-0.0712396;0.141431
488;0.208867;-1.07214;5.63151;1.14092;5.84457;-0.000701926;6.70295;-0.0714332;0.141626
489;0.208867;-1.07233;5.63132;1.14112;5.84477;-0.000701942;6.70295;-0.0716268;0.141821
490;0.208866;-1.07252;5.63112;1.14131;5.84496;-0.000701958;6.70295;-0.0718204;0.142016
491;0.208866;-1.07272;5.63093;1.14151;5.84516;-0.000701973;6.70294;-0.0720141;0.142211
492;0.208866;-1.07291;5.63074;1.1417;5.84535;-0.000701989;6.70294;-0.0722077;0.142407
493;0.208865;-1.0731;5.63054;1.1419;5.84555;-0.000702005;6.70294;-0.0724013;0.142602
494;0.208865;-1.0733;5.63035;1.14209;5.84574;-0.00070202;6.70294;-0.0725949;0.142797
495;0.208865;-1.07349;5.63016;1.14229;5.84594;-0.000702036;6.70294;-0.0727886;0.142992
496;0.208865;-1.07368;5.62996;1.14249;5.84613;-0.000702052;6.70294;-0.0729822;0.143187
497;0.208864;-1.07388;5.62977;1.14268;5.84633;-0.000702067;6.70294;-0.0731758;0.143383
498;0.208864;-1.07407;5.62957;1.14288;5.84652;-0.000702083;6.70294;-0.0733695;0.143578
499;0.208864;-1.07427;5.62938;1.14307;5.84672;-0.000702099;6.70294;-0.0735631;0.143773
500;0.208863;-1.07446;5.62919;1.14327;5.84691;-0.000702114;6.70294;-0.0737568;0.143968
501;0.208863;-1.07465;5.62899;1.14346;5.84711;-0.00070213;6.70294;-0.0739505;0.144163
502;0.208863;-1.07485;לאי.88;1.14366;לאי.73;-0.000702145;6.70294;-0.0741441;0.144359
503;0.208863;-1.07504;לאי.86;1.14385;לאי.75;-0.000702161;6.70294;-0.0743378;0.144554
504;0.208862;-1.07523;5.62841;1.14405;5.84769;-0.000702177;6.70294;-0.0745315;0.144749
505;0.208862;-1.07543;5.62822;1.14424;5.84789;-0.000702192;6.70294;-0.0747252;0.144944
506;0.208862;-1.07562;5.62802;1.14444;5.84808;-0.000702208;6.70294;-0.0749188;0.14514
507;0.208861;-1.07581;5.62783;1.14463;5.84828;-0.000702223;6.70294;-0.0751125;0.145335
508;0.208861;-1.07601;5.62763;1.14483;5.84847;-0.000702239;6.70294;-0.0753062;0.14553
509;0.208861;-1.0762;5.62744;1.14502;5.84867;-0.000702254;6.70294;-0.0754999;0.145725
510;0.20886;-1.0764;5.62725;1.14522;5.84886;-0.00070227;6.70294;-0.0756936;0.145921
511;0.20886;-1.07659;5.62705;1.14541;5.84905;-0.000702286;6.70294;-0.0758873;0.146116
512;0.20886;-1.07678;5.62686;1.14561;5.84925;-0.000702301;6.70294;-0.076081;0.146311
513;0.20886;-1.07698;5.62666;1.1458;5.84944;-0.000702317;6.70294;-0.0762748;0.146506
514;0.208859;-1.07717;5.62647;1.146;5.84964;-0.000702332;6.70294;-0.0764685;0.146702
515;0.208859;-1.07736;5.62628;1.14619;5.84983;-0.000702348;6.70294;-0.0766622;0.146897
516;0.208859;-1.07756;5.62608;1.14639;5.85003;-0.000702363;6.70294;-0.0768559;0.147092
517;0.208858;-1.07775;5.62589;1.14659;5.85022;-0.000702379;6.70294;-0.0770497;0.147288
518;0.208858;-1.07795;5.62569;1.14678;5.85042;-0.000702394;6.70294;-0.0772434;0.147483
519;0.208858;-1.07814;לאי.55;1.14698;5.85061;-0.00070241;6.70294;-0.0774372;0.147678
520;0.208858;-1.07833;5.62531;1.14717;5.85081;-0.000702425;6.70294;-0.0776309;0.147873
521;0.208857;-1.07853;5.62511;1.14737;5.851;-0.000702441;6.70294;-0.0778247;0.148069
522;0.208857;-1.07872;5.62492;1.14756;לאי.12;-0.000702456;6.70294;-0.0780184;0.148264
523;0.208857;-1.07891;5.62472;1.14776;5.85139;-0.000702472;6.70294;-0.0782122;0.148459
524;0.208856;-1.07911;5.62453;1.14795;5.85159;-0.000702487;6.70294;-0.078406;0.148655
525;0.208856;-1.0793;5.62434;1.14815;5.85178;-0.000702503;6.70293;-0.0785997;0.14885
526;0.208856;-1.0795;5.62414;1.14834;5.85198;-0.000702518;6.70293;-0.0787935;0.149045
527;0.208855;-1.07969;5.62395;1.14854;5.85218;-0.000702534;6.70293;-0.0789873;0.149241
528;0.208855;-1.07988;5.62375;1.14873;5.85237;-0.000702549;6.70293;-0.0791811;0.149436
529;0.208855;-1.08008;5.62356;1.14893;5.85257;-0.000702565;6.70293;-0.0793749;0.149631
530;0.208855;-1.08027;5.62336;1.14912;5.85276;-0.00070258;6.70293;-0.0795686;0.149827
531;0.208854;-1.08047;5.62317;1.14932;5.85296;-0.000702595;6.70293;-0.0797624;0.150022
532;0.208854;-1.08066;5.62298;1.14951;5.85315;-0.000702611;6.70293;-0.0799563;0.150217
533;0.208854;-1.08085;5.62278;1.14971;5.85335;-0.000702626;6.70293;-0.0801501;0.150413
534;0.208853;-1.08105;5.62259;1.14991;5.85354;-0.000702642;6.70293;-0.0803439;0.150608
535;0.208853;-1.08124;5.62239;1.1501;5.85374;-0.000702657;6.70293;-0.0805377;0.150803
536;0.208853;-1.08143;לאי.22;1.1503;5.85393;-0.000702673;6.70293;-0.0807315;0.150999
537;0.208853;-1.08163;5.62201;1.15049;5.85413;-0.000702688;6.70293;-0.0809253;0.151194
538;0.208852;-1.08182;5.62181;1.15069;5.85432;-0.000702703;6.70293;-0.0811192;0.15139
539;0.208852;-1.08202;5.62162;1.15088;5.85452;-0.000702719;6.70293;-0.081313;0.151585
540;0.208852;-1.08221;5.62142;1.15108;5.85471;-0.000702734;6.70293;-0.0815068;0.15178
541;0.208851;-1.0824;5.62123;1.15127;5.85491;-0.00070275;6.70293;-0.0817007;0.151976
542;0.208851;-1.0826;5.62104;1.15147;לאי.51;-0.000702765;6.70293;-0.0818945;0.152171
543;0.208851;-1.08279;5.62084;1.15166;לאי.53;-0.00070278;6.70293;-0.0820884;0.152366
544;0.208851;-1.08299;5.62065;1.15186;5.85549;-0.000702796;6.70293;-0.0822822;0.152562
545;0.20885;-1.08318;5.62045;1.15205;5.85569;-0.000702811;6.70293;-0.0824761;0.152757
546;0.20885;-1.08337;5.62026;1.15225;5.85588;-0.000702826;6.70293;-0.08267;0.152953
547;0.20885;-1.08357;5.62006;1.15245;5.85608;-0.000702842;6.70293;-0.0828638;0.153148
548;0.208849;-1.08376;5.61987;1.15264;5.85627;-0.000702857;6.70293;-0.0830577;0.153343
549;0.208849;-1.08395;5.61968;1.15284;5.85647;-0.000702872;6.70293;-0.0832516;0.153539
550;0.208849;-1.08415;5.61948;1.15303;5.85666;-0.000702888;6.70293;-0.0834455;0.153734
551;0.208848;-1.08434;5.61929;1.15323;5.85686;-0.000702903;6.70293;-0.0836394;0.15393
552;0.208848;-1.08454;5.61909;1.15342;5.85705;-0.000702919;6.70293;-0.0838333;0.154125
553;0.208848;-1.08473;לאי.89;1.15362;5.85725;-0.000702934;6.70293;-0.0840272;0.154321
554;0.208848;-1.08492;5.61871;1.15381;5.85744;-0.000702949;6.70293;-0.0842211;0.154516
555;0.208847;-1.08512;5.61851;1.15401;5.85764;-0.000702964;6.70293;-0.084415;0.154711
556;0.208847;-1.08531;5.61832;1.1542;5.85783;-0.00070298;6.70293;-0.0846089;0.154907
557;0.208847;-1.08551;5.61812;1.1544;5.85803;-0.000702995;6.70293;-0.0848028;0.155102
558;0.208846;-1.0857;5.61793;1.15459;5.85822;-0.00070301;6.70293;-0.0849967;0.155298
559;0.208846;-1.08589;5.61773;1.15479;5.85842;-0.000703026;6.70292;-0.0851906;0.155493
560;0.208846;-1.08609;5.61754;1.15499;5.85861;-0.000703041;6.70292;-0.0853846;0.155689
561;0.208846;-1.08628;5.61735;1.15518;5.85881;-0.000703056;6.70292;-0.0855785;0.155884
562;0.208845;-1.08648;5.61715;1.15538;5.859;-0.000703072;6.70292;-0.0857725;0.15608
563;0.208845;-1.08667;5.61696;1.15557;לאי.92;-0.000703087;6.70292;-0.0859664;0.156275
564;0.208845;-1.08686;5.61676;1.15577;5.85939;-0.000703102;6.70292;-0.0861603;0.156471
565;0.208844;-1.08706;5.61657;1.15596;5.85959;-0.000703117;6.70292;-0.0863543;0.156666
566;0.208844;-1.08725;5.61637;1.15616;5.85978;-0.000703133;6.70292;-0.0865483;0.156862
567;0.208844;-1.08745;5.61618;1.15635;5.85998;-0.000703148;6.70292;-0.0867422;0.157057
568;0.208844;-1.08764;5.61599;1.15655;5.86017;-0.000703163;6.70292;-0.0869362;0.157252
569;0.208843;-1.08783;5.61579;1.15674;5.86037;-0.000703178;6.70292;-0.0871301;0.157448
570;0.208843;-1.08803;לאי.56;1.15694;5.86056;-0.000703194;6.70292;-0.0873241;0.157643
571;0.208843;-1.08822;לאי.54;1.15714;5.86076;-0.000703209;6.70292;-0.0875181;0.157839
572;0.208842;-1.08842;5.61521;1.15733;5.86096;-0.000703224;6.70292;-0.0877121;0.158034
573;0.208842;-1.08861;5.61501;1.15753;5.86115;-0.000703239;6.70292;-0.0879061;0.15823
574;0.208842;-1.0888;5.61482;1.15772;5.86135;-0.000703254;6.70292;-0.0881001;0.158426
575;0.208842;-1.089;5.61463;1.15792;5.86154;-0.00070327;6.70292;-0.0882941;0.158621
576;0.208841;-1.08919;5.61443;1.15811;5.86174;-0.000703285;6.70292;-0.0884881;0.158817
577;0.208841;-1.08939;5.61424;1.15831;5.86193;-0.0007033;6.70292;-0.0886821;0.159012
578;0.208841;-1.08958;5.61404;1.1585;5.86213;-0.000703315;6.70292;-0.0888761;0.159208
579;0.20884;-1.08977;5.61385;1.1587;5.86232;-0.00070333;6.70292;-0.0890701;0.159403
580;0.20884;-1.08997;5.61365;1.1589;5.86252;-0.000703346;6.70292;-0.0892641;0.159599
581;0.20884;-1.09016;5.61346;1.15909;5.86271;-0.000703361;6.70292;-0.0894581;0.159794
582;0.208839;-1.09036;5.61327;1.15929;5.86291;-0.000703376;6.70292;-0.0896522;0.15999
583;0.208839;-1.09055;5.61307;1.15948;לאי.31;-0.000703391;6.70292;-0.0898462;0.160185
584;0.208839;-1.09074;5.61288;1.15968;לאי.33;-0.000703406;6.70292;-0.0900402;0.160381
585;0.208839;-1.09094;5.61268;1.15987;5.86349;-0.000703421;6.70292;-0.0902343;0.160576
586;0.208838;-1.09113;5.61249;1.16007;5.86369;-0.000703437;6.70292;-0.0904283;0.160772
587;0.208838;-1.09133;5.61229;1.16026;5.86388;-0.000703452;6.70292;-0.0906224;0.160968
588;0.208838;-1.09152;לאי.21;1.16046;5.86408;-0.000703467;6.70292;-0.0908164;0.161163
589;0.208837;-1.09171;5.61191;1.16066;5.86427;-0.000703482;6.70292;-0.0910105;0.161359
590;0.208837;-1.09191;5.61171;1.16085;5.86447;-0.000703497;6.70292;-0.0912046;0.161554
591;0.208837;-1.0921;5.61152;1.16105;5.86466;-0.000703512;6.70291;-0.0913986;0.16175
592;0.208837;-1.0923;5.61132;1.16124;5.86486;-0.000703527;6.70291;-0.0915927;0.161945
593;0.208836;-1.09249;5.61113;1.16144;5.86506;-0.000703543;6.70291;-0.0917868;0.162141
594;0.208836;-1.09268;5.61093;1.16163;5.86525;-0.000703558;6.70291;-0.0919809;0.162337
595;0.208836;-1.09288;5.61074;1.16183;5.86545;-0.000703573;6.70291;-0.0921749;0.162532
596;0.208835;-1.09307;5.61054;1.16202;5.86564;-0.000703588;6.70291;-0.092369;0.162728
597;0.208835;-1.09327;5.61035;1.16222;5.86584;-0.000703603;6.70291;-0.0925631;0.162923
598;0.208835;-1.09346;5.61016;1.16242;5.86603;-0.000703618;6.70291;-0.0927572;0.163119
599;0.208835;-1.09365;5.60996;1.16261;5.86623;-0.000703633;6.70291;-0.0929513;0.163315
600;0.208834;-1.09385;5.60977;1.16281;5.86642;-0.000703648;6.70291;-0.0931454;0.16351
601;0.208834;-1.09404;5.60957;1.163;5.86662;-0.000703663;6.70291;-0.0933395;0.163706
602;0.208834;-1.09424;5.60938;1.1632;5.86681;-0.000703678;6.70291;-0.0935337;0.163901
603;0.208833;-1.09443;5.60918;1.16339;5.86701;-0.000703693;6.70291;-0.0937278;0.164097
604;0.208833;-1.09463;5.60899;1.16359;לאי.72;-0.000703708;6.70291;-0.0939219;0.164293
605;0.208833;-1.09482;5.60879;1.16378;לאי.74;-0.000703723;6.70291;-0.094116;0.164488
606;0.208833;-1.09501;לאי.86;1.16398;5.86759;-0.000703739;6.70291;-0.0943102;0.164684
607;0.208832;-1.09521;5.60841;1.16418;5.86779;-0.000703754;6.70291;-0.0945043;0.16488
608;0.208832;-1.0954;5.60821;1.16437;5.86798;-0.000703769;6.70291;-0.0946985;0.165075
609;0.208832;-1.0956;5.60802;1.16457;5.86818;-0.000703784;6.70291;-0.0948926;0.165271
610;0.208831;-1.09579;5.60782;1.16476;5.86838;-0.000703799;6.70291;-0.0950868;0.165467
611;0.208831;-1.09598;5.60763;1.16496;5.86857;-0.000703814;6.70291;-0.0952809;0.165662
612;0.208831;-1.09618;5.60743;1.16515;5.86877;-0.000703829;6.70291;-0.0954751;0.165858
613;0.208831;-1.09637;5.60724;1.16535;5.86896;-0.000703844;6.70291;-0.0956692;0.166054
614;0.20883;-1.09657;5.60704;1.16555;5.86916;-0.000703859;6.70291;-0.0958634;0.166249
615;0.20883;-1.09676;5.60685;1.16574;5.86935;-0.000703874;6.70291;-0.0960576;0.166445
616;0.20883;-1.09696;5.60666;1.16594;5.86955;-0.000703889;6.70291;-0.0962518;0.166641
617;0.208829;-1.09715;5.60646;1.16613;5.86974;-0.000703904;6.70291;-0.096446;0.166836
618;0.208829;-1.09734;5.60627;1.16633;5.86994;-0.000703919;6.70291;-0.0966401;0.167032
619;0.208829;-1.09754;5.60607;1.16652;5.87013;-0.000703934;6.70291;-0.0968343;0.167228
620;0.208829;-1.09773;5.60588;1.16672;5.87033;-0.000703949;6.70291;-0.0970285;0.167423
621;0.208828;-1.09793;5.60568;1.16692;5.87052;-0.000703964;6.70291;-0.0972227;0.167619
622;0.208828;-1.09812;5.60549;1.16711;5.87072;-0.000703979;6.70291;-0.0974169;0.167815
623;0.208828;-1.09832;5.60529;1.16731;5.87092;-0.000703994;ט‏ם.29;-0.0976111;0.16801
624;0.208827;-1.09851;לאי.51;1.1675;5.87111;-0.000704008;ט‏ם.29;-0.0978054;0.168206
625;0.208827;-1.0987;לאי.49;1.1677;5.87131;-0.000704023;ט‏ם.29;-0.0979996;0.168402
626;0.208827;-1.0989;5.60471;1.16789;לאי.15;-0.000704038;ט‏ם.29;-0.0981938;0.168598
627;0.208827;-1.09909;5.60452;1.16809;לאי.17;-0.000704053;ט‏ם.29;-0.098388;0.168793
628;0.208826;-1.09929;5.60432;1.16829;5.87189;-0.000704068;ט‏ם.29;-0.0985823;0.168989
629;0.208826;-1.09948;5.60413;1.16848;5.87209;-0.000704083;ט‏ם.29;-0.0987765;0.169185
630;0.208826;-1.09967;5.60393;1.16868;5.87228;-0.000704098;ט‏ם.29;-0.0989707;0.169381
631;0.208825;-1.09987;5.60374;1.16887;5.87248;-0.000704113;ט‏ם.29;-0.099165;0.169576
632;0.208825;-1.10006;5.60354;1.16907;5.87267;-0.000704128;ט‏ם.29;-0.0993592;0.169772
633;0.208825;-1.10026;5.60335;1.16926;5.87287;-0.000704143;ט‏ם.29;-0.0995535;0.169968
634;0.208825;-1.10045;5.60315;1.16946;5.87306;-0.000704158;ט‏ם.29;-0.0997477;0.170164
635;0.208824;-1.10065;5.60296;1.16966;5.87326;-0.000704173;ט‏ם.29;-0.099942;0.170359
636;0.208824;-1.10084;5.60276;1.16985;5.87346;-0.000704187;ט‏ם.29;-0.100136;0.170555
637;0.208824;-1.10103;5.60257;1.17005;5.87365;-0.000704202;ט‏ם.29;-0.100331;0.170751
638;0.208823;-1.10123;5.60238;1.17024;5.87385;-0.000704217;ט‏ם.29;-0.100525;0.170947
639;0.208823;-1.10142;5.60218;1.17044;5.87404;-0.000704232;ט‏ם.29;-0.100719;0.171142
640;0.208823;-1.10162;5.60199;1.17063;5.87424;-0.000704247;ט‏ם.29;-0.100913;0.171338
641;0.208823;-1.10181;5.60179;1.17083;5.87443;-0.000704262;ט‏ם.29;-0.101108;0.171534
642;0.208822;-1.10201;לאי.16;1.17103;5.87463;-0.000704277;ט‏ם.29;-0.101302;0.17173
643;0.208822;-1.1022;לאי.14;1.17122;5.87482;-0.000704292;ט‏ם.29;-0.101496;0.171925
644;0.208822;-1.10239;5.60121;1.17142;5.87502;-0.000704306;ט‏ם.29;-0.101691;0.172121
645;0.208821;-1.10259;5.60101;1.17161;5.87521;-0.000704321;ט‏ם.29;-0.101885;0.172317
646;0.208821;-1.10278;5.60082;1.17181;5.87541;-0.000704336;ט‏ם.29;-0.102079;0.172513
647;0.208821;-1.10298;5.60062;1.172;5.87561;-0.000704351;ט‏ם.29;-0.102273;0.172709
648;0.208821;-1.10317;5.60043;1.1722;לאי.58;-0.000704366;ט‏ם.29;-0.102468;0.172904
649;0.20882;-1.10337;5.60023;1.1724;5.876;-0.000704381;ט‏ם.29;-0.102662;0.1731
650;0.20882;-1.10356;5.60004;1.17259;5.87619;-0.000704395;ט‏ם.29;-0.102856;0.173296
651;0.20882;-1.10376;5.59985;1.17279;5.87639;-0.00070441;ט‏ם.29;-0.103051;0.173492
652;0.208819;-1.10395;5.59965;1.17298;5.87658;-0.000704425;ט‏ם.29;-0.103245;0.173688
653;0.208819;-1.10414;5.59946;1.17318;5.87678;-0.00070444;ט‏ם.29;-0.103439;0.173883
654;0.208819;-1.10434;5.59926;1.17337;5.87697;-0.000704455;6.70289;-0.103634;0.174079
655;0.208819;-1.10453;5.59907;1.17357;5.87717;-0.000704469;6.70289;-0.103828;0.174275
656;0.208818;-1.10473;5.59887;1.17377;5.87737;-0.000704484;6.70289;-0.104023;0.174471
657;0.208818;-1.10492;5.59868;1.17396;5.87756;-0.000704499;6.70289;-0.104217;0.174667
658;0.208818;-1.10512;5.59848;1.17416;5.87776;-0.000704514;6.70289;-0.104411;0.174863
659;0.208817;-1.10531;5.59829;1.17435;5.87795;-0.000704529;6.70289;-0.104606;0.175058
660;0.208817;-1.1055;5.59809;1.17455;5.87815;-0.000704543;6.70289;-0.1048;0.175254
661;0.208817;-1.1057;לאי.79;1.17475;5.87834;-0.000704558;6.70289;-0.104994;0.17545
662;0.208817;-1.10589;לאי.77;1.17494;5.87854;-0.000704573;6.70289;-0.105189;0.175646
663;0.208816;-1.10609;5.59751;1.17514;5.87873;-0.000704588;6.70289;-0.105383;0.175842
664;0.208816;-1.10628;5.59731;1.17533;5.87893;-0.000704602;6.70289;-0.105578;0.176038
665;0.208816;-1.10648;5.59712;1.17553;5.87913;-0.000704617;6.70289;-0.105772;0.176234
666;0.208815;-1.10667;5.59692;1.17572;5.87932;-0.000704632;6.70289;-0.105966;0.176429
667;0.208815;-1.10687;5.59673;1.17592;5.87952;-0.000704647;6.70289;-0.106161;0.176625
668;0.208815;-1.10706;5.59654;1.17612;5.87971;-0.000704661;6.70289;-0.106355;0.176821
669;0.208815;-1.10725;5.59634;1.17631;5.87991;-0.000704676;6.70289;-0.10655;0.177017
670;0.208814;-1.10745;5.59615;1.17651;לאי.01;-0.000704691;6.70289;-0.106744;0.177213
671;0.208814;-1.10764;5.59595;1.1767;לאי.03;-0.000704705;6.70289;-0.106938;0.177409
672;0.208814;-1.10784;5.59576;1.1769;5.88049;-0.00070472;6.70289;-0.107133;0.177605
673;0.208814;-1.10803;5.59556;1.1771;5.88069;-0.000704735;6.70289;-0.107327;0.177801
674;0.208813;-1.10823;5.59537;1.17729;5.88089;-0.00070475;6.70289;-0.107522;0.177997
675;0.208813;-1.10842;5.59517;1.17749;5.88108;-0.000704764;6.70289;-0.107716;0.178192
676;0.208813;-1.10862;5.59498;1.17768;5.88128;-0.000704779;6.70289;-0.107911;0.178388
677;0.208812;-1.10881;5.59478;1.17788;5.88147;-0.000704794;6.70289;-0.108105;0.178584
678;0.208812;-1.109;5.59459;1.17808;5.88167;-0.000704808;6.70289;-0.108299;0.17878
679;0.208812;-1.1092;5.59439;1.17827;5.88186;-0.000704823;6.70289;-0.108494;0.178976
680;0.208812;-1.10939;לאי.42;1.17847;5.88206;-0.000704838;6.70289;-0.108688;0.179172
681;0.208811;-1.10959;5.594;1.17866;5.88225;-0.000704852;6.70289;-0.108883;0.179368
682;0.208811;-1.10978;5.59381;1.17886;5.88245;-0.000704867;6.70289;-0.109077;0.179564
683;0.208811;-1.10998;5.59361;1.17905;5.88265;-0.000704882;6.70289;-0.109272;0.17976
684;0.20881;-1.11017;5.59342;1.17925;5.88284;-0.000704896;6.70289;-0.109466;0.179956
685;0.20881;-1.11037;5.59322;1.17945;5.88304;-0.000704911;6.70288;-0.109661;0.180152
686;0.20881;-1.11056;5.59303;1.17964;5.88323;-0.000704925;6.70288;-0.109855;0.180348
687;0.20881;-1.11075;5.59283;1.17984;5.88343;-0.00070494;6.70288;-0.11005;0.180544
688;0.208809;-1.11095;5.59264;1.18003;5.88362;-0.000704955;6.70288;-0.110244;0.18074
689;0.208809;-1.11114;5.59244;1.18023;5.88382;-0.000704969;6.70288;-0.110439;0.180936
690;0.208809;-1.11134;5.59225;1.18043;5.88401;-0.000704984;6.70288;-0.110633;0.181132
691;0.208808;-1.11153;5.59206;1.18062;5.88421;-0.000704999;6.70288;-0.110828;0.181327
692;0.208808;-1.11173;5.59186;1.18082;5.88441;-0.000705013;6.70288;-0.111022;0.181523
693;0.208808;-1.11192;5.59167;1.18101;לאי.46;-0.000705028;6.70288;-0.111217;0.181719
694;0.208808;-1.11212;5.59147;1.18121;לאי.48;-0.000705042;6.70288;-0.111411;0.181915
695;0.208807;-1.11231;5.59128;1.18141;5.88499;-0.000705057;6.70288;-0.111606;0.182111
696;0.208807;-1.11251;5.59108;1.1816;5.88519;-0.000705072;6.70288;-0.1118;0.182307
697;0.208807;-1.1127;5.59089;1.1818;5.88538;-0.000705086;6.70288;-0.111995;0.182503
698;0.208806;-1.11289;5.59069;1.18199;5.88558;-0.000705101;6.70288;-0.112189;0.182699
699;0.208806;-1.11309;לאי.05;1.18219;5.88578;-0.000705115;6.70288;-0.112384;0.182895
700;0.208806;-1.11328;לאי.03;1.18239;5.88597;-0.00070513;6.70288;-0.112578;0.183091
701;0.208806;-1.11348;5.59011;1.18258;5.88617;-0.000705144;6.70288;-0.112773;0.183287
702;0.208805;-1.11367;5.58991;1.18278;5.88636;-0.000705159;6.70288;-0.112967;0.183483
703;0.208805;-1.11387;5.58972;1.18297;5.88656;-0.000705173;6.70288;-0.113162;0.183679
704;0.208805;-1.11406;5.58952;1.18317;5.88675;-0.000705188;6.70288;-0.113357;0.183875
705;0.208805;-1.11426;5.58933;1.18337;5.88695;-0.000705203;6.70288;-0.113551;0.184071
706;0.208804;-1.11445;5.58913;1.18356;5.88715;-0.000705217;6.70288;-0.113746;0.184267
707;0.208804;-1.11465;5.58894;1.18376;5.88734;-0.000705232;6.70288;-0.11394;0.184463
708;0.208804;-1.11484;5.58874;1.18395;5.88754;-0.000705246;6.70288;-0.114135;0.184659
709;0.208803;-1.11503;5.58855;1.18415;5.88773;-0.000705261;6.70288;-0.114329;0.184856
710;0.208803;-1.11523;5.58835;1.18435;5.88793;-0.000705275;6.70288;-0.114524;0.185052
711;0.208803;-1.11542;5.58816;1.18454;5.88812;-0.00070529;6.70288;-0.114719;0.185248
712;0.208803;-1.11562;5.58796;1.18474;5.88832;-0.000705304;6.70288;-0.114913;0.185444
713;0.208802;-1.11581;5.58777;1.18493;5.88852;-0.000705319;6.70288;-0.115108;0.18564
714;0.208802;-1.11601;5.58757;1.18513;5.88871;-0.000705333;6.70288;-0.115302;0.185836
715;0.208802;-1.1162;5.58738;1.18533;5.88891;-0.000705348;6.70287;-0.115497;0.186032
716;0.208801;-1.1164;5.58718;1.18552;לאי.91;-0.000705362;6.70287;-0.115692;0.186228
717;0.208801;-1.11659;5.58699;1.18572;לאי.93;-0.000705377;6.70287;-0.115886;0.186424
718;0.208801;-1.11679;5.58679;1.18591;5.88949;-0.000705391;6.70287;-0.116081;0.18662
719;0.208801;-1.11698;לאי.66;1.18611;5.88969;-0.000705406;6.70287;-0.116276;0.186816
720;0.2088;-1.11718;לאי.64;1.18631;5.88989;-0.00070542;6.70287;-0.11647;0.187012
721;0.2088;-1.11737;5.58621;1.1865;5.89008;-0.000705435;6.70287;-0.116665;0.187208
722;0.2088;-1.11756;5.58601;1.1867;5.89028;-0.000705449;6.70287;-0.116859;0.187404
723;0.2088;-1.11776;5.58582;1.18689;5.89047;-0.000705463;6.70287;-0.117054;0.1876
724;0.208799;-1.11795;5.58562;1.18709;5.89067;-0.000705478;6.70287;-0.117249;0.187796
725;0.208799;-1.11815;5.58543;1.18729;5.89086;-0.000705492;6.70287;-0.117443;0.187993
726;0.208799;-1.11834;5.58523;1.18748;5.89106;-0.000705507;6.70287;-0.117638;0.188189
727;0.208798;-1.11854;5.58504;1.18768;5.89126;-0.000705521;6.70287;-0.117833;0.188385
728;0.208798;-1.11873;5.58484;1.18788;5.89145;-0.000705536;6.70287;-0.118027;0.188581
729;0.208798;-1.11893;5.58465;1.18807;5.89165;-0.00070555;6.70287;-0.118222;0.188777
730;0.208798;-1.11912;5.58445;1.18827;5.89184;-0.000705564;6.70287;-0.118417;0.188973
731;0.208797;-1.11932;5.58426;1.18846;5.89204;-0.000705579;6.70287;-0.118611;0.189169
732;0.208797;-1.11951;5.58406;1.18866;5.89223;-0.000705593;6.70287;-0.118806;0.189365
733;0.208797;-1.11971;5.58387;1.18886;5.89243;-0.000705608;6.70287;-0.119001;0.189561
734;0.208796;-1.1199;5.58367;1.18905;5.89263;-0.000705622;6.70287;-0.119195;0.189758
735;0.208796;-1.1201;5.58348;1.18925;5.89282;-0.000705636;6.70287;-0.11939;0.189954
736;0.208796;-1.12029;5.58328;1.18944;5.89302;-0.000705651;6.70287;-0.119585;0.19015
737;0.208796;-1.12049;5.58309;1.18964;5.89321;-0.000705665;6.70287;-0.119779;0.190346
738;0.208795;-1.12068;5.58289;1.18984;5.89341;-0.00070568;6.70287;-0.119974;0.190542
739;0.208795;-1.12087;לאי.27;1.19003;5.89361;-0.000705694;6.70287;-0.120169;0.190738
740;0.208795;-1.12107;לאי.25;1.19023;לאי.38;-0.000705708;6.70287;-0.120364;0.190934
741;0.208795;-1.12126;5.58231;1.19042;5.894;-0.000705723;6.70287;-0.120558;0.191131
742;0.208794;-1.12146;5.58211;1.19062;5.89419;-0.000705737;6.70287;-0.120753;0.191327
743;0.208794;-1.12165;5.58192;1.19082;5.89439;-0.000705751;6.70287;-0.120948;0.191523
744;0.208794;-1.12185;5.58172;1.19101;5.89458;-0.000705766;6.70287;-0.121143;0.191719
745;0.208793;-1.12204;5.58153;1.19121;5.89478;-0.00070578;6.70286;-0.121337;0.191915
746;0.208793;-1.12224;5.58133;1.19141;5.89498;-0.000705794;6.70286;-0.121532;0.192111
747;0.208793;-1.12243;5.58114;ÿםג.16;5.89517;-0.000705809;6.70286;-0.121727;0.192308
748;0.208793;-1.12263;5.58094;ÿםג.18;5.89537;-0.000705823;6.70286;-0.121921;0.192504
749;0.208792;-1.12282;5.58075;1.19199;5.89556;-0.000705837;6.70286;-0.122116;0.1927
750;0.208792;-1.12302;5.58055;1.19219;5.89576;-0.000705852;6.70286;-0.122311;0.192896
751;0.208792;-1.12321;5.58036;1.19239;5.89596;-0.000705866;6.70286;-0.122506;0.193092
752;0.208791;-1.12341;5.58016;1.19258;5.89615;-0.00070588;6.70286;-0.122701;0.193289
753;0.208791;-1.1236;5.57997;1.19278;5.89635;-0.000705895;6.70286;-0.122895;0.193485
754;0.208791;-1.1238;5.57977;1.19298;5.89654;-0.000705909;6.70286;-0.12309;0.193681
755;0.208791;-1.12399;5.57958;1.19317;5.89674;-0.000705923;6.70286;-0.123285;0.193877
756;0.20879;-1.12419;5.57938;1.19337;5.89693;-0.000705937;6.70286;-0.12348;0.194073
757;0.20879;-1.12438;5.57919;1.19356;5.89713;-0.000705952;6.70286;-0.123674;0.19427
758;0.20879;-1.12458;5.57899;1.19376;5.89733;-0.000705966;6.70286;-0.123869;0.194466
759;0.20879;-1.12477;לאי.88;1.19396;5.89752;-0.00070598;6.70286;-0.124064;0.194662
760;0.208789;-1.12496;לאי.86;1.19415;5.89772;-0.000705995;6.70286;-0.124259;0.194858
761;0.208789;-1.12516;5.57841;1.19435;5.89791;-0.000706009;6.70286;-0.124454;0.195054
762;0.208789;-1.12535;5.57821;1.19454;5.89811;-0.000706023;6.70286;-0.124648;0.195251
763;0.208788;-1.12555;5.57802;1.19474;5.89831;-0.000706037;6.70286;-0.124843;0.195447
764;0.208788;-1.12574;5.57782;1.19494;לאי.85;-0.000706052;6.70286;-0.125038;0.195643
765;0.208788;-1.12594;5.57763;1.19513;לאי.87;-0.000706066;6.70286;-0.125233;0.195839
766;0.208788;-1.12613;5.57743;1.19533;5.89889;-0.00070608;6.70286;-0.125428;0.196036
767;0.208787;-1.12633;5.57723;1.19553;5.89909;-0.000706094;6.70286;-0.125622;0.196232
768;0.208787;-1.12652;5.57704;1.19572;5.89929;-0.000706108;6.70286;-0.125817;0.196428
769;0.208787;-1.12672;5.57684;1.19592;5.89948;-0.000706123;6.70286;-0.126012;0.196624
770;0.208787;-1.12691;5.57665;1.19611;5.89968;-0.000706137;6.70286;-0.126207;0.196821
771;0.208786;-1.12711;5.57645;1.19631;5.89987;-0.000706151;6.70286;-0.126402;0.197017
772;0.208786;-1.1273;5.57626;1.19651;5.90007;-0.000706165;6.70286;-0.126597;0.197213
773;0.208786;-1.1275;5.57606;ÿםג.67;5.90026;-0.00070618;6.70286;-0.126792;0.197409
774;0.208785;-1.12769;5.57587;ÿםג.69;5.90046;-0.000706194;6.70285;-0.126986;0.197606
775;0.208785;-1.12789;5.57567;ÿםג.71;5.90066;-0.000706208;6.70285;-0.127181;0.197802
776;0.208785;-1.12808;5.57548;1.19729;5.90085;-0.000706222;6.70285;-0.127376;0.197998
777;0.208785;-1.12828;5.57528;1.19749;5.90105;-0.000706236;6.70285;-0.127571;0.198195
778;0.208784;-1.12847;5.57509;1.19768;5.90124;-0.00070625;6.70285;-0.127766;0.198391
779;0.208784;-1.12867;5.57489;1.19788;5.90144;-0.000706265;6.70285;-0.127961;0.198587
780;0.208784;-1.12886;לאי.47;1.19808;5.90164;-0.000706279;6.70285;-0.128156;0.198783
781;0.208784;-1.12906;לאי.45;1.19827;5.90183;-0.000706293;6.70285;-0.12835;0.19898
782;0.208783;-1.12925;5.57431;1.19847;5.90203;-0.000706307;6.70285;-0.128545;0.199176
783;0.208783;-1.12945;5.57411;1.19867;5.90222;-0.000706321;6.70285;-0.12874;0.199372
784;0.208783;-1.12964;5.57392;1.19886;5.90242;-0.000706335;6.70285;-0.128935;0.199569
785;0.208782;-1.12984;5.57372;1.19906;5.90262;-0.00070635;6.70285;-0.12913;0.199765
786;0.208782;-1.13003;5.57353;1.19925;5.90281;-0.000706364;6.70285;-0.129325;0.199961
787;0.208782;-1.13023;5.57333;1.19945;5.90301;-0.000706378;6.70285;-0.12952;0.200158
788;0.208782;-1.13042;5.57314;1.19965;לאי.32;-0.000706392;6.70285;-0.129715;0.200354
789;0.208781;-1.13062;5.57294;1.19984;לאי.34;-0.000706406;6.70285;-0.12991;0.20055
790;0.208781;-1.13081;5.57274;1.20004;לאי.36;-0.00070642;6.70285;-0.130105;0.200747
791;0.208781;-1.13101;5.57255;1.20024;5.90379;-0.000706434;6.70285;-0.1303;0.200943
792;0.208781;-1.1312;5.57235;1.20043;5.90399;-0.000706448;6.70285;-0.130495;0.201139
793;0.20878;-1.1314;5.57216;1.20063;5.90418;-0.000706463;6.70285;-0.130689;0.201336
794;0.20878;-1.13159;5.57196;1.20083;5.90438;-0.000706477;6.70285;-0.130884;0.201532
795;0.20878;-1.13179;5.57177;1.20102;5.90458;-0.000706491;6.70285;-0.131079;0.201728
796;0.208779;-1.13198;5.57157;1.20122;5.90477;-0.000706505;6.70285;-0.131274;0.201925
797;0.208779;-1.13218;5.57138;1.20141;5.90497;-0.000706519;6.70285;-0.131469;0.202121
798;0.208779;-1.13237;5.57118;1.20161;5.90516;-0.000706533;6.70285;-0.131664;0.202317
799;0.208779;-1.13257;5.57099;1.20181;5.90536;-0.000706547;6.70285;-0.131859;0.202514
800;0.208778;-1.13276;5.57079;1.202;5.90556;-0.000706561;6.70285;-0.132054;0.20271
801;0.208778;-1.13296;לאי.06;ÿםג.22;5.90575;-0.000706575;6.70285;-0.132249;0.202907
802;0.208778;-1.13315;לאי.04;ÿםג.24;5.90595;-0.000706589;6.70285;-0.132444;0.203103
803;0.208778;-1.13335;5.57021;1.20259;5.90614;-0.000706603;6.70284;-0.132639;0.203299
804;0.208777;-1.13354;5.57001;1.20279;5.90634;-0.000706617;6.70284;-0.132834;0.203496
805;0.208777;-1.13374;5.56982;1.20299;5.90654;-0.000706631;6.70284;-0.133029;0.203692
806;0.208777;-1.13393;5.56962;1.20318;5.90673;-0.000706645;6.70284;-0.133224;0.203889
807;0.208776;-1.13413;5.56942;1.20338;5.90693;-0.000706659;6.70284;-0.133419;0.204085
808;0.208776;-1.13432;5.56923;1.20357;5.90712;-0.000706673;6.70284;-0.133614;0.204281
809;0.208776;-1.13452;5.56903;1.20377;5.90732;-0.000706688;6.70284;-0.133809;0.204478
810;0.208776;-1.13471;5.56884;1.20397;5.90752;-0.000706702;6.70284;-0.134004;0.204674
811;0.208775;-1.13491;5.56864;1.20416;5.90771;-0.000706716;6.70284;-0.134199;0.204871
812;0.208775;-1.1351;5.56845;1.20436;5.90791;-0.00070673;6.70284;-0.134394;0.205067
813;0.208775;-1.1353;5.56825;1.20456;לאי.81;-0.000706744;6.70284;-0.134589;0.205263
814;0.208775;-1.13549;5.56806;1.20475;לאי.83;-0.000706758;6.70284;-0.134784;0.20546
815;0.208774;-1.13569;5.56786;1.20495;לאי.85;-0.000706772;6.70284;-0.134979;0.205656
816;0.208774;-1.13588;5.56767;1.20515;5.90869;-0.000706786;6.70284;-0.135174;0.205853
817;0.208774;-1.13608;5.56747;1.20534;5.90889;-0.0007068;6.70284;-0.135369;0.206049
818;0.208773;-1.13627;5.56728;1.20554;5.90908;-0.000706814;6.70284;-0.135564;0.206246
819;0.208773;-1.13647;5.56708;1.20574;5.90928;-0.000706828;6.70284;-0.135759;0.206442
820;0.208773;-1.13666;5.56688;1.20593;5.90948;-0.000706841;6.70284;-0.135954;0.206638
821;0.208773;-1.13686;5.56669;1.20613;5.90967;-0.000706855;6.70284;-0.136149;0.206835
822;0.208772;-1.13705;5.56649;1.20632;5.90987;-0.000706869;6.70284;-0.136344;0.207031
823;0.208772;-1.13725;לאי.63;1.20652;5.91007;-0.000706883;6.70284;-0.136539;0.207228
824;0.208772;-1.13744;לאי.61;1.20672;5.91026;-0.000706897;6.70284;-0.136734;0.207424
825;0.208772;-1.13764;5.56591;1.20691;5.91046;-0.000706911;6.70284;-0.13693;0.207621
826;0.208771;-1.13783;5.56571;1.20711;5.91065;-0.000706925;6.70284;-0.137125;0.207817
827;0.208771;-1.13803;5.56552;1.20731;5.91085;-0.000706939;6.70284;-0.13732;0.208014
828;0.208771;-1.13822;5.56532;ÿםג.75;5.91105;-0.000706953;6.70284;-0.137515;0.20821
829;0.208771;-1.13842;5.56513;ÿםג.77;5.91124;-0.000706967;6.70284;-0.13771;0.208407
830;0.20877;-1.13861;5.56493;ÿםג.79;5.91144;-0.000706981;6.70284;-0.137905;0.208603
831;0.20877;-1.13881;5.56473;1.20809;5.91163;-0.000706995;6.70283;-0.1381;0.2088
832;0.20877;-1.139;5.56454;1.20829;5.91183;-0.000707009;6.70283;-0.138295;0.208996
833;0.208769;-1.1392;5.56434;1.20849;5.91203;-0.000707023;6.70283;-0.13849;0.209193
834;0.208769;-1.13939;5.56415;1.20868;5.91222;-0.000707037;6.70283;-0.138685;0.209389
835;0.208769;-1.13959;5.56395;1.20888;5.91242;-0.000707051;6.70283;-0.13888;0.209586
836;0.208769;-1.13978;5.56376;1.20907;5.91262;-0.000707064;6.70283;-0.139076;0.209782
837;0.208768;-1.13998;5.56356;1.20927;5.91281;-0.000707078;6.70283;-0.139271;0.209979
838;0.208768;-1.14017;5.56337;1.20947;5.91301;-0.000707092;6.70283;-0.139466;0.210175
839;0.208768;-1.14037;5.56317;1.20966;לאי.32;-0.000707106;6.70283;-0.139661;0.210372
840;0.208768;-1.14056;5.56298;1.20986;לאי.34;-0.00070712;6.70283;-0.139856;0.210568
841;0.208767;-1.14076;5.56278;1.21006;לאי.36;-0.000707134;6.70283;-0.140051;0.210765
842;0.208767;-1.14095;5.56258;1.21025;5.91379;-0.000707148;6.70283;-0.140246;0.210961
843;0.208767;-1.14115;5.56239;1.21045;5.91399;-0.000707162;6.70283;-0.140441;0.211158
844;0.208767;-1.14134;5.56219;1.21065;5.91418;-0.000707175;6.70283;-0.140637;0.211354
845;0.208766;-1.14154;5.562;1.21084;5.91438;-0.000707189;6.70283;-0.140832;0.211551
846;0.208766;-1.14173;לאי.18;1.21104;5.91458;-0.000707203;6.70283;-0.141027;0.211747
847;0.208766;-1.14193;5.56161;1.21124;5.91477;-0.000707217;6.70283;-0.141222;0.211944
848;0.208765;-1.14212;5.56141;1.21143;5.91497;-0.000707231;6.70283;-0.141417;0.21214
849;0.208765;-1.14232;5.56122;1.21163;5.91517;-0.000707245;6.70283;-0.141612;0.212337
850;0.208765;-1.14251;5.56102;1.21183;5.91536;-0.000707258;6.70283;-0.141808;0.212533
851;0.208765;-1.14271;5.56082;1.21202;5.91556;-0.000707272;6.70283;-0.142003;0.21273
852;0.208764;-1.14291;5.56063;1.21222;5.91575;-0.000707286;6.70283;-0.142198;0.212927
853;0.208764;-1.1431;5.56043;1.21242;5.91595;-0.0007073;6.70283;-0.142393;0.213123
854;0.208764;-1.1433;5.56024;1.21261;5.91615;-0.000707314;6.70283;-0.142588;0.21332
855;0.208764;-1.14349;5.56004;1.21281;5.91634;-0.000707328;6.70283;-0.142783;0.213516
856;0.208763;-1.14369;5.55985;1.21301;5.91654;-0.000707341;6.70283;-0.142979;0.213713
857;0.208763;-1.14388;5.55965;ÿםג.32;5.91673;-0.000707355;6.70283;-0.143174;0.213909
858;0.208763;-1.14408;5.55946;ÿםג.34;5.91693;-0.000707369;6.70283;-0.143369;0.214106
859;0.208763;-1.14427;5.55926;ÿםג.36;5.91713;-0.000707383;6.70282;-0.143564;0.214303
860;0.208762;-1.14447;5.55906;1.21379;5.91732;-0.000707397;6.70282;-0.143759;0.214499
861;0.208762;-1.14466;5.55887;1.21399;5.91752;-0.00070741;6.70282;-0.143955;0.214696
862;0.208762;-1.14486;5.55867;1.21418;5.91772;-0.000707424;6.70282;-0.14415;0.214892
863;0.208761;-1.14505;5.55848;1.21438;5.91791;-0.000707438;6.70282;-0.144345;0.215089
864;0.208761;-1.14525;5.55828;1.21458;5.91811;-0.000707452;6.70282;-0.14454;0.215286
865;0.208761;-1.14544;5.55809;1.21477;לאי.83;-0.000707465;6.70282;-0.144736;0.215482
866;0.208761;-1.14564;5.55789;1.21497;לאי.85;-0.000707479;6.70282;-0.144931;0.215679
867;0.20876;-1.14583;לאי.77;1.21517;לאי.87;-0.000707493;6.70282;-0.145126;0.215875
868;0.20876;-1.14603;לאי.75;1.21536;5.91889;-0.000707507;6.70282;-0.145321;0.216072
869;0.20876;-1.14622;לאי.73;1.21556;5.91909;-0.00070752;6.70282;-0.145517;0.216269
870;0.20876;-1.14642;5.55711;1.21576;5.91929;-0.000707534;6.70282;-0.145712;0.216465
871;0.208759;-1.14661;5.55691;1.21595;5.91948;-0.000707548;6.70282;-0.145907;0.216662
872;0.208759;-1.14681;5.55672;1.21615;5.91968;-0.000707562;6.70282;-0.146102;0.216858
873;0.208759;-1.14701;5.55652;1.21635;5.91987;-0.000707575;6.70282;-0.146298;0.217055
874;0.208759;-1.1472;5.55633;1.21654;5.92007;-0.000707589;6.70282;-0.146493;0.217252
875;0.208758;-1.1474;5.55613;1.21674;5.92027;-0.000707603;6.70282;-0.146688;0.217448
876;0.208758;-1.14759;5.55594;1.21694;5.92046;-0.000707616;6.70282;-0.146883;0.217645
877;0.208758;-1.14779;5.55574;1.21713;5.92066;-0.00070763;6.70282;-0.147079;0.217842
878;0.208757;-1.14798;5.55554;1.21733;5.92086;-0.000707644;6.70282;-0.147274;0.218038
879;0.208757;-1.14818;5.55535;1.21753;5.92105;-0.000707657;6.70282;-0.147469;0.218235
880;0.208757;-1.14837;5.55515;1.21772;5.92125;-0.000707671;6.70282;-0.147665;0.218432
881;0.208757;-1.14857;5.55496;1.21792;5.92145;-0.000707685;6.70282;-0.14786;0.218628
882;0.208756;-1.14876;5.55476;1.21812;5.92164;-0.000707699;6.70282;-0.148055;0.218825
883;0.208756;-1.14896;5.55457;1.21831;5.92184;-0.000707712;6.70282;-0.14825;0.219022
884;0.208756;-1.14915;5.55437;1.21851;5.92203;-0.000707726;6.70282;-0.148446;0.219218
885;0.208756;-1.14935;5.55417;1.21871;5.92223;-0.00070774;6.70282;-0.148641;0.219415
886;0.208755;-1.14954;5.55398;ÿםג.89;5.92243;-0.000707753;6.70281;-0.148836;0.219612
887;0.208755;-1.14974;5.55378;ÿםג.91;5.92262;-0.000707767;6.70281;-0.149032;0.219808
888;0.208755;-1.14993;5.55359;ÿםג.93;5.92282;-0.000707781;6.70281;-0.149227;0.220005
889;0.208755;-1.15013;5.55339;1.21949;5.92302;-0.000707794;6.70281;-0.149422;0.220202
890;0.208754;-1.15033;לאי.32;1.21969;5.92321;-0.000707808;6.70281;-0.149618;0.220398
891;0.208754;-1.15052;5.553;1.21989;5.92341;-0.000707821;6.70281;-0.149813;0.220595
892;0.208754;-1.15072;לאי.28;1.22008;לאי.36;-0.000707835;6.70281;-0.150008;0.220792
893;0.208754;-1.15091;5.55261;1.22028;לאי.38;-0.000707849;6.70281;-0.150204;0.220989
894;0.208753;-1.15111;5.55241;1.22048;5.924;-0.000707862;6.70281;-0.150399;0.221185
895;0.208753;-1.1513;5.55222;1.22067;5.92419;-0.000707876;6.70281;-0.150594;0.221382
896;0.208753;-1.1515;5.55202;1.22087;5.92439;-0.00070789;6.70281;-0.15079;0.221579
897;0.208753;-1.15169;5.55183;1.22107;5.92459;-0.000707903;6.70281;-0.150985;0.221775
898;0.208752;-1.15189;5.55163;1.22126;5.92478;-0.000707917;6.70281;-0.15118;0.221972
899;0.208752;-1.15208;5.55143;1.22146;5.92498;-0.00070793;6.70281;-0.151376;0.222169
900;0.208752;-1.15228;5.55124;1.22166;5.92518;-0.000707944;6.70281;-0.151571;0.222366
901;0.208751;-1.15247;5.55104;1.22185;5.92537;-0.000707958;6.70281;-0.151767;0.222562
902;0.208751;-1.15267;5.55085;1.22205;5.92557;-0.000707971;6.70281;-0.151962;0.222759
903;0.208751;-1.15287;5.55065;1.22225;5.92576;-0.000707985;6.70281;-0.152157;0.222956
904;0.208751;-1.15306;5.55046;1.22244;5.92596;-0.000707998;6.70281;-0.152353;0.223153
905;0.20875;-1.15326;5.55026;1.22264;5.92616;-0.000708012;6.70281;-0.152548;0.223349
906;0.20875;-1.15345;5.55006;1.22284;5.92635;-0.000708025;6.70281;-0.152744;0.223546
907;0.20875;-1.15365;5.54987;1.22303;5.92655;-0.000708039;6.70281;-0.152939;0.223743
908;0.20875;-1.15384;5.54967;1.22323;5.92675;-0.000708053;6.70281;-0.153134;0.22394
909;0.208749;-1.15404;5.54948;1.22343;5.92694;-0.000708066;6.70281;-0.15333;0.224136
910;0.208749;-1.15423;5.54928;1.22363;5.92714;-0.00070808;6.70281;-0.153525;0.224333
911;0.208749;-1.15443;5.54909;1.22382;5.92734;-0.000708093;6.70281;-0.153721;0.22453
912;0.208749;-1.15462;5.54889;1.22402;5.92753;-0.000708107;6.70281;-0.153916;0.224727
913;0.208748;-1.15482;5.54869;1.22422;5.92773;-0.00070812;6.70281;-0.154111;0.224923
914;0.208748;-1.15501;לאי.85;1.22441;5.92792;-0.000708134;ט‏ם.28;-0.154307;0.22512
915;0.208748;-1.15521;לאי.83;1.22461;5.92812;-0.000708147;ט‏ם.28;-0.154502;0.225317
916;0.208748;-1.15541;5.54811;1.22481;5.92832;-0.000708161;ט‏ם.28;-0.154698;0.225514
917;0.208747;-1.1556;5.54791;1.225;5.92851;-0.000708174;ט‏ם.28;-0.154893;0.225711
918;0.208747;-1.1558;5.54771;ÿםג.52;5.92871;-0.000708188;ט‏ם.28;-0.155089;0.225907
919;0.208747;-1.15599;5.54752;ÿםג.54;5.92891;-0.000708201;ט‏ם.28;-0.155284;0.226104
920;0.208747;-1.15619;5.54732;1.22559;לאי.91;-0.000708215;ט‏ם.28;-0.155479;0.226301
921;0.208746;-1.15638;5.54713;1.22579;לאי.93;-0.000708228;ט‏ם.28;-0.155675;0.226498
922;0.208746;-1.15658;5.54693;1.22599;לאי.95;-0.000708242;ט‏ם.28;-0.15587;0.226695
923;0.208746;-1.15677;5.54674;1.22618;5.92969;-0.000708255;ט‏ם.28;-0.156066;0.226891
924;0.208745;-1.15697;5.54654;1.22638;5.92989;-0.000708269;ט‏ם.28;-0.156261;0.227088
925;0.208745;-1.15717;5.54634;1.22658;5.93009;-0.000708282;ט‏ם.28;-0.156457;0.227285
926;0.208745;-1.15736;5.54615;1.22677;5.93028;-0.000708296;ט‏ם.28;-0.156652;0.227482
927;0.208745;-1.15756;5.54595;1.22697;5.93048;-0.000708309;ט‏ם.28;-0.156848;0.227679
928;0.208744;-1.15775;5.54576;1.22717;5.93067;-0.000708323;ט‏ם.28;-0.157043;0.227875
929;0.208744;-1.15795;5.54556;1.22736;5.93087;-0.000708336;ט‏ם.28;-0.157239;0.228072
930;0.208744;-1.15814;5.54536;1.22756;5.93107;-0.00070835;ט‏ם.28;-0.157434;0.228269
931;0.208744;-1.15834;5.54517;1.22776;5.93126;-0.000708363;ט‏ם.28;-0.15763;0.228466
932;0.208743;-1.15853;5.54497;1.22795;5.93146;-0.000708377;ט‏ם.28;-0.157825;0.228663
933;0.208743;-1.15873;5.54478;1.22815;5.93166;-0.00070839;ט‏ם.28;-0.158021;0.22886
934;0.208743;-1.15892;5.54458;1.22835;5.93185;-0.000708403;ט‏ם.28;-0.158216;0.229057
935;0.208743;-1.15912;5.54439;1.22854;5.93205;-0.000708417;ט‏ם.28;-0.158412;0.229253
936;0.208742;-1.15932;5.54419;1.22874;5.93225;-0.00070843;ט‏ם.28;-0.158607;0.22945
937;0.208742;-1.15951;5.54399;1.22894;5.93244;-0.000708444;ט‏ם.28;-0.158803;0.229647
938;0.208742;-1.15971;לאי.38;1.22914;5.93264;-0.000708457;ט‏ם.28;-0.158998;0.229844
939;0.208742;-1.1599;לאי.36;1.22933;5.93284;-0.000708471;ט‏ם.28;-0.159194;0.230041
940;0.208741;-1.1601;5.54341;1.22953;5.93303;-0.000708484;6.70279;-0.159389;0.230238
941;0.208741;-1.16029;5.54321;1.22973;5.93323;-0.000708497;6.70279;-0.159585;0.230435
942;0.208741;-1.16049;5.54301;1.22992;5.93343;-0.000708511;6.70279;-0.15978;0.230631
943;0.208741;-1.16068;5.54282;1.23012;5.93362;-0.000708524;6.70279;-0.159976;0.230828
944;0.20874;-1.16088;5.54262;1.23032;5.93382;-0.000708538;6.70279;-0.160171;0.231025
945;0.20874;-1.16108;5.54243;1.23051;5.93402;-0.000708551;6.70279;-0.160367;0.231222
946;0.20874;-1.16127;5.54223;1.23071;5.93421;-0.000708564;6.70279;-0.160563;0.231419
947;0.20874;-1.16147;5.54203;1.23091;5.93441;-0.000708578;6.70279;-0.160758;0.231616
948;0.208739;-1.16166;5.54184;ÿםג.11;לאי.46;-0.000708591;6.70279;-0.160954;0.231813
949;0.208739;-1.16186;5.54164;ÿםג.13;לאי.48;-0.000708604;6.70279;-0.161149;0.23201
950;0.208739;-1.16205;5.54145;ÿםג.15;5.935;-0.000708618;6.70279;-0.161345;0.232207
951;0.208739;-1.16225;5.54125;1.23169;5.93519;-0.000708631;6.70279;-0.16154;0.232403
952;0.208738;-1.16244;5.54105;1.23189;5.93539;-0.000708645;6.70279;-0.161736;0.2326
953;0.208738;-1.16264;5.54086;1.23209;5.93559;-0.000708658;6.70279;-0.161932;0.232797
954;0.208738;-1.16284;5.54066;1.23229;5.93578;-0.000708671;6.70279;-0.162127;0.232994
955;0.208738;-1.16303;5.54047;1.23248;5.93598;-0.000708685;6.70279;-0.162323;0.233191
956;0.208737;-1.16323;5.54027;1.23268;5.93618;-0.000708698;6.70279;-0.162518;0.233388
957;0.208737;-1.16342;5.54007;1.23288;5.93637;-0.000708711;6.70279;-0.162714;0.233585
958;0.208737;-1.16362;5.53988;1.23307;5.93657;-0.000708725;6.70279;-0.162909;0.233782
959;0.208737;-1.16381;5.53968;1.23327;5.93677;-0.000708738;6.70279;-0.163105;0.233979
960;0.208736;-1.16401;5.53949;1.23347;5.93696;-0.000708751;6.70279;-0.163301;0.234176
961;0.208736;-1.16421;5.53929;1.23366;5.93716;-0.000708765;6.70279;-0.163496;0.234373
962;0.208736;-1.1644;5.53909;1.23386;5.93736;-0.000708778;6.70279;-0.163692;0.23457
963;0.208735;-1.1646;לאי.89;1.23406;5.93755;-0.000708791;6.70279;-0.163888;0.234767
964;0.208735;-1.16479;לאי.87;1.23425;5.93775;-0.000708804;6.70279;-0.164083;0.234964
965;0.208735;-1.16499;5.53851;1.23445;5.93795;-0.000708818;6.70279;-0.164279;0.235161
966;0.208735;-1.16518;5.53831;1.23465;5.93814;-0.000708831;6.70279;-0.164474;0.235358
967;0.208734;-1.16538;5.53811;1.23485;5.93834;-0.000708844;6.70278;-0.16467;0.235555
968;0.208734;-1.16557;5.53792;1.23504;5.93854;-0.000708858;6.70278;-0.164866;0.235751
969;0.208734;-1.16577;5.53772;1.23524;5.93873;-0.000708871;6.70278;-0.165061;0.235948
970;0.208734;-1.16597;5.53753;1.23544;5.93893;-0.000708884;6.70278;-0.165257;0.236145
971;0.208733;-1.16616;5.53733;1.23563;5.93913;-0.000708897;6.70278;-0.165453;0.236342
972;0.208733;-1.16636;5.53713;1.23583;5.93932;-0.000708911;6.70278;-0.165648;0.236539
973;0.208733;-1.16655;5.53694;1.23603;5.93952;-0.000708924;6.70278;-0.165844;0.236736
974;0.208733;-1.16675;5.53674;1.23622;5.93972;-0.000708937;6.70278;-0.16604;0.236933
975;0.208732;-1.16694;5.53655;1.23642;5.93991;-0.00070895;6.70278;-0.166235;0.23713
976;0.208732;-1.16714;5.53635;1.23662;5.94011;-0.000708964;6.70278;-0.166431;0.237327
977;0.208732;-1.16734;5.53615;1.23682;5.94031;-0.000708977;6.70278;-0.166627;0.237524
978;0.208732;-1.16753;5.53596;1.23701;לאי.05;-0.00070899;6.70278;-0.166822;0.237721
979;0.208731;-1.16773;5.53576;1.23721;לאי.07;-0.000709003;6.70278;-0.167018;0.237918
980;0.208731;-1.16792;5.53557;1.23741;לאי.09;-0.000709017;6.70278;-0.167214;0.238115
981;0.208731;-1.16812;5.53537;ÿםג.76;5.94109;-0.00070903;6.70278;-0.167409;0.238312
982;0.208731;-1.16831;5.53517;ÿםג.78;5.94129;-0.000709043;6.70278;-0.167605;0.238509
983;0.20873;-1.16851;5.53498;1.238;5.94149;-0.000709056;6.70278;-0.167801;0.238706
984;0.20873;-1.16871;5.53478;1.23819;5.94168;-0.000709069;6.70278;-0.167996;0.238903
985;0.20873;-1.1689;5.53459;1.23839;5.94188;-0.000709083;6.70278;-0.168192;0.2391
986;0.20873;-1.1691;5.53439;1.23859;5.94208;-0.000709096;6.70278;-0.168388;0.239297
987;0.208729;-1.16929;5.53419;1.23879;5.94227;-0.000709109;6.70278;-0.168584;0.239495
988;0.208729;-1.16949;5.534;1.23898;5.94247;-0.000709122;6.70278;-0.168779;0.239692
989;0.208729;-1.16968;לאי.38;1.23918;5.94267;-0.000709135;6.70278;-0.168975;0.239889
990;0.208729;-1.16988;5.53361;1.23938;5.94286;-0.000709149;6.70278;-0.169171;0.240086
991;0.208728;-1.17008;5.53341;1.23957;5.94306;-0.000709162;6.70278;-0.169366;0.240283
992;0.208728;-1.17027;5.53321;1.23977;5.94326;-0.000709175;6.70278;-0.169562;0.24048
993;0.208728;-1.17047;5.53302;1.23997;5.94345;-0.000709188;6.70277;-0.169758;0.240677
994;0.208728;-1.17066;5.53282;1.24016;5.94365;-0.000709201;6.70277;-0.169954;0.240874
995;0.208727;-1.17086;5.53262;1.24036;5.94385;-0.000709215;6.70277;-0.170149;0.241071
996;0.208727;-1.17105;5.53243;1.24056;5.94404;-0.000709228;6.70277;-0.170345;0.241268
997;0.208727;-1.17125;5.53223;1.24076;5.94424;-0.000709241;6.70277;-0.170541;0.241465
998;0.208727;-1.17145;5.53204;1.24095;5.94444;-0.000709254;6.70277;-0.170737;0.241662
999;0.208726;-1.17164;5.53184;1.24115;5.94463;-0.000709267;6.70277;-0.170932;0.241859
1000;0.208726;-1.17184;5.53164;1.24135;5.94483;-0.00070928;6.70277;-0.171128;0.242056
1001;0.208726;-1.17203;5.53145;1.24154;5.94503;-0.000709293;6.70277;-0.171324;0.242253
1002;0.208726;-1.17223;5.53125;1.24174;5.94522;-0.000709307;6.70277;-0.17152;0.24245
1003;0.208725;-1.17242;5.53106;1.24194;5.94542;-0.00070932;6.70277;-0.171716;0.242648
1004;0.208725;-1.17262;5.53086;1.24214;5.94562;-0.000709333;6.70277;-0.171911;0.242845
1005;0.208725;-1.17282;5.53066;1.24233;5.94581;-0.000709346;6.70277;-0.172107;0.243042
1006;0.208725;-1.17301;5.53047;1.24253;5.94601;-0.000709359;6.70277;-0.172303;0.243239
1007;0.208724;-1.17321;5.53027;1.24273;5.94621;-0.000709372;6.70277;-0.172499;0.243436
1008;0.208724;-1.1734;5.53007;1.24292;לאי.64;-0.000709385;6.70277;-0.172694;0.243633
1009;0.208724;-1.1736;5.52988;1.24312;לאי.66;-0.000709398;6.70277;-0.17289;0.24383
1010;0.208724;-1.1738;5.52968;1.24332;לאי.68;-0.000709411;6.70277;-0.173086;0.244027
1011;0.208723;-1.17399;5.52949;1.24351;5.94699;-0.000709424;6.70277;-0.173282;0.244224
1012;0.208723;-1.17419;5.52929;1.24371;5.94719;-0.000709438;6.70277;-0.173478;0.244421
1013;0.208723;-1.17438;5.52909;1.24391;5.94739;-0.000709451;6.70277;-0.173674;0.244619
1014;0.208723;-1.17458;לאי.89;1.24411;5.94758;-0.000709464;6.70277;-0.173869;0.244816
1015;0.208722;-1.17477;לאי.87;ÿםג.43;5.94778;-0.000709477;6.70277;-0.174065;0.245013
1016;0.208722;-1.17497;5.52851;ÿםג.45;5.94798;-0.00070949;6.70277;-0.174261;0.24521
1017;0.208722;-1.17517;5.52831;ÿםג.47;5.94817;-0.000709503;6.70277;-0.174457;0.245407
1018;0.208722;-1.17536;5.52811;1.24489;5.94837;-0.000709516;6.70277;-0.174653;0.245604
1019;0.208721;-1.17556;5.52792;1.24509;5.94857;-0.000709529;6.70276;-0.174848;0.245801
1020;0.208721;-1.17575;5.52772;1.24529;5.94876;-0.000709542;6.70276;-0.175044;0.245999
1021;0.208721;-1.17595;5.52752;1.24549;5.94896;-0.000709555;6.70276;-0.17524;0.246196
1022;0.208721;-1.17615;5.52733;1.24568;5.94916;-0.000709568;6.70276;-0.175436;0.246393
1023;0.20872;-1.17634;5.52713;1.24588;5.94935;-0.000709581;6.70276;-0.175632;0.24659
1024;0.20872;-1.17654;5.52694;1.24608;5.94955;-0.000709594;6.70276;-0.175828;0.246787
1025;0.20872;-1.17673;5.52674;1.24627;5.94975;-0.000709607;6.70276;-0.176024;0.246984
1026;0.20872;-1.17693;5.52654;1.24647;5.94994;-0.00070962;6.70276;-0.176219;0.247181
1027;0.208719;-1.17712;5.52635;1.24667;5.95014;-0.000709633;6.70276;-0.176415;0.247379
1028;0.208719;-1.17732;5.52615;1.24687;5.95034;-0.000709646;6.70276;-0.176611;0.247576
1029;0.208719;-1.17752;5.52595;1.24706;5.95053;-0.000709659;6.70276;-0.176807;0.247773
1030;0.208719;-1.17771;5.52576;1.24726;5.95073;-0.000709672;6.70276;-0.177003;0.24797
1031;0.208718;-1.17791;5.52556;1.24746;5.95093;-0.000709685;6.70276;-0.177199;0.248167
1032;0.208718;-1.1781;5.52537;1.24765;5.95112;-0.000709698;6.70276;-0.177395;0.248365
1033;0.208718;-1.1783;5.52517;1.24785;5.95132;-0.000709711;6.70276;-0.177591;0.248562
1034;0.208718;-1.1785;5.52497;1.24805;5.95152;-0.000709724;6.70276;-0.177786;0.248759
1035;0.208717;-1.17869;5.52478;1.24825;5.95171;-0.000709737;6.70276;-0.177982;0.248956
1036;0.208717;-1.17889;5.52458;1.24844;5.95191;-0.00070975;6.70276;-0.178178;0.249153
1037;0.208717;-1.17908;5.52438;1.24864;5.95211;-0.000709763;6.70276;-0.178374;0.249351
1038;0.208717;-1.17928;5.52419;1.24884;5.95231;-0.000709776;6.70276;-0.17857;0.249548
1039;0.208716;-1.17948;5.52399;1.24904;לאי.25;-0.000709789;6.70276;-0.178766;0.249745
1040;0.208716;-1.17967;5.52379;1.24923;לאי.27;-0.000709802;6.70276;-0.178962;0.249942
1041;0.208716;-1.17987;לאי.36;1.24943;לאי.29;-0.000709815;6.70276;-0.179158;0.250139
1042;0.208716;-1.18006;לאי.34;1.24963;5.95309;-0.000709828;6.70276;-0.179354;0.250337
1043;0.208716;-1.18026;5.52321;1.24982;5.95329;-0.000709841;6.70276;-0.17955;0.250534
1044;0.208715;-1.18046;5.52301;1.25002;5.95349;-0.000709854;6.70276;-0.179746;0.250731
1045;0.208715;-1.18065;5.52281;1.25022;5.95368;-0.000709867;6.70275;-0.179942;0.250928
1046;0.208715;-1.18085;5.52262;1.25042;5.95388;-0.00070988;6.70275;-0.180138;0.251125
1047;0.208715;-1.18104;5.52242;1.25061;5.95408;-0.000709893;6.70275;-0.180333;0.251323
1048;0.208714;-1.18124;5.52222;1.25081;5.95427;-0.000709906;6.70275;-0.180529;0.25152
1049;0.208714;-1.18144;5.52203;1.25101;5.95447;-0.000709919;6.70275;-0.180725;0.251717
1050;0.208714;-1.18163;5.52183;ÿםג.12;5.95467;-0.000709931;6.70275;-0.180921;0.251914
1051;0.208714;-1.18183;5.52164;ÿםג.14;5.95486;-0.000709944;6.70275;-0.181117;0.252112
1052;0.208713;-1.18202;5.52144;ÿםג.16;5.95506;-0.000709957;6.70275;-0.181313;0.252309
1053;0.208713;-1.18222;5.52124;ÿםג.18;5.95526;-0.00070997;6.70275;-0.181509;0.252506
1054;0.208713;-1.18242;5.52105;1.25199;5.95545;-0.000709983;6.70275;-0.181705;0.252703
1055;0.208713;-1.18261;5.52085;1.25219;5.95565;-0.000709996;6.70275;-0.181901;0.252901
1056;0.208712;-1.18281;5.52065;1.25239;5.95585;-0.000710009;6.70275;-0.182097;0.253098
1057;0.208712;-1.183;5.52046;1.25259;5.95605;-0.000710022;6.70275;-0.182293;0.253295
1058;0.208712;-1.1832;5.52026;1.25278;5.95624;-0.000710035;6.70275;-0.182489;0.253493
1059;0.208712;-1.1834;5.52006;1.25298;5.95644;-0.000710048;6.70275;-0.182685;0.25369
1060;0.208711;-1.18359;5.51987;1.25318;5.95664;-0.00071006;6.70275;-0.182881;0.253887
1061;0.208711;-1.18379;5.51967;1.25337;5.95683;-0.000710073;6.70275;-0.183077;0.254084
1062;0.208711;-1.18398;5.51948;1.25357;5.95703;-0.000710086;6.70275;-0.183273;0.254282
1063;0.208711;-1.18418;5.51928;1.25377;5.95723;-0.000710099;6.70275;-0.183469;0.254479
1064;0.20871;-1.18438;5.51908;1.25397;5.95742;-0.000710112;6.70275;-0.183665;0.254676
1065;0.20871;-1.18457;5.51889;1.25416;5.95762;-0.000710125;6.70275;-0.183861;0.254874
1066;0.20871;-1.18477;5.51869;1.25436;5.95782;-0.000710138;6.70275;-0.184057;0.255071
1067;0.20871;-1.18496;5.51849;1.25456;5.95801;-0.00071015;6.70275;-0.184253;0.255268
1068;0.208709;-1.18516;לאי.83;1.25476;5.95821;-0.000710163;6.70275;-0.184449;0.255465
1069;0.208709;-1.18536;לאי.81;1.25495;5.95841;-0.000710176;6.70275;-0.184645;0.255663
1070;0.208709;-1.18555;לאי.79;1.25515;5.95861;-0.000710189;6.70274;-0.184841;0.25586
1071;0.208709;-1.18575;5.51771;1.25535;לאי.88;-0.000710202;6.70274;-0.185037;0.256057
1072;0.208708;-1.18594;5.51751;1.25554;5.959;-0.000710215;6.70274;-0.185233;0.256255
1073;0.208708;-1.18614;5.51731;1.25574;לאי.92;-0.000710227;6.70274;-0.185429;0.256452
1074;0.208708;-1.18634;5.51712;1.25594;5.95939;-0.00071024;6.70274;-0.185625;0.256649
1075;0.208708;-1.18653;5.51692;1.25614;5.95959;-0.000710253;6.70274;-0.185821;0.256847
1076;0.208708;-1.18673;5.51673;1.25633;5.95979;-0.000710266;6.70274;-0.186017;0.257044
1077;0.208707;-1.18692;5.51653;1.25653;5.95998;-0.000710279;6.70274;-0.186214;0.257241
1078;0.208707;-1.18712;5.51633;1.25673;5.96018;-0.000710291;6.70274;-0.18641;0.257439
1079;0.208707;-1.18732;5.51614;1.25693;5.96038;-0.000710304;6.70274;-0.186606;0.257636
1080;0.208707;-1.18751;5.51594;1.25712;5.96057;-0.000710317;6.70274;-0.186802;0.257833
1081;0.208706;-1.18771;5.51574;1.25732;5.96077;-0.00071033;6.70274;-0.186998;0.258031
1082;0.208706;-1.1879;5.51555;1.25752;5.96097;-0.000710342;6.70274;-0.187194;0.258228
1083;0.208706;-1.1881;5.51535;1.25772;5.96117;-0.000710355;6.70274;-0.18739;0.258425
1084;0.208706;-1.1883;5.51515;1.25791;5.96136;-0.000710368;6.70274;-0.187586;0.258623
1085;0.208705;-1.18849;5.51496;1.25811;5.96156;-0.000710381;6.70274;-0.187782;0.25882
1086;0.208705;-1.18869;5.51476;1.25831;5.96176;-0.000710394;6.70274;-0.187978;0.259018
1087;0.208705;-1.18888;5.51456;ÿםג.85;5.96195;-0.000710406;6.70274;-0.188174;0.259215
1088;0.208705;-1.18908;5.51437;ÿםג.87;5.96215;-0.000710419;6.70274;-0.18837;0.259412
1089;0.208704;-1.18928;5.51417;ÿםג.89;5.96235;-0.000710432;6.70274;-0.188567;0.25961
1090;0.208704;-1.18947;5.51397;ÿםג.91;5.96254;-0.000710445;6.70274;-0.188763;0.259807
1091;0.208704;-1.18967;5.51378;1.25929;5.96274;-0.000710457;6.70274;-0.188959;0.260004
1092;0.208704;-1.18987;5.51358;1.25949;5.96294;-0.00071047;6.70274;-0.189155;0.260202
1093;0.208703;-1.19006;5.51338;1.25969;5.96314;-0.000710483;6.70274;-0.189351;0.260399
1094;0.208703;-1.19026;5.51319;1.25989;5.96333;-0.000710495;6.70274;-0.189547;0.260597
1095;0.208703;-1.19045;5.51299;1.26008;5.96353;-0.000710508;6.70274;-0.189743;0.260794
1096;0.208703;-1.19065;לאי.28;1.26028;5.96373;-0.000710521;6.70273;-0.189939;0.260991
1097;0.208702;-1.19085;לאי.26;1.26048;5.96392;-0.000710534;6.70273;-0.190135;0.261189
1098;0.208702;-1.19104;לאי.24;1.26068;5.96412;-0.000710546;6.70273;-0.190332;0.261386
1099;0.208702;-1.19124;5.51221;1.26087;5.96432;-0.000710559;6.70273;-0.190528;0.261584
1100;0.208702;-1.19143;5.51201;1.26107;5.96451;-0.000710572;6.70273;-0.190724;0.261781
1101;0.208702;-1.19163;5.51181;1.26127;5.96471;-0.000710584;6.70273;-0.19092;0.261978
1102;0.208701;-1.19183;5.51162;1.26147;5.96491;-0.000710597;6.70273;-0.191116;0.262176
1103;0.208701;-1.19202;5.51142;1.26166;5.96511;-0.00071061;6.70273;-0.191312;0.262373
1104;0.208701;-1.19222;5.51122;1.26186;לאי.53;-0.000710622;6.70273;-0.191509;0.262571
1105;0.208701;-1.19242;5.51103;1.26206;לאי.55;-0.000710635;6.70273;-0.191705;0.262768
1106;0.2087;-1.19261;5.51083;1.26225;לאי.57;-0.000710648;6.70273;-0.191901;0.262966
1107;0.2087;-1.19281;5.51063;1.26245;5.96589;-0.00071066;6.70273;-0.192097;0.263163
1108;0.2087;-1.193;5.51044;1.26265;5.96609;-0.000710673;6.70273;-0.192293;0.263361
1109;0.2087;-1.1932;5.51024;1.26285;5.96629;-0.000710686;6.70273;-0.192489;0.263558
1110;0.208699;-1.1934;5.51004;1.26304;5.96648;-0.000710698;6.70273;-0.192686;0.263755
1111;0.208699;-1.19359;5.50985;1.26324;5.96668;-0.000710711;6.70273;-0.192882;0.263953
1112;0.208699;-1.19379;5.50965;1.26344;5.96688;-0.000710724;6.70273;-0.193078;0.26415
1113;0.208699;-1.19398;5.50945;1.26364;5.96708;-0.000710736;6.70273;-0.193274;0.264348
1114;0.208698;-1.19418;5.50926;1.26383;5.96727;-0.000710749;6.70273;-0.19347;0.264545
1115;0.208698;-1.19438;5.50906;1.26403;5.96747;-0.000710762;6.70273;-0.193667;0.264743
1116;0.208698;-1.19457;5.50886;1.26423;5.96767;-0.000710774;6.70273;-0.193863;0.26494
1117;0.208698;-1.19477;5.50867;1.26443;5.96786;-0.000710787;6.70273;-0.194059;0.265138
1118;0.208697;-1.19497;5.50847;1.26462;5.96806;-0.0007108;6.70273;-0.194255;0.265335
1119;0.208697;-1.19516;5.50827;1.26482;5.96826;-0.000710812;6.70273;-0.194451;0.265533
1120;0.208697;-1.19536;5.50808;1.26502;5.96846;-0.000710825;6.70273;-0.194648;0.26573
1121;0.208697;-1.19555;5.50788;1.26522;5.96865;-0.000710837;6.70272;-0.194844;0.265928
1122;0.208697;-1.19575;5.50768;1.26541;5.96885;-0.00071085;6.70272;-0.19504;0.266125
1123;0.208696;-1.19595;5.50749;1.26561;5.96905;-0.000710863;6.70272;-0.195236;0.266322
1124;0.208696;-1.19614;5.50729;1.26581;5.96924;-0.000710875;6.70272;-0.195432;0.26652
1125;0.208696;-1.19634;5.50709;1.26601;5.96944;-0.000710888;6.70272;-0.195629;0.266717
1126;0.208696;-1.19654;לאי.69;ÿםג.62;5.96964;-0.0007109;6.70272;-0.195825;0.266915
1127;0.208695;-1.19673;לאי.67;ÿםג.64;5.96983;-0.000710913;6.70272;-0.196021;0.267112
1128;0.208695;-1.19693;לאי.65;ÿםג.66;5.97003;-0.000710926;6.70272;-0.196217;0.26731
1129;0.208695;-1.19712;5.50631;ÿםג.68;5.97023;-0.000710938;6.70272;-0.196414;0.267508
1130;0.208695;-1.19732;5.50611;1.26699;5.97043;-0.000710951;6.70272;-0.19661;0.267705
1131;0.208694;-1.19752;5.50591;1.26719;5.97062;-0.000710963;6.70272;-0.196806;0.267903
1132;0.208694;-1.19771;5.50572;1.26739;5.97082;-0.000710976;6.70272;-0.197002;0.2681
1133;0.208694;-1.19791;5.50552;1.26759;5.97102;-0.000710988;6.70272;-0.197199;0.268298
1134;0.208694;-1.19811;5.50532;1.26778;5.97121;-0.000711001;6.70272;-0.197395;0.268495
1135;0.208694;-1.1983;5.50513;1.26798;5.97141;-0.000711013;6.70272;-0.197591;0.268693
1136;0.208693;-1.1985;5.50493;1.26818;5.97161;-0.000711026;6.70272;-0.197788;0.26889
1137;0.208693;-1.19869;5.50473;1.26838;5.97181;-0.000711039;6.70272;-0.197984;0.269088
1138;0.208693;-1.19889;5.50454;1.26857;5.972;-0.000711051;6.70272;-0.19818;0.269285
1139;0.208693;-1.19909;5.50434;1.26877;לאי.22;-0.000711064;6.70272;-0.198376;0.269483
1140;0.208692;-1.19928;5.50414;1.26897;לאי.24;-0.000711076;6.70272;-0.198573;0.26968
1141;0.208692;-1.19948;5.50395;1.26917;5.97259;-0.000711089;6.70272;-0.198769;0.269878
1142;0.208692;-1.19968;5.50375;1.26936;5.97279;-0.000711101;6.70272;-0.198965;0.270075
1143;0.208692;-1.19987;5.50355;1.26956;5.97299;-0.000711114;6.70272;-0.199162;0.270273
1144;0.208691;-1.20007;5.50336;1.26976;5.97319;-0.000711126;6.70272;-0.199358;0.270471
1145;0.208691;-1.20027;5.50316;1.26996;5.97338;-0.000711139;6.70272;-0.199554;0.270668
1146;0.208691;-1.20046;5.50296;1.27015;5.97358;-0.000711151;6.70271;-0.199751;0.270866
1147;0.208691;-1.20066;5.50277;1.27035;5.97378;-0.000711164;6.70271;-0.199947;0.271063
1148;0.20869;-1.20085;5.50257;1.27055;5.97397;-0.000711176;6.70271;-0.200143;0.271261
1149;0.20869;-1.20105;5.50237;1.27075;5.97417;-0.000711189;6.70271;-0.200339;0.271458
1150;0.20869;-1.20125;5.50218;1.27094;5.97437;-0.000711201;6.70271;-0.200536;0.271656
1151;0.20869;-1.20144;5.50198;1.27114;5.97457;-0.000711214;6.70271;-0.200732;0.271854
1152;0.20869;-1.20164;5.50178;1.27134;5.97476;-0.000711226;6.70271;-0.200928;0.272051
1153;0.208689;-1.20184;5.50159;1.27154;5.97496;-0.000711239;6.70271;-0.201125;0.272249
1154;0.208689;-1.20203;5.50139;1.27174;5.97516;-0.000711251;6.70271;-0.201321;0.272446
1155;0.208689;-1.20223;5.50119;1.27193;5.97535;-0.000711264;6.70271;-0.201518;0.272644
1156;0.208689;-1.20243;5.501;1.27213;5.97555;-0.000711276;6.70271;-0.201714;0.272841
1157;0.208688;-1.20262;לאי.08;1.27233;5.97575;-0.000711288;6.70271;-0.20191;0.273039
1158;0.208688;-1.20282;לאי.06;1.27253;5.97595;-0.000711301;6.70271;-0.202107;0.273237
1159;0.208688;-1.20301;5.50041;1.27272;5.97614;-0.000711313;6.70271;-0.202303;0.273434
1160;0.208688;-1.20321;5.50021;1.27292;5.97634;-0.000711326;6.70271;-0.202499;0.273632
1161;0.208687;-1.20341;5.50001;1.27312;5.97654;-0.000711338;6.70271;-0.202696;0.27383
1162;0.208687;-1.2036;5.49982;1.27332;5.97674;-0.000711351;6.70271;-0.202892;0.274027
1163;0.208687;-1.2038;5.49962;1.27351;5.97693;-0.000711363;6.70271;-0.203088;0.274225
1164;0.208687;-1.204;5.49942;1.27371;5.97713;-0.000711376;6.70271;-0.203285;0.274422
1165;0.208687;-1.20419;5.49923;1.27391;5.97733;-0.000711388;6.70271;-0.203481;0.27462
1166;0.208686;-1.20439;5.49903;1.27411;5.97752;-0.0007114;6.70271;-0.203678;0.274818
1167;0.208686;-1.20459;5.49883;ÿםג.43;5.97772;-0.000711413;6.70271;-0.203874;0.275015
1168;0.208686;-1.20478;5.49864;ÿםג.45;5.97792;-0.000711425;6.70271;-0.20407;0.275213
1169;0.208686;-1.20498;5.49844;ÿםג.47;5.97812;-0.000711438;6.70271;-0.204267;0.275411
1170;0.208685;-1.20517;5.49824;ÿםג.49;5.97831;-0.00071145;ט‏ם.27;-0.204463;0.275608
1171;0.208685;-1.20537;5.49804;1.27509;5.97851;-0.000711462;ט‏ם.27;-0.20466;0.275806
1172;0.208685;-1.20557;5.49785;1.27529;5.97871;-0.000711475;ט‏ם.27;-0.204856;0.276003
1173;0.208685;-1.20576;5.49765;1.27549;לאי.89;-0.000711487;ט‏ם.27;-0.205052;0.276201
1174;0.208685;-1.20596;5.49745;1.27569;לאי.91;-0.0007115;ט‏ם.27;-0.205249;0.276399
1175;0.208684;-1.20616;5.49726;1.27588;לאי.93;-0.000711512;ט‏ם.27;-0.205445;0.276596
1176;0.208684;-1.20635;5.49706;1.27608;לאי.95;-0.000711524;ט‏ם.27;-0.205642;0.276794
1177;0.208684;-1.20655;5.49686;1.27628;5.97969;-0.000711537;ט‏ם.27;-0.205838;0.276992
1178;0.208684;-1.20675;5.49667;1.27648;5.97989;-0.000711549;ט‏ם.27;-0.206035;0.277189
1179;0.208683;-1.20694;5.49647;1.27668;5.98009;-0.000711561;ט‏ם.27;-0.206231;0.277387
1180;0.208683;-1.20714;5.49627;1.27687;5.98029;-0.000711574;ט‏ם.27;-0.206427;0.277585
1181;0.208683;-1.20734;5.49608;1.27707;5.98048;-0.000711586;ט‏ם.27;-0.206624;0.277782
1182;0.208683;-1.20753;5.49588;1.27727;5.98068;-0.000711598;ט‏ם.27;-0.20682;0.27798
1183;0.208682;-1.20773;5.49568;1.27747;5.98088;-0.000711611;ט‏ם.27;-0.207017;0.278178
1184;0.208682;-1.20792;5.49549;1.27766;5.98107;-0.000711623;ט‏ם.27;-0.207213;0.278376
1185;0.208682;-1.20812;5.49529;1.27786;5.98127;-0.000711636;ט‏ם.27;-0.20741;0.278573
1186;0.208682;-1.20832;5.49509;1.27806;5.98147;-0.000711648;ט‏ם.27;-0.207606;0.278771
1187;0.208682;-1.20851;לאי.49;1.27826;5.98167;-0.00071166;ט‏ם.27;-0.207803;0.278969
1188;0.208681;-1.20871;לאי.47;1.27845;5.98186;-0.000711672;ט‏ם.27;-0.207999;0.279166
1189;0.208681;-1.20891;לאי.45;1.27865;5.98206;-0.000711685;ט‏ם.27;-0.208196;0.279364
1190;0.208681;-1.2091;לאי.43;1.27885;5.98226;-0.000711697;ט‏ם.27;-0.208392;0.279562
1191;0.208681;-1.2093;5.49411;1.27905;5.98246;-0.000711709;ט‏ם.27;-0.208588;0.279759
1192;0.20868;-1.2095;5.49391;1.27925;5.98265;-0.000711722;ט‏ם.27;-0.208785;0.279957
1193;0.20868;-1.20969;5.49371;1.27944;5.98285;-0.000711734;ט‏ם.27;-0.208981;0.280155
1194;0.20868;-1.20989;5.49352;1.27964;5.98305;-0.000711746;ט‏ם.27;-0.209178;0.280353
1195;0.20868;-1.21009;5.49332;1.27984;5.98324;-0.000711759;6.70269;-0.209374;0.28055
1196;0.20868;-1.21028;5.49312;1.28004;5.98344;-0.000711771;6.70269;-0.209571;0.280748
1197;0.208679;-1.21048;5.49293;1.28023;5.98364;-0.000711783;6.70269;-0.209767;0.280946
1198;0.208679;-1.21068;5.49273;1.28043;5.98384;-0.000711796;6.70269;-0.209964;0.281143
1199;0.208679;-1.21087;5.49253;1.28063;5.98403;-0.000711808;6.70269;-0.21016;0.281341
1200;0.208679;-1.21107;5.49234;1.28083;5.98423;-0.00071182;6.70269;-0.210357;0.281539
1201;0.208678;-1.21127;5.49214;1.28102;5.98443;-0.000711832;6.70269;-0.210553;0.281737
1202;0.208678;-1.21146;5.49194;1.28122;5.98463;-0.000711845;6.70269;-0.21075;0.281934
1203;0.208678;-1.21166;5.49174;1.28142;5.98482;-0.000711857;6.70269;-0.210946;0.282132
1204;0.208678;-1.21185;5.49155;1.28162;5.98502;-0.000711869;6.70269;-0.211143;0.28233
1205;0.208678;-1.21205;5.49135;1.28182;5.98522;-0.000711881;6.70269;-0.21134;0.282528
1206;0.208677;-1.21225;5.49115;1.28201;5.98542;-0.000711894;6.70269;-0.211536;0.282725
1207;0.208677;-1.21244;5.49096;1.28221;5.98561;-0.000711906;6.70269;-0.211733;0.282923
1208;0.208677;-1.21264;5.49076;1.28241;5.98581;-0.000711918;6.70269;-0.211929;0.283121
1209;0.208677;-1.21284;5.49056;1.28261;5.98601;-0.00071193;6.70269;-0.212126;0.283319
1210;0.208676;-1.21303;5.49037;ÿםג.28;לאי.62;-0.000711943;6.70269;-0.212322;0.283517
1211;0.208676;-1.21323;5.49017;1.283;לאי.64;-0.000711955;6.70269;-0.212519;0.283714
1212;0.208676;-1.21343;5.48997;ÿםג.32;לאי.66;-0.000711967;6.70269;-0.212715;0.283912
1213;0.208676;-1.21362;5.48978;ÿםג.34;לאי.68;-0.000711979;6.70269;-0.212912;0.28411
1214;0.208675;-1.21382;5.48958;ÿםג.36;5.98699;-0.000711991;6.70269;-0.213108;0.284308
1215;0.208675;-1.21402;5.48938;1.28379;5.98719;-0.000712004;6.70269;-0.213305;0.284505
1216;0.208675;-1.21421;5.48918;1.28399;5.98739;-0.000712016;6.70269;-0.213502;0.284703
1217;0.208675;-1.21441;5.48899;1.28419;5.98759;-0.000712028;6.70269;-0.213698;0.284901
1218;0.208675;-1.21461;5.48879;1.28439;5.98778;-0.00071204;6.70269;-0.213895;0.285099
1219;0.208674;-1.2148;5.48859;1.28458;5.98798;-0.000712053;6.70268;-0.214091;0.285297
1220;0.208674;-1.215;לאי.84;1.28478;5.98818;-0.000712065;6.70268;-0.214288;0.285494
1221;0.208674;-1.2152;לאי.82;1.28498;5.98838;-0.000712077;6.70268;-0.214485;0.285692
1222;0.208674;-1.21539;5.488;1.28518;5.98857;-0.000712089;6.70268;-0.214681;0.28589
1223;0.208673;-1.21559;5.48781;1.28538;5.98877;-0.000712101;6.70268;-0.214878;0.286088
1224;0.208673;-1.21579;5.48761;1.28557;5.98897;-0.000712113;6.70268;-0.215074;0.286286
1225;0.208673;-1.21598;5.48741;1.28577;5.98917;-0.000712126;6.70268;-0.215271;0.286483
1226;0.208673;-1.21618;5.48721;1.28597;5.98936;-0.000712138;6.70268;-0.215467;0.286681
1227;0.208673;-1.21638;5.48702;1.28617;5.98956;-0.00071215;6.70268;-0.215664;0.286879
1228;0.208672;-1.21657;5.48682;1.28636;5.98976;-0.000712162;6.70268;-0.215861;0.287077
1229;0.208672;-1.21677;5.48662;1.28656;5.98996;-0.000712174;6.70268;-0.216057;0.287275
1230;0.208672;-1.21697;5.48643;1.28676;5.99015;-0.000712186;6.70268;-0.216254;0.287473
1231;0.208672;-1.21716;5.48623;1.28696;5.99035;-0.000712199;6.70268;-0.216451;0.28767
1232;0.208672;-1.21736;5.48603;1.28716;5.99055;-0.000712211;6.70268;-0.216647;0.287868
1233;0.208671;-1.21756;5.48584;1.28735;5.99075;-0.000712223;6.70268;-0.216844;0.288066
1234;0.208671;-1.21775;5.48564;1.28755;5.99094;-0.000712235;6.70268;-0.21704;0.288264
1235;0.208671;-1.21795;5.48544;1.28775;5.99114;-0.000712247;6.70268;-0.217237;0.288462
1236;0.208671;-1.21815;5.48524;1.28795;5.99134;-0.000712259;6.70268;-0.217434;0.28866
1237;0.20867;-1.21834;5.48505;1.28815;5.99153;-0.000712271;6.70268;-0.21763;0.288858
1238;0.20867;-1.21854;5.48485;1.28834;5.99173;-0.000712283;6.70268;-0.217827;0.289055
1239;0.20867;-1.21874;5.48465;1.28854;5.99193;-0.000712296;6.70268;-0.218024;0.289253
1240;0.20867;-1.21893;5.48446;1.28874;5.99213;-0.000712308;6.70268;-0.21822;0.289451
1241;0.20867;-1.21913;5.48426;1.28894;5.99232;-0.00071232;6.70268;-0.218417;0.289649
1242;0.208669;-1.21933;5.48406;1.28913;5.99252;-0.000712332;6.70268;-0.218614;0.289847
1243;0.208669;-1.21952;5.48386;1.28933;5.99272;-0.000712344;6.70267;-0.21881;0.290045
1244;0.208669;-1.21972;5.48367;1.28953;5.99292;-0.000712356;6.70267;-0.219007;0.290243
1245;0.208669;-1.21992;5.48347;1.28973;5.99311;-0.000712368;6.70267;-0.219204;0.29044
1246;0.208668;-1.22011;5.48327;1.28993;5.99331;-0.00071238;6.70267;-0.2194;0.290638
1247;0.208668;-1.22031;5.48308;1.29012;5.99351;-0.000712392;6.70267;-0.219597;0.290836
1248;0.208668;-1.22051;5.48288;1.29032;5.99371;-0.000712404;6.70267;-0.219794;0.291034
1249;0.208668;-1.2207;5.48268;1.29052;לאי.39;-0.000712417;6.70267;-0.21999;0.291232
1250;0.208668;-1.2209;5.48248;1.29072;לאי.41;-0.000712429;6.70267;-0.220187;0.29143
1251;0.208667;-1.2211;5.48229;1.29092;לאי.43;-0.000712441;6.70267;-0.220384;0.291628
1252;0.208667;-1.22129;5.48209;1.29111;לאי.45;-0.000712453;6.70267;-0.22058;0.291826
1253;0.208667;-1.22149;5.48189;1.29131;5.99469;-0.000712465;6.70267;-0.220777;0.292024
1254;0.208667;-1.22169;לאי.17;1.29151;5.99489;-0.000712477;6.70267;-0.220974;0.292222
1255;0.208666;-1.22188;לאי.15;1.29171;5.99509;-0.000712489;6.70267;-0.221171;0.292419
1256;0.208666;-1.22208;לאי.13;ÿםג.19;5.99529;-0.000712501;6.70267;-0.221367;0.292617
1257;0.208666;-1.22228;לאי.11;ÿםג.21;5.99548;-0.000712513;6.70267;-0.221564;0.292815
1258;0.208666;-1.22247;5.48091;ÿםג.23;5.99568;-0.000712525;6.70267;-0.221761;0.293013
1259;0.208666;-1.22267;5.48071;ÿםג.25;5.99588;-0.000712537;6.70267;-0.221957;0.293211
1260;0.208665;-1.22287;5.48051;ÿםג.27;5.99608;-0.000712549;6.70267;-0.222154;0.293409
1261;0.208665;-1.22306;5.48032;1.29289;5.99627;-0.000712561;6.70267;-0.222351;0.293607
1262;0.208665;-1.22326;5.48012;1.29309;5.99647;-0.000712573;6.70267;-0.222548;0.293805
1263;0.208665;-1.22346;5.47992;1.29329;5.99667;-0.000712585;6.70267;-0.222744;0.294003
1264;0.208665;-1.22365;5.47972;1.29349;5.99687;-0.000712597;6.70267;-0.222941;0.294201
1265;0.208664;-1.22385;5.47953;1.29369;5.99706;-0.000712609;6.70267;-0.223138;0.294399
1266;0.208664;-1.22405;5.47933;1.29388;5.99726;-0.000712621;6.70267;-0.223335;0.294597
1267;0.208664;-1.22424;5.47913;1.29408;5.99746;-0.000712633;6.70266;-0.223531;0.294795
1268;0.208664;-1.22444;5.47894;1.29428;5.99766;-0.000712645;6.70266;-0.223728;0.294993
1269;0.208663;-1.22464;5.47874;1.29448;5.99785;-0.000712657;6.70266;-0.223925;0.295191
1270;0.208663;-1.22483;5.47854;1.29468;5.99805;-0.000712669;6.70266;-0.224122;0.295389
1271;0.208663;-1.22503;5.47834;1.29487;5.99825;-0.000712681;6.70266;-0.224318;0.295587
1272;0.208663;-1.22523;5.47815;1.29507;5.99845;-0.000712693;6.70266;-0.224515;0.295784
1273;0.208663;-1.22542;5.47795;1.29527;5.99864;-0.000712705;6.70266;-0.224712;0.295982
1274;0.208662;-1.22562;5.47775;1.29547;5.99884;-0.000712717;6.70266;-0.224909;0.29618
1275;0.208662;-1.22582;5.47756;1.29567;5.99904;-0.000712729;6.70266;-0.225106;0.296378
1276;0.208662;-1.22602;5.47736;1.29586;5.99924;-0.000712741;6.70266;-0.225302;0.296576
1277;0.208662;-1.22621;5.47716;1.29606;5.99943;-0.000712753;6.70266;-0.225499;0.296774
1278;0.208662;-1.22641;5.47696;1.29626;5.99963;-0.000712765;6.70266;-0.225696;0.296972
1279;0.208661;-1.22661;5.47677;1.29646;5.99983;-0.000712777;6.70266;-0.225893;0.29717
1280;0.208661;-1.2268;5.47657;1.29666;6.00003;-0.000712789;6.70266;-0.226089;0.297368
1281;0.208661;-1.227;5.47637;1.29685;6.00023;-0.000712801;6.70266;-0.226286;0.297566
1282;0.208661;-1.2272;5.47618;1.29705;6.00042;-0.000712813;6.70266;-0.226483;0.297764
1283;0.20866;-1.22739;5.47598;1.29725;6.00062;-0.000712825;6.70266;-0.22668;0.297962
1284;0.20866;-1.22759;5.47578;1.29745;6.00082;-0.000712837;6.70266;-0.226877;0.29816
1285;0.20866;-1.22779;5.47558;1.29765;6.00102;-0.000712848;6.70266;-0.227073;0.298358
1286;0.20866;-1.22798;5.47539;1.29784;6.00121;-0.00071286;6.70266;-0.22727;0.298556
1287;0.20866;-1.22818;5.47519;1.29804;6.00141;-0.000712872;6.70266;-0.227467;0.298754
1288;0.208659;-1.22838;5.47499;1.29824;6.00161;-0.000712884;6.70266;-0.227664;0.298952
1289;0.208659;-1.22857;5.47479;1.29844;6.00181;-0.000712896;6.70266;-0.227861;0.29915
1290;0.208659;-1.22877;לאי.46;1.29864;6.002;-0.000712908;6.70265;-0.228058;0.299348
1291;0.208659;-1.22897;לאי.44;1.29883;6.0022;-0.00071292;6.70265;-0.228254;0.299546
1292;0.208659;-1.22916;לאי.42;1.29903;6.0024;-0.000712932;6.70265;-0.228451;0.299744
1293;0.208658;-1.22936;5.47401;1.29923;6.0026;-0.000712944;6.70265;-0.228648;0.299943
1294;0.208658;-1.22956;5.47381;1.29943;6.00279;-0.000712956;6.70265;-0.228845;0.300141
1295;0.208658;-1.22975;5.47361;1.29963;6.00299;-0.000712968;6.70265;-0.229042;0.300339
1296;0.208658;-1.22995;5.47341;1.29982;6.00319;-0.000712979;6.70265;-0.229239;0.300537
1297;0.208657;-1.23015;5.47322;1.30002;6.00339;-0.000712991;6.70265;-0.229436;0.300735
1298;0.208657;-1.23035;5.47302;1.30022;6.00358;-0.000713003;6.70265;-0.229632;0.300933
1299;0.208657;-1.23054;5.47282;1.30042;6.00378;-0.000713015;6.70265;-0.229829;0.301131
1300;0.208657;-1.23074;5.47262;1.30062;6.00398;-0.000713027;6.70265;-0.230026;0.301329
1301;0.208657;-1.23094;5.47243;1.30081;6.00418;-0.000713039;6.70265;-0.230223;0.301527
1302;0.208656;-1.23113;5.47223;1.30101;6.00437;-0.000713051;6.70265;-0.23042;0.301725
1303;0.208656;-1.23133;5.47203;1.30121;6.00457;-0.000713063;6.70265;-0.230617;0.301923
1304;0.208656;-1.23153;5.47184;1.30141;6.00477;-0.000713074;6.70265;-0.230814;0.302121
1305;0.208656;-1.23172;5.47164;1.30161;6.00497;-0.000713086;6.70265;-0.231011;0.302319
1306;0.208656;-1.23192;5.47144;ÿםג.18;6.00517;-0.000713098;6.70265;-0.231207;0.302517
1307;0.208655;-1.23212;5.47124;1.302;6.00536;-0.00071311;6.70265;-0.231404;0.302715
1308;0.208655;-1.23231;5.47105;ÿםג.22;6.00556;-0.000713122;6.70265;-0.231601;0.302913
1309;0.208655;-1.23251;5.47085;ÿםג.24;6.00576;-0.000713134;6.70265;-0.231798;0.303111
1310;0.208655;-1.23271;5.47065;ÿםג.26;6.00596;-0.000713145;6.70265;-0.231995;0.30331
1311;0.208655;-1.23291;5.47045;1.30279;6.00615;-0.000713157;6.70265;-0.232192;0.303508
1312;0.208654;-1.2331;5.47026;1.30299;6.00635;-0.000713169;6.70265;-0.232389;0.303706
1313;0.208654;-1.2333;5.47006;1.30319;6.00655;-0.000713181;6.70265;-0.232586;0.303904
1314;0.208654;-1.2335;5.46986;1.30339;6.00675;-0.000713193;6.70264;-0.232783;0.304102
1315;0.208654;-1.23369;5.46966;1.30359;6.00694;-0.000713204;6.70264;-0.23298;0.3043
1316;0.208654;-1.23389;5.46947;1.30378;6.00714;-0.000713216;6.70264;-0.233176;0.304498
1317;0.208653;-1.23409;5.46927;1.30398;6.00734;-0.000713228;6.70264;-0.233373;0.304696
1318;0.208653;-1.23428;5.46907;1.30418;6.00754;-0.00071324;6.70264;-0.23357;0.304894
1319;0.208653;-1.23448;5.46888;1.30438;6.00774;-0.000713252;6.70264;-0.233767;0.305092
1320;0.208653;-1.23468;5.46868;1.30458;6.00793;-0.000713263;6.70264;-0.233964;0.305291
1321;0.208652;-1.23487;5.46848;1.30478;6.00813;-0.000713275;6.70264;-0.234161;0.305489
1322;0.208652;-1.23507;5.46828;1.30497;6.00833;-0.000713287;6.70264;-0.234358;0.305687
1323;0.208652;-1.23527;5.46809;1.30517;6.00853;-0.000713299;6.70264;-0.234555;0.305885
1324;0.208652;-1.23547;5.46789;1.30537;6.00872;-0.000713311;6.70264;-0.234752;0.306083
1325;0.208652;-1.23566;5.46769;1.30557;6.00892;-0.000713322;6.70264;-0.234949;0.306281
1326;0.208651;-1.23586;5.46749;1.30577;6.00912;-0.000713334;6.70264;-0.235146;0.306479
1327;0.208651;-1.23606;לאי.73;1.30596;6.00932;-0.000713346;6.70264;-0.235343;0.306677
1328;0.208651;-1.23625;לאי.71;1.30616;6.00951;-0.000713358;6.70264;-0.23554;0.306876
1329;0.208651;-1.23645;לאי.69;1.30636;6.00971;-0.000713369;6.70264;-0.235737;0.307074
1330;0.208651;-1.23665;לאי.67;1.30656;6.00991;-0.000713381;6.70264;-0.235934;0.307272
1331;0.20865;-1.23684;5.46651;1.30676;6.01011;-0.000713393;6.70264;-0.236131;0.30747
1332;0.20865;-1.23704;5.46631;1.30695;6.01031;-0.000713405;6.70264;-0.236328;0.307668
1333;0.20865;-1.23724;5.46611;1.30715;6.0105;-0.000713416;6.70264;-0.236525;0.307866
1334;0.20865;-1.23744;5.46591;1.30735;6.0107;-0.000713428;6.70264;-0.236722;0.308064
1335;0.20865;-1.23763;5.46572;1.30755;6.0109;-0.00071344;6.70264;-0.236919;0.308263
1336;0.208649;-1.23783;5.46552;1.30775;6.0111;-0.000713452;6.70264;-0.237116;0.308461
1337;0.208649;-1.23803;5.46532;1.30795;6.01129;-0.000713463;6.70263;-0.237313;0.308659
1338;0.208649;-1.23822;5.46512;1.30814;6.01149;-0.000713475;6.70263;-0.23751;0.308857
1339;0.208649;-1.23842;5.46493;1.30834;6.01169;-0.000713487;6.70263;-0.237707;0.309055
1340;0.208649;-1.23862;5.46473;1.30854;6.01189;-0.000713498;6.70263;-0.237904;0.309254
1341;0.208648;-1.23881;5.46453;1.30874;6.01208;-0.00071351;6.70263;-0.238101;0.309452
1342;0.208648;-1.23901;5.46434;1.30894;6.01228;-0.000713522;6.70263;-0.238298;0.30965
1343;0.208648;-1.23921;5.46414;1.30913;6.01248;-0.000713534;6.70263;-0.238495;0.309848
1344;0.208648;-1.23941;5.46394;1.30933;6.01268;-0.000713545;6.70263;-0.238692;0.310046
1345;0.208648;-1.2396;5.46374;1.30953;6.01288;-0.000713557;6.70263;-0.238889;0.310244
1346;0.208647;-1.2398;5.46355;1.30973;6.01307;-0.000713569;6.70263;-0.239086;0.310443
1347;0.208647;-1.24;5.46335;1.30993;6.01327;-0.00071358;6.70263;-0.239283;0.310641
1348;0.208647;-1.24019;5.46315;1.31013;6.01347;-0.000713592;6.70263;-0.23948;0.310839
1349;0.208647;-1.24039;5.46295;1.31032;6.01367;-0.000713604;6.70263;-0.239677;0.311037
1350;0.208647;-1.24059;5.46276;1.31052;6.01386;-0.000713615;6.70263;-0.239874;0.311235
1351;0.208646;-1.24078;5.46256;1.31072;6.01406;-0.000713627;6.70263;-0.240071;0.311434
1352;0.208646;-1.24098;5.46236;1.31092;6.01426;-0.000713639;6.70263;-0.240268;0.311632
1353;0.208646;-1.24118;5.46216;1.31112;6.01446;-0.00071365;6.70263;-0.240465;0.31183
1354;0.208646;-1.24138;5.46197;1.31131;6.01466;-0.000713662;6.70263;-0.240662;0.312028
1355;0.208645;-1.24157;5.46177;1.31151;6.01485;-0.000713674;6.70263;-0.240859;0.312227
1356;0.208645;-1.24177;5.46157;1.31171;6.01505;-0.000713685;6.70263;-0.241056;0.312425
1357;0.208645;-1.24197;5.46137;1.31191;6.01525;-0.000713697;6.70263;-0.241253;0.312623
1358;0.208645;-1.24216;5.46118;1.31211;6.01545;-0.000713709;6.70263;-0.24145;0.312821
1359;0.208645;-1.24236;5.46098;1.31231;6.01564;-0.00071372;6.70263;-0.241647;0.313019
1360;0.208644;-1.24256;5.46078;ÿםג.25;6.01584;-0.000713732;6.70263;-0.241845;0.313218
1361;0.208644;-1.24276;5.46058;ÿםג.27;6.01604;-0.000713743;6.70262;-0.242042;0.313416
1362;0.208644;-1.24295;5.46039;ÿםג.29;6.01624;-0.000713755;6.70262;-0.242239;0.313614
1363;0.208644;-1.24315;5.46019;ÿםג.31;6.01644;-0.000713767;6.70262;-0.242436;0.313812
1364;0.208644;-1.24335;5.45999;ÿםג.33;6.01663;-0.000713778;6.70262;-0.242633;0.314011
1365;0.208643;-1.24354;5.45979;ÿםג.35;6.01683;-0.00071379;6.70262;-0.24283;0.314209
1366;0.208643;-1.24374;לאי.96;1.31369;6.01703;-0.000713801;6.70262;-0.243027;0.314407
1367;0.208643;-1.24394;לאי.94;1.31389;6.01723;-0.000713813;6.70262;-0.243224;0.314605
1368;0.208643;-1.24414;לאי.92;1.31409;6.01743;-0.000713825;6.70262;-0.243421;0.314804
1369;0.208643;-1.24433;5.459;1.31429;6.01762;-0.000713836;6.70262;-0.243618;0.315002
1370;0.208642;-1.24453;5.45881;1.31449;6.01782;-0.000713848;6.70262;-0.243815;0.3152
1371;0.208642;-1.24473;5.45861;1.31468;6.01802;-0.000713859;6.70262;-0.244013;0.315399
1372;0.208642;-1.24492;5.45841;1.31488;6.01822;-0.000713871;6.70262;-0.24421;0.315597
1373;0.208642;-1.24512;5.45821;1.31508;6.01841;-0.000713883;6.70262;-0.244407;0.315795
1374;0.208642;-1.24532;5.45802;1.31528;6.01861;-0.000713894;6.70262;-0.244604;0.315993
1375;0.208641;-1.24551;5.45782;1.31548;6.01881;-0.000713906;6.70262;-0.244801;0.316192
1376;0.208641;-1.24571;5.45762;1.31568;6.01901;-0.000713917;6.70262;-0.244998;0.31639
1377;0.208641;-1.24591;5.45742;1.31587;6.01921;-0.000713929;6.70262;-0.245195;0.316588
1378;0.208641;-1.24611;5.45722;1.31607;6.0194;-0.00071394;6.70262;-0.245392;0.316786
1379;0.208641;-1.2463;5.45703;1.31627;6.0196;-0.000713952;6.70262;-0.24559;0.316985
1380;0.20864;-1.2465;5.45683;1.31647;6.0198;-0.000713964;6.70262;-0.245787;0.317183
1381;0.20864;-1.2467;5.45663;1.31667;06.פוג;-0.000713975;6.70262;-0.245984;0.317381
1382;0.20864;-1.2469;5.45643;1.31687;6.0202;-0.000713987;6.70262;-0.246181;0.31758
1383;0.20864;-1.24709;5.45624;1.31706;6.02039;-0.000713998;6.70262;-0.246378;0.317778
1384;0.20864;-1.24729;5.45604;1.31726;6.02059;-0.00071401;6.70261;-0.246575;0.317976
1385;0.208639;-1.24749;5.45584;1.31746;6.02079;-0.000714021;6.70261;-0.246772;0.318175
1386;0.208639;-1.24768;5.45564;1.31766;6.02099;-0.000714033;6.70261;-0.24697;0.318373
1387;0.208639;-1.24788;5.45545;1.31786;6.02118;-0.000714044;6.70261;-0.247167;0.318571
1388;0.208639;-1.24808;5.45525;1.31806;6.02138;-0.000714056;6.70261;-0.247364;0.31877
1389;0.208639;-1.24828;5.45505;1.31825;6.02158;-0.000714067;6.70261;-0.247561;0.318968
1390;0.208638;-1.24847;5.45485;1.31845;6.02178;-0.000714079;6.70261;-0.247758;0.319166
1391;0.208638;-1.24867;5.45466;1.31865;6.02198;-0.00071409;6.70261;-0.247956;0.319365
1392;0.208638;-1.24887;5.45446;1.31885;6.02217;-0.000714102;6.70261;-0.248153;0.319563
1393;0.208638;-1.24906;5.45426;1.31905;6.02237;-0.000714113;6.70261;-0.24835;0.319761
1394;0.208638;-1.24926;5.45406;1.31925;6.02257;-0.000714125;6.70261;-0.248547;0.31996
1395;0.208638;-1.24946;5.45387;1.31944;6.02277;-0.000714136;6.70261;-0.248744;0.320158
1396;0.208637;-1.24966;5.45367;1.31964;6.02297;-0.000714148;6.70261;-0.248941;0.320356
1397;0.208637;-1.24985;5.45347;1.31984;6.02316;-0.000714159;6.70261;-0.249139;0.320555
1398;0.208637;-1.25005;5.45327;1.32004;6.02336;-0.000714171;6.70261;-0.249336;0.320753
1399;0.208637;-1.25025;5.45308;1.32024;6.02356;-0.000714182;6.70261;-0.249533;0.320951
1400;0.208637;-1.25044;5.45288;1.32044;6.02376;-0.000714194;6.70261;-0.24973;0.32115
1401;0.208636;-1.25064;5.45268;1.32063;6.02396;-0.000714205;6.70261;-0.249928;0.321348
1402;0.208636;-1.25084;5.45248;1.32083;6.02415;-0.000714217;6.70261;-0.250125;0.321546
1403;0.208636;-1.25104;5.45228;1.32103;6.02435;-0.000714228;6.70261;-0.250322;0.321745
1404;0.208636;-1.25123;5.45209;1.32123;6.02455;-0.00071424;6.70261;-0.250519;0.321943
1405;0.208636;-1.25143;5.45189;1.32143;6.02475;-0.000714251;6.70261;-0.250716;0.322142
1406;0.208635;-1.25163;5.45169;1.32163;6.02495;-0.000714263;6.70261;-0.250914;0.32234
1407;0.208635;-1.25183;5.45149;1.32182;6.02514;-0.000714274;ט‏ם.26;-0.251111;0.322538
1408;0.208635;-1.25202;לאי.13;1.32202;6.02534;-0.000714286;ט‏ם.26;-0.251308;0.322737
1409;0.208635;-1.25222;לאי.11;1.32222;6.02554;-0.000714297;ט‏ם.26;-0.251505;0.322935
1410;0.208635;-1.25242;לאי.09;1.32242;6.02574;-0.000714308;ט‏ם.26;-0.251703;0.323133
1411;0.208634;-1.25261;לאי.07;1.32262;6.02593;-0.00071432;ט‏ם.26;-0.2519;0.323332
1412;0.208634;-1.25281;5.45051;1.32282;6.02613;-0.000714331;ט‏ם.26;-0.252097;0.32353
1413;0.208634;-1.25301;5.45031;1.32301;6.02633;-0.000714343;ט‏ם.26;-0.252294;0.323729
1414;0.208634;-1.25321;5.45011;1.32321;6.02653;-0.000714354;ט‏ם.26;-0.252492;0.323927
1415;0.208634;-1.2534;5.44991;1.32341;6.02673;-0.000714366;ט‏ם.26;-0.252689;0.324125
1416;0.208633;-1.2536;5.44971;1.32361;6.02692;-0.000714377;ט‏ם.26;-0.252886;0.324324
1417;0.208633;-1.2538;5.44952;1.32381;6.02712;-0.000714388;ט‏ם.26;-0.253083;0.324522
1418;0.208633;-1.254;5.44932;1.32401;6.02732;-0.0007144;ט‏ם.26;-0.253281;0.324721
1419;0.208633;-1.25419;5.44912;ÿםג.42;6.02752;-0.000714411;ט‏ם.26;-0.253478;0.324919
1420;0.208633;-1.25439;5.44892;ÿםג.44;6.02772;-0.000714423;ט‏ם.26;-0.253675;0.325117
1421;0.208632;-1.25459;5.44873;ÿםג.46;6.02791;-0.000714434;ט‏ם.26;-0.253873;0.325316
1422;0.208632;-1.25478;5.44853;ÿםג.48;6.02811;-0.000714445;ט‏ם.26;-0.25407;0.325514
1423;0.208632;-1.25498;5.44833;1.325;6.02831;-0.000714457;ט‏ם.26;-0.254267;0.325713
1424;0.208632;-1.25518;5.44813;ÿםג.52;6.02851;-0.000714468;ט‏ם.26;-0.254464;0.325911
1425;0.208632;-1.25538;5.44794;ÿםג.54;6.02871;-0.00071448;ט‏ם.26;-0.254662;0.32611
1426;0.208631;-1.25557;5.44774;1.32559;6.0289;-0.000714491;ט‏ם.26;-0.254859;0.326308
1427;0.208631;-1.25577;5.44754;1.32579;6.0291;-0.000714502;ט‏ם.26;-0.255056;0.326507
1428;0.208631;-1.25597;5.44734;1.32599;6.0293;-0.000714514;ט‏ם.26;-0.255254;0.326705
1429;0.208631;-1.25617;5.44714;1.32619;6.0295;-0.000714525;ט‏ם.26;-0.255451;0.326903
1430;0.208631;-1.25636;5.44695;1.32639;6.0297;-0.000714536;6.70259;-0.255648;0.327102
1431;0.208631;-1.25656;5.44675;1.32659;6.02989;-0.000714548;6.70259;-0.255846;0.3273
1432;0.20863;-1.25676;5.44655;1.32678;6.03009;-0.000714559;6.70259;-0.256043;0.327499
1433;0.20863;-1.25695;5.44635;1.32698;6.03029;-0.00071457;6.70259;-0.25624;0.327697
1434;0.20863;-1.25715;5.44616;1.32718;6.03049;-0.000714582;6.70259;-0.256437;0.327896
1435;0.20863;-1.25735;5.44596;1.32738;6.03069;-0.000714593;6.70259;-0.256635;0.328094
1436;0.20863;-1.25755;5.44576;1.32758;6.03088;-0.000714604;6.70259;-0.256832;0.328293
1437;0.208629;-1.25774;5.44556;1.32778;6.03108;-0.000714616;6.70259;-0.257029;0.328491
1438;0.208629;-1.25794;5.44536;1.32797;6.03128;-0.000714627;6.70259;-0.257227;0.32869
1439;0.208629;-1.25814;5.44517;1.32817;6.03148;-0.000714638;6.70259;-0.257424;0.328888
1440;0.208629;-1.25834;5.44497;1.32837;6.03168;-0.00071465;6.70259;-0.257622;0.329086
1441;0.208629;-1.25853;5.44477;1.32857;6.03187;-0.000714661;6.70259;-0.257819;0.329285
1442;0.208628;-1.25873;5.44457;1.32877;6.03207;-0.000714672;6.70259;-0.258016;0.329483
1443;0.208628;-1.25893;5.44438;1.32897;6.03227;-0.000714684;6.70259;-0.258214;0.329682
1444;0.208628;-1.25913;5.44418;1.32917;6.03247;-0.000714695;6.70259;-0.258411;0.32988
1445;0.208628;-1.25932;5.44398;1.32936;6.03267;-0.000714706;6.70259;-0.258608;0.330079
1446;0.208628;-1.25952;5.44378;1.32956;6.03287;-0.000714718;6.70259;-0.258806;0.330277
1447;0.208627;-1.25972;5.44358;1.32976;6.03306;-0.000714729;6.70259;-0.259003;0.330476
1448;0.208627;-1.25992;5.44339;1.32996;6.03326;-0.00071474;6.70259;-0.2592;0.330674
1449;0.208627;-1.26011;5.44319;1.33016;6.03346;-0.000714752;6.70259;-0.259398;0.330873
1450;0.208627;-1.26031;5.44299;1.33036;6.03366;-0.000714763;6.70259;-0.259595;0.331071
1451;0.208627;-1.26051;5.44279;1.33056;6.03386;-0.000714774;6.70259;-0.259793;0.33127
1452;0.208627;-1.2607;לאי.26;1.33075;6.03405;-0.000714785;6.70259;-0.25999;0.331468
1453;0.208626;-1.2609;לאי.24;1.33095;6.03425;-0.000714797;6.70258;-0.260187;0.331667
1454;0.208626;-1.2611;לאי.22;1.33115;6.03445;-0.000714808;6.70258;-0.260385;0.331866
1455;0.208626;-1.2613;5.442;1.33135;6.03465;-0.000714819;6.70258;-0.260582;0.332064
1456;0.208626;-1.26149;לאי.18;1.33155;6.03485;-0.00071483;6.70258;-0.26078;0.332263
1457;0.208626;-1.26169;5.44161;1.33175;6.03504;-0.000714842;6.70258;-0.260977;0.332461
1458;0.208625;-1.26189;5.44141;1.33194;6.03524;-0.000714853;6.70258;-0.261174;0.33266
1459;0.208625;-1.26209;5.44121;1.33214;6.03544;-0.000714864;6.70258;-0.261372;0.332858
1460;0.208625;-1.26228;5.44101;1.33234;6.03564;-0.000714875;6.70258;-0.261569;0.333057
1461;0.208625;-1.26248;5.44081;1.33254;6.03584;-0.000714887;6.70258;-0.261767;0.333255
1462;0.208625;-1.26268;5.44062;1.33274;6.03603;-0.000714898;6.70258;-0.261964;0.333454
1463;0.208625;-1.26288;5.44042;1.33294;6.03623;-0.000714909;6.70258;-0.262161;0.333652
1464;0.208624;-1.26307;5.44022;1.33314;6.03643;-0.00071492;6.70258;-0.262359;0.333851
1465;0.208624;-1.26327;5.44002;1.33333;6.03663;-0.000714932;6.70258;-0.262556;0.334049
1466;0.208624;-1.26347;5.43983;1.33353;6.03683;-0.000714943;6.70258;-0.262754;0.334248
1467;0.208624;-1.26367;5.43963;1.33373;6.03702;-0.000714954;6.70258;-0.262951;0.334447
1468;0.208624;-1.26386;5.43943;1.33393;6.03722;-0.000714965;6.70258;-0.263149;0.334645
1469;0.208623;-1.26406;5.43923;1.33413;6.03742;-0.000714977;6.70258;-0.263346;0.334844
1470;0.208623;-1.26426;5.43903;1.33433;6.03762;-0.000714988;6.70258;-0.263543;0.335042
1471;0.208623;-1.26446;5.43884;1.33453;6.03782;-0.000714999;6.70258;-0.263741;0.335241
1472;0.208623;-1.26465;5.43864;1.33472;6.03802;-0.00071501;6.70258;-0.263938;0.335439
1473;0.208623;-1.26485;5.43844;1.33492;6.03821;-0.000715021;6.70258;-0.264136;0.335638
1474;0.208622;-1.26505;5.43824;1.33512;6.03841;-0.000715033;6.70258;-0.264333;0.335837
1475;0.208622;-1.26525;5.43804;1.33532;6.03861;-0.000715044;6.70257;-0.264531;0.336035
1476;0.208622;-1.26544;5.43785;1.33552;6.03881;-0.000715055;6.70257;-0.264728;0.336234
1477;0.208622;-1.26564;5.43765;1.33572;6.03901;-0.000715066;6.70257;-0.264926;0.336432
1478;0.208622;-1.26584;5.43745;1.33592;6.0392;-0.000715077;6.70257;-0.265123;0.336631
1479;0.208622;-1.26604;5.43725;1.33611;6.0394;-0.000715088;6.70257;-0.265321;0.336829
1480;0.208621;-1.26623;5.43705;1.33631;6.0396;-0.0007151;6.70257;-0.265518;0.337028
1481;0.208621;-1.26643;5.43686;1.33651;6.0398;-0.000715111;6.70257;-0.265716;0.337227
1482;0.208621;-1.26663;5.43666;1.33671;06.אןנ;-0.000715122;6.70257;-0.265913;0.337425
1483;0.208621;-1.26683;5.43646;1.33691;6.0402;-0.000715133;6.70257;-0.266111;0.337624
1484;0.208621;-1.26702;5.43626;1.33711;6.04039;-0.000715144;6.70257;-0.266308;0.337822
1485;0.20862;-1.26722;5.43606;1.33731;6.04059;-0.000715155;6.70257;-0.266506;0.338021
1486;0.20862;-1.26742;5.43587;ÿםג.75;6.04079;-0.000715167;6.70257;-0.266703;0.33822
1487;0.20862;-1.26762;5.43567;ÿםג.77;6.04099;-0.000715178;6.70257;-0.266901;0.338418
1488;0.20862;-1.26781;5.43547;ÿםג.79;6.04119;-0.000715189;6.70257;-0.267098;0.338617
1489;0.20862;-1.26801;5.43527;ÿםג.81;6.04138;-0.0007152;6.70257;-0.267296;0.338816
1490;0.20862;-1.26821;5.43508;ÿםג.83;6.04158;-0.000715211;6.70257;-0.267493;0.339014
1491;0.208619;-1.26841;5.43488;ÿםג.85;6.04178;-0.000715222;6.70257;-0.267691;0.339213
1492;0.208619;-1.2686;5.43468;ÿםג.87;6.04198;-0.000715233;6.70257;-0.267888;0.339411
1493;0.208619;-1.2688;5.43448;1.33889;6.04218;-0.000715245;6.70257;-0.268086;0.33961
1494;0.208619;-1.269;5.43428;1.33909;6.04238;-0.000715256;6.70257;-0.268283;0.339809
1495;0.208619;-1.2692;5.43409;1.33929;6.04257;-0.000715267;6.70257;-0.268481;0.340007
1496;0.208618;-1.26939;5.43389;1.33949;6.04277;-0.000715278;6.70257;-0.268678;0.340206
1497;0.208618;-1.26959;5.43369;1.33969;6.04297;-0.000715289;6.70257;-0.268876;0.340405
1498;0.208618;-1.26979;5.43349;1.33989;6.04317;-0.0007153;6.70256;-0.269073;0.340603
1499;0.208618;-1.26999;5.43329;1.34009;6.04337;-0.000715311;6.70256;-0.269271;0.340802
1500;0.208618;-1.27018;לאי.31;1.34029;6.04356;-0.000715322;6.70256;-0.269468;0.341001
1501;0.208618;-1.27038;לאי.29;1.34048;6.04376;-0.000715333;6.70256;-0.269666;0.341199
1502;0.208617;-1.27058;לאי.27;1.34068;6.04396;-0.000715344;6.70256;-0.269863;0.341398
1503;0.208617;-1.27078;לאי.25;1.34088;6.04416;-0.000715356;6.70256;-0.270061;0.341597
1504;0.208617;-1.27097;לאי.23;1.34108;6.04436;-0.000715367;6.70256;-0.270259;0.341795
1505;0.208617;-1.27117;5.43211;1.34128;6.04456;-0.000715378;6.70256;-0.270456;0.341994
1506;0.208617;-1.27137;5.43191;1.34148;6.04475;-0.000715389;6.70256;-0.270654;0.342193
1507;0.208616;-1.27157;5.43171;1.34168;6.04495;-0.0007154;6.70256;-0.270851;0.342391
1508;0.208616;-1.27176;5.43151;1.34187;6.04515;-0.000715411;6.70256;-0.271049;0.34259
1509;0.208616;-1.27196;5.43131;1.34207;6.04535;-0.000715422;6.70256;-0.271246;0.342789
1510;0.208616;-1.27216;5.43112;1.34227;6.04555;-0.000715433;6.70256;-0.271444;0.342987
1511;0.208616;-1.27236;5.43092;1.34247;6.04574;-0.000715444;6.70256;-0.271642;0.343186
1512;0.208616;-1.27255;5.43072;1.34267;6.04594;-0.000715455;6.70256;-0.271839;0.343385
1513;0.208615;-1.27275;5.43052;1.34287;6.04614;-0.000715466;6.70256;-0.272037;0.343583
1514;0.208615;-1.27295;5.43032;1.34307;6.04634;-0.000715477;6.70256;-0.272234;0.343782
1515;0.208615;-1.27315;5.43013;1.34327;6.04654;-0.000715488;6.70256;-0.272432;0.343981
1516;0.208615;-1.27335;5.42993;1.34346;6.04674;-0.000715499;6.70256;-0.27263;0.344179
1517;0.208615;-1.27354;5.42973;1.34366;6.04693;-0.00071551;6.70256;-0.272827;0.344378
1518;0.208615;-1.27374;5.42953;1.34386;6.04713;-0.000715521;6.70256;-0.273025;0.344577
1519;0.208614;-1.27394;5.42933;1.34406;6.04733;-0.000715532;6.70256;-0.273222;0.344776
1520;0.208614;-1.27414;5.42913;1.34426;6.04753;-0.000715543;6.70255;-0.27342;0.344974
1521;0.208614;-1.27433;5.42894;1.34446;6.04773;-0.000715555;6.70255;-0.273618;0.345173
1522;0.208614;-1.27453;5.42874;1.34466;6.04793;-0.000715566;6.70255;-0.273815;0.345372
1523;0.208614;-1.27473;5.42854;1.34485;6.04812;-0.000715577;6.70255;-0.274013;0.34557
1524;0.208613;-1.27493;5.42834;1.34505;6.04832;-0.000715588;6.70255;-0.27421;0.345769
1525;0.208613;-1.27512;5.42814;1.34525;6.04852;-0.000715599;6.70255;-0.274408;0.345968
1526;0.208613;-1.27532;5.42795;1.34545;6.04872;-0.00071561;6.70255;-0.274606;0.346167
1527;0.208613;-1.27552;5.42775;1.34565;6.04892;-0.000715621;6.70255;-0.274803;0.346365
1528;0.208613;-1.27572;5.42755;1.34585;6.04912;-0.000715632;6.70255;-0.275001;0.346564
1529;0.208613;-1.27591;5.42735;1.34605;6.04931;-0.000715643;6.70255;-0.275199;0.346763
1530;0.208612;-1.27611;5.42715;1.34625;6.04951;-0.000715654;6.70255;-0.275396;0.346962
1531;0.208612;-1.27631;5.42696;1.34644;6.04971;-0.000715665;6.70255;-0.275594;0.34716
1532;0.208612;-1.27651;5.42676;1.34664;6.04991;-0.000715676;6.70255;-0.275792;0.347359
1533;0.208612;-1.2767;5.42656;1.34684;6.05011;-0.000715686;6.70255;-0.275989;0.347558
1534;0.208612;-1.2769;5.42636;1.34704;6.05031;-0.000715697;6.70255;-0.276187;0.347757
1535;0.208612;-1.2771;5.42616;1.34724;6.0505;-0.000715708;6.70255;-0.276384;0.347955
1536;0.208611;-1.2773;5.42597;1.34744;6.0507;-0.000715719;6.70255;-0.276582;0.348154
1537;0.208611;-1.2775;5.42577;1.34764;6.0509;-0.00071573;6.70255;-0.27678;0.348353
1538;0.208611;-1.27769;5.42557;1.34784;6.0511;-0.000715741;6.70255;-0.276977;0.348552
1539;0.208611;-1.27789;5.42537;1.34803;6.0513;-0.000715752;6.70255;-0.277175;0.34875
1540;0.208611;-1.27809;5.42517;1.34823;6.0515;-0.000715763;6.70255;-0.277373;0.348949
1541;0.20861;-1.27829;5.42497;1.34843;6.05169;-0.000715774;6.70255;-0.277571;0.349148
1542;0.20861;-1.27848;5.42478;1.34863;6.05189;-0.000715785;6.70255;-0.277768;0.349347
1543;0.20861;-1.27868;5.42458;1.34883;6.05209;-0.000715796;6.70254;-0.277966;0.349545
1544;0.20861;-1.27888;5.42438;1.34903;6.05229;-0.000715807;6.70254;-0.278164;0.349744
1545;0.20861;-1.27908;5.42418;1.34923;6.05249;-0.000715818;6.70254;-0.278361;0.349943
1546;0.20861;-1.27927;5.42398;1.34943;6.05269;-0.000715829;6.70254;-0.278559;0.350142
1547;0.208609;-1.27947;5.42379;1.34962;6.05288;-0.00071584;6.70254;-0.278757;0.350341
1548;0.208609;-1.27967;5.42359;1.34982;6.05308;-0.000715851;6.70254;-0.278954;0.350539
1549;0.208609;-1.27987;5.42339;1.35002;6.05328;-0.000715862;6.70254;-0.279152;0.350738
1550;0.208609;-1.28007;5.42319;1.35022;6.05348;-0.000715873;6.70254;-0.27935;0.350937
1551;0.208609;-1.28026;5.42299;1.35042;6.05368;-0.000715883;6.70254;-0.279547;0.351136
1552;0.208609;-1.28046;לאי.28;1.35062;6.05388;-0.000715894;6.70254;-0.279745;0.351335
1553;0.208608;-1.28066;לאי.26;1.35082;6.05407;-0.000715905;6.70254;-0.279943;0.351533
1554;0.208608;-1.28086;לאי.24;1.35102;6.05427;-0.000715916;6.70254;-0.280141;0.351732
1555;0.208608;-1.28105;לאי.22;1.35122;6.05447;-0.000715927;6.70254;-0.280338;0.351931
1556;0.208608;-1.28125;5.422;1.35141;6.05467;-0.000715938;6.70254;-0.280536;0.35213
1557;0.208608;-1.28145;לאי.18;1.35161;6.05487;-0.000715949;6.70254;-0.280734;0.352329
1558;0.208608;-1.28165;5.42161;1.35181;6.05507;-0.00071596;6.70254;-0.280932;0.352528
1559;0.208607;-1.28185;5.42141;1.35201;6.05526;-0.000715971;6.70254;-0.281129;0.352726
1560;0.208607;-1.28204;5.42121;1.35221;6.05546;-0.000715981;6.70254;-0.281327;0.352925
1561;0.208607;-1.28224;5.42101;1.35241;6.05566;-0.000715992;6.70254;-0.281525;0.353124
1562;0.208607;-1.28244;5.42081;1.35261;6.05586;-0.000716003;6.70254;-0.281723;0.353323
1563;0.208607;-1.28264;5.42062;1.35281;6.05606;-0.000716014;6.70254;-0.28192;0.353522
1564;0.208607;-1.28283;5.42042;1.353;6.05626;-0.000716025;6.70254;-0.282118;0.353721
1565;0.208606;-1.28303;5.42022;ÿםג.32;6.05645;-0.000716036;6.70253;-0.282316;0.353919
1566;0.208606;-1.28323;5.42002;ÿםג.34;6.05665;-0.000716047;6.70253;-0.282514;0.354118
1567;0.208606;-1.28343;5.41982;ÿםג.36;6.05685;-0.000716058;6.70253;-0.282711;0.354317
1568;0.208606;-1.28363;5.41962;ÿםג.38;6.05705;-0.000716068;6.70253;-0.282909;0.354516
1569;0.208606;-1.28382;5.41943;1.354;6.05725;-0.000716079;6.70253;-0.283107;0.354715
1570;0.208605;-1.28402;5.41923;ÿםג.42;6.05745;-0.00071609;6.70253;-0.283305;0.354914
1571;0.208605;-1.28422;5.41903;ÿםג.44;6.05764;-0.000716101;6.70253;-0.283502;0.355112
1572;0.208605;-1.28442;5.41883;ÿםג.46;6.05784;-0.000716112;6.70253;-0.2837;0.355311
1573;0.208605;-1.28461;5.41863;1.35479;6.05804;-0.000716123;6.70253;-0.283898;0.35551
1574;0.208605;-1.28481;5.41843;1.35499;6.05824;-0.000716133;6.70253;-0.284096;0.355709
1575;0.208605;-1.28501;5.41824;1.35519;6.05844;-0.000716144;6.70253;-0.284294;0.355908
1576;0.208604;-1.28521;5.41804;1.35539;6.05864;-0.000716155;6.70253;-0.284491;0.356107
1577;0.208604;-1.28541;5.41784;1.35559;6.05884;-0.000716166;6.70253;-0.284689;0.356306
1578;0.208604;-1.2856;5.41764;1.35579;6.05903;-0.000716177;6.70253;-0.284887;0.356505
1579;0.208604;-1.2858;5.41744;1.35599;6.05923;-0.000716188;6.70253;-0.285085;0.356703
1580;0.208604;-1.286;5.41725;1.35619;6.05943;-0.000716198;6.70253;-0.285282;0.356902
1581;0.208604;-1.2862;5.41705;1.35639;6.05963;-0.000716209;6.70253;-0.28548;0.357101
1582;0.208603;-1.28639;5.41685;1.35658;6.05983;-0.00071622;6.70253;-0.285678;0.3573
1583;0.208603;-1.28659;5.41665;1.35678;6.06003;-0.000716231;6.70253;-0.285876;0.357499
1584;0.208603;-1.28679;5.41645;1.35698;6.06022;-0.000716242;6.70253;-0.286074;0.357698
1585;0.208603;-1.28699;5.41625;1.35718;6.06042;-0.000716252;6.70253;-0.286272;0.357897
1586;0.208603;-1.28719;5.41606;1.35738;6.06062;-0.000716263;6.70253;-0.286469;0.358096
1587;0.208603;-1.28738;5.41586;1.35758;6.06082;-0.000716274;6.70252;-0.286667;0.358295
1588;0.208602;-1.28758;5.41566;1.35778;6.06102;-0.000716285;6.70252;-0.286865;0.358494
1589;0.208602;-1.28778;5.41546;1.35798;6.06122;-0.000716295;6.70252;-0.287063;0.358692
1590;0.208602;-1.28798;5.41526;1.35818;6.06141;-0.000716306;6.70252;-0.287261;0.358891
1591;0.208602;-1.28817;5.41506;1.35837;6.06161;-0.000716317;6.70252;-0.287459;0.35909
1592;0.208602;-1.28837;5.41487;1.35857;6.06181;-0.000716328;6.70252;-0.287656;0.359289
1593;0.208602;-1.28857;5.41467;1.35877;6.06201;-0.000716338;6.70252;-0.287854;0.359488
1594;0.208601;-1.28877;5.41447;1.35897;6.06221;-0.000716349;6.70252;-0.288052;0.359687
1595;0.208601;-1.28897;5.41427;1.35917;6.06241;-0.00071636;6.70252;-0.28825;0.359886
1596;0.208601;-1.28916;5.41407;1.35937;6.06261;-0.000716371;6.70252;-0.288448;0.360085
1597;0.208601;-1.28936;5.41387;1.35957;6.0628;-0.000716381;6.70252;-0.288646;0.360284
1598;0.208601;-1.28956;5.41368;1.35977;6.063;-0.000716392;6.70252;-0.288844;0.360483
1599;0.208601;-1.28976;5.41348;1.35997;6.0632;-0.000716403;6.70252;-0.289041;0.360682
1600;0.208601;-1.28996;5.41328;1.36016;6.0634;-0.000716414;6.70252;-0.289239;0.360881
1601;0.2086;-1.29015;5.41308;1.36036;6.0636;-0.000716424;6.70252;-0.289437;0.36108
1602;0.2086;-1.29035;5.41288;1.36056;6.0638;-0.000716435;6.70252;-0.289635;0.361279
1603;0.2086;-1.29055;5.41268;1.36076;6.064;-0.000716446;6.70252;-0.289833;0.361477
1604;0.2086;-1.29075;5.41249;1.36096;6.06419;-0.000716457;6.70252;-0.290031;0.361676
1605;0.2086;-1.29095;5.41229;1.36116;6.06439;-0.000716467;6.70252;-0.290229;0.361875
1606;0.2086;-1.29114;5.41209;1.36136;6.06459;-0.000716478;6.70252;-0.290427;0.362074
1607;0.208599;-1.29134;5.41189;1.36156;6.06479;-0.000716489;6.70252;-0.290624;0.362273
1608;0.208599;-1.29154;5.41169;1.36176;6.06499;-0.000716499;6.70252;-0.290822;0.362472
1609;0.208599;-1.29174;5.41149;1.36195;6.06519;-0.00071651;6.70251;-0.29102;0.362671
1610;0.208599;-1.29193;לאי.13;1.36215;6.06538;-0.000716521;6.70251;-0.291218;0.36287
1611;0.208599;-1.29213;לאי.11;1.36235;6.06558;-0.000716532;6.70251;-0.291416;0.363069
1612;0.208599;-1.29233;לאי.09;1.36255;6.06578;-0.000716542;6.70251;-0.291614;0.363268
1613;0.208598;-1.29253;לאי.07;1.36275;6.06598;-0.000716553;6.70251;-0.291812;0.363467
1614;0.208598;-1.29273;לאי.05;1.36295;6.06618;-0.000716564;6.70251;-0.29201;0.363666
1615;0.208598;-1.29292;לאי.03;1.36315;6.06638;-0.000716574;6.70251;-0.292208;0.363865
1616;0.208598;-1.29312;5.41011;1.36335;6.06658;-0.000716585;6.70251;-0.292406;0.364064
1617;0.208598;-1.29332;5.40991;1.36355;6.06677;-0.000716596;6.70251;-0.292603;0.364263
1618;0.208598;-1.29352;5.40971;1.36375;6.06697;-0.000716606;6.70251;-0.292801;0.364462
1619;0.208597;-1.29372;5.40951;1.36394;6.06717;-0.000716617;6.70251;-0.292999;0.364661
1620;0.208597;-1.29391;5.40931;1.36414;6.06737;-0.000716628;6.70251;-0.293197;0.36486
1621;0.208597;-1.29411;5.40911;1.36434;6.06757;-0.000716638;6.70251;-0.293395;0.365059
1622;0.208597;-1.29431;5.40892;1.36454;6.06777;-0.000716649;6.70251;-0.293593;0.365258
1623;0.208597;-1.29451;5.40872;1.36474;6.06797;-0.00071666;6.70251;-0.293791;0.365457
1624;0.208597;-1.29471;5.40852;1.36494;6.06816;-0.00071667;6.70251;-0.293989;0.365656
1625;0.208596;-1.2949;5.40832;1.36514;6.06836;-0.000716681;6.70251;-0.294187;0.365855
1626;0.208596;-1.2951;5.40812;1.36534;6.06856;-0.000716692;6.70251;-0.294385;0.366054
1627;0.208596;-1.2953;5.40792;1.36554;6.06876;-0.000716702;6.70251;-0.294583;0.366253
1628;0.208596;-1.2955;5.40773;1.36574;6.06896;-0.000716713;6.70251;-0.294781;0.366452
1629;0.208596;-1.2957;5.40753;1.36593;6.06916;-0.000716723;6.70251;-0.294979;0.366651
1630;0.208596;-1.29589;5.40733;1.36613;6.06936;-0.000716734;6.70251;-0.295177;0.36685
1631;0.208595;-1.29609;5.40713;1.36633;6.06955;-0.000716745;ט‏ם.25;-0.295375;0.367049
1632;0.208595;-1.29629;5.40693;1.36653;6.06975;-0.000716755;ט‏ם.25;-0.295573;0.367248
1633;0.208595;-1.29649;5.40673;1.36673;6.06995;-0.000716766;ט‏ם.25;-0.295771;0.367447
1634;0.208595;-1.29669;5.40653;1.36693;6.07015;-0.000716777;ט‏ם.25;-0.295969;0.367646
1635;0.208595;-1.29688;5.40634;1.36713;6.07035;-0.000716787;ט‏ם.25;-0.296167;0.367845
1636;0.208595;-1.29708;5.40614;1.36733;6.07055;-0.000716798;ט‏ם.25;-0.296365;0.368044
1637;0.208595;-1.29728;5.40594;1.36753;6.07075;-0.000716808;ט‏ם.25;-0.296563;0.368243
1638;0.208594;-1.29748;5.40574;1.36773;6.07094;-0.000716819;ט‏ם.25;-0.296761;0.368442
1639;0.208594;-1.29768;5.40554;1.36792;6.07114;-0.00071683;ט‏ם.25;-0.296959;0.368642
1640;0.208594;-1.29787;5.40534;1.36812;6.07134;-0.00071684;ט‏ם.25;-0.297157;0.368841
1641;0.208594;-1.29807;5.40515;1.36832;6.07154;-0.000716851;ט‏ם.25;-0.297355;0.36904
1642;0.208594;-1.29827;5.40495;1.36852;6.07174;-0.000716861;ט‏ם.25;-0.297553;0.369239
1643;0.208594;-1.29847;5.40475;1.36872;6.07194;-0.000716872;ט‏ם.25;-0.297751;0.369438
1644;0.208593;-1.29867;5.40455;1.36892;6.07214;-0.000716883;ט‏ם.25;-0.297949;0.369637
1645;0.208593;-1.29886;5.40435;1.36912;6.07233;-0.000716893;ט‏ם.25;-0.298147;0.369836
1646;0.208593;-1.29906;5.40415;1.36932;6.07253;-0.000716904;ט‏ם.25;-0.298345;0.370035
1647;0.208593;-1.29926;5.40396;1.36952;6.07273;-0.000716914;ט‏ם.25;-0.298543;0.370234
1648;0.208593;-1.29946;5.40376;1.36972;6.07293;-0.000716925;ט‏ם.25;-0.298741;0.370433
1649;0.208593;-1.29966;5.40356;1.36992;6.07313;-0.000716935;ט‏ם.25;-0.298939;0.370632
1650;0.208592;-1.29985;5.40336;1.37011;6.07333;-0.000716946;ט‏ם.25;-0.299137;0.370831
1651;0.208592;-1.30005;5.40316;1.37031;6.07353;-0.000716956;ט‏ם.25;-0.299335;0.37103
1652;0.208592;-1.30025;5.40296;1.37051;6.07372;-0.000716967;ט‏ם.25;-0.299533;0.371229
1653;0.208592;-1.30045;5.40276;1.37071;6.07392;-0.000716978;6.70249;-0.299731;0.371429
1654;0.208592;-1.30065;5.40257;1.37091;6.07412;-0.000716988;6.70249;-0.299929;0.371628
1655;0.208592;-1.30084;5.40237;1.37111;6.07432;-0.000716999;6.70249;-0.300127;0.371827
1656;0.208592;-1.30104;5.40217;1.37131;6.07452;-0.000717009;6.70249;-0.300325;0.372026
1657;0.208591;-1.30124;5.40197;1.37151;6.07472;-0.00071702;6.70249;-0.300523;0.372225
1658;0.208591;-1.30144;5.40177;1.37171;6.07492;-0.00071703;6.70249;-0.300721;0.372424
1659;0.208591;-1.30164;5.40157;1.37191;6.07512;-0.000717041;6.70249;-0.300919;0.372623
1660;0.208591;-1.30183;5.40137;1.37211;6.07531;-0.000717051;6.70249;-0.301117;0.372822
1661;0.208591;-1.30203;5.40118;ÿםג.23;6.07551;-0.000717062;6.70249;-0.301315;0.373021
1662;0.208591;-1.30223;5.40098;ÿםג.25;6.07571;-0.000717072;6.70249;-0.301513;0.37322
1663;0.20859;-1.30243;5.40078;ÿםג.27;6.07591;-0.000717083;6.70249;-0.301711;0.37342
1664;0.20859;-1.30263;5.40058;ÿםג.29;6.07611;-0.000717093;6.70249;-0.301909;0.373619
1665;0.20859;-1.30282;5.40038;ÿםג.31;6.07631;-0.000717104;6.70249;-0.302107;0.373818
1666;0.20859;-1.30302;5.40018;ÿםג.33;6.07651;-0.000717114;6.70249;-0.302306;0.374017
1667;0.20859;-1.30322;5.39998;ÿםג.35;6.0767;-0.000717125;6.70249;-0.302504;0.374216
1668;0.20859;-1.30342;5.39979;ÿםג.37;6.0769;-0.000717135;6.70249;-0.302702;0.374415
1669;0.20859;-1.30362;5.39959;ÿםג.39;6.0771;-0.000717146;6.70249;-0.3029;0.374614
1670;0.208589;-1.30381;5.39939;ÿםג.41;6.0773;-0.000717156;6.70249;-0.303098;0.374813
1671;0.208589;-1.30401;5.39919;ÿםג.43;6.0775;-0.000717167;6.70249;-0.303296;0.375013
1672;0.208589;-1.30421;5.39899;1.37449;6.0777;-0.000717177;6.70249;-0.303494;0.375212
1673;0.208589;-1.30441;5.39879;1.37469;6.0779;-0.000717188;6.70249;-0.303692;0.375411
1674;0.208589;-1.30461;לאי.86;1.37489;6.0781;-0.000717198;6.70249;-0.30389;0.37561
1675;0.208589;-1.30481;לאי.84;1.37509;6.07829;-0.000717209;6.70248;-0.304088;0.375809
1676;0.208589;-1.305;לאי.82;1.37529;6.07849;-0.000717219;6.70248;-0.304286;0.376008
1677;0.208588;-1.3052;5.398;1.37549;6.07869;-0.00071723;6.70248;-0.304485;0.376208
1678;0.208588;-1.3054;לאי.78;1.37569;6.07889;-0.00071724;6.70248;-0.304683;0.376407
1679;0.208588;-1.3056;לאי.76;1.37589;6.07909;-0.000717251;6.70248;-0.304881;0.376606
1680;0.208588;-1.3058;לאי.74;1.37609;6.07929;-0.000717261;6.70248;-0.305079;0.376805
1681;0.208588;-1.30599;5.39721;1.37629;6.07949;-0.000717272;6.70248;-0.305277;0.377004
1682;0.208588;-1.30619;5.39701;1.37649;6.07968;-0.000717282;6.70248;-0.305475;0.377203
1683;0.208587;-1.30639;5.39681;1.37669;6.07988;-0.000717292;6.70248;-0.305673;0.377403
1684;0.208587;-1.30659;5.39661;1.37688;6.08008;-0.000717303;6.70248;-0.305871;0.377602
1685;0.208587;-1.30679;5.39641;1.37708;6.08028;-0.000717313;6.70248;-0.30607;0.377801
1686;0.208587;-1.30698;5.39621;1.37728;6.08048;-0.000717324;6.70248;-0.306268;0.378
1687;0.208587;-1.30718;5.39601;1.37748;6.08068;-0.000717334;6.70248;-0.306466;0.378199
1688;0.208587;-1.30738;5.39581;1.37768;6.08088;-0.000717345;6.70248;-0.306664;0.378398
1689;0.208587;-1.30758;5.39562;1.37788;6.08108;-0.000717355;6.70248;-0.306862;0.378598
1690;0.208586;-1.30778;5.39542;1.37808;6.08127;-0.000717365;6.70248;-0.30706;0.378797
1691;0.208586;-1.30798;5.39522;1.37828;6.08147;-0.000717376;6.70248;-0.307258;0.378996
1692;0.208586;-1.30817;5.39502;1.37848;6.08167;-0.000717386;6.70248;-0.307457;0.379195
1693;0.208586;-1.30837;5.39482;1.37868;6.08187;-0.000717397;6.70248;-0.307655;0.379394
1694;0.208586;-1.30857;5.39462;1.37888;6.08207;-0.000717407;6.70248;-0.307853;0.379594
1695;0.208586;-1.30877;5.39442;1.37908;6.08227;-0.000717417;6.70248;-0.308051;0.379793
1696;0.208586;-1.30897;5.39423;1.37927;6.08247;-0.000717428;6.70248;-0.308249;0.379992
1697;0.208585;-1.30916;5.39403;1.37947;6.08267;-0.000717438;6.70247;-0.308447;0.380191
1698;0.208585;-1.30936;5.39383;1.37967;6.08286;-0.000717449;6.70247;-0.308646;0.38039
1699;0.208585;-1.30956;5.39363;1.37987;6.08306;-0.000717459;6.70247;-0.308844;0.38059
1700;0.208585;-1.30976;5.39343;1.38007;6.08326;-0.000717469;6.70247;-0.309042;0.380789
1701;0.208585;-1.30996;5.39323;1.38027;6.08346;-0.00071748;6.70247;-0.30924;0.380988
1702;0.208585;-1.31016;5.39303;1.38047;6.08366;-0.00071749;6.70247;-0.309438;0.381187
1703;0.208584;-1.31035;5.39284;1.38067;6.08386;-0.000717501;6.70247;-0.309636;0.381387
1704;0.208584;-1.31055;5.39264;1.38087;6.08406;-0.000717511;6.70247;-0.309835;0.381586
1705;0.208584;-1.31075;5.39244;1.38107;6.08426;-0.000717521;6.70247;-0.310033;0.381785
1706;0.208584;-1.31095;5.39224;1.38127;6.08445;-0.000717532;6.70247;-0.310231;0.381984
1707;0.208584;-1.31115;5.39204;1.38147;6.08465;-0.000717542;6.70247;-0.310429;0.382183
1708;0.208584;-1.31135;5.39184;1.38167;6.08485;-0.000717552;6.70247;-0.310627;0.382383
1709;0.208584;-1.31154;5.39164;1.38186;6.08505;-0.000717563;6.70247;-0.310826;0.382582
1710;0.208583;-1.31174;5.39144;1.38206;6.08525;-0.000717573;6.70247;-0.311024;0.382781
1711;0.208583;-1.31194;5.39125;1.38226;6.08545;-0.000717583;6.70247;-0.311222;0.38298
1712;0.208583;-1.31214;5.39105;1.38246;6.08565;-0.000717594;6.70247;-0.31142;0.38318
1713;0.208583;-1.31234;5.39085;1.38266;6.08585;-0.000717604;6.70247;-0.311619;0.383379
1714;0.208583;-1.31253;5.39065;1.38286;6.08605;-0.000717614;6.70247;-0.311817;0.383578
1715;0.208583;-1.31273;5.39045;1.38306;6.08624;-0.000717625;6.70247;-0.312015;0.383777
1716;0.208583;-1.31293;5.39025;1.38326;6.08644;-0.000717635;6.70247;-0.312213;0.383977
1717;0.208582;-1.31313;5.39005;1.38346;6.08664;-0.000717645;6.70247;-0.312411;0.384176
1718;0.208582;-1.31333;5.38986;1.38366;6.08684;-0.000717656;6.70247;-0.31261;0.384375
1719;0.208582;-1.31353;5.38966;1.38386;6.08704;-0.000717666;6.70246;-0.312808;0.384575
1720;0.208582;-1.31372;5.38946;1.38406;6.08724;-0.000717676;6.70246;-0.313006;0.384774
1721;0.208582;-1.31392;5.38926;1.38426;6.08744;-0.000717687;6.70246;-0.313204;0.384973
1722;0.208582;-1.31412;5.38906;1.38445;6.08764;-0.000717697;6.70246;-0.313403;0.385172
1723;0.208582;-1.31432;5.38886;1.38465;6.08783;-0.000717707;6.70246;-0.313601;0.385372
1724;0.208581;-1.31452;5.38866;1.38485;6.08803;-0.000717718;6.70246;-0.313799;0.385571
1725;0.208581;-1.31472;5.38846;1.38505;6.08823;-0.000717728;6.70246;-0.313997;0.38577
1726;0.208581;-1.31491;5.38827;1.38525;6.08843;-0.000717738;6.70246;-0.314196;0.38597
1727;0.208581;-1.31511;5.38807;1.38545;6.08863;-0.000717749;6.70246;-0.314394;0.386169
1728;0.208581;-1.31531;5.38787;1.38565;6.08883;-0.000717759;6.70246;-0.314592;0.386368
1729;0.208581;-1.31551;5.38767;1.38585;6.08903;-0.000717769;6.70246;-0.314791;0.386567
1730;0.208581;-1.31571;5.38747;1.38605;6.08923;-0.000717779;6.70246;-0.314989;0.386767
1731;0.20858;-1.3159;5.38727;1.38625;6.08943;-0.00071779;6.70246;-0.315187;0.386966
1732;0.20858;-1.3161;5.38707;1.38645;6.08962;-0.0007178;6.70246;-0.315385;0.387165
1733;0.20858;-1.3163;5.38687;1.38665;6.08982;-0.00071781;6.70246;-0.315584;0.387365
1734;0.20858;-1.3165;5.38668;1.38685;6.09002;-0.00071782;6.70246;-0.315782;0.387564
1735;0.20858;-1.3167;5.38648;1.38705;6.09022;-0.000717831;6.70246;-0.31598;0.387763
1736;0.20858;-1.3169;5.38628;1.38724;6.09042;-0.000717841;6.70246;-0.316178;0.387963
1737;0.20858;-1.31709;5.38608;1.38744;6.09062;-0.000717851;6.70246;-0.316377;0.388162
1738;0.208579;-1.31729;5.38588;1.38764;6.09082;-0.000717862;6.70246;-0.316575;0.388361
1739;0.208579;-1.31749;5.38568;1.38784;6.09102;-0.000717872;6.70246;-0.316773;0.388561
1740;0.208579;-1.31769;5.38548;1.38804;6.09121;-0.000717882;6.70245;-0.316972;0.38876
1741;0.208579;-1.31789;5.38528;1.38824;6.09141;-0.000717892;6.70245;-0.31717;0.388959
1742;0.208579;-1.31809;5.38509;1.38844;6.09161;-0.000717902;6.70245;-0.317368;0.389159
1743;0.208579;-1.31828;5.38489;1.38864;6.09181;-0.000717913;6.70245;-0.317567;0.389358
1744;0.208579;-1.31848;5.38469;1.38884;6.09201;-0.000717923;6.70245;-0.317765;0.389557
1745;0.208578;-1.31868;5.38449;1.38904;6.09221;-0.000717933;6.70245;-0.317963;0.389757
1746;0.208578;-1.31888;5.38429;1.38924;6.09241;-0.000717943;6.70245;-0.318162;0.389956
1747;0.208578;-1.31908;5.38409;1.38944;6.09261;-0.000717954;6.70245;-0.31836;0.390155
1748;0.208578;-1.31928;5.38389;1.38964;6.09281;-0.000717964;6.70245;-0.318558;0.390355
1749;0.208578;-1.31947;5.38369;1.38984;6.093;-0.000717974;6.70245;-0.318757;0.390554
1750;0.208578;-1.31967;לאי.35;1.39004;6.0932;-0.000717984;6.70245;-0.318955;0.390753
1751;0.208578;-1.31987;לאי.33;1.39023;6.0934;-0.000717995;6.70245;-0.319153;0.390953
1752;0.208577;-1.32007;לאי.31;1.39043;6.0936;-0.000718005;6.70245;-0.319352;0.391152
1753;0.208577;-1.32027;לאי.29;1.39063;6.0938;-0.000718015;6.70245;-0.31955;0.391351
1754;0.208577;-1.32047;לאי.27;1.39083;6.094;-0.000718025;6.70245;-0.319748;0.391551
1755;0.208577;-1.32066;לאי.25;1.39103;6.0942;-0.000718035;6.70245;-0.319947;0.39175
1756;0.208577;-1.32086;לאי.23;1.39123;6.0944;-0.000718046;6.70245;-0.320145;0.39195
1757;0.208577;-1.32106;לאי.21;1.39143;6.0946;-0.000718056;6.70245;-0.320343;0.392149
1758;0.208577;-1.32126;5.38191;1.39163;6.09479;-0.000718066;6.70245;-0.320542;0.392348
1759;0.208577;-1.32146;5.38171;1.39183;6.09499;-0.000718076;6.70245;-0.32074;0.392548
1760;0.208576;-1.32166;5.38151;1.39203;6.09519;-0.000718086;6.70245;-0.320938;0.392747
1761;0.208576;-1.32185;5.38131;1.39223;6.09539;-0.000718096;6.70245;-0.321137;0.392946
1762;0.208576;-1.32205;5.38111;1.39243;6.09559;-0.000718107;6.70244;-0.321335;0.393146
1763;0.208576;-1.32225;5.38091;1.39263;6.09579;-0.000718117;6.70244;-0.321533;0.393345
1764;0.208576;-1.32245;5.38071;1.39283;6.09599;-0.000718127;6.70244;-0.321732;0.393545
1765;0.208576;-1.32265;5.38051;1.39303;6.09619;-0.000718137;6.70244;-0.32193;0.393744
1766;0.208576;-1.32285;5.38031;1.39323;6.09639;-0.000718147;6.70244;-0.322129;0.393943
1767;0.208575;-1.32305;5.38012;1.39342;6.09659;-0.000718157;6.70244;-0.322327;0.394143
1768;0.208575;-1.32324;5.37992;1.39362;6.09678;-0.000718168;6.70244;-0.322525;0.394342
1769;0.208575;-1.32344;5.37972;1.39382;6.09698;-0.000718178;6.70244;-0.322724;0.394542
1770;0.208575;-1.32364;5.37952;1.39402;6.09718;-0.000718188;6.70244;-0.322922;0.394741
1771;0.208575;-1.32384;5.37932;1.39422;6.09738;-0.000718198;6.70244;-0.323121;0.39494
1772;0.208575;-1.32404;5.37912;1.39442;6.09758;-0.000718208;6.70244;-0.323319;0.39514
1773;0.208575;-1.32424;5.37892;1.39462;6.09778;-0.000718218;6.70244;-0.323517;0.395339
1774;0.208574;-1.32443;5.37872;1.39482;6.09798;-0.000718228;6.70244;-0.323716;0.395539
1775;0.208574;-1.32463;5.37852;1.39502;6.09818;-0.000718239;6.70244;-0.323914;0.395738
1776;0.208574;-1.32483;5.37833;1.39522;6.09838;-0.000718249;6.70244;-0.324113;0.395937
1777;0.208574;-1.32503;5.37813;1.39542;6.09857;-0.000718259;6.70244;-0.324311;0.396137
1778;0.208574;-1.32523;5.37793;1.39562;6.09877;-0.000718269;6.70244;-0.324509;0.396336
1779;0.208574;-1.32543;5.37773;1.39582;6.09897;-0.000718279;6.70244;-0.324708;0.396536
1780;0.208574;-1.32562;5.37753;1.39602;6.09917;-0.000718289;6.70244;-0.324906;0.396735
1781;0.208574;-1.32582;5.37733;1.39622;6.09937;-0.000718299;6.70244;-0.325105;0.396935
1782;0.208573;-1.32602;5.37713;1.39642;6.09957;-0.000718309;6.70244;-0.325303;0.397134
1783;0.208573;-1.32622;5.37693;1.39662;6.09977;-0.00071832;6.70244;-0.325502;0.397334
1784;0.208573;-1.32642;5.37673;1.39681;6.09997;-0.00071833;6.70243;-0.3257;0.397533
1785;0.208573;-1.32662;5.37654;1.39701;6.10017;-0.00071834;6.70243;-0.325898;0.397732
1786;0.208573;-1.32682;5.37634;1.39721;6.10037;-0.00071835;6.70243;-0.326097;0.397932
1787;0.208573;-1.32701;5.37614;1.39741;6.10056;-0.00071836;6.70243;-0.326295;0.398131
1788;0.208573;-1.32721;5.37594;1.39761;6.10076;-0.00071837;6.70243;-0.326494;0.398331
1789;0.208572;-1.32741;5.37574;1.39781;6.10096;-0.00071838;6.70243;-0.326692;0.39853
1790;0.208572;-1.32761;5.37554;1.39801;6.10116;-0.00071839;6.70243;-0.326891;0.39873
1791;0.208572;-1.32781;5.37534;1.39821;6.10136;-0.0007184;6.70243;-0.327089;0.398929
1792;0.208572;-1.32801;5.37514;1.39841;6.10156;-0.00071841;6.70243;-0.327288;0.399129
1793;0.208572;-1.3282;5.37494;1.39861;6.10176;-0.00071842;6.70243;-0.327486;0.399328
1794;0.208572;-1.3284;5.37475;1.39881;6.10196;-0.00071843;6.70243;-0.327685;0.399528
1795;0.208572;-1.3286;5.37455;1.39901;6.10216;-0.00071844;6.70243;-0.327883;0.399727
1796;0.208572;-1.3288;5.37435;1.39921;6.10236;-0.000718451;6.70243;-0.328082;0.399927
1797;0.208571;-1.329;5.37415;1.39941;6.10255;-0.000718461;6.70243;-0.32828;0.400126
1798;0.208571;-1.3292;5.37395;1.39961;6.10275;-0.000718471;6.70243;-0.328478;0.400326
1799;0.208571;-1.3294;5.37375;1.39981;6.10295;-0.000718481;6.70243;-0.328677;0.400525
1800;0.208571;-1.32959;5.37355;1.40001;6.10315;-0.000718491;6.70243;-0.328875;0.400725
1801;0.208571;-1.32979;5.37335;1.40021;6.10335;-0.000718501;6.70243;-0.329074;0.400924
1802;0.208571;-1.32999;5.37315;ÿםג.04;6.10355;-0.000718511;6.70243;-0.329272;0.401123
1803;0.208571;-1.33019;5.37295;ÿםג.06;6.10375;-0.000718521;6.70243;-0.329471;0.401323
1804;0.20857;-1.33039;5.37276;ÿםג.08;6.10395;-0.000718531;6.70243;-0.329669;0.401522
1805;0.20857;-1.33059;5.37256;1.401;6.10415;-0.000718541;6.70242;-0.329868;0.401722
1806;0.20857;-1.33078;5.37236;ÿםג.12;6.10435;-0.000718551;6.70242;-0.330066;0.401921
1807;0.20857;-1.33098;5.37216;ÿםג.14;6.10454;-0.000718561;6.70242;-0.330265;0.402121
1808;0.20857;-1.33118;5.37196;ÿםג.16;6.10474;-0.000718571;6.70242;-0.330463;0.402321
1809;0.20857;-1.33138;5.37176;ÿםג.18;6.10494;-0.000718581;6.70242;-0.330662;0.40252
1810;0.20857;-1.33158;5.37156;1.402;6.10514;-0.000718591;6.70242;-0.33086;0.40272
1811;0.20857;-1.33178;5.37136;ÿםג.22;6.10534;-0.000718601;6.70242;-0.331059;0.402919
1812;0.208569;-1.33198;5.37116;ÿםג.24;6.10554;-0.000718611;6.70242;-0.331257;0.403119
1813;0.208569;-1.33217;5.37097;ÿםג.26;6.10574;-0.000718621;6.70242;-0.331456;0.403318
1814;0.208569;-1.33237;5.37077;ÿםג.28;6.10594;-0.000718631;6.70242;-0.331655;0.403518
1815;0.208569;-1.33257;5.37057;1.403;6.10614;-0.000718641;6.70242;-0.331853;0.403717
1816;0.208569;-1.33277;5.37037;ÿםג.32;6.10634;-0.000718651;6.70242;-0.332052;0.403917
1817;0.208569;-1.33297;5.37017;ÿםג.34;6.10654;-0.000718661;6.70242;-0.33225;0.404116
1818;0.208569;-1.33317;5.36997;ÿםג.36;6.10673;-0.000718671;6.70242;-0.332449;0.404316
1819;0.208569;-1.33337;5.36977;ÿםג.38;6.10693;-0.000718681;6.70242;-0.332647;0.404515
1820;0.208568;-1.33356;5.36957;1.404;6.10713;-0.000718691;6.70242;-0.332846;0.404715
1821;0.208568;-1.33376;5.36937;ÿםג.42;6.10733;-0.000718701;6.70242;-0.333044;0.404914
1822;0.208568;-1.33396;5.36917;ÿםג.44;6.10753;-0.000718711;6.70242;-0.333243;0.405114
1823;0.208568;-1.33416;5.36898;1.40459;6.10773;-0.000718721;6.70242;-0.333441;0.405313
1824;0.208568;-1.33436;5.36878;1.40479;6.10793;-0.000718731;6.70242;-0.33364;0.405513
1825;0.208568;-1.33456;5.36858;1.40499;6.10813;-0.000718741;6.70242;-0.333839;0.405713
1826;0.208568;-1.33476;5.36838;1.40519;6.10833;-0.000718751;6.70242;-0.334037;0.405912
1827;0.208568;-1.33495;5.36818;1.40539;6.10853;-0.000718761;6.70241;-0.334236;0.406112
1828;0.208567;-1.33515;5.36798;1.40559;6.10873;-0.000718771;6.70241;-0.334434;0.406311
1829;0.208567;-1.33535;5.36778;1.40579;6.10892;-0.000718781;6.70241;-0.334633;0.406511
1830;0.208567;-1.33555;5.36758;1.40599;6.10912;-0.000718791;6.70241;-0.334831;0.40671
1831;0.208567;-1.33575;5.36738;1.40619;6.10932;-0.000718801;6.70241;-0.33503;0.40691
1832;0.208567;-1.33595;5.36718;1.40639;6.10952;-0.000718811;6.70241;-0.335229;0.40711
1833;0.208567;-1.33615;5.36698;1.40659;6.10972;-0.00071882;6.70241;-0.335427;0.407309
1834;0.208567;-1.33634;5.36679;1.40679;6.10992;-0.00071883;6.70241;-0.335626;0.407509
1835;0.208567;-1.33654;5.36659;1.40699;6.11012;-0.00071884;6.70241;-0.335824;0.407708
1836;0.208566;-1.33674;5.36639;1.40719;6.11032;-0.00071885;6.70241;-0.336023;0.407908
1837;0.208566;-1.33694;5.36619;1.40739;6.11052;-0.00071886;6.70241;-0.336221;0.408107
1838;0.208566;-1.33714;5.36599;1.40759;6.11072;-0.00071887;6.70241;-0.33642;0.408307
1839;0.208566;-1.33734;5.36579;1.40779;6.11092;-0.00071888;6.70241;-0.336619;0.408507
1840;0.208566;-1.33754;5.36559;1.40799;6.11111;-0.00071889;6.70241;-0.336817;0.408706
1841;0.208566;-1.33773;5.36539;1.40819;6.11131;-0.0007189;6.70241;-0.337016;0.408906
1842;0.208566;-1.33793;5.36519;1.40839;6.11151;-0.00071891;6.70241;-0.337214;0.409105
1843;0.208566;-1.33813;5.36499;1.40859;6.11171;-0.00071892;6.70241;-0.337413;0.409305
1844;0.208565;-1.33833;לאי.48;1.40879;6.11191;-0.00071893;6.70241;-0.337612;0.409505
1845;0.208565;-1.33853;לאי.46;1.40899;6.11211;-0.000718939;6.70241;-0.33781;0.409704
1846;0.208565;-1.33873;לאי.44;1.40918;6.11231;-0.000718949;6.70241;-0.338009;0.409904
1847;0.208565;-1.33893;לאי.42;1.40938;6.11251;-0.000718959;6.70241;-0.338208;0.410103
1848;0.208565;-1.33913;5.364;1.40958;6.11271;-0.000718969;ט‏ם.24;-0.338406;0.410303
1849;0.208565;-1.33932;לאי.38;1.40978;6.11291;-0.000718979;ט‏ם.24;-0.338605;0.410503
1850;0.208565;-1.33952;לאי.36;1.40998;6.11311;-0.000718989;ט‏ם.24;-0.338803;0.410702
1851;0.208565;-1.33972;לאי.34;1.41018;6.11331;-0.000718999;ט‏ם.24;-0.339002;0.410902
1852;0.208564;-1.33992;לאי.32;1.41038;6.1135;-0.000719009;ט‏ם.24;-0.339201;0.411102
1853;0.208564;-1.34012;5.363;1.41058;6.1137;-0.000719019;ט‏ם.24;-0.339399;0.411301
1854;0.208564;-1.34032;לאי.28;1.41078;6.1139;-0.000719028;ט‏ם.24;-0.339598;0.411501
1855;0.208564;-1.34052;לאי.26;1.41098;6.1141;-0.000719038;ט‏ם.24;-0.339797;0.4117
1856;0.208564;-1.34071;5.36241;1.41118;6.1143;-0.000719048;ט‏ם.24;-0.339995;0.4119
1857;0.208564;-1.34091;5.36221;1.41138;6.1145;-0.000719058;ט‏ם.24;-0.340194;0.4121
1858;0.208564;-1.34111;5.36201;1.41158;6.1147;-0.000719068;ט‏ם.24;-0.340393;0.412299
1859;0.208564;-1.34131;5.36181;1.41178;6.1149;-0.000719078;ט‏ם.24;-0.340591;0.412499
1860;0.208563;-1.34151;5.36161;1.41198;6.1151;-0.000719088;ט‏ם.24;-0.34079;0.412699
1861;0.208563;-1.34171;5.36141;1.41218;6.1153;-0.000719097;ט‏ם.24;-0.340989;0.412898
1862;0.208563;-1.34191;5.36121;1.41238;6.1155;-0.000719107;ט‏ם.24;-0.341187;0.413098
1863;0.208563;-1.34211;5.36101;1.41258;6.1157;-0.000719117;ט‏ם.24;-0.341386;0.413298
1864;0.208563;-1.3423;5.36081;1.41278;6.11589;-0.000719127;ט‏ם.24;-0.341585;0.413497
1865;0.208563;-1.3425;5.36061;1.41298;6.11609;-0.000719137;ט‏ם.24;-0.341783;0.413697
1866;0.208563;-1.3427;5.36041;1.41318;6.11629;-0.000719147;ט‏ם.24;-0.341982;0.413897
1867;0.208563;-1.3429;5.36022;1.41338;6.11649;-0.000719156;ט‏ם.24;-0.342181;0.414096
1868;0.208563;-1.3431;5.36002;1.41358;6.11669;-0.000719166;ט‏ם.24;-0.342379;0.414296
1869;0.208562;-1.3433;5.35982;1.41378;6.11689;-0.000719176;ט‏ם.24;-0.342578;0.414496
1870;0.208562;-1.3435;5.35962;1.41398;6.11709;-0.000719186;6.70239;-0.342777;0.414695
1871;0.208562;-1.34369;5.35942;1.41418;6.11729;-0.000719196;6.70239;-0.342975;0.414895
1872;0.208562;-1.34389;5.35922;1.41438;6.11749;-0.000719206;6.70239;-0.343174;0.415095
1873;0.208562;-1.34409;5.35902;1.41458;6.11769;-0.000719215;6.70239;-0.343373;0.415294
1874;0.208562;-1.34429;5.35882;1.41477;6.11789;-0.000719225;6.70239;-0.343572;0.415494
1875;0.208562;-1.34449;5.35862;1.41497;6.11809;-0.000719235;6.70239;-0.34377;0.415694
1876;0.208562;-1.34469;5.35842;1.41517;6.11829;-0.000719245;6.70239;-0.343969;0.415893
1877;0.208561;-1.34489;5.35822;1.41537;6.11848;-0.000719255;6.70239;-0.344168;0.416093
1878;0.208561;-1.34509;5.35802;1.41557;6.11868;-0.000719264;6.70239;-0.344366;0.416293
1879;0.208561;-1.34528;5.35783;1.41577;6.11888;-0.000719274;6.70239;-0.344565;0.416492
1880;0.208561;-1.34548;5.35763;1.41597;6.11908;-0.000719284;6.70239;-0.344764;0.416692
1881;0.208561;-1.34568;5.35743;1.41617;6.11928;-0.000719294;6.70239;-0.344963;0.416892
1882;0.208561;-1.34588;5.35723;1.41637;6.11948;-0.000719304;6.70239;-0.345161;0.417092
1883;0.208561;-1.34608;5.35703;1.41657;6.11968;-0.000719313;6.70239;-0.34536;0.417291
1884;0.208561;-1.34628;5.35683;1.41677;6.11988;-0.000719323;6.70239;-0.345559;0.417491
1885;0.208561;-1.34648;5.35663;1.41697;6.12008;-0.000719333;6.70239;-0.345757;0.417691
1886;0.20856;-1.34668;5.35643;1.41717;6.12028;-0.000719343;6.70239;-0.345956;0.41789
1887;0.20856;-1.34687;5.35623;1.41737;6.12048;-0.000719352;6.70239;-0.346155;0.41809
1888;0.20856;-1.34707;5.35603;1.41757;6.12068;-0.000719362;6.70239;-0.346354;0.41829
1889;0.20856;-1.34727;5.35583;1.41777;6.12088;-0.000719372;6.70239;-0.346552;0.41849
1890;0.20856;-1.34747;5.35563;1.41797;6.12107;-0.000719382;6.70239;-0.346751;0.418689
1891;0.20856;-1.34767;5.35543;1.41817;6.12127;-0.000719391;6.70238;-0.34695;0.418889
1892;0.20856;-1.34787;5.35524;1.41837;6.12147;-0.000719401;6.70238;-0.347149;0.419089
1893;0.20856;-1.34807;5.35504;1.41857;6.12167;-0.000719411;6.70238;-0.347347;0.419289
1894;0.208559;-1.34827;5.35484;1.41877;6.12187;-0.000719421;6.70238;-0.347546;0.419488
1895;0.208559;-1.34846;5.35464;1.41897;6.12207;-0.00071943;6.70238;-0.347745;0.419688
1896;0.208559;-1.34866;5.35444;1.41917;6.12227;-0.00071944;6.70238;-0.347944;0.419888
1897;0.208559;-1.34886;5.35424;1.41937;6.12247;-0.00071945;6.70238;-0.348142;0.420087
1898;0.208559;-1.34906;5.35404;1.41957;6.12267;-0.00071946;6.70238;-0.348341;0.420287
1899;0.208559;-1.34926;5.35384;1.41977;6.12287;-0.000719469;6.70238;-0.34854;0.420487
1900;0.208559;-1.34946;5.35364;1.41997;6.12307;-0.000719479;6.70238;-0.348739;0.420687
1901;0.208559;-1.34966;5.35344;1.42017;6.12327;-0.000719489;6.70238;-0.348938;0.420886
1902;0.208559;-1.34986;5.35324;1.42037;6.12347;-0.000719498;6.70238;-0.349136;0.421086
1903;0.208558;-1.35005;5.35304;1.42057;6.12367;-0.000719508;6.70238;-0.349335;0.421286
1904;0.208558;-1.35025;5.35284;1.42077;6.12386;-0.000719518;6.70238;-0.349534;0.421486
1905;0.208558;-1.35045;5.35265;1.42097;6.12406;-0.000719528;6.70238;-0.349733;0.421686
1906;0.208558;-1.35065;5.35245;1.42117;6.12426;-0.000719537;6.70238;-0.349932;0.421885
1907;0.208558;-1.35085;5.35225;1.42137;6.12446;-0.000719547;6.70238;-0.35013;0.422085
1908;0.208558;-1.35105;5.35205;1.42157;6.12466;-0.000719557;6.70238;-0.350329;0.422285
1909;0.208558;-1.35125;5.35185;1.42177;6.12486;-0.000719566;6.70238;-0.350528;0.422485
1910;0.208558;-1.35145;5.35165;1.42196;6.12506;-0.000719576;6.70238;-0.350727;0.422684
1911;0.208558;-1.35165;5.35145;1.42216;6.12526;-0.000719586;6.70238;-0.350926;0.422884
1912;0.208557;-1.35184;5.35125;1.42236;6.12546;-0.000719595;6.70237;-0.351124;0.423084
1913;0.208557;-1.35204;5.35105;1.42256;6.12566;-0.000719605;6.70237;-0.351323;0.423284
1914;0.208557;-1.35224;5.35085;1.42276;6.12586;-0.000719615;6.70237;-0.351522;0.423484
1915;0.208557;-1.35244;5.35065;1.42296;6.12606;-0.000719624;6.70237;-0.351721;0.423683
1916;0.208557;-1.35264;5.35045;1.42316;6.12626;-0.000719634;6.70237;-0.35192;0.423883
1917;0.208557;-1.35284;5.35025;1.42336;6.12646;-0.000719644;6.70237;-0.352119;0.424083
1918;0.208557;-1.35304;5.35005;1.42356;6.12665;-0.000719653;6.70237;-0.352317;0.424283
1919;0.208557;-1.35324;5.34986;1.42376;6.12685;-0.000719663;6.70237;-0.352516;0.424482
1920;0.208557;-1.35343;5.34966;1.42396;6.12705;-0.000719673;6.70237;-0.352715;0.424682
1921;0.208556;-1.35363;5.34946;1.42416;6.12725;-0.000719682;6.70237;-0.352914;0.424882
1922;0.208556;-1.35383;5.34926;1.42436;6.12745;-0.000719692;6.70237;-0.353113;0.425082
1923;0.208556;-1.35403;5.34906;1.42456;6.12765;-0.000719702;6.70237;-0.353312;0.425282
1924;0.208556;-1.35423;5.34886;1.42476;6.12785;-0.000719711;6.70237;-0.35351;0.425482
1925;0.208556;-1.35443;5.34866;1.42496;6.12805;-0.000719721;6.70237;-0.353709;0.425681
1926;0.208556;-1.35463;5.34846;1.42516;6.12825;-0.000719731;6.70237;-0.353908;0.425881
1927;0.208556;-1.35483;5.34826;1.42536;6.12845;-0.00071974;6.70237;-0.354107;0.426081
1928;0.208556;-1.35503;5.34806;1.42556;6.12865;-0.00071975;6.70237;-0.354306;0.426281
1929;0.208556;-1.35522;5.34786;1.42576;6.12885;-0.00071976;6.70237;-0.354505;0.426481
1930;0.208555;-1.35542;5.34766;1.42596;6.12905;-0.000719769;6.70237;-0.354704;0.42668
1931;0.208555;-1.35562;5.34746;1.42616;6.12925;-0.000719779;6.70237;-0.354902;0.42688
1932;0.208555;-1.35582;5.34726;1.42636;6.12945;-0.000719788;6.70237;-0.355101;0.42708
1933;0.208555;-1.35602;5.34706;1.42656;6.12965;-0.000719798;6.70237;-0.3553;0.42728
1934;0.208555;-1.35622;5.34687;1.42676;6.12984;-0.000719808;6.70236;-0.355499;0.42748
1935;0.208555;-1.35642;5.34667;1.42696;6.13004;-0.000719817;6.70236;-0.355698;0.42768
1936;0.208555;-1.35662;5.34647;1.42716;6.13024;-0.000719827;6.70236;-0.355897;0.427879
1937;0.208555;-1.35682;5.34627;1.42736;6.13044;-0.000719836;6.70236;-0.356096;0.428079
1938;0.208555;-1.35701;5.34607;1.42756;6.13064;-0.000719846;6.70236;-0.356295;0.428279
1939;0.208555;-1.35721;5.34587;1.42776;6.13084;-0.000719856;6.70236;-0.356493;0.428479
1940;0.208554;-1.35741;5.34567;1.42796;6.13104;-0.000719865;6.70236;-0.356692;0.428679
1941;0.208554;-1.35761;5.34547;1.42816;6.13124;-0.000719875;6.70236;-0.356891;0.428879
1942;0.208554;-1.35781;5.34527;1.42836;6.13144;-0.000719884;6.70236;-0.35709;0.429079
1943;0.208554;-1.35801;5.34507;1.42856;6.13164;-0.000719894;6.70236;-0.357289;0.429278
1944;0.208554;-1.35821;5.34487;1.42876;6.13184;-0.000719904;6.70236;-0.357488;0.429478
1945;0.208554;-1.35841;5.34467;1.42896;6.13204;-0.000719913;6.70236;-0.357687;0.429678
1946;0.208554;-1.35861;5.34447;1.42916;6.13224;-0.000719923;6.70236;-0.357886;0.429878
1947;0.208554;-1.3588;5.34427;1.42936;6.13244;-0.000719932;6.70236;-0.358085;0.430078
1948;0.208554;-1.359;5.34407;1.42956;6.13264;-0.000719942;6.70236;-0.358284;0.430278
1949;0.208553;-1.3592;5.34388;1.42976;6.13284;-0.000719952;6.70236;-0.358483;0.430478
1950;0.208553;-1.3594;5.34368;1.42996;6.13303;-0.000719961;6.70236;-0.358681;0.430678
1951;0.208553;-1.3596;5.34348;1.43016;6.13323;-0.000719971;6.70236;-0.35888;0.430877
1952;0.208553;-1.3598;5.34328;1.43036;6.13343;-0.00071998;6.70236;-0.359079;0.431077
1953;0.208553;-1.36;5.34308;1.43056;6.13363;-0.00071999;6.70236;-0.359278;0.431277
1954;0.208553;-1.3602;5.34288;1.43076;6.13383;-0.000719999;6.70236;-0.359477;0.431477
1955;0.208553;-1.3604;5.34268;1.43096;6.13403;-0.000720009;6.70235;-0.359676;0.431677
1956;0.208553;-1.3606;5.34248;1.43116;6.13423;-0.000720018;6.70235;-0.359875;0.431877
1957;0.208553;-1.36079;5.34228;1.43136;6.13443;-0.000720028;6.70235;-0.360074;0.432077
1958;0.208553;-1.36099;5.34208;1.43156;6.13463;-0.000720037;6.70235;-0.360273;0.432277
1959;0.208552;-1.36119;5.34188;1.43176;6.13483;-0.000720047;6.70235;-0.360472;0.432477
1960;0.208552;-1.36139;5.34168;1.43196;6.13503;-0.000720057;6.70235;-0.360671;0.432676
1961;0.208552;-1.36159;5.34148;1.43216;6.13523;-0.000720066;6.70235;-0.36087;0.432876
1962;0.208552;-1.36179;5.34128;1.43236;6.13543;-0.000720076;6.70235;-0.361069;0.433076
1963;0.208552;-1.36199;5.34108;1.43256;6.13563;-0.000720085;6.70235;-0.361268;0.433276
1964;0.208552;-1.36219;5.34088;1.43276;6.13583;-0.000720095;6.70235;-0.361467;0.433476
1965;0.208552;-1.36239;5.34068;1.43296;6.13603;-0.000720104;6.70235;-0.361666;0.433676
1966;0.208552;-1.36258;5.34048;1.43316;6.13623;-0.000720114;6.70235;-0.361865;0.433876
1967;0.208552;-1.36278;5.34029;1.43336;6.13642;-0.000720123;6.70235;-0.362064;0.434076
1968;0.208551;-1.36298;5.34009;1.43356;6.13662;-0.000720133;6.70235;-0.362263;0.434276
1969;0.208551;-1.36318;5.33989;1.43376;6.13682;-0.000720142;6.70235;-0.362462;0.434476
1970;0.208551;-1.36338;5.33969;1.43396;6.13702;-0.000720152;6.70235;-0.362661;0.434676
1971;0.208551;-1.36358;5.33949;1.43416;6.13722;-0.000720161;6.70235;-0.362859;0.434876
1972;0.208551;-1.36378;5.33929;1.43436;6.13742;-0.000720171;6.70235;-0.363058;0.435076
1973;0.208551;-1.36398;5.33909;1.43456;6.13762;-0.00072018;6.70235;-0.363257;0.435275
1974;0.208551;-1.36418;5.33889;1.43476;6.13782;-0.00072019;6.70235;-0.363456;0.435475
1975;0.208551;-1.36438;5.33869;1.43496;6.13802;-0.000720199;6.70235;-0.363655;0.435675
1976;0.208551;-1.36457;5.33849;1.43516;6.13822;-0.000720209;6.70234;-0.363854;0.435875
1977;0.208551;-1.36477;5.33829;1.43536;6.13842;-0.000720218;6.70234;-0.364053;0.436075
1978;0.20855;-1.36497;5.33809;1.43555;6.13862;-0.000720228;6.70234;-0.364252;0.436275
1979;0.20855;-1.36517;5.33789;1.43575;6.13882;-0.000720237;6.70234;-0.364451;0.436475
1980;0.20855;-1.36537;5.33769;1.43595;6.13902;-0.000720247;6.70234;-0.36465;0.436675
1981;0.20855;-1.36557;5.33749;1.43615;6.13922;-0.000720256;6.70234;-0.364849;0.436875
1982;0.20855;-1.36577;5.33729;1.43635;6.13942;-0.000720265;6.70234;-0.365048;0.437075
1983;0.20855;-1.36597;5.33709;1.43655;6.13962;-0.000720275;6.70234;-0.365248;0.437275
1984;0.20855;-1.36617;5.33689;1.43675;6.13982;-0.000720284;6.70234;-0.365447;0.437475
1985;0.20855;-1.36637;לאי.67;1.43695;6.14002;-0.000720294;6.70234;-0.365646;0.437675
1986;0.20855;-1.36656;לאי.65;1.43715;6.14022;-0.000720303;6.70234;-0.365845;0.437875
1987;0.20855;-1.36676;לאי.63;1.43735;6.14041;-0.000720313;6.70234;-0.366044;0.438075
1988;0.208549;-1.36696;לאי.61;1.43755;6.14061;-0.000720322;6.70234;-0.366243;0.438275
1989;0.208549;-1.36716;לאי.59;1.43775;6.14081;-0.000720332;6.70234;-0.366442;0.438475
1990;0.208549;-1.36736;לאי.57;1.43795;6.14101;-0.000720341;6.70234;-0.366641;0.438675
1991;0.208549;-1.36756;לאי.55;1.43815;6.14121;-0.000720351;6.70234;-0.36684;0.438875
1992;0.208549;-1.36776;לאי.53;1.43835;6.14141;-0.00072036;6.70234;-0.367039;0.439075
1993;0.208549;-1.36796;לאי.51;1.43855;6.14161;-0.000720369;6.70234;-0.367238;0.439275
1994;0.208549;-1.36816;לאי.49;1.43875;6.14181;-0.000720379;6.70234;-0.367437;0.439475
1995;0.208549;-1.36836;לאי.47;1.43895;6.14201;-0.000720388;6.70234;-0.367636;0.439675
1996;0.208549;-1.36856;לאי.45;1.43915;6.14221;-0.000720398;6.70234;-0.367835;0.439875
1997;0.208549;-1.36875;לאי.43;1.43935;6.14241;-0.000720407;6.70233;-0.368034;0.440075
1998;0.208549;-1.36895;לאי.41;1.43955;6.14261;-0.000720416;6.70233;-0.368233;0.440275
1999;0.208548;-1.36915;לאי.39;1.43975;6.14281;-0.000720426;6.70233;-0.368432;0.440475
2000;0.208548;-1.36935;לאי.37;1.43995;6.14301;-0.000720435;6.70233;-0.368631;0.440675
2001;0.208548;-1.36955;לאי.35;1.44015;6.14321;-0.000720445;6.70233;-0.36883;0.440875
2002;0.208548;-1.36975;לאי.33;1.44035;6.14341;-0.000720454;6.70233;-0.369029;0.441075
2003;0.208548;-1.36995;לאי.31;1.44055;6.14361;-0.000720464;6.70233;-0.369228;0.441275
2004;0.208548;-1.37015;לאי.29;1.44075;6.14381;-0.000720473;6.70233;-0.369428;0.441475
2005;0.208548;-1.37035;לאי.27;1.44095;6.14401;-0.000720482;6.70233;-0.369627;0.441675
2006;0.208548;-1.37055;5.33251;1.44115;6.14421;-0.000720492;6.70233;-0.369826;0.441875
2007;0.208548;-1.37075;5.33231;1.44135;6.14441;-0.000720501;6.70233;-0.370025;0.442075
2008;0.208548;-1.37094;5.33211;1.44155;6.1446;-0.00072051;6.70233;-0.370224;0.442275
2009;0.208547;-1.37114;5.33191;1.44175;6.1448;-0.00072052;6.70233;-0.370423;0.442475
2010;0.208547;-1.37134;5.33171;1.44195;6.145;-0.000720529;6.70233;-0.370622;0.442675
2011;0.208547;-1.37154;5.33151;1.44215;6.1452;-0.000720539;6.70233;-0.370821;0.442875
2012;0.208547;-1.37174;5.33131;1.44235;6.1454;-0.000720548;6.70233;-0.37102;0.443075
2013;0.208547;-1.37194;5.33111;1.44255;6.1456;-0.000720557;6.70233;-0.371219;0.443275
2014;0.208547;-1.37214;5.33091;1.44275;6.1458;-0.000720567;6.70233;-0.371418;0.443475
2015;0.208547;-1.37234;5.33071;1.44295;6.146;-0.000720576;6.70233;-0.371618;0.443675
2016;0.208547;-1.37254;5.33051;1.44315;6.1462;-0.000720585;6.70233;-0.371817;0.443875
2017;0.208547;-1.37274;5.33031;1.44335;6.1464;-0.000720595;6.70233;-0.372016;0.444075
2018;0.208547;-1.37294;5.33011;1.44355;6.1466;-0.000720604;6.70233;-0.372215;0.444275
2019;0.208547;-1.37313;5.32991;1.44375;6.1468;-0.000720613;6.70232;-0.372414;0.444475
2020;0.208546;-1.37333;5.32971;1.44395;6.147;-0.000720623;6.70232;-0.372613;0.444675
2021;0.208546;-1.37353;5.32951;1.44415;6.1472;-0.000720632;6.70232;-0.372812;0.444875
2022;0.208546;-1.37373;5.32931;1.44435;6.1474;-0.000720642;6.70232;-0.373011;0.445076
2023;0.208546;-1.37393;5.32911;1.44455;6.1476;-0.000720651;6.70232;-0.37321;0.445276
2024;0.208546;-1.37413;5.32891;1.44475;6.1478;-0.00072066;6.70232;-0.37341;0.445476
2025;0.208546;-1.37433;5.32871;1.44496;6.148;-0.00072067;6.70232;-0.373609;0.445676
2026;0.208546;-1.37453;5.32851;1.44516;6.1482;-0.000720679;6.70232;-0.373808;0.445876
2027;0.208546;-1.37473;5.32831;1.44536;6.1484;-0.000720688;6.70232;-0.374007;0.446076
2028;0.208546;-1.37493;5.32811;1.44556;6.1486;-0.000720698;6.70232;-0.374206;0.446276
2029;0.208546;-1.37513;5.32791;1.44576;6.1488;-0.000720707;6.70232;-0.374405;0.446476
2030;0.208546;-1.37533;5.32771;1.44596;6.149;-0.000720716;6.70232;-0.374604;0.446676
2031;0.208545;-1.37552;5.32752;1.44616;6.1492;-0.000720725;6.70232;-0.374804;0.446876
2032;0.208545;-1.37572;5.32732;1.44636;6.14939;-0.000720735;6.70232;-0.375003;0.447076
2033;0.208545;-1.37592;5.32712;1.44656;6.14959;-0.000720744;6.70232;-0.375202;0.447276
2034;0.208545;-1.37612;5.32692;1.44676;6.14979;-0.000720753;6.70232;-0.375401;0.447476
2035;0.208545;-1.37632;5.32672;1.44696;6.14999;-0.000720763;6.70232;-0.3756;0.447677
2036;0.208545;-1.37652;5.32652;1.44716;6.15019;-0.000720772;6.70232;-0.375799;0.447877
2037;0.208545;-1.37672;5.32632;1.44736;6.15039;-0.000720781;6.70232;-0.375999;0.448077
2038;0.208545;-1.37692;5.32612;1.44756;6.15059;-0.000720791;6.70232;-0.376198;0.448277
2039;0.208545;-1.37712;5.32592;1.44776;6.15079;-0.0007208;6.70232;-0.376397;0.448477
2040;0.208545;-1.37732;5.32572;1.44796;6.15099;-0.000720809;6.70231;-0.376596;0.448677
2041;0.208545;-1.37752;5.32552;1.44816;6.15119;-0.000720818;6.70231;-0.376795;0.448877
2042;0.208544;-1.37772;5.32532;1.44836;6.15139;-0.000720828;6.70231;-0.376994;0.449077
2043;0.208544;-1.37791;5.32512;1.44856;6.15159;-0.000720837;6.70231;-0.377194;0.449277
2044;0.208544;-1.37811;5.32492;1.44876;6.15179;-0.000720846;6.70231;-0.377393;0.449477
2045;0.208544;-1.37831;5.32472;1.44896;6.15199;-0.000720856;6.70231;-0.377592;0.449678
2046;0.208544;-1.37851;5.32452;1.44916;6.15219;-0.000720865;6.70231;-0.377791;0.449878
2047;0.208544;-1.37871;5.32432;1.44936;6.15239;-0.000720874;6.70231;-0.37799;0.450078
2048;0.208544;-1.37891;5.32412;1.44956;6.15259;-0.000720883;6.70231;-0.37819;0.450278
2049;0.208544;-1.37911;5.32392;1.44976;6.15279;-0.000720893;6.70231;-0.378389;0.450478
2050;0.208544;-1.37931;5.32372;1.44996;6.15299;-0.000720902;6.70231;-0.378588;0.450678
2051;0.208544;-1.37951;5.32352;1.45016;6.15319;-0.000720911;6.70231;-0.378787;0.450878
2052;0.208544;-1.37971;5.32332;1.45036;6.15339;-0.00072092;6.70231;-0.378986;0.451078
2053;0.208543;-1.37991;5.32312;1.45056;6.15359;-0.00072093;6.70231;-0.379186;0.451279
2054;0.208543;-1.38011;5.32292;1.45076;6.15379;-0.000720939;6.70231;-0.379385;0.451479
2055;0.208543;-1.38031;5.32272;1.45096;6.15399;-0.000720948;6.70231;-0.379584;0.451679
2056;0.208543;-1.3805;5.32252;1.45116;6.15419;-0.000720957;6.70231;-0.379783;0.451879
2057;0.208543;-1.3807;5.32232;1.45136;6.15439;-0.000720967;6.70231;-0.379983;0.452079
2058;0.208543;-1.3809;5.32212;1.45156;6.15459;-0.000720976;6.70231;-0.380182;0.452279
2059;0.208543;-1.3811;5.32192;1.45176;6.15479;-0.000720985;6.70231;-0.380381;0.452479
2060;0.208543;-1.3813;5.32173;1.45196;6.15498;-0.000720994;6.70231;-0.38058;0.45268
2061;0.208543;-1.3815;5.32153;1.45216;6.15518;-0.000721003;ט‏ם.23;-0.380779;0.45288
2062;0.208543;-1.3817;5.32133;1.45236;6.15538;-0.000721013;ט‏ם.23;-0.380979;0.45308
2063;0.208543;-1.3819;5.32113;1.45256;6.15558;-0.000721022;ט‏ם.23;-0.381178;0.45328
2064;0.208543;-1.3821;5.32093;1.45276;6.15578;-0.000721031;ט‏ם.23;-0.381377;0.45348
2065;0.208542;-1.3823;5.32073;1.45296;6.15598;-0.00072104;ט‏ם.23;-0.381576;0.45368
2066;0.208542;-1.3825;5.32053;1.45316;6.15618;-0.00072105;ט‏ם.23;-0.381776;0.453881
2067;0.208542;-1.3827;5.32033;1.45336;6.15638;-0.000721059;ט‏ם.23;-0.381975;0.454081
2068;0.208542;-1.3829;5.32013;1.45356;6.15658;-0.000721068;ט‏ם.23;-0.382174;0.454281
2069;0.208542;-1.38309;5.31993;1.45376;6.15678;-0.000721077;ט‏ם.23;-0.382373;0.454481
2070;0.208542;-1.38329;5.31973;1.45396;6.15698;-0.000721086;ט‏ם.23;-0.382573;0.454681
2071;0.208542;-1.38349;5.31953;1.45416;6.15718;-0.000721096;ט‏ם.23;-0.382772;0.454882
2072;0.208542;-1.38369;5.31933;1.45436;6.15738;-0.000721105;ט‏ם.23;-0.382971;0.455082
2073;0.208542;-1.38389;5.31913;1.45456;6.15758;-0.000721114;ט‏ם.23;-0.38317;0.455282
2074;0.208542;-1.38409;5.31893;1.45476;6.15778;-0.000721123;ט‏ם.23;-0.38337;0.455482
2075;0.208542;-1.38429;5.31873;1.45496;6.15798;-0.000721132;ט‏ם.23;-0.383569;0.455682
2076;0.208542;-1.38449;5.31853;1.45516;6.15818;-0.000721141;ט‏ם.23;-0.383768;0.455882
2077;0.208541;-1.38469;5.31833;1.45536;6.15838;-0.000721151;ט‏ם.23;-0.383968;0.456083
2078;0.208541;-1.38489;5.31813;1.45556;6.15858;-0.00072116;ט‏ם.23;-0.384167;0.456283
2079;0.208541;-1.38509;5.31793;1.45576;6.15878;-0.000721169;ט‏ם.23;-0.384366;0.456483
2080;0.208541;-1.38529;5.31773;1.45596;6.15898;-0.000721178;ט‏ם.23;-0.384565;0.456683
2081;0.208541;-1.38549;5.31753;1.45616;6.15918;-0.000721187;ט‏ם.23;-0.384765;0.456883
2082;0.208541;-1.38569;5.31733;1.45636;6.15938;-0.000721196;6.70229;-0.384964;0.457084
2083;0.208541;-1.38588;5.31713;1.45656;6.15958;-0.000721206;6.70229;-0.385163;0.457284
2084;0.208541;-1.38608;5.31693;1.45676;6.15978;-0.000721215;6.70229;-0.385363;0.457484
2085;0.208541;-1.38628;5.31673;1.45696;6.15998;-0.000721224;6.70229;-0.385562;0.457684
2086;0.208541;-1.38648;5.31653;1.45716;6.16018;-0.000721233;6.70229;-0.385761;0.457885
2087;0.208541;-1.38668;5.31633;1.45736;6.16038;-0.000721242;6.70229;-0.385961;0.458085
2088;0.208541;-1.38688;5.31613;1.45756;6.16058;-0.000721251;6.70229;-0.38616;0.458285
2089;0.20854;-1.38708;5.31593;1.45776;6.16078;-0.000721261;6.70229;-0.386359;0.458485
2090;0.20854;-1.38728;5.31573;1.45796;6.16098;-0.00072127;6.70229;-0.386558;0.458685
2091;0.20854;-1.38748;5.31553;1.45816;6.16118;-0.000721279;6.70229;-0.386758;0.458886
2092;0.20854;-1.38768;5.31533;1.45836;6.16138;-0.000721288;6.70229;-0.386957;0.459086
2093;0.20854;-1.38788;5.31513;1.45856;6.16158;-0.000721297;6.70229;-0.387156;0.459286
2094;0.20854;-1.38808;5.31493;1.45877;6.16178;-0.000721306;6.70229;-0.387356;0.459486
2095;0.20854;-1.38828;5.31473;1.45897;6.16198;-0.000721315;6.70229;-0.387555;0.459687
2096;0.20854;-1.38848;5.31453;1.45917;6.16218;-0.000721324;6.70229;-0.387754;0.459887
2097;0.20854;-1.38868;5.31433;1.45937;6.16237;-0.000721334;6.70229;-0.387954;0.460087
2098;0.20854;-1.38887;5.31413;1.45957;6.16257;-0.000721343;6.70229;-0.388153;0.460287
2099;0.20854;-1.38907;5.31393;1.45977;6.16277;-0.000721352;6.70229;-0.388352;0.460488
2100;0.20854;-1.38927;5.31373;1.45997;6.16297;-0.000721361;6.70229;-0.388552;0.460688
2101;0.20854;-1.38947;5.31353;1.46017;6.16317;-0.00072137;6.70229;-0.388751;0.460888
2102;0.208539;-1.38967;5.31333;1.46037;6.16337;-0.000721379;6.70229;-0.38895;0.461088
2103;0.208539;-1.38987;5.31314;1.46057;6.16357;-0.000721388;6.70228;-0.38915;0.461289
2104;0.208539;-1.39007;5.31294;1.46077;6.16377;-0.000721397;6.70228;-0.389349;0.461489
2105;0.208539;-1.39027;5.31274;1.46097;6.16397;-0.000721406;6.70228;-0.389548;0.461689
2106;0.208539;-1.39047;5.31254;1.46117;6.16417;-0.000721415;6.70228;-0.389748;0.461889
2107;0.208539;-1.39067;5.31234;1.46137;6.16437;-0.000721425;6.70228;-0.389947;0.46209
2108;0.208539;-1.39087;5.31214;1.46157;6.16457;-0.000721434;6.70228;-0.390147;0.46229
2109;0.208539;-1.39107;5.31194;1.46177;6.16477;-0.000721443;6.70228;-0.390346;0.46249
2110;0.208539;-1.39127;5.31174;1.46197;6.16497;-0.000721452;6.70228;-0.390545;0.46269
2111;0.208539;-1.39147;5.31154;1.46217;6.16517;-0.000721461;6.70228;-0.390745;0.462891
2112;0.208539;-1.39167;5.31134;1.46237;6.16537;-0.00072147;6.70228;-0.390944;0.463091
2113;0.208539;-1.39186;5.31114;1.46257;6.16557;-0.000721479;6.70228;-0.391143;0.463291
2114;0.208539;-1.39206;5.31094;1.46277;6.16577;-0.000721488;6.70228;-0.391343;0.463492
2115;0.208538;-1.39226;5.31074;1.46297;6.16597;-0.000721497;6.70228;-0.391542;0.463692
2116;0.208538;-1.39246;5.31054;1.46317;6.16617;-0.000721506;6.70228;-0.391742;0.463892
2117;0.208538;-1.39266;5.31034;1.46337;6.16637;-0.000721515;6.70228;-0.391941;0.464092
2118;0.208538;-1.39286;5.31014;1.46357;6.16657;-0.000721524;6.70228;-0.39214;0.464293
2119;0.208538;-1.39306;5.30994;1.46377;6.16677;-0.000721533;6.70228;-0.39234;0.464493
2120;0.208538;-1.39326;5.30974;1.46397;6.16697;-0.000721542;6.70228;-0.392539;0.464693
2121;0.208538;-1.39346;5.30954;1.46417;6.16717;-0.000721551;6.70228;-0.392739;0.464894
2122;0.208538;-1.39366;5.30934;1.46437;6.16737;-0.00072156;6.70228;-0.392938;0.465094
2123;0.208538;-1.39386;5.30914;1.46457;6.16757;-0.000721569;6.70228;-0.393137;0.465294
2124;0.208538;-1.39406;5.30894;1.46477;6.16777;-0.000721579;6.70228;-0.393337;0.465495
2125;0.208538;-1.39426;5.30874;1.46497;6.16797;-0.000721588;6.70227;-0.393536;0.465695
2126;0.208538;-1.39446;5.30854;1.46517;6.16817;-0.000721597;6.70227;-0.393736;0.465895
2127;0.208538;-1.39466;5.30834;1.46537;6.16837;-0.000721606;6.70227;-0.393935;0.466096
2128;0.208537;-1.39486;5.30814;1.46557;6.16857;-0.000721615;6.70227;-0.394134;0.466296
2129;0.208537;-1.39506;5.30794;1.46577;6.16877;-0.000721624;6.70227;-0.394334;0.466496
2130;0.208537;-1.39525;5.30774;1.46597;6.16897;-0.000721633;6.70227;-0.394533;0.466697
2131;0.208537;-1.39545;5.30754;1.46618;6.16917;-0.000721642;6.70227;-0.394733;0.466897
2132;0.208537;-1.39565;5.30734;1.46638;6.16937;-0.000721651;6.70227;-0.394932;0.467097
2133;0.208537;-1.39585;5.30714;1.46658;6.16957;-0.00072166;6.70227;-0.395132;0.467298
2134;0.208537;-1.39605;5.30694;1.46678;6.16977;-0.000721669;6.70227;-0.395331;0.467498
2135;0.208537;-1.39625;5.30674;1.46698;6.16997;-0.000721678;6.70227;-0.39553;0.467698
2136;0.208537;-1.39645;5.30654;1.46718;6.17017;-0.000721687;6.70227;-0.39573;0.467899
2137;0.208537;-1.39665;5.30634;1.46738;6.17037;-0.000721696;6.70227;-0.395929;0.468099
2138;0.208537;-1.39685;5.30614;1.46758;6.17057;-0.000721705;6.70227;-0.396129;0.468299
2139;0.208537;-1.39705;5.30594;1.46778;6.17077;-0.000721714;6.70227;-0.396328;0.4685
2140;0.208537;-1.39725;5.30574;1.46798;6.17097;-0.000721723;6.70227;-0.396528;0.4687
2141;0.208537;-1.39745;5.30554;1.46818;6.17117;-0.000721732;6.70227;-0.396727;0.4689
2142;0.208536;-1.39765;5.30534;1.46838;6.17137;-0.000721741;6.70227;-0.396927;0.469101
2143;0.208536;-1.39785;5.30514;1.46858;6.17157;-0.00072175;6.70227;-0.397126;0.469301
2144;0.208536;-1.39805;5.30494;1.46878;6.17177;-0.000721759;6.70227;-0.397325;0.469501
2145;0.208536;-1.39825;5.30474;1.46898;6.17197;-0.000721768;6.70227;-0.397525;0.469702
2146;0.208536;-1.39845;5.30454;1.46918;6.17217;-0.000721777;6.70226;-0.397724;0.469902
2147;0.208536;-1.39865;5.30434;1.46938;6.17237;-0.000721786;6.70226;-0.397924;0.470102
2148;0.208536;-1.39885;5.30414;1.46958;6.17257;-0.000721795;6.70226;-0.398123;0.470303
2149;0.208536;-1.39904;5.30394;1.46978;6.17277;-0.000721803;6.70226;-0.398323;0.470503
2150;0.208536;-1.39924;5.30374;1.46998;6.17297;-0.000721812;6.70226;-0.398522;0.470704
2151;0.208536;-1.39944;5.30354;1.47018;6.17317;-0.000721821;6.70226;-0.398722;0.470904
2152;0.208536;-1.39964;5.30334;1.47038;6.17337;-0.00072183;6.70226;-0.398921;0.471104
2153;0.208536;-1.39984;5.30314;1.47058;6.17357;-0.000721839;6.70226;-0.399121;0.471305
2154;0.208536;-1.40004;5.30294;1.47078;6.17377;-0.000721848;6.70226;-0.39932;0.471505
2155;0.208536;-1.40024;5.30274;1.47098;6.17397;-0.000721857;6.70226;-0.39952;0.471705
2156;0.208535;-1.40044;5.30254;1.47118;6.17417;-0.000721866;6.70226;-0.399719;0.471906
2157;0.208535;-1.40064;5.30234;1.47138;6.17437;-0.000721875;6.70226;-0.399919;0.472106
2158;0.208535;-1.40084;5.30214;1.47158;6.17457;-0.000721884;6.70226;-0.400118;0.472307
2159;0.208535;-1.40104;5.30194;1.47179;6.17477;-0.000721893;6.70226;-0.400318;0.472507
2160;0.208535;-1.40124;5.30174;1.47199;6.17497;-0.000721902;6.70226;-0.400517;0.472707
2161;0.208535;-1.40144;5.30154;1.47219;6.17517;-0.000721911;6.70226;-0.400717;0.472908
2162;0.208535;-1.40164;5.30134;1.47239;6.17537;-0.00072192;6.70226;-0.400916;0.473108
2163;0.208535;-1.40184;5.30114;1.47259;6.17557;-0.000721929;6.70226;-0.401116;0.473309
2164;0.208535;-1.40204;5.30094;1.47279;6.17577;-0.000721938;6.70226;-0.401315;0.473509
2165;0.208535;-1.40224;5.30074;1.47299;6.17597;-0.000721946;6.70226;-0.401515;0.473709
2166;0.208535;-1.40244;5.30054;1.47319;6.17616;-0.000721955;6.70226;-0.401714;0.47391
2167;0.208535;-1.40264;5.30034;1.47339;6.17636;-0.000721964;6.70225;-0.401914;0.47411
2168;0.208535;-1.40284;5.30014;1.47359;6.17656;-0.000721973;6.70225;-0.402113;0.474311
2169;0.208535;-1.40303;5.29994;1.47379;6.17676;-0.000721982;6.70225;-0.402313;0.474511
2170;0.208535;-1.40323;5.29974;1.47399;6.17696;-0.000721991;6.70225;-0.402512;0.474712
2171;0.208534;-1.40343;5.29954;1.47419;6.17716;-0.000722;6.70225;-0.402712;0.474912
2172;0.208534;-1.40363;5.29934;1.47439;6.17736;-0.000722009;6.70225;-0.402911;0.475112
2173;0.208534;-1.40383;5.29914;1.47459;6.17756;-0.000722018;6.70225;-0.403111;0.475313
2174;0.208534;-1.40403;5.29894;1.47479;6.17776;-0.000722027;6.70225;-0.403311;0.475513
2175;0.208534;-1.40423;5.29874;1.47499;6.17796;-0.000722035;6.70225;-0.40351;0.475714
2176;0.208534;-1.40443;5.29854;1.47519;6.17816;-0.000722044;6.70225;-0.40371;0.475914
2177;0.208534;-1.40463;5.29834;1.47539;6.17836;-0.000722053;6.70225;-0.403909;0.476115
2178;0.208534;-1.40483;5.29814;1.47559;6.17856;-0.000722062;6.70225;-0.404109;0.476315
2179;0.208534;-1.40503;5.29794;1.47579;6.17876;-0.000722071;6.70225;-0.404308;0.476515
2180;0.208534;-1.40523;5.29774;1.47599;6.17896;-0.00072208;6.70225;-0.404508;0.476716
2181;0.208534;-1.40543;5.29754;1.47619;6.17916;-0.000722089;6.70225;-0.404707;0.476916
2182;0.208534;-1.40563;5.29734;1.47639;6.17936;-0.000722098;6.70225;-0.404907;0.477117
2183;0.208534;-1.40583;5.29714;ÿםג.66;6.17956;-0.000722106;6.70225;-0.405107;0.477317
2184;0.208534;-1.40603;5.29694;ÿםג.68;6.17976;-0.000722115;6.70225;-0.405306;0.477518
2185;0.208534;-1.40623;5.29674;1.477;6.17996;-0.000722124;6.70225;-0.405506;0.477718
2186;0.208533;-1.40643;5.29654;ÿםג.72;6.18016;-0.000722133;6.70225;-0.405705;0.477919
2187;0.208533;-1.40663;5.29634;ÿםג.74;6.18036;-0.000722142;6.70225;-0.405905;0.478119
2188;0.208533;-1.40683;5.29614;ÿםג.76;6.18056;-0.000722151;6.70224;-0.406104;0.47832
2189;0.208533;-1.40703;5.29594;ÿםג.78;6.18076;-0.00072216;6.70224;-0.406304;0.47852
2190;0.208533;-1.40723;5.29574;1.478;6.18096;-0.000722168;6.70224;-0.406504;0.47872
2191;0.208533;-1.40743;5.29554;ÿםג.82;6.18116;-0.000722177;6.70224;-0.406703;0.478921
2192;0.208533;-1.40762;5.29534;ÿםג.84;6.18136;-0.000722186;6.70224;-0.406903;0.479121
2193;0.208533;-1.40782;5.29514;ÿםג.86;6.18156;-0.000722195;6.70224;-0.407102;0.479322
2194;0.208533;-1.40802;5.29494;ÿםג.88;6.18176;-0.000722204;6.70224;-0.407302;0.479522
2195;0.208533;-1.40822;5.29474;1.479;6.18196;-0.000722213;6.70224;-0.407502;0.479723
2196;0.208533;-1.40842;5.29454;ÿםג.92;6.18216;-0.000722221;6.70224;-0.407701;0.479923
2197;0.208533;-1.40862;5.29434;ÿםג.94;6.18236;-0.00072223;6.70224;-0.407901;0.480124
2198;0.208533;-1.40882;5.29414;ÿםג.96;6.18256;-0.000722239;6.70224;-0.4081;0.480324
2199;0.208533;-1.40902;5.29394;ÿםג.98;6.18276;-0.000722248;6.70224;-0.4083;0.480525
2200;0.208533;-1.40922;5.29374;ÿםג.48;6.18296;-0.000722257;6.70224;-0.4085;0.480725
2201;0.208533;-1.40942;5.29354;ÿםג.02;6.18316;-0.000722266;6.70224;-0.408699;0.480926
2202;0.208532;-1.40962;5.29334;ÿםג.04;6.18336;-0.000722274;6.70224;-0.408899;0.481126
2203;0.208532;-1.40982;5.29314;ÿםג.06;6.18356;-0.000722283;6.70224;-0.409098;0.481327
2204;0.208532;-1.41002;5.29294;ÿםג.08;6.18376;-0.000722292;6.70224;-0.409298;0.481527
2205;0.208532;-1.41022;5.29274;1.48101;6.18396;-0.000722301;6.70224;-0.409498;0.481728
2206;0.208532;-1.41042;5.29254;1.48121;6.18416;-0.00072231;6.70224;-0.409697;0.481928
2207;0.208532;-1.41062;5.29234;1.48141;6.18436;-0.000722318;6.70224;-0.409897;0.482129
2208;0.208532;-1.41082;5.29214;1.48161;6.18456;-0.000722327;6.70224;-0.410097;0.482329
2209;0.208532;-1.41102;5.29194;1.48181;6.18476;-0.000722336;6.70223;-0.410296;0.48253
2210;0.208532;-1.41122;5.29174;1.48201;6.18496;-0.000722345;6.70223;-0.410496;0.48273
2211;0.208532;-1.41142;5.29154;1.48221;6.18516;-0.000722354;6.70223;-0.410695;0.482931
2212;0.208532;-1.41162;5.29134;1.48241;6.18536;-0.000722362;6.70223;-0.410895;0.483131
2213;0.208532;-1.41182;5.29114;1.48261;6.18556;-0.000722371;6.70223;-0.411095;0.483332
2214;0.208532;-1.41202;5.29094;1.48281;6.18576;-0.00072238;6.70223;-0.411294;0.483532
2215;0.208532;-1.41222;5.29074;1.48301;6.18596;-0.000722389;6.70223;-0.411494;0.483733
2216;0.208532;-1.41242;5.29054;1.48321;6.18616;-0.000722397;6.70223;-0.411694;0.483933
2217;0.208532;-1.41262;5.29034;1.48341;6.18637;-0.000722406;6.70223;-0.411893;0.484134
2218;0.208532;-1.41282;5.29014;1.48361;6.18657;-0.000722415;6.70223;-0.412093;0.484335
2219;0.208531;-1.41302;5.28994;1.48381;6.18677;-0.000722424;6.70223;-0.412293;0.484535
2220;0.208531;-1.41321;5.28974;1.48401;6.18697;-0.000722432;6.70223;-0.412492;0.484736
2221;0.208531;-1.41341;5.28954;1.48421;6.18717;-0.000722441;6.70223;-0.412692;0.484936
2222;0.208531;-1.41361;5.28934;1.48441;6.18737;-0.00072245;6.70223;-0.412892;0.485137
2223;0.208531;-1.41381;5.28914;1.48461;6.18757;-0.000722459;6.70223;-0.413091;0.485337
2224;0.208531;-1.41401;5.28894;1.48482;6.18777;-0.000722467;6.70223;-0.413291;0.485538
2225;0.208531;-1.41421;5.28874;1.48502;6.18797;-0.000722476;6.70223;-0.413491;0.485738
2226;0.208531;-1.41441;5.28854;1.48522;6.18817;-0.000722485;6.70223;-0.41369;0.485939
2227;0.208531;-1.41461;5.28834;1.48542;6.18837;-0.000722494;6.70223;-0.41389;0.486139
2228;0.208531;-1.41481;5.28814;1.48562;6.18857;-0.000722502;6.70223;-0.41409;0.48634
2229;0.208531;-1.41501;5.28794;1.48582;6.18877;-0.000722511;6.70223;-0.414289;0.486541
2230;0.208531;-1.41521;5.28774;1.48602;6.18897;-0.00072252;6.70222;-0.414489;0.486741
2231;0.208531;-1.41541;5.28754;1.48622;6.18917;-0.000722529;6.70222;-0.414689;0.486942
2232;0.208531;-1.41561;5.28734;1.48642;6.18937;-0.000722537;6.70222;-0.414889;0.487142
2233;0.208531;-1.41581;5.28714;1.48662;6.18957;-0.000722546;6.70222;-0.415088;0.487343
2234;0.208531;-1.41601;5.28694;1.48682;6.18977;-0.000722555;6.70222;-0.415288;0.487543
2235;0.208531;-1.41621;5.28673;1.48702;6.18997;-0.000722563;6.70222;-0.415488;0.487744
2236;0.20853;-1.41641;5.28653;1.48722;6.19017;-0.000722572;6.70222;-0.415687;0.487945
2237;0.20853;-1.41661;5.28633;1.48742;6.19037;-0.000722581;6.70222;-0.415887;0.488145
2238;0.20853;-1.41681;5.28613;1.48762;6.19057;-0.00072259;6.70222;-0.416087;0.488346
2239;0.20853;-1.41701;5.28593;1.48782;6.19077;-0.000722598;6.70222;-0.416286;0.488546
2240;0.20853;-1.41721;5.28573;1.48802;6.19097;-0.000722607;6.70222;-0.416486;0.488747
2241;0.20853;-1.41741;5.28553;1.48822;6.19117;-0.000722616;6.70222;-0.416686;0.488947
2242;0.20853;-1.41761;5.28533;1.48843;6.19137;-0.000722624;6.70222;-0.416886;0.489148
2243;0.20853;-1.41781;5.28513;1.48863;6.19157;-0.000722633;6.70222;-0.417085;0.489349
2244;0.20853;-1.41801;5.28493;1.48883;6.19177;-0.000722642;6.70222;-0.417285;0.489549
2245;0.20853;-1.41821;5.28473;1.48903;6.19197;-0.00072265;6.70222;-0.417485;0.48975
2246;0.20853;-1.41841;5.28453;1.48923;6.19217;-0.000722659;6.70222;-0.417685;0.48995
2247;0.20853;-1.41861;5.28433;1.48943;6.19237;-0.000722668;6.70222;-0.417884;0.490151
2248;0.20853;-1.41881;5.28413;1.48963;6.19257;-0.000722677;6.70222;-0.418084;0.490352
2249;0.20853;-1.41901;5.28393;1.48983;6.19277;-0.000722685;6.70222;-0.418284;0.490552
2250;0.20853;-1.41921;5.28373;1.49003;6.19297;-0.000722694;6.70222;-0.418483;0.490753
2251;0.20853;-1.41941;5.28353;1.49023;6.19317;-0.000722703;6.70221;-0.418683;0.490954
2252;0.20853;-1.41961;5.28333;1.49043;6.19337;-0.000722711;6.70221;-0.418883;0.491154
2253;0.20853;-1.41981;5.28313;1.49063;6.19357;-0.00072272;6.70221;-0.419083;0.491355
2254;0.20853;-1.42001;5.28293;1.49083;6.19377;-0.000722729;6.70221;-0.419282;0.491555
2255;0.208529;-1.4202;5.28273;1.49103;6.19397;-0.000722737;6.70221;-0.419482;0.491756
2256;0.208529;-1.4204;5.28253;1.49123;6.19417;-0.000722746;6.70221;-0.419682;0.491957
2257;0.208529;-1.4206;5.28233;1.49143;6.19437;-0.000722755;6.70221;-0.419882;0.492157
2258;0.208529;-1.4208;5.28213;1.49164;6.19457;-0.000722763;6.70221;-0.420082;0.492358
2259;0.208529;-1.421;5.28193;1.49184;6.19477;-0.000722772;6.70221;-0.420281;0.492558
2260;0.208529;-1.4212;5.28173;1.49204;6.19497;-0.00072278;6.70221;-0.420481;0.492759
2261;0.208529;-1.4214;5.28153;1.49224;6.19517;-0.000722789;6.70221;-0.420681;0.49296
2262;0.208529;-1.4216;5.28133;1.49244;6.19537;-0.000722798;6.70221;-0.420881;0.49316
2263;0.208529;-1.4218;5.28113;1.49264;6.19557;-0.000722806;6.70221;-0.42108;0.493361
2264;0.208529;-1.422;5.28093;1.49284;6.19577;-0.000722815;6.70221;-0.42128;0.493562
2265;0.208529;-1.4222;5.28073;1.49304;6.19597;-0.000722824;6.70221;-0.42148;0.493762
2266;0.208529;-1.4224;5.28053;1.49324;6.19617;-0.000722832;6.70221;-0.42168;0.493963
2267;0.208529;-1.4226;5.28033;1.49344;6.19637;-0.000722841;6.70221;-0.42188;0.494164
2268;0.208529;-1.4228;5.28013;1.49364;6.19657;-0.00072285;6.70221;-0.422079;0.494364
2269;0.208529;-1.423;5.27993;1.49384;6.19677;-0.000722858;6.70221;-0.422279;0.494565
2270;0.208529;-1.4232;5.27973;1.49404;6.19697;-0.000722867;6.70221;-0.422479;0.494766
2271;0.208529;-1.4234;5.27953;1.49424;6.19717;-0.000722875;6.70221;-0.422679;0.494966
2272;0.208529;-1.4236;5.27933;1.49444;6.19737;-0.000722884;6.70221;-0.422878;0.495167
2273;0.208529;-1.4238;5.27913;1.49464;6.19757;-0.000722893;ט‏ם.22;-0.423078;0.495368
2274;0.208529;-1.424;5.27893;1.49485;6.19777;-0.000722901;ט‏ם.22;-0.423278;0.495568
2275;0.208528;-1.4242;5.27873;1.49505;6.19797;-0.00072291;ט‏ם.22;-0.423478;0.495769
2276;0.208528;-1.4244;5.27853;1.49525;6.19817;-0.000722918;ט‏ם.22;-0.423678;0.49597
2277;0.208528;-1.4246;5.27833;1.49545;6.19837;-0.000722927;ט‏ם.22;-0.423878;0.49617
2278;0.208528;-1.4248;5.27812;1.49565;6.19857;-0.000722936;ט‏ם.22;-0.424077;0.496371
2279;0.208528;-1.425;5.27792;1.49585;6.19877;-0.000722944;ט‏ם.22;-0.424277;0.496572
2280;0.208528;-1.4252;5.27772;1.49605;6.19897;-0.000722953;ט‏ם.22;-0.424477;0.496772
2281;0.208528;-1.4254;5.27752;1.49625;6.19917;-0.000722961;ט‏ם.22;-0.424677;0.496973
2282;0.208528;-1.4256;5.27732;1.49645;6.19937;-0.00072297;ט‏ם.22;-0.424877;0.497174
2283;0.208528;-1.4258;5.27712;1.49665;6.19957;-0.000722979;ט‏ם.22;-0.425076;0.497374
2284;0.208528;-1.426;5.27692;1.49685;6.19977;-0.000722987;ט‏ם.22;-0.425276;0.497575
2285;0.208528;-1.4262;5.27672;1.49705;6.19997;-0.000722996;ט‏ם.22;-0.425476;0.497776
2286;0.208528;-1.4264;5.27652;1.49725;6.20017;-0.000723004;ט‏ם.22;-0.425676;0.497976
2287;0.208528;-1.4266;5.27632;1.49745;6.20038;-0.000723013;ט‏ם.22;-0.425876;0.498177
2288;0.208528;-1.4268;5.27612;1.49765;6.20058;-0.000723021;ט‏ם.22;-0.426076;0.498378
2289;0.208528;-1.427;5.27592;1.49786;6.20078;-0.00072303;ט‏ם.22;-0.426275;0.498578
2290;0.208528;-1.4272;5.27572;1.49806;6.20098;-0.000723039;ט‏ם.22;-0.426475;0.498779
2291;0.208528;-1.4274;5.27552;1.49826;6.20118;-0.000723047;ט‏ם.22;-0.426675;0.49898
2292;0.208528;-1.4276;5.27532;1.49846;6.20138;-0.000723056;ט‏ם.22;-0.426875;0.499181
2293;0.208528;-1.4278;5.27512;1.49866;6.20158;-0.000723064;ט‏ם.22;-0.427075;0.499381
2294;0.208528;-1.428;5.27492;1.49886;6.20178;-0.000723073;6.70219;-0.427275;0.499582
2295;0.208528;-1.4282;5.27472;1.49906;6.20198;-0.000723081;6.70219;-0.427475;0.499783
2296;0.208527;-1.4284;5.27452;1.49926;6.20218;-0.00072309;6.70219;-0.427674;0.499983
2297;0.208527;-1.4286;5.27432;1.49946;6.20238;-0.000723098;6.70219;-0.427874;0.500184
2298;0.208527;-1.4288;5.27412;1.49966;6.20258;-0.000723107;6.70219;-0.428074;0.500385
2299;0.208527;-1.429;5.27392;1.49986;6.20278;-0.000723115;6.70219;-0.428274;0.500586
2300;0.208527;-1.4292;5.27372;1.50006;6.20298;-0.000723124;6.70219;-0.428474;0.500786
2301;0.208527;-1.4294;5.27352;1.50026;6.20318;-0.000723133;6.70219;-0.428674;0.500987
2302;0.208527;-1.4296;5.27332;1.50046;6.20338;-0.000723141;6.70219;-0.428874;0.501188
2303;0.208527;-1.4298;5.27312;1.50067;6.20358;-0.00072315;6.70219;-0.429074;0.501389
2304;0.208527;-1.43;5.27292;1.50087;6.20378;-0.000723158;6.70219;-0.429273;0.501589
2305;0.208527;-1.4302;5.27272;1.50107;6.20398;-0.000723167;6.70219;-0.429473;0.50179
2306;0.208527;-1.4304;5.27252;1.50127;6.20418;-0.000723175;6.70219;-0.429673;0.501991
2307;0.208527;-1.4306;5.27232;1.50147;6.20438;-0.000723184;6.70219;-0.429873;0.502191
2308;0.208527;-1.4308;5.27211;1.50167;6.20458;-0.000723192;6.70219;-0.430073;0.502392
2309;0.208527;-1.431;5.27191;1.50187;6.20478;-0.000723201;6.70219;-0.430273;0.502593
2310;0.208527;-1.4312;5.27171;1.50207;6.20498;-0.000723209;6.70219;-0.430473;0.502794
2311;0.208527;-1.4314;5.27151;1.50227;6.20518;-0.000723218;6.70219;-0.430673;0.502994
2312;0.208527;-1.4316;5.27131;1.50247;6.20538;-0.000723226;6.70219;-0.430873;0.503195
2313;0.208527;-1.4318;5.27111;1.50267;6.20558;-0.000723235;6.70219;-0.431073;0.503396
2314;0.208527;-1.432;5.27091;1.50287;6.20578;-0.000723243;6.70219;-0.431272;0.503597
2315;0.208527;-1.4322;5.27071;1.50307;6.20598;-0.000723252;6.70218;-0.431472;0.503798
2316;0.208527;-1.4324;5.27051;1.50328;6.20618;-0.00072326;6.70218;-0.431672;0.503998
2317;0.208527;-1.4326;5.27031;1.50348;6.20638;-0.000723269;6.70218;-0.431872;0.504199
2318;0.208527;-1.4328;5.27011;1.50368;6.20658;-0.000723277;6.70218;-0.432072;0.5044
2319;0.208527;-1.433;5.26991;1.50388;6.20678;-0.000723286;6.70218;-0.432272;0.504601
2320;0.208526;-1.4332;5.26971;1.50408;6.20698;-0.000723294;6.70218;-0.432472;0.504801
2321;0.208526;-1.4334;5.26951;1.50428;6.20718;-0.000723303;6.70218;-0.432672;0.505002
2322;0.208526;-1.4336;5.26931;1.50448;6.20738;-0.000723311;6.70218;-0.432872;0.505203
2323;0.208526;-1.4338;5.26911;1.50468;6.20758;-0.00072332;6.70218;-0.433072;0.505404
2324;0.208526;-1.43399;5.26891;1.50488;6.20778;-0.000723328;6.70218;-0.433272;0.505604
2325;0.208526;-1.43419;5.26871;1.50508;6.20799;-0.000723337;6.70218;-0.433472;0.505805
2326;0.208526;-1.43439;5.26851;1.50528;6.20819;-0.000723345;6.70218;-0.433672;0.506006
2327;0.208526;-1.43459;5.26831;1.50548;6.20839;-0.000723353;6.70218;-0.433871;0.506207
2328;0.208526;-1.43479;5.26811;1.50568;6.20859;-0.000723362;6.70218;-0.434071;0.506408
2329;0.208526;-1.43499;5.26791;1.50589;6.20879;-0.00072337;6.70218;-0.434271;0.506608
2330;0.208526;-1.43519;5.26771;1.50609;6.20899;-0.000723379;6.70218;-0.434471;0.506809
2331;0.208526;-1.43539;5.26751;1.50629;6.20919;-0.000723387;6.70218;-0.434671;0.50701
2332;0.208526;-1.43559;5.26731;1.50649;6.20939;-0.000723396;6.70218;-0.434871;0.507211
2333;0.208526;-1.43579;5.26711;1.50669;6.20959;-0.000723404;6.70218;-0.435071;0.507412
2334;0.208526;-1.43599;לאי.69;1.50689;6.20979;-0.000723413;6.70218;-0.435271;0.507612
2335;0.208526;-1.43619;לאי.67;1.50709;6.20999;-0.000723421;6.70218;-0.435471;0.507813
2336;0.208526;-1.43639;לאי.65;1.50729;6.21019;-0.000723429;6.70217;-0.435671;0.508014
2337;0.208526;-1.43659;לאי.63;1.50749;6.21039;-0.000723438;6.70217;-0.435871;0.508215
2338;0.208526;-1.43679;לאי.61;1.50769;6.21059;-0.000723446;6.70217;-0.436071;0.508416
2339;0.208526;-1.43699;לאי.59;1.50789;6.21079;-0.000723455;6.70217;-0.436271;0.508616
2340;0.208526;-1.43719;לאי.57;1.50809;6.21099;-0.000723463;6.70217;-0.436471;0.508817
2341;0.208526;-1.43739;לאי.55;1.50829;6.21119;-0.000723472;6.70217;-0.436671;0.509018
2342;0.208526;-1.43759;לאי.53;ÿםג.85;6.21139;-0.00072348;6.70217;-0.436871;0.509219
2343;0.208526;-1.43779;לאי.51;ÿםג.87;6.21159;-0.000723488;6.70217;-0.437071;0.50942
2344;0.208526;-1.43799;לאי.49;ÿםג.89;6.21179;-0.000723497;6.70217;-0.437271;0.509621
2345;0.208526;-1.43819;לאי.47;ÿםג.91;6.21199;-0.000723505;6.70217;-0.437471;0.509821
2346;0.208525;-1.43839;לאי.45;ÿםג.93;6.21219;-0.000723514;6.70217;-0.437671;0.510022
2347;0.208525;-1.43859;לאי.43;ÿםג.95;6.21239;-0.000723522;6.70217;-0.437871;0.510223
2348;0.208525;-1.43879;לאי.41;ÿםג.97;6.21259;-0.00072353;6.70217;-0.438071;0.510424
2349;0.208525;-1.43899;לאי.39;ÿםג.99;6.21279;-0.000723539;6.70217;-0.438271;0.510625
2350;0.208525;-1.43919;לאי.37;ÿםג.01;6.21299;-0.000723547;6.70217;-0.438471;0.510826
2351;0.208525;-1.43939;לאי.35;ÿםג.03;6.21319;-0.000723556;6.70217;-0.438671;0.511026
2352;0.208525;-1.43959;לאי.33;ÿםג.05;6.21339;-0.000723564;6.70217;-0.438871;0.511227
2353;0.208525;-1.43979;לאי.31;ÿםג.07;6.21359;-0.000723572;6.70217;-0.439071;0.511428
2354;0.208525;-1.43999;לאי.29;1.51091;ט‏ם.38;-0.000723581;6.70217;-0.439271;0.511629
2355;0.208525;-1.44019;5.26269;1.51111;6.214;-0.000723589;6.70217;-0.439471;0.51183
2356;0.208525;-1.44039;5.26249;1.51131;ט‏ם.42;-0.000723598;6.70217;-0.439671;0.512031
2357;0.208525;-1.44059;5.26229;1.51151;ט‏ם.44;-0.000723606;6.70216;-0.439871;0.512231
2358;0.208525;-1.44079;5.26209;1.51171;ט‏ם.46;-0.000723614;6.70216;-0.440071;0.512432
2359;0.208525;-1.44099;5.26189;1.51191;ט‏ם.48;-0.000723623;6.70216;-0.440271;0.512633
2360;0.208525;-1.44119;5.26169;1.51211;6.215;-0.000723631;6.70216;-0.440471;0.512834
2361;0.208525;-1.44139;5.26149;1.51231;ט‏ם.52;-0.000723639;6.70216;-0.440671;0.513035
2362;0.208525;-1.44159;5.26129;1.51251;ט‏ם.54;-0.000723648;6.70216;-0.440871;0.513236
2363;0.208525;-1.44179;5.26109;1.51271;ט‏ם.56;-0.000723656;6.70216;-0.441071;0.513437
2364;0.208525;-1.44199;5.26089;1.51291;ט‏ם.58;-0.000723665;6.70216;-0.441271;0.513638
2365;0.208525;-1.44219;5.26069;1.51311;6.216;-0.000723673;6.70216;-0.441471;0.513838
2366;0.208525;-1.44239;5.26049;1.51332;ט‏ם.62;-0.000723681;6.70216;-0.441671;0.514039
2367;0.208525;-1.44259;5.26029;1.51352;ט‏ם.64;-0.00072369;6.70216;-0.441871;0.51424
2368;0.208525;-1.44279;5.26009;1.51372;ט‏ם.66;-0.000723698;6.70216;-0.442071;0.514441
2369;0.208525;-1.443;5.25989;1.51392;ט‏ם.68;-0.000723706;6.70216;-0.442271;0.514642
2370;0.208525;-1.4432;5.25969;1.51412;6.217;-0.000723715;6.70216;-0.442471;0.514843
2371;0.208525;-1.4434;5.25949;1.51432;ט‏ם.72;-0.000723723;6.70216;-0.442671;0.515044
2372;0.208525;-1.4436;5.25929;1.51452;ט‏ם.74;-0.000723731;6.70216;-0.442871;0.515245
2373;0.208525;-1.4438;5.25909;1.51472;ט‏ם.76;-0.00072374;6.70216;-0.443072;0.515445
2374;0.208525;-1.444;5.25889;1.51492;ט‏ם.78;-0.000723748;6.70216;-0.443272;0.515646
2375;0.208524;-1.4442;5.25868;1.51512;6.218;-0.000723756;6.70216;-0.443472;0.515847
2376;0.208524;-1.4444;5.25848;1.51532;ט‏ם.82;-0.000723765;6.70216;-0.443672;0.516048
2377;0.208524;-1.4446;5.25828;1.51553;ט‏ם.84;-0.000723773;6.70216;-0.443872;0.516249
2378;0.208524;-1.4448;5.25808;1.51573;ט‏ם.86;-0.000723781;6.70215;-0.444072;0.51645
2379;0.208524;-1.445;5.25788;1.51593;6.21881;-0.00072379;6.70215;-0.444272;0.516651
2380;0.208524;-1.4452;5.25768;1.51613;6.21901;-0.000723798;6.70215;-0.444472;0.516852
2381;0.208524;-1.4454;5.25748;1.51633;6.21921;-0.000723806;6.70215;-0.444672;0.517053
2382;0.208524;-1.4456;5.25728;1.51653;6.21941;-0.000723815;6.70215;-0.444872;0.517254
2383;0.208524;-1.4458;5.25708;1.51673;6.21961;-0.000723823;6.70215;-0.445072;0.517455
2384;0.208524;-1.446;5.25688;1.51693;6.21981;-0.000723831;6.70215;-0.445272;0.517655
2385;0.208524;-1.4462;5.25668;1.51713;6.22001;-0.00072384;6.70215;-0.445472;0.517856
2386;0.208524;-1.4464;5.25648;1.51733;6.22021;-0.000723848;6.70215;-0.445673;0.518057
2387;0.208524;-1.4466;5.25628;1.51753;6.22041;-0.000723856;6.70215;-0.445873;0.518258
2388;0.208524;-1.4468;5.25608;1.51774;6.22061;-0.000723864;6.70215;-0.446073;0.518459
2389;0.208524;-1.447;5.25588;1.51794;6.22081;-0.000723873;6.70215;-0.446273;0.51866
2390;0.208524;-1.4472;5.25568;1.51814;6.22101;-0.000723881;6.70215;-0.446473;0.518861
2391;0.208524;-1.4474;5.25548;1.51834;6.22121;-0.000723889;6.70215;-0.446673;0.519062
2392;0.208524;-1.4476;5.25528;1.51854;6.22141;-0.000723898;6.70215;-0.446873;0.519263
2393;0.208524;-1.4478;5.25507;1.51874;6.22161;-0.000723906;6.70215;-0.447073;0.519464
2394;0.208524;-1.448;5.25487;1.51894;6.22181;-0.000723914;6.70215;-0.447273;0.519665
2395;0.208524;-1.4482;5.25467;1.51914;6.22201;-0.000723922;6.70215;-0.447473;0.519866
2396;0.208524;-1.4484;5.25447;1.51934;6.22221;-0.000723931;6.70215;-0.447674;0.520067
2397;0.208524;-1.4486;5.25427;1.51954;6.22241;-0.000723939;6.70215;-0.447874;0.520268
2398;0.208524;-1.4488;5.25407;1.51974;6.22261;-0.000723947;6.70215;-0.448074;0.520469
2399;0.208524;-1.449;5.25387;1.51995;6.22281;-0.000723955;6.70215;-0.448274;0.520669
2400;0.208524;-1.4492;5.25367;1.52015;6.22302;-0.000723964;6.70214;-0.448474;0.52087
2401;0.208524;-1.4494;5.25347;1.52035;6.22322;-0.000723972;6.70214;-0.448674;0.521071
2402;0.208524;-1.4496;5.25327;1.52055;6.22342;-0.00072398;6.70214;-0.448874;0.521272
2403;0.208524;-1.4498;5.25307;1.52075;6.22362;-0.000723989;6.70214;-0.449074;0.521473
2404;0.208524;-1.45;5.25287;1.52095;6.22382;-0.000723997;6.70214;-0.449275;0.521674
2405;0.208524;-1.4502;5.25267;1.52115;6.22402;-0.000724005;6.70214;-0.449475;0.521875
2406;0.208524;-1.4504;5.25247;1.52135;6.22422;-0.000724013;6.70214;-0.449675;0.522076
2407;0.208524;-1.4506;5.25227;1.52155;6.22442;-0.000724022;6.70214;-0.449875;0.522277
2408;0.208524;-1.4508;5.25207;1.52175;6.22462;-0.00072403;6.70214;-0.450075;0.522478
2409;0.208524;-1.451;5.25187;1.52196;6.22482;-0.000724038;6.70214;-0.450275;0.522679
2410;0.208523;-1.4512;5.25166;1.52216;6.22502;-0.000724046;6.70214;-0.450475;0.52288
2411;0.208523;-1.4514;5.25146;1.52236;6.22522;-0.000724054;6.70214;-0.450676;0.523081
2412;0.208523;-1.4516;5.25126;1.52256;6.22542;-0.000724063;6.70214;-0.450876;0.523282
2413;0.208523;-1.4518;5.25106;1.52276;6.22562;-0.000724071;6.70214;-0.451076;0.523483
2414;0.208523;-1.452;5.25086;1.52296;6.22582;-0.000724079;6.70214;-0.451276;0.523684
2415;0.208523;-1.4522;5.25066;1.52316;6.22602;-0.000724087;6.70214;-0.451476;0.523885
2416;0.208523;-1.4524;5.25046;1.52336;6.22622;-0.000724096;6.70214;-0.451676;0.524086
2417;0.208523;-1.4526;5.25026;1.52356;6.22642;-0.000724104;6.70214;-0.451877;0.524287
2418;0.208523;-1.4528;5.25006;1.52376;6.22662;-0.000724112;6.70214;-0.452077;0.524488
2419;0.208523;-1.453;5.24986;1.52396;6.22682;-0.00072412;6.70214;-0.452277;0.524689
2420;0.208523;-1.4532;5.24966;1.52417;6.22703;-0.000724128;6.70214;-0.452477;0.52489
2421;0.208523;-1.4534;5.24946;1.52437;6.22723;-0.000724137;6.70213;-0.452677;0.525091
2422;0.208523;-1.4536;5.24926;1.52457;6.22743;-0.000724145;6.70213;-0.452877;0.525292
2423;0.208523;-1.4538;5.24906;1.52477;6.22763;-0.000724153;6.70213;-0.453078;0.525493
2424;0.208523;-1.454;5.24886;1.52497;6.22783;-0.000724161;6.70213;-0.453278;0.525694
2425;0.208523;-1.4542;5.24865;1.52517;6.22803;-0.000724169;6.70213;-0.453478;0.525895
2426;0.208523;-1.4544;5.24845;1.52537;6.22823;-0.000724178;6.70213;-0.453678;0.526096
2427;0.208523;-1.4546;5.24825;1.52557;6.22843;-0.000724186;6.70213;-0.453878;0.526297
2428;0.208523;-1.4548;5.24805;1.52577;6.22863;-0.000724194;6.70213;-0.454079;0.526498
2429;0.208523;-1.455;5.24785;1.52597;6.22883;-0.000724202;6.70213;-0.454279;0.526699
2430;0.208523;-1.4552;5.24765;1.52618;6.22903;-0.00072421;6.70213;-0.454479;0.5269
2431;0.208523;-1.4554;5.24745;1.52638;6.22923;-0.000724219;6.70213;-0.454679;0.527101
2432;0.208523;-1.4556;5.24725;1.52658;6.22943;-0.000724227;6.70213;-0.454879;0.527302
2433;0.208523;-1.4558;5.24705;1.52678;6.22963;-0.000724235;6.70213;-0.45508;0.527503
2434;0.208523;-1.456;5.24685;1.52698;6.22983;-0.000724243;6.70213;-0.45528;0.527704
2435;0.208523;-1.4562;5.24665;1.52718;6.23003;-0.000724251;6.70213;-0.45548;0.527905
2436;0.208523;-1.4564;5.24645;1.52738;6.23023;-0.000724259;6.70213;-0.45568;0.528106
2437;0.208523;-1.4566;5.24625;1.52758;6.23043;-0.000724268;6.70213;-0.45588;0.528307
2438;0.208523;-1.4568;5.24605;1.52778;6.23064;-0.000724276;6.70213;-0.456081;0.528508
2439;0.208523;-1.45701;5.24585;1.52799;6.23084;-0.000724284;6.70213;-0.456281;0.528709
2440;0.208523;-1.45721;5.24564;1.52819;6.23104;-0.000724292;6.70213;-0.456481;0.52891
2441;0.208523;-1.45741;5.24544;1.52839;6.23124;-0.0007243;6.70213;-0.456681;0.529111
2442;0.208523;-1.45761;5.24524;1.52859;6.23144;-0.000724308;6.70212;-0.456882;0.529312
2443;0.208523;-1.45781;5.24504;1.52879;6.23164;-0.000724317;6.70212;-0.457082;0.529513
2444;0.208523;-1.45801;5.24484;1.52899;6.23184;-0.000724325;6.70212;-0.457282;0.529715
2445;0.208523;-1.45821;5.24464;1.52919;6.23204;-0.000724333;6.70212;-0.457482;0.529916
2446;0.208523;-1.45841;5.24444;1.52939;6.23224;-0.000724341;6.70212;-0.457683;0.530117
2447;0.208523;-1.45861;5.24424;1.52959;6.23244;-0.000724349;6.70212;-0.457883;0.530318
2448;0.208523;-1.45881;5.24404;1.52979;6.23264;-0.000724357;6.70212;-0.458083;0.530519
2449;0.208523;-1.45901;5.24384;ÿםג.53;6.23284;-0.000724365;6.70212;-0.458283;0.53072
2450;0.208523;-1.45921;5.24364;ÿםג.02;6.23304;-0.000724374;6.70212;-0.458484;0.530921
2451;0.208523;-1.45941;5.24344;ÿםג.04;6.23324;-0.000724382;6.70212;-0.458684;0.531122
2452;0.208523;-1.45961;5.24324;ÿםג.06;6.23344;-0.00072439;6.70212;-0.458884;0.531323
2453;0.208523;-1.45981;5.24304;ÿםג.08;6.23364;-0.000724398;6.70212;-0.459084;0.531524
2454;0.208523;-1.46001;5.24283;1.531;6.23384;-0.000724406;6.70212;-0.459285;0.531725
2455;0.208523;-1.46021;5.24263;ÿםג.12;6.23405;-0.000724414;6.70212;-0.459485;0.531926
2456;0.208522;-1.46041;5.24243;ÿםג.14;6.23425;-0.000724422;6.70212;-0.459685;0.532127
2457;0.208522;-1.46061;5.24223;ÿםג.16;6.23445;-0.00072443;6.70212;-0.459885;0.532328
2458;0.208522;-1.46081;5.24203;1.53181;6.23465;-0.000724439;6.70212;-0.460086;0.532529
2459;0.208522;-1.46101;5.24183;1.53201;6.23485;-0.000724447;6.70212;-0.460286;0.532731
2460;0.208522;-1.46121;5.24163;1.53221;6.23505;-0.000724455;6.70212;-0.460486;0.532932
2461;0.208522;-1.46141;5.24143;1.53241;6.23525;-0.000724463;6.70212;-0.460686;0.533133
2462;0.208522;-1.46161;5.24123;1.53261;6.23545;-0.000724471;6.70212;-0.460887;0.533334
2463;0.208522;-1.46181;5.24103;1.53281;6.23565;-0.000724479;6.70212;-0.461087;0.533535
2464;0.208522;-1.46201;5.24083;1.53301;6.23585;-0.000724487;6.70211;-0.461287;0.533736
2465;0.208522;-1.46221;5.24063;1.53321;6.23605;-0.000724495;6.70211;-0.461488;0.533937
2466;0.208522;-1.46241;5.24043;1.53341;6.23625;-0.000724503;6.70211;-0.461688;0.534138
2467;0.208522;-1.46261;5.24022;1.53361;6.23645;-0.000724511;6.70211;-0.461888;0.534339
2468;0.208522;-1.46281;5.24002;1.53382;6.23665;-0.00072452;6.70211;-0.462088;0.53454
2469;0.208522;-1.46301;5.23982;1.53402;6.23685;-0.000724528;6.70211;-0.462289;0.534742
2470;0.208522;-1.46321;5.23962;1.53422;6.23705;-0.000724536;6.70211;-0.462489;0.534943
2471;0.208522;-1.46341;5.23942;1.53442;6.23726;-0.000724544;6.70211;-0.462689;0.535144
2472;0.208522;-1.46361;5.23922;1.53462;6.23746;-0.000724552;6.70211;-0.46289;0.535345
2473;0.208522;-1.46381;5.23902;1.53482;6.23766;-0.00072456;6.70211;-0.46309;0.535546
2474;0.208522;-1.46401;5.23882;1.53502;6.23786;-0.000724568;6.70211;-0.46329;0.535747
2475;0.208522;-1.46422;5.23862;1.53522;6.23806;-0.000724576;6.70211;-0.463491;0.535948
2476;0.208522;-1.46442;5.23842;1.53542;6.23826;-0.000724584;6.70211;-0.463691;0.536149
2477;0.208522;-1.46462;5.23822;1.53563;6.23846;-0.000724592;6.70211;-0.463891;0.53635
2478;0.208522;-1.46482;5.23802;1.53583;6.23866;-0.0007246;6.70211;-0.464092;0.536552
2479;0.208522;-1.46502;5.23782;1.53603;6.23886;-0.000724608;6.70211;-0.464292;0.536753
2480;0.208522;-1.46522;5.23761;1.53623;6.23906;-0.000724616;6.70211;-0.464492;0.536954
2481;0.208522;-1.46542;5.23741;1.53643;6.23926;-0.000724624;6.70211;-0.464693;0.537155
2482;0.208522;-1.46562;5.23721;1.53663;6.23946;-0.000724632;6.70211;-0.464893;0.537356
2483;0.208522;-1.46582;5.23701;1.53683;6.23966;-0.00072464;6.70211;-0.465093;0.537557
2484;0.208522;-1.46602;5.23681;1.53703;6.23986;-0.000724649;6.70211;-0.465294;0.537758
2485;0.208522;-1.46622;5.23661;1.53723;6.24006;-0.000724657;ט‏ם.21;-0.465494;0.53796
2486;0.208522;-1.46642;5.23641;1.53744;6.24026;-0.000724665;ט‏ם.21;-0.465694;0.538161
2487;0.208522;-1.46662;5.23621;1.53764;6.24047;-0.000724673;ט‏ם.21;-0.465895;0.538362
2488;0.208522;-1.46682;5.23601;1.53784;6.24067;-0.000724681;ט‏ם.21;-0.466095;0.538563
2489;0.208522;-1.46702;5.23581;1.53804;6.24087;-0.000724689;ט‏ם.21;-0.466295;0.538764
2490;0.208522;-1.46722;5.23561;1.53824;6.24107;-0.000724697;ט‏ם.21;-0.466496;0.538965
2491;0.208522;-1.46742;5.23541;1.53844;6.24127;-0.000724705;ט‏ם.21;-0.466696;0.539166
2492;0.208522;-1.46762;5.23521;1.53864;6.24147;-0.000724713;ט‏ם.21;-0.466896;0.539368
2493;0.208522;-1.46782;5.235;1.53884;6.24167;-0.000724721;ט‏ם.21;-0.467097;0.539569
2494;0.208522;-1.46802;לאי.48;1.53905;6.24187;-0.000724729;ט‏ם.21;-0.467297;0.53977
2495;0.208522;-1.46822;לאי.46;1.53925;6.24207;-0.000724737;ט‏ם.21;-0.467497;0.539971
2496;0.208522;-1.46842;לאי.44;1.53945;6.24227;-0.000724745;ט‏ם.21;-0.467698;0.540172
2497;0.208522;-1.46862;לאי.42;1.53965;6.24247;-0.000724753;ט‏ם.21;-0.467898;0.540373
2498;0.208522;-1.46882;5.234;1.53985;6.24267;-0.000724761;ט‏ם.21;-0.468098;0.540575
2499;0.208522;-1.46902;לאי.38;1.54005;6.24287;-0.000724769;ט‏ם.21;-0.468299;0.540776
2500;0.208522;-1.46922;לאי.36;1.54025;6.24307;-0.000724777;ט‏ם.21;-0.468499;0.540977
2501;0.208522;-1.46942;לאי.34;1.54045;6.24328;-0.000724785;ט‏ם.21;-0.4687;0.541178
2502;0.208522;-1.46962;לאי.32;1.54065;6.24348;-0.000724793;ט‏ם.21;-0.4689;0.541379
2503;0.208522;-1.46983;5.233;1.54086;6.24368;-0.000724801;ט‏ם.21;-0.4691;0.54158
2504;0.208522;-1.47003;לאי.28;1.54106;6.24388;-0.000724809;ט‏ם.21;-0.469301;0.541782
2505;0.208522;-1.47023;5.23259;1.54126;6.24408;-0.000724817;ט‏ם.21;-0.469501;0.541983
2506;0.208522;-1.47043;5.23239;1.54146;6.24428;-0.000724825;6.70209;-0.469701;0.542184
2507;0.208522;-1.47063;5.23219;1.54166;6.24448;-0.000724833;6.70209;-0.469902;0.542385
2508;0.208522;-1.47083;5.23199;1.54186;6.24468;-0.000724841;6.70209;-0.470102;0.542586
2509;0.208522;-1.47103;5.23179;1.54206;6.24488;-0.000724849;6.70209;-0.470303;0.542788
2510;0.208522;-1.47123;5.23159;1.54226;6.24508;-0.000724857;6.70209;-0.470503;0.542989
2511;0.208522;-1.47143;5.23139;1.54247;6.24528;-0.000724865;6.70209;-0.470703;0.54319
2512;0.208522;-1.47163;5.23119;1.54267;6.24548;-0.000724873;6.70209;-0.470904;0.543391
2513;0.208522;-1.47183;5.23099;1.54287;6.24568;-0.000724881;6.70209;-0.471104;0.543592
2514;0.208522;-1.47203;5.23079;1.54307;6.24588;-0.000724889;6.70209;-0.471305;0.543794
2515;0.208522;-1.47223;5.23059;1.54327;6.24609;-0.000724897;6.70209;-0.471505;0.543995
2516;0.208522;-1.47243;5.23038;1.54347;6.24629;-0.000724905;6.70209;-0.471705;0.544196
2517;0.208522;-1.47263;5.23018;1.54367;6.24649;-0.000724913;6.70209;-0.471906;0.544397
2518;0.208522;-1.47283;5.22998;1.54387;6.24669;-0.00072492;6.70209;-0.472106;0.544598
2519;0.208522;-1.47303;5.22978;1.54407;6.24689;-0.000724928;6.70209;-0.472307;0.5448
2520;0.208522;-1.47323;5.22958;1.54428;6.24709;-0.000724936;6.70209;-0.472507;0.545001
2521;0.208522;-1.47343;5.22938;1.54448;6.24729;-0.000724944;6.70209;-0.472708;0.545202
2522;0.208522;-1.47363;5.22918;1.54468;6.24749;-0.000724952;6.70209;-0.472908;0.545403
2523;0.208522;-1.47383;5.22898;1.54488;6.24769;-0.00072496;6.70209;-0.473108;0.545604
2524;0.208522;-1.47403;5.22878;1.54508;6.24789;-0.000724968;6.70209;-0.473309;0.545806
2525;0.208522;-1.47423;5.22858;1.54528;6.24809;-0.000724976;6.70209;-0.473509;0.546007
2526;0.208522;-1.47443;5.22838;1.54548;6.24829;-0.000724984;6.70209;-0.47371;0.546208
2527;0.208522;-1.47464;5.22817;1.54568;6.24849;-0.000724992;6.70209;-0.47391;0.546409
2528;0.208522;-1.47484;5.22797;1.54589;ט‏ם.87;-0.000725;6.70208;-0.474111;0.546611
2529;0.208522;-1.47504;5.22777;1.54609;ט‏ם.89;-0.000725008;6.70208;-0.474311;0.546812
2530;0.208522;-1.47524;5.22757;1.54629;ט‏ם.91;-0.000725016;6.70208;-0.474512;0.547013
2531;0.208522;-1.47544;5.22737;1.54649;ט‏ם.93;-0.000725024;6.70208;-0.474712;0.547214
2532;0.208522;-1.47564;5.22717;1.54669;ט‏ם.95;-0.000725032;6.70208;-0.474912;0.547416
2533;0.208522;-1.47584;5.22697;1.54689;ט‏ם.97;-0.00072504;6.70208;-0.475113;0.547617
2534;0.208522;-1.47604;5.22677;1.54709;ט‏ם.99;-0.000725047;6.70208;-0.475313;0.547818
2535;0.208522;-1.47624;5.22657;1.54729;ט‏ם.01;-0.000725055;6.70208;-0.475514;0.548019
2536;0.208522;-1.47644;5.22637;ÿםג.75;ט‏ם.03;-0.000725063;6.70208;-0.475714;0.548221
2537;0.208522;-1.47664;5.22617;ÿםג.77;ט‏ם.05;-0.000725071;6.70208;-0.475915;0.548422
2538;0.208522;-1.47684;5.22596;ÿםג.79;ט‏ם.07;-0.000725079;6.70208;-0.476115;0.548623
2539;0.208522;-1.47704;5.22576;ÿםג.81;ט‏ם.09;-0.000725087;6.70208;-0.476316;0.548824
2540;0.208522;-1.47724;5.22556;ÿםג.83;ט‏ם.11;-0.000725095;6.70208;-0.476516;0.549026
2541;0.208522;-1.47744;5.22536;ÿםג.85;6.25131;-0.000725103;6.70208;-0.476717;0.549227
2542;0.208522;-1.47764;5.22516;ÿםג.87;6.25151;-0.000725111;6.70208;-0.476917;0.549428
2543;0.208522;-1.47784;5.22496;ÿםג.89;6.25171;-0.000725119;6.70208;-0.477118;0.549629
2544;0.208522;-1.47804;5.22476;1.54911;6.25191;-0.000725126;6.70208;-0.477318;0.549831
2545;0.208522;-1.47824;5.22456;1.54931;6.25211;-0.000725134;6.70208;-0.477518;0.550032
2546;0.208522;-1.47844;5.22436;1.54951;6.25231;-0.000725142;6.70208;-0.477719;0.550233
2547;0.208522;-1.47864;5.22416;1.54971;6.25251;-0.00072515;6.70208;-0.477919;0.550434
2548;0.208522;-1.47885;5.22396;1.54991;6.25271;-0.000725158;6.70208;-0.47812;0.550636
2549;0.208522;-1.47905;5.22375;1.55011;6.25291;-0.000725166;6.70207;-0.47832;0.550837
2550;0.208522;-1.47925;5.22355;1.55031;6.25311;-0.000725174;6.70207;-0.478521;0.551038
2551;0.208522;-1.47945;5.22335;1.55051;6.25331;-0.000725182;6.70207;-0.478721;0.55124
2552;0.208522;-1.47965;5.22315;1.55072;6.25351;-0.00072519;6.70207;-0.478922;0.551441
2553;0.208522;-1.47985;5.22295;1.55092;6.25372;-0.000725197;6.70207;-0.479122;0.551642
2554;0.208522;-1.48005;5.22275;1.55112;6.25392;-0.000725205;6.70207;-0.479323;0.551843
2555;0.208522;-1.48025;5.22255;1.55132;6.25412;-0.000725213;6.70207;-0.479523;0.552045
2556;0.208522;-1.48045;5.22235;1.55152;6.25432;-0.000725221;6.70207;-0.479724;0.552246
2557;0.208522;-1.48065;5.22215;1.55172;6.25452;-0.000725229;6.70207;-0.479924;0.552447
2558;0.208522;-1.48085;5.22195;1.55192;6.25472;-0.000725237;6.70207;-0.480125;0.552649
2559;0.208522;-1.48105;5.22174;1.55212;6.25492;-0.000725245;6.70207;-0.480325;0.55285
2560;0.208522;-1.48125;5.22154;1.55233;6.25512;-0.000725252;6.70207;-0.480526;0.553051
2561;0.208522;-1.48145;5.22134;1.55253;6.25532;-0.00072526;6.70207;-0.480727;0.553253
2562;0.208522;-1.48165;5.22114;1.55273;6.25552;-0.000725268;6.70207;-0.480927;0.553454
2563;0.208522;-1.48185;5.22094;1.55293;6.25572;-0.000725276;6.70207;-0.481128;0.553655
2564;0.208522;-1.48205;5.22074;1.55313;6.25592;-0.000725284;6.70207;-0.481328;0.553856
2565;0.208522;-1.48225;5.22054;1.55333;6.25613;-0.000725292;6.70207;-0.481529;0.554058
2566;0.208522;-1.48245;5.22034;1.55353;6.25633;-0.000725299;6.70207;-0.481729;0.554259
2567;0.208522;-1.48265;5.22014;1.55374;6.25653;-0.000725307;6.70207;-0.48193;0.55446
2568;0.208522;-1.48286;5.21994;1.55394;6.25673;-0.000725315;6.70207;-0.48213;0.554662
2569;0.208522;-1.48306;5.21973;1.55414;6.25693;-0.000725323;6.70207;-0.482331;0.554863
2570;0.208522;-1.48326;5.21953;1.55434;6.25713;-0.000725331;6.70207;-0.482531;0.555064
2571;0.208522;-1.48346;5.21933;1.55454;6.25733;-0.000725339;6.70206;-0.482732;0.555266
2572;0.208522;-1.48366;5.21913;1.55474;6.25753;-0.000725346;6.70206;-0.482932;0.555467
2573;0.208522;-1.48386;5.21893;1.55494;6.25773;-0.000725354;6.70206;-0.483133;0.555668
2574;0.208522;-1.48406;5.21873;1.55514;6.25793;-0.000725362;6.70206;-0.483333;0.55587
2575;0.208522;-1.48426;5.21853;1.55535;6.25813;-0.00072537;6.70206;-0.483534;0.556071
2576;0.208522;-1.48446;5.21833;1.55555;6.25833;-0.000725378;6.70206;-0.483735;0.556272
2577;0.208522;-1.48466;5.21813;1.55575;6.25854;-0.000725385;6.70206;-0.483935;0.556474
2578;0.208522;-1.48486;5.21793;1.55595;6.25874;-0.000725393;6.70206;-0.484136;0.556675
2579;0.208522;-1.48506;5.21772;1.55615;6.25894;-0.000725401;6.70206;-0.484336;0.556876
2580;0.208522;-1.48526;5.21752;1.55635;6.25914;-0.000725409;6.70206;-0.484537;0.557078
2581;0.208522;-1.48546;5.21732;1.55655;6.25934;-0.000725417;6.70206;-0.484737;0.557279
2582;0.208522;-1.48566;5.21712;1.55676;6.25954;-0.000725424;6.70206;-0.484938;0.55748
2583;0.208522;-1.48586;5.21692;1.55696;6.25974;-0.000725432;6.70206;-0.485139;0.557682
2584;0.208522;-1.48606;5.21672;1.55716;6.25994;-0.00072544;6.70206;-0.485339;0.557883
2585;0.208522;-1.48627;5.21652;1.55736;6.26014;-0.000725448;6.70206;-0.48554;0.558084
2586;0.208522;-1.48647;5.21632;1.55756;6.26034;-0.000725456;6.70206;-0.48574;0.558286
2587;0.208522;-1.48667;5.21612;1.55776;6.26054;-0.000725463;6.70206;-0.485941;0.558487
2588;0.208522;-1.48687;5.21592;1.55796;6.26075;-0.000725471;6.70206;-0.486141;0.558689
2589;0.208522;-1.48707;5.21571;1.55816;6.26095;-0.000725479;6.70206;-0.486342;0.55889
2590;0.208522;-1.48727;5.21551;1.55837;6.26115;-0.000725487;6.70206;-0.486543;0.559091
2591;0.208522;-1.48747;5.21531;1.55857;6.26135;-0.000725495;6.70206;-0.486743;0.559293
2592;0.208522;-1.48767;5.21511;1.55877;6.26155;-0.000725502;6.70205;-0.486944;0.559494
2593;0.208522;-1.48787;5.21491;1.55897;6.26175;-0.00072551;6.70205;-0.487144;0.559695
2594;0.208522;-1.48807;5.21471;1.55917;6.26195;-0.000725518;6.70205;-0.487345;0.559897
2595;0.208522;-1.48827;5.21451;1.55937;6.26215;-0.000725526;6.70205;-0.487546;0.560098
2596;0.208522;-1.48847;5.21431;1.55957;6.26235;-0.000725533;6.70205;-0.487746;0.5603
2597;0.208522;-1.48867;5.21411;1.55978;6.26255;-0.000725541;6.70205;-0.487947;0.560501
2598;0.208522;-1.48887;לאי.39;1.55998;6.26275;-0.000725549;6.70205;-0.488147;0.560702
2599;0.208522;-1.48907;לאי.37;1.56018;6.26296;-0.000725557;6.70205;-0.488348;0.560904
2600;0.208522;-1.48927;לאי.35;1.56038;6.26316;-0.000725564;6.70205;-0.488549;0.561105
2601;0.208522;-1.48947;לאי.33;1.56058;6.26336;-0.000725572;6.70205;-0.488749;0.561306
2602;0.208522;-1.48968;לאי.31;1.56078;6.26356;-0.00072558;6.70205;-0.48895;0.561508
2603;0.208522;-1.48988;לאי.29;1.56098;6.26376;-0.000725588;6.70205;-0.48915;0.561709
2604;0.208522;-1.49008;לאי.27;1.56119;6.26396;-0.000725595;6.70205;-0.489351;0.561911
2605;0.208522;-1.49028;לאי.25;1.56139;6.26416;-0.000725603;6.70205;-0.489552;0.562112
2606;0.208522;-1.49048;לאי.23;1.56159;6.26436;-0.000725611;6.70205;-0.489752;0.562313
2607;0.208522;-1.49068;5.21209;1.56179;6.26456;-0.000725619;6.70205;-0.489953;0.562515
2608;0.208522;-1.49088;5.21189;1.56199;6.26476;-0.000725626;6.70205;-0.490154;0.562716
2609;0.208522;-1.49108;5.21169;1.56219;6.26496;-0.000725634;6.70205;-0.490354;0.562918
2610;0.208522;-1.49128;5.21149;1.56239;6.26517;-0.000725642;6.70205;-0.490555;0.563119
2611;0.208522;-1.49148;5.21129;1.56259;6.26537;-0.000725649;6.70205;-0.490756;0.56332
2612;0.208522;-1.49168;5.21109;ÿםג.28;6.26557;-0.000725657;6.70205;-0.490956;0.563522
2613;0.208522;-1.49188;5.21089;1.563;6.26577;-0.000725665;6.70205;-0.491157;0.563723
2614;0.208522;-1.49208;5.21069;ÿםג.32;6.26597;-0.000725673;6.70204;-0.491357;0.563925
2615;0.208522;-1.49228;5.21049;ÿםג.34;6.26617;-0.00072568;6.70204;-0.491558;0.564126
2616;0.208522;-1.49248;5.21029;ÿםג.36;6.26637;-0.000725688;6.70204;-0.491759;0.564328
2617;0.208522;-1.49269;5.21008;ÿםג.38;6.26657;-0.000725696;6.70204;-0.491959;0.564529
2618;0.208522;-1.49289;5.20988;1.564;6.26677;-0.000725703;6.70204;-0.49216;0.56473
2619;0.208522;-1.49309;5.20968;1.56421;6.26697;-0.000725711;6.70204;-0.492361;0.564932
2620;0.208522;-1.49329;5.20948;1.56441;6.26718;-0.000725719;6.70204;-0.492561;0.565133
2621;0.208522;-1.49349;5.20928;1.56461;6.26738;-0.000725727;6.70204;-0.492762;0.565335
2622;0.208522;-1.49369;5.20908;1.56481;6.26758;-0.000725734;6.70204;-0.492963;0.565536
2623;0.208522;-1.49389;5.20888;1.56501;6.26778;-0.000725742;6.70204;-0.493163;0.565738
2624;0.208522;-1.49409;5.20868;1.56521;6.26798;-0.00072575;6.70204;-0.493364;0.565939
2625;0.208522;-1.49429;5.20847;1.56541;6.26818;-0.000725757;6.70204;-0.493565;0.56614
2626;0.208522;-1.49449;5.20827;1.56562;6.26838;-0.000725765;6.70204;-0.493765;0.566342
2627;0.208522;-1.49469;5.20807;1.56582;6.26858;-0.000725773;6.70204;-0.493966;0.566543
2628;0.208522;-1.49489;5.20787;1.56602;6.26878;-0.00072578;6.70204;-0.494167;0.566745
2629;0.208522;-1.49509;5.20767;1.56622;6.26898;-0.000725788;6.70204;-0.494367;0.566946
2630;0.208522;-1.49529;5.20747;1.56642;6.26918;-0.000725796;6.70204;-0.494568;0.567148
2631;0.208522;-1.49549;5.20727;1.56662;6.26939;-0.000725803;6.70204;-0.494769;0.567349
2632;0.208522;-1.4957;5.20707;1.56682;6.26959;-0.000725811;6.70204;-0.494969;0.567551
2633;0.208522;-1.4959;5.20687;1.56703;6.26979;-0.000725819;6.70204;-0.49517;0.567752
2634;0.208522;-1.4961;5.20666;1.56723;6.26999;-0.000725826;6.70204;-0.495371;0.567954
2635;0.208522;-1.4963;5.20646;1.56743;6.27019;-0.000725834;6.70203;-0.495572;0.568155
2636;0.208522;-1.4965;5.20626;1.56763;6.27039;-0.000725842;6.70203;-0.495772;0.568356
2637;0.208522;-1.4967;5.20606;1.56783;6.27059;-0.000725849;6.70203;-0.495973;0.568558
2638;0.208522;-1.4969;5.20586;1.56803;6.27079;-0.000725857;6.70203;-0.496174;0.568759
2639;0.208522;-1.4971;5.20566;1.56823;6.27099;-0.000725865;6.70203;-0.496374;0.568961
2640;0.208522;-1.4973;5.20546;1.56844;ט‏ם.12;-0.000725872;6.70203;-0.496575;0.569162
2641;0.208522;-1.4975;5.20526;1.56864;ט‏ם.14;-0.00072588;6.70203;-0.496776;0.569364
2642;0.208522;-1.4977;5.20506;1.56884;ט‏ם.16;-0.000725888;6.70203;-0.496976;0.569565
2643;0.208522;-1.4979;5.20485;1.56904;ט‏ם.18;-0.000725895;6.70203;-0.497177;0.569767
2644;0.208522;-1.4981;5.20465;1.56924;6.272;-0.000725903;6.70203;-0.497378;0.569968
2645;0.208522;-1.4983;5.20445;1.56944;ט‏ם.22;-0.000725911;6.70203;-0.497579;0.57017
2646;0.208522;-1.49851;5.20425;1.56965;ט‏ם.24;-0.000725918;6.70203;-0.497779;0.570371
2647;0.208522;-1.49871;5.20405;1.56985;ט‏ם.26;-0.000725926;6.70203;-0.49798;0.570573
2648;0.208522;-1.49891;5.20385;1.57005;ט‏ם.28;-0.000725934;6.70203;-0.498181;0.570774
2649;0.208522;-1.49911;5.20365;1.57025;6.273;-0.000725941;6.70203;-0.498382;0.570976
2650;0.208522;-1.49931;5.20345;1.57045;6.27321;-0.000725949;6.70203;-0.498582;0.571177
2651;0.208522;-1.49951;5.20324;1.57065;6.27341;-0.000725956;6.70203;-0.498783;0.571379
2652;0.208522;-1.49971;5.20304;1.57085;6.27361;-0.000725964;6.70203;-0.498984;0.57158
2653;0.208522;-1.49991;5.20284;1.57106;6.27381;-0.000725972;6.70203;-0.499184;0.571782
2654;0.208522;-1.50011;5.20264;1.57126;6.27401;-0.000725979;6.70203;-0.499385;0.571983
2655;0.208522;-1.50031;5.20244;1.57146;6.27421;-0.000725987;6.70203;-0.499586;0.572185
2656;0.208522;-1.50051;5.20224;1.57166;6.27441;-0.000725995;6.70203;-0.499787;0.572386
2657;0.208522;-1.50071;5.20204;1.57186;6.27461;-0.000726002;6.70202;-0.499987;0.572588
2658;0.208522;-1.50091;5.20184;1.57206;6.27481;-0.00072601;6.70202;-0.500188;0.572789
2659;0.208522;-1.50111;5.20163;1.57226;6.27501;-0.000726017;6.70202;-0.500389;0.572991
2660;0.208522;-1.50132;5.20143;1.57247;6.27522;-0.000726025;6.70202;-0.50059;0.573192
2661;0.208522;-1.50152;5.20123;1.57267;6.27542;-0.000726033;6.70202;-0.50079;0.573394
2662;0.208522;-1.50172;5.20103;1.57287;6.27562;-0.00072604;6.70202;-0.500991;0.573595
2663;0.208522;-1.50192;5.20083;1.57307;6.27582;-0.000726048;6.70202;-0.501192;0.573797
2664;0.208522;-1.50212;5.20063;1.57327;6.27602;-0.000726055;6.70202;-0.501393;0.573998
2665;0.208522;-1.50232;5.20043;1.57347;6.27622;-0.000726063;6.70202;-0.501594;0.5742
2666;0.208522;-1.50252;5.20023;1.57368;6.27642;-0.000726071;6.70202;-0.501794;0.574401
2667;0.208522;-1.50272;5.20003;1.57388;6.27662;-0.000726078;6.70202;-0.501995;0.574603
2668;0.208522;-1.50292;5.19982;1.57408;6.27682;-0.000726086;6.70202;-0.502196;0.574804
2669;0.208522;-1.50312;5.19962;1.57428;6.27703;-0.000726093;6.70202;-0.502397;0.575006
2670;0.208522;-1.50332;5.19942;1.57448;6.27723;-0.000726101;6.70202;-0.502597;0.575207
2671;0.208522;-1.50352;5.19922;1.57468;6.27743;-0.000726108;6.70202;-0.502798;0.575409
2672;0.208522;-1.50373;5.19902;1.57488;6.27763;-0.000726116;6.70202;-0.502999;0.575611
2673;0.208522;-1.50393;5.19882;1.57509;6.27783;-0.000726124;6.70202;-0.5032;0.575812
2674;0.208522;-1.50413;5.19862;1.57529;6.27803;-0.000726131;6.70202;-0.5034;0.576014
2675;0.208522;-1.50433;5.19842;1.57549;6.27823;-0.000726139;6.70202;-0.503601;0.576215
2676;0.208522;-1.50453;5.19821;1.57569;6.27843;-0.000726146;6.70202;-0.503802;0.576417
2677;0.208522;-1.50473;5.19801;1.57589;6.27863;-0.000726154;6.70202;-0.504003;0.576618
2678;0.208522;-1.50493;5.19781;1.57609;6.27883;-0.000726161;6.70202;-0.504204;0.57682
2679;0.208523;-1.50513;5.19761;ÿםג.63;6.27904;-0.000726169;6.70201;-0.504404;0.577021
2680;0.208523;-1.50533;5.19741;ÿםג.65;6.27924;-0.000726177;6.70201;-0.504605;0.577223
2681;0.208523;-1.50553;5.19721;ÿםג.67;6.27944;-0.000726184;6.70201;-0.504806;0.577424
2682;0.208523;-1.50573;5.19701;ÿםג.69;6.27964;-0.000726192;6.70201;-0.505007;0.577626
2683;0.208523;-1.50593;5.19681;ÿםג.71;6.27984;-0.000726199;6.70201;-0.505208;0.577828
2684;0.208523;-1.50613;לאי.66;ÿםג.73;6.28004;-0.000726207;6.70201;-0.505408;0.578029
2685;0.208523;-1.50634;לאי.64;ÿםג.75;6.28024;-0.000726214;6.70201;-0.505609;0.578231
2686;0.208523;-1.50654;לאי.62;1.57771;6.28044;-0.000726222;6.70201;-0.50581;0.578432
2687;0.208523;-1.50674;5.196;1.57791;6.28064;-0.000726229;6.70201;-0.506011;0.578634
2688;0.208523;-1.50694;לאי.58;1.57811;6.28085;-0.000726237;6.70201;-0.506212;0.578835
2689;0.208523;-1.50714;לאי.56;1.57831;6.28105;-0.000726244;6.70201;-0.506413;0.579037
2690;0.208523;-1.50734;לאי.54;1.57851;6.28125;-0.000726252;6.70201;-0.506613;0.579239
2691;0.208523;-1.50754;לאי.52;1.57871;6.28145;-0.000726259;6.70201;-0.506814;0.57944
2692;0.208523;-1.50774;5.19499;1.57892;6.28165;-0.000726267;6.70201;-0.507015;0.579642
2693;0.208523;-1.50794;5.19479;1.57912;6.28185;-0.000726275;6.70201;-0.507216;0.579843
2694;0.208523;-1.50814;5.19459;1.57932;6.28205;-0.000726282;6.70201;-0.507417;0.580045
2695;0.208523;-1.50834;5.19439;1.57952;6.28225;-0.00072629;6.70201;-0.507618;0.580246
2696;0.208523;-1.50854;5.19419;1.57972;6.28245;-0.000726297;6.70201;-0.507818;0.580448
2697;0.208523;-1.50875;5.19399;1.57992;6.28266;-0.000726305;6.70201;-0.508019;0.58065
2698;0.208523;-1.50895;5.19379;1.58012;6.28286;-0.000726312;6.70201;-0.50822;0.580851
2699;0.208523;-1.50915;5.19358;1.58033;6.28306;-0.00072632;6.70201;-0.508421;0.581053
2700;0.208523;-1.50935;5.19338;1.58053;6.28326;-0.000726327;6.70201;-0.508622;0.581254
2701;0.208523;-1.50955;5.19318;1.58073;6.28346;-0.000726335;6.702;-0.508823;0.581456
2702;0.208523;-1.50975;5.19298;1.58093;6.28366;-0.000726342;6.702;-0.509023;0.581658
2703;0.208523;-1.50995;5.19278;1.58113;6.28386;-0.00072635;6.702;-0.509224;0.581859
2704;0.208523;-1.51015;5.19258;1.58133;6.28406;-0.000726357;6.702;-0.509425;0.582061
2705;0.208523;-1.51035;5.19238;1.58154;6.28427;-0.000726365;6.702;-0.509626;0.582262
2706;0.208523;-1.51055;5.19218;1.58174;6.28447;-0.000726372;6.702;-0.509827;0.582464
2707;0.208523;-1.51075;5.19197;1.58194;6.28467;-0.00072638;6.702;-0.510028;0.582666
2708;0.208523;-1.51095;5.19177;1.58214;6.28487;-0.000726387;6.702;-0.510229;0.582867
2709;0.208523;-1.51116;5.19157;1.58234;6.28507;-0.000726395;6.702;-0.510429;0.583069
2710;0.208523;-1.51136;5.19137;1.58254;6.28527;-0.000726402;6.702;-0.51063;0.583271
2711;0.208523;-1.51156;5.19117;1.58275;6.28547;-0.00072641;6.702;-0.510831;0.583472
2712;0.208523;-1.51176;5.19097;1.58295;6.28567;-0.000726417;6.702;-0.511032;0.583674
2713;0.208523;-1.51196;5.19077;1.58315;6.28587;-0.000726425;6.702;-0.511233;0.583875
2714;0.208523;-1.51216;5.19056;1.58335;6.28608;-0.000726432;6.702;-0.511434;0.584077
2715;0.208523;-1.51236;5.19036;1.58355;6.28628;-0.000726439;6.702;-0.511635;0.584279
2716;0.208523;-1.51256;5.19016;1.58375;6.28648;-0.000726447;6.702;-0.511836;0.58448
2717;0.208523;-1.51276;5.18996;1.58396;6.28668;-0.000726454;6.702;-0.512036;0.584682
2718;0.208523;-1.51296;5.18976;1.58416;6.28688;-0.000726462;6.702;-0.512237;0.584884
2719;0.208523;-1.51316;5.18956;1.58436;6.28708;-0.000726469;6.702;-0.512438;0.585085
2720;0.208523;-1.51337;5.18936;1.58456;6.28728;-0.000726477;6.702;-0.512639;0.585287
2721;0.208523;-1.51357;5.18916;1.58476;6.28748;-0.000726484;6.702;-0.51284;0.585488
2722;0.208523;-1.51377;5.18895;1.58496;6.28769;-0.000726492;6.702;-0.513041;0.58569
2723;0.208523;-1.51397;5.18875;1.58517;6.28789;-0.000726499;6.70199;-0.513242;0.585892
2724;0.208523;-1.51417;5.18855;1.58537;6.28809;-0.000726507;6.70199;-0.513443;0.586093
2725;0.208523;-1.51437;5.18835;1.58557;6.28829;-0.000726514;6.70199;-0.513644;0.586295
2726;0.208524;-1.51457;5.18815;1.58577;6.28849;-0.000726521;6.70199;-0.513845;0.586497
2727;0.208524;-1.51477;5.18795;1.58597;6.28869;-0.000726529;6.70199;-0.514045;0.586698
2728;0.208524;-1.51497;5.18775;1.58617;6.28889;-0.000726536;6.70199;-0.514246;0.5869
2729;0.208524;-1.51517;5.18754;1.58638;6.28909;-0.000726544;6.70199;-0.514447;0.587102
2730;0.208524;-1.51537;5.18734;1.58658;6.28929;-0.000726551;6.70199;-0.514648;0.587303
2731;0.208524;-1.51558;5.18714;1.58678;ט‏ם.95;-0.000726559;6.70199;-0.514849;0.587505
2732;0.208524;-1.51578;5.18694;1.58698;ט‏ם.97;-0.000726566;6.70199;-0.51505;0.587707
2733;0.208524;-1.51598;5.18674;1.58718;ט‏ם.99;-0.000726574;6.70199;-0.515251;0.587908
2734;0.208524;-1.51618;5.18654;1.58738;ט‏ם.01;-0.000726581;6.70199;-0.515452;0.58811
2735;0.208524;-1.51638;5.18634;1.58759;ט‏ם.03;-0.000726588;6.70199;-0.515653;0.588312
2736;0.208524;-1.51658;5.18613;1.58779;ט‏ם.05;-0.000726596;6.70199;-0.515854;0.588513
2737;0.208524;-1.51678;5.18593;1.58799;ט‏ם.07;-0.000726603;6.70199;-0.516055;0.588715
2738;0.208524;-1.51698;5.18573;1.58819;ט‏ם.09;-0.000726611;6.70199;-0.516256;0.588917
2739;0.208524;-1.51718;5.18553;1.58839;6.29111;-0.000726618;6.70199;-0.516456;0.589118
2740;0.208524;-1.51738;5.18533;1.58859;6.29131;-0.000726625;6.70199;-0.516657;0.58932
2741;0.208524;-1.51759;5.18513;ÿםג.88;6.29151;-0.000726633;6.70199;-0.516858;0.589522
2742;0.208524;-1.51779;5.18493;1.589;6.29171;-0.00072664;6.70199;-0.517059;0.589723
2743;0.208524;-1.51799;5.18473;ÿםג.92;6.29191;-0.000726648;6.70199;-0.51726;0.589925
2744;0.208524;-1.51819;5.18452;ÿםג.94;6.29211;-0.000726655;6.70198;-0.517461;0.590127
2745;0.208524;-1.51839;5.18432;ÿםג.96;6.29231;-0.000726663;6.70198;-0.517662;0.590328
2746;0.208524;-1.51859;5.18412;ÿםג.98;6.29251;-0.00072667;6.70198;-0.517863;0.59053
2747;0.208524;-1.51879;5.18392;1.59001;6.29272;-0.000726677;6.70198;-0.518064;0.590732
2748;0.208524;-1.51899;5.18372;1.59021;6.29292;-0.000726685;6.70198;-0.518265;0.590933
2749;0.208524;-1.51919;5.18352;1.59041;6.29312;-0.000726692;6.70198;-0.518466;0.591135
2750;0.208524;-1.51939;5.18332;1.59061;6.29332;-0.000726699;6.70198;-0.518667;0.591337
2751;0.208524;-1.51959;5.18311;1.59081;6.29352;-0.000726707;6.70198;-0.518868;0.591539
2752;0.208524;-1.5198;5.18291;1.59101;6.29372;-0.000726714;6.70198;-0.519069;0.59174
2753;0.208524;-1.52;5.18271;1.59122;6.29392;-0.000726722;6.70198;-0.51927;0.591942
2754;0.208524;-1.5202;5.18251;1.59142;6.29412;-0.000726729;6.70198;-0.519471;0.592144
2755;0.208524;-1.5204;5.18231;1.59162;6.29433;-0.000726736;6.70198;-0.519672;0.592345
2756;0.208524;-1.5206;5.18211;1.59182;6.29453;-0.000726744;6.70198;-0.519873;0.592547
2757;0.208524;-1.5208;5.18191;1.59202;6.29473;-0.000726751;6.70198;-0.520074;0.592749
2758;0.208524;-1.521;5.1817;1.59222;6.29493;-0.000726759;6.70198;-0.520275;0.592951
2759;0.208524;-1.5212;5.1815;1.59243;6.29513;-0.000726766;6.70198;-0.520476;0.593152
2760;0.208524;-1.5214;5.1813;1.59263;6.29533;-0.000726773;6.70198;-0.520677;0.593354
2761;0.208524;-1.5216;5.1811;1.59283;6.29553;-0.000726781;6.70198;-0.520878;0.593556
2762;0.208524;-1.52181;5.1809;1.59303;6.29573;-0.000726788;6.70198;-0.521079;0.593757
2763;0.208525;-1.52201;5.1807;1.59323;6.29594;-0.000726795;6.70198;-0.52128;0.593959
2764;0.208525;-1.52221;5.1805;1.59343;6.29614;-0.000726803;6.70198;-0.521481;0.594161
2765;0.208525;-1.52241;5.18029;1.59364;6.29634;-0.00072681;6.70198;-0.521682;0.594363
2766;0.208525;-1.52261;5.18009;1.59384;6.29654;-0.000726817;6.70197;-0.521883;0.594564
2767;0.208525;-1.52281;5.17989;1.59404;6.29674;-0.000726825;6.70197;-0.522084;0.594766
2768;0.208525;-1.52301;5.17969;1.59424;6.29694;-0.000726832;6.70197;-0.522285;0.594968
2769;0.208525;-1.52321;5.17949;1.59444;6.29714;-0.000726839;6.70197;-0.522486;0.59517
2770;0.208525;-1.52341;5.17929;1.59464;6.29734;-0.000726847;6.70197;-0.522687;0.595371
2771;0.208525;-1.52361;5.17909;1.59485;6.29755;-0.000726854;6.70197;-0.522888;0.595573
2772;0.208525;-1.52382;5.17888;1.59505;6.29775;-0.000726861;6.70197;-0.523089;0.595775
2773;0.208525;-1.52402;5.17868;1.59525;6.29795;-0.000726869;6.70197;-0.52329;0.595977
2774;0.208525;-1.52422;5.17848;1.59545;6.29815;-0.000726876;6.70197;-0.523491;0.596178
2775;0.208525;-1.52442;5.17828;1.59565;6.29835;-0.000726883;6.70197;-0.523692;0.59638
2776;0.208525;-1.52462;5.17808;1.59585;6.29855;-0.000726891;6.70197;-0.523893;0.596582
2777;0.208525;-1.52482;5.17788;1.59606;6.29875;-0.000726898;6.70197;-0.524094;0.596784
2778;0.208525;-1.52502;5.17767;1.59626;6.29895;-0.000726905;6.70197;-0.524295;0.596985
2779;0.208525;-1.52522;5.17747;1.59646;6.29916;-0.000726913;6.70197;-0.524496;0.597187
2780;0.208525;-1.52542;5.17727;1.59666;6.29936;-0.00072692;6.70197;-0.524697;0.597389
2781;0.208525;-1.52562;5.17707;1.59686;6.29956;-0.000726927;6.70197;-0.524898;0.597591
2782;0.208525;-1.52583;5.17687;1.59707;6.29976;-0.000726935;6.70197;-0.525099;0.597792
2783;0.208525;-1.52603;5.17667;1.59727;6.29996;-0.000726942;6.70197;-0.5253;0.597994
2784;0.208525;-1.52623;5.17647;1.59747;6.30016;-0.000726949;6.70197;-0.525501;0.598196
2785;0.208525;-1.52643;5.17626;1.59767;6.30036;-0.000726957;6.70197;-0.525702;0.598398
2786;0.208525;-1.52663;5.17606;1.59787;6.30057;-0.000726964;6.70197;-0.525903;0.598599
2787;0.208525;-1.52683;5.17586;1.59807;6.30077;-0.000726971;6.70197;-0.526104;0.598801
2788;0.208525;-1.52703;5.17566;1.59828;6.30097;-0.000726979;6.70196;-0.526305;0.599003
2789;0.208525;-1.52723;5.17546;1.59848;6.30117;-0.000726986;6.70196;-0.526506;0.599205
2790;0.208525;-1.52743;5.17526;1.59868;6.30137;-0.000726993;6.70196;-0.526707;0.599406
2791;0.208525;-1.52764;5.17506;1.59888;6.30157;-0.000727;6.70196;-0.526908;0.599608
2792;0.208525;-1.52784;5.17485;1.59908;6.30177;-0.000727008;6.70196;-0.527109;0.59981
2793;0.208526;-1.52804;5.17465;1.59928;6.30197;-0.000727015;6.70196;-0.52731;0.600012
2794;0.208526;-1.52824;5.17445;1.59949;6.30218;-0.000727022;6.70196;-0.527511;0.600214
2795;0.208526;-1.52844;5.17425;1.59969;6.30238;-0.00072703;6.70196;-0.527712;0.600415
2796;0.208526;-1.52864;5.17405;1.59989;6.30258;-0.000727037;6.70196;-0.527914;0.600617
2797;0.208526;-1.52884;5.17385;1.60009;6.30278;-0.000727044;6.70196;-0.528115;0.600819
2798;0.208526;-1.52904;5.17364;1.60029;6.30298;-0.000727051;6.70196;-0.528316;0.601021
2799;0.208526;-1.52924;5.17344;ÿםג.05;6.30318;-0.000727059;6.70196;-0.528517;0.601223
2800;0.208526;-1.52944;5.17324;ÿםג.07;6.30338;-0.000727066;6.70196;-0.528718;0.601424
2801;0.208526;-1.52965;5.17304;ÿםג.09;6.30359;-0.000727073;6.70196;-0.528919;0.601626
2802;0.208526;-1.52985;5.17284;ÿםג.11;6.30379;-0.000727081;6.70196;-0.52912;0.601828
2803;0.208526;-1.53005;5.17264;ÿםג.13;6.30399;-0.000727088;6.70196;-0.529321;0.60203
2804;0.208526;-1.53025;5.17244;ÿםג.15;6.30419;-0.000727095;6.70196;-0.529522;0.602232
2805;0.208526;-1.53045;5.17223;1.60171;6.30439;-0.000727102;6.70196;-0.529723;0.602433
2806;0.208526;-1.53065;5.17203;1.60191;6.30459;-0.00072711;6.70196;-0.529924;0.602635
2807;0.208526;-1.53085;5.17183;1.60211;6.30479;-0.000727117;6.70196;-0.530125;0.602837
2808;0.208526;-1.53105;5.17163;1.60231;6.30499;-0.000727124;6.70196;-0.530326;0.603039
2809;0.208526;-1.53125;5.17143;1.60251;ט‏ם.52;-0.000727131;6.70196;-0.530528;0.603241
2810;0.208526;-1.53146;5.17123;1.60272;ט‏ם.54;-0.000727139;6.70196;-0.530729;0.603443
2811;0.208526;-1.53166;5.17102;1.60292;ט‏ם.56;-0.000727146;6.70195;-0.53093;0.603644
2812;0.208526;-1.53186;5.17082;1.60312;ט‏ם.58;-0.000727153;6.70195;-0.531131;0.603846
2813;0.208526;-1.53206;5.17062;1.60332;6.306;-0.00072716;6.70195;-0.531332;0.604048
2814;0.208526;-1.53226;5.17042;1.60352;ט‏ם.62;-0.000727168;6.70195;-0.531533;0.60425
2815;0.208526;-1.53246;5.17022;1.60372;ט‏ם.64;-0.000727175;6.70195;-0.531734;0.604452
2816;0.208526;-1.53266;5.17002;1.60393;6.30661;-0.000727182;6.70195;-0.531935;0.604653
2817;0.208526;-1.53286;5.16982;1.60413;6.30681;-0.000727189;6.70195;-0.532136;0.604855
2818;0.208526;-1.53306;5.16961;1.60433;6.30701;-0.000727197;6.70195;-0.532337;0.605057
2819;0.208526;-1.53327;5.16941;1.60453;6.30721;-0.000727204;6.70195;-0.532539;0.605259
2820;0.208526;-1.53347;5.16921;1.60473;6.30741;-0.000727211;6.70195;-0.53274;0.605461
2821;0.208527;-1.53367;5.16901;1.60494;6.30761;-0.000727218;6.70195;-0.532941;0.605663
2822;0.208527;-1.53387;5.16881;1.60514;6.30781;-0.000727225;6.70195;-0.533142;0.605864
2823;0.208527;-1.53407;5.16861;1.60534;6.30802;-0.000727233;6.70195;-0.533343;0.606066
2824;0.208527;-1.53427;5.1684;1.60554;6.30822;-0.00072724;6.70195;-0.533544;0.606268
2825;0.208527;-1.53447;5.1682;1.60574;6.30842;-0.000727247;6.70195;-0.533745;0.60647
2826;0.208527;-1.53467;5.168;1.60594;6.30862;-0.000727254;6.70195;-0.533946;0.606672
2827;0.208527;-1.53487;5.1678;1.60615;6.30882;-0.000727262;6.70195;-0.534148;0.606874
2828;0.208527;-1.53508;5.1676;1.60635;6.30902;-0.000727269;6.70195;-0.534349;0.607076
2829;0.208527;-1.53528;5.1674;1.60655;6.30922;-0.000727276;6.70195;-0.53455;0.607277
2830;0.208527;-1.53548;5.16719;1.60675;6.30943;-0.000727283;6.70195;-0.534751;0.607479
2831;0.208527;-1.53568;5.16699;1.60695;6.30963;-0.00072729;6.70195;-0.534952;0.607681
2832;0.208527;-1.53588;5.16679;1.60716;6.30983;-0.000727298;6.70195;-0.535153;0.607883
2833;0.208527;-1.53608;5.16659;1.60736;6.31003;-0.000727305;6.70194;-0.535354;0.608085
2834;0.208527;-1.53628;5.16639;1.60756;6.31023;-0.000727312;6.70194;-0.535556;0.608287
2835;0.208527;-1.53648;5.16619;1.60776;6.31043;-0.000727319;6.70194;-0.535757;0.608489
2836;0.208527;-1.53669;5.16599;1.60796;6.31063;-0.000727326;6.70194;-0.535958;0.608691
2837;0.208527;-1.53689;5.16578;1.60817;6.31084;-0.000727334;6.70194;-0.536159;0.608892
2838;0.208527;-1.53709;5.16558;1.60837;6.31104;-0.000727341;6.70194;-0.53636;0.609094
2839;0.208527;-1.53729;5.16538;1.60857;6.31124;-0.000727348;6.70194;-0.536561;0.609296
2840;0.208527;-1.53749;5.16518;1.60877;6.31144;-0.000727355;6.70194;-0.536763;0.609498
2841;0.208527;-1.53769;5.16498;1.60897;6.31164;-0.000727362;6.70194;-0.536964;0.6097
2842;0.208527;-1.53789;5.16478;1.60917;6.31184;-0.000727369;6.70194;-0.537165;0.609902
2843;0.208527;-1.53809;5.16457;1.60938;6.31204;-0.000727377;6.70194;-0.537366;0.610104
2844;0.208527;-1.53829;5.16437;1.60958;6.31225;-0.000727384;6.70194;-0.537567;0.610306
2845;0.208528;-1.5385;5.16417;1.60978;6.31245;-0.000727391;6.70194;-0.537768;0.610507
2846;0.208528;-1.5387;5.16397;1.60998;6.31265;-0.000727398;6.70194;-0.53797;0.610709
2847;0.208528;-1.5389;5.16377;1.61018;6.31285;-0.000727405;6.70194;-0.538171;0.610911
2848;0.208528;-1.5391;5.16357;1.61039;6.31305;-0.000727412;6.70194;-0.538372;0.611113
2849;0.208528;-1.5393;5.16336;1.61059;6.31325;-0.00072742;6.70194;-0.538573;0.611315
2850;0.208528;-1.5395;5.16316;1.61079;6.31345;-0.000727427;6.70194;-0.538774;0.611517
2851;0.208528;-1.5397;5.16296;1.61099;6.31366;-0.000727434;6.70194;-0.538975;0.611719
2852;0.208528;-1.5399;5.16276;1.61119;6.31386;-0.000727441;6.70194;-0.539177;0.611921
2853;0.208528;-1.54011;5.16256;ÿםג.14;6.31406;-0.000727448;6.70194;-0.539378;0.612123
2854;0.208528;-1.54031;5.16236;ÿםג.16;6.31426;-0.000727455;6.70194;-0.539579;0.612325
2855;0.208528;-1.54051;5.16215;ÿםג.18;6.31446;-0.000727463;6.70193;-0.53978;0.612526
2856;0.208528;-1.54071;5.16195;1.612;6.31466;-0.00072747;6.70193;-0.539981;0.612728
2857;0.208528;-1.54091;5.16175;ÿםג.22;6.31486;-0.000727477;6.70193;-0.540183;0.61293
2858;0.208528;-1.54111;5.16155;ÿםג.24;6.31507;-0.000727484;6.70193;-0.540384;0.613132
2859;0.208528;-1.54131;5.16135;1.61261;6.31527;-0.000727491;6.70193;-0.540585;0.613334
2860;0.208528;-1.54151;5.16115;1.61281;6.31547;-0.000727498;6.70193;-0.540786;0.613536
2861;0.208528;-1.54171;5.16094;1.61301;6.31567;-0.000727505;6.70193;-0.540987;0.613738
2862;0.208528;-1.54192;5.16074;1.61321;6.31587;-0.000727513;6.70193;-0.541189;0.61394
2863;0.208528;-1.54212;5.16054;1.61341;6.31607;-0.00072752;6.70193;-0.54139;0.614142
2864;0.208528;-1.54232;5.16034;1.61362;6.31627;-0.000727527;6.70193;-0.541591;0.614344
2865;0.208528;-1.54252;5.16014;1.61382;6.31648;-0.000727534;6.70193;-0.541792;0.614546
2866;0.208528;-1.54272;5.15994;1.61402;6.31668;-0.000727541;6.70193;-0.541993;0.614748
2867;0.208528;-1.54292;5.15973;1.61422;6.31688;-0.000727548;6.70193;-0.542195;0.61495
2868;0.208529;-1.54312;5.15953;1.61442;6.31708;-0.000727555;6.70193;-0.542396;0.615151
2869;0.208529;-1.54332;5.15933;1.61463;6.31728;-0.000727562;6.70193;-0.542597;0.615353
2870;0.208529;-1.54353;5.15913;1.61483;6.31748;-0.000727569;6.70193;-0.542798;0.615555
2871;0.208529;-1.54373;5.15893;1.61503;6.31768;-0.000727577;6.70193;-0.543;0.615757
2872;0.208529;-1.54393;5.15873;1.61523;6.31789;-0.000727584;6.70193;-0.543201;0.615959
2873;0.208529;-1.54413;5.15852;1.61543;6.31809;-0.000727591;6.70193;-0.543402;0.616161
2874;0.208529;-1.54433;5.15832;1.61564;6.31829;-0.000727598;6.70193;-0.543603;0.616363
2875;0.208529;-1.54453;5.15812;1.61584;6.31849;-0.000727605;6.70193;-0.543805;0.616565
2876;0.208529;-1.54473;5.15792;1.61604;6.31869;-0.000727612;6.70193;-0.544006;0.616767
2877;0.208529;-1.54493;5.15772;1.61624;6.31889;-0.000727619;6.70192;-0.544207;0.616969
2878;0.208529;-1.54514;5.15752;1.61644;ט‏ם.91;-0.000727626;6.70192;-0.544408;0.617171
2879;0.208529;-1.54534;5.15731;1.61665;ט‏ם.93;-0.000727633;6.70192;-0.54461;0.617373
2880;0.208529;-1.54554;5.15711;1.61685;ט‏ם.95;-0.00072764;6.70192;-0.544811;0.617575
2881;0.208529;-1.54574;5.15691;1.61705;ט‏ם.97;-0.000727648;6.70192;-0.545012;0.617777
2882;0.208529;-1.54594;5.15671;1.61725;ט‏ם.99;-0.000727655;6.70192;-0.545213;0.617979
2883;0.208529;-1.54614;5.15651;1.61745;ט‏ם.01;-0.000727662;6.70192;-0.545415;0.618181
2884;0.208529;-1.54634;5.15631;1.61766;ט‏ם.03;-0.000727669;6.70192;-0.545616;0.618383
2885;0.208529;-1.54654;5.1561;1.61786;6.32051;-0.000727676;6.70192;-0.545817;0.618585
2886;0.208529;-1.54675;5.1559;1.61806;6.32071;-0.000727683;6.70192;-0.546018;0.618787
2887;0.208529;-1.54695;5.1557;1.61826;6.32091;-0.00072769;6.70192;-0.54622;0.618989
2888;0.208529;-1.54715;5.1555;1.61846;6.32111;-0.000727697;6.70192;-0.546421;0.619191
2889;0.20853;-1.54735;5.1553;1.61866;6.32131;-0.000727704;6.70192;-0.546622;0.619393
2890;0.20853;-1.54755;5.1551;1.61887;6.32151;-0.000727711;6.70192;-0.546823;0.619595
2891;0.20853;-1.54775;5.15489;1.61907;6.32172;-0.000727718;6.70192;-0.547025;0.619796
2892;0.20853;-1.54795;5.15469;1.61927;6.32192;-0.000727725;6.70192;-0.547226;0.619998
2893;0.20853;-1.54815;5.15449;1.61947;6.32212;-0.000727732;6.70192;-0.547427;0.6202
2894;0.20853;-1.54836;5.15429;1.61967;6.32232;-0.00072774;6.70192;-0.547628;0.620402
2895;0.20853;-1.54856;5.15409;1.61988;6.32252;-0.000727747;6.70192;-0.54783;0.620604
2896;0.20853;-1.54876;5.15389;1.62008;6.32272;-0.000727754;6.70192;-0.548031;0.620806
2897;0.20853;-1.54896;5.15368;1.62028;6.32292;-0.000727761;6.70192;-0.548232;0.621008
2898;0.20853;-1.54916;5.15348;1.62048;6.32313;-0.000727768;6.70192;-0.548434;0.62121
2899;0.20853;-1.54936;5.15328;1.62068;6.32333;-0.000727775;6.70192;-0.548635;0.621412
2900;0.20853;-1.54956;5.15308;1.62089;6.32353;-0.000727782;6.70191;-0.548836;0.621614
2901;0.20853;-1.54977;5.15288;1.62109;6.32373;-0.000727789;6.70191;-0.549038;0.621816
2902;0.20853;-1.54997;5.15267;1.62129;6.32393;-0.000727796;6.70191;-0.549239;0.622018
2903;0.20853;-1.55017;5.15247;1.62149;6.32413;-0.000727803;6.70191;-0.54944;0.62222
2904;0.20853;-1.55037;5.15227;1.62169;6.32434;-0.00072781;6.70191;-0.549641;0.622422
2905;0.20853;-1.55057;5.15207;ÿםג.19;6.32454;-0.000727817;6.70191;-0.549843;0.622624
2906;0.20853;-1.55077;5.15187;ÿםג.21;6.32474;-0.000727824;6.70191;-0.550044;0.622826
2907;0.20853;-1.55097;5.15167;ÿםג.23;6.32494;-0.000727831;6.70191;-0.550245;0.623028
2908;0.20853;-1.55117;5.15146;ÿםג.25;6.32514;-0.000727838;6.70191;-0.550447;0.62323
2909;0.208531;-1.55138;5.15126;ÿםג.27;6.32534;-0.000727845;6.70191;-0.550648;0.623432
2910;0.208531;-1.55158;5.15106;1.62291;6.32554;-0.000727852;6.70191;-0.550849;0.623634
2911;0.208531;-1.55178;5.15086;1.62311;6.32575;-0.000727859;6.70191;-0.551051;0.623836
2912;0.208531;-1.55198;5.15066;1.62331;6.32595;-0.000727866;6.70191;-0.551252;0.624039
2913;0.208531;-1.55218;5.15046;1.62351;6.32615;-0.000727873;6.70191;-0.551453;0.624241
2914;0.208531;-1.55238;5.15025;1.62371;6.32635;-0.00072788;6.70191;-0.551655;0.624443
2915;0.208531;-1.55258;5.15005;1.62392;6.32655;-0.000727887;6.70191;-0.551856;0.624645
2916;0.208531;-1.55279;5.14985;1.62412;6.32675;-0.000727894;6.70191;-0.552057;0.624847
2917;0.208531;-1.55299;5.14965;1.62432;6.32696;-0.000727901;6.70191;-0.552259;0.625049
2918;0.208531;-1.55319;5.14945;1.62452;6.32716;-0.000727908;6.70191;-0.55246;0.625251
2919;0.208531;-1.55339;5.14924;1.62472;6.32736;-0.000727915;6.70191;-0.552661;0.625453
2920;0.208531;-1.55359;5.14904;1.62493;6.32756;-0.000727922;6.70191;-0.552863;0.625655
2921;0.208531;-1.55379;5.14884;1.62513;6.32776;-0.000727929;6.70191;-0.553064;0.625857
2922;0.208531;-1.55399;5.14864;1.62533;6.32796;-0.000727936;ט‏ם.19;-0.553265;0.626059
2923;0.208531;-1.55419;5.14844;1.62553;6.32817;-0.000727943;ט‏ם.19;-0.553467;0.626261
2924;0.208531;-1.5544;5.14824;1.62573;6.32837;-0.00072795;ט‏ם.19;-0.553668;0.626463
2925;0.208531;-1.5546;5.14803;1.62594;6.32857;-0.000727957;ט‏ם.19;-0.553869;0.626665
2926;0.208531;-1.5548;5.14783;1.62614;6.32877;-0.000727964;ט‏ם.19;-0.554071;0.626867
2927;0.208531;-1.555;5.14763;1.62634;6.32897;-0.000727971;ט‏ם.19;-0.554272;0.627069
2928;0.208532;-1.5552;5.14743;1.62654;6.32917;-0.000727978;ט‏ם.19;-0.554473;0.627271
2929;0.208532;-1.5554;5.14723;1.62675;6.32937;-0.000727985;ט‏ם.19;-0.554675;0.627473
2930;0.208532;-1.5556;5.14703;1.62695;6.32958;-0.000727992;ט‏ם.19;-0.554876;0.627675
2931;0.208532;-1.55581;5.14682;1.62715;6.32978;-0.000727999;ט‏ם.19;-0.555077;0.627877
2932;0.208532;-1.55601;5.14662;1.62735;6.32998;-0.000728006;ט‏ם.19;-0.555279;0.628079
2933;0.208532;-1.55621;5.14642;1.62755;6.33018;-0.000728013;ט‏ם.19;-0.55548;0.628281
2934;0.208532;-1.55641;5.14622;1.62776;6.33038;-0.00072802;ט‏ם.19;-0.555681;0.628483
2935;0.208532;-1.55661;5.14602;1.62796;6.33058;-0.000728027;ט‏ם.19;-0.555883;0.628686
2936;0.208532;-1.55681;5.14581;1.62816;6.33079;-0.000728034;ט‏ם.19;-0.556084;0.628888
2937;0.208532;-1.55701;5.14561;1.62836;6.33099;-0.000728041;ט‏ם.19;-0.556286;0.62909
2938;0.208532;-1.55721;5.14541;1.62856;6.33119;-0.000728048;ט‏ם.19;-0.556487;0.629292
2939;0.208532;-1.55742;5.14521;1.62877;6.33139;-0.000728055;ט‏ם.19;-0.556688;0.629494
2940;0.208532;-1.55762;5.14501;1.62897;6.33159;-0.000728062;ט‏ם.19;-0.55689;0.629696
2941;0.208532;-1.55782;5.14481;1.62917;6.33179;-0.000728069;ט‏ם.19;-0.557091;0.629898
2942;0.208532;-1.55802;5.1446;1.62937;6.332;-0.000728076;ט‏ם.19;-0.557292;0.6301
2943;0.208532;-1.55822;5.1444;1.62957;ט‏ם.22;-0.000728083;ט‏ם.19;-0.557494;0.630302
2944;0.208532;-1.55842;5.1442;1.62978;ט‏ם.24;-0.00072809;ט‏ם.19;-0.557695;0.630504
2945;0.208532;-1.55862;5.144;1.62998;ט‏ם.26;-0.000728097;6.70189;-0.557897;0.630706
2946;0.208533;-1.55883;5.1438;1.63018;ט‏ם.28;-0.000728104;6.70189;-0.558098;0.630908
2947;0.208533;-1.55903;5.14359;1.63038;6.333;-0.000728111;6.70189;-0.558299;0.63111
2948;0.208533;-1.55923;5.14339;1.63058;6.33321;-0.000728118;6.70189;-0.558501;0.631313
2949;0.208533;-1.55943;5.14319;1.63079;6.33341;-0.000728124;6.70189;-0.558702;0.631515
2950;0.208533;-1.55963;5.14299;1.63099;6.33361;-0.000728131;6.70189;-0.558904;0.631717
2951;0.208533;-1.55983;5.14279;1.63119;6.33381;-0.000728138;6.70189;-0.559105;0.631919
2952;0.208533;-1.56003;5.14259;1.63139;6.33401;-0.000728145;6.70189;-0.559306;0.632121
2953;0.208533;-1.56024;5.14238;1.63159;6.33421;-0.000728152;6.70189;-0.559508;0.632323
2954;0.208533;-1.56044;5.14218;ÿםג.18;6.33442;-0.000728159;6.70189;-0.559709;0.632525
2955;0.208533;-1.56064;5.14198;1.632;6.33462;-0.000728166;6.70189;-0.559911;0.632727
2956;0.208533;-1.56084;5.14178;ÿםג.22;6.33482;-0.000728173;6.70189;-0.560112;0.632929
2957;0.208533;-1.56104;5.14158;ÿםג.24;6.33502;-0.00072818;6.70189;-0.560313;0.633131
2958;0.208533;-1.56124;5.14137;1.63261;6.33522;-0.000728187;6.70189;-0.560515;0.633334
2959;0.208533;-1.56144;5.14117;1.63281;6.33542;-0.000728194;6.70189;-0.560716;0.633536
2960;0.208533;-1.56165;5.14097;1.63301;6.33563;-0.000728201;6.70189;-0.560918;0.633738
2961;0.208533;-1.56185;5.14077;1.63321;6.33583;-0.000728208;6.70189;-0.561119;0.63394
2962;0.208533;-1.56205;5.14057;1.63341;6.33603;-0.000728214;6.70189;-0.561321;0.634142
2963;0.208533;-1.56225;5.14036;1.63362;6.33623;-0.000728221;6.70189;-0.561522;0.634344
2964;0.208534;-1.56245;5.14016;1.63382;6.33643;-0.000728228;6.70189;-0.561723;0.634546
2965;0.208534;-1.56265;5.13996;1.63402;6.33663;-0.000728235;6.70189;-0.561925;0.634748
2966;0.208534;-1.56285;5.13976;1.63422;6.33684;-0.000728242;6.70189;-0.562126;0.634951
2967;0.208534;-1.56306;5.13956;1.63442;6.33704;-0.000728249;6.70188;-0.562328;0.635153
2968;0.208534;-1.56326;5.13936;1.63463;6.33724;-0.000728256;6.70188;-0.562529;0.635355
2969;0.208534;-1.56346;5.13915;1.63483;6.33744;-0.000728263;6.70188;-0.562731;0.635557
2970;0.208534;-1.56366;5.13895;1.63503;6.33764;-0.00072827;6.70188;-0.562932;0.635759
2971;0.208534;-1.56386;5.13875;1.63523;6.33784;-0.000728277;6.70188;-0.563134;0.635961
2972;0.208534;-1.56406;5.13855;1.63544;6.33805;-0.000728283;6.70188;-0.563335;0.636163
2973;0.208534;-1.56426;5.13835;1.63564;6.33825;-0.00072829;6.70188;-0.563536;0.636365
2974;0.208534;-1.56447;5.13814;1.63584;6.33845;-0.000728297;6.70188;-0.563738;0.636568
2975;0.208534;-1.56467;5.13794;1.63604;6.33865;-0.000728304;6.70188;-0.563939;0.63677
2976;0.208534;-1.56487;5.13774;1.63624;6.33885;-0.000728311;6.70188;-0.564141;0.636972
2977;0.208534;-1.56507;5.13754;1.63645;6.33905;-0.000728318;6.70188;-0.564342;0.637174
2978;0.208534;-1.56527;5.13734;1.63665;6.33926;-0.000728325;6.70188;-0.564544;0.637376
2979;0.208534;-1.56547;5.13713;1.63685;6.33946;-0.000728332;6.70188;-0.564745;0.637578
2980;0.208534;-1.56567;5.13693;1.63705;6.33966;-0.000728339;6.70188;-0.564947;0.63778
2981;0.208535;-1.56588;5.13673;1.63725;6.33986;-0.000728345;6.70188;-0.565148;0.637983
2982;0.208535;-1.56608;5.13653;1.63746;6.34006;-0.000728352;6.70188;-0.56535;0.638185
2983;0.208535;-1.56628;5.13633;1.63766;6.34026;-0.000728359;6.70188;-0.565551;0.638387
2984;0.208535;-1.56648;5.13612;1.63786;6.34047;-0.000728366;6.70188;-0.565753;0.638589
2985;0.208535;-1.56668;5.13592;1.63806;6.34067;-0.000728373;6.70188;-0.565954;0.638791
2986;0.208535;-1.56688;5.13572;1.63827;6.34087;-0.00072838;6.70188;-0.566155;0.638993
2987;0.208535;-1.56709;5.13552;1.63847;6.34107;-0.000728387;6.70188;-0.566357;0.639196
2988;0.208535;-1.56729;5.13532;1.63867;6.34127;-0.000728393;6.70188;-0.566558;0.639398
2989;0.208535;-1.56749;5.13512;1.63887;6.34148;-0.0007284;6.70188;-0.56676;0.6396
2990;0.208535;-1.56769;5.13491;1.63907;6.34168;-0.000728407;6.70187;-0.566961;0.639802
2991;0.208535;-1.56789;5.13471;1.63928;6.34188;-0.000728414;6.70187;-0.567163;0.640004
2992;0.208535;-1.56809;5.13451;1.63948;6.34208;-0.000728421;6.70187;-0.567364;0.640206
2993;0.208535;-1.56829;5.13431;1.63968;6.34228;-0.000728428;6.70187;-0.567566;0.640409
2994;0.208535;-1.5685;5.13411;1.63988;6.34248;-0.000728434;6.70187;-0.567767;0.640611
2995;0.208535;-1.5687;5.1339;1.64008;6.34269;-0.000728441;6.70187;-0.567969;0.640813
2996;0.208535;-1.5689;5.1337;1.64029;6.34289;-0.000728448;6.70187;-0.56817;0.641015
2997;0.208536;-1.5691;5.1335;1.64049;6.34309;-0.000728455;6.70187;-0.568372;0.641217
2998;0.208536;-1.5693;5.1333;1.64069;6.34329;-0.000728462;6.70187;-0.568573;0.64142
2999;0.208536;-1.5695;5.1331;1.64089;6.34349;-0.000728469;6.70187;-0.568775;0.641622
3000;0.208536;-1.5697;5.13289;ÿםג.11;6.34369;-0.000728475;6.70187;-0.568976;0.641824
3001;0.208536;-1.56991;5.13269;ÿםג.13;ט‏ם.39;-0.000728482;6.70187;-0.569178;0.642026
3002;0.208536;-1.57011;5.13249;ÿםג.15;ט‏ם.41;-0.000728489;6.70187;-0.569379;0.642228
3003;0.208536;-1.57031;5.13229;ÿםג.17;ט‏ם.43;-0.000728496;6.70187;-0.569581;0.64243
3004;0.208536;-1.57051;5.13209;ÿםג.19;ט‏ם.45;-0.000728503;6.70187;-0.569782;0.642633
3005;0.208536;-1.57071;5.13188;1.64211;ט‏ם.47;-0.00072851;6.70187;-0.569984;0.642835
3006;0.208536;-1.57091;5.13168;1.64231;ט‏ם.49;-0.000728516;6.70187;-0.570185;0.643037
3007;0.208536;-1.57112;5.13148;1.64251;6.34511;-0.000728523;6.70187;-0.570387;0.643239
3008;0.208536;-1.57132;5.13128;1.64271;6.34531;-0.00072853;6.70187;-0.570588;0.643442
3009;0.208536;-1.57152;5.13108;1.64292;6.34551;-0.000728537;6.70187;-0.57079;0.643644
3010;0.208536;-1.57172;5.13087;1.64312;6.34571;-0.000728544;6.70187;-0.570992;0.643846
3011;0.208536;-1.57192;5.13067;1.64332;6.34591;-0.00072855;6.70187;-0.571193;0.644048
3012;0.208537;-1.57212;5.13047;1.64352;6.34612;-0.000728557;6.70187;-0.571395;0.64425
3013;0.208537;-1.57232;5.13027;1.64372;6.34632;-0.000728564;6.70186;-0.571596;0.644453
3014;0.208537;-1.57253;5.13007;1.64393;6.34652;-0.000728571;6.70186;-0.571798;0.644655
3015;0.208537;-1.57273;5.12986;1.64413;6.34672;-0.000728578;6.70186;-0.571999;0.644857
3016;0.208537;-1.57293;5.12966;1.64433;6.34692;-0.000728584;6.70186;-0.572201;0.645059
3017;0.208537;-1.57313;5.12946;1.64453;6.34712;-0.000728591;6.70186;-0.572402;0.645261
3018;0.208537;-1.57333;5.12926;1.64474;6.34733;-0.000728598;6.70186;-0.572604;0.645464
3019;0.208537;-1.57353;5.12906;1.64494;6.34753;-0.000728605;6.70186;-0.572805;0.645666
3020;0.208537;-1.57374;5.12885;1.64514;6.34773;-0.000728612;6.70186;-0.573007;0.645868
3021;0.208537;-1.57394;5.12865;1.64534;6.34793;-0.000728618;6.70186;-0.573208;0.64607
3022;0.208537;-1.57414;5.12845;1.64554;6.34813;-0.000728625;6.70186;-0.57341;0.646273
3023;0.208537;-1.57434;5.12825;1.64575;6.34834;-0.000728632;6.70186;-0.573612;0.646475
3024;0.208537;-1.57454;5.12805;1.64595;6.34854;-0.000728639;6.70186;-0.573813;0.646677
3025;0.208537;-1.57474;5.12784;1.64615;6.34874;-0.000728646;6.70186;-0.574015;0.646879
3026;0.208537;-1.57494;5.12764;1.64635;6.34894;-0.000728652;6.70186;-0.574216;0.647082
3027;0.208538;-1.57515;5.12744;1.64656;6.34914;-0.000728659;6.70186;-0.574418;0.647284
3028;0.208538;-1.57535;5.12724;1.64676;6.34934;-0.000728666;6.70186;-0.574619;0.647486
3029;0.208538;-1.57555;5.12704;1.64696;6.34955;-0.000728673;6.70186;-0.574821;0.647688
3030;0.208538;-1.57575;5.12683;1.64716;6.34975;-0.000728679;6.70186;-0.575023;0.64789
3031;0.208538;-1.57595;5.12663;1.64736;6.34995;-0.000728686;6.70186;-0.575224;0.648093
3032;0.208538;-1.57615;5.12643;1.64757;6.35015;-0.000728693;6.70186;-0.575426;0.648295
3033;0.208538;-1.57636;5.12623;1.64777;6.35035;-0.0007287;6.70186;-0.575627;0.648497
3034;0.208538;-1.57656;5.12603;1.64797;6.35056;-0.000728706;6.70186;-0.575829;0.648699
3035;0.208538;-1.57676;5.12582;1.64817;6.35076;-0.000728713;6.70186;-0.57603;0.648902
3036;0.208538;-1.57696;5.12562;1.64838;6.35096;-0.00072872;6.70185;-0.576232;0.649104
3037;0.208538;-1.57716;5.12542;1.64858;6.35116;-0.000728727;6.70185;-0.576434;0.649306
3038;0.208538;-1.57736;5.12522;1.64878;6.35136;-0.000728733;6.70185;-0.576635;0.649509
3039;0.208538;-1.57757;5.12502;1.64898;6.35156;-0.00072874;6.70185;-0.576837;0.649711
3040;0.208538;-1.57777;5.12481;1.64918;6.35177;-0.000728747;6.70185;-0.577038;0.649913
3041;0.208538;-1.57797;5.12461;1.64939;6.35197;-0.000728754;6.70185;-0.57724;0.650115
3042;0.208539;-1.57817;5.12441;1.64959;6.35217;-0.00072876;6.70185;-0.577442;0.650318
3043;0.208539;-1.57837;5.12421;1.64979;6.35237;-0.000728767;6.70185;-0.577643;0.65052
3044;0.208539;-1.57857;5.12401;1.64999;6.35257;-0.000728774;6.70185;-0.577845;0.650722
3045;0.208539;-1.57878;5.1238;ÿםג.02;6.35278;-0.000728781;6.70185;-0.578046;0.650924
3046;0.208539;-1.57898;5.1236;ÿםג.04;6.35298;-0.000728787;6.70185;-0.578248;0.651127
3047;0.208539;-1.57918;5.1234;ÿםג.06;6.35318;-0.000728794;6.70185;-0.57845;0.651329
3048;0.208539;-1.57938;5.1232;ÿםג.08;6.35338;-0.000728801;6.70185;-0.578651;0.651531
3049;0.208539;-1.57958;5.123;1.651;6.35358;-0.000728807;6.70185;-0.578853;0.651734
3050;0.208539;-1.57978;5.12279;1.65121;6.35378;-0.000728814;6.70185;-0.579054;0.651936
3051;0.208539;-1.57998;5.12259;1.65141;6.35399;-0.000728821;6.70185;-0.579256;0.652138
3052;0.208539;-1.58019;5.12239;1.65161;6.35419;-0.000728828;6.70185;-0.579458;0.65234
3053;0.208539;-1.58039;5.12219;1.65181;6.35439;-0.000728834;6.70185;-0.579659;0.652543
3054;0.208539;-1.58059;5.12199;1.65202;6.35459;-0.000728841;6.70185;-0.579861;0.652745
3055;0.208539;-1.58079;5.12178;1.65222;6.35479;-0.000728848;6.70185;-0.580062;0.652947
3056;0.20854;-1.58099;5.12158;1.65242;6.355;-0.000728855;6.70185;-0.580264;0.65315
3057;0.20854;-1.58119;5.12138;1.65262;ט‏ם.52;-0.000728861;6.70185;-0.580466;0.653352
3058;0.20854;-1.5814;5.12118;1.65283;ט‏ם.54;-0.000728868;6.70185;-0.580667;0.653554
3059;0.20854;-1.5816;5.12098;1.65303;ט‏ם.56;-0.000728875;6.70184;-0.580869;0.653756
3060;0.20854;-1.5818;5.12077;1.65323;ט‏ם.58;-0.000728881;6.70184;-0.581071;0.653959
3061;0.20854;-1.582;5.12057;1.65343;6.356;-0.000728888;6.70184;-0.581272;0.654161
3062;0.20854;-1.5822;5.12037;1.65363;6.35621;-0.000728895;6.70184;-0.581474;0.654363
3063;0.20854;-1.5824;5.12017;1.65384;6.35641;-0.000728901;6.70184;-0.581676;0.654566
3064;0.20854;-1.58261;5.11997;1.65404;6.35661;-0.000728908;6.70184;-0.581877;0.654768
3065;0.20854;-1.58281;5.11976;1.65424;6.35681;-0.000728915;6.70184;-0.582079;0.65497
3066;0.20854;-1.58301;5.11956;1.65444;6.35701;-0.000728921;6.70184;-0.58228;0.655173
3067;0.20854;-1.58321;5.11936;1.65465;6.35722;-0.000728928;6.70184;-0.582482;0.655375
3068;0.20854;-1.58341;5.11916;1.65485;6.35742;-0.000728935;6.70184;-0.582684;0.655577
3069;0.20854;-1.58361;5.11895;1.65505;6.35762;-0.000728942;6.70184;-0.582885;0.65578
3070;0.208541;-1.58382;5.11875;1.65525;6.35782;-0.000728948;6.70184;-0.583087;0.655982
3071;0.208541;-1.58402;5.11855;1.65546;6.35802;-0.000728955;6.70184;-0.583289;0.656184
3072;0.208541;-1.58422;5.11835;1.65566;6.35823;-0.000728962;6.70184;-0.58349;0.656387
3073;0.208541;-1.58442;5.11815;1.65586;6.35843;-0.000728968;6.70184;-0.583692;0.656589
3074;0.208541;-1.58462;5.11794;1.65606;6.35863;-0.000728975;6.70184;-0.583894;0.656791
3075;0.208541;-1.58482;5.11774;1.65626;6.35883;-0.000728982;6.70184;-0.584095;0.656994
3076;0.208541;-1.58503;5.11754;1.65647;6.35903;-0.000728988;6.70184;-0.584297;0.657196
3077;0.208541;-1.58523;5.11734;1.65667;6.35924;-0.000728995;6.70184;-0.584499;0.657398
3078;0.208541;-1.58543;5.11714;1.65687;6.35944;-0.000729002;6.70184;-0.5847;0.657601
3079;0.208541;-1.58563;5.11693;1.65707;6.35964;-0.000729008;6.70184;-0.584902;0.657803
3080;0.208541;-1.58583;5.11673;1.65728;6.35984;-0.000729015;6.70184;-0.585104;0.658005
3081;0.208541;-1.58603;5.11653;1.65748;6.36004;-0.000729022;6.70184;-0.585305;0.658208
3082;0.208541;-1.58624;5.11633;1.65768;6.36024;-0.000729028;6.70183;-0.585507;0.65841
3083;0.208541;-1.58644;5.11613;1.65788;6.36045;-0.000729035;6.70183;-0.585709;0.658612
3084;0.208542;-1.58664;5.11592;1.65809;6.36065;-0.000729042;6.70183;-0.58591;0.658815
3085;0.208542;-1.58684;5.11572;1.65829;6.36085;-0.000729048;6.70183;-0.586112;0.659017
3086;0.208542;-1.58704;5.11552;1.65849;6.36105;-0.000729055;6.70183;-0.586314;0.659219
3087;0.208542;-1.58724;5.11532;1.65869;6.36125;-0.000729061;6.70183;-0.586516;0.659422
3088;0.208542;-1.58745;5.11511;1.65889;6.36146;-0.000729068;6.70183;-0.586717;0.659624
3089;0.208542;-1.58765;5.11491;ÿםג.91;6.36166;-0.000729075;6.70183;-0.586919;0.659826
3090;0.208542;-1.58785;5.11471;ÿםג.93;6.36186;-0.000729081;6.70183;-0.587121;0.660029
3091;0.208542;-1.58805;5.11451;ÿםג.95;6.36206;-0.000729088;6.70183;-0.587322;0.660231
3092;0.208542;-1.58825;5.11431;ÿםג.97;6.36226;-0.000729095;6.70183;-0.587524;0.660433
3093;0.208542;-1.58845;5.1141;1.65991;6.36247;-0.000729101;6.70183;-0.587726;0.660636
3094;0.208542;-1.58866;5.1139;1.66011;6.36267;-0.000729108;6.70183;-0.587927;0.660838
3095;0.208542;-1.58886;5.1137;1.66031;6.36287;-0.000729115;6.70183;-0.588129;0.661041
3096;0.208542;-1.58906;5.1135;1.66051;6.36307;-0.000729121;6.70183;-0.588331;0.661243
3097;0.208543;-1.58926;5.1133;1.66072;6.36327;-0.000729128;6.70183;-0.588533;0.661445
3098;0.208543;-1.58946;5.11309;1.66092;6.36348;-0.000729134;6.70183;-0.588734;0.661648
3099;0.208543;-1.58967;5.11289;1.66112;6.36368;-0.000729141;6.70183;-0.588936;0.66185
3100;0.208543;-1.58987;5.11269;1.66132;6.36388;-0.000729148;6.70183;-0.589138;0.662052
3101;0.208543;-1.59007;5.11249;1.66153;6.36408;-0.000729154;6.70183;-0.589339;0.662255
3102;0.208543;-1.59027;5.11229;1.66173;6.36428;-0.000729161;6.70183;-0.589541;0.662457
3103;0.208543;-1.59047;5.11208;1.66193;6.36449;-0.000729168;6.70183;-0.589743;0.66266
3104;0.208543;-1.59067;5.11188;1.66213;6.36469;-0.000729174;6.70183;-0.589945;0.662862
3105;0.208543;-1.59088;5.11168;1.66234;6.36489;-0.000729181;6.70182;-0.590146;0.663064
3106;0.208543;-1.59108;5.11148;1.66254;6.36509;-0.000729187;6.70182;-0.590348;0.663267
3107;0.208543;-1.59128;5.11127;1.66274;6.36529;-0.000729194;6.70182;-0.59055;0.663469
3108;0.208543;-1.59148;5.11107;1.66294;ט‏ם.55;-0.000729201;6.70182;-0.590751;0.663672
3109;0.208543;-1.59168;5.11087;1.66314;ט‏ם.57;-0.000729207;6.70182;-0.590953;0.663874
3110;0.208544;-1.59188;5.11067;1.66335;ט‏ם.59;-0.000729214;6.70182;-0.591155;0.664076
3111;0.208544;-1.59209;5.11047;1.66355;ט‏ם.61;-0.00072922;6.70182;-0.591357;0.664279
3112;0.208544;-1.59229;5.11026;1.66375;ט‏ם.63;-0.000729227;6.70182;-0.591558;0.664481
3113;0.208544;-1.59249;5.11006;1.66395;ט‏ם.65;-0.000729234;6.70182;-0.59176;0.664683
3114;0.208544;-1.59269;5.10986;1.66416;6.36671;-0.00072924;6.70182;-0.591962;0.664886
3115;0.208544;-1.59289;5.10966;1.66436;6.36691;-0.000729247;6.70182;-0.592164;0.665088
3116;0.208544;-1.59309;5.10945;1.66456;6.36711;-0.000729253;6.70182;-0.592365;0.665291
3117;0.208544;-1.5933;5.10925;1.66476;6.36731;-0.00072926;6.70182;-0.592567;0.665493
3118;0.208544;-1.5935;5.10905;1.66497;6.36751;-0.000729266;6.70182;-0.592769;0.665696
3119;0.208544;-1.5937;5.10885;1.66517;6.36772;-0.000729273;6.70182;-0.592971;0.665898
3120;0.208544;-1.5939;5.10865;1.66537;6.36792;-0.00072928;6.70182;-0.593172;0.6661
3121;0.208544;-1.5941;5.10844;1.66557;6.36812;-0.000729286;6.70182;-0.593374;0.666303
3122;0.208544;-1.59431;5.10824;1.66578;6.36832;-0.000729293;6.70182;-0.593576;0.666505
3123;0.208545;-1.59451;5.10804;1.66598;6.36852;-0.000729299;6.70182;-0.593778;0.666708
3124;0.208545;-1.59471;5.10784;1.66618;6.36873;-0.000729306;6.70182;-0.593979;0.66691
3125;0.208545;-1.59491;5.10764;1.66638;6.36893;-0.000729312;6.70182;-0.594181;0.667112
3126;0.208545;-1.59511;5.10743;1.66659;6.36913;-0.000729319;6.70182;-0.594383;0.667315
3127;0.208545;-1.59531;5.10723;1.66679;6.36933;-0.000729326;6.70182;-0.594585;0.667517
3128;0.208545;-1.59552;5.10703;1.66699;6.36953;-0.000729332;6.70181;-0.594787;0.66772
3129;0.208545;-1.59572;5.10683;1.66719;6.36974;-0.000729339;6.70181;-0.594988;0.667922
3130;0.208545;-1.59592;5.10662;ÿםג.74;6.36994;-0.000729345;6.70181;-0.59519;0.668125
3131;0.208545;-1.59612;5.10642;ÿםג.76;6.37014;-0.000729352;6.70181;-0.595392;0.668327
3132;0.208545;-1.59632;5.10622;ÿםג.78;6.37034;-0.000729358;6.70181;-0.595594;0.668529
3133;0.208545;-1.59652;5.10602;1.668;6.37054;-0.000729365;6.70181;-0.595795;0.668732
3134;0.208545;-1.59673;5.10582;ÿםג.82;6.37075;-0.000729371;6.70181;-0.595997;0.668934
3135;0.208545;-1.59693;5.10561;1.66841;6.37095;-0.000729378;6.70181;-0.596199;0.669137
3136;0.208546;-1.59713;5.10541;1.66861;6.37115;-0.000729385;6.70181;-0.596401;0.669339
3137;0.208546;-1.59733;5.10521;1.66881;6.37135;-0.000729391;6.70181;-0.596603;0.669542
3138;0.208546;-1.59753;5.10501;1.66901;6.37155;-0.000729398;6.70181;-0.596804;0.669744
3139;0.208546;-1.59774;5.1048;1.66922;6.37176;-0.000729404;6.70181;-0.597006;0.669947
3140;0.208546;-1.59794;5.1046;1.66942;6.37196;-0.000729411;6.70181;-0.597208;0.670149
3141;0.208546;-1.59814;5.1044;1.66962;6.37216;-0.000729417;6.70181;-0.59741;0.670351
3142;0.208546;-1.59834;5.1042;1.66982;6.37236;-0.000729424;6.70181;-0.597612;0.670554
3143;0.208546;-1.59854;5.104;1.67003;6.37256;-0.00072943;6.70181;-0.597813;0.670756
3144;0.208546;-1.59874;5.10379;1.67023;6.37277;-0.000729437;6.70181;-0.598015;0.670959
3145;0.208546;-1.59895;5.10359;1.67043;6.37297;-0.000729443;6.70181;-0.598217;0.671161
3146;0.208546;-1.59915;5.10339;1.67063;6.37317;-0.00072945;6.70181;-0.598419;0.671364
3147;0.208546;-1.59935;5.10319;1.67084;6.37337;-0.000729456;6.70181;-0.598621;0.671566
3148;0.208547;-1.59955;5.10298;1.67104;6.37358;-0.000729463;6.70181;-0.598822;0.671769
3149;0.208547;-1.59975;5.10278;1.67124;6.37378;-0.000729469;6.70181;-0.599024;0.671971
3150;0.208547;-1.59996;5.10258;1.67144;6.37398;-0.000729476;6.70181;-0.599226;0.672174
3151;0.208547;-1.60016;5.10238;1.67165;6.37418;-0.000729482;6.70181;-0.599428;0.672376
3152;0.208547;-1.60036;5.10218;1.67185;6.37438;-0.000729489;ט‏ם.18;-0.59963;0.672579
3153;0.208547;-1.60056;5.10197;1.67205;6.37459;-0.000729495;ט‏ם.18;-0.599832;0.672781
3154;0.208547;-1.60076;5.10177;1.67225;6.37479;-0.000729502;ט‏ם.18;-0.600033;0.672984
3155;0.208547;-1.60096;5.10157;1.67246;6.37499;-0.000729509;ט‏ם.18;-0.600235;0.673186
3156;0.208547;-1.60117;5.10137;1.67266;6.37519;-0.000729515;ט‏ם.18;-0.600437;0.673389
3157;0.208547;-1.60137;5.10116;1.67286;6.37539;-0.000729522;ט‏ם.18;-0.600639;0.673591
3158;0.208547;-1.60157;5.10096;1.67306;ט‏ם.56;-0.000729528;ט‏ם.18;-0.600841;0.673793
3159;0.208547;-1.60177;5.10076;1.67327;ט‏ם.58;-0.000729535;ט‏ם.18;-0.601043;0.673996
3160;0.208548;-1.60197;5.10056;1.67347;6.376;-0.000729541;ט‏ם.18;-0.601244;0.674198
3161;0.208548;-1.60218;5.10035;1.67367;ט‏ם.62;-0.000729547;ט‏ם.18;-0.601446;0.674401
3162;0.208548;-1.60238;5.10015;1.67387;ט‏ם.64;-0.000729554;ט‏ם.18;-0.601648;0.674603
3163;0.208548;-1.60258;5.09995;1.67408;6.37661;-0.00072956;ט‏ם.18;-0.60185;0.674806
3164;0.208548;-1.60278;5.09975;1.67428;6.37681;-0.000729567;ט‏ם.18;-0.602052;0.675008
3165;0.208548;-1.60298;5.09955;1.67448;6.37701;-0.000729573;ט‏ם.18;-0.602254;0.675211
3166;0.208548;-1.60318;5.09934;1.67468;6.37721;-0.00072958;ט‏ם.18;-0.602455;0.675413
3167;0.208548;-1.60339;5.09914;1.67489;6.37741;-0.000729586;ט‏ם.18;-0.602657;0.675616
3168;0.208548;-1.60359;5.09894;1.67509;6.37762;-0.000729593;ט‏ם.18;-0.602859;0.675818
3169;0.208548;-1.60379;5.09874;1.67529;6.37782;-0.000729599;ט‏ם.18;-0.603061;0.676021
3170;0.208548;-1.60399;5.09853;1.67549;6.37802;-0.000729606;ט‏ם.18;-0.603263;0.676223
3171;0.208548;-1.60419;5.09833;ÿםג.57;6.37822;-0.000729612;ט‏ם.18;-0.603465;0.676426
3172;0.208549;-1.6044;5.09813;ÿםג.59;6.37842;-0.000729619;ט‏ם.18;-0.603667;0.676628
3173;0.208549;-1.6046;5.09793;ÿםג.61;6.37863;-0.000729625;ט‏ם.18;-0.603868;0.676831
3174;0.208549;-1.6048;5.09773;ÿםג.63;6.37883;-0.000729632;ט‏ם.18;-0.60407;0.677033
3175;0.208549;-1.605;5.09752;1.67651;6.37903;-0.000729638;6.70179;-0.604272;0.677236
3176;0.208549;-1.6052;5.09732;1.67671;6.37923;-0.000729645;6.70179;-0.604474;0.677438
3177;0.208549;-1.60541;5.09712;1.67691;6.37944;-0.000729651;6.70179;-0.604676;0.677641
3178;0.208549;-1.60561;5.09692;1.67711;6.37964;-0.000729658;6.70179;-0.604878;0.677844
3179;0.208549;-1.60581;5.09671;1.67732;6.37984;-0.000729664;6.70179;-0.60508;0.678046
3180;0.208549;-1.60601;5.09651;1.67752;6.38004;-0.00072967;6.70179;-0.605282;0.678249
3181;0.208549;-1.60621;5.09631;1.67772;6.38024;-0.000729677;6.70179;-0.605483;0.678451
3182;0.208549;-1.60641;5.09611;1.67792;6.38045;-0.000729683;6.70179;-0.605685;0.678654
3183;0.20855;-1.60662;5.0959;1.67813;6.38065;-0.00072969;6.70179;-0.605887;0.678856
3184;0.20855;-1.60682;5.0957;1.67833;6.38085;-0.000729696;6.70179;-0.606089;0.679059
3185;0.20855;-1.60702;5.0955;1.67853;6.38105;-0.000729703;6.70179;-0.606291;0.679261
3186;0.20855;-1.60722;5.0953;1.67873;6.38125;-0.000729709;6.70179;-0.606493;0.679464
3187;0.20855;-1.60742;5.0951;1.67894;6.38146;-0.000729716;6.70179;-0.606695;0.679666
3188;0.20855;-1.60763;5.09489;1.67914;6.38166;-0.000729722;6.70179;-0.606897;0.679869
3189;0.20855;-1.60783;5.09469;1.67934;6.38186;-0.000729728;6.70179;-0.607099;0.680071
3190;0.20855;-1.60803;5.09449;1.67954;6.38206;-0.000729735;6.70179;-0.6073;0.680274
3191;0.20855;-1.60823;5.09429;1.67975;6.38226;-0.000729741;6.70179;-0.607502;0.680476
3192;0.20855;-1.60843;5.09408;1.67995;6.38247;-0.000729748;6.70179;-0.607704;0.680679
3193;0.20855;-1.60864;5.09388;1.68015;6.38267;-0.000729754;6.70179;-0.607906;0.680882
3194;0.20855;-1.60884;5.09368;1.68035;6.38287;-0.000729761;6.70179;-0.608108;0.681084
3195;0.208551;-1.60904;5.09348;1.68056;6.38307;-0.000729767;6.70179;-0.60831;0.681287
3196;0.208551;-1.60924;5.09327;1.68076;6.38328;-0.000729773;6.70179;-0.608512;0.681489
3197;0.208551;-1.60944;5.09307;1.68096;6.38348;-0.00072978;6.70179;-0.608714;0.681692
3198;0.208551;-1.60965;5.09287;1.68116;6.38368;-0.000729786;6.70179;-0.608916;0.681894
3199;0.208551;-1.60985;5.09267;1.68137;6.38388;-0.000729793;6.70178;-0.609118;0.682097
3200;0.208551;-1.61005;5.09246;1.68157;6.38408;-0.000729799;6.70178;-0.60932;0.682299
3201;0.208551;-1.61025;5.09226;1.68177;6.38429;-0.000729806;6.70178;-0.609521;0.682502
3202;0.208551;-1.61045;5.09206;1.68197;6.38449;-0.000729812;6.70178;-0.609723;0.682705
3203;0.208551;-1.61066;5.09186;1.68218;6.38469;-0.000729818;6.70178;-0.609925;0.682907
3204;0.208551;-1.61086;5.09166;1.68238;6.38489;-0.000729825;6.70178;-0.610127;0.68311
3205;0.208551;-1.61106;5.09145;1.68258;6.38509;-0.000729831;6.70178;-0.610329;0.683312
3206;0.208552;-1.61126;5.09125;1.68278;ט‏ם.53;-0.000729838;6.70178;-0.610531;0.683515
3207;0.208552;-1.61146;5.09105;1.68299;ט‏ם.55;-0.000729844;6.70178;-0.610733;0.683717
3208;0.208552;-1.61166;5.09085;1.68319;ט‏ם.57;-0.00072985;6.70178;-0.610935;0.68392
3209;0.208552;-1.61187;5.09064;1.68339;ט‏ם.59;-0.000729857;6.70178;-0.611137;0.684123
3210;0.208552;-1.61207;5.09044;ÿםג.36;6.38611;-0.000729863;6.70178;-0.611339;0.684325
3211;0.208552;-1.61227;5.09024;ÿםג.38;6.38631;-0.00072987;6.70178;-0.611541;0.684528
3212;0.208552;-1.61247;5.09004;1.684;6.38651;-0.000729876;6.70178;-0.611743;0.68473
3213;0.208552;-1.61267;5.08983;ÿםג.42;6.38671;-0.000729882;6.70178;-0.611945;0.684933
3214;0.208552;-1.61288;5.08963;1.68441;6.38691;-0.000729889;6.70178;-0.612147;0.685135
3215;0.208552;-1.61308;5.08943;1.68461;6.38712;-0.000729895;6.70178;-0.612349;0.685338
3216;0.208552;-1.61328;5.08923;1.68481;6.38732;-0.000729902;6.70178;-0.61255;0.685541
3217;0.208553;-1.61348;5.08902;1.68501;6.38752;-0.000729908;6.70178;-0.612752;0.685743
3218;0.208553;-1.61368;5.08882;1.68522;6.38772;-0.000729914;6.70178;-0.612954;0.685946
3219;0.208553;-1.61389;5.08862;1.68542;6.38792;-0.000729921;6.70178;-0.613156;0.686148
3220;0.208553;-1.61409;5.08842;1.68562;6.38813;-0.000729927;6.70178;-0.613358;0.686351
3221;0.208553;-1.61429;5.08822;1.68582;6.38833;-0.000729933;6.70178;-0.61356;0.686554
3222;0.208553;-1.61449;5.08801;1.68603;6.38853;-0.00072994;6.70178;-0.613762;0.686756
3223;0.208553;-1.61469;5.08781;1.68623;6.38873;-0.000729946;6.70177;-0.613964;0.686959
3224;0.208553;-1.6149;5.08761;1.68643;6.38894;-0.000729953;6.70177;-0.614166;0.687161
3225;0.208553;-1.6151;5.08741;1.68663;6.38914;-0.000729959;6.70177;-0.614368;0.687364
3226;0.208553;-1.6153;5.0872;1.68684;6.38934;-0.000729965;6.70177;-0.61457;0.687567
3227;0.208553;-1.6155;5.087;1.68704;6.38954;-0.000729972;6.70177;-0.614772;0.687769
3228;0.208554;-1.6157;5.0868;1.68724;6.38974;-0.000729978;6.70177;-0.614974;0.687972
3229;0.208554;-1.61591;5.0866;1.68744;6.38995;-0.000729984;6.70177;-0.615176;0.688174
3230;0.208554;-1.61611;5.08639;1.68765;6.39015;-0.000729991;6.70177;-0.615378;0.688377
3231;0.208554;-1.61631;5.08619;1.68785;6.39035;-0.000729997;6.70177;-0.61558;0.68858
3232;0.208554;-1.61651;5.08599;1.68805;6.39055;-0.000730003;6.70177;-0.615782;0.688782
3233;0.208554;-1.61671;5.08579;1.68825;6.39076;-0.00073001;6.70177;-0.615984;0.688985
3234;0.208554;-1.61692;5.08558;1.68846;6.39096;-0.000730016;6.70177;-0.616186;0.689188
3235;0.208554;-1.61712;5.08538;1.68866;6.39116;-0.000730022;6.70177;-0.616388;0.68939
3236;0.208554;-1.61732;5.08518;1.68886;6.39136;-0.000730029;6.70177;-0.61659;0.689593
3237;0.208554;-1.61752;5.08498;1.68907;6.39156;-0.000730035;6.70177;-0.616792;0.689795
3238;0.208554;-1.61772;5.08477;1.68927;6.39177;-0.000730041;6.70177;-0.616994;0.689998
3239;0.208555;-1.61793;5.08457;1.68947;6.39197;-0.000730048;6.70177;-0.617196;0.690201
3240;0.208555;-1.61813;5.08437;1.68967;6.39217;-0.000730054;6.70177;-0.617398;0.690403
3241;0.208555;-1.61833;5.08417;1.68988;6.39237;-0.00073006;6.70177;-0.6176;0.690606
3242;0.208555;-1.61853;5.08396;1.69008;6.39258;-0.000730067;6.70177;-0.617802;0.690809
3243;0.208555;-1.61873;5.08376;1.69028;6.39278;-0.000730073;6.70177;-0.618004;0.691011
3244;0.208555;-1.61894;5.08356;1.69048;6.39298;-0.000730079;6.70177;-0.618206;0.691214
3245;0.208555;-1.61914;5.08336;1.69069;6.39318;-0.000730086;6.70177;-0.618408;0.691416
3246;0.208555;-1.61934;5.08316;1.69089;6.39338;-0.000730092;6.70177;-0.61861;0.691619
3247;0.208555;-1.61954;5.08295;1.69109;6.39359;-0.000730098;6.70176;-0.618812;0.691822
3248;0.208555;-1.61974;5.08275;1.69129;6.39379;-0.000730105;6.70176;-0.619014;0.692024
3249;0.208555;-1.61995;5.08255;ÿםג.15;6.39399;-0.000730111;6.70176;-0.619216;0.692227
3250;0.208556;-1.62015;5.08235;ÿםג.17;6.39419;-0.000730117;6.70176;-0.619418;0.69243
3251;0.208556;-1.62035;5.08214;ÿםג.19;ט‏ם.44;-0.000730124;6.70176;-0.61962;0.692632
3252;0.208556;-1.62055;5.08194;ÿםג.21;ט‏ם.46;-0.00073013;6.70176;-0.619822;0.692835
3253;0.208556;-1.62075;5.08174;1.69231;ט‏ם.48;-0.000730136;6.70176;-0.620024;0.693038
3254;0.208556;-1.62096;5.08154;1.69251;6.395;-0.000730143;6.70176;-0.620226;0.69324
3255;0.208556;-1.62116;5.08133;1.69271;ט‏ם.52;-0.000730149;6.70176;-0.620428;0.693443
3256;0.208556;-1.62136;5.08113;1.69292;6.39541;-0.000730155;6.70176;-0.62063;0.693646
3257;0.208556;-1.62156;5.08093;1.69312;6.39561;-0.000730161;6.70176;-0.620832;0.693848
3258;0.208556;-1.62176;5.08073;1.69332;6.39581;-0.000730168;6.70176;-0.621034;0.694051
3259;0.208556;-1.62197;5.08052;1.69352;6.39601;-0.000730174;6.70176;-0.621236;0.694254
3260;0.208556;-1.62217;5.08032;1.69373;6.39622;-0.00073018;6.70176;-0.621438;0.694456
3261;0.208557;-1.62237;5.08012;1.69393;6.39642;-0.000730187;6.70176;-0.62164;0.694659
3262;0.208557;-1.62257;5.07992;1.69413;6.39662;-0.000730193;6.70176;-0.621842;0.694862
3263;0.208557;-1.62277;5.07971;1.69433;6.39682;-0.000730199;6.70176;-0.622044;0.695064
3264;0.208557;-1.62298;5.07951;1.69454;6.39702;-0.000730206;6.70176;-0.622246;0.695267
3265;0.208557;-1.62318;5.07931;1.69474;6.39723;-0.000730212;6.70176;-0.622449;0.69547
3266;0.208557;-1.62338;5.07911;1.69494;6.39743;-0.000730218;6.70176;-0.622651;0.695672
3267;0.208557;-1.62358;5.0789;1.69514;6.39763;-0.000730224;6.70176;-0.622853;0.695875
3268;0.208557;-1.62378;5.0787;1.69535;6.39783;-0.000730231;6.70176;-0.623055;0.696078
3269;0.208557;-1.62399;5.0785;1.69555;6.39804;-0.000730237;6.70176;-0.623257;0.69628
3270;0.208557;-1.62419;5.0783;1.69575;6.39824;-0.000730243;6.70176;-0.623459;0.696483
3271;0.208558;-1.62439;5.07809;1.69596;6.39844;-0.00073025;6.70175;-0.623661;0.696686
3272;0.208558;-1.62459;5.07789;1.69616;6.39864;-0.000730256;6.70175;-0.623863;0.696888
3273;0.208558;-1.6248;5.07769;1.69636;6.39885;-0.000730262;6.70175;-0.624065;0.697091
3274;0.208558;-1.625;5.07749;1.69656;6.39905;-0.000730268;6.70175;-0.624267;0.697294
3275;0.208558;-1.6252;5.07728;1.69677;6.39925;-0.000730275;6.70175;-0.624469;0.697497
3276;0.208558;-1.6254;5.07708;1.69697;6.39945;-0.000730281;6.70175;-0.624671;0.697699
3277;0.208558;-1.6256;5.07688;1.69717;6.39965;-0.000730287;6.70175;-0.624873;0.697902
3278;0.208558;-1.62581;5.07668;1.69737;6.39986;-0.000730293;6.70175;-0.625075;0.698105
3279;0.208558;-1.62601;5.07647;1.69758;6.40006;-0.0007303;6.70175;-0.625277;0.698307
3280;0.208558;-1.62621;5.07627;1.69778;6.40026;-0.000730306;6.70175;-0.625479;0.69851
3281;0.208559;-1.62641;5.07607;1.69798;6.40046;-0.000730312;6.70175;-0.625682;0.698713
3282;0.208559;-1.62661;5.07587;1.69819;6.40067;-0.000730318;6.70175;-0.625884;0.698915
3283;0.208559;-1.62682;5.07566;1.69839;6.40087;-0.000730325;6.70175;-0.626086;0.699118
3284;0.208559;-1.62702;5.07546;1.69859;6.40107;-0.000730331;6.70175;-0.626288;0.699321
3285;0.208559;-1.62722;5.07526;1.69879;6.40127;-0.000730337;6.70175;-0.62649;0.699524
3286;0.208559;-1.62742;5.07506;1.699;6.40147;-0.000730343;6.70175;-0.626692;0.699726
3287;0.208559;-1.62762;5.07485;ÿםג.92;6.40168;-0.00073035;6.70175;-0.626894;0.699929
3288;0.208559;-1.62783;5.07465;ÿםג.94;6.40188;-0.000730356;6.70175;-0.627096;0.700132
3289;0.208559;-1.62803;5.07445;ÿםג.96;6.40208;-0.000730362;6.70175;-0.627298;0.700334
3290;0.208559;-1.62823;5.07425;1.69981;6.40228;-0.000730368;6.70175;-0.6275;0.700537
3291;0.208559;-1.62843;5.07404;1.70001;6.40249;-0.000730375;6.70175;-0.627702;0.70074
3292;0.20856;-1.62863;5.07384;1.70021;6.40269;-0.000730381;6.70175;-0.627905;0.700943
3293;0.20856;-1.62884;5.07364;1.70041;6.40289;-0.000730387;6.70175;-0.628107;0.701145
3294;0.20856;-1.62904;5.07344;1.70062;6.40309;-0.000730393;6.70175;-0.628309;0.701348
3295;0.20856;-1.62924;5.07323;1.70082;ט‏ם.33;-0.0007304;6.70174;-0.628511;0.701551
3296;0.20856;-1.62944;5.07303;1.70102;ט‏ם.35;-0.000730406;6.70174;-0.628713;0.701754
3297;0.20856;-1.62965;5.07283;1.70123;ט‏ם.37;-0.000730412;6.70174;-0.628915;0.701956
3298;0.20856;-1.62985;5.07263;1.70143;ט‏ם.39;-0.000730418;6.70174;-0.629117;0.702159
3299;0.20856;-1.63005;5.07242;1.70163;ט‏ם.41;-0.000730424;6.70174;-0.629319;0.702362
3300;0.20856;-1.63025;5.07222;1.70183;6.40431;-0.000730431;6.70174;-0.629521;0.702564
3301;0.20856;-1.63045;5.07202;1.70204;6.40451;-0.000730437;6.70174;-0.629724;0.702767
3302;0.208561;-1.63066;5.07182;1.70224;6.40471;-0.000730443;6.70174;-0.629926;0.70297
3303;0.208561;-1.63086;5.07161;1.70244;6.40491;-0.000730449;6.70174;-0.630128;0.703173
3304;0.208561;-1.63106;5.07141;1.70264;6.40512;-0.000730455;6.70174;-0.63033;0.703375
3305;0.208561;-1.63126;5.07121;1.70285;6.40532;-0.000730462;6.70174;-0.630532;0.703578
3306;0.208561;-1.63146;5.07101;1.70305;6.40552;-0.000730468;6.70174;-0.630734;0.703781
3307;0.208561;-1.63167;5.0708;1.70325;6.40572;-0.000730474;6.70174;-0.630936;0.703984
3308;0.208561;-1.63187;5.0706;1.70346;6.40593;-0.00073048;6.70174;-0.631138;0.704186
3309;0.208561;-1.63207;5.0704;1.70366;6.40613;-0.000730487;6.70174;-0.631341;0.704389
3310;0.208561;-1.63227;5.0702;1.70386;6.40633;-0.000730493;6.70174;-0.631543;0.704592
3311;0.208561;-1.63248;5.06999;1.70406;6.40653;-0.000730499;6.70174;-0.631745;0.704795
3312;0.208562;-1.63268;5.06979;1.70427;6.40674;-0.000730505;6.70174;-0.631947;0.704997
3313;0.208562;-1.63288;5.06959;1.70447;6.40694;-0.000730511;6.70174;-0.632149;0.7052
3314;0.208562;-1.63308;5.06939;1.70467;6.40714;-0.000730517;6.70174;-0.632351;0.705403
3315;0.208562;-1.63328;5.06918;1.70488;6.40734;-0.000730524;6.70174;-0.632553;0.705606
3316;0.208562;-1.63349;5.06898;1.70508;6.40754;-0.00073053;6.70174;-0.632756;0.705809
3317;0.208562;-1.63369;5.06878;1.70528;6.40775;-0.000730536;6.70174;-0.632958;0.706011
3318;0.208562;-1.63389;5.06858;1.70548;6.40795;-0.000730542;6.70174;-0.63316;0.706214
3319;0.208562;-1.63409;5.06837;1.70569;6.40815;-0.000730548;6.70173;-0.633362;0.706417
3320;0.208562;-1.63429;5.06817;1.70589;6.40835;-0.000730555;6.70173;-0.633564;0.70662
3321;0.208562;-1.6345;5.06797;1.70609;6.40856;-0.000730561;6.70173;-0.633766;0.706822
3322;0.208563;-1.6347;5.06777;1.70629;6.40876;-0.000730567;6.70173;-0.633968;0.707025
3323;0.208563;-1.6349;5.06756;ÿםג.65;6.40896;-0.000730573;6.70173;-0.634171;0.707228
3324;0.208563;-1.6351;5.06736;ÿםג.67;6.40916;-0.000730579;6.70173;-0.634373;0.707431
3325;0.208563;-1.63531;5.06716;ÿםג.69;6.40937;-0.000730585;6.70173;-0.634575;0.707633
3326;0.208563;-1.63551;5.06695;1.70711;6.40957;-0.000730592;6.70173;-0.634777;0.707836
3327;0.208563;-1.63571;5.06675;1.70731;6.40977;-0.000730598;6.70173;-0.634979;0.708039
3328;0.208563;-1.63591;5.06655;1.70751;6.40997;-0.000730604;6.70173;-0.635181;0.708242
3329;0.208563;-1.63611;5.06635;1.70771;6.41018;-0.00073061;6.70173;-0.635384;0.708445
3330;0.208563;-1.63632;5.06614;1.70792;6.41038;-0.000730616;6.70173;-0.635586;0.708647
3331;0.208563;-1.63652;5.06594;1.70812;6.41058;-0.000730622;6.70173;-0.635788;0.70885
3332;0.208564;-1.63672;5.06574;1.70832;6.41078;-0.000730629;6.70173;-0.63599;0.709053
3333;0.208564;-1.63692;5.06554;1.70853;6.41099;-0.000730635;6.70173;-0.636192;0.709256
3334;0.208564;-1.63713;5.06533;1.70873;6.41119;-0.000730641;6.70173;-0.636395;0.709459
3335;0.208564;-1.63733;5.06513;1.70893;6.41139;-0.000730647;6.70173;-0.636597;0.709661
3336;0.208564;-1.63753;5.06493;1.70913;6.41159;-0.000730653;6.70173;-0.636799;0.709864
3337;0.208564;-1.63773;5.06473;1.70934;6.41179;-0.000730659;6.70173;-0.637001;0.710067
3338;0.208564;-1.63793;5.06452;1.70954;6.412;-0.000730665;6.70173;-0.637203;0.71027
3339;0.208564;-1.63814;5.06432;1.70974;ט‏ם.22;-0.000730672;6.70173;-0.637405;0.710473
3340;0.208564;-1.63834;5.06412;1.70994;ט‏ם.24;-0.000730678;6.70173;-0.637608;0.710675
3341;0.208565;-1.63854;5.06392;1.71015;ט‏ם.26;-0.000730684;6.70173;-0.63781;0.710878
3342;0.208565;-1.63874;5.06371;1.71035;6.41281;-0.00073069;6.70173;-0.638012;0.711081
3343;0.208565;-1.63894;5.06351;1.71055;6.41301;-0.000730696;6.70173;-0.638214;0.711284
3344;0.208565;-1.63915;5.06331;1.71076;6.41321;-0.000730702;6.70172;-0.638416;0.711487
3345;0.208565;-1.63935;5.06311;1.71096;6.41341;-0.000730708;6.70172;-0.638619;0.711689
3346;0.208565;-1.63955;5.0629;1.71116;6.41362;-0.000730715;6.70172;-0.638821;0.711892
3347;0.208565;-1.63975;5.0627;1.71136;6.41382;-0.000730721;6.70172;-0.639023;0.712095
3348;0.208565;-1.63996;5.0625;1.71157;6.41402;-0.000730727;6.70172;-0.639225;0.712298
3349;0.208565;-1.64016;5.0623;1.71177;6.41422;-0.000730733;6.70172;-0.639427;0.712501
3350;0.208565;-1.64036;5.06209;1.71197;6.41443;-0.000730739;6.70172;-0.63963;0.712704
3351;0.208566;-1.64056;5.06189;1.71218;6.41463;-0.000730745;6.70172;-0.639832;0.712906
3352;0.208566;-1.64076;5.06169;1.71238;6.41483;-0.000730751;6.70172;-0.640034;0.713109
3353;0.208566;-1.64097;5.06148;1.71258;6.41503;-0.000730757;6.70172;-0.640236;0.713312
3354;0.208566;-1.64117;5.06128;1.71278;6.41524;-0.000730764;6.70172;-0.640439;0.713515
3355;0.208566;-1.64137;5.06108;1.71299;6.41544;-0.00073077;6.70172;-0.640641;0.713718
3356;0.208566;-1.64157;5.06088;1.71319;6.41564;-0.000730776;6.70172;-0.640843;0.713921
3357;0.208566;-1.64178;5.06067;1.71339;6.41584;-0.000730782;6.70172;-0.641045;0.714123
3358;0.208566;-1.64198;5.06047;ÿםג.36;6.41605;-0.000730788;6.70172;-0.641247;0.714326
3359;0.208566;-1.64218;5.06027;ÿםג.38;6.41625;-0.000730794;6.70172;-0.64145;0.714529
3360;0.208567;-1.64238;5.06007;1.714;6.41645;-0.0007308;6.70172;-0.641652;0.714732
3361;0.208567;-1.64258;5.05986;ÿםג.42;6.41665;-0.000730806;6.70172;-0.641854;0.714935
3362;0.208567;-1.64279;5.05966;1.71441;6.41686;-0.000730812;6.70172;-0.642056;0.715138
3363;0.208567;-1.64299;5.05946;1.71461;6.41706;-0.000730819;6.70172;-0.642259;0.71534
3364;0.208567;-1.64319;5.05926;1.71481;6.41726;-0.000730825;6.70172;-0.642461;0.715543
3365;0.208567;-1.64339;5.05905;1.71502;6.41746;-0.000730831;6.70172;-0.642663;0.715746
3366;0.208567;-1.6436;5.05885;1.71522;6.41766;-0.000730837;6.70172;-0.642865;0.715949
3367;0.208567;-1.6438;5.05865;1.71542;6.41787;-0.000730843;6.70172;-0.643068;0.716152
3368;0.208567;-1.644;5.05845;1.71562;6.41807;-0.000730849;6.70171;-0.64327;0.716355
3369;0.208567;-1.6442;5.05824;1.71583;6.41827;-0.000730855;6.70171;-0.643472;0.716558
3370;0.208568;-1.64441;5.05804;1.71603;6.41847;-0.000730861;6.70171;-0.643674;0.71676
3371;0.208568;-1.64461;5.05784;1.71623;6.41868;-0.000730867;6.70171;-0.643877;0.716963
3372;0.208568;-1.64481;5.05763;1.71644;6.41888;-0.000730873;6.70171;-0.644079;0.717166
3373;0.208568;-1.64501;5.05743;1.71664;6.41908;-0.000730879;6.70171;-0.644281;0.717369
3374;0.208568;-1.64521;5.05723;1.71684;6.41928;-0.000730885;6.70171;-0.644483;0.717572
3375;0.208568;-1.64542;5.05703;1.71704;6.41949;-0.000730892;6.70171;-0.644686;0.717775
3376;0.208568;-1.64562;5.05682;1.71725;6.41969;-0.000730898;6.70171;-0.644888;0.717978
3377;0.208568;-1.64582;5.05662;1.71745;6.41989;-0.000730904;6.70171;-0.64509;0.718181
3378;0.208568;-1.64602;5.05642;1.71765;6.42009;-0.00073091;6.70171;-0.645292;0.718383
3379;0.208569;-1.64623;5.05622;1.71786;ט‏ם.03;-0.000730916;6.70171;-0.645495;0.718586
3380;0.208569;-1.64643;5.05601;1.71806;ט‏ם.05;-0.000730922;6.70171;-0.645697;0.718789
3381;0.208569;-1.64663;5.05581;1.71826;ט‏ם.07;-0.000730928;6.70171;-0.645899;0.718992
3382;0.208569;-1.64683;5.05561;1.71846;ט‏ם.09;-0.000730934;6.70171;-0.646102;0.719195
3383;0.208569;-1.64703;5.05541;1.71867;6.42111;-0.00073094;6.70171;-0.646304;0.719398
3384;0.208569;-1.64724;5.0552;1.71887;6.42131;-0.000730946;6.70171;-0.646506;0.719601
3385;0.208569;-1.64744;5.055;1.71907;6.42151;-0.000730952;6.70171;-0.646708;0.719804
3386;0.208569;-1.64764;5.0548;1.71928;6.42171;-0.000730958;6.70171;-0.646911;0.720006
3387;0.208569;-1.64784;5.05459;1.71948;6.42192;-0.000730964;6.70171;-0.647113;0.720209
3388;0.208569;-1.64805;5.05439;1.71968;6.42212;-0.00073097;6.70171;-0.647315;0.720412
3389;0.20857;-1.64825;5.05419;1.71988;6.42232;-0.000730976;6.70171;-0.647517;0.720615
3390;0.20857;-1.64845;5.05399;1.72009;6.42252;-0.000730982;6.70171;-0.64772;0.720818
3391;0.20857;-1.64865;5.05378;1.72029;6.42273;-0.000730988;6.70171;-0.647922;0.721021
3392;0.20857;-1.64886;5.05358;1.72049;6.42293;-0.000730995;6.70171;-0.648124;0.721224
3393;0.20857;-1.64906;5.05338;ÿםג.07;6.42313;-0.000731001;ט‏ם.17;-0.648327;0.721427
3394;0.20857;-1.64926;5.05318;ÿםג.09;6.42333;-0.000731007;ט‏ם.17;-0.648529;0.72163
3395;0.20857;-1.64946;5.05297;ÿםג.11;6.42354;-0.000731013;ט‏ם.17;-0.648731;0.721833
3396;0.20857;-1.64966;5.05277;ÿםג.13;6.42374;-0.000731019;ט‏ם.17;-0.648934;0.722035
3397;0.20857;-1.64987;5.05257;1.72151;6.42394;-0.000731025;ט‏ם.17;-0.649136;0.722238
3398;0.208571;-1.65007;5.05236;1.72171;6.42414;-0.000731031;ט‏ם.17;-0.649338;0.722441
3399;0.208571;-1.65027;5.05216;1.72191;6.42435;-0.000731037;ט‏ם.17;-0.64954;0.722644
3400;0.208571;-1.65047;5.05196;1.72212;6.42455;-0.000731043;ט‏ם.17;-0.649743;0.722847
3401;0.208571;-1.65068;5.05176;1.72232;6.42475;-0.000731049;ט‏ם.17;-0.649945;0.72305
3402;0.208571;-1.65088;5.05155;1.72252;6.42495;-0.000731055;ט‏ם.17;-0.650147;0.723253
3403;0.208571;-1.65108;5.05135;1.72272;6.42516;-0.000731061;ט‏ם.17;-0.65035;0.723456
3404;0.208571;-1.65128;5.05115;1.72293;6.42536;-0.000731067;ט‏ם.17;-0.650552;0.723659
3405;0.208571;-1.65149;5.05095;1.72313;6.42556;-0.000731073;ט‏ם.17;-0.650754;0.723862
3406;0.208571;-1.65169;5.05074;1.72333;6.42576;-0.000731079;ט‏ם.17;-0.650957;0.724065
3407;0.208572;-1.65189;5.05054;1.72354;6.42597;-0.000731085;ט‏ם.17;-0.651159;0.724267
3408;0.208572;-1.65209;5.05034;1.72374;6.42617;-0.000731091;ט‏ם.17;-0.651361;0.72447
3409;0.208572;-1.65229;5.05013;1.72394;6.42637;-0.000731097;ט‏ם.17;-0.651564;0.724673
3410;0.208572;-1.6525;5.04993;1.72415;6.42657;-0.000731103;ט‏ם.17;-0.651766;0.724876
3411;0.208572;-1.6527;5.04973;1.72435;6.42678;-0.000731109;ט‏ם.17;-0.651968;0.725079
3412;0.208572;-1.6529;5.04953;1.72455;6.42698;-0.000731115;ט‏ם.17;-0.652171;0.725282
3413;0.208572;-1.6531;5.04932;1.72475;6.42718;-0.000731121;ט‏ם.17;-0.652373;0.725485
3414;0.208572;-1.65331;5.04912;1.72496;6.42738;-0.000731127;ט‏ם.17;-0.652575;0.725688
3415;0.208572;-1.65351;5.04892;1.72516;6.42759;-0.000731133;ט‏ם.17;-0.652778;0.725891
3416;0.208573;-1.65371;5.04872;1.72536;6.42779;-0.000731139;ט‏ם.17;-0.65298;0.726094
3417;0.208573;-1.65391;5.04851;1.72557;6.42799;-0.000731145;ט‏ם.17;-0.653182;0.726297
3418;0.208573;-1.65412;5.04831;1.72577;6.42819;-0.000731151;6.70169;-0.653385;0.7265
3419;0.208573;-1.65432;5.04811;1.72597;ט‏ם.84;-0.000731157;6.70169;-0.653587;0.726703
3420;0.208573;-1.65452;5.0479;1.72617;ט‏ם.86;-0.000731163;6.70169;-0.653789;0.726906
3421;0.208573;-1.65472;5.0477;1.72638;ט‏ם.88;-0.000731169;6.70169;-0.653992;0.727109
3422;0.208573;-1.65493;5.0475;1.72658;6.429;-0.000731175;6.70169;-0.654194;0.727312
3423;0.208573;-1.65513;5.0473;1.72678;6.42921;-0.000731181;6.70169;-0.654396;0.727514
3424;0.208573;-1.65533;5.04709;1.72699;6.42941;-0.000731187;6.70169;-0.654599;0.727717
3425;0.208574;-1.65553;5.04689;1.72719;6.42961;-0.000731193;6.70169;-0.654801;0.72792
3426;0.208574;-1.65573;5.04669;1.72739;6.42981;-0.000731199;6.70169;-0.655003;0.728123
3427;0.208574;-1.65594;5.04649;ÿםג.76;6.43002;-0.000731205;6.70169;-0.655206;0.728326
3428;0.208574;-1.65614;5.04628;ÿםג.78;6.43022;-0.000731211;6.70169;-0.655408;0.728529
3429;0.208574;-1.65634;5.04608;1.728;6.43042;-0.000731217;6.70169;-0.655611;0.728732
3430;0.208574;-1.65654;5.04588;ÿםג.82;6.43063;-0.000731223;6.70169;-0.655813;0.728935
3431;0.208574;-1.65675;5.04567;1.72841;6.43083;-0.000731229;6.70169;-0.656015;0.729138
3432;0.208574;-1.65695;5.04547;1.72861;6.43103;-0.000731235;6.70169;-0.656218;0.729341
3433;0.208574;-1.65715;5.04527;1.72881;6.43123;-0.000731241;6.70169;-0.65642;0.729544
3434;0.208575;-1.65735;5.04507;1.72902;6.43144;-0.000731247;6.70169;-0.656622;0.729747
3435;0.208575;-1.65756;5.04486;1.72922;6.43164;-0.000731253;6.70169;-0.656825;0.72995
3436;0.208575;-1.65776;5.04466;1.72942;6.43184;-0.000731259;6.70169;-0.657027;0.730153
3437;0.208575;-1.65796;5.04446;1.72962;6.43204;-0.000731265;6.70169;-0.657229;0.730356
3438;0.208575;-1.65816;5.04426;1.72983;6.43225;-0.000731271;6.70169;-0.657432;0.730559
3439;0.208575;-1.65837;5.04405;1.73003;6.43245;-0.000731276;6.70169;-0.657634;0.730762
3440;0.208575;-1.65857;5.04385;1.73023;6.43265;-0.000731282;6.70169;-0.657837;0.730965
3441;0.208575;-1.65877;5.04365;1.73044;6.43285;-0.000731288;6.70169;-0.658039;0.731168
3442;0.208575;-1.65897;5.04344;1.73064;6.43306;-0.000731294;6.70169;-0.658241;0.731371
3443;0.208576;-1.65918;5.04324;1.73084;6.43326;-0.0007313;6.70168;-0.658444;0.731574
3444;0.208576;-1.65938;5.04304;1.73105;6.43346;-0.000731306;6.70168;-0.658646;0.731777
3445;0.208576;-1.65958;5.04284;1.73125;6.43366;-0.000731312;6.70168;-0.658849;0.73198
3446;0.208576;-1.65978;5.04263;1.73145;6.43387;-0.000731318;6.70168;-0.659051;0.732183
3447;0.208576;-1.65998;5.04243;1.73165;6.43407;-0.000731324;6.70168;-0.659253;0.732386
3448;0.208576;-1.66019;5.04223;1.73186;6.43427;-0.00073133;6.70168;-0.659456;0.732589
3449;0.208576;-1.66039;5.04202;1.73206;6.43447;-0.000731336;6.70168;-0.659658;0.732792
3450;0.208576;-1.66059;5.04182;1.73226;6.43468;-0.000731342;6.70168;-0.659861;0.732995
3451;0.208577;-1.66079;5.04162;1.73247;6.43488;-0.000731348;6.70168;-0.660063;0.733198
3452;0.208577;-1.661;5.04142;1.73267;6.43508;-0.000731354;6.70168;-0.660265;0.733401
3453;0.208577;-1.6612;5.04121;1.73287;6.43528;-0.00073136;6.70168;-0.660468;0.733604
3454;0.208577;-1.6614;5.04101;1.73308;6.43549;-0.000731366;6.70168;-0.66067;0.733807
3455;0.208577;-1.6616;5.04081;1.73328;6.43569;-0.000731372;6.70168;-0.660873;0.73401
3456;0.208577;-1.66181;5.0406;1.73348;6.43589;-0.000731377;6.70168;-0.661075;0.734213
3457;0.208577;-1.66201;5.0404;1.73368;ט‏ם.61;-0.000731383;6.70168;-0.661277;0.734416
3458;0.208577;-1.66221;5.0402;1.73389;ט‏ם.63;-0.000731389;6.70168;-0.66148;0.734619
3459;0.208577;-1.66241;05.אןנ;1.73409;ט‏ם.65;-0.000731395;6.70168;-0.661682;0.734822
3460;0.208578;-1.66262;5.03979;1.73429;ט‏ם.67;-0.000731401;6.70168;-0.661885;0.735025
3461;0.208578;-1.66282;5.03959;ÿםג.45;6.43691;-0.000731407;6.70168;-0.662087;0.735228
3462;0.208578;-1.66302;5.03939;ÿםג.47;6.43711;-0.000731413;6.70168;-0.66229;0.735431
3463;0.208578;-1.66322;5.03918;ÿםג.49;6.43731;-0.000731419;6.70168;-0.662492;0.735634
3464;0.208578;-1.66343;5.03898;1.73511;6.43751;-0.000731425;6.70168;-0.662694;0.735837
3465;0.208578;-1.66363;5.03878;1.73531;6.43772;-0.000731431;6.70168;-0.662897;0.73604
3466;0.208578;-1.66383;5.03858;1.73551;6.43792;-0.000731437;6.70168;-0.663099;0.736243
3467;0.208578;-1.66403;5.03837;1.73571;6.43812;-0.000731443;6.70168;-0.663302;0.736446
3468;0.208578;-1.66424;5.03817;1.73592;6.43832;-0.000731448;6.70168;-0.663504;0.736649
3469;0.208579;-1.66444;5.03797;1.73612;6.43853;-0.000731454;6.70167;-0.663707;0.736852
3470;0.208579;-1.66464;5.03777;1.73632;6.43873;-0.00073146;6.70167;-0.663909;0.737055
3471;0.208579;-1.66484;5.03756;1.73653;6.43893;-0.000731466;6.70167;-0.664111;0.737258
3472;0.208579;-1.66505;5.03736;1.73673;6.43913;-0.000731472;6.70167;-0.664314;0.737461
3473;0.208579;-1.66525;5.03716;1.73693;6.43934;-0.000731478;6.70167;-0.664516;0.737664
3474;0.208579;-1.66545;5.03695;1.73714;6.43954;-0.000731484;6.70167;-0.664719;0.737867
3475;0.208579;-1.66565;5.03675;1.73734;6.43974;-0.00073149;6.70167;-0.664921;0.73807
3476;0.208579;-1.66586;5.03655;1.73754;6.43995;-0.000731496;6.70167;-0.665124;0.738273
3477;0.20858;-1.66606;5.03635;1.73774;6.44015;-0.000731501;6.70167;-0.665326;0.738476
3478;0.20858;-1.66626;5.03614;1.73795;6.44035;-0.000731507;6.70167;-0.665529;0.738679
3479;0.20858;-1.66646;5.03594;1.73815;6.44055;-0.000731513;6.70167;-0.665731;0.738882
3480;0.20858;-1.66667;5.03574;1.73835;6.44076;-0.000731519;6.70167;-0.665934;0.739085
3481;0.20858;-1.66687;5.03553;1.73856;6.44096;-0.000731525;6.70167;-0.666136;0.739288
3482;0.20858;-1.66707;5.03533;1.73876;6.44116;-0.000731531;6.70167;-0.666338;0.739492
3483;0.20858;-1.66727;5.03513;1.73896;6.44136;-0.000731537;6.70167;-0.666541;0.739695
3484;0.20858;-1.66747;5.03493;1.73917;6.44157;-0.000731543;6.70167;-0.666743;0.739898
3485;0.20858;-1.66768;5.03472;1.73937;6.44177;-0.000731548;6.70167;-0.666946;0.740101
3486;0.208581;-1.66788;5.03452;1.73957;6.44197;-0.000731554;6.70167;-0.667148;0.740304
3487;0.208581;-1.66808;5.03432;1.73978;6.44217;-0.00073156;6.70167;-0.667351;0.740507
3488;0.208581;-1.66828;5.03411;1.73998;6.44238;-0.000731566;6.70167;-0.667553;0.74071
3489;0.208581;-1.66849;5.03391;1.74018;6.44258;-0.000731572;6.70167;-0.667756;0.740913
3490;0.208581;-1.66869;5.03371;1.74038;6.44278;-0.000731578;6.70167;-0.667958;0.741116
3491;0.208581;-1.66889;5.03351;1.74059;6.44299;-0.000731584;6.70167;-0.668161;0.741319
3492;0.208581;-1.66909;5.0333;1.74079;6.44319;-0.00073159;6.70167;-0.668363;0.741522
3493;0.208581;-1.6693;5.0331;1.74099;6.44339;-0.000731595;6.70167;-0.668566;0.741725
3494;0.208581;-1.6695;5.0329;ÿםג.12;6.44359;-0.000731601;6.70166;-0.668768;0.741928
3495;0.208582;-1.6697;5.03269;ÿםג.14;ט‏ם.38;-0.000731607;6.70166;-0.668971;0.742131
3496;0.208582;-1.6699;5.03249;ÿםג.16;6.444;-0.000731613;6.70166;-0.669173;0.742334
3497;0.208582;-1.67011;5.03229;1.74181;ט‏ם.42;-0.000731619;6.70166;-0.669376;0.742537
3498;0.208582;-1.67031;5.03209;1.74201;ט‏ם.44;-0.000731625;6.70166;-0.669578;0.742741
3499;0.208582;-1.67051;5.03188;1.74221;6.44461;-0.000731631;6.70166;-0.669781;0.742944
3500;0.208582;-1.67071;5.03168;1.74242;6.44481;-0.000731636;6.70166;-0.669983;0.743147
3501;0.208582;-1.67092;5.03148;1.74262;6.44501;-0.000731642;6.70166;-0.670186;0.74335
3502;0.208582;-1.67112;5.03127;1.74282;6.44521;-0.000731648;6.70166;-0.670388;0.743553
3503;0.208583;-1.67132;5.03107;1.74302;6.44542;-0.000731654;6.70166;-0.670591;0.743756
3504;0.208583;-1.67152;5.03087;1.74323;6.44562;-0.00073166;6.70166;-0.670793;0.743959
3505;0.208583;-1.67173;5.03066;1.74343;6.44582;-0.000731666;6.70166;-0.670996;0.744162
3506;0.208583;-1.67193;5.03046;1.74363;6.44603;-0.000731671;6.70166;-0.671198;0.744365
3507;0.208583;-1.67213;5.03026;1.74384;6.44623;-0.000731677;6.70166;-0.671401;0.744568
3508;0.208583;-1.67233;5.03006;1.74404;6.44643;-0.000731683;6.70166;-0.671603;0.744771
3509;0.208583;-1.67254;5.02985;1.74424;6.44663;-0.000731689;6.70166;-0.671806;0.744975
3510;0.208583;-1.67274;5.02965;1.74445;6.44684;-0.000731695;6.70166;-0.672008;0.745178
3511;0.208584;-1.67294;5.02945;1.74465;6.44704;-0.000731701;6.70166;-0.672211;0.745381
3512;0.208584;-1.67314;5.02924;1.74485;6.44724;-0.000731706;6.70166;-0.672413;0.745584
3513;0.208584;-1.67335;5.02904;1.74506;6.44744;-0.000731712;6.70166;-0.672616;0.745787
3514;0.208584;-1.67355;5.02884;1.74526;6.44765;-0.000731718;6.70166;-0.672818;0.74599
3515;0.208584;-1.67375;5.02864;1.74546;6.44785;-0.000731724;6.70166;-0.673021;0.746193
3516;0.208584;-1.67395;5.02843;1.74566;6.44805;-0.00073173;6.70166;-0.673223;0.746396
3517;0.208584;-1.67416;5.02823;1.74587;6.44826;-0.000731735;6.70166;-0.673426;0.746599
3518;0.208584;-1.67436;5.02803;1.74607;6.44846;-0.000731741;6.70166;-0.673628;0.746802
3519;0.208584;-1.67456;5.02782;1.74627;6.44866;-0.000731747;6.70166;-0.673831;0.747006
3520;0.208585;-1.67477;5.02762;1.74648;6.44886;-0.000731753;6.70165;-0.674033;0.747209
3521;0.208585;-1.67497;5.02742;1.74668;6.44907;-0.000731759;6.70165;-0.674236;0.747412
3522;0.208585;-1.67517;5.02722;1.74688;6.44927;-0.000731765;6.70165;-0.674438;0.747615
3523;0.208585;-1.67537;5.02701;1.74709;6.44947;-0.00073177;6.70165;-0.674641;0.747818
3524;0.208585;-1.67558;5.02681;1.74729;6.44967;-0.000731776;6.70165;-0.674844;0.748021
3525;0.208585;-1.67578;5.02661;1.74749;6.44988;-0.000731782;6.70165;-0.675046;0.748224
3526;0.208585;-1.67598;5.0264;ÿםג.77;6.45008;-0.000731788;6.70165;-0.675249;0.748427
3527;0.208585;-1.67618;5.0262;ÿםג.79;6.45028;-0.000731794;6.70165;-0.675451;0.74863
3528;0.208586;-1.67639;5.026;ÿםג.81;6.45049;-0.000731799;6.70165;-0.675654;0.748834
3529;0.208586;-1.67659;5.02579;ÿםג.83;6.45069;-0.000731805;6.70165;-0.675856;0.749037
3530;0.208586;-1.67679;5.02559;1.74851;6.45089;-0.000731811;6.70165;-0.676059;0.74924
3531;0.208586;-1.67699;5.02539;1.74871;6.45109;-0.000731817;6.70165;-0.676261;0.749443
3532;0.208586;-1.6772;5.02519;1.74891;ט‏ם.13;-0.000731822;6.70165;-0.676464;0.749646
3533;0.208586;-1.6774;5.02498;1.74912;ט‏ם.15;-0.000731828;6.70165;-0.676666;0.749849
3534;0.208586;-1.6776;5.02478;1.74932;ט‏ם.17;-0.000731834;6.70165;-0.676869;0.750052
3535;0.208586;-1.6778;5.02458;1.74952;ט‏ם.19;-0.00073184;6.70165;-0.677072;0.750256
3536;0.208587;-1.67801;5.02437;1.74973;6.45211;-0.000731846;6.70165;-0.677274;0.750459
3537;0.208587;-1.67821;5.02417;1.74993;6.45231;-0.000731851;6.70165;-0.677477;0.750662
3538;0.208587;-1.67841;5.02397;1.75013;6.45251;-0.000731857;6.70165;-0.677679;0.750865
3539;0.208587;-1.67861;5.02377;1.75034;6.45272;-0.000731863;6.70165;-0.677882;0.751068
3540;0.208587;-1.67882;5.02356;1.75054;6.45292;-0.000731869;6.70165;-0.678084;0.751271
3541;0.208587;-1.67902;5.02336;1.75074;6.45312;-0.000731874;6.70165;-0.678287;0.751474
3542;0.208587;-1.67922;5.02316;1.75095;6.45332;-0.00073188;6.70165;-0.67849;0.751678
3543;0.208587;-1.67942;5.02295;1.75115;6.45353;-0.000731886;6.70165;-0.678692;0.751881
3544;0.208588;-1.67963;5.02275;1.75135;6.45373;-0.000731892;6.70165;-0.678895;0.752084
3545;0.208588;-1.67983;5.02255;1.75156;6.45393;-0.000731898;6.70164;-0.679097;0.752287
3546;0.208588;-1.68003;5.02234;1.75176;6.45413;-0.000731903;6.70164;-0.6793;0.75249
3547;0.208588;-1.68023;5.02214;1.75196;6.45434;-0.000731909;6.70164;-0.679502;0.752693
3548;0.208588;-1.68044;5.02194;1.75216;6.45454;-0.000731915;6.70164;-0.679705;0.752896
3549;0.208588;-1.68064;5.02174;1.75237;6.45474;-0.000731921;6.70164;-0.679908;0.7531
3550;0.208588;-1.68084;5.02153;1.75257;6.45495;-0.000731926;6.70164;-0.68011;0.753303
3551;0.208588;-1.68104;5.02133;1.75277;6.45515;-0.000731932;6.70164;-0.680313;0.753506
3552;0.208588;-1.68125;5.02113;1.75298;6.45535;-0.000731938;6.70164;-0.680515;0.753709
3553;0.208589;-1.68145;5.02092;1.75318;6.45555;-0.000731944;6.70164;-0.680718;0.753912
3554;0.208589;-1.68165;5.02072;1.75338;6.45576;-0.000731949;6.70164;-0.680921;0.754115
3555;0.208589;-1.68186;5.02052;1.75359;6.45596;-0.000731955;6.70164;-0.681123;0.754319
3556;0.208589;-1.68206;5.02031;1.75379;6.45616;-0.000731961;6.70164;-0.681326;0.754522
3557;0.208589;-1.68226;5.02011;1.75399;6.45637;-0.000731967;6.70164;-0.681528;0.754725
3558;0.208589;-1.68246;5.01991;ÿםג.42;6.45657;-0.000731972;6.70164;-0.681731;0.754928
3559;0.208589;-1.68267;5.01971;ÿםג.44;6.45677;-0.000731978;6.70164;-0.681934;0.755131
3560;0.208589;-1.68287;5.0195;ÿםג.46;6.45697;-0.000731984;6.70164;-0.682136;0.755335
3561;0.20859;-1.68307;5.0193;1.75481;6.45718;-0.00073199;6.70164;-0.682339;0.755538
3562;0.20859;-1.68327;5.0191;1.75501;6.45738;-0.000731995;6.70164;-0.682541;0.755741
3563;0.20859;-1.68348;5.01889;1.75521;6.45758;-0.000732001;6.70164;-0.682744;0.755944
3564;0.20859;-1.68368;5.01869;1.75542;6.45778;-0.000732007;6.70164;-0.682947;0.756147
3565;0.20859;-1.68388;5.01849;1.75562;6.45799;-0.000732012;6.70164;-0.683149;0.75635
3566;0.20859;-1.68408;5.01829;1.75582;6.45819;-0.000732018;6.70164;-0.683352;0.756554
3567;0.20859;-1.68429;5.01808;1.75602;6.45839;-0.000732024;6.70164;-0.683554;0.756757
3568;0.20859;-1.68449;5.01788;1.75623;ט‏ם.86;-0.00073203;6.70164;-0.683757;0.75696
3569;0.208591;-1.68469;5.01768;1.75643;ט‏ם.88;-0.000732035;6.70164;-0.68396;0.757163
3570;0.208591;-1.68489;5.01747;1.75663;6.459;-0.000732041;6.70164;-0.684162;0.757366
3571;0.208591;-1.6851;5.01727;1.75684;ט‏ם.92;-0.000732047;6.70163;-0.684365;0.75757
3572;0.208591;-1.6853;5.01707;1.75704;6.45941;-0.000732053;6.70163;-0.684568;0.757773
3573;0.208591;-1.6855;5.01686;1.75724;6.45961;-0.000732058;6.70163;-0.68477;0.757976
3574;0.208591;-1.6857;5.01666;1.75745;6.45981;-0.000732064;6.70163;-0.684973;0.758179
3575;0.208591;-1.68591;5.01646;1.75765;6.46002;-0.00073207;6.70163;-0.685175;0.758382
3576;0.208591;-1.68611;5.01625;1.75785;6.46022;-0.000732075;6.70163;-0.685378;0.758586
3577;0.208592;-1.68631;5.01605;1.75806;6.46042;-0.000732081;6.70163;-0.685581;0.758789
3578;0.208592;-1.68652;5.01585;1.75826;6.46062;-0.000732087;6.70163;-0.685783;0.758992
3579;0.208592;-1.68672;5.01565;1.75846;6.46083;-0.000732093;6.70163;-0.685986;0.759195
3580;0.208592;-1.68692;5.01544;1.75867;6.46103;-0.000732098;6.70163;-0.686189;0.759398
3581;0.208592;-1.68712;5.01524;1.75887;6.46123;-0.000732104;6.70163;-0.686391;0.759602
3582;0.208592;-1.68733;5.01504;1.75907;6.46144;-0.00073211;6.70163;-0.686594;0.759805
3583;0.208592;-1.68753;5.01483;1.75928;6.46164;-0.000732115;6.70163;-0.686797;0.760008
3584;0.208592;-1.68773;5.01463;1.75948;6.46184;-0.000732121;6.70163;-0.686999;0.760211
3585;0.208593;-1.68793;5.01443;1.75968;6.46204;-0.000732127;6.70163;-0.687202;0.760415
3586;0.208593;-1.68814;5.01422;1.75989;6.46225;-0.000732132;6.70163;-0.687405;0.760618
3587;0.208593;-1.68834;5.01402;1.76009;6.46245;-0.000732138;6.70163;-0.687607;0.760821
3588;0.208593;-1.68854;5.01382;1.76029;6.46265;-0.000732144;6.70163;-0.68781;0.761024
3589;0.208593;-1.68874;5.01362;ÿםג.05;6.46286;-0.000732149;6.70163;-0.688012;0.761227
3590;0.208593;-1.68895;5.01341;ÿםג.07;6.46306;-0.000732155;6.70163;-0.688215;0.761431
3591;0.208593;-1.68915;5.01321;ÿםג.09;6.46326;-0.000732161;6.70163;-0.688418;0.761634
3592;0.208593;-1.68935;5.01301;ÿםג.11;6.46346;-0.000732167;6.70163;-0.68862;0.761837
3593;0.208594;-1.68956;5.0128;1.76131;6.46367;-0.000732172;6.70163;-0.688823;0.76204
3594;0.208594;-1.68976;5.0126;1.76151;6.46387;-0.000732178;6.70163;-0.689026;0.762244
3595;0.208594;-1.68996;5.0124;1.76171;6.46407;-0.000732184;6.70163;-0.689228;0.762447
3596;0.208594;-1.69016;5.01219;1.76192;6.46428;-0.000732189;6.70163;-0.689431;0.76265
3597;0.208594;-1.69037;5.01199;1.76212;6.46448;-0.000732195;6.70162;-0.689634;0.762853
3598;0.208594;-1.69057;5.01179;1.76232;6.46468;-0.000732201;6.70162;-0.689836;0.763057
3599;0.208594;-1.69077;5.01159;1.76253;6.46488;-0.000732206;6.70162;-0.690039;0.76326
3600;0.208594;-1.69097;5.01138;1.76273;6.46509;-0.000732212;6.70162;-0.690242;0.763463
3601;0.208595;-1.69118;5.01118;1.76293;6.46529;-0.000732218;6.70162;-0.690445;0.763666
3602;0.208595;-1.69138;5.01098;1.76314;6.46549;-0.000732223;6.70162;-0.690647;0.76387
3603;0.208595;-1.69158;5.01077;1.76334;ט‏ם.57;-0.000732229;6.70162;-0.69085;0.764073
3604;0.208595;-1.69178;5.01057;1.76354;ט‏ם.59;-0.000732235;6.70162;-0.691053;0.764276
3605;0.208595;-1.69199;5.01037;1.76375;ט‏ם.61;-0.00073224;6.70162;-0.691255;0.764479
3606;0.208595;-1.69219;5.01016;1.76395;ט‏ם.63;-0.000732246;6.70162;-0.691458;0.764683
3607;0.208595;-1.69239;5.00996;1.76415;6.46651;-0.000732252;6.70162;-0.691661;0.764886
3608;0.208595;-1.6926;5.00976;1.76436;6.46671;-0.000732257;6.70162;-0.691863;0.765089
3609;0.208596;-1.6928;5.00955;1.76456;6.46691;-0.000732263;6.70162;-0.692066;0.765292
3610;0.208596;-1.693;5.00935;1.76476;6.46712;-0.000732268;6.70162;-0.692269;0.765496
3611;0.208596;-1.6932;5.00915;1.76497;6.46732;-0.000732274;6.70162;-0.692471;0.765699
3612;0.208596;-1.69341;5.00895;1.76517;6.46752;-0.00073228;6.70162;-0.692674;0.765902
3613;0.208596;-1.69361;5.00874;1.76537;6.46772;-0.000732285;6.70162;-0.692877;0.766105
3614;0.208596;-1.69381;5.00854;1.76558;6.46793;-0.000732291;6.70162;-0.69308;0.766309
3615;0.208596;-1.69401;5.00834;1.76578;6.46813;-0.000732297;6.70162;-0.693282;0.766512
3616;0.208597;-1.69422;5.00813;1.76598;6.46833;-0.000732302;6.70162;-0.693485;0.766715
3617;0.208597;-1.69442;5.00793;1.76619;6.46854;-0.000732308;6.70162;-0.693688;0.766918
3618;0.208597;-1.69462;5.00773;1.76639;6.46874;-0.000732314;6.70162;-0.69389;0.767122
3619;0.208597;-1.69483;5.00752;1.76659;6.46894;-0.000732319;6.70162;-0.694093;0.767325
3620;0.208597;-1.69503;5.00732;ÿםג.68;6.46914;-0.000732325;6.70162;-0.694296;0.767528
3621;0.208597;-1.69523;5.00712;1.767;6.46935;-0.000732331;6.70162;-0.694498;0.767732
3622;0.208597;-1.69543;5.00691;ÿםג.72;6.46955;-0.000732336;6.70162;-0.694701;0.767935
3623;0.208597;-1.69564;5.00671;1.76741;6.46975;-0.000732342;6.70162;-0.694904;0.768138
3624;0.208598;-1.69584;5.00651;1.76761;6.46996;-0.000732347;6.70161;-0.695107;0.768341
3625;0.208598;-1.69604;5.00631;1.76781;6.47016;-0.000732353;6.70161;-0.695309;0.768545
3626;0.208598;-1.69624;5.0061;1.76802;6.47036;-0.000732359;6.70161;-0.695512;0.768748
3627;0.208598;-1.69645;5.0059;1.76822;6.47056;-0.000732364;6.70161;-0.695715;0.768951
3628;0.208598;-1.69665;5.0057;1.76842;6.47077;-0.00073237;6.70161;-0.695918;0.769155
3629;0.208598;-1.69685;5.00549;1.76863;6.47097;-0.000732376;6.70161;-0.69612;0.769358
3630;0.208598;-1.69706;5.00529;1.76883;6.47117;-0.000732381;6.70161;-0.696323;0.769561
3631;0.208598;-1.69726;5.00509;1.76903;6.47138;-0.000732387;6.70161;-0.696526;0.769764
3632;0.208599;-1.69746;5.00488;1.76924;6.47158;-0.000732392;6.70161;-0.696728;0.769968
3633;0.208599;-1.69766;5.00468;1.76944;6.47178;-0.000732398;6.70161;-0.696931;0.770171
3634;0.208599;-1.69787;5.00448;1.76964;6.47199;-0.000732404;6.70161;-0.697134;0.770374
3635;0.208599;-1.69807;5.00427;1.76985;6.47219;-0.000732409;6.70161;-0.697337;0.770578
3636;0.208599;-1.69827;5.00407;1.77005;6.47239;-0.000732415;6.70161;-0.697539;0.770781
3637;0.208599;-1.69847;5.00387;1.77025;6.47259;-0.00073242;6.70161;-0.697742;0.770984
3638;0.208599;-1.69868;5.00366;1.77046;ט‏ם.28;-0.000732426;6.70161;-0.697945;0.771188
3639;0.208599;-1.69888;5.00346;1.77066;6.473;-0.000732432;6.70161;-0.698148;0.771391
3640;0.2086;-1.69908;5.00326;1.77086;ט‏ם.32;-0.000732437;6.70161;-0.69835;0.771594
3641;0.2086;-1.69929;5.00306;1.77106;6.47341;-0.000732443;6.70161;-0.698553;0.771797
3642;0.2086;-1.69949;5.00285;1.77127;6.47361;-0.000732448;6.70161;-0.698756;0.772001
3643;0.2086;-1.69969;5.00265;1.77147;6.47381;-0.000732454;6.70161;-0.698959;0.772204
3644;0.2086;-1.69989;5.00245;1.77167;6.47401;-0.00073246;6.70161;-0.699161;0.772407
3645;0.2086;-1.7001;5.00224;1.77188;6.47422;-0.000732465;6.70161;-0.699364;0.772611
3646;0.2086;-1.7003;5.00204;1.77208;6.47442;-0.000732471;6.70161;-0.699567;0.772814
3647;0.208601;-1.7005;5.00184;1.77228;6.47462;-0.000732476;6.70161;-0.69977;0.773017
3648;0.208601;-1.7007;5.00163;1.77249;6.47483;-0.000732482;6.70161;-0.699972;0.773221
3649;0.208601;-1.70091;5.00143;1.77269;6.47503;-0.000732488;6.70161;-0.700175;0.773424
3650;0.208601;-1.70111;5.00123;1.77289;6.47523;-0.000732493;ט‏ם.16;-0.700378;0.773627
3651;0.208601;-1.70131;5.00102;ÿםג.31;6.47544;-0.000732499;ט‏ם.16;-0.700581;0.773831
3652;0.208601;-1.70152;5.00082;ÿםג.33;6.47564;-0.000732504;ט‏ם.16;-0.700784;0.774034
3653;0.208601;-1.70172;5.00062;ÿםג.35;6.47584;-0.00073251;ט‏ם.16;-0.700986;0.774237
3654;0.208601;-1.70192;5.00041;1.77371;6.47604;-0.000732515;ט‏ם.16;-0.701189;0.774441
3655;0.208602;-1.70212;5.00021;1.77391;6.47625;-0.000732521;ט‏ם.16;-0.701392;0.774644
3656;0.208602;-1.70233;5.00001;1.77411;6.47645;-0.000732527;ט‏ם.16;-0.701595;0.774847
3657;0.208602;-1.70253;אןנ.98;1.77432;6.47665;-0.000732532;ט‏ם.16;-0.701797;0.775051
3658;0.208602;-1.70273;אןנ.96;1.77452;6.47686;-0.000732538;ט‏ם.16;-0.702;0.775254
3659;0.208602;-1.70294;אןנ.94;1.77472;6.47706;-0.000732543;ט‏ם.16;-0.702203;0.775457
3660;0.208602;-1.70314;אןנ.92;1.77493;6.47726;-0.000732549;ט‏ם.16;-0.702406;0.775661
3661;0.208602;-1.70334;4.99899;1.77513;6.47746;-0.000732554;ט‏ם.16;-0.702609;0.775864
3662;0.208602;-1.70354;4.99879;1.77533;6.47767;-0.00073256;ט‏ם.16;-0.702811;0.776067
3663;0.208603;-1.70375;4.99859;1.77554;6.47787;-0.000732566;ט‏ם.16;-0.703014;0.776271
3664;0.208603;-1.70395;4.99838;1.77574;6.47807;-0.000732571;ט‏ם.16;-0.703217;0.776474
3665;0.208603;-1.70415;4.99818;1.77594;6.47828;-0.000732577;ט‏ם.16;-0.70342;0.776677
3666;0.208603;-1.70436;4.99798;1.77615;6.47848;-0.000732582;ט‏ם.16;-0.703622;0.776881
3667;0.208603;-1.70456;4.99777;1.77635;6.47868;-0.000732588;ט‏ם.16;-0.703825;0.777084
3668;0.208603;-1.70476;4.99757;1.77655;6.47889;-0.000732593;ט‏ם.16;-0.704028;0.777287
3669;0.208603;-1.70496;4.99737;1.77676;6.47909;-0.000732599;ט‏ם.16;-0.704231;0.777491
3670;0.208604;-1.70517;4.99716;1.77696;6.47929;-0.000732604;ט‏ם.16;-0.704434;0.777694
3671;0.208604;-1.70537;4.99696;1.77716;6.47949;-0.00073261;ט‏ם.16;-0.704636;0.777897
3672;0.208604;-1.70557;4.99676;1.77737;ט‏ם.97;-0.000732615;ט‏ם.16;-0.704839;0.778101
3673;0.208604;-1.70577;4.99655;1.77757;ט‏ם.99;-0.000732621;ט‏ם.16;-0.705042;0.778304
3674;0.208604;-1.70598;4.99635;1.77777;ט‏ם.01;-0.000732627;ט‏ם.16;-0.705245;0.778508
3675;0.208604;-1.70618;4.99615;1.77798;6.48031;-0.000732632;ט‏ם.16;-0.705448;0.778711
3676;0.208604;-1.70638;4.99594;1.77818;6.48051;-0.000732638;ט‏ם.16;-0.705651;0.778914
3677;0.208604;-1.70659;4.99574;1.77839;6.48071;-0.000732643;6.70159;-0.705853;0.779118
3678;0.208605;-1.70679;4.99554;1.77859;6.48092;-0.000732649;6.70159;-0.706056;0.779321
3679;0.208605;-1.70699;4.99534;1.77879;6.48112;-0.000732654;6.70159;-0.706259;0.779524
3680;0.208605;-1.70719;4.99513;1.779;6.48132;-0.00073266;6.70159;-0.706462;0.779728
3681;0.208605;-1.7074;4.99493;ÿםג.92;6.48152;-0.000732665;6.70159;-0.706665;0.779931
3682;0.208605;-1.7076;4.99473;ÿםג.94;6.48173;-0.000732671;6.70159;-0.706867;0.780135
3683;0.208605;-1.7078;4.99452;1.77961;6.48193;-0.000732676;6.70159;-0.70707;0.780338
3684;0.208605;-1.70801;4.99432;1.77981;6.48213;-0.000732682;6.70159;-0.707273;0.780541
3685;0.208606;-1.70821;4.99412;1.78001;6.48234;-0.000732687;6.70159;-0.707476;0.780745
3686;0.208606;-1.70841;4.99391;1.78022;6.48254;-0.000732693;6.70159;-0.707679;0.780948
3687;0.208606;-1.70861;4.99371;1.78042;6.48274;-0.000732698;6.70159;-0.707882;0.781151
3688;0.208606;-1.70882;4.99351;1.78062;6.48295;-0.000732704;6.70159;-0.708084;0.781355
3689;0.208606;-1.70902;אןנ.33;1.78083;6.48315;-0.000732709;6.70159;-0.708287;0.781558
3690;0.208606;-1.70922;אןנ.31;1.78103;6.48335;-0.000732715;6.70159;-0.70849;0.781762
3691;0.208606;-1.70943;אןנ.29;1.78123;6.48355;-0.000732721;6.70159;-0.708693;0.781965
3692;0.208606;-1.70963;4.99269;1.78144;6.48376;-0.000732726;6.70159;-0.708896;0.782168
3693;0.208607;-1.70983;4.99249;1.78164;6.48396;-0.000732732;6.70159;-0.709099;0.782372
3694;0.208607;-1.71003;4.99229;1.78184;6.48416;-0.000732737;6.70159;-0.709301;0.782575
3695;0.208607;-1.71024;4.99208;1.78205;6.48437;-0.000732743;6.70159;-0.709504;0.782779
3696;0.208607;-1.71044;4.99188;1.78225;6.48457;-0.000732748;6.70159;-0.709707;0.782982
3697;0.208607;-1.71064;4.99168;1.78245;6.48477;-0.000732754;6.70159;-0.70991;0.783185
3698;0.208607;-1.71085;4.99147;1.78266;6.48498;-0.000732759;6.70159;-0.710113;0.783389
3699;0.208607;-1.71105;4.99127;1.78286;6.48518;-0.000732765;6.70159;-0.710316;0.783592
3700;0.208608;-1.71125;4.99107;1.78306;6.48538;-0.00073277;6.70159;-0.710519;0.783796
3701;0.208608;-1.71145;4.99086;1.78327;6.48558;-0.000732776;6.70159;-0.710721;0.783999
3702;0.208608;-1.71166;4.99066;1.78347;6.48579;-0.000732781;6.70159;-0.710924;0.784202
3703;0.208608;-1.71186;4.99046;1.78367;6.48599;-0.000732787;6.70159;-0.711127;0.784406
3704;0.208608;-1.71206;4.99025;1.78388;6.48619;-0.000732792;6.70158;-0.71133;0.784609
3705;0.208608;-1.71227;4.99005;1.78408;ט‏ם.64;-0.000732798;6.70158;-0.711533;0.784813
3706;0.208608;-1.71247;4.98985;1.78428;ט‏ם.66;-0.000732803;6.70158;-0.711736;0.785016
3707;0.208608;-1.71267;4.98965;1.78449;ט‏ם.68;-0.000732808;6.70158;-0.711939;0.785219
3708;0.208609;-1.71287;4.98944;1.78469;6.48701;-0.000732814;6.70158;-0.712141;0.785423
3709;0.208609;-1.71308;4.98924;1.78489;6.48721;-0.000732819;6.70158;-0.712344;0.785626
3710;0.208609;-1.71328;4.98904;ÿםג.51;6.48741;-0.000732825;6.70158;-0.712547;0.78583
3711;0.208609;-1.71348;4.98883;ÿםג.53;6.48762;-0.00073283;6.70158;-0.71275;0.786033
3712;0.208609;-1.71369;4.98863;ÿםג.55;6.48782;-0.000732836;6.70158;-0.712953;0.786237
3713;0.208609;-1.71389;4.98843;1.78571;6.48802;-0.000732841;6.70158;-0.713156;0.78644
3714;0.208609;-1.71409;4.98822;1.78591;6.48822;-0.000732847;6.70158;-0.713359;0.786643
3715;0.20861;-1.71429;4.98802;1.78611;6.48843;-0.000732852;6.70158;-0.713562;0.786847
3716;0.20861;-1.7145;4.98782;1.78632;6.48863;-0.000732858;6.70158;-0.713764;0.78705
3717;0.20861;-1.7147;4.98761;1.78652;6.48883;-0.000732863;6.70158;-0.713967;0.787254
3718;0.20861;-1.7149;4.98741;1.78672;6.48904;-0.000732869;6.70158;-0.71417;0.787457
3719;0.20861;-1.71511;4.98721;1.78693;6.48924;-0.000732874;6.70158;-0.714373;0.787661
3720;0.20861;-1.71531;4.987;1.78713;6.48944;-0.00073288;6.70158;-0.714576;0.787864
3721;0.20861;-1.71551;אןנ.68;1.78733;6.48965;-0.000732885;6.70158;-0.714779;0.788067
3722;0.20861;-1.71571;אןנ.66;1.78754;6.48985;-0.000732891;6.70158;-0.714982;0.788271
3723;0.208611;-1.71592;4.98639;1.78774;6.49005;-0.000732896;6.70158;-0.715185;0.788474
3724;0.208611;-1.71612;4.98619;1.78794;6.49026;-0.000732901;6.70158;-0.715388;0.788678
3725;0.208611;-1.71632;4.98599;1.78815;6.49046;-0.000732907;6.70158;-0.71559;0.788881
3726;0.208611;-1.71653;4.98578;1.78835;6.49066;-0.000732912;6.70158;-0.715793;0.789085
3727;0.208611;-1.71673;4.98558;1.78856;6.49086;-0.000732918;6.70158;-0.715996;0.789288
3728;0.208611;-1.71693;4.98538;1.78876;6.49107;-0.000732923;6.70158;-0.716199;0.789492
3729;0.208611;-1.71714;4.98517;1.78896;6.49127;-0.000732929;6.70158;-0.716402;0.789695
3730;0.208612;-1.71734;4.98497;1.78917;6.49147;-0.000732934;6.70158;-0.716605;0.789898
3731;0.208612;-1.71754;4.98477;1.78937;6.49168;-0.00073294;6.70158;-0.716808;0.790102
3732;0.208612;-1.71774;4.98456;1.78957;6.49188;-0.000732945;6.70157;-0.717011;0.790305
3733;0.208612;-1.71795;4.98436;1.78978;6.49208;-0.000732951;6.70157;-0.717214;0.790509
3734;0.208612;-1.71815;4.98416;1.78998;6.49229;-0.000732956;6.70157;-0.717417;0.790712
3735;0.208612;-1.71835;4.98395;1.79018;6.49249;-0.000732961;6.70157;-0.71762;0.790916
3736;0.208612;-1.71856;4.98375;1.79039;6.49269;-0.000732967;6.70157;-0.717822;0.791119
3737;0.208613;-1.71876;4.98355;1.79059;ט‏ם.29;-0.000732972;6.70157;-0.718025;0.791323
3738;0.208613;-1.71896;4.98334;1.79079;ט‏ם.31;-0.000732978;6.70157;-0.718228;0.791526
3739;0.208613;-1.71916;4.98314;1.791;ט‏ם.33;-0.000732983;6.70157;-0.718431;0.79173
3740;0.208613;-1.71937;4.98294;ÿםג.12;ט‏ם.35;-0.000732989;6.70157;-0.718634;0.791933
3741;0.208613;-1.71957;4.98273;ÿםג.14;6.49371;-0.000732994;6.70157;-0.718837;0.792136
3742;0.208613;-1.71977;4.98253;1.79161;6.49391;-0.000732999;6.70157;-0.71904;0.79234
3743;0.208613;-1.71998;4.98233;1.79181;6.49411;-0.000733005;6.70157;-0.719243;0.792543
3744;0.208613;-1.72018;4.98212;1.79201;6.49432;-0.00073301;6.70157;-0.719446;0.792747
3745;0.208614;-1.72038;4.98192;1.79222;6.49452;-0.000733016;6.70157;-0.719649;0.79295
3746;0.208614;-1.72058;4.98172;1.79242;6.49472;-0.000733021;6.70157;-0.719852;0.793154
3747;0.208614;-1.72079;4.98151;1.79262;6.49493;-0.000733027;6.70157;-0.720055;0.793357
3748;0.208614;-1.72099;4.98131;1.79283;6.49513;-0.000733032;6.70157;-0.720258;0.793561
3749;0.208614;-1.72119;4.98111;1.79303;6.49533;-0.000733037;6.70157;-0.720461;0.793764
3750;0.208614;-1.7214;אןנ.09;1.79323;6.49554;-0.000733043;6.70157;-0.720664;0.793968
3751;0.208614;-1.7216;אןנ.07;1.79344;6.49574;-0.000733048;6.70157;-0.720866;0.794171
3752;0.208615;-1.7218;אןנ.05;1.79364;6.49594;-0.000733054;6.70157;-0.721069;0.794375
3753;0.208615;-1.72201;4.98029;1.79385;6.49615;-0.000733059;6.70157;-0.721272;0.794578
3754;0.208615;-1.72221;4.98009;1.79405;6.49635;-0.000733064;6.70157;-0.721475;0.794782
3755;0.208615;-1.72241;4.97989;1.79425;6.49655;-0.00073307;6.70157;-0.721678;0.794985
3756;0.208615;-1.72261;4.97968;1.79446;6.49675;-0.000733075;6.70157;-0.721881;0.795189
3757;0.208615;-1.72282;4.97948;1.79466;6.49696;-0.000733081;6.70157;-0.722084;0.795392
3758;0.208615;-1.72302;4.97928;1.79486;6.49716;-0.000733086;6.70157;-0.722287;0.795596
3759;0.208616;-1.72322;4.97907;1.79507;6.49736;-0.000733091;6.70156;-0.72249;0.795799
3760;0.208616;-1.72343;4.97887;1.79527;6.49757;-0.000733097;6.70156;-0.722693;0.796003
3761;0.208616;-1.72363;4.97867;1.79547;6.49777;-0.000733102;6.70156;-0.722896;0.796206
3762;0.208616;-1.72383;4.97846;1.79568;6.49797;-0.000733108;6.70156;-0.723099;0.79641
3763;0.208616;-1.72404;4.97826;1.79588;6.49818;-0.000733113;6.70156;-0.723302;0.796613
3764;0.208616;-1.72424;4.97806;1.79608;6.49838;-0.000733118;6.70156;-0.723505;0.796817
3765;0.208616;-1.72444;4.97785;1.79629;6.49858;-0.000733124;6.70156;-0.723708;0.79702
3766;0.208617;-1.72464;4.97765;1.79649;6.49879;-0.000733129;6.70156;-0.723911;0.797224
3767;0.208617;-1.72485;4.97745;1.79669;6.49899;-0.000733135;6.70156;-0.724114;0.797427
3768;0.208617;-1.72505;4.97724;ÿםג.69;6.49919;-0.00073314;6.70156;-0.724317;0.797631
3769;0.208617;-1.72525;4.97704;ÿםג.71;ט‏ם.94;-0.000733145;6.70156;-0.72452;0.797834
3770;0.208617;-1.72546;4.97684;ÿםג.73;ט‏ם.96;-0.000733151;6.70156;-0.724723;0.798038
3771;0.208617;-1.72566;4.97663;1.79751;ט‏ם.98;-0.000733156;6.70156;-0.724926;0.798241
3772;0.208617;-1.72586;4.97643;1.79771;06.לאי;-0.000733161;6.70156;-0.725129;0.798445
3773;0.208617;-1.72606;4.97623;1.79792;6.50021;-0.000733167;6.70156;-0.725332;0.798648
3774;0.208618;-1.72627;4.97602;1.79812;6.50041;-0.000733172;6.70156;-0.725535;0.798852
3775;0.208618;-1.72647;4.97582;1.79832;6.50061;-0.000733178;6.70156;-0.725738;0.799055
3776;0.208618;-1.72667;4.97562;1.79853;6.50082;-0.000733183;6.70156;-0.725941;0.799259
3777;0.208618;-1.72688;4.97541;1.79873;6.50102;-0.000733188;6.70156;-0.726144;0.799462
3778;0.208618;-1.72708;4.97521;1.79893;6.50122;-0.000733194;6.70156;-0.726347;0.799666
3779;0.208618;-1.72728;4.97501;1.79914;6.50143;-0.000733199;6.70156;-0.72655;0.799869
3780;0.208618;-1.72749;אןנ.48;1.79934;6.50163;-0.000733204;6.70156;-0.726753;0.800073
3781;0.208619;-1.72769;אןנ.46;1.79954;6.50183;-0.00073321;6.70156;-0.726956;0.800277
3782;0.208619;-1.72789;אןנ.44;1.79975;6.50204;-0.000733215;6.70156;-0.727159;0.80048
3783;0.208619;-1.72809;4.97419;1.79995;6.50224;-0.000733221;6.70156;-0.727362;0.800684
3784;0.208619;-1.7283;4.97399;1.80015;6.50244;-0.000733226;6.70156;-0.727565;0.800887
3785;0.208619;-1.7285;4.97379;1.80036;6.50265;-0.000733231;6.70156;-0.727768;0.801091
3786;0.208619;-1.7287;4.97358;1.80056;6.50285;-0.000733237;6.70156;-0.727971;0.801294
3787;0.208619;-1.72891;4.97338;1.80076;6.50305;-0.000733242;6.70155;-0.728174;0.801498
3788;0.20862;-1.72911;4.97318;1.80097;6.50326;-0.000733247;6.70155;-0.728377;0.801701
3789;0.20862;-1.72931;4.97297;1.80117;6.50346;-0.000733253;6.70155;-0.72858;0.801905
3790;0.20862;-1.72952;4.97277;1.80138;6.50366;-0.000733258;6.70155;-0.728783;0.802108
3791;0.20862;-1.72972;4.97257;1.80158;6.50387;-0.000733263;6.70155;-0.728986;0.802312
3792;0.20862;-1.72992;4.97236;1.80178;6.50407;-0.000733269;6.70155;-0.729189;0.802515
3793;0.20862;-1.73012;4.97216;1.80199;6.50427;-0.000733274;6.70155;-0.729392;0.802719
3794;0.20862;-1.73033;4.97196;1.80219;6.50447;-0.000733279;6.70155;-0.729595;0.802923
3795;0.208621;-1.73053;4.97175;1.80239;6.50468;-0.000733285;6.70155;-0.729798;0.803126
3796;0.208621;-1.73073;4.97155;ÿםג.26;6.50488;-0.00073329;6.70155;-0.730001;0.80333
3797;0.208621;-1.73094;4.97135;ÿםג.28;6.50508;-0.000733295;6.70155;-0.730204;0.803533
3798;0.208621;-1.73114;4.97114;1.803;6.50529;-0.000733301;6.70155;-0.730407;0.803737
3799;0.208621;-1.73134;4.97094;1.80321;6.50549;-0.000733306;6.70155;-0.73061;0.80394
3800;0.208621;-1.73155;4.97074;1.80341;6.50569;-0.000733311;6.70155;-0.730813;0.804144
3801;0.208621;-1.73175;4.97053;1.80361;ט‏ם.59;-0.000733317;6.70155;-0.731016;0.804347
3802;0.208622;-1.73195;4.97033;1.80382;ט‏ם.61;-0.000733322;6.70155;-0.731219;0.804551
3803;0.208622;-1.73216;4.97013;1.80402;ט‏ם.63;-0.000733327;6.70155;-0.731422;0.804755
3804;0.208622;-1.73236;4.96992;1.80422;6.50651;-0.000733333;6.70155;-0.731625;0.804958
3805;0.208622;-1.73256;4.96972;1.80443;6.50671;-0.000733338;6.70155;-0.731828;0.805162
3806;0.208622;-1.73276;4.96952;1.80463;6.50691;-0.000733343;6.70155;-0.732031;0.805365
3807;0.208622;-1.73297;4.96931;1.80484;6.50712;-0.000733349;6.70155;-0.732234;0.805569
3808;0.208622;-1.73317;4.96911;1.80504;6.50732;-0.000733354;6.70155;-0.732437;0.805772
3809;0.208623;-1.73337;4.96891;1.80524;6.50752;-0.000733359;6.70155;-0.73264;0.805976
3810;0.208623;-1.73358;אןנ.87;1.80545;6.50773;-0.000733365;6.70155;-0.732843;0.80618
3811;0.208623;-1.73378;אןנ.85;1.80565;6.50793;-0.00073337;6.70155;-0.733046;0.806383
3812;0.208623;-1.73398;אןנ.83;1.80585;6.50813;-0.000733375;6.70155;-0.733249;0.806587
3813;0.208623;-1.73419;4.96809;1.80606;6.50834;-0.000733381;6.70155;-0.733452;0.80679
3814;0.208623;-1.73439;4.96789;1.80626;6.50854;-0.000733386;6.70155;-0.733655;0.806994
3815;0.208623;-1.73459;4.96769;1.80646;6.50874;-0.000733391;6.70154;-0.733858;0.807197
3816;0.208624;-1.73479;4.96748;1.80667;6.50895;-0.000733397;6.70154;-0.734061;0.807401
3817;0.208624;-1.735;4.96728;1.80687;6.50915;-0.000733402;6.70154;-0.734264;0.807605
3818;0.208624;-1.7352;4.96708;1.80707;6.50935;-0.000733407;6.70154;-0.734468;0.807808
3819;0.208624;-1.7354;4.96687;1.80728;6.50956;-0.000733412;6.70154;-0.734671;0.808012
3820;0.208624;-1.73561;4.96667;1.80748;6.50976;-0.000733418;6.70154;-0.734874;0.808215
3821;0.208624;-1.73581;4.96647;1.80769;6.50996;-0.000733423;6.70154;-0.735077;0.808419
3822;0.208624;-1.73601;4.96626;1.80789;6.51016;-0.000733428;6.70154;-0.73528;0.808623
3823;0.208624;-1.73622;4.96606;1.80809;6.51037;-0.000733434;6.70154;-0.735483;0.808826
3824;0.208625;-1.73642;4.96586;ÿםג.83;6.51057;-0.000733439;6.70154;-0.735686;0.80903
3825;0.208625;-1.73662;4.96565;ÿםג.85;6.51077;-0.000733444;6.70154;-0.735889;0.809233
3826;0.208625;-1.73683;4.96545;ÿםג.87;6.51098;-0.000733449;6.70154;-0.736092;0.809437
3827;0.208625;-1.73703;4.96525;1.80891;6.51118;-0.000733455;6.70154;-0.736295;0.809641
3828;0.208625;-1.73723;4.96504;1.80911;6.51138;-0.00073346;6.70154;-0.736498;0.809844
3829;0.208625;-1.73743;4.96484;1.80931;6.51159;-0.000733465;6.70154;-0.736701;0.810048
3830;0.208625;-1.73764;4.96464;1.80952;6.51179;-0.000733471;6.70154;-0.736904;0.810251
3831;0.208626;-1.73784;4.96443;1.80972;6.51199;-0.000733476;6.70154;-0.737107;0.810455
3832;0.208626;-1.73804;4.96423;1.80993;ט‏ם.22;-0.000733481;6.70154;-0.737311;0.810659
3833;0.208626;-1.73825;4.96402;1.81013;ט‏ם.24;-0.000733486;6.70154;-0.737514;0.810862
3834;0.208626;-1.73845;4.96382;1.81033;ט‏ם.26;-0.000733492;6.70154;-0.737717;0.811066
3835;0.208626;-1.73865;4.96362;1.81054;6.51281;-0.000733497;6.70154;-0.73792;0.811269
3836;0.208626;-1.73886;4.96341;1.81074;6.51301;-0.000733502;6.70154;-0.738123;0.811473
3837;0.208626;-1.73906;4.96321;1.81094;6.51321;-0.000733508;6.70154;-0.738326;0.811677
3838;0.208627;-1.73926;4.96301;1.81115;6.51342;-0.000733513;6.70154;-0.738529;0.81188
3839;0.208627;-1.73947;אןנ.28;1.81135;6.51362;-0.000733518;6.70154;-0.738732;0.812084
3840;0.208627;-1.73967;אןנ.26;1.81155;6.51382;-0.000733523;6.70154;-0.738935;0.812288
3841;0.208627;-1.73987;אןנ.24;1.81176;6.51403;-0.000733529;6.70154;-0.739138;0.812491
3842;0.208627;-1.74007;4.96219;1.81196;6.51423;-0.000733534;6.70154;-0.739341;0.812695
3843;0.208627;-1.74028;4.96199;1.81216;6.51443;-0.000733539;6.70153;-0.739545;0.812898
3844;0.208627;-1.74048;4.96179;1.81237;6.51464;-0.000733544;6.70153;-0.739748;0.813102
3845;0.208628;-1.74068;4.96158;1.81257;6.51484;-0.00073355;6.70153;-0.739951;0.813306
3846;0.208628;-1.74089;4.96138;1.81278;6.51504;-0.000733555;6.70153;-0.740154;0.813509
3847;0.208628;-1.74109;4.96118;1.81298;6.51525;-0.00073356;6.70153;-0.740357;0.813713
3848;0.208628;-1.74129;4.96097;1.81318;6.51545;-0.000733565;6.70153;-0.74056;0.813917
3849;0.208628;-1.7415;4.96077;1.81339;6.51565;-0.000733571;6.70153;-0.740763;0.81412
3850;0.208628;-1.7417;4.96057;1.81359;6.51586;-0.000733576;6.70153;-0.740966;0.814324
3851;0.208628;-1.7419;4.96036;1.81379;6.51606;-0.000733581;6.70153;-0.741169;0.814527
3852;0.208629;-1.74211;4.96016;1.814;6.51626;-0.000733586;6.70153;-0.741372;0.814731
3853;0.208629;-1.74231;4.95996;ÿםג.42;6.51647;-0.000733592;6.70153;-0.741576;0.814935
3854;0.208629;-1.74251;4.95975;ÿםג.44;6.51667;-0.000733597;6.70153;-0.741779;0.815138
3855;0.208629;-1.74272;4.95955;1.81461;6.51687;-0.000733602;6.70153;-0.741982;0.815342
3856;0.208629;-1.74292;4.95935;1.81481;6.51708;-0.000733607;6.70153;-0.742185;0.815546
3857;0.208629;-1.74312;4.95914;1.81502;6.51728;-0.000733613;6.70153;-0.742388;0.815749
3858;0.208629;-1.74332;4.95894;1.81522;6.51748;-0.000733618;6.70153;-0.742591;0.815953
3859;0.20863;-1.74353;4.95873;1.81542;6.51769;-0.000733623;6.70153;-0.742794;0.816157
3860;0.20863;-1.74373;4.95853;1.81563;6.51789;-0.000733628;6.70153;-0.742997;0.81636
3861;0.20863;-1.74393;4.95833;1.81583;6.51809;-0.000733634;6.70153;-0.743201;0.816564
3862;0.20863;-1.74414;4.95812;1.81603;ט‏ם.83;-0.000733639;6.70153;-0.743404;0.816768
3863;0.20863;-1.74434;4.95792;1.81624;ט‏ם.85;-0.000733644;6.70153;-0.743607;0.816971
3864;0.20863;-1.74454;4.95772;1.81644;ט‏ם.87;-0.000733649;6.70153;-0.74381;0.817175
3865;0.20863;-1.74475;4.95751;1.81664;6.51891;-0.000733655;6.70153;-0.744013;0.817379
3866;0.208631;-1.74495;4.95731;1.81685;6.51911;-0.00073366;6.70153;-0.744216;0.817582
3867;0.208631;-1.74515;4.95711;1.81705;6.51931;-0.000733665;6.70153;-0.744419;0.817786
3868;0.208631;-1.74536;אןנ.69;1.81726;6.51952;-0.00073367;6.70153;-0.744623;0.81799
3869;0.208631;-1.74556;אןנ.67;1.81746;6.51972;-0.000733675;6.70153;-0.744826;0.818193
3870;0.208631;-1.74576;אןנ.65;1.81766;6.51992;-0.000733681;6.70153;-0.745029;0.818397
3871;0.208631;-1.74597;4.95629;1.81787;6.52013;-0.000733686;6.70153;-0.745232;0.818601
3872;0.208631;-1.74617;4.95609;1.81807;6.52033;-0.000733691;6.70152;-0.745435;0.818804
3873;0.208632;-1.74637;4.95589;1.81827;6.52053;-0.000733696;6.70152;-0.745638;0.819008
3874;0.208632;-1.74658;4.95568;1.81848;6.52074;-0.000733702;6.70152;-0.745841;0.819212
3875;0.208632;-1.74678;4.95548;1.81868;6.52094;-0.000733707;6.70152;-0.746045;0.819415
3876;0.208632;-1.74698;4.95528;1.81889;6.52114;-0.000733712;6.70152;-0.746248;0.819619
3877;0.208632;-1.74718;4.95507;1.81909;6.52135;-0.000733717;6.70152;-0.746451;0.819823
3878;0.208632;-1.74739;4.95487;1.81929;6.52155;-0.000733722;6.70152;-0.746654;0.820026
3879;0.208633;-1.74759;4.95466;ÿםג.95;6.52175;-0.000733728;6.70152;-0.746857;0.82023
3880;0.208633;-1.74779;4.95446;ÿםג.97;6.52196;-0.000733733;6.70152;-0.74706;0.820434
3881;0.208633;-1.748;4.95426;ÿםג.99;6.52216;-0.000733738;6.70152;-0.747264;0.820637
3882;0.208633;-1.7482;4.95405;1.82011;6.52236;-0.000733743;6.70152;-0.747467;0.820841
3883;0.208633;-1.7484;4.95385;1.82031;6.52257;-0.000733748;6.70152;-0.74767;0.821045
3884;0.208633;-1.74861;4.95365;1.82051;6.52277;-0.000733754;6.70152;-0.747873;0.821248
3885;0.208633;-1.74881;4.95344;1.82072;6.52297;-0.000733759;6.70152;-0.748076;0.821452
3886;0.208634;-1.74901;4.95324;1.82092;6.52318;-0.000733764;6.70152;-0.748279;0.821656
3887;0.208634;-1.74922;4.95304;1.82113;6.52338;-0.000733769;6.70152;-0.748483;0.821859
3888;0.208634;-1.74942;4.95283;1.82133;6.52358;-0.000733774;6.70152;-0.748686;0.822063
3889;0.208634;-1.74962;4.95263;1.82153;6.52379;-0.00073378;6.70152;-0.748889;0.822267
3890;0.208634;-1.74983;4.95243;1.82174;6.52399;-0.000733785;6.70152;-0.749092;0.822471
3891;0.208634;-1.75003;4.95222;1.82194;6.52419;-0.00073379;6.70152;-0.749295;0.822674
3892;0.208634;-1.75023;4.95202;1.82214;ט‏ם.44;-0.000733795;6.70152;-0.749498;0.822878
3893;0.208635;-1.75044;4.95182;1.82235;ט‏ם.46;-0.0007338;6.70152;-0.749702;0.823082
3894;0.208635;-1.75064;4.95161;1.82255;ט‏ם.48;-0.000733805;6.70152;-0.749905;0.823285
3895;0.208635;-1.75084;4.95141;1.82276;6.52501;-0.000733811;6.70152;-0.750108;0.823489
3896;0.208635;-1.75105;4.95121;1.82296;6.52521;-0.000733816;6.70152;-0.750311;0.823693
3897;0.208635;-1.75125;4.951;1.82316;6.52541;-0.000733821;6.70152;-0.750514;0.823896
3898;0.208635;-1.75145;אןנ.08;1.82337;6.52562;-0.000733826;6.70152;-0.750718;0.8241
3899;0.208635;-1.75165;4.95059;1.82357;6.52582;-0.000733831;6.70152;-0.750921;0.824304
3900;0.208636;-1.75186;4.95039;1.82377;6.52602;-0.000733837;6.70151;-0.751124;0.824508
3901;0.208636;-1.75206;4.95019;1.82398;6.52623;-0.000733842;6.70151;-0.751327;0.824711
3902;0.208636;-1.75226;4.94998;1.82418;6.52643;-0.000733847;6.70151;-0.75153;0.824915
3903;0.208636;-1.75247;4.94978;1.82438;6.52663;-0.000733852;6.70151;-0.751734;0.825119
3904;0.208636;-1.75267;4.94958;1.82459;6.52684;-0.000733857;6.70151;-0.751937;0.825322
3905;0.208636;-1.75287;4.94937;1.82479;6.52704;-0.000733862;6.70151;-0.75214;0.825526
3906;0.208636;-1.75308;4.94917;1.825;6.52724;-0.000733868;6.70151;-0.752343;0.82573
3907;0.208637;-1.75328;4.94897;ÿםג.52;6.52745;-0.000733873;6.70151;-0.752546;0.825934
3908;0.208637;-1.75348;4.94876;ÿםג.54;6.52765;-0.000733878;6.70151;-0.75275;0.826137
3909;0.208637;-1.75369;4.94856;1.82561;6.52785;-0.000733883;6.70151;-0.752953;0.826341
3910;0.208637;-1.75389;4.94836;1.82581;6.52806;-0.000733888;6.70151;-0.753156;0.826545
3911;0.208637;-1.75409;4.94815;1.82601;6.52826;-0.000733893;6.70151;-0.753359;0.826749
3912;0.208637;-1.7543;4.94795;1.82622;6.52846;-0.000733898;6.70151;-0.753562;0.826952
3913;0.208637;-1.7545;4.94774;1.82642;6.52867;-0.000733904;6.70151;-0.753766;0.827156
3914;0.208638;-1.7547;4.94754;1.82663;6.52887;-0.000733909;6.70151;-0.753969;0.82736
3915;0.208638;-1.75491;4.94734;1.82683;6.52907;-0.000733914;6.70151;-0.754172;0.827563
3916;0.208638;-1.75511;4.94713;1.82703;6.52928;-0.000733919;6.70151;-0.754375;0.827767
3917;0.208638;-1.75531;4.94693;1.82724;6.52948;-0.000733924;6.70151;-0.754579;0.827971
3918;0.208638;-1.75552;4.94673;1.82744;6.52968;-0.000733929;6.70151;-0.754782;0.828175
3919;0.208638;-1.75572;4.94652;1.82764;6.52989;-0.000733935;6.70151;-0.754985;0.828378
3920;0.208638;-1.75592;4.94632;1.82785;6.53009;-0.00073394;6.70151;-0.755188;0.828582
3921;0.208639;-1.75613;4.94612;1.82805;6.53029;-0.000733945;6.70151;-0.755391;0.828786
3922;0.208639;-1.75633;4.94591;1.82826;ט‏ם.05;-0.00073395;6.70151;-0.755595;0.82899
3923;0.208639;-1.75653;4.94571;1.82846;ט‏ם.07;-0.000733955;6.70151;-0.755798;0.829193
3924;0.208639;-1.75674;4.94551;1.82866;ט‏ם.09;-0.00073396;6.70151;-0.756001;0.829397
3925;0.208639;-1.75694;אןנ.53;1.82887;6.53111;-0.000733965;6.70151;-0.756204;0.829601
3926;0.208639;-1.75714;אןנ.51;1.82907;6.53131;-0.00073397;6.70151;-0.756408;0.829805
3927;0.20864;-1.75734;4.94489;1.82927;6.53151;-0.000733976;6.70151;-0.756611;0.830008
3928;0.20864;-1.75755;4.94469;1.82948;6.53172;-0.000733981;6.70151;-0.756814;0.830212
3929;0.20864;-1.75775;4.94449;1.82968;6.53192;-0.000733986;ט‏ם.15;-0.757017;0.830416
3930;0.20864;-1.75795;4.94428;1.82989;6.53212;-0.000733991;ט‏ם.15;-0.757221;0.83062
3931;0.20864;-1.75816;4.94408;1.83009;6.53233;-0.000733996;ט‏ם.15;-0.757424;0.830823
3932;0.20864;-1.75836;4.94388;1.83029;6.53253;-0.000734001;ט‏ם.15;-0.757627;0.831027
3933;0.20864;-1.75856;4.94367;ÿםג.05;6.53273;-0.000734006;ט‏ם.15;-0.75783;0.831231
3934;0.208641;-1.75877;4.94347;ÿםג.07;6.53294;-0.000734011;ט‏ם.15;-0.758034;0.831435
3935;0.208641;-1.75897;4.94327;ÿםג.09;6.53314;-0.000734017;ט‏ם.15;-0.758237;0.831638
3936;0.208641;-1.75917;4.94306;1.83111;6.53334;-0.000734022;ט‏ם.15;-0.75844;0.831842
3937;0.208641;-1.75938;4.94286;1.83131;6.53355;-0.000734027;ט‏ם.15;-0.758643;0.832046
3938;0.208641;-1.75958;4.94266;1.83152;6.53375;-0.000734032;ט‏ם.15;-0.758847;0.83225
3939;0.208641;-1.75978;4.94245;1.83172;6.53396;-0.000734037;ט‏ם.15;-0.75905;0.832454
3940;0.208641;-1.75999;4.94225;1.83192;6.53416;-0.000734042;ט‏ם.15;-0.759253;0.832657
3941;0.208642;-1.76019;4.94204;1.83213;6.53436;-0.000734047;ט‏ם.15;-0.759456;0.832861
3942;0.208642;-1.76039;4.94184;1.83233;6.53457;-0.000734052;ט‏ם.15;-0.75966;0.833065
3943;0.208642;-1.7606;4.94164;1.83253;6.53477;-0.000734057;ט‏ם.15;-0.759863;0.833269
3944;0.208642;-1.7608;4.94143;1.83274;6.53497;-0.000734063;ט‏ם.15;-0.760066;0.833472
3945;0.208642;-1.761;4.94123;1.83294;6.53518;-0.000734068;ט‏ם.15;-0.760269;0.833676
3946;0.208642;-1.76121;4.94103;1.83315;6.53538;-0.000734073;ט‏ם.15;-0.760473;0.83388
3947;0.208642;-1.76141;4.94082;1.83335;6.53558;-0.000734078;ט‏ם.15;-0.760676;0.834084
3948;0.208643;-1.76161;4.94062;1.83355;6.53579;-0.000734083;ט‏ם.15;-0.760879;0.834288
3949;0.208643;-1.76182;4.94042;1.83376;6.53599;-0.000734088;ט‏ם.15;-0.761083;0.834491
3950;0.208643;-1.76202;4.94021;1.83396;6.53619;-0.000734093;ט‏ם.15;-0.761286;0.834695
3951;0.208643;-1.76222;4.94001;1.83416;ט‏ם.64;-0.000734098;ט‏ם.15;-0.761489;0.834899
3952;0.208643;-1.76243;אןנ.98;1.83437;ט‏ם.66;-0.000734103;ט‏ם.15;-0.761692;0.835103
3953;0.208643;-1.76263;אןנ.96;1.83457;ט‏ם.68;-0.000734108;ט‏ם.15;-0.761896;0.835306
3954;0.208644;-1.76283;אןנ.94;1.83478;6.53701;-0.000734114;ט‏ם.15;-0.762099;0.83551
3955;0.208644;-1.76304;4.93919;1.83498;6.53721;-0.000734119;ט‏ם.15;-0.762302;0.835714
3956;0.208644;-1.76324;4.93899;1.83518;6.53741;-0.000734124;ט‏ם.15;-0.762505;0.835918
3957;0.208644;-1.76344;4.93879;1.83539;6.53762;-0.000734129;ט‏ם.15;-0.762709;0.836122
3958;0.208644;-1.76365;4.93858;1.83559;6.53782;-0.000734134;ט‏ם.15;-0.762912;0.836325
3959;0.208644;-1.76385;4.93838;ÿםג.58;6.53802;-0.000734139;6.70149;-0.763115;0.836529
3960;0.208644;-1.76405;4.93818;1.836;6.53823;-0.000734144;6.70149;-0.763319;0.836733
3961;0.208645;-1.76426;4.93797;ÿםג.62;6.53843;-0.000734149;6.70149;-0.763522;0.836937
3962;0.208645;-1.76446;4.93777;1.83641;6.53863;-0.000734154;6.70149;-0.763725;0.837141
3963;0.208645;-1.76466;4.93756;1.83661;6.53884;-0.000734159;6.70149;-0.763929;0.837344
3964;0.208645;-1.76487;4.93736;1.83681;6.53904;-0.000734164;6.70149;-0.764132;0.837548
3965;0.208645;-1.76507;4.93716;1.83702;6.53924;-0.000734169;6.70149;-0.764335;0.837752
3966;0.208645;-1.76527;4.93695;1.83722;6.53945;-0.000734175;6.70149;-0.764538;0.837956
3967;0.208645;-1.76548;4.93675;1.83743;6.53965;-0.00073418;6.70149;-0.764742;0.83816
3968;0.208646;-1.76568;4.93655;1.83763;6.53986;-0.000734185;6.70149;-0.764945;0.838364
3969;0.208646;-1.76588;4.93634;1.83783;6.54006;-0.00073419;6.70149;-0.765148;0.838567
3970;0.208646;-1.76609;4.93614;1.83804;6.54026;-0.000734195;6.70149;-0.765352;0.838771
3971;0.208646;-1.76629;4.93594;1.83824;6.54047;-0.0007342;6.70149;-0.765555;0.838975
3972;0.208646;-1.76649;4.93573;1.83844;6.54067;-0.000734205;6.70149;-0.765758;0.839179
3973;0.208646;-1.7667;4.93553;1.83865;6.54087;-0.00073421;6.70149;-0.765962;0.839383
3974;0.208646;-1.7669;4.93532;1.83885;6.54108;-0.000734215;6.70149;-0.766165;0.839586
3975;0.208647;-1.7671;4.93512;1.83906;6.54128;-0.00073422;6.70149;-0.766368;0.83979
3976;0.208647;-1.76731;4.93492;1.83926;6.54148;-0.000734225;6.70149;-0.766572;0.839994
3977;0.208647;-1.76751;4.93471;1.83946;6.54169;-0.00073423;6.70149;-0.766775;0.840198
3978;0.208647;-1.76771;4.93451;1.83967;6.54189;-0.000734235;6.70149;-0.766978;0.840402
3979;0.208647;-1.76792;4.93431;1.83987;6.54209;-0.00073424;6.70149;-0.767182;0.840606
3980;0.208647;-1.76812;אןנ.41;1.84008;ט‏ם.23;-0.000734245;6.70149;-0.767385;0.840809
3981;0.208648;-1.76832;אןנ.39;1.84028;ט‏ם.25;-0.00073425;6.70149;-0.767588;0.841013
3982;0.208648;-1.76853;אןנ.37;1.84048;ט‏ם.27;-0.000734255;6.70149;-0.767792;0.841217
3983;0.208648;-1.76873;4.93349;1.84069;6.54291;-0.00073426;6.70149;-0.767995;0.841421
3984;0.208648;-1.76893;4.93329;1.84089;6.54311;-0.000734266;6.70149;-0.768198;0.841625
3985;0.208648;-1.76914;4.93308;1.84109;6.54331;-0.000734271;6.70149;-0.768402;0.841829
3986;0.208648;-1.76934;4.93288;ÿםג.13;6.54352;-0.000734276;6.70149;-0.768605;0.842032
3987;0.208648;-1.76954;4.93268;ÿםג.15;6.54372;-0.000734281;6.70149;-0.768808;0.842236
3988;0.208649;-1.76975;4.93247;1.84171;6.54393;-0.000734286;6.70148;-0.769012;0.84244
3989;0.208649;-1.76995;4.93227;1.84191;6.54413;-0.000734291;6.70148;-0.769215;0.842644
3990;0.208649;-1.77015;4.93207;1.84211;6.54433;-0.000734296;6.70148;-0.769418;0.842848
3991;0.208649;-1.77036;4.93186;1.84232;6.54454;-0.000734301;6.70148;-0.769622;0.843052
3992;0.208649;-1.77056;4.93166;1.84252;6.54474;-0.000734306;6.70148;-0.769825;0.843255
3993;0.208649;-1.77076;4.93146;1.84273;6.54494;-0.000734311;6.70148;-0.770028;0.843459
3994;0.208649;-1.77097;4.93125;1.84293;6.54515;-0.000734316;6.70148;-0.770232;0.843663
3995;0.20865;-1.77117;4.93105;1.84313;6.54535;-0.000734321;6.70148;-0.770435;0.843867
3996;0.20865;-1.77137;4.93084;1.84334;6.54555;-0.000734326;6.70148;-0.770638;0.844071
3997;0.20865;-1.77158;4.93064;1.84354;6.54576;-0.000734331;6.70148;-0.770842;0.844275
3998;0.20865;-1.77178;4.93044;1.84374;6.54596;-0.000734336;6.70148;-0.771045;0.844479
3999;0.20865;-1.77198;4.93023;1.84395;6.54616;-0.000734341;6.70148;-0.771248;0.844682
4000;0.20865;-1.77219;4.93003;1.84415;6.54637;-0.000734346;6.70148;-0.771452;0.844886
4001;0.208651;-1.77239;4.92983;1.84436;6.54657;-0.000734351;6.70148;-0.771655;0.84509
4002;0.208651;-1.77259;4.92962;1.84456;6.54677;-0.000734356;6.70148;-0.771858;0.845294
4003;0.208651;-1.7728;4.92942;1.84476;6.54698;-0.000734361;6.70148;-0.772062;0.845498
4004;0.208651;-1.773;4.92921;1.84497;6.54718;-0.000734366;6.70148;-0.772265;0.845702
4005;0.208651;-1.7732;4.92901;1.84517;6.54738;-0.000734371;6.70148;-0.772469;0.845906
4006;0.208651;-1.77341;4.92881;1.84538;6.54759;-0.000734376;6.70148;-0.772672;0.84611
4007;0.208651;-1.77361;אןנ.86;1.84558;6.54779;-0.000734381;6.70148;-0.772875;0.846313
4008;0.208652;-1.77381;אןנ.84;1.84578;6.548;-0.000734386;6.70148;-0.773079;0.846517
4009;0.208652;-1.77402;אןנ.82;1.84599;ט‏ם.82;-0.000734391;6.70148;-0.773282;0.846721
4010;0.208652;-1.77422;4.92799;1.84619;ט‏ם.84;-0.000734396;6.70148;-0.773485;0.846925
4011;0.208652;-1.77442;4.92779;1.84639;6.54861;-0.000734401;6.70148;-0.773689;0.847129
4012;0.208652;-1.77463;4.92758;ÿםג.66;6.54881;-0.000734406;6.70148;-0.773892;0.847333
4013;0.208652;-1.77483;4.92738;ÿםג.68;6.54901;-0.000734411;6.70148;-0.774096;0.847537
4014;0.208652;-1.77503;4.92718;1.84701;6.54922;-0.000734416;6.70148;-0.774299;0.847741
4015;0.208653;-1.77524;4.92697;1.84721;6.54942;-0.000734421;6.70148;-0.774502;0.847944
4016;0.208653;-1.77544;4.92677;1.84741;6.54962;-0.000734426;6.70148;-0.774706;0.848148
4017;0.208653;-1.77564;4.92657;1.84762;6.54983;-0.000734431;6.70148;-0.774909;0.848352
4018;0.208653;-1.77585;4.92636;1.84782;6.55003;-0.000734436;6.70147;-0.775112;0.848556
4019;0.208653;-1.77605;4.92616;1.84803;6.55023;-0.000734441;6.70147;-0.775316;0.84876
4020;0.208653;-1.77625;4.92596;1.84823;6.55044;-0.000734446;6.70147;-0.775519;0.848964
4021;0.208654;-1.77646;4.92575;1.84843;6.55064;-0.000734451;6.70147;-0.775723;0.849168
4022;0.208654;-1.77666;4.92555;1.84864;6.55085;-0.000734456;6.70147;-0.775926;0.849372
4023;0.208654;-1.77686;4.92534;1.84884;6.55105;-0.000734461;6.70147;-0.776129;0.849576
4024;0.208654;-1.77707;4.92514;1.84904;6.55125;-0.000734466;6.70147;-0.776333;0.849779
4025;0.208654;-1.77727;4.92494;1.84925;6.55146;-0.000734471;6.70147;-0.776536;0.849983
4026;0.208654;-1.77747;4.92473;1.84945;6.55166;-0.000734476;6.70147;-0.77674;0.850187
4027;0.208654;-1.77768;4.92453;1.84966;6.55186;-0.000734481;6.70147;-0.776943;0.850391
4028;0.208655;-1.77788;4.92433;1.84986;6.55207;-0.000734486;6.70147;-0.777146;0.850595
4029;0.208655;-1.77808;4.92412;1.85006;6.55227;-0.000734491;6.70147;-0.77735;0.850799
4030;0.208655;-1.77829;4.92392;1.85027;6.55247;-0.000734496;6.70147;-0.777553;0.851003
4031;0.208655;-1.77849;4.92371;1.85047;6.55268;-0.000734501;6.70147;-0.777757;0.851207
4032;0.208655;-1.77869;4.92351;1.85068;6.55288;-0.000734506;6.70147;-0.77796;0.851411
4033;0.208655;-1.7789;4.92331;1.85088;6.55308;-0.000734511;6.70147;-0.778163;0.851615
4034;0.208655;-1.7791;אןנ.31;1.85108;6.55329;-0.000734516;6.70147;-0.778367;0.851818
4035;0.208656;-1.7793;אןנ.29;1.85129;6.55349;-0.000734521;6.70147;-0.77857;0.852022
4036;0.208656;-1.77951;אןנ.27;1.85149;ט‏ם.37;-0.000734526;6.70147;-0.778774;0.852226
4037;0.208656;-1.77971;4.92249;ÿםג.17;ט‏ם.39;-0.000734531;6.70147;-0.778977;0.85243
4038;0.208656;-1.77992;4.92229;ÿםג.19;ט‏ם.41;-0.000734536;6.70147;-0.779181;0.852634
4039;0.208656;-1.78012;4.92208;ÿםג.21;6.55431;-0.000734541;6.70147;-0.779384;0.852838
4040;0.208656;-1.78032;4.92188;1.85231;6.55451;-0.000734545;6.70147;-0.779587;0.853042
4041;0.208657;-1.78053;4.92168;1.85251;6.55471;-0.00073455;6.70147;-0.779791;0.853246
4042;0.208657;-1.78073;4.92147;1.85272;6.55492;-0.000734555;6.70147;-0.779994;0.85345
4043;0.208657;-1.78093;4.92127;1.85292;6.55512;-0.00073456;6.70147;-0.780198;0.853654
4044;0.208657;-1.78114;4.92107;1.85312;6.55532;-0.000734565;6.70147;-0.780401;0.853858
4045;0.208657;-1.78134;4.92086;1.85333;6.55553;-0.00073457;6.70147;-0.780604;0.854062
4046;0.208657;-1.78154;4.92066;1.85353;6.55573;-0.000734575;6.70147;-0.780808;0.854265
4047;0.208657;-1.78175;4.92045;1.85373;6.55593;-0.00073458;6.70147;-0.781011;0.854469
4048;0.208658;-1.78195;4.92025;1.85394;6.55614;-0.000734585;6.70147;-0.781215;0.854673
4049;0.208658;-1.78215;4.92005;1.85414;6.55634;-0.00073459;6.70146;-0.781418;0.854877
4050;0.208658;-1.78236;4.91984;1.85435;6.55655;-0.000734595;6.70146;-0.781622;0.855081
4051;0.208658;-1.78256;4.91964;1.85455;6.55675;-0.0007346;6.70146;-0.781825;0.855285
4052;0.208658;-1.78276;4.91944;1.85475;6.55695;-0.000734605;6.70146;-0.782029;0.855489
4053;0.208658;-1.78297;4.91923;1.85496;6.55716;-0.00073461;6.70146;-0.782232;0.855693
4054;0.208659;-1.78317;4.91903;1.85516;6.55736;-0.000734615;6.70146;-0.782435;0.855897
4055;0.208659;-1.78337;4.91882;1.85537;6.55756;-0.00073462;6.70146;-0.782639;0.856101
4056;0.208659;-1.78358;4.91862;1.85557;6.55777;-0.000734625;6.70146;-0.782842;0.856305
4057;0.208659;-1.78378;4.91842;1.85577;6.55797;-0.00073463;6.70146;-0.783046;0.856509
4058;0.208659;-1.78398;4.91821;1.85598;6.55817;-0.000734634;6.70146;-0.783249;0.856713
4059;0.208659;-1.78419;4.91801;1.85618;6.55838;-0.000734639;6.70146;-0.783453;0.856917
4060;0.208659;-1.78439;4.91781;1.85639;6.55858;-0.000734644;6.70146;-0.783656;0.857121
4061;0.20866;-1.78459;אןנ.76;1.85659;6.55879;-0.000734649;6.70146;-0.78386;0.857325
4062;0.20866;-1.7848;אןנ.74;1.85679;6.55899;-0.000734654;6.70146;-0.784063;0.857528
4063;0.20866;-1.785;4.91719;1.857;6.55919;-0.000734659;6.70146;-0.784267;0.857732
4064;0.20866;-1.7852;4.91699;ÿםג.72;ט‏ם.94;-0.000734664;6.70146;-0.78447;0.857936
4065;0.20866;-1.78541;4.91679;1.85741;ט‏ם.96;-0.000734669;6.70146;-0.784673;0.85814
4066;0.20866;-1.78561;4.91658;1.85761;ט‏ם.98;-0.000734674;6.70146;-0.784877;0.858344
4067;0.208661;-1.78582;4.91638;1.85781;6.56001;-0.000734679;6.70146;-0.78508;0.858548
4068;0.208661;-1.78602;4.91617;1.85802;6.56021;-0.000734684;6.70146;-0.785284;0.858752
4069;0.208661;-1.78622;4.91597;1.85822;6.56041;-0.000734689;6.70146;-0.785487;0.858956
4070;0.208661;-1.78643;4.91577;1.85843;6.56062;-0.000734694;6.70146;-0.785691;0.85916
4071;0.208661;-1.78663;4.91556;1.85863;6.56082;-0.000734698;6.70146;-0.785894;0.859364
4072;0.208661;-1.78683;4.91536;1.85883;6.56103;-0.000734703;6.70146;-0.786098;0.859568
4073;0.208661;-1.78704;4.91516;1.85904;6.56123;-0.000734708;6.70146;-0.786301;0.859772
4074;0.208662;-1.78724;4.91495;1.85924;6.56143;-0.000734713;6.70146;-0.786505;0.859976
4075;0.208662;-1.78744;4.91475;1.85945;6.56164;-0.000734718;6.70146;-0.786708;0.86018
4076;0.208662;-1.78765;4.91454;1.85965;6.56184;-0.000734723;6.70146;-0.786912;0.860384
4077;0.208662;-1.78785;4.91434;1.85985;6.56204;-0.000734728;6.70146;-0.787115;0.860588
4078;0.208662;-1.78805;4.91414;1.86006;6.56225;-0.000734733;6.70146;-0.787319;0.860792
4079;0.208662;-1.78826;4.91393;1.86026;6.56245;-0.000734738;6.70146;-0.787522;0.860996
4080;0.208663;-1.78846;4.91373;1.86047;6.56265;-0.000734743;6.70145;-0.787726;0.8612
4081;0.208663;-1.78866;4.91353;1.86067;6.56286;-0.000734748;6.70145;-0.787929;0.861404
4082;0.208663;-1.78887;4.91332;1.86087;6.56306;-0.000734752;6.70145;-0.788133;0.861608
4083;0.208663;-1.78907;4.91312;1.86108;6.56327;-0.000734757;6.70145;-0.788336;0.861812
4084;0.208663;-1.78927;4.91291;1.86128;6.56347;-0.000734762;6.70145;-0.78854;0.862016
4085;0.208663;-1.78948;4.91271;1.86148;6.56367;-0.000734767;6.70145;-0.788743;0.86222
4086;0.208663;-1.78968;4.91251;1.86169;6.56388;-0.000734772;6.70145;-0.788947;0.862424
4087;0.208664;-1.78988;אןנ.23;1.86189;6.56408;-0.000734777;6.70145;-0.78915;0.862628
4088;0.208664;-1.79009;אןנ.21;ÿםג.21;6.56428;-0.000734782;6.70145;-0.789353;0.862832
4089;0.208664;-1.79029;4.91189;ÿםג.23;6.56449;-0.000734787;6.70145;-0.789557;0.863036
4090;0.208664;-1.7905;4.91169;ÿםג.25;6.56469;-0.000734792;6.70145;-0.78976;0.86324
4091;0.208664;-1.7907;4.91149;1.86271;6.56489;-0.000734796;6.70145;-0.789964;0.863444
4092;0.208664;-1.7909;4.91128;1.86291;ט‏ם.51;-0.000734801;6.70145;-0.790168;0.863648
4093;0.208664;-1.79111;4.91108;1.86312;ט‏ם.53;-0.000734806;6.70145;-0.790371;0.863852
4094;0.208665;-1.79131;4.91088;1.86332;6.56551;-0.000734811;6.70145;-0.790575;0.864056
4095;0.208665;-1.79151;4.91067;1.86352;6.56571;-0.000734816;6.70145;-0.790778;0.86426
4096;0.208665;-1.79172;4.91047;1.86373;6.56591;-0.000734821;6.70145;-0.790982;0.864464
4097;0.208665;-1.79192;4.91026;1.86393;6.56612;-0.000734826;6.70145;-0.791185;0.864668
4098;0.208665;-1.79212;4.91006;1.86414;6.56632;-0.000734831;6.70145;-0.791389;0.864872
4099;0.208665;-1.79233;4.90986;1.86434;6.56652;-0.000734835;6.70145;-0.791592;0.865076
4100;0.208666;-1.79253;4.90965;1.86454;6.56673;-0.00073484;6.70145;-0.791796;0.86528
4101;0.208666;-1.79273;4.90945;1.86475;6.56693;-0.000734845;6.70145;-0.791999;0.865484
4102;0.208666;-1.79294;4.90924;1.86495;6.56714;-0.00073485;6.70145;-0.792203;0.865688
4103;0.208666;-1.79314;4.90904;1.86516;6.56734;-0.000734855;6.70145;-0.792406;0.865892
4104;0.208666;-1.79334;4.90884;1.86536;6.56754;-0.00073486;6.70145;-0.79261;0.866096
4105;0.208666;-1.79355;4.90863;1.86556;6.56775;-0.000734865;6.70145;-0.792813;0.8663
4106;0.208666;-1.79375;4.90843;1.86577;6.56795;-0.000734869;6.70145;-0.793017;0.866504
4107;0.208667;-1.79396;4.90823;1.86597;6.56815;-0.000734874;6.70145;-0.79322;0.866708
4108;0.208667;-1.79416;4.90802;1.86618;6.56836;-0.000734879;6.70145;-0.793424;0.866912
4109;0.208667;-1.79436;4.90782;1.86638;6.56856;-0.000734884;6.70145;-0.793627;0.867116
4110;0.208667;-1.79457;4.90761;1.86658;6.56876;-0.000734889;6.70145;-0.793831;0.86732
4111;0.208667;-1.79477;4.90741;1.86679;6.56897;-0.000734894;6.70144;-0.794034;0.867524
4112;0.208667;-1.79497;4.90721;1.86699;6.56917;-0.000734899;6.70144;-0.794238;0.867728
4113;0.208668;-1.79518;4.907;ÿםג.72;6.56938;-0.000734903;6.70144;-0.794441;0.867932
4114;0.208668;-1.79538;אןנ.68;ÿםג.74;6.56958;-0.000734908;6.70144;-0.794645;0.868136
4115;0.208668;-1.79558;4.90659;ÿםג.76;6.56978;-0.000734913;6.70144;-0.794849;0.86834
4116;0.208668;-1.79579;4.90639;1.86781;6.56999;-0.000734918;6.70144;-0.795052;0.868544
4117;0.208668;-1.79599;4.90619;1.86801;6.57019;-0.000734923;6.70144;-0.795256;0.868748
4118;0.208668;-1.79619;4.90598;1.86822;6.57039;-0.000734928;6.70144;-0.795459;0.868952
4119;0.208669;-1.7964;4.90578;1.86842;ט‏ם.06;-0.000734933;6.70144;-0.795663;0.869156
4120;0.208669;-1.7966;4.90558;1.86863;ט‏ם.08;-0.000734937;6.70144;-0.795866;0.86936
4121;0.208669;-1.7968;4.90537;1.86883;6.57101;-0.000734942;6.70144;-0.79607;0.869564
4122;0.208669;-1.79701;4.90517;1.86903;6.57121;-0.000734947;6.70144;-0.796273;0.869768
4123;0.208669;-1.79721;4.90496;1.86924;6.57141;-0.000734952;6.70144;-0.796477;0.869972
4124;0.208669;-1.79742;4.90476;1.86944;6.57162;-0.000734957;6.70144;-0.79668;0.870176
4125;0.208669;-1.79762;4.90456;1.86965;6.57182;-0.000734962;6.70144;-0.796884;0.87038
4126;0.20867;-1.79782;4.90435;1.86985;6.57202;-0.000734966;6.70144;-0.797088;0.870584
4127;0.20867;-1.79803;4.90415;1.87005;6.57223;-0.000734971;6.70144;-0.797291;0.870788
4128;0.20867;-1.79823;4.90394;1.87026;6.57243;-0.000734976;6.70144;-0.797495;0.870992
4129;0.20867;-1.79843;4.90374;1.87046;6.57264;-0.000734981;6.70144;-0.797698;0.871196
4130;0.20867;-1.79864;4.90354;1.87067;6.57284;-0.000734986;6.70144;-0.797902;0.8714
4131;0.20867;-1.79884;4.90333;1.87087;6.57304;-0.000734991;6.70144;-0.798105;0.871604
4132;0.208671;-1.79904;4.90313;1.87107;6.57325;-0.000734995;6.70144;-0.798309;0.871809
4133;0.208671;-1.79925;4.90293;1.87128;6.57345;-0.000735;6.70144;-0.798513;0.872013
4134;0.208671;-1.79945;4.90272;1.87148;6.57365;-0.000735005;6.70144;-0.798716;0.872217
4135;0.208671;-1.79965;4.90252;1.87169;6.57386;-0.00073501;6.70144;-0.79892;0.872421
4136;0.208671;-1.79986;4.90231;1.87189;6.57406;-0.000735015;6.70144;-0.799123;0.872625
4137;0.208671;-1.80006;4.90211;1.87209;6.57427;-0.000735019;6.70144;-0.799327;0.872829
4138;0.208671;-1.80027;4.90191;ÿםג.23;6.57447;-0.000735024;6.70144;-0.79953;0.873033
4139;0.208672;-1.80047;אןנ.17;ÿםג.25;6.57467;-0.000735029;6.70144;-0.799734;0.873237
4140;0.208672;-1.80067;אןנ.15;1.87271;6.57488;-0.000735034;6.70144;-0.799938;0.873441
4141;0.208672;-1.80088;4.90129;1.87291;6.57508;-0.000735039;6.70144;-0.800141;0.873645
4142;0.208672;-1.80108;4.90109;1.87311;6.57528;-0.000735043;6.70143;-0.800345;0.873849
4143;0.208672;-1.80128;4.90089;1.87332;6.57549;-0.000735048;6.70143;-0.800548;0.874053
4144;0.208672;-1.80149;4.90068;1.87352;6.57569;-0.000735053;6.70143;-0.800752;0.874257
4145;0.208673;-1.80169;4.90048;1.87373;ט‏ם.59;-0.000735058;6.70143;-0.800955;0.874461
4146;0.208673;-1.80189;4.90027;1.87393;ט‏ם.61;-0.000735063;6.70143;-0.801159;0.874665
4147;0.208673;-1.8021;4.90007;1.87413;ט‏ם.63;-0.000735067;6.70143;-0.801363;0.874869
4148;0.208673;-1.8023;4.89987;1.87434;6.57651;-0.000735072;6.70143;-0.801566;0.875073
4149;0.208673;-1.8025;4.89966;1.87454;6.57671;-0.000735077;6.70143;-0.80177;0.875278
4150;0.208673;-1.80271;4.89946;1.87475;6.57691;-0.000735082;6.70143;-0.801973;0.875482
4151;0.208673;-1.80291;4.89925;1.87495;6.57712;-0.000735087;6.70143;-0.802177;0.875686
4152;0.208674;-1.80312;4.89905;1.87515;6.57732;-0.000735091;6.70143;-0.802381;0.87589
4153;0.208674;-1.80332;4.89885;1.87536;6.57753;-0.000735096;6.70143;-0.802584;0.876094
4154;0.208674;-1.80352;4.89864;1.87556;6.57773;-0.000735101;6.70143;-0.802788;0.876298
4155;0.208674;-1.80373;4.89844;1.87577;6.57793;-0.000735106;6.70143;-0.802991;0.876502
4156;0.208674;-1.80393;4.89824;1.87597;6.57814;-0.000735111;6.70143;-0.803195;0.876706
4157;0.208674;-1.80413;4.89803;1.87618;6.57834;-0.000735115;6.70143;-0.803399;0.87691
4158;0.208675;-1.80434;4.89783;1.87638;6.57854;-0.00073512;6.70143;-0.803602;0.877114
4159;0.208675;-1.80454;4.89762;1.87658;6.57875;-0.000735125;6.70143;-0.803806;0.877318
4160;0.208675;-1.80474;4.89742;1.87679;6.57895;-0.00073513;6.70143;-0.804009;0.877522
4161;0.208675;-1.80495;4.89722;1.87699;6.57916;-0.000735135;6.70143;-0.804213;0.877727
4162;0.208675;-1.80515;4.89701;ÿםג.72;6.57936;-0.000735139;6.70143;-0.804417;0.877931
4163;0.208675;-1.80536;4.89681;ÿםג.74;6.57956;-0.000735144;6.70143;-0.80462;0.878135
4164;0.208675;-1.80556;אןנ.66;ÿםג.76;6.57977;-0.000735149;6.70143;-0.804824;0.878339
4165;0.208676;-1.80576;אןנ.64;1.87781;6.57997;-0.000735154;6.70143;-0.805028;0.878543
4166;0.208676;-1.80597;אןנ.62;1.87801;6.58017;-0.000735158;6.70143;-0.805231;0.878747
4167;0.208676;-1.80617;4.89599;1.87822;6.58038;-0.000735163;6.70143;-0.805435;0.878951
4168;0.208676;-1.80637;4.89579;1.87842;6.58058;-0.000735168;6.70143;-0.805638;0.879155
4169;0.208676;-1.80658;4.89558;1.87862;6.58079;-0.000735173;6.70143;-0.805842;0.879359
4170;0.208676;-1.80678;4.89538;1.87883;6.58099;-0.000735178;6.70143;-0.806046;0.879563
4171;0.208677;-1.80698;4.89518;1.87903;6.58119;-0.000735182;6.70143;-0.806249;0.879768
4172;0.208677;-1.80719;4.89497;1.87924;ט‏ם.14;-0.000735187;6.70143;-0.806453;0.879972
4173;0.208677;-1.80739;4.89477;1.87944;ט‏ם.16;-0.000735192;6.70143;-0.806657;0.880176
4174;0.208677;-1.8076;4.89456;1.87964;ט‏ם.18;-0.000735197;6.70142;-0.80686;0.88038
4175;0.208677;-1.8078;4.89436;1.87985;6.58201;-0.000735201;6.70142;-0.807064;0.880584
4176;0.208677;-1.808;4.89416;1.88005;6.58221;-0.000735206;6.70142;-0.807267;0.880788
4177;0.208678;-1.80821;4.89395;1.88026;6.58242;-0.000735211;6.70142;-0.807471;0.880992
4178;0.208678;-1.80841;4.89375;1.88046;6.58262;-0.000735216;6.70142;-0.807675;0.881196
4179;0.208678;-1.80861;4.89354;1.88067;6.58282;-0.00073522;6.70142;-0.807878;0.8814
4180;0.208678;-1.80882;4.89334;1.88087;6.58303;-0.000735225;6.70142;-0.808082;0.881605
4181;0.208678;-1.80902;4.89314;1.88107;6.58323;-0.00073523;6.70142;-0.808286;0.881809
4182;0.208678;-1.80922;4.89293;1.88128;6.58344;-0.000735235;6.70142;-0.808489;0.882013
4183;0.208678;-1.80943;4.89273;1.88148;6.58364;-0.000735239;6.70142;-0.808693;0.882217
4184;0.208679;-1.80963;4.89253;1.88169;6.58384;-0.000735244;6.70142;-0.808897;0.882421
4185;0.208679;-1.80984;4.89232;1.88189;6.58405;-0.000735249;6.70142;-0.8091;0.882625
4186;0.208679;-1.81004;4.89212;1.88209;6.58425;-0.000735254;6.70142;-0.809304;0.882829
4187;0.208679;-1.81024;4.89191;ÿםג.23;6.58445;-0.000735258;6.70142;-0.809508;0.883033
4188;0.208679;-1.81045;4.89171;ÿםג.25;6.58466;-0.000735263;6.70142;-0.809711;0.883238
4189;0.208679;-1.81065;4.89151;1.88271;6.58486;-0.000735268;6.70142;-0.809915;0.883442
4190;0.20868;-1.81085;אןנ.13;1.88291;6.58507;-0.000735273;6.70142;-0.810119;0.883646
4191;0.20868;-1.81106;אןנ.11;1.88311;6.58527;-0.000735277;6.70142;-0.810322;0.88385
4192;0.20868;-1.81126;4.89089;1.88332;6.58547;-0.000735282;6.70142;-0.810526;0.884054
4193;0.20868;-1.81146;4.89069;1.88352;6.58568;-0.000735287;6.70142;-0.810729;0.884258
4194;0.20868;-1.81167;4.89049;1.88373;6.58588;-0.000735292;6.70142;-0.810933;0.884462
4195;0.20868;-1.81187;4.89028;1.88393;6.58608;-0.000735296;6.70142;-0.811137;0.884666
4196;0.20868;-1.81208;4.89008;1.88414;6.58629;-0.000735301;6.70142;-0.81134;0.884871
4197;0.208681;-1.81228;4.88987;1.88434;6.58649;-0.000735306;6.70142;-0.811544;0.885075
4198;0.208681;-1.81248;4.88967;1.88454;ט‏ם.67;-0.00073531;6.70142;-0.811748;0.885279
4199;0.208681;-1.81269;4.88947;1.88475;ט‏ם.69;-0.000735315;6.70142;-0.811951;0.885483
4200;0.208681;-1.81289;4.88926;1.88495;ט‏ם.71;-0.00073532;6.70142;-0.812155;0.885687
4201;0.208681;-1.81309;4.88906;1.88516;6.58731;-0.000735325;6.70142;-0.812359;0.885891
4202;0.208681;-1.8133;4.88885;1.88536;6.58751;-0.000735329;6.70142;-0.812562;0.886095
4203;0.208682;-1.8135;4.88865;1.88556;6.58772;-0.000735334;6.70142;-0.812766;0.8863
4204;0.208682;-1.81371;4.88845;1.88577;6.58792;-0.000735339;6.70142;-0.81297;0.886504
4205;0.208682;-1.81391;4.88824;1.88597;6.58812;-0.000735344;6.70142;-0.813174;0.886708
4206;0.208682;-1.81411;4.88804;1.88618;6.58833;-0.000735348;6.70141;-0.813377;0.886912
4207;0.208682;-1.81432;4.88783;1.88638;6.58853;-0.000735353;6.70141;-0.813581;0.887116
4208;0.208682;-1.81452;4.88763;1.88658;6.58873;-0.000735358;6.70141;-0.813785;0.88732
4209;0.208683;-1.81472;4.88743;1.88679;6.58894;-0.000735362;6.70141;-0.813988;0.887525
4210;0.208683;-1.81493;4.88722;1.88699;6.58914;-0.000735367;6.70141;-0.814192;0.887729
4211;0.208683;-1.81513;4.88702;ÿםג.72;6.58935;-0.000735372;6.70141;-0.814396;0.887933
4212;0.208683;-1.81533;4.88681;ÿםג.74;6.58955;-0.000735376;6.70141;-0.814599;0.888137
4213;0.208683;-1.81554;4.88661;1.88761;6.58975;-0.000735381;6.70141;-0.814803;0.888341
4214;0.208683;-1.81574;4.88641;1.88781;6.58996;-0.000735386;6.70141;-0.815007;0.888545
4215;0.208683;-1.81595;אןנ.62;1.88801;6.59016;-0.000735391;6.70141;-0.81521;0.888749
4216;0.208684;-1.81615;4.886;1.88822;6.59037;-0.000735395;6.70141;-0.815414;0.888954
4217;0.208684;-1.81635;4.88579;1.88842;6.59057;-0.0007354;6.70141;-0.815618;0.889158
4218;0.208684;-1.81656;4.88559;1.88863;6.59077;-0.000735405;6.70141;-0.815822;0.889362
4219;0.208684;-1.81676;4.88539;1.88883;6.59098;-0.000735409;6.70141;-0.816025;0.889566
4220;0.208684;-1.81696;4.88518;1.88903;6.59118;-0.000735414;6.70141;-0.816229;0.88977
4221;0.208684;-1.81717;4.88498;1.88924;6.59138;-0.000735419;6.70141;-0.816433;0.889974
4222;0.208685;-1.81737;4.88477;1.88944;6.59159;-0.000735424;6.70141;-0.816636;0.890179
4223;0.208685;-1.81758;4.88457;1.88965;6.59179;-0.000735428;6.70141;-0.81684;0.890383
4224;0.208685;-1.81778;4.88437;1.88985;6.592;-0.000735433;6.70141;-0.817044;0.890587
4225;0.208685;-1.81798;4.88416;1.89006;ט‏ם.22;-0.000735438;6.70141;-0.817247;0.890791
4226;0.208685;-1.81819;4.88396;1.89026;ט‏ם.24;-0.000735442;6.70141;-0.817451;0.890995
4227;0.208685;-1.81839;4.88375;1.89046;6.59261;-0.000735447;6.70141;-0.817655;0.8912
4228;0.208685;-1.81859;4.88355;1.89067;6.59281;-0.000735452;6.70141;-0.817859;0.891404
4229;0.208686;-1.8188;4.88335;1.89087;6.59302;-0.000735456;6.70141;-0.818062;0.891608
4230;0.208686;-1.819;4.88314;1.89108;6.59322;-0.000735461;6.70141;-0.818266;0.891812
4231;0.208686;-1.81921;4.88294;1.89128;6.59342;-0.000735466;6.70141;-0.81847;0.892016
4232;0.208686;-1.81941;4.88273;1.89149;6.59363;-0.00073547;6.70141;-0.818673;0.89222
4233;0.208686;-1.81961;4.88253;1.89169;6.59383;-0.000735475;6.70141;-0.818877;0.892425
4234;0.208686;-1.81982;4.88233;1.89189;6.59404;-0.00073548;6.70141;-0.819081;0.892629
4235;0.208687;-1.82002;4.88212;ÿםג.21;6.59424;-0.000735484;6.70141;-0.819285;0.892833
4236;0.208687;-1.82022;4.88192;ÿםג.23;6.59444;-0.000735489;6.70141;-0.819488;0.893037
4237;0.208687;-1.82043;4.88171;1.89251;6.59465;-0.000735494;6.70141;-0.819692;0.893241
4238;0.208687;-1.82063;4.88151;1.89271;6.59485;-0.000735498;6.70141;-0.819896;0.893446
4239;0.208687;-1.82084;4.88131;1.89291;6.59505;-0.000735503;ט‏ם.14;-0.8201;0.89365
4240;0.208687;-1.82104;אןנ.11;1.89312;6.59526;-0.000735508;ט‏ם.14;-0.820303;0.893854
4241;0.208688;-1.82124;אןנ.09;1.89332;6.59546;-0.000735512;ט‏ם.14;-0.820507;0.894058
4242;0.208688;-1.82145;4.88069;1.89353;6.59567;-0.000735517;ט‏ם.14;-0.820711;0.894262
4243;0.208688;-1.82165;4.88049;1.89373;6.59587;-0.000735522;ט‏ם.14;-0.820914;0.894467
4244;0.208688;-1.82185;4.88029;1.89394;6.59607;-0.000735526;ט‏ם.14;-0.821118;0.894671
4245;0.208688;-1.82206;4.88008;1.89414;6.59628;-0.000735531;ט‏ם.14;-0.821322;0.894875
4246;0.208688;-1.82226;4.87988;1.89434;6.59648;-0.000735536;ט‏ם.14;-0.821526;0.895079
4247;0.208688;-1.82246;4.87967;1.89455;6.59669;-0.00073554;ט‏ם.14;-0.821729;0.895283
4248;0.208689;-1.82267;4.87947;1.89475;6.59689;-0.000735545;ט‏ם.14;-0.821933;0.895488
4249;0.208689;-1.82287;4.87926;1.89496;6.59709;-0.00073555;ט‏ם.14;-0.822137;0.895692
4250;0.208689;-1.82308;4.87906;1.89516;ט‏ם.73;-0.000735554;ט‏ם.14;-0.822341;0.895896
4251;0.208689;-1.82328;4.87886;1.89536;ט‏ם.75;-0.000735559;ט‏ם.14;-0.822544;0.8961
4252;0.208689;-1.82348;4.87865;1.89557;6.59771;-0.000735564;ט‏ם.14;-0.822748;0.896305
4253;0.208689;-1.82369;4.87845;1.89577;6.59791;-0.000735568;ט‏ם.14;-0.822952;0.896509
4254;0.20869;-1.82389;4.87824;1.89598;6.59811;-0.000735573;ט‏ם.14;-0.823156;0.896713
4255;0.20869;-1.8241;4.87804;1.89618;6.59832;-0.000735578;ט‏ם.14;-0.823359;0.896917
4256;0.20869;-1.8243;4.87784;1.89639;6.59852;-0.000735582;ט‏ם.14;-0.823563;0.897121
4257;0.20869;-1.8245;4.87763;1.89659;6.59872;-0.000735587;ט‏ם.14;-0.823767;0.897326
4258;0.20869;-1.82471;4.87743;1.89679;6.59893;-0.000735592;ט‏ם.14;-0.823971;0.89753
4259;0.20869;-1.82491;4.87722;1.897;6.59913;-0.000735596;ט‏ם.14;-0.824174;0.897734
4260;0.208691;-1.82511;4.87702;ÿםג.72;6.59934;-0.000735601;ט‏ם.14;-0.824378;0.897938
4261;0.208691;-1.82532;4.87682;1.89741;6.59954;-0.000735605;ט‏ם.14;-0.824582;0.898143
4262;0.208691;-1.82552;4.87661;1.89761;6.59974;-0.00073561;ט‏ם.14;-0.824786;0.898347
4263;0.208691;-1.82573;4.87641;1.89782;6.59995;-0.000735615;ט‏ם.14;-0.82499;0.898551
4264;0.208691;-1.82593;אןנ.62;1.89802;6.60015;-0.000735619;ט‏ם.14;-0.825193;0.898755
4265;0.208691;-1.82613;4.876;1.89822;6.60036;-0.000735624;ט‏ם.14;-0.825397;0.898959
4266;0.208691;-1.82634;אןנ.58;1.89843;6.60056;-0.000735629;ט‏ם.14;-0.825601;0.899164
4267;0.208692;-1.82654;4.87559;1.89863;6.60076;-0.000735633;ט‏ם.14;-0.825805;0.899368
4268;0.208692;-1.82674;4.87539;1.89884;6.60097;-0.000735638;ט‏ם.14;-0.826008;0.899572
4269;0.208692;-1.82695;4.87518;1.89904;6.60117;-0.000735643;ט‏ם.14;-0.826212;0.899776
4270;0.208692;-1.82715;4.87498;1.89925;6.60138;-0.000735647;ט‏ם.14;-0.826416;0.899981
4271;0.208692;-1.82736;4.87478;1.89945;6.60158;-0.000735652;ט‏ם.14;-0.82662;0.900185
4272;0.208692;-1.82756;4.87457;1.89965;6.60178;-0.000735656;6.70139;-0.826824;0.900389
4273;0.208693;-1.82776;4.87437;1.89986;6.60199;-0.000735661;6.70139;-0.827027;0.900593
4274;0.208693;-1.82797;4.87416;1.90006;6.60219;-0.000735666;6.70139;-0.827231;0.900798
4275;0.208693;-1.82817;4.87396;1.90027;ט‏ם.24;-0.00073567;6.70139;-0.827435;0.901002
4276;0.208693;-1.82837;4.87375;1.90047;ט‏ם.26;-0.000735675;6.70139;-0.827639;0.901206
4277;0.208693;-1.82858;4.87355;1.90067;ט‏ם.28;-0.00073568;6.70139;-0.827842;0.90141
4278;0.208693;-1.82878;4.87335;1.90088;6.60301;-0.000735684;6.70139;-0.828046;0.901615
4279;0.208694;-1.82899;4.87314;1.90108;6.60321;-0.000735689;6.70139;-0.82825;0.901819
4280;0.208694;-1.82919;4.87294;1.90129;6.60342;-0.000735693;6.70139;-0.828454;0.902023
4281;0.208694;-1.82939;4.87273;1.90149;6.60362;-0.000735698;6.70139;-0.828658;0.902227
4282;0.208694;-1.8296;4.87253;ÿםג.17;6.60382;-0.000735703;6.70139;-0.828861;0.902432
4283;0.208694;-1.8298;4.87233;ÿםג.19;6.60403;-0.000735707;6.70139;-0.829065;0.902636
4284;0.208694;-1.83;4.87212;ÿםג.21;6.60423;-0.000735712;6.70139;-0.829269;0.90284
4285;0.208694;-1.83021;4.87192;1.90231;6.60444;-0.000735716;6.70139;-0.829473;0.903044
4286;0.208695;-1.83041;4.87171;1.90251;6.60464;-0.000735721;6.70139;-0.829677;0.903249
4287;0.208695;-1.83062;4.87151;1.90272;6.60484;-0.000735726;6.70139;-0.82988;0.903453
4288;0.208695;-1.83082;4.87131;1.90292;6.60505;-0.00073573;6.70139;-0.830084;0.903657
4289;0.208695;-1.83102;אןנ.11;1.90313;6.60525;-0.000735735;6.70139;-0.830288;0.903861
4290;0.208695;-1.83123;אןנ.09;1.90333;6.60546;-0.000735739;6.70139;-0.830492;0.904066
4291;0.208695;-1.83143;4.87069;1.90353;6.60566;-0.000735744;6.70139;-0.830696;0.90427
4292;0.208696;-1.83164;4.87049;1.90374;6.60586;-0.000735749;6.70139;-0.830899;0.904474
4293;0.208696;-1.83184;4.87029;1.90394;6.60607;-0.000735753;6.70139;-0.831103;0.904679
4294;0.208696;-1.83204;4.87008;1.90415;6.60627;-0.000735758;6.70139;-0.831307;0.904883
4295;0.208696;-1.83225;4.86988;1.90435;6.60648;-0.000735762;6.70139;-0.831511;0.905087
4296;0.208696;-1.83245;4.86967;1.90456;6.60668;-0.000735767;6.70139;-0.831715;0.905291
4297;0.208696;-1.83265;4.86947;1.90476;6.60688;-0.000735772;6.70139;-0.831919;0.905496
4298;0.208697;-1.83286;4.86926;1.90496;6.60709;-0.000735776;6.70139;-0.832122;0.9057
4299;0.208697;-1.83306;4.86906;1.90517;6.60729;-0.000735781;6.70139;-0.832326;0.905904
4300;0.208697;-1.83327;4.86886;1.90537;6.60749;-0.000735785;6.70139;-0.83253;0.906108
4301;0.208697;-1.83347;4.86865;1.90558;ט‏ם.77;-0.00073579;6.70139;-0.832734;0.906313
4302;0.208697;-1.83367;4.86845;1.90578;ט‏ם.79;-0.000735795;6.70139;-0.832938;0.906517
4303;0.208697;-1.83388;4.86824;1.90599;6.60811;-0.000735799;6.70139;-0.833141;0.906721
4304;0.208697;-1.83408;4.86804;1.90619;6.60831;-0.000735804;6.70139;-0.833345;0.906926
4305;0.208698;-1.83428;4.86784;1.90639;6.60851;-0.000735808;6.70138;-0.833549;0.90713
4306;0.208698;-1.83449;4.86763;ÿםג.66;6.60872;-0.000735813;6.70138;-0.833753;0.907334
4307;0.208698;-1.83469;4.86743;ÿםג.68;6.60892;-0.000735817;6.70138;-0.833957;0.907539
4308;0.208698;-1.8349;4.86722;1.90701;6.60913;-0.000735822;6.70138;-0.834161;0.907743
4309;0.208698;-1.8351;4.86702;1.90721;6.60933;-0.000735827;6.70138;-0.834364;0.907947
4310;0.208698;-1.8353;4.86682;1.90742;6.60953;-0.000735831;6.70138;-0.834568;0.908151
4311;0.208699;-1.83551;4.86661;1.90762;6.60974;-0.000735836;6.70138;-0.834772;0.908356
4312;0.208699;-1.83571;4.86641;1.90782;6.60994;-0.00073584;6.70138;-0.834976;0.90856
4313;0.208699;-1.83592;אןנ.62;1.90803;6.61015;-0.000735845;6.70138;-0.83518;0.908764
4314;0.208699;-1.83612;4.866;1.90823;6.61035;-0.000735849;6.70138;-0.835384;0.908969
4315;0.208699;-1.83632;4.86579;1.90844;6.61055;-0.000735854;6.70138;-0.835587;0.909173
4316;0.208699;-1.83653;4.86559;1.90864;6.61076;-0.000735859;6.70138;-0.835791;0.909377
4317;0.2087;-1.83673;4.86539;1.90885;6.61096;-0.000735863;6.70138;-0.835995;0.909581
4318;0.2087;-1.83693;4.86518;1.90905;6.61117;-0.000735868;6.70138;-0.836199;0.909786
4319;0.2087;-1.83714;4.86498;1.90925;6.61137;-0.000735872;6.70138;-0.836403;0.90999
4320;0.2087;-1.83734;4.86477;1.90946;6.61157;-0.000735877;6.70138;-0.836607;0.910194
4321;0.2087;-1.83755;4.86457;1.90966;6.61178;-0.000735881;6.70138;-0.836811;0.910399
4322;0.2087;-1.83775;4.86437;1.90987;6.61198;-0.000735886;6.70138;-0.837014;0.910603
4323;0.2087;-1.83795;4.86416;1.91007;6.61219;-0.00073589;6.70138;-0.837218;0.910807
4324;0.208701;-1.83816;4.86396;1.91028;6.61239;-0.000735895;6.70138;-0.837422;0.911012
4325;0.208701;-1.83836;4.86375;1.91048;ט‏ם.26;-0.0007359;6.70138;-0.837626;0.911216
4326;0.208701;-1.83857;4.86355;1.91068;ט‏ם.28;-0.000735904;6.70138;-0.83783;0.91142
4327;0.208701;-1.83877;4.86334;1.91089;6.613;-0.000735909;6.70138;-0.838034;0.911625
4328;0.208701;-1.83897;4.86314;1.91109;6.61321;-0.000735913;6.70138;-0.838238;0.911829
4329;0.208701;-1.83918;4.86294;ÿםג.13;6.61341;-0.000735918;6.70138;-0.838441;0.912033
4330;0.208702;-1.83938;4.86273;ÿםג.15;6.61362;-0.000735922;6.70138;-0.838645;0.912238
4331;0.208702;-1.83959;4.86253;1.91171;6.61382;-0.000735927;6.70138;-0.838849;0.912442
4332;0.208702;-1.83979;4.86232;1.91191;6.61402;-0.000735931;6.70138;-0.839053;0.912646
4333;0.208702;-1.83999;4.86212;1.91211;6.61423;-0.000735936;6.70138;-0.839257;0.912851
4334;0.208702;-1.8402;4.86192;1.91232;6.61443;-0.00073594;6.70138;-0.839461;0.913055
4335;0.208702;-1.8404;4.86171;1.91252;6.61464;-0.000735945;6.70138;-0.839665;0.913259
4336;0.208703;-1.8406;4.86151;1.91273;6.61484;-0.00073595;6.70138;-0.839869;0.913464
4337;0.208703;-1.84081;אןנ.13;1.91293;6.61504;-0.000735954;6.70138;-0.840072;0.913668
4338;0.208703;-1.84101;אןנ.11;1.91314;6.61525;-0.000735959;6.70138;-0.840276;0.913872
4339;0.208703;-1.84122;4.86089;1.91334;6.61545;-0.000735963;6.70137;-0.84048;0.914077
4340;0.208703;-1.84142;4.86069;1.91354;6.61566;-0.000735968;6.70137;-0.840684;0.914281
4341;0.208703;-1.84162;4.86049;1.91375;6.61586;-0.000735972;6.70137;-0.840888;0.914485
4342;0.208704;-1.84183;4.86028;1.91395;6.61606;-0.000735977;6.70137;-0.841092;0.91469
4343;0.208704;-1.84203;4.86008;1.91416;6.61627;-0.000735981;6.70137;-0.841296;0.914894
4344;0.208704;-1.84224;4.85987;1.91436;6.61647;-0.000735986;6.70137;-0.8415;0.915098
4345;0.208704;-1.84244;4.85967;1.91457;6.61668;-0.00073599;6.70137;-0.841703;0.915303
4346;0.208704;-1.84264;4.85947;1.91477;6.61688;-0.000735995;6.70137;-0.841907;0.915507
4347;0.208704;-1.84285;4.85926;1.91498;6.61708;-0.000735999;6.70137;-0.842111;0.915711
4348;0.208704;-1.84305;4.85906;1.91518;6.61729;-0.000736004;6.70137;-0.842315;0.915916
4349;0.208705;-1.84326;4.85885;1.91538;6.61749;-0.000736008;6.70137;-0.842519;0.91612
4350;0.208705;-1.84346;4.85865;1.91559;ט‏ם.77;-0.000736013;6.70137;-0.842723;0.916324
4351;0.208705;-1.84366;4.85844;1.91579;ט‏ם.79;-0.000736017;6.70137;-0.842927;0.916529
4352;0.208705;-1.84387;4.85824;1.916;ט‏ם.81;-0.000736022;6.70137;-0.843131;0.916733
4353;0.208705;-1.84407;4.85804;ÿםג.62;6.61831;-0.000736026;6.70137;-0.843335;0.916937
4354;0.208705;-1.84427;4.85783;1.91641;6.61851;-0.000736031;6.70137;-0.843539;0.917142
4355;0.208706;-1.84448;4.85763;1.91661;6.61872;-0.000736035;6.70137;-0.843742;0.917346
4356;0.208706;-1.84468;4.85742;1.91681;6.61892;-0.00073604;6.70137;-0.843946;0.91755
4357;0.208706;-1.84489;4.85722;1.91702;6.61912;-0.000736045;6.70137;-0.84415;0.917755
4358;0.208706;-1.84509;4.85702;1.91722;6.61933;-0.000736049;6.70137;-0.844354;0.917959
4359;0.208706;-1.84529;4.85681;1.91743;6.61953;-0.000736054;6.70137;-0.844558;0.918163
4360;0.208706;-1.8455;4.85661;1.91763;6.61974;-0.000736058;6.70137;-0.844762;0.918368
4361;0.208707;-1.8457;אןנ.64;1.91784;6.61994;-0.000736063;6.70137;-0.844966;0.918572
4362;0.208707;-1.84591;אןנ.62;1.91804;6.62014;-0.000736067;6.70137;-0.84517;0.918777
4363;0.208707;-1.84611;4.85599;1.91824;6.62035;-0.000736072;6.70137;-0.845374;0.918981
4364;0.208707;-1.84631;4.85579;1.91845;6.62055;-0.000736076;6.70137;-0.845578;0.919185
4365;0.208707;-1.84652;4.85559;1.91865;6.62076;-0.000736081;6.70137;-0.845782;0.91939
4366;0.208707;-1.84672;4.85538;1.91886;6.62096;-0.000736085;6.70137;-0.845985;0.919594
4367;0.208707;-1.84693;4.85518;1.91906;6.62117;-0.00073609;6.70137;-0.846189;0.919798
4368;0.208708;-1.84713;4.85497;1.91927;6.62137;-0.000736094;6.70137;-0.846393;0.920003
4369;0.208708;-1.84733;4.85477;1.91947;6.62157;-0.000736099;6.70137;-0.846597;0.920207
4370;0.208708;-1.84754;4.85456;1.91968;6.62178;-0.000736103;6.70137;-0.846801;0.920411
4371;0.208708;-1.84774;4.85436;1.91988;6.62198;-0.000736107;6.70137;-0.847005;0.920616
4372;0.208708;-1.84795;4.85416;1.92008;6.62219;-0.000736112;6.70137;-0.847209;0.92082
4373;0.208708;-1.84815;4.85395;1.92029;6.62239;-0.000736116;6.70137;-0.847413;0.921025
4374;0.208709;-1.84835;4.85375;1.92049;6.62259;-0.000736121;6.70136;-0.847617;0.921229
4375;0.208709;-1.84856;4.85354;ÿםג.07;ט‏ם.28;-0.000736125;6.70136;-0.847821;0.921433
4376;0.208709;-1.84876;4.85334;ÿםג.09;6.623;-0.00073613;6.70136;-0.848025;0.921638
4377;0.208709;-1.84896;4.85314;1.92111;6.62321;-0.000736134;6.70136;-0.848229;0.921842
4378;0.208709;-1.84917;4.85293;1.92131;6.62341;-0.000736139;6.70136;-0.848433;0.922047
4379;0.208709;-1.84937;4.85273;1.92151;6.62361;-0.000736143;6.70136;-0.848637;0.922251
4380;0.20871;-1.84958;4.85252;1.92172;6.62382;-0.000736148;6.70136;-0.848841;0.922455
4381;0.20871;-1.84978;4.85232;1.92192;6.62402;-0.000736152;6.70136;-0.849044;0.92266
4382;0.20871;-1.84998;4.85211;1.92213;6.62423;-0.000736157;6.70136;-0.849248;0.922864
4383;0.20871;-1.85019;4.85191;1.92233;6.62443;-0.000736161;6.70136;-0.849452;0.923068
4384;0.20871;-1.85039;4.85171;1.92254;6.62463;-0.000736166;6.70136;-0.849656;0.923273
4385;0.20871;-1.8506;אןנ.15;1.92274;6.62484;-0.00073617;6.70136;-0.84986;0.923477
4386;0.208711;-1.8508;אןנ.13;1.92295;6.62504;-0.000736175;6.70136;-0.850064;0.923682
4387;0.208711;-1.851;4.85109;1.92315;6.62525;-0.000736179;6.70136;-0.850268;0.923886
4388;0.208711;-1.85121;4.85089;1.92335;6.62545;-0.000736184;6.70136;-0.850472;0.92409
4389;0.208711;-1.85141;4.85068;1.92356;6.62566;-0.000736188;6.70136;-0.850676;0.924295
4390;0.208711;-1.85162;4.85048;1.92376;6.62586;-0.000736193;6.70136;-0.85088;0.924499
4391;0.208711;-1.85182;4.85028;1.92397;6.62606;-0.000736197;6.70136;-0.851084;0.924704
4392;0.208711;-1.85202;4.85007;1.92417;6.62627;-0.000736201;6.70136;-0.851288;0.924908
4393;0.208712;-1.85223;4.84987;1.92438;6.62647;-0.000736206;6.70136;-0.851492;0.925112
4394;0.208712;-1.85243;4.84966;1.92458;6.62668;-0.00073621;6.70136;-0.851696;0.925317
4395;0.208712;-1.85264;4.84946;1.92479;6.62688;-0.000736215;6.70136;-0.8519;0.925521
4396;0.208712;-1.85284;4.84925;1.92499;6.62708;-0.000736219;6.70136;-0.852104;0.925726
4397;0.208712;-1.85304;4.84905;1.92519;6.62729;-0.000736224;6.70136;-0.852308;0.92593
4398;0.208712;-1.85325;4.84885;ÿםג.54;6.62749;-0.000736228;6.70136;-0.852512;0.926135
4399;0.208713;-1.85345;4.84864;ÿםג.56;ט‏ם.77;-0.000736233;6.70136;-0.852716;0.926339
4400;0.208713;-1.85366;4.84844;1.92581;ט‏ם.79;-0.000736237;6.70136;-0.85292;0.926543
4401;0.208713;-1.85386;4.84823;1.92601;ט‏ם.81;-0.000736242;6.70136;-0.853124;0.926748
4402;0.208713;-1.85406;4.84803;1.92622;6.62831;-0.000736246;6.70136;-0.853328;0.926952
4403;0.208713;-1.85427;4.84782;1.92642;6.62851;-0.00073625;6.70136;-0.853532;0.927157
4404;0.208713;-1.85447;4.84762;1.92662;6.62872;-0.000736255;6.70136;-0.853736;0.927361
4405;0.208714;-1.85468;4.84742;1.92683;6.62892;-0.000736259;6.70136;-0.853939;0.927565
4406;0.208714;-1.85488;4.84721;1.92703;6.62913;-0.000736264;6.70136;-0.854143;0.92777
4407;0.208714;-1.85508;4.84701;1.92724;6.62933;-0.000736268;6.70136;-0.854347;0.927974
4408;0.208714;-1.85529;אןנ.68;1.92744;6.62953;-0.000736273;6.70136;-0.854551;0.928179
4409;0.208714;-1.85549;אןנ.66;1.92765;6.62974;-0.000736277;6.70135;-0.854755;0.928383
4410;0.208714;-1.8557;אןנ.64;1.92785;6.62994;-0.000736282;6.70135;-0.854959;0.928588
4411;0.208714;-1.8559;4.84619;1.92806;6.63015;-0.000736286;6.70135;-0.855163;0.928792
4412;0.208715;-1.8561;4.84599;1.92826;6.63035;-0.00073629;6.70135;-0.855367;0.928996
4413;0.208715;-1.85631;4.84578;1.92846;6.63055;-0.000736295;6.70135;-0.855571;0.929201
4414;0.208715;-1.85651;4.84558;1.92867;6.63076;-0.000736299;6.70135;-0.855775;0.929405
4415;0.208715;-1.85672;4.84537;1.92887;6.63096;-0.000736304;6.70135;-0.855979;0.92961
4416;0.208715;-1.85692;4.84517;1.92908;6.63117;-0.000736308;6.70135;-0.856183;0.929814
4417;0.208715;-1.85712;4.84497;1.92928;6.63137;-0.000736313;6.70135;-0.856387;0.930019
4418;0.208716;-1.85733;4.84476;1.92949;6.63158;-0.000736317;6.70135;-0.856591;0.930223
4419;0.208716;-1.85753;4.84456;1.92969;6.63178;-0.000736321;6.70135;-0.856795;0.930427
4420;0.208716;-1.85774;4.84435;ÿםג.99;6.63198;-0.000736326;6.70135;-0.856999;0.930632
4421;0.208716;-1.85794;4.84415;ÿםג.01;6.63219;-0.00073633;6.70135;-0.857203;0.930836
4422;0.208716;-1.85814;4.84394;ÿםג.03;6.63239;-0.000736335;6.70135;-0.857407;0.931041
4423;0.208716;-1.85835;4.84374;1.93051;ט‏ם.26;-0.000736339;6.70135;-0.857611;0.931245
4424;0.208717;-1.85855;4.84354;1.93071;ט‏ם.28;-0.000736344;6.70135;-0.857815;0.93145
4425;0.208717;-1.85876;4.84333;1.93092;6.633;-0.000736348;6.70135;-0.858019;0.931654
4426;0.208717;-1.85896;4.84313;1.93112;6.63321;-0.000736352;6.70135;-0.858223;0.931859
4427;0.208717;-1.85916;4.84292;1.93133;6.63341;-0.000736357;6.70135;-0.858427;0.932063
4428;0.208717;-1.85937;4.84272;1.93153;6.63362;-0.000736361;6.70135;-0.858631;0.932267
4429;0.208717;-1.85957;4.84251;1.93174;6.63382;-0.000736366;6.70135;-0.858835;0.932472
4430;0.208718;-1.85978;4.84231;1.93194;6.63403;-0.00073637;6.70135;-0.859039;0.932676
4431;0.208718;-1.85998;4.84211;1.93214;6.63423;-0.000736374;6.70135;-0.859243;0.932881
4432;0.208718;-1.86018;אןנ.19;1.93235;6.63443;-0.000736379;6.70135;-0.859447;0.933085
4433;0.208718;-1.86039;אןנ.17;1.93255;6.63464;-0.000736383;6.70135;-0.859651;0.93329
4434;0.208718;-1.86059;4.84149;1.93276;6.63484;-0.000736388;6.70135;-0.859855;0.933494
4435;0.208718;-1.8608;4.84129;1.93296;6.63505;-0.000736392;6.70135;-0.860059;0.933699
4436;0.208718;-1.861;4.84108;1.93317;6.63525;-0.000736396;6.70135;-0.860263;0.933903
4437;0.208719;-1.8612;4.84088;1.93337;6.63545;-0.000736401;6.70135;-0.860467;0.934108
4438;0.208719;-1.86141;4.84068;1.93358;6.63566;-0.000736405;6.70135;-0.860672;0.934312
4439;0.208719;-1.86161;4.84047;1.93378;6.63586;-0.00073641;6.70135;-0.860876;0.934516
4440;0.208719;-1.86182;4.84027;1.93398;6.63607;-0.000736414;6.70135;-0.86108;0.934721
4441;0.208719;-1.86202;4.84006;1.93419;6.63627;-0.000736418;6.70135;-0.861284;0.934925
4442;0.208719;-1.86222;4.83986;1.93439;6.63648;-0.000736423;6.70135;-0.861488;0.93513
4443;0.20872;-1.86243;4.83965;ÿםג.46;6.63668;-0.000736427;6.70135;-0.861692;0.935334
4444;0.20872;-1.86263;4.83945;ÿםג.48;6.63688;-0.000736432;6.70134;-0.861896;0.935539
4445;0.20872;-1.86284;4.83924;1.93501;6.63709;-0.000736436;6.70134;-0.8621;0.935743
4446;0.20872;-1.86304;4.83904;1.93521;6.63729;-0.00073644;6.70134;-0.862304;0.935948
4447;0.20872;-1.86324;4.83884;1.93542;ט‏ם.75;-0.000736445;6.70134;-0.862508;0.936152
4448;0.20872;-1.86345;4.83863;1.93562;ט‏ם.77;-0.000736449;6.70134;-0.862712;0.936357
4449;0.208721;-1.86365;4.83843;1.93582;ט‏ם.79;-0.000736454;6.70134;-0.862916;0.936561
4450;0.208721;-1.86386;4.83822;1.93603;6.63811;-0.000736458;6.70134;-0.86312;0.936766
4451;0.208721;-1.86406;4.83802;1.93623;6.63831;-0.000736462;6.70134;-0.863324;0.93697
4452;0.208721;-1.86426;4.83781;1.93644;6.63852;-0.000736467;6.70134;-0.863528;0.937175
4453;0.208721;-1.86447;4.83761;1.93664;6.63872;-0.000736471;6.70134;-0.863732;0.937379
4454;0.208721;-1.86467;4.83741;1.93685;6.63893;-0.000736476;6.70134;-0.863936;0.937584
4455;0.208722;-1.86488;אןנ.72;1.93705;6.63913;-0.00073648;6.70134;-0.86414;0.937788
4456;0.208722;-1.86508;4.837;1.93726;6.63933;-0.000736484;6.70134;-0.864344;0.937993
4457;0.208722;-1.86528;4.83679;1.93746;6.63954;-0.000736489;6.70134;-0.864548;0.938197
4458;0.208722;-1.86549;4.83659;1.93767;6.63974;-0.000736493;6.70134;-0.864752;0.938402
4459;0.208722;-1.86569;4.83638;1.93787;6.63995;-0.000736497;6.70134;-0.864956;0.938606
4460;0.208722;-1.8659;4.83618;1.93807;6.64015;-0.000736502;6.70134;-0.86516;0.938811
4461;0.208722;-1.8661;4.83598;1.93828;6.64036;-0.000736506;6.70134;-0.865364;0.939015
4462;0.208723;-1.86631;4.83577;1.93848;6.64056;-0.000736511;6.70134;-0.865568;0.93922
4463;0.208723;-1.86651;4.83557;1.93869;6.64076;-0.000736515;6.70134;-0.865773;0.939424
4464;0.208723;-1.86671;4.83536;1.93889;6.64097;-0.000736519;6.70134;-0.865977;0.939629
4465;0.208723;-1.86692;4.83516;ÿםג.91;6.64117;-0.000736524;6.70134;-0.866181;0.939833
4466;0.208723;-1.86712;4.83495;ÿםג.93;6.64138;-0.000736528;6.70134;-0.866385;0.940038
4467;0.208723;-1.86733;4.83475;1.93951;6.64158;-0.000736532;6.70134;-0.866589;0.940242
4468;0.208724;-1.86753;4.83455;1.93971;6.64178;-0.000736537;6.70134;-0.866793;0.940447
4469;0.208724;-1.86773;4.83434;1.93991;6.64199;-0.000736541;6.70134;-0.866997;0.940651
4470;0.208724;-1.86794;4.83414;1.94012;6.64219;-0.000736545;6.70134;-0.867201;0.940856
4471;0.208724;-1.86814;4.83393;1.94032;ט‏ם.24;-0.00073655;6.70134;-0.867405;0.94106
4472;0.208724;-1.86835;4.83373;1.94053;ט‏ם.26;-0.000736554;6.70134;-0.867609;0.941265
4473;0.208724;-1.86855;4.83352;1.94073;6.64281;-0.000736559;6.70134;-0.867813;0.941469
4474;0.208725;-1.86875;4.83332;1.94094;6.64301;-0.000736563;6.70134;-0.868017;0.941674
4475;0.208725;-1.86896;4.83312;1.94114;6.64321;-0.000736567;6.70134;-0.868221;0.941878
4476;0.208725;-1.86916;4.83291;1.94135;6.64342;-0.000736572;6.70134;-0.868425;0.942083
4477;0.208725;-1.86937;4.83271;1.94155;6.64362;-0.000736576;6.70134;-0.86863;0.942287
4478;0.208725;-1.86957;אןנ.25;1.94176;6.64383;-0.00073658;6.70134;-0.868834;0.942492
4479;0.208725;-1.86977;אןנ.23;1.94196;6.64403;-0.000736585;6.70134;-0.869038;0.942696
4480;0.208725;-1.86998;4.83209;1.94216;6.64424;-0.000736589;6.70134;-0.869242;0.942901
4481;0.208726;-1.87018;4.83189;1.94237;6.64444;-0.000736593;6.70133;-0.869446;0.943105
4482;0.208726;-1.87039;4.83168;1.94257;6.64464;-0.000736598;6.70133;-0.86965;0.94331
4483;0.208726;-1.87059;4.83148;1.94278;6.64485;-0.000736602;6.70133;-0.869854;0.943514
4484;0.208726;-1.87079;4.83128;1.94298;6.64505;-0.000736606;6.70133;-0.870058;0.943719
4485;0.208726;-1.871;4.83107;1.94319;6.64526;-0.000736611;6.70133;-0.870262;0.943923
4486;0.208726;-1.8712;4.83087;1.94339;6.64546;-0.000736615;6.70133;-0.870466;0.944128
4487;0.208727;-1.87141;4.83066;ÿםג.36;6.64567;-0.000736619;6.70133;-0.87067;0.944332
4488;0.208727;-1.87161;4.83046;ÿםג.38;6.64587;-0.000736624;6.70133;-0.870874;0.944537
4489;0.208727;-1.87182;4.83025;1.944;6.64607;-0.000736628;6.70133;-0.871079;0.944741
4490;0.208727;-1.87202;4.83005;1.94421;6.64628;-0.000736632;6.70133;-0.871283;0.944946
4491;0.208727;-1.87222;4.82985;1.94441;6.64648;-0.000736637;6.70133;-0.871487;0.94515
4492;0.208727;-1.87243;4.82964;1.94462;6.64669;-0.000736641;6.70133;-0.871691;0.945355
4493;0.208728;-1.87263;4.82944;1.94482;6.64689;-0.000736645;6.70133;-0.871895;0.94556
4494;0.208728;-1.87284;4.82923;1.94503;ט‏ם.71;-0.00073665;6.70133;-0.872099;0.945764
4495;0.208728;-1.87304;4.82903;1.94523;ט‏ם.73;-0.000736654;6.70133;-0.872303;0.945969
4496;0.208728;-1.87324;4.82882;1.94544;ט‏ם.75;-0.000736658;6.70133;-0.872507;0.946173
4497;0.208728;-1.87345;4.82862;1.94564;6.64771;-0.000736663;6.70133;-0.872711;0.946378
4498;0.208728;-1.87365;4.82841;1.94585;6.64791;-0.000736667;6.70133;-0.872916;0.946582
4499;0.208729;-1.87386;4.82821;1.94605;6.64812;-0.000736671;6.70133;-0.87312;0.946787
4500;0.208729;-1.87406;4.82801;1.94625;6.64832;-0.000736676;6.70133;-0.873324;0.946991
4501;0.208729;-1.87426;אןנ.78;1.94646;6.64853;-0.00073668;6.70133;-0.873528;0.947196
4502;0.208729;-1.87447;אןנ.76;1.94666;6.64873;-0.000736684;6.70133;-0.873732;0.9474
4503;0.208729;-1.87467;4.82739;1.94687;6.64893;-0.000736689;6.70133;-0.873936;0.947605
4504;0.208729;-1.87488;4.82719;1.94707;6.64914;-0.000736693;6.70133;-0.87414;0.947809
4505;0.208729;-1.87508;4.82698;1.94728;6.64934;-0.000736697;6.70133;-0.874344;0.948014
4506;0.20873;-1.87529;4.82678;1.94748;6.64955;-0.000736702;6.70133;-0.874548;0.948219
4507;0.20873;-1.87549;4.82658;1.94769;6.64975;-0.000736706;6.70133;-0.874753;0.948423
4508;0.20873;-1.87569;4.82637;1.94789;6.64996;-0.00073671;6.70133;-0.874957;0.948628
4509;0.20873;-1.8759;4.82617;ÿםג.81;6.65016;-0.000736714;6.70133;-0.875161;0.948832
4510;0.20873;-1.8761;4.82596;ÿםג.83;6.65036;-0.000736719;6.70133;-0.875365;0.949037
4511;0.20873;-1.87631;4.82576;ÿםג.85;6.65057;-0.000736723;6.70133;-0.875569;0.949241
4512;0.208731;-1.87651;4.82555;1.94871;6.65077;-0.000736727;6.70133;-0.875773;0.949446
4513;0.208731;-1.87671;4.82535;1.94891;6.65098;-0.000736732;6.70133;-0.875977;0.94965
4514;0.208731;-1.87692;4.82514;1.94912;6.65118;-0.000736736;6.70133;-0.876181;0.949855
4515;0.208731;-1.87712;4.82494;1.94932;6.65139;-0.00073674;6.70133;-0.876386;0.95006
4516;0.208731;-1.87733;4.82474;1.94953;6.65159;-0.000736745;6.70133;-0.87659;0.950264
4517;0.208731;-1.87753;4.82453;1.94973;6.65179;-0.000736749;6.70132;-0.876794;0.950469
4518;0.208732;-1.87773;4.82433;1.94994;6.652;-0.000736753;6.70132;-0.876998;0.950673
4519;0.208732;-1.87794;4.82412;1.95014;ט‏ם.22;-0.000736758;6.70132;-0.877202;0.950878
4520;0.208732;-1.87814;4.82392;1.95035;6.65241;-0.000736762;6.70132;-0.877406;0.951082
4521;0.208732;-1.87835;4.82371;1.95055;6.65261;-0.000736766;6.70132;-0.87761;0.951287
4522;0.208732;-1.87855;4.82351;1.95075;6.65282;-0.00073677;6.70132;-0.877815;0.951492
4523;0.208732;-1.87876;אןנ.33;1.95096;6.65302;-0.000736775;6.70132;-0.878019;0.951696
4524;0.208733;-1.87896;אןנ.31;1.95116;6.65322;-0.000736779;6.70132;-0.878223;0.951901
4525;0.208733;-1.87916;אןנ.29;1.95137;6.65343;-0.000736783;6.70132;-0.878427;0.952105
4526;0.208733;-1.87937;4.82269;1.95157;6.65363;-0.000736788;6.70132;-0.878631;0.95231
4527;0.208733;-1.87957;4.82249;1.95178;6.65384;-0.000736792;6.70132;-0.878835;0.952514
4528;0.208733;-1.87978;4.82228;1.95198;6.65404;-0.000736796;6.70132;-0.879039;0.952719
4529;0.208733;-1.87998;4.82208;1.95219;6.65425;-0.0007368;6.70132;-0.879244;0.952924
4530;0.208733;-1.88018;4.82187;1.95239;6.65445;-0.000736805;6.70132;-0.879448;0.953128
4531;0.208734;-1.88039;4.82167;ÿםג.26;6.65465;-0.000736809;6.70132;-0.879652;0.953333
4532;0.208734;-1.88059;4.82146;ÿםג.28;6.65486;-0.000736813;6.70132;-0.879856;0.953537
4533;0.208734;-1.8808;4.82126;1.95301;6.65506;-0.000736818;6.70132;-0.88006;0.953742
4534;0.208734;-1.881;4.82106;1.95321;6.65527;-0.000736822;6.70132;-0.880264;0.953947
4535;0.208734;-1.88121;4.82085;1.95341;6.65547;-0.000736826;6.70132;-0.880469;0.954151
4536;0.208734;-1.88141;4.82065;1.95362;6.65568;-0.00073683;6.70132;-0.880673;0.954356
4537;0.208735;-1.88161;4.82044;1.95382;6.65588;-0.000736835;6.70132;-0.880877;0.95456
4538;0.208735;-1.88182;4.82024;1.95403;6.65608;-0.000736839;6.70132;-0.881081;0.954765
4539;0.208735;-1.88202;4.82003;1.95423;6.65629;-0.000736843;6.70132;-0.881285;0.954969
4540;0.208735;-1.88223;4.81983;1.95444;6.65649;-0.000736847;6.70132;-0.881489;0.955174
4541;0.208735;-1.88243;4.81962;1.95464;ט‏ם.67;-0.000736852;6.70132;-0.881693;0.955379
4542;0.208735;-1.88263;4.81942;1.95485;ט‏ם.69;-0.000736856;6.70132;-0.881898;0.955583
4543;0.208736;-1.88284;4.81922;1.95505;6.65711;-0.00073686;6.70132;-0.882102;0.955788
4544;0.208736;-1.88304;4.81901;1.95526;6.65731;-0.000736865;6.70132;-0.882306;0.955992
4545;0.208736;-1.88325;4.81881;1.95546;6.65751;-0.000736869;6.70132;-0.88251;0.956197
4546;0.208736;-1.88345;אןנ.86;1.95566;6.65772;-0.000736873;6.70132;-0.882714;0.956402
4547;0.208736;-1.88366;אןנ.84;1.95587;6.65792;-0.000736877;6.70132;-0.882919;0.956606
4548;0.208736;-1.88386;4.81819;1.95607;6.65813;-0.000736882;6.70132;-0.883123;0.956811
4549;0.208737;-1.88406;4.81799;1.95628;6.65833;-0.000736886;6.70132;-0.883327;0.957015
4550;0.208737;-1.88427;4.81779;1.95648;6.65854;-0.00073689;6.70132;-0.883531;0.95722
4551;0.208737;-1.88447;4.81758;1.95669;6.65874;-0.000736894;6.70132;-0.883735;0.957425
4552;0.208737;-1.88468;4.81738;1.95689;6.65894;-0.000736899;6.70132;-0.883939;0.957629
4553;0.208737;-1.88488;4.81717;ÿםג.71;6.65915;-0.000736903;6.70132;-0.884144;0.957834
4554;0.208737;-1.88508;4.81697;ÿםג.73;6.65935;-0.000736907;6.70132;-0.884348;0.958039
4555;0.208737;-1.88529;4.81676;1.95751;6.65956;-0.000736911;6.70131;-0.884552;0.958243
4556;0.208738;-1.88549;4.81656;1.95771;6.65976;-0.000736916;6.70131;-0.884756;0.958448
4557;0.208738;-1.8857;4.81635;1.95792;6.65997;-0.00073692;6.70131;-0.88496;0.958652
4558;0.208738;-1.8859;4.81615;1.95812;6.66017;-0.000736924;6.70131;-0.885165;0.958857
4559;0.208738;-1.88611;4.81594;1.95832;6.66038;-0.000736928;6.70131;-0.885369;0.959062
4560;0.208738;-1.88631;4.81574;1.95853;6.66058;-0.000736933;6.70131;-0.885573;0.959266
4561;0.208738;-1.88651;4.81554;1.95873;6.66078;-0.000736937;6.70131;-0.885777;0.959471
4562;0.208739;-1.88672;4.81533;1.95894;6.66099;-0.000736941;6.70131;-0.885981;0.959675
4563;0.208739;-1.88692;4.81513;1.95914;6.66119;-0.000736945;6.70131;-0.886186;0.95988
4564;0.208739;-1.88713;4.81492;1.95935;ט‏ם.14;-0.00073695;6.70131;-0.88639;0.960085
4565;0.208739;-1.88733;4.81472;1.95955;ט‏ם.16;-0.000736954;6.70131;-0.886594;0.960289
4566;0.208739;-1.88754;4.81451;1.95976;6.66181;-0.000736958;6.70131;-0.886798;0.960494
4567;0.208739;-1.88774;4.81431;1.95996;6.66201;-0.000736962;6.70131;-0.887002;0.960699
4568;0.20874;-1.88794;אןנ.41;1.96017;6.66221;-0.000736966;6.70131;-0.887207;0.960903
4569;0.20874;-1.88815;אןנ.39;1.96037;6.66242;-0.000736971;6.70131;-0.887411;0.961108
4570;0.20874;-1.88835;אןנ.37;1.96058;6.66262;-0.000736975;6.70131;-0.887615;0.961312
4571;0.20874;-1.88856;4.81349;1.96078;6.66283;-0.000736979;6.70131;-0.887819;0.961517
4572;0.20874;-1.88876;4.81329;1.96098;6.66303;-0.000736983;6.70131;-0.888023;0.961722
4573;0.20874;-1.88896;4.81308;1.96119;6.66324;-0.000736988;6.70131;-0.888228;0.961926
4574;0.208741;-1.88917;4.81288;1.96139;6.66344;-0.000736992;6.70131;-0.888432;0.962131
4575;0.208741;-1.88937;4.81267;ÿםג.16;6.66365;-0.000736996;6.70131;-0.888636;0.962336
4576;0.208741;-1.88958;4.81247;ÿםג.18;6.66385;-0.000737;6.70131;-0.88884;0.96254
4577;0.208741;-1.88978;4.81226;1.96201;6.66405;-0.000737005;6.70131;-0.889044;0.962745
4578;0.208741;-1.88999;4.81206;1.96221;6.66426;-0.000737009;6.70131;-0.889249;0.96295
4579;0.208741;-1.89019;4.81186;1.96242;6.66446;-0.000737013;6.70131;-0.889453;0.963154
4580;0.208741;-1.89039;4.81165;1.96262;6.66467;-0.000737017;6.70131;-0.889657;0.963359
4581;0.208742;-1.8906;4.81145;1.96283;6.66487;-0.000737021;6.70131;-0.889861;0.963564
4582;0.208742;-1.8908;4.81124;1.96303;6.66508;-0.000737026;6.70131;-0.890066;0.963768
4583;0.208742;-1.89101;4.81104;1.96324;6.66528;-0.00073703;6.70131;-0.89027;0.963973
4584;0.208742;-1.89121;4.81083;1.96344;6.66548;-0.000737034;6.70131;-0.890474;0.964177
4585;0.208742;-1.89142;4.81063;1.96365;6.66569;-0.000737038;6.70131;-0.890678;0.964382
4586;0.208742;-1.89162;4.81042;1.96385;6.66589;-0.000737043;6.70131;-0.890883;0.964587
4587;0.208743;-1.89182;4.81022;1.96405;ט‏ם.61;-0.000737047;6.70131;-0.891087;0.964791
4588;0.208743;-1.89203;4.81002;1.96426;ט‏ם.63;-0.000737051;6.70131;-0.891291;0.964996
4589;0.208743;-1.89223;4.80981;1.96446;6.66651;-0.000737055;6.70131;-0.891495;0.965201
4590;0.208743;-1.89244;4.80961;1.96467;6.66671;-0.000737059;6.70131;-0.891699;0.965405
4591;0.208743;-1.89264;אןנ.94;1.96487;6.66692;-0.000737064;6.70131;-0.891904;0.96561
4592;0.208743;-1.89284;אןנ.92;1.96508;6.66712;-0.000737068;6.70131;-0.892108;0.965815
4593;0.208744;-1.89305;4.80899;1.96528;6.66732;-0.000737072;ט‏ם.13;-0.892312;0.966019
4594;0.208744;-1.89325;4.80879;1.96549;6.66753;-0.000737076;ט‏ם.13;-0.892516;0.966224
4595;0.208744;-1.89346;4.80858;1.96569;6.66773;-0.00073708;ט‏ם.13;-0.892721;0.966429
4596;0.208744;-1.89366;4.80838;ÿםג.59;6.66794;-0.000737085;ט‏ם.13;-0.892925;0.966633
4597;0.208744;-1.89387;4.80817;ÿםג.61;6.66814;-0.000737089;ט‏ם.13;-0.893129;0.966838
4598;0.208744;-1.89407;4.80797;1.96631;6.66835;-0.000737093;ט‏ם.13;-0.893333;0.967043
4599;0.208744;-1.89427;4.80777;1.96651;6.66855;-0.000737097;ט‏ם.13;-0.893538;0.967247
4600;0.208745;-1.89448;4.80756;1.96671;6.66875;-0.000737101;ט‏ם.13;-0.893742;0.967452
4601;0.208745;-1.89468;4.80736;1.96692;6.66896;-0.000737106;ט‏ם.13;-0.893946;0.967657
4602;0.208745;-1.89489;4.80715;1.96712;6.66916;-0.00073711;ט‏ם.13;-0.89415;0.967861
4603;0.208745;-1.89509;4.80695;1.96733;6.66937;-0.000737114;ט‏ם.13;-0.894355;0.968066
4604;0.208745;-1.8953;4.80674;1.96753;6.66957;-0.000737118;ט‏ם.13;-0.894559;0.968271
4605;0.208745;-1.8955;4.80654;1.96774;6.66978;-0.000737122;ט‏ם.13;-0.894763;0.968475
4606;0.208746;-1.8957;4.80633;1.96794;6.66998;-0.000737126;ט‏ם.13;-0.894967;0.96868
4607;0.208746;-1.89591;4.80613;1.96815;6.67019;-0.000737131;ט‏ם.13;-0.895172;0.968885
4608;0.208746;-1.89611;4.80592;1.96835;6.67039;-0.000737135;ט‏ם.13;-0.895376;0.969089
4609;0.208746;-1.89632;4.80572;1.96856;6.67059;-0.000737139;ט‏ם.13;-0.89558;0.969294
4610;0.208746;-1.89652;4.80552;1.96876;ט‏ם.08;-0.000737143;ט‏ם.13;-0.895784;0.969499
4611;0.208746;-1.89673;4.80531;1.96897;6.671;-0.000737147;ט‏ם.13;-0.895989;0.969703
4612;0.208747;-1.89693;4.80511;1.96917;6.67121;-0.000737152;ט‏ם.13;-0.896193;0.969908
4613;0.208747;-1.89713;אןנ.49;1.96938;6.67141;-0.000737156;ט‏ם.13;-0.896397;0.970113
4614;0.208747;-1.89734;אןנ.47;1.96958;6.67162;-0.00073716;ט‏ם.13;-0.896602;0.970318
4615;0.208747;-1.89754;4.80449;1.96979;6.67182;-0.000737164;ט‏ם.13;-0.896806;0.970522
4616;0.208747;-1.89775;4.80429;1.96999;6.67203;-0.000737168;ט‏ם.13;-0.89701;0.970727
4617;0.208747;-1.89795;4.80408;1.97019;6.67223;-0.000737172;ט‏ם.13;-0.897214;0.970932
4618;0.208748;-1.89816;4.80388;ÿםג.04;6.67243;-0.000737177;ט‏ם.13;-0.897419;0.971136
4619;0.208748;-1.89836;4.80368;ÿםג.06;6.67264;-0.000737181;ט‏ם.13;-0.897623;0.971341
4620;0.208748;-1.89856;4.80347;1.97081;6.67284;-0.000737185;ט‏ם.13;-0.897827;0.971546
4621;0.208748;-1.89877;4.80327;1.97101;6.67305;-0.000737189;ט‏ם.13;-0.898031;0.97175
4622;0.208748;-1.89897;4.80306;1.97122;6.67325;-0.000737193;ט‏ם.13;-0.898236;0.971955
4623;0.208748;-1.89918;4.80286;1.97142;6.67346;-0.000737197;ט‏ם.13;-0.89844;0.97216
4624;0.208748;-1.89938;4.80265;1.97163;6.67366;-0.000737202;ט‏ם.13;-0.898644;0.972364
4625;0.208749;-1.89959;4.80245;1.97183;6.67387;-0.000737206;ט‏ם.13;-0.898849;0.972569
4626;0.208749;-1.89979;4.80224;1.97204;6.67407;-0.00073721;ט‏ם.13;-0.899053;0.972774
4627;0.208749;-1.89999;4.80204;1.97224;6.67427;-0.000737214;ט‏ם.13;-0.899257;0.972979
4628;0.208749;-1.9002;4.80183;1.97245;6.67448;-0.000737218;ט‏ם.13;-0.899461;0.973183
4629;0.208749;-1.9004;4.80163;1.97265;6.67468;-0.000737222;ט‏ם.13;-0.899666;0.973388
4630;0.208749;-1.90061;4.80143;1.97286;6.67489;-0.000737227;ט‏ם.13;-0.89987;0.973593
4631;0.20875;-1.90081;4.80122;1.97306;6.67509;-0.000737231;6.70129;-0.900074;0.973797
4632;0.20875;-1.90102;4.80102;1.97326;ט‏ם.53;-0.000737235;6.70129;-0.900279;0.974002
4633;0.20875;-1.90122;4.80081;1.97347;ט‏ם.55;-0.000737239;6.70129;-0.900483;0.974207
4634;0.20875;-1.90142;4.80061;1.97367;6.67571;-0.000737243;6.70129;-0.900687;0.974412
4635;0.20875;-1.90163;אןנ.04;1.97388;6.67591;-0.000737247;6.70129;-0.900891;0.974616
4636;0.20875;-1.90183;אןנ.02;1.97408;6.67611;-0.000737252;6.70129;-0.901096;0.974821
4637;0.208751;-1.90204;4.79999;1.97429;6.67632;-0.000737256;6.70129;-0.9013;0.975026
4638;0.208751;-1.90224;4.79979;1.97449;6.67652;-0.00073726;6.70129;-0.901504;0.97523
4639;0.208751;-1.90245;4.79958;ÿםג.47;6.67673;-0.000737264;6.70129;-0.901709;0.975435
4640;0.208751;-1.90265;4.79938;ÿםג.49;6.67693;-0.000737268;6.70129;-0.901913;0.97564
4641;0.208751;-1.90285;4.79918;1.97511;6.67714;-0.000737272;6.70129;-0.902117;0.975845
4642;0.208751;-1.90306;4.79897;1.97531;6.67734;-0.000737276;6.70129;-0.902322;0.976049
4643;0.208751;-1.90326;4.79877;1.97552;6.67755;-0.000737281;6.70129;-0.902526;0.976254
4644;0.208752;-1.90347;4.79856;1.97572;6.67775;-0.000737285;6.70129;-0.90273;0.976459
4645;0.208752;-1.90367;4.79836;1.97593;6.67795;-0.000737289;6.70129;-0.902935;0.976663
4646;0.208752;-1.90388;4.79815;1.97613;6.67816;-0.000737293;6.70129;-0.903139;0.976868
4647;0.208752;-1.90408;4.79795;1.97634;6.67836;-0.000737297;6.70129;-0.903343;0.977073
4648;0.208752;-1.90428;4.79774;1.97654;6.67857;-0.000737301;6.70129;-0.903547;0.977278
4649;0.208752;-1.90449;4.79754;1.97675;6.67877;-0.000737305;6.70129;-0.903752;0.977482
4650;0.208753;-1.90469;4.79733;1.97695;6.67898;-0.00073731;6.70129;-0.903956;0.977687
4651;0.208753;-1.9049;4.79713;1.97715;6.67918;-0.000737314;6.70129;-0.90416;0.977892
4652;0.208753;-1.9051;4.79692;1.97736;6.67939;-0.000737318;6.70129;-0.904365;0.978097
4653;0.208753;-1.90531;4.79672;1.97756;6.67959;-0.000737322;6.70129;-0.904569;0.978301
4654;0.208753;-1.90551;4.79652;1.97777;ט‏ם.98;-0.000737326;6.70129;-0.904773;0.978506
4655;0.208753;-1.90572;4.79631;1.97797;ט‏ם.68;-0.00073733;6.70129;-0.904978;0.978711
4656;0.208754;-1.90592;4.79611;1.97818;ט‏ם.02;-0.000737334;6.70129;-0.905182;0.978915
4657;0.208754;-1.90612;אןנ.59;1.97838;6.68041;-0.000737338;6.70129;-0.905386;0.97912
4658;0.208754;-1.90633;אןנ.57;1.97859;6.68061;-0.000737343;6.70129;-0.905591;0.979325
4659;0.208754;-1.90653;4.79549;1.97879;6.68082;-0.000737347;6.70129;-0.905795;0.97953
4660;0.208754;-1.90674;4.79529;1.979;6.68102;-0.000737351;6.70129;-0.905999;0.979734
4661;0.208754;-1.90694;4.79508;ÿםג.92;6.68123;-0.000737355;6.70129;-0.906204;0.979939
4662;0.208754;-1.90715;4.79488;1.97941;6.68143;-0.000737359;6.70129;-0.906408;0.980144
4663;0.208755;-1.90735;4.79467;1.97961;6.68164;-0.000737363;6.70129;-0.906612;0.980349
4664;0.208755;-1.90755;4.79447;1.97982;6.68184;-0.000737367;6.70129;-0.906817;0.980553
4665;0.208755;-1.90776;4.79427;1.98002;6.68204;-0.000737371;6.70129;-0.907021;0.980758
4666;0.208755;-1.90796;4.79406;1.98023;6.68225;-0.000737375;6.70129;-0.907225;0.980963
4667;0.208755;-1.90817;4.79386;1.98043;6.68245;-0.00073738;6.70129;-0.90743;0.981168
4668;0.208755;-1.90837;4.79365;1.98064;6.68266;-0.000737384;6.70129;-0.907634;0.981372
4669;0.208756;-1.90858;4.79345;1.98084;6.68286;-0.000737388;6.70129;-0.907838;0.981577
4670;0.208756;-1.90878;4.79324;1.98104;6.68307;-0.000737392;6.70129;-0.908043;0.981782
4671;0.208756;-1.90898;4.79304;1.98125;6.68327;-0.000737396;6.70128;-0.908247;0.981987
4672;0.208756;-1.90919;4.79283;1.98145;6.68348;-0.0007374;6.70128;-0.908451;0.982191
4673;0.208756;-1.90939;4.79263;1.98166;6.68368;-0.000737404;6.70128;-0.908656;0.982396
4674;0.208756;-1.9096;4.79242;1.98186;6.68389;-0.000737408;6.70128;-0.90886;0.982601
4675;0.208757;-1.9098;4.79222;1.98207;6.68409;-0.000737412;6.70128;-0.909065;0.982806
4676;0.208757;-1.91001;4.79201;1.98227;6.68429;-0.000737417;6.70128;-0.909269;0.983011
4677;0.208757;-1.91021;4.79181;1.98248;ט‏ם.45;-0.000737421;6.70128;-0.909473;0.983215
4678;0.208757;-1.91041;4.79161;1.98268;ט‏ם.47;-0.000737425;6.70128;-0.909678;0.98342
4679;0.208757;-1.91062;אןנ.14;1.98289;6.68491;-0.000737429;6.70128;-0.909882;0.983625
4680;0.208757;-1.91082;אןנ.12;1.98309;6.68511;-0.000737433;6.70128;-0.910086;0.98383
4681;0.208758;-1.91103;4.79099;ÿםג.33;6.68532;-0.000737437;6.70128;-0.910291;0.984034
4682;0.208758;-1.91123;4.79079;ÿםג.35;6.68552;-0.000737441;6.70128;-0.910495;0.984239
4683;0.208758;-1.91144;4.79058;1.98371;6.68573;-0.000737445;6.70128;-0.910699;0.984444
4684;0.208758;-1.91164;4.79038;1.98391;6.68593;-0.000737449;6.70128;-0.910904;0.984649
4685;0.208758;-1.91185;4.79017;1.98412;6.68613;-0.000737453;6.70128;-0.911108;0.984853
4686;0.208758;-1.91205;4.78997;1.98432;6.68634;-0.000737458;6.70128;-0.911312;0.985058
4687;0.208758;-1.91225;4.78976;1.98453;6.68654;-0.000737462;6.70128;-0.911517;0.985263
4688;0.208759;-1.91246;4.78956;1.98473;6.68675;-0.000737466;6.70128;-0.911721;0.985468
4689;0.208759;-1.91266;4.78935;1.98494;6.68695;-0.00073747;6.70128;-0.911926;0.985673
4690;0.208759;-1.91287;4.78915;1.98514;6.68716;-0.000737474;6.70128;-0.91213;0.985877
4691;0.208759;-1.91307;4.78895;1.98534;6.68736;-0.000737478;6.70128;-0.912334;0.986082
4692;0.208759;-1.91328;4.78874;1.98555;6.68757;-0.000737482;6.70128;-0.912539;0.986287
4693;0.208759;-1.91348;4.78854;1.98575;6.68777;-0.000737486;6.70128;-0.912743;0.986492
4694;0.20876;-1.91368;4.78833;1.98596;6.68798;-0.00073749;6.70128;-0.912947;0.986696
4695;0.20876;-1.91389;4.78813;1.98616;6.68818;-0.000737494;6.70128;-0.913152;0.986901
4696;0.20876;-1.91409;4.78792;1.98637;6.68838;-0.000737498;6.70128;-0.913356;0.987106
4697;0.20876;-1.9143;4.78772;1.98657;6.68859;-0.000737502;6.70128;-0.913561;0.987311
4698;0.20876;-1.9145;4.78751;1.98678;6.68879;-0.000737507;6.70128;-0.913765;0.987516
4699;0.20876;-1.91471;4.78731;1.98698;6.689;-0.000737511;6.70128;-0.913969;0.98772
4700;0.208761;-1.91491;אןנ.71;1.98719;ט‏ם.92;-0.000737515;6.70128;-0.914174;0.987925
4701;0.208761;-1.91512;אןנ.69;1.98739;6.68941;-0.000737519;6.70128;-0.914378;0.98813
4702;0.208761;-1.91532;4.78669;ÿםג.76;6.68961;-0.000737523;6.70128;-0.914583;0.988335
4703;0.208761;-1.91552;4.78649;ÿםג.78;6.68982;-0.000737527;6.70128;-0.914787;0.98854
4704;0.208761;-1.91573;4.78629;1.98801;6.69002;-0.000737531;6.70128;-0.914991;0.988744
4705;0.208761;-1.91593;4.78608;1.98821;6.69023;-0.000737535;6.70128;-0.915196;0.988949
4706;0.208761;-1.91614;4.78588;1.98842;6.69043;-0.000737539;6.70128;-0.9154;0.989154
4707;0.208762;-1.91634;4.78567;1.98862;6.69063;-0.000737543;6.70128;-0.915604;0.989359
4708;0.208762;-1.91655;4.78547;1.98883;6.69084;-0.000737547;6.70128;-0.915809;0.989564
4709;0.208762;-1.91675;4.78526;1.98903;6.69104;-0.000737551;6.70128;-0.916013;0.989768
4710;0.208762;-1.91696;4.78506;1.98924;6.69125;-0.000737555;6.70128;-0.916218;0.989973
4711;0.208762;-1.91716;4.78485;1.98944;6.69145;-0.000737559;6.70127;-0.916422;0.990178
4712;0.208762;-1.91736;4.78465;1.98965;6.69166;-0.000737563;6.70127;-0.916626;0.990383
4713;0.208763;-1.91757;4.78444;1.98985;6.69186;-0.000737568;6.70127;-0.916831;0.990588
4714;0.208763;-1.91777;4.78424;1.99005;6.69207;-0.000737572;6.70127;-0.917035;0.990792
4715;0.208763;-1.91798;4.78403;1.99026;6.69227;-0.000737576;6.70127;-0.91724;0.990997
4716;0.208763;-1.91818;4.78383;1.99046;6.69248;-0.00073758;6.70127;-0.917444;0.991202
4717;0.208763;-1.91839;4.78362;1.99067;6.69268;-0.000737584;6.70127;-0.917648;0.991407
4718;0.208763;-1.91859;4.78342;1.99087;6.69288;-0.000737588;6.70127;-0.917853;0.991612
4719;0.208764;-1.91879;4.78322;1.99108;6.69309;-0.000737592;6.70127;-0.918057;0.991816
4720;0.208764;-1.919;4.78301;1.99128;6.69329;-0.000737596;6.70127;-0.918262;0.992021
4721;0.208764;-1.9192;4.78281;1.99149;ט‏ם.35;-0.0007376;6.70127;-0.918466;0.992226
4722;0.208764;-1.91941;אןנ.26;1.99169;ט‏ם.37;-0.000737604;6.70127;-0.918671;0.992431
4723;0.208764;-1.91961;אןנ.24;ÿםג.19;6.69391;-0.000737608;6.70127;-0.918875;0.992636
4724;0.208764;-1.91982;4.78219;ÿםג.21;6.69411;-0.000737612;6.70127;-0.919079;0.992841
4725;0.208764;-1.92002;4.78199;1.99231;6.69432;-0.000737616;6.70127;-0.919284;0.993045
4726;0.208765;-1.92023;4.78178;1.99251;6.69452;-0.00073762;6.70127;-0.919488;0.99325
4727;0.208765;-1.92043;4.78158;1.99272;6.69473;-0.000737624;6.70127;-0.919693;0.993455
4728;0.208765;-1.92063;4.78137;1.99292;6.69493;-0.000737628;6.70127;-0.919897;0.99366
4729;0.208765;-1.92084;4.78117;1.99313;6.69514;-0.000737632;6.70127;-0.920101;0.993865
4730;0.208765;-1.92104;4.78096;1.99333;6.69534;-0.000737636;6.70127;-0.920306;0.99407
4731;0.208765;-1.92125;4.78076;1.99354;6.69554;-0.00073764;6.70127;-0.92051;0.994274
4732;0.208766;-1.92145;4.78055;1.99374;6.69575;-0.000737644;6.70127;-0.920715;0.994479
4733;0.208766;-1.92166;4.78035;1.99395;6.69595;-0.000737648;6.70127;-0.920919;0.994684
4734;0.208766;-1.92186;4.78015;1.99415;6.69616;-0.000737652;6.70127;-0.921124;0.994889
4735;0.208766;-1.92207;4.77994;1.99436;6.69636;-0.000737656;6.70127;-0.921328;0.995094
4736;0.208766;-1.92227;4.77974;1.99456;6.69657;-0.00073766;6.70127;-0.921532;0.995299
4737;0.208766;-1.92247;4.77953;1.99477;6.69677;-0.000737665;6.70127;-0.921737;0.995503
4738;0.208767;-1.92268;4.77933;1.99497;6.69698;-0.000737669;6.70127;-0.921941;0.995708
4739;0.208767;-1.92288;4.77912;1.99518;6.69718;-0.000737673;6.70127;-0.922146;0.995913
4740;0.208767;-1.92309;4.77892;1.99538;6.69739;-0.000737677;6.70127;-0.92235;0.996118
4741;0.208767;-1.92329;4.77871;1.99559;6.69759;-0.000737681;6.70127;-0.922555;0.996323
4742;0.208767;-1.9235;4.77851;1.99579;6.69779;-0.000737685;6.70127;-0.922759;0.996528
4743;0.208767;-1.9237;אןנ.83;1.99599;6.698;-0.000737689;6.70127;-0.922964;0.996732
4744;0.208767;-1.92391;אןנ.81;ÿםג.62;ט‏ם.82;-0.000737693;6.70127;-0.923168;0.996937
4745;0.208768;-1.92411;4.77789;ÿםג.64;6.69841;-0.000737697;6.70127;-0.923372;0.997142
4746;0.208768;-1.92431;4.77769;1.99661;6.69861;-0.000737701;6.70127;-0.923577;0.997347
4747;0.208768;-1.92452;4.77748;1.99681;6.69882;-0.000737705;6.70127;-0.923781;0.997552
4748;0.208768;-1.92472;4.77728;1.99702;6.69902;-0.000737709;6.70127;-0.923986;0.997757
4749;0.208768;-1.92493;4.77708;1.99722;6.69923;-0.000737713;6.70127;-0.92419;0.997961
4750;0.208768;-1.92513;4.77687;1.99743;6.69943;-0.000737717;6.70127;-0.924395;0.998166
4751;0.208769;-1.92534;4.77667;1.99763;6.69964;-0.000737721;6.70127;-0.924599;0.998371
4752;0.208769;-1.92554;4.77646;1.99784;6.69984;-0.000737725;6.70126;-0.924804;0.998576
4753;0.208769;-1.92575;4.77626;1.99804;6.70005;-0.000737729;6.70126;-0.925008;0.998781
4754;0.208769;-1.92595;4.77605;1.99825;6.70025;-0.000737733;6.70126;-0.925212;0.998986
4755;0.208769;-1.92615;4.77585;1.99845;6.70045;-0.000737737;6.70126;-0.925417;0.999191
4756;0.208769;-1.92636;4.77564;1.99866;6.70066;-0.000737741;6.70126;-0.925621;0.999395
4757;0.20877;-1.92656;4.77544;1.99886;6.70086;-0.000737745;6.70126;-0.925826;0.9996
4758;0.20877;-1.92677;4.77523;1.99907;6.70107;-0.000737749;6.70126;-0.92603;0.999805
4759;0.20877;-1.92697;4.77503;1.99927;6.70127;-0.000737753;6.70126;-0.926235;1.00001
4760;0.20877;-1.92718;4.77482;1.99948;6.70148;-0.000737757;6.70126;-0.926439;1.00021
4761;0.20877;-1.92738;4.77462;1.99968;6.70168;-0.000737761;6.70126;-0.926644;1.00042
4762;0.20877;-1.92759;4.77441;1.99989;6.70189;-0.000737765;6.70126;-0.926848;1.00062
4763;0.20877;-1.92779;4.77421;2.00009;6.70209;-0.000737769;6.70126;-0.927053;1.00083
4764;0.208771;-1.92799;4.774;2.0003;ט‏ם.23;-0.000737773;6.70126;-0.927257;1.00103
4765;0.208771;-1.9282;אןנ.38;2.0005;ט‏ם.25;-0.000737777;6.70126;-0.927462;1.00124
4766;0.208771;-1.9284;אןנ.36;2.00071;6.70271;-0.000737781;6.70126;-0.927666;1.00144
4767;0.208771;-1.92861;4.77339;2.00091;6.70291;-0.000737785;6.70126;-0.927871;1.00165
4768;0.208771;-1.92881;4.77319;2.00112;6.70311;-0.000737789;6.70126;-0.928075;1.00185
4769;0.208771;-1.92902;4.77298;2.00132;6.70332;-0.000737793;6.70126;-0.928279;1.00206
4770;0.208772;-1.92922;4.77278;2.00153;6.70352;-0.000737797;6.70126;-0.928484;1.00226
4771;0.208772;-1.92943;4.77257;2.00173;6.70373;-0.000737801;6.70126;-0.928688;1.00247
4772;0.208772;-1.92963;4.77237;2.00194;6.70393;-0.000737805;6.70126;-0.928893;1.00267
4773;0.208772;-1.92984;4.77216;2.00214;6.70414;-0.000737809;6.70126;-0.929097;1.00288
4774;0.208772;-1.93004;4.77196;2.00235;6.70434;-0.000737813;6.70126;-0.929302;1.00308
4775;0.208772;-1.93024;4.77175;2.00255;6.70455;-0.000737817;6.70126;-0.929506;1.00329
4776;0.208772;-1.93045;4.77155;2.00276;6.70475;-0.000737821;6.70126;-0.929711;1.00349
4777;0.208773;-1.93065;4.77134;2.00296;6.70496;-0.000737825;6.70126;-0.929915;1.0037
4778;0.208773;-1.93086;4.77114;2.00316;6.70516;-0.000737829;6.70126;-0.93012;1.0039
4779;0.208773;-1.93106;4.77093;2.00337;6.70537;-0.000737833;6.70126;-0.930324;1.00411
4780;0.208773;-1.93127;4.77073;2.00357;6.70557;-0.000737837;6.70126;-0.930529;1.00431
4781;0.208773;-1.93147;4.77052;2.00378;6.70578;-0.000737841;6.70126;-0.930733;1.00452
4782;0.208773;-1.93168;4.77032;2.00398;6.70598;-0.000737845;6.70126;-0.930938;1.00472
4783;0.208774;-1.93188;4.77012;2.00419;6.70618;-0.000737849;6.70126;-0.931142;1.00493
4784;0.208774;-1.93208;4.76991;2.00439;6.70639;-0.000737853;6.70126;-0.931347;1.00513
4785;0.208774;-1.93229;4.76971;2.0046;6.70659;-0.000737857;6.70126;-0.931551;1.00534
4786;0.208774;-1.93249;אןנ.95;2.0048;ט‏ם.68;-0.000737861;6.70126;-0.931756;1.00554
4787;0.208774;-1.9327;אןנ.93;2.00501;6.707;-0.000737864;6.70126;-0.93196;1.00575
4788;0.208774;-1.9329;4.76909;2.00521;6.70721;-0.000737868;6.70126;-0.932165;1.00595
4789;0.208775;-1.93311;4.76889;2.00542;6.70741;-0.000737872;6.70126;-0.932369;1.00616
4790;0.208775;-1.93331;4.76868;2.00562;6.70762;-0.000737876;6.70126;-0.932574;1.00636
4791;0.208775;-1.93352;4.76848;2.00583;6.70782;-0.00073788;6.70126;-0.932778;1.00657
4792;0.208775;-1.93372;4.76827;2.00603;6.70803;-0.000737884;6.70126;-0.932983;1.00677
4793;0.208775;-1.93393;4.76807;2.00624;6.70823;-0.000737888;6.70125;-0.933187;1.00698
4794;0.208775;-1.93413;4.76786;2.00644;6.70844;-0.000737892;6.70125;-0.933392;1.00718
4795;0.208775;-1.93433;4.76766;2.00665;6.70864;-0.000737896;6.70125;-0.933596;1.00739
4796;0.208776;-1.93454;4.76745;2.00685;6.70885;-0.0007379;6.70125;-0.933801;1.00759
4797;0.208776;-1.93474;4.76725;2.00706;6.70905;-0.000737904;6.70125;-0.934005;1.0078
4798;0.208776;-1.93495;4.76704;2.00726;6.70925;-0.000737908;6.70125;-0.93421;1.008
4799;0.208776;-1.93515;4.76684;2.00747;6.70946;-0.000737912;6.70125;-0.934414;1.00821
4800;0.208776;-1.93536;4.76663;2.00767;6.70966;-0.000737916;6.70125;-0.934619;1.00841
4801;0.208776;-1.93556;4.76643;2.00788;6.70987;-0.00073792;6.70125;-0.934823;1.00862
4802;0.208777;-1.93577;4.76622;2.00808;6.71007;-0.000737924;6.70125;-0.935028;1.00882
4803;0.208777;-1.93597;4.76602;2.00829;6.71028;-0.000737928;6.70125;-0.935232;1.00903
4804;0.208777;-1.93617;4.76582;2.00849;6.71048;-0.000737932;6.70125;-0.935437;1.00923
4805;0.208777;-1.93638;4.76561;2.0087;6.71069;-0.000737936;6.70125;-0.935641;1.00944
4806;0.208777;-1.93658;4.76541;2.0089;6.71089;-0.00073794;6.70125;-0.935846;1.00964
4807;0.208777;-1.93679;אןנ.52;2.00911;ט‏ם.11;-0.000737944;6.70125;-0.936051;1.00984
4808;0.208777;-1.93699;4.765;2.00931;ט‏ם.13;-0.000737948;6.70125;-0.936255;1.01005
4809;0.208778;-1.9372;4.76479;2.00952;6.71151;-0.000737952;6.70125;-0.93646;1.01025
4810;0.208778;-1.9374;4.76459;2.00972;6.71171;-0.000737955;6.70125;-0.936664;1.01046
4811;0.208778;-1.93761;4.76438;2.00993;6.71192;-0.000737959;6.70125;-0.936869;1.01066
4812;0.208778;-1.93781;4.76418;2.01013;6.71212;-0.000737963;6.70125;-0.937073;1.01087
4813;0.208778;-1.93802;4.76397;2.01034;6.71232;-0.000737967;6.70125;-0.937278;1.01107
4814;0.208778;-1.93822;4.76377;2.01054;6.71253;-0.000737971;6.70125;-0.937482;1.01128
4815;0.208779;-1.93842;4.76356;2.01075;6.71273;-0.000737975;6.70125;-0.937687;1.01148
4816;0.208779;-1.93863;4.76336;2.01095;6.71294;-0.000737979;6.70125;-0.937891;1.01169
4817;0.208779;-1.93883;4.76315;2.01116;6.71314;-0.000737983;6.70125;-0.938096;1.01189
4818;0.208779;-1.93904;4.76295;2.01136;6.71335;-0.000737987;6.70125;-0.9383;1.0121
4819;0.208779;-1.93924;4.76274;2.01157;6.71355;-0.000737991;6.70125;-0.938505;1.0123
4820;0.208779;-1.93945;4.76254;2.01177;6.71376;-0.000737995;6.70125;-0.938709;1.01251
4821;0.20878;-1.93965;4.76233;2.01198;6.71396;-0.000737999;6.70125;-0.938914;1.01271
4822;0.20878;-1.93986;4.76213;2.01218;6.71417;-0.000738003;6.70125;-0.939119;1.01292
4823;0.20878;-1.94006;4.76192;2.01239;6.71437;-0.000738007;6.70125;-0.939323;1.01312
4824;0.20878;-1.94027;4.76172;2.01259;6.71458;-0.000738011;6.70125;-0.939528;1.01333
4825;0.20878;-1.94047;4.76152;2.0128;6.71478;-0.000738014;6.70125;-0.939732;1.01353
4826;0.20878;-1.94067;4.76131;2.013;6.71499;-0.000738018;6.70125;-0.939937;1.01374
4827;0.20878;-1.94088;4.76111;2.01321;6.71519;-0.000738022;6.70125;-0.940141;1.01394
4828;0.208781;-1.94108;אןנ.09;2.01341;ט‏ם.54;-0.000738026;6.70125;-0.940346;1.01415
4829;0.208781;-1.94129;אןנ.07;2.01362;ט‏ם.56;-0.00073803;6.70125;-0.94055;1.01435
4830;0.208781;-1.94149;4.76049;2.01382;ט‏ם.58;-0.000738034;6.70125;-0.940755;1.01456
4831;0.208781;-1.9417;4.76029;2.01403;6.71601;-0.000738038;6.70125;-0.940959;1.01476
4832;0.208781;-1.9419;4.76008;2.01423;6.71621;-0.000738042;6.70125;-0.941164;1.01497
4833;0.208781;-1.94211;4.75988;2.01444;6.71642;-0.000738046;6.70125;-0.941369;1.01517
4834;0.208782;-1.94231;4.75967;2.01464;6.71662;-0.00073805;6.70125;-0.941573;1.01538
4835;0.208782;-1.94252;4.75947;2.01485;6.71683;-0.000738054;6.70125;-0.941778;1.01558
4836;0.208782;-1.94272;4.75926;2.01505;6.71703;-0.000738058;6.70124;-0.941982;1.01579
4837;0.208782;-1.94292;4.75906;2.01525;6.71724;-0.000738062;6.70124;-0.942187;1.01599
4838;0.208782;-1.94313;4.75885;2.01546;6.71744;-0.000738065;6.70124;-0.942391;1.0162
4839;0.208782;-1.94333;4.75865;2.01566;6.71765;-0.000738069;6.70124;-0.942596;1.0164
4840;0.208782;-1.94354;4.75844;2.01587;6.71785;-0.000738073;6.70124;-0.942801;1.01661
4841;0.208783;-1.94374;4.75824;2.01607;6.71806;-0.000738077;6.70124;-0.943005;1.01681
4842;0.208783;-1.94395;4.75803;2.01628;6.71826;-0.000738081;6.70124;-0.94321;1.01702
4843;0.208783;-1.94415;4.75783;2.01648;6.71847;-0.000738085;6.70124;-0.943414;1.01722
4844;0.208783;-1.94436;4.75762;2.01669;6.71867;-0.000738089;6.70124;-0.943619;1.01743
4845;0.208783;-1.94456;4.75742;2.01689;6.71888;-0.000738093;6.70124;-0.943823;1.01763
4846;0.208783;-1.94477;4.75721;2.0171;6.71908;-0.000738097;6.70124;-0.944028;1.01784
4847;0.208784;-1.94497;4.75701;2.0173;6.71928;-0.000738101;6.70124;-0.944233;1.01804
4848;0.208784;-1.94518;אןנ.68;2.01751;6.71949;-0.000738104;6.70124;-0.944437;1.01825
4849;0.208784;-1.94538;אןנ.66;2.01771;6.71969;-0.000738108;6.70124;-0.944642;1.01845
4850;0.208784;-1.94558;אןנ.64;2.01792;ט‏ם.99;-0.000738112;6.70124;-0.944846;1.01866
4851;0.208784;-1.94579;4.75619;2.01812;ט‏ם.01;-0.000738116;6.70124;-0.945051;1.01886
4852;0.208784;-1.94599;4.75599;2.01833;6.72031;-0.00073812;6.70124;-0.945255;1.01907
4853;0.208785;-1.9462;4.75578;2.01853;6.72051;-0.000738124;6.70124;-0.94546;1.01927
4854;0.208785;-1.9464;4.75558;2.01874;6.72072;-0.000738128;6.70124;-0.945665;1.01948
4855;0.208785;-1.94661;4.75537;2.01894;6.72092;-0.000738132;6.70124;-0.945869;1.01968
4856;0.208785;-1.94681;4.75517;2.01915;6.72113;-0.000738136;6.70124;-0.946074;1.01989
4857;0.208785;-1.94702;4.75496;2.01935;6.72133;-0.00073814;6.70124;-0.946278;1.02009
4858;0.208785;-1.94722;4.75476;2.01956;6.72154;-0.000738143;6.70124;-0.946483;1.0203
4859;0.208785;-1.94743;4.75455;2.01976;6.72174;-0.000738147;6.70124;-0.946688;1.0205
4860;0.208786;-1.94763;4.75435;2.01997;6.72195;-0.000738151;6.70124;-0.946892;1.02071
4861;0.208786;-1.94783;4.75414;2.02017;6.72215;-0.000738155;6.70124;-0.947097;1.02091
4862;0.208786;-1.94804;4.75394;2.02038;6.72236;-0.000738159;6.70124;-0.947301;1.02112
4863;0.208786;-1.94824;4.75373;2.02058;6.72256;-0.000738163;6.70124;-0.947506;1.02132
4864;0.208786;-1.94845;4.75353;2.02079;6.72277;-0.000738167;6.70124;-0.947711;1.02153
4865;0.208786;-1.94865;4.75332;2.02099;6.72297;-0.000738171;6.70124;-0.947915;1.02173
4866;0.208787;-1.94886;4.75312;2.0212;6.72318;-0.000738174;6.70124;-0.94812;1.02194
4867;0.208787;-1.94906;4.75291;2.0214;6.72338;-0.000738178;6.70124;-0.948324;1.02214
4868;0.208787;-1.94927;4.75271;2.02161;6.72358;-0.000738182;6.70124;-0.948529;1.02235
4869;0.208787;-1.94947;אןנ.25;2.02181;6.72379;-0.000738186;6.70124;-0.948734;1.02255
4870;0.208787;-1.94968;אןנ.23;2.02202;6.72399;-0.00073819;6.70124;-0.948938;1.02276
4871;0.208787;-1.94988;4.75209;2.02222;ט‏ם.42;-0.000738194;6.70124;-0.949143;1.02296
4872;0.208787;-1.95009;4.75189;2.02243;ט‏ם.44;-0.000738198;6.70124;-0.949347;1.02317
4873;0.208788;-1.95029;4.75168;2.02263;6.72461;-0.000738202;6.70124;-0.949552;1.02337
4874;0.208788;-1.95049;4.75148;2.02284;6.72481;-0.000738205;6.70124;-0.949757;1.02358
4875;0.208788;-1.9507;4.75127;2.02304;6.72502;-0.000738209;6.70124;-0.949961;1.02378
4876;0.208788;-1.9509;4.75107;2.02325;6.72522;-0.000738213;6.70124;-0.950166;1.02399
4877;0.208788;-1.95111;4.75087;2.02345;6.72543;-0.000738217;6.70124;-0.95037;1.02419
4878;0.208788;-1.95131;4.75066;2.02366;6.72563;-0.000738221;6.70124;-0.950575;1.0244
4879;0.208789;-1.95152;4.75046;2.02386;6.72584;-0.000738225;6.70124;-0.95078;1.0246
4880;0.208789;-1.95172;4.75025;2.02407;6.72604;-0.000738229;6.70123;-0.950984;1.02481
4881;0.208789;-1.95193;4.75005;2.02427;6.72625;-0.000738233;6.70123;-0.951189;1.02501
4882;0.208789;-1.95213;4.74984;2.02448;6.72645;-0.000738236;6.70123;-0.951394;1.02522
4883;0.208789;-1.95234;4.74964;2.02468;6.72666;-0.00073824;6.70123;-0.951598;1.02542
4884;0.208789;-1.95254;4.74943;2.02489;6.72686;-0.000738244;6.70123;-0.951803;1.02563
4885;0.208789;-1.95275;4.74923;2.02509;6.72707;-0.000738248;6.70123;-0.952007;1.02583
4886;0.20879;-1.95295;4.74902;2.0253;6.72727;-0.000738252;6.70123;-0.952212;1.02604
4887;0.20879;-1.95315;4.74882;2.0255;6.72748;-0.000738256;6.70123;-0.952417;1.02624
4888;0.20879;-1.95336;4.74861;2.02571;6.72768;-0.00073826;6.70123;-0.952621;1.02645
4889;0.20879;-1.95356;4.74841;2.02591;6.72789;-0.000738263;6.70123;-0.952826;1.02665
4890;0.20879;-1.95377;אןנ.82;2.02612;6.72809;-0.000738267;6.70123;-0.953031;1.02686
4891;0.20879;-1.95397;4.748;2.02632;6.72829;-0.000738271;6.70123;-0.953235;1.02706
4892;0.208791;-1.95418;4.74779;2.02653;ט‏ם.85;-0.000738275;6.70123;-0.95344;1.02727
4893;0.208791;-1.95438;4.74759;2.02673;ט‏ם.87;-0.000738279;6.70123;-0.953644;1.02747
4894;0.208791;-1.95459;4.74738;2.02694;6.72891;-0.000738283;6.70123;-0.953849;1.02768
4895;0.208791;-1.95479;4.74718;2.02714;6.72911;-0.000738286;6.70123;-0.954054;1.02788
4896;0.208791;-1.955;4.74697;2.02735;6.72932;-0.00073829;6.70123;-0.954258;1.02809
4897;0.208791;-1.9552;4.74677;2.02755;6.72952;-0.000738294;6.70123;-0.954463;1.02829
4898;0.208791;-1.95541;4.74656;2.02776;6.72973;-0.000738298;6.70123;-0.954668;1.0285
4899;0.208792;-1.95561;4.74636;2.02796;6.72993;-0.000738302;6.70123;-0.954872;1.0287
4900;0.208792;-1.95582;4.74615;2.02817;6.73014;-0.000738306;6.70123;-0.955077;1.02891
4901;0.208792;-1.95602;4.74595;2.02837;6.73034;-0.00073831;6.70123;-0.955282;1.02911
4902;0.208792;-1.95622;4.74574;2.02858;6.73055;-0.000738313;6.70123;-0.955486;1.02932
4903;0.208792;-1.95643;4.74554;2.02878;6.73075;-0.000738317;6.70123;-0.955691;1.02952
4904;0.208792;-1.95663;4.74533;2.02899;6.73096;-0.000738321;6.70123;-0.955896;1.02973
4905;0.208793;-1.95684;4.74513;2.02919;6.73116;-0.000738325;6.70123;-0.9561;1.02993
4906;0.208793;-1.95704;4.74492;2.0294;6.73137;-0.000738329;6.70123;-0.956305;1.03014
4907;0.208793;-1.95725;4.74472;2.0296;6.73157;-0.000738333;6.70123;-0.956509;1.03034
4908;0.208793;-1.95745;4.74451;2.02981;6.73178;-0.000738336;6.70123;-0.956714;1.03055
4909;0.208793;-1.95766;4.74431;2.03001;6.73198;-0.00073834;6.70123;-0.956919;1.03075
4910;0.208793;-1.95786;אןנ.41;2.03022;6.73219;-0.000738344;6.70123;-0.957123;1.03096
4911;0.208793;-1.95807;אןנ.39;2.03042;6.73239;-0.000738348;6.70123;-0.957328;1.03116
4912;0.208794;-1.95827;4.74369;2.03063;ט‏ם.26;-0.000738352;6.70123;-0.957533;1.03137
4913;0.208794;-1.95848;4.74349;2.03083;ט‏ם.28;-0.000738356;6.70123;-0.957737;1.03157
4914;0.208794;-1.95868;4.74329;2.03104;6.73301;-0.000738359;6.70123;-0.957942;1.03178
4915;0.208794;-1.95889;4.74308;2.03124;6.73321;-0.000738363;6.70123;-0.958147;1.03198
4916;0.208794;-1.95909;4.74288;2.03145;6.73341;-0.000738367;6.70123;-0.958351;1.03219
4917;0.208794;-1.95929;4.74267;2.03165;6.73362;-0.000738371;6.70123;-0.958556;1.03239
4918;0.208795;-1.9595;4.74247;2.03186;6.73382;-0.000738375;6.70123;-0.958761;1.0326
4919;0.208795;-1.9597;4.74226;2.03206;6.73403;-0.000738378;6.70123;-0.958965;1.0328
4920;0.208795;-1.95991;4.74206;2.03227;6.73423;-0.000738382;6.70123;-0.95917;1.03301
4921;0.208795;-1.96011;4.74185;2.03247;6.73444;-0.000738386;6.70123;-0.959375;1.03321
4922;0.208795;-1.96032;4.74165;2.03268;6.73464;-0.00073839;6.70123;-0.959579;1.03342
4923;0.208795;-1.96052;4.74144;2.03289;6.73485;-0.000738394;6.70123;-0.959784;1.03362
4924;0.208795;-1.96073;4.74124;2.03309;6.73505;-0.000738398;6.70122;-0.959989;1.03383
4925;0.208796;-1.96093;4.74103;2.0333;6.73526;-0.000738401;6.70122;-0.960193;1.03403
4926;0.208796;-1.96114;4.74083;2.0335;6.73546;-0.000738405;6.70122;-0.960398;1.03424
4927;0.208796;-1.96134;4.74062;2.03371;6.73567;-0.000738409;6.70122;-0.960603;1.03444
4928;0.208796;-1.96155;4.74042;2.03391;6.73587;-0.000738413;6.70122;-0.960807;1.03465
4929;0.208796;-1.96175;4.74021;2.03412;6.73608;-0.000738417;6.70122;-0.961012;1.03485
4930;0.208796;-1.96196;4.74001;2.03432;6.73628;-0.00073842;6.70122;-0.961217;1.03506
4931;0.208797;-1.96216;אןנ.98;2.03453;6.73649;-0.000738424;6.70122;-0.961422;1.03526
4932;0.208797;-1.96236;אןנ.96;2.03473;6.73669;-0.000738428;6.70122;-0.961626;1.03547
4933;0.208797;-1.96257;4.73939;2.03494;ט‏ם.69;-0.000738432;6.70122;-0.961831;1.03567
4934;0.208797;-1.96277;4.73919;2.03514;ט‏ם.71;-0.000738436;6.70122;-0.962036;1.03588
4935;0.208797;-1.96298;4.73898;2.03535;6.73731;-0.000738439;6.70122;-0.96224;1.03608
4936;0.208797;-1.96318;4.73878;2.03555;6.73751;-0.000738443;6.70122;-0.962445;1.03629
4937;0.208797;-1.96339;4.73857;2.03576;6.73772;-0.000738447;6.70122;-0.96265;1.03649
4938;0.208798;-1.96359;4.73837;2.03596;6.73792;-0.000738451;6.70122;-0.962854;1.0367
4939;0.208798;-1.9638;4.73816;2.03617;6.73813;-0.000738455;6.70122;-0.963059;1.0369
4940;0.208798;-1.964;4.73796;2.03637;6.73833;-0.000738458;6.70122;-0.963264;1.03711
4941;0.208798;-1.96421;4.73775;2.03658;6.73854;-0.000738462;6.70122;-0.963468;1.03731
4942;0.208798;-1.96441;4.73755;2.03678;6.73874;-0.000738466;6.70122;-0.963673;1.03752
4943;0.208798;-1.96462;4.73734;2.03699;6.73895;-0.00073847;6.70122;-0.963878;1.03772
4944;0.208799;-1.96482;4.73714;2.03719;6.73915;-0.000738474;6.70122;-0.964082;1.03793
4945;0.208799;-1.96503;4.73693;2.0374;6.73936;-0.000738477;6.70122;-0.964287;1.03813
4946;0.208799;-1.96523;4.73673;2.0376;6.73956;-0.000738481;6.70122;-0.964492;1.03834
4947;0.208799;-1.96544;4.73652;2.03781;6.73976;-0.000738485;6.70122;-0.964697;1.03855
4948;0.208799;-1.96564;4.73632;2.03801;6.73997;-0.000738489;6.70122;-0.964901;1.03875
4949;0.208799;-1.96584;4.73611;2.03822;6.74017;-0.000738493;6.70122;-0.965106;1.03896
4950;0.208799;-1.96605;4.73591;2.03842;6.74038;-0.000738496;6.70122;-0.965311;1.03916
4951;0.2088;-1.96625;אןנ.57;2.03863;6.74058;-0.0007385;6.70122;-0.965515;1.03937
4952;0.2088;-1.96646;אןנ.55;2.03883;6.74079;-0.000738504;6.70122;-0.96572;1.03957
4953;0.2088;-1.96666;4.73529;2.03904;6.74099;-0.000738508;6.70122;-0.965925;1.03978
4954;0.2088;-1.96687;4.73509;2.03924;ט‏ם.12;-0.000738511;6.70122;-0.96613;1.03998
4955;0.2088;-1.96707;4.73488;2.03945;ט‏ם.14;-0.000738515;6.70122;-0.966334;1.04019
4956;0.2088;-1.96728;4.73468;2.03965;6.74161;-0.000738519;6.70122;-0.966539;1.04039
4957;0.208801;-1.96748;4.73447;2.03986;6.74181;-0.000738523;6.70122;-0.966744;1.0406
4958;0.208801;-1.96769;4.73427;2.04006;6.74202;-0.000738527;6.70122;-0.966948;1.0408
4959;0.208801;-1.96789;4.73406;2.04027;6.74222;-0.00073853;6.70122;-0.967153;1.04101
4960;0.208801;-1.9681;4.73386;2.04047;6.74243;-0.000738534;6.70122;-0.967358;1.04121
4961;0.208801;-1.9683;4.73365;2.04068;6.74263;-0.000738538;6.70122;-0.967563;1.04142
4962;0.208801;-1.96851;4.73345;2.04088;6.74284;-0.000738542;6.70122;-0.967767;1.04162
4963;0.208801;-1.96871;4.73324;2.04109;6.74304;-0.000738545;6.70122;-0.967972;1.04183
4964;0.208802;-1.96892;4.73304;2.04129;6.74325;-0.000738549;6.70122;-0.968177;1.04203
4965;0.208802;-1.96912;4.73283;2.0415;6.74345;-0.000738553;6.70122;-0.968381;1.04224
4966;0.208802;-1.96932;4.73263;2.0417;6.74366;-0.000738557;6.70122;-0.968586;1.04244
4967;0.208802;-1.96953;4.73242;2.04191;6.74386;-0.00073856;6.70122;-0.968791;1.04265
4968;0.208802;-1.96973;4.73222;2.04211;6.74407;-0.000738564;6.70122;-0.968996;1.04285
4969;0.208802;-1.96994;4.73201;2.04232;6.74427;-0.000738568;6.70122;-0.9692;1.04306
4970;0.208802;-1.97014;4.73181;2.04252;6.74448;-0.000738572;6.70121;-0.969405;1.04326
4971;0.208803;-1.97035;אןנ.16;2.04273;6.74468;-0.000738576;6.70121;-0.96961;1.04347
4972;0.208803;-1.97055;אןנ.14;2.04293;6.74489;-0.000738579;6.70121;-0.969815;1.04367
4973;0.208803;-1.97076;4.73119;2.04314;6.74509;-0.000738583;6.70121;-0.970019;1.04388
4974;0.208803;-1.97096;4.73099;2.04334;ט‏ם.53;-0.000738587;6.70121;-0.970224;1.04408
4975;0.208803;-1.97117;4.73079;2.04355;ט‏ם.55;-0.000738591;6.70121;-0.970429;1.04429
4976;0.208803;-1.97137;4.73058;2.04375;6.74571;-0.000738594;6.70121;-0.970633;1.04449
4977;0.208804;-1.97158;4.73038;2.04396;6.74591;-0.000738598;6.70121;-0.970838;1.0447
4978;0.208804;-1.97178;4.73017;2.04416;6.74612;-0.000738602;6.70121;-0.971043;1.0449
4979;0.208804;-1.97199;4.72997;2.04437;6.74632;-0.000738606;6.70121;-0.971248;1.04511
4980;0.208804;-1.97219;4.72976;2.04457;6.74653;-0.000738609;6.70121;-0.971452;1.04531
4981;0.208804;-1.9724;4.72956;2.04478;6.74673;-0.000738613;6.70121;-0.971657;1.04552
4982;0.208804;-1.9726;4.72935;2.04499;6.74694;-0.000738617;6.70121;-0.971862;1.04572
4983;0.208804;-1.97281;4.72915;2.04519;6.74714;-0.000738621;6.70121;-0.972067;1.04593
4984;0.208805;-1.97301;4.72894;2.0454;6.74735;-0.000738624;6.70121;-0.972271;1.04613
4985;0.208805;-1.97321;4.72874;2.0456;6.74755;-0.000738628;6.70121;-0.972476;1.04634
4986;0.208805;-1.97342;4.72853;2.04581;6.74776;-0.000738632;6.70121;-0.972681;1.04654
4987;0.208805;-1.97362;4.72833;2.04601;6.74796;-0.000738636;6.70121;-0.972886;1.04675
4988;0.208805;-1.97383;4.72812;2.04622;6.74817;-0.000738639;6.70121;-0.97309;1.04695
4989;0.208805;-1.97403;4.72792;2.04642;6.74837;-0.000738643;6.70121;-0.973295;1.04716
4990;0.208806;-1.97424;4.72771;2.04663;6.74858;-0.000738647;6.70121;-0.9735;1.04736
4991;0.208806;-1.97444;4.72751;2.04683;6.74878;-0.000738651;6.70121;-0.973705;1.04757
4992;0.208806;-1.97465;אןנ.73;2.04704;6.74899;-0.000738654;6.70121;-0.973909;1.04777
4993;0.208806;-1.97485;אןנ.71;2.04724;6.74919;-0.000738658;6.70121;-0.974114;1.04798
4994;0.208806;-1.97506;4.72689;2.04745;6.74939;-0.000738662;6.70121;-0.974319;1.04819
4995;0.208806;-1.97526;4.72669;2.04765;ט‏ם.96;-0.000738666;6.70121;-0.974524;1.04839
4996;0.208806;-1.97547;4.72648;2.04786;ט‏ם.98;-0.000738669;6.70121;-0.974729;1.0486
4997;0.208807;-1.97567;4.72628;2.04806;6.75001;-0.000738673;6.70121;-0.974933;1.0488
4998;0.208807;-1.97588;4.72607;2.04827;6.75021;-0.000738677;6.70121;-0.975138;1.04901
4999;0.208807;-1.97608;4.72587;2.04847;6.75042;-0.00073868;6.70121;-0.975343;1.04921
5000;0.208807;-1.97629;4.72566;2.04868;6.75062;-0.000738684;6.70121;-0.975548;1.04942
5001;0.208807;-1.97649;4.72546;2.04888;6.75083;-0.000738688;6.70121;-0.975752;1.04962
5002;0.208807;-1.9767;4.72525;2.04909;6.75103;-0.000738692;6.70121;-0.975957;1.04983
5003;0.208807;-1.9769;4.72505;2.04929;6.75124;-0.000738695;6.70121;-0.976162;1.05003
5004;0.208808;-1.97711;4.72484;2.0495;6.75144;-0.000738699;6.70121;-0.976367;1.05024
5005;0.208808;-1.97731;4.72464;2.0497;6.75165;-0.000738703;6.70121;-0.976571;1.05044
5006;0.208808;-1.97751;4.72443;2.04991;6.75185;-0.000738707;6.70121;-0.976776;1.05065
5007;0.208808;-1.97772;4.72423;2.05011;6.75206;-0.00073871;6.70121;-0.976981;1.05085
5008;0.208808;-1.97792;4.72402;2.05032;6.75226;-0.000738714;6.70121;-0.977186;1.05106
5009;0.208808;-1.97813;4.72382;2.05052;6.75247;-0.000738718;6.70121;-0.977391;1.05126
5010;0.208809;-1.97833;4.72361;2.05073;6.75267;-0.000738721;6.70121;-0.977595;1.05147
5011;0.208809;-1.97854;4.72341;2.05093;6.75288;-0.000738725;6.70121;-0.9778;1.05167
5012;0.208809;-1.97874;אןנ.32;2.05114;6.75308;-0.000738729;6.70121;-0.978005;1.05188
5013;0.208809;-1.97895;4.723;2.05134;6.75329;-0.000738733;6.70121;-0.97821;1.05208
5014;0.208809;-1.97915;4.72279;2.05155;6.75349;-0.000738736;6.70121;-0.978414;1.05229
5015;0.208809;-1.97936;4.72259;2.05175;ט‏ם.37;-0.00073874;6.70121;-0.978619;1.05249
5016;0.208809;-1.97956;4.72238;2.05196;ט‏ם.39;-0.000738744;6.70121;-0.978824;1.0527
5017;0.20881;-1.97977;4.72218;2.05216;6.75411;-0.000738747;ט‏ם.12;-0.979029;1.0529
5018;0.20881;-1.97997;4.72197;2.05237;6.75431;-0.000738751;ט‏ם.12;-0.979234;1.05311
5019;0.20881;-1.98018;4.72177;2.05258;6.75452;-0.000738755;ט‏ם.12;-0.979438;1.05331
5020;0.20881;-1.98038;4.72156;2.05278;6.75472;-0.000738759;ט‏ם.12;-0.979643;1.05352
5021;0.20881;-1.98059;4.72136;2.05299;6.75493;-0.000738762;ט‏ם.12;-0.979848;1.05372
5022;0.20881;-1.98079;4.72115;2.05319;6.75513;-0.000738766;ט‏ם.12;-0.980053;1.05393
5023;0.208811;-1.981;4.72095;2.0534;6.75534;-0.00073877;ט‏ם.12;-0.980258;1.05413
5024;0.208811;-1.9812;4.72074;2.0536;6.75554;-0.000738773;ט‏ם.12;-0.980462;1.05434
5025;0.208811;-1.98141;4.72054;2.05381;6.75575;-0.000738777;ט‏ם.12;-0.980667;1.05454
5026;0.208811;-1.98161;4.72033;2.05401;6.75595;-0.000738781;ט‏ם.12;-0.980872;1.05475
5027;0.208811;-1.98182;4.72013;2.05422;6.75616;-0.000738784;ט‏ם.12;-0.981077;1.05496
5028;0.208811;-1.98202;4.71992;2.05442;6.75636;-0.000738788;ט‏ם.12;-0.981282;1.05516
5029;0.208811;-1.98223;4.71972;2.05463;6.75657;-0.000738792;ט‏ם.12;-0.981486;1.05537
5030;0.208812;-1.98243;4.71951;2.05483;6.75677;-0.000738796;ט‏ם.12;-0.981691;1.05557
5031;0.208812;-1.98263;4.71931;2.05504;6.75698;-0.000738799;ט‏ם.12;-0.981896;1.05578
5032;0.208812;-1.98284;אןנ.91;2.05524;6.75718;-0.000738803;ט‏ם.12;-0.982101;1.05598
5033;0.208812;-1.98304;אןנ.89;2.05545;6.75739;-0.000738807;ט‏ם.12;-0.982306;1.05619
5034;0.208812;-1.98325;4.71869;2.05565;6.75759;-0.00073881;ט‏ם.12;-0.98251;1.05639
5035;0.208812;-1.98345;4.71849;2.05586;ט‏ם.78;-0.000738814;ט‏ם.12;-0.982715;1.0566
5036;0.208812;-1.98366;4.71828;2.05606;6.758;-0.000738818;ט‏ם.12;-0.98292;1.0568
5037;0.208813;-1.98386;4.71808;2.05627;6.75821;-0.000738821;ט‏ם.12;-0.983125;1.05701
5038;0.208813;-1.98407;4.71787;2.05647;6.75841;-0.000738825;ט‏ם.12;-0.98333;1.05721
5039;0.208813;-1.98427;4.71767;2.05668;6.75862;-0.000738829;ט‏ם.12;-0.983534;1.05742
5040;0.208813;-1.98448;4.71746;2.05688;6.75882;-0.000738833;ט‏ם.12;-0.983739;1.05762
5041;0.208813;-1.98468;4.71726;2.05709;6.75903;-0.000738836;ט‏ם.12;-0.983944;1.05783
5042;0.208813;-1.98489;4.71705;2.05729;6.75923;-0.00073884;ט‏ם.12;-0.984149;1.05803
5043;0.208814;-1.98509;4.71685;2.0575;6.75944;-0.000738844;ט‏ם.12;-0.984354;1.05824
5044;0.208814;-1.9853;4.71664;2.0577;6.75964;-0.000738847;ט‏ם.12;-0.984559;1.05844
5045;0.208814;-1.9855;4.71644;2.05791;6.75985;-0.000738851;ט‏ם.12;-0.984763;1.05865
5046;0.208814;-1.98571;4.71623;2.05811;6.76005;-0.000738855;ט‏ם.12;-0.984968;1.05885
5047;0.208814;-1.98591;4.71603;2.05832;6.76026;-0.000738858;ט‏ם.12;-0.985173;1.05906
5048;0.208814;-1.98612;4.71582;2.05853;6.76046;-0.000738862;ט‏ם.12;-0.985378;1.05926
5049;0.208814;-1.98632;4.71562;2.05873;6.76067;-0.000738866;ט‏ם.12;-0.985583;1.05947
5050;0.208815;-1.98653;4.71541;2.05894;6.76087;-0.000738869;ט‏ם.12;-0.985788;1.05967
5051;0.208815;-1.98673;4.71521;2.05914;6.76108;-0.000738873;ט‏ם.12;-0.985992;1.05988
5052;0.208815;-1.98694;4.715;2.05935;6.76128;-0.000738877;ט‏ם.12;-0.986197;1.06008
5053;0.208815;-1.98714;אןנ.48;2.05955;6.76149;-0.00073888;ט‏ם.12;-0.986402;1.06029
5054;0.208815;-1.98735;4.71459;2.05976;6.76169;-0.000738884;ט‏ם.12;-0.986607;1.0605
5055;0.208815;-1.98755;4.71439;2.05996;ט‏ם.19;-0.000738888;ט‏ם.12;-0.986812;1.0607
5056;0.208815;-1.98776;4.71418;2.06017;ט‏ם.21;-0.000738891;ט‏ם.12;-0.987017;1.06091
5057;0.208816;-1.98796;4.71398;2.06037;6.76231;-0.000738895;ט‏ם.12;-0.987221;1.06111
5058;0.208816;-1.98817;4.71377;2.06058;6.76251;-0.000738899;ט‏ם.12;-0.987426;1.06132
5059;0.208816;-1.98837;4.71357;2.06078;6.76272;-0.000738902;ט‏ם.12;-0.987631;1.06152
5060;0.208816;-1.98857;4.71336;2.06099;6.76292;-0.000738906;ט‏ם.12;-0.987836;1.06173
5061;0.208816;-1.98878;4.71315;2.06119;6.76313;-0.00073891;ט‏ם.12;-0.988041;1.06193
5062;0.208816;-1.98898;4.71295;2.0614;6.76333;-0.000738913;ט‏ם.12;-0.988246;1.06214
5063;0.208817;-1.98919;4.71274;2.0616;6.76354;-0.000738917;ט‏ם.12;-0.98845;1.06234
5064;0.208817;-1.98939;4.71254;2.06181;6.76374;-0.000738921;ט‏ם.12;-0.988655;1.06255
5065;0.208817;-1.9896;4.71233;2.06201;6.76395;-0.000738924;6.70119;-0.98886;1.06275
5066;0.208817;-1.9898;4.71213;2.06222;6.76415;-0.000738928;6.70119;-0.989065;1.06296
5067;0.208817;-1.99001;4.71192;2.06242;6.76436;-0.000738932;6.70119;-0.98927;1.06316
5068;0.208817;-1.99021;4.71172;2.06263;6.76456;-0.000738935;6.70119;-0.989475;1.06337
5069;0.208817;-1.99042;4.71151;2.06283;6.76477;-0.000738939;6.70119;-0.989679;1.06357
5070;0.208818;-1.99062;4.71131;2.06304;6.76497;-0.000738943;6.70119;-0.989884;1.06378
5071;0.208818;-1.99083;אןנ.11;2.06324;6.76518;-0.000738946;6.70119;-0.990089;1.06398
5072;0.208818;-1.99103;אןנ.09;2.06345;6.76538;-0.00073895;6.70119;-0.990294;1.06419
5073;0.208818;-1.99124;4.71069;2.06366;6.76559;-0.000738954;6.70119;-0.990499;1.06439
5074;0.208818;-1.99144;4.71049;2.06386;6.76579;-0.000738957;6.70119;-0.990704;1.0646
5075;0.208818;-1.99165;4.71028;2.06407;6.766;-0.000738961;6.70119;-0.990909;1.0648
5076;0.208818;-1.99185;4.71008;2.06427;ט‏ם.62;-0.000738965;6.70119;-0.991113;1.06501
5077;0.208819;-1.99206;4.70987;2.06448;6.76641;-0.000738968;6.70119;-0.991318;1.06522
5078;0.208819;-1.99226;4.70967;2.06468;6.76661;-0.000738972;6.70119;-0.991523;1.06542
5079;0.208819;-1.99247;4.70946;2.06489;6.76682;-0.000738975;6.70119;-0.991728;1.06563
5080;0.208819;-1.99267;4.70926;2.06509;6.76702;-0.000738979;6.70119;-0.991933;1.06583
5081;0.208819;-1.99288;4.70905;2.0653;6.76723;-0.000738983;6.70119;-0.992138;1.06604
5082;0.208819;-1.99308;4.70885;2.0655;6.76743;-0.000738986;6.70119;-0.992343;1.06624
5083;0.208819;-1.99329;4.70864;2.06571;6.76764;-0.00073899;6.70119;-0.992548;1.06645
5084;0.20882;-1.99349;4.70844;2.06591;6.76784;-0.000738994;6.70119;-0.992752;1.06665
5085;0.20882;-1.9937;4.70823;2.06612;6.76805;-0.000738997;6.70119;-0.992957;1.06686
5086;0.20882;-1.9939;4.70803;2.06632;6.76825;-0.000739001;6.70119;-0.993162;1.06706
5087;0.20882;-1.99411;4.70782;2.06653;6.76846;-0.000739005;6.70119;-0.993367;1.06727
5088;0.20882;-1.99431;4.70762;2.06673;6.76866;-0.000739008;6.70119;-0.993572;1.06747
5089;0.20882;-1.99452;4.70741;2.06694;6.76887;-0.000739012;6.70119;-0.993777;1.06768
5090;0.208821;-1.99472;4.70721;2.06714;6.76907;-0.000739016;6.70119;-0.993982;1.06788
5091;0.208821;-1.99493;4.707;2.06735;6.76928;-0.000739019;6.70119;-0.994187;1.06809
5092;0.208821;-1.99513;אןנ.68;2.06755;6.76948;-0.000739023;6.70119;-0.994391;1.06829
5093;0.208821;-1.99534;4.70659;2.06776;6.76969;-0.000739026;6.70119;-0.994596;1.0685
5094;0.208821;-1.99554;4.70639;2.06797;6.76989;-0.00073903;6.70119;-0.994801;1.0687
5095;0.208821;-1.99575;4.70618;2.06817;ט‏ם.01;-0.000739034;6.70119;-0.995006;1.06891
5096;0.208821;-1.99595;4.70598;2.06838;ט‏ם.03;-0.000739037;6.70119;-0.995211;1.06911
5097;0.208822;-1.99615;4.70577;2.06858;6.77051;-0.000739041;6.70119;-0.995416;1.06932
5098;0.208822;-1.99636;4.70557;2.06879;6.77071;-0.000739045;6.70119;-0.995621;1.06953
5099;0.208822;-1.99656;4.70536;2.06899;6.77092;-0.000739048;6.70119;-0.995826;1.06973
5100;0.208822;-1.99677;4.70516;2.0692;6.77112;-0.000739052;6.70119;-0.99603;1.06994
5101;0.208822;-1.99697;4.70495;2.0694;6.77133;-0.000739055;6.70119;-0.996235;1.07014
5102;0.208822;-1.99718;4.70475;2.06961;6.77153;-0.000739059;6.70119;-0.99644;1.07035
5103;0.208822;-1.99738;4.70454;2.06981;6.77174;-0.000739063;6.70119;-0.996645;1.07055
5104;0.208823;-1.99759;4.70434;2.07002;6.77194;-0.000739066;6.70119;-0.99685;1.07076
5105;0.208823;-1.99779;4.70413;2.07022;6.77215;-0.00073907;6.70119;-0.997055;1.07096
5106;0.208823;-1.998;4.70393;2.07043;6.77235;-0.000739074;6.70119;-0.99726;1.07117
5107;0.208823;-1.9982;4.70372;2.07063;6.77256;-0.000739077;6.70119;-0.997465;1.07137
5108;0.208823;-1.99841;4.70352;2.07084;6.77276;-0.000739081;6.70119;-0.99767;1.07158
5109;0.208823;-1.99861;4.70331;2.07104;6.77297;-0.000739084;6.70119;-0.997875;1.07178
5110;0.208823;-1.99882;4.70311;2.07125;6.77317;-0.000739088;6.70119;-0.998079;1.07199
5111;0.208824;-1.99902;אןנ.29;2.07145;6.77338;-0.000739092;6.70119;-0.998284;1.07219
5112;0.208824;-1.99923;אןנ.27;2.07166;6.77358;-0.000739095;6.70119;-0.998489;1.0724
5113;0.208824;-1.99943;4.70249;2.07186;6.77379;-0.000739099;6.70119;-0.998694;1.0726
5114;0.208824;-1.99964;4.70229;2.07207;6.77399;-0.000739102;6.70118;-0.998899;1.07281
5115;0.208824;-1.99984;4.70208;2.07228;ט‏ם.42;-0.000739106;6.70118;-0.999104;1.07301
5116;0.208824;-2.00005;4.70188;2.07248;ט‏ם.44;-0.00073911;6.70118;-0.999309;1.07322
5117;0.208825;-2.00025;4.70167;2.07269;6.77461;-0.000739113;6.70118;-0.999514;1.07343
5118;0.208825;-2.00046;4.70147;2.07289;6.77481;-0.000739117;6.70118;-0.999719;1.07363
5119;0.208825;-2.00066;4.70126;2.0731;6.77502;-0.00073912;6.70118;-0.999924;1.07384
5120;0.208825;-2.00087;4.70106;2.0733;6.77522;-0.000739124;6.70118;-1.00013;1.07404
5121;0.208825;-2.00107;4.70085;2.07351;6.77543;-0.000739128;6.70118;-1.00033;1.07425
5122;0.208825;-2.00128;4.70065;2.07371;6.77563;-0.000739131;6.70118;-1.00054;1.07445
5123;0.208825;-2.00148;4.70044;2.07392;6.77584;-0.000739135;6.70118;-1.00074;1.07466
5124;0.208826;-2.00169;4.70023;2.07412;6.77604;-0.000739138;6.70118;-1.00095;1.07486
5125;0.208826;-2.00189;4.70003;2.07433;6.77625;-0.000739142;6.70118;-1.00115;1.07507
5126;0.208826;-2.0021;4.69982;2.07453;6.77646;-0.000739146;6.70118;-1.00136;1.07527
5127;0.208826;-2.0023;4.69962;2.07474;6.77666;-0.000739149;6.70118;-1.00156;1.07548
5128;0.208826;-2.00251;4.69941;2.07494;6.77687;-0.000739153;6.70118;-1.00177;1.07568
5129;0.208826;-2.00271;4.69921;2.07515;6.77707;-0.000739156;6.70118;-1.00197;1.07589
5130;0.208826;-2.00292;4.699;2.07535;6.77728;-0.00073916;6.70118;-1.00218;1.07609
5131;0.208827;-2.00312;אןנ.88;2.07556;6.77748;-0.000739164;6.70118;-1.00238;1.0763
5132;0.208827;-2.00333;4.69859;2.07577;6.77769;-0.000739167;6.70118;-1.00259;1.0765
5133;0.208827;-2.00353;4.69839;2.07597;6.77789;-0.000739171;6.70118;-1.00279;1.07671
5134;0.208827;-2.00374;4.69818;2.07618;ט‏ם.81;-0.000739174;6.70118;-1.003;1.07691
5135;0.208827;-2.00394;4.69798;2.07638;ט‏ם.83;-0.000739178;6.70118;-1.0032;1.07712
5136;0.208827;-2.00415;4.69777;2.07659;6.77851;-0.000739182;6.70118;-1.00341;1.07733
5137;0.208827;-2.00435;4.69757;2.07679;6.77871;-0.000739185;6.70118;-1.00361;1.07753
5138;0.208828;-2.00456;4.69736;2.077;6.77892;-0.000739189;6.70118;-1.00382;1.07774
5139;0.208828;-2.00476;4.69716;2.0772;6.77912;-0.000739192;6.70118;-1.00402;1.07794
5140;0.208828;-2.00497;4.69695;2.07741;6.77933;-0.000739196;6.70118;-1.00423;1.07815
5141;0.208828;-2.00517;4.69675;2.07761;6.77953;-0.000739199;6.70118;-1.00443;1.07835
5142;0.208828;-2.00538;4.69654;2.07782;6.77974;-0.000739203;6.70118;-1.00464;1.07856
5143;0.208828;-2.00558;4.69634;2.07802;6.77994;-0.000739207;6.70118;-1.00484;1.07876
5144;0.208828;-2.00579;4.69613;2.07823;6.78015;-0.00073921;6.70118;-1.00505;1.07897
5145;0.208829;-2.00599;4.69593;2.07843;6.78035;-0.000739214;6.70118;-1.00525;1.07917
5146;0.208829;-2.0062;4.69572;2.07864;6.78056;-0.000739217;6.70118;-1.00546;1.07938
5147;0.208829;-2.0064;4.69552;2.07884;6.78076;-0.000739221;6.70118;-1.00566;1.07958
5148;0.208829;-2.00661;4.69531;2.07905;6.78097;-0.000739224;6.70118;-1.00587;1.07979
5149;0.208829;-2.00681;4.69511;2.07926;6.78117;-0.000739228;6.70118;-1.00607;1.07999
5150;0.208829;-2.00702;אןנ.49;2.07946;6.78138;-0.000739232;6.70118;-1.00628;1.0802
5151;0.20883;-2.00722;אןנ.47;2.07967;6.78158;-0.000739235;6.70118;-1.00648;1.0804
5152;0.20883;-2.00743;4.69449;2.07987;6.78179;-0.000739239;6.70118;-1.00669;1.08061
5153;0.20883;-2.00763;4.69429;2.08008;6.78199;-0.000739242;6.70118;-1.00689;1.08082
5154;0.20883;-2.00784;4.69408;2.08028;ט‏ם.22;-0.000739246;6.70118;-1.0071;1.08102
5155;0.20883;-2.00804;4.69388;2.08049;ט‏ם.24;-0.000739249;6.70118;-1.0073;1.08123
5156;0.20883;-2.00825;4.69367;2.08069;6.78261;-0.000739253;6.70118;-1.00751;1.08143
5157;0.20883;-2.00845;4.69347;2.0809;6.78281;-0.000739257;6.70118;-1.00771;1.08164
5158;0.208831;-2.00866;4.69326;2.0811;6.78302;-0.00073926;6.70118;-1.00792;1.08184
5159;0.208831;-2.00886;4.69306;2.08131;6.78322;-0.000739264;6.70118;-1.00812;1.08205
5160;0.208831;-2.00907;4.69285;2.08151;6.78343;-0.000739267;6.70118;-1.00833;1.08225
5161;0.208831;-2.00927;4.69264;2.08172;6.78363;-0.000739271;6.70118;-1.00853;1.08246
5162;0.208831;-2.00948;4.69244;2.08192;6.78384;-0.000739274;6.70118;-1.00874;1.08266
5163;0.208831;-2.00968;4.69223;2.08213;6.78404;-0.000739278;6.70118;-1.00894;1.08287
5164;0.208831;-2.00989;4.69203;2.08233;6.78425;-0.000739282;6.70118;-1.00915;1.08307
5165;0.208832;-2.01009;4.69182;2.08254;6.78445;-0.000739285;6.70117;-1.00935;1.08328
5166;0.208832;-2.01029;4.69162;2.08275;6.78466;-0.000739289;6.70117;-1.00956;1.08348
5167;0.208832;-2.0105;4.69141;2.08295;6.78486;-0.000739292;6.70117;-1.00976;1.08369
5168;0.208832;-2.0107;4.69121;2.08316;6.78507;-0.000739296;6.70117;-1.00997;1.0839
5169;0.208832;-2.01091;4.691;2.08336;6.78527;-0.000739299;6.70117;-1.01017;1.0841
5170;0.208832;-2.01111;אןנ.08;2.08357;6.78548;-0.000739303;6.70117;-1.01038;1.08431
5171;0.208832;-2.01132;4.69059;2.08377;6.78568;-0.000739306;6.70117;-1.01058;1.08451
5172;0.208833;-2.01152;4.69039;2.08398;6.78589;-0.00073931;6.70117;-1.01079;1.08472
5173;0.208833;-2.01173;4.69018;2.08418;ט‏ם.61;-0.000739313;6.70117;-1.01099;1.08492
5174;0.208833;-2.01193;4.68998;2.08439;ט‏ם.63;-0.000739317;6.70117;-1.0112;1.08513
5175;0.208833;-2.01214;4.68977;2.08459;6.78651;-0.000739321;6.70117;-1.0114;1.08533
5176;0.208833;-2.01234;4.68957;2.0848;6.78671;-0.000739324;6.70117;-1.01161;1.08554
5177;0.208833;-2.01255;4.68936;2.085;6.78692;-0.000739328;6.70117;-1.01181;1.08574
5178;0.208833;-2.01275;4.68916;2.08521;6.78712;-0.000739331;6.70117;-1.01202;1.08595
5179;0.208834;-2.01296;4.68895;2.08541;6.78733;-0.000739335;6.70117;-1.01222;1.08615
5180;0.208834;-2.01316;4.68875;2.08562;6.78753;-0.000739338;6.70117;-1.01243;1.08636
5181;0.208834;-2.01337;4.68854;2.08583;6.78774;-0.000739342;6.70117;-1.01263;1.08656
5182;0.208834;-2.01357;4.68834;2.08603;6.78794;-0.000739345;6.70117;-1.01284;1.08677
5183;0.208834;-2.01378;4.68813;2.08624;6.78815;-0.000739349;6.70117;-1.01304;1.08698
5184;0.208834;-2.01398;4.68793;2.08644;6.78835;-0.000739352;6.70117;-1.01325;1.08718
5185;0.208834;-2.01419;4.68772;2.08665;6.78856;-0.000739356;6.70117;-1.01345;1.08739
5186;0.208835;-2.01439;4.68752;2.08685;6.78876;-0.00073936;6.70117;-1.01366;1.08759
5187;0.208835;-2.0146;4.68731;2.08706;6.78897;-0.000739363;6.70117;-1.01386;1.0878
5188;0.208835;-2.0148;4.68711;2.08726;6.78917;-0.000739367;6.70117;-1.01407;1.088
5189;0.208835;-2.01501;אןנ.69;2.08747;6.78938;-0.00073937;6.70117;-1.01427;1.08821
5190;0.208835;-2.01521;4.68669;2.08767;6.78958;-0.000739374;6.70117;-1.01448;1.08841
5191;0.208835;-2.01542;4.68649;2.08788;6.78979;-0.000739377;6.70117;-1.01468;1.08862
5192;0.208835;-2.01562;4.68628;2.08808;6.78999;-0.000739381;6.70117;-1.01489;1.08882
5193;0.208836;-2.01583;4.68608;2.08829;ט‏ם.02;-0.000739384;6.70117;-1.01509;1.08903
5194;0.208836;-2.01603;4.68587;2.08849;ט‏ם.04;-0.000739388;6.70117;-1.0153;1.08923
5195;0.208836;-2.01624;4.68567;2.0887;6.79061;-0.000739391;6.70117;-1.0155;1.08944
5196;0.208836;-2.01644;4.68546;2.08891;6.79081;-0.000739395;6.70117;-1.01571;1.08964
5197;0.208836;-2.01665;4.68526;2.08911;6.79102;-0.000739398;6.70117;-1.01591;1.08985
5198;0.208836;-2.01685;4.68505;2.08932;6.79122;-0.000739402;6.70117;-1.01612;1.09006
5199;0.208836;-2.01706;4.68485;2.08952;6.79143;-0.000739405;6.70117;-1.01632;1.09026
5200;0.208837;-2.01726;4.68464;2.08973;6.79163;-0.000739409;6.70117;-1.01653;1.09047
5201;0.208837;-2.01747;4.68444;2.08993;6.79184;-0.000739412;6.70117;-1.01673;1.09067
5202;0.208837;-2.01767;4.68423;2.09014;6.79204;-0.000739416;6.70117;-1.01694;1.09088
5203;0.208837;-2.01788;4.68403;2.09034;6.79225;-0.000739419;6.70117;-1.01714;1.09108
5204;0.208837;-2.01808;4.68382;2.09055;6.79245;-0.000739423;6.70117;-1.01735;1.09129
5205;0.208837;-2.01829;4.68362;2.09075;6.79266;-0.000739426;6.70117;-1.01755;1.09149
5206;0.208837;-2.01849;4.68341;2.09096;6.79287;-0.00073943;6.70117;-1.01776;1.0917
5207;0.208838;-2.0187;4.68321;2.09116;6.79307;-0.000739433;6.70117;-1.01796;1.0919
5208;0.208838;-2.0189;4.683;2.09137;6.79328;-0.000739437;6.70117;-1.01817;1.09211
5209;0.208838;-2.01911;אןנ.28;2.09157;6.79348;-0.000739441;6.70117;-1.01837;1.09231
5210;0.208838;-2.01931;4.68259;2.09178;6.79369;-0.000739444;6.70117;-1.01858;1.09252
5211;0.208838;-2.01952;4.68239;2.09199;6.79389;-0.000739448;6.70117;-1.01878;1.09273
5212;0.208838;-2.01972;4.68218;2.09219;ט‏ם.41;-0.000739451;6.70117;-1.01899;1.09293
5213;0.208838;-2.01993;4.68198;2.0924;ט‏ם.43;-0.000739455;6.70117;-1.01919;1.09314
5214;0.208839;-2.02013;4.68177;2.0926;6.79451;-0.000739458;6.70117;-1.0194;1.09334
5215;0.208839;-2.02034;4.68156;2.09281;6.79471;-0.000739462;6.70117;-1.0196;1.09355
5216;0.208839;-2.02054;4.68136;2.09301;6.79492;-0.000739465;6.70117;-1.01981;1.09375
5217;0.208839;-2.02075;4.68115;2.09322;6.79512;-0.000739469;6.70116;-1.02001;1.09396
5218;0.208839;-2.02095;4.68095;2.09342;6.79533;-0.000739472;6.70116;-1.02022;1.09416
5219;0.208839;-2.02116;4.68074;2.09363;6.79553;-0.000739476;6.70116;-1.02042;1.09437
5220;0.208839;-2.02137;4.68054;2.09383;6.79574;-0.000739479;6.70116;-1.02063;1.09457
5221;0.20884;-2.02157;4.68033;2.09404;6.79594;-0.000739483;6.70116;-1.02083;1.09478
5222;0.20884;-2.02178;4.68013;2.09424;6.79615;-0.000739486;6.70116;-1.02104;1.09498
5223;0.20884;-2.02198;4.67992;2.09445;6.79635;-0.00073949;6.70116;-1.02124;1.09519
5224;0.20884;-2.02219;4.67972;2.09466;6.79656;-0.000739493;6.70116;-1.02145;1.0954
5225;0.20884;-2.02239;4.67951;2.09486;6.79676;-0.000739497;6.70116;-1.02165;1.0956
5226;0.20884;-2.0226;4.67931;2.09507;6.79697;-0.0007395;6.70116;-1.02186;1.09581
5227;0.208841;-2.0228;אןנ.91;2.09527;6.79717;-0.000739504;6.70116;-1.02206;1.09601
5228;0.208841;-2.02301;אןנ.89;2.09548;6.79738;-0.000739507;6.70116;-1.02227;1.09622
5229;0.208841;-2.02321;4.67869;2.09568;6.79758;-0.000739511;6.70116;-1.02247;1.09642
5230;0.208841;-2.02342;4.67849;2.09589;6.79779;-0.000739514;6.70116;-1.02268;1.09663
5231;0.208841;-2.02362;4.67828;2.09609;6.79799;-0.000739517;6.70116;-1.02288;1.09683
5232;0.208841;-2.02383;4.67808;2.0963;ט‏ם.82;-0.000739521;6.70116;-1.02309;1.09704
5233;0.208841;-2.02403;4.67787;2.0965;6.79841;-0.000739524;6.70116;-1.02329;1.09724
5234;0.208842;-2.02424;4.67767;2.09671;6.79861;-0.000739528;6.70116;-1.0235;1.09745
5235;0.208842;-2.02444;4.67746;2.09691;6.79882;-0.000739531;6.70116;-1.0237;1.09765
5236;0.208842;-2.02465;4.67726;2.09712;6.79902;-0.000739535;6.70116;-1.02391;1.09786
5237;0.208842;-2.02485;4.67705;2.09733;6.79923;-0.000739538;6.70116;-1.02411;1.09807
5238;0.208842;-2.02506;4.67684;2.09753;6.79943;-0.000739542;6.70116;-1.02432;1.09827
5239;0.208842;-2.02526;4.67664;2.09774;6.79964;-0.000739545;6.70116;-1.02452;1.09848
5240;0.208842;-2.02547;4.67643;2.09794;6.79984;-0.000739549;6.70116;-1.02473;1.09868
5241;0.208843;-2.02567;4.67623;2.09815;6.80005;-0.000739552;6.70116;-1.02493;1.09889
5242;0.208843;-2.02588;4.67602;2.09835;6.80025;-0.000739556;6.70116;-1.02514;1.09909
5243;0.208843;-2.02608;4.67582;2.09856;6.80046;-0.000739559;6.70116;-1.02534;1.0993
5244;0.208843;-2.02629;4.67561;2.09876;6.80066;-0.000739563;6.70116;-1.02555;1.0995
5245;0.208843;-2.02649;4.67541;2.09897;6.80087;-0.000739566;6.70116;-1.02575;1.09971
5246;0.208843;-2.0267;אןנ.52;2.09917;6.80107;-0.00073957;6.70116;-1.02596;1.09991
5247;0.208843;-2.0269;4.675;2.09938;6.80128;-0.000739573;6.70116;-1.02616;1.10012
5248;0.208843;-2.02711;4.67479;2.09958;6.80148;-0.000739577;6.70116;-1.02637;1.10032
5249;0.208844;-2.02731;4.67459;2.09979;6.80169;-0.00073958;6.70116;-1.02657;1.10053
5250;0.208844;-2.02752;4.67438;02.ÿםג;6.80189;-0.000739584;6.70116;-1.02678;1.10074
5251;0.208844;-2.02772;4.67418;2.1002;ט‏ם.21;-0.000739587;6.70116;-1.02698;1.10094
5252;0.208844;-2.02793;4.67397;2.10041;ט‏ם.23;-0.000739591;6.70116;-1.02719;1.10115
5253;0.208844;-2.02813;4.67377;2.10061;6.80251;-0.000739594;6.70116;-1.02739;1.10135
5254;0.208844;-2.02834;4.67356;2.10082;6.80271;-0.000739597;6.70116;-1.0276;1.10156
5255;0.208844;-2.02854;4.67336;2.10102;6.80292;-0.000739601;6.70116;-1.0278;1.10176
5256;0.208845;-2.02875;4.67315;2.10123;6.80313;-0.000739604;6.70116;-1.02801;1.10197
5257;0.208845;-2.02895;4.67294;2.10143;6.80333;-0.000739608;6.70116;-1.02821;1.10217
5258;0.208845;-2.02916;4.67274;2.10164;6.80354;-0.000739611;6.70116;-1.02842;1.10238
5259;0.208845;-2.02936;4.67253;2.10184;6.80374;-0.000739615;6.70116;-1.02862;1.10258
5260;0.208845;-2.02957;4.67233;2.10205;6.80395;-0.000739618;6.70116;-1.02883;1.10279
5261;0.208845;-2.02977;4.67212;2.10226;6.80415;-0.000739622;6.70116;-1.02903;1.10299
5262;0.208845;-2.02998;4.67192;2.10246;6.80436;-0.000739625;6.70116;-1.02924;1.1032
5263;0.208846;-2.03018;4.67171;2.10267;6.80456;-0.000739629;6.70116;-1.02944;1.10341
5264;0.208846;-2.03039;4.67151;2.10287;6.80477;-0.000739632;6.70116;-1.02965;1.10361
5265;0.208846;-2.03059;אןנ.13;2.10308;6.80497;-0.000739636;6.70116;-1.02985;1.10382
5266;0.208846;-2.0308;אןנ.11;2.10328;6.80518;-0.000739639;6.70116;-1.03006;1.10402
5267;0.208846;-2.031;4.67089;2.10349;6.80538;-0.000739642;6.70116;-1.03026;1.10423
5268;0.208846;-2.03121;4.67069;2.10369;6.80559;-0.000739646;6.70116;-1.03047;1.10443
5269;0.208846;-2.03141;4.67048;2.1039;6.80579;-0.000739649;6.70116;-1.03067;1.10464
5270;0.208847;-2.03162;4.67028;2.1041;6.806;-0.000739653;6.70115;-1.03088;1.10484
5271;0.208847;-2.03182;4.67007;2.10431;ט‏ם.62;-0.000739656;6.70115;-1.03108;1.10505
5272;0.208847;-2.03203;4.66987;2.10451;6.80641;-0.00073966;6.70115;-1.03129;1.10525
5273;0.208847;-2.03223;4.66966;2.10472;6.80661;-0.000739663;6.70115;-1.03149;1.10546
5274;0.208847;-2.03244;4.66946;2.10493;6.80682;-0.000739667;6.70115;-1.0317;1.10567
5275;0.208847;-2.03264;4.66925;2.10513;6.80702;-0.00073967;6.70115;-1.0319;1.10587
5276;0.208847;-2.03285;4.66904;2.10534;6.80723;-0.000739673;6.70115;-1.03211;1.10608
5277;0.208848;-2.03305;4.66884;2.10554;6.80744;-0.000739677;6.70115;-1.03231;1.10628
5278;0.208848;-2.03326;4.66863;2.10575;6.80764;-0.00073968;6.70115;-1.03252;1.10649
5279;0.208848;-2.03346;4.66843;2.10595;6.80785;-0.000739684;6.70115;-1.03272;1.10669
5280;0.208848;-2.03367;4.66822;2.10616;6.80805;-0.000739687;6.70115;-1.03293;1.1069
5281;0.208848;-2.03387;4.66802;2.10636;6.80826;-0.000739691;6.70115;-1.03313;1.1071
5282;0.208848;-2.03408;4.66781;2.10657;6.80846;-0.000739694;6.70115;-1.03334;1.10731
5283;0.208848;-2.03428;4.66761;2.10677;6.80867;-0.000739698;6.70115;-1.03354;1.10751
5284;0.208849;-2.03449;אןנ.74;2.10698;6.80887;-0.000739701;6.70115;-1.03375;1.10772
5285;0.208849;-2.03469;אןנ.72;2.10719;6.80908;-0.000739704;6.70115;-1.03395;1.10793
5286;0.208849;-2.0349;4.66699;2.10739;6.80928;-0.000739708;6.70115;-1.03416;1.10813
5287;0.208849;-2.0351;4.66679;2.1076;6.80949;-0.000739711;6.70115;-1.03437;1.10834
5288;0.208849;-2.03531;4.66658;2.1078;6.80969;-0.000739715;6.70115;-1.03457;1.10854
5289;0.208849;-2.03552;4.66638;2.10801;ט‏ם.99;-0.000739718;6.70115;-1.03478;1.10875
5290;0.208849;-2.03572;4.66617;2.10821;ט‏ם.01;-0.000739722;6.70115;-1.03498;1.10895
5291;0.20885;-2.03593;4.66597;2.10842;6.81031;-0.000739725;6.70115;-1.03519;1.10916
5292;0.20885;-2.03613;4.66576;2.10862;6.81051;-0.000739728;6.70115;-1.03539;1.10936
5293;0.20885;-2.03634;4.66556;2.10883;6.81072;-0.000739732;6.70115;-1.0356;1.10957
5294;0.20885;-2.03654;4.66535;2.10903;6.81093;-0.000739735;6.70115;-1.0358;1.10977
5295;0.20885;-2.03675;4.66514;2.10924;6.81113;-0.000739739;6.70115;-1.03601;1.10998
5296;0.20885;-2.03695;4.66494;2.10945;6.81134;-0.000739742;6.70115;-1.03621;1.11019
5297;0.20885;-2.03716;4.66473;2.10965;6.81154;-0.000739746;6.70115;-1.03642;1.11039
5298;0.208851;-2.03736;4.66453;2.10986;6.81175;-0.000739749;6.70115;-1.03662;1.1106
5299;0.208851;-2.03757;4.66432;2.11006;6.81195;-0.000739752;6.70115;-1.03683;1.1108
5300;0.208851;-2.03777;4.66412;2.11027;6.81216;-0.000739756;6.70115;-1.03703;1.11101
5301;0.208851;-2.03798;4.66391;2.11047;6.81236;-0.000739759;6.70115;-1.03724;1.11121
5302;0.208851;-2.03818;4.66371;2.11068;6.81257;-0.000739763;6.70115;-1.03744;1.11142
5303;0.208851;-2.03839;אןנ.35;2.11088;6.81277;-0.000739766;6.70115;-1.03765;1.11162
5304;0.208851;-2.03859;אןנ.33;2.11109;6.81298;-0.000739769;6.70115;-1.03785;1.11183
5305;0.208852;-2.0388;4.66309;2.11129;6.81318;-0.000739773;6.70115;-1.03806;1.11203
5306;0.208852;-2.039;4.66289;2.1115;6.81339;-0.000739776;6.70115;-1.03826;1.11224
5307;0.208852;-2.03921;4.66268;2.11171;6.81359;-0.00073978;6.70115;-1.03847;1.11245
5308;0.208852;-2.03941;4.66248;2.11191;ט‏ם.38;-0.000739783;6.70115;-1.03867;1.11265
5309;0.208852;-2.03962;4.66227;2.11212;6.814;-0.000739787;6.70115;-1.03888;1.11286
5310;0.208852;-2.03982;4.66206;2.11232;6.81421;-0.00073979;6.70115;-1.03908;1.11306
5311;0.208852;-2.04003;4.66186;2.11253;6.81441;-0.000739793;6.70115;-1.03929;1.11327
5312;0.208853;-2.04023;4.66165;2.11273;6.81462;-0.000739797;6.70115;-1.03949;1.11347
5313;0.208853;-2.04044;4.66145;2.11294;6.81483;-0.0007398;6.70115;-1.0397;1.11368
5314;0.208853;-2.04064;4.66124;2.11314;6.81503;-0.000739804;6.70115;-1.0399;1.11388
5315;0.208853;-2.04085;4.66104;2.11335;6.81524;-0.000739807;6.70115;-1.04011;1.11409
5316;0.208853;-2.04105;4.66083;2.11355;6.81544;-0.00073981;6.70115;-1.04031;1.11429
5317;0.208853;-2.04126;4.66063;2.11376;6.81565;-0.000739814;6.70115;-1.04052;1.1145
5318;0.208853;-2.04146;4.66042;2.11397;6.81585;-0.000739817;6.70115;-1.04072;1.11471
5319;0.208854;-2.04167;4.66022;2.11417;6.81606;-0.000739821;6.70115;-1.04093;1.11491
5320;0.208854;-2.04187;4.66001;2.11438;6.81626;-0.000739824;6.70115;-1.04113;1.11512
5321;0.208854;-2.04208;4.65981;2.11458;6.81647;-0.000739827;6.70115;-1.04134;1.11532
5322;0.208854;-2.04228;אןנ.96;2.11479;6.81667;-0.000739831;6.70115;-1.04154;1.11553
5323;0.208854;-2.04249;אןנ.94;2.11499;6.81688;-0.000739834;6.70115;-1.04175;1.11573
5324;0.208854;-2.04269;4.65919;2.1152;6.81708;-0.000739838;6.70115;-1.04195;1.11594
5325;0.208854;-2.0429;4.65899;2.1154;6.81729;-0.000739841;6.70115;-1.04216;1.11614
5326;0.208854;-2.0431;4.65878;2.11561;6.81749;-0.000739844;6.70114;-1.04237;1.11635
5327;0.208855;-2.04331;4.65857;2.11582;ט‏ם.77;-0.000739848;6.70114;-1.04257;1.11655
5328;0.208855;-2.04352;4.65837;2.11602;6.81791;-0.000739851;6.70114;-1.04278;1.11676
5329;0.208855;-2.04372;4.65816;2.11623;6.81811;-0.000739855;6.70114;-1.04298;1.11697
5330;0.208855;-2.04393;4.65796;2.11643;6.81832;-0.000739858;6.70114;-1.04319;1.11717
5331;0.208855;-2.04413;4.65775;2.11664;6.81852;-0.000739861;6.70114;-1.04339;1.11738
5332;0.208855;-2.04434;4.65755;2.11684;6.81873;-0.000739865;6.70114;-1.0436;1.11758
5333;0.208855;-2.04454;4.65734;2.11705;6.81893;-0.000739868;6.70114;-1.0438;1.11779
5334;0.208856;-2.04475;4.65714;2.11725;6.81914;-0.000739871;6.70114;-1.04401;1.11799
5335;0.208856;-2.04495;4.65693;2.11746;6.81934;-0.000739875;6.70114;-1.04421;1.1182
5336;0.208856;-2.04516;4.65673;2.11766;6.81955;-0.000739878;6.70114;-1.04442;1.1184
5337;0.208856;-2.04536;4.65652;2.11787;6.81975;-0.000739882;6.70114;-1.04462;1.11861
5338;0.208856;-2.04557;4.65632;2.11808;6.81996;-0.000739885;6.70114;-1.04483;1.11882
5339;0.208856;-2.04577;4.65611;2.11828;6.82016;-0.000739888;6.70114;-1.04503;1.11902
5340;0.208856;-2.04598;4.65591;2.11849;6.82037;-0.000739892;6.70114;-1.04524;1.11923
5341;0.208857;-2.04618;אןנ.57;2.11869;6.82057;-0.000739895;6.70114;-1.04544;1.11943
5342;0.208857;-2.04639;4.65549;2.1189;6.82078;-0.000739899;6.70114;-1.04565;1.11964
5343;0.208857;-2.04659;4.65529;2.1191;6.82098;-0.000739902;6.70114;-1.04585;1.11984
5344;0.208857;-2.0468;4.65508;2.11931;6.82119;-0.000739905;6.70114;-1.04606;1.12005
5345;0.208857;-2.047;4.65488;2.11951;ט‏ם.14;-0.000739909;6.70114;-1.04626;1.12025
5346;0.208857;-2.04721;4.65467;2.11972;ט‏ם.16;-0.000739912;6.70114;-1.04647;1.12046
5347;0.208857;-2.04741;4.65447;2.11993;6.82181;-0.000739915;6.70114;-1.04667;1.12066
5348;0.208858;-2.04762;4.65426;2.12013;6.82201;-0.000739919;6.70114;-1.04688;1.12087
5349;0.208858;-2.04782;4.65406;2.12034;6.82222;-0.000739922;6.70114;-1.04708;1.12108
5350;0.208858;-2.04803;4.65385;2.12054;6.82242;-0.000739926;6.70114;-1.04729;1.12128
5351;0.208858;-2.04823;4.65365;2.12075;6.82263;-0.000739929;6.70114;-1.04749;1.12149
5352;0.208858;-2.04844;4.65344;2.12095;6.82283;-0.000739932;6.70114;-1.0477;1.12169
5353;0.208858;-2.04864;4.65324;2.12116;6.82304;-0.000739936;6.70114;-1.0479;1.1219
5354;0.208858;-2.04885;4.65303;2.12136;6.82324;-0.000739939;6.70114;-1.04811;1.1221
5355;0.208858;-2.04905;4.65282;2.12157;6.82345;-0.000739942;6.70114;-1.04831;1.12231
5356;0.208859;-2.04926;4.65262;2.12177;6.82365;-0.000739946;6.70114;-1.04852;1.12251
5357;0.208859;-2.04947;4.65241;2.12198;6.82386;-0.000739949;6.70114;-1.04873;1.12272
5358;0.208859;-2.04967;4.65221;2.12219;6.82406;-0.000739952;6.70114;-1.04893;1.12293
5359;0.208859;-2.04988;4.652;2.12239;6.82427;-0.000739956;6.70114;-1.04914;1.12313
5360;0.208859;-2.05008;אןנ.18;2.1226;6.82448;-0.000739959;6.70114;-1.04934;1.12334
5361;0.208859;-2.05029;4.65159;2.1228;6.82468;-0.000739963;6.70114;-1.04955;1.12354
5362;0.208859;-2.05049;4.65139;2.12301;6.82489;-0.000739966;6.70114;-1.04975;1.12375
5363;0.20886;-2.0507;4.65118;2.12321;6.82509;-0.000739969;6.70114;-1.04996;1.12395
5364;0.20886;-2.0509;4.65098;2.12342;ט‏ם.53;-0.000739973;6.70114;-1.05016;1.12416
5365;0.20886;-2.05111;4.65077;2.12362;ט‏ם.55;-0.000739976;6.70114;-1.05037;1.12436
5366;0.20886;-2.05131;4.65057;2.12383;6.82571;-0.000739979;6.70114;-1.05057;1.12457
5367;0.20886;-2.05152;4.65036;2.12404;6.82591;-0.000739983;6.70114;-1.05078;1.12478
5368;0.20886;-2.05172;4.65016;2.12424;6.82612;-0.000739986;6.70114;-1.05098;1.12498
5369;0.20886;-2.05193;4.64995;2.12445;6.82632;-0.000739989;6.70114;-1.05119;1.12519
5370;0.208861;-2.05213;4.64974;2.12465;6.82653;-0.000739993;6.70114;-1.05139;1.12539
5371;0.208861;-2.05234;4.64954;2.12486;6.82673;-0.000739996;6.70114;-1.0516;1.1256
5372;0.208861;-2.05254;4.64933;2.12506;6.82694;-0.000739999;6.70114;-1.0518;1.1258
5373;0.208861;-2.05275;4.64913;2.12527;6.82715;-0.000740003;6.70114;-1.05201;1.12601
5374;0.208861;-2.05295;4.64892;2.12547;6.82735;-0.000740006;6.70114;-1.05221;1.12621
5375;0.208861;-2.05316;4.64872;2.12568;6.82756;-0.000740009;6.70114;-1.05242;1.12642
5376;0.208861;-2.05336;4.64851;2.12589;6.82776;-0.000740013;6.70114;-1.05262;1.12663
5377;0.208862;-2.05357;4.64831;2.12609;6.82797;-0.000740016;6.70114;-1.05283;1.12683
5378;0.208862;-2.05377;אןנ.81;2.1263;6.82817;-0.00074002;6.70114;-1.05303;1.12704
5379;0.208862;-2.05398;אןנ.79;2.1265;6.82838;-0.000740023;6.70114;-1.05324;1.12724
5380;0.208862;-2.05418;4.64769;2.12671;6.82858;-0.000740026;6.70114;-1.05344;1.12745
5381;0.208862;-2.05439;4.64749;2.12691;6.82879;-0.00074003;6.70114;-1.05365;1.12765
5382;0.208862;-2.0546;4.64728;2.12712;6.82899;-0.000740033;6.70114;-1.05386;1.12786
5383;0.208862;-2.0548;4.64707;2.12732;ט‏ם.92;-0.000740036;6.70113;-1.05406;1.12806
5384;0.208862;-2.05501;4.64687;2.12753;ט‏ם.94;-0.00074004;6.70113;-1.05427;1.12827
5385;0.208863;-2.05521;4.64666;2.12774;6.82961;-0.000740043;6.70113;-1.05447;1.12848
5386;0.208863;-2.05542;4.64646;2.12794;6.82982;-0.000740046;6.70113;-1.05468;1.12868
5387;0.208863;-2.05562;4.64625;2.12815;6.83002;-0.00074005;6.70113;-1.05488;1.12889
5388;0.208863;-2.05583;4.64605;2.12835;6.83023;-0.000740053;6.70113;-1.05509;1.12909
5389;0.208863;-2.05603;4.64584;2.12856;6.83043;-0.000740056;6.70113;-1.05529;1.1293
5390;0.208863;-2.05624;4.64564;2.12876;6.83064;-0.00074006;6.70113;-1.0555;1.1295
5391;0.208863;-2.05644;4.64543;2.12897;6.83084;-0.000740063;6.70113;-1.0557;1.12971
5392;0.208864;-2.05665;4.64523;2.12917;6.83105;-0.000740066;6.70113;-1.05591;1.12991
5393;0.208864;-2.05685;4.64502;2.12938;6.83125;-0.00074007;6.70113;-1.05611;1.13012
5394;0.208864;-2.05706;4.64482;2.12958;6.83146;-0.000740073;6.70113;-1.05632;1.13033
5395;0.208864;-2.05726;4.64461;2.12979;6.83166;-0.000740076;6.70113;-1.05652;1.13053
5396;0.208864;-2.05747;אןנ.44;פוג.13;6.83187;-0.00074008;6.70113;-1.05673;1.13074
5397;0.208864;-2.05767;אןנ.42;2.1302;6.83207;-0.000740083;6.70113;-1.05693;1.13094
5398;0.208864;-2.05788;4.64399;2.13041;6.83228;-0.000740086;6.70113;-1.05714;1.13115
5399;0.208865;-2.05808;4.64379;2.13061;6.83249;-0.000740089;6.70113;-1.05734;1.13135
5400;0.208865;-2.05829;4.64358;2.13082;6.83269;-0.000740093;6.70113;-1.05755;1.13156
5401;0.208865;-2.05849;4.64338;2.13102;ט‏ם.29;-0.000740096;6.70113;-1.05775;1.13176
5402;0.208865;-2.0587;4.64317;2.13123;ט‏ם.31;-0.000740099;6.70113;-1.05796;1.13197
5403;0.208865;-2.0589;4.64297;2.13144;6.83331;-0.000740103;6.70113;-1.05816;1.13218
5404;0.208865;-2.05911;4.64276;2.13164;6.83351;-0.000740106;6.70113;-1.05837;1.13238
5405;0.208865;-2.05932;4.64256;2.13185;6.83372;-0.000740109;6.70113;-1.05858;1.13259
5406;0.208865;-2.05952;4.64235;2.13205;6.83392;-0.000740113;6.70113;-1.05878;1.13279
5407;0.208866;-2.05973;4.64215;2.13226;6.83413;-0.000740116;6.70113;-1.05899;1.133
5408;0.208866;-2.05993;4.64194;2.13246;6.83433;-0.000740119;6.70113;-1.05919;1.1332
5409;0.208866;-2.06014;4.64173;2.13267;6.83454;-0.000740123;6.70113;-1.0594;1.13341
5410;0.208866;-2.06034;4.64153;2.13287;6.83474;-0.000740126;6.70113;-1.0596;1.13361
5411;0.208866;-2.06055;4.64132;2.13308;6.83495;-0.000740129;6.70113;-1.05981;1.13382
5412;0.208866;-2.06075;4.64112;2.13329;6.83516;-0.000740133;6.70113;-1.06001;1.13403
5413;0.208866;-2.06096;4.64091;2.13349;6.83536;-0.000740136;6.70113;-1.06022;1.13423
5414;0.208867;-2.06116;4.64071;2.1337;6.83557;-0.000740139;6.70113;-1.06042;1.13444
5415;0.208867;-2.06137;אןנ.05;2.1339;6.83577;-0.000740143;6.70113;-1.06063;1.13464
5416;0.208867;-2.06157;אןנ.03;2.13411;6.83598;-0.000740146;6.70113;-1.06083;1.13485
5417;0.208867;-2.06178;4.64009;2.13431;6.83618;-0.000740149;6.70113;-1.06104;1.13505
5418;0.208867;-2.06198;4.63989;2.13452;6.83639;-0.000740152;6.70113;-1.06124;1.13526
5419;0.208867;-2.06219;4.63968;2.13472;6.83659;-0.000740156;6.70113;-1.06145;1.13546
5420;0.208867;-2.06239;4.63947;2.13493;ט‏ם.68;-0.000740159;6.70113;-1.06165;1.13567
5421;0.208867;-2.0626;4.63927;2.13514;6.837;-0.000740162;6.70113;-1.06186;1.13588
5422;0.208868;-2.0628;4.63906;2.13534;6.83721;-0.000740166;6.70113;-1.06206;1.13608
5423;0.208868;-2.06301;4.63886;2.13555;6.83741;-0.000740169;6.70113;-1.06227;1.13629
5424;0.208868;-2.06322;4.63865;2.13575;6.83762;-0.000740172;6.70113;-1.06247;1.13649
5425;0.208868;-2.06342;4.63845;2.13596;6.83783;-0.000740176;6.70113;-1.06268;1.1367
5426;0.208868;-2.06363;4.63824;2.13616;6.83803;-0.000740179;6.70113;-1.06289;1.1369
5427;0.208868;-2.06383;4.63804;2.13637;6.83824;-0.000740182;6.70113;-1.06309;1.13711
5428;0.208868;-2.06404;4.63783;2.13657;6.83844;-0.000740185;6.70113;-1.0633;1.13731
5429;0.208869;-2.06424;4.63763;2.13678;6.83865;-0.000740189;6.70113;-1.0635;1.13752
5430;0.208869;-2.06445;4.63742;2.13699;6.83885;-0.000740192;6.70113;-1.06371;1.13773
5431;0.208869;-2.06465;4.63722;2.13719;6.83906;-0.000740195;6.70113;-1.06391;1.13793
5432;0.208869;-2.06486;4.63701;2.1374;6.83926;-0.000740199;6.70113;-1.06412;1.13814
5433;0.208869;-2.06506;אןנ.68;2.1376;6.83947;-0.000740202;6.70113;-1.06432;1.13834
5434;0.208869;-2.06527;אןנ.66;2.13781;6.83967;-0.000740205;6.70113;-1.06453;1.13855
5435;0.208869;-2.06547;4.63639;2.13801;6.83988;-0.000740209;6.70113;-1.06473;1.13875
5436;0.20887;-2.06568;4.63619;2.13822;6.84009;-0.000740212;6.70113;-1.06494;1.13896
5437;0.20887;-2.06588;4.63598;2.13842;6.84029;-0.000740215;6.70113;-1.06514;1.13916
5438;0.20887;-2.06609;4.63578;2.13863;ט‏ם.05;-0.000740218;6.70113;-1.06535;1.13937
5439;0.20887;-2.06629;4.63557;2.13884;ט‏ם.07;-0.000740222;6.70113;-1.06555;1.13958
5440;0.20887;-2.0665;4.63537;2.13904;6.84091;-0.000740225;6.70113;-1.06576;1.13978
5441;0.20887;-2.0667;4.63516;2.13925;6.84111;-0.000740228;6.70113;-1.06596;1.13999
5442;0.20887;-2.06691;4.63496;2.13945;6.84132;-0.000740232;6.70113;-1.06617;1.14019
5443;0.20887;-2.06712;4.63475;2.13966;6.84152;-0.000740235;6.70112;-1.06638;1.1404
5444;0.208871;-2.06732;4.63454;2.13986;6.84173;-0.000740238;6.70112;-1.06658;1.1406
5445;0.208871;-2.06753;4.63434;2.14007;6.84193;-0.000740241;6.70112;-1.06679;1.14081
5446;0.208871;-2.06773;4.63413;2.14028;6.84214;-0.000740245;6.70112;-1.06699;1.14102
5447;0.208871;-2.06794;4.63393;2.14048;6.84235;-0.000740248;6.70112;-1.0672;1.14122
5448;0.208871;-2.06814;4.63372;2.14069;6.84255;-0.000740251;6.70112;-1.0674;1.14143
5449;0.208871;-2.06835;4.63352;2.14089;6.84276;-0.000740254;6.70112;-1.06761;1.14163
5450;0.208871;-2.06855;4.63331;2.1411;6.84296;-0.000740258;6.70112;-1.06781;1.14184
5451;0.208872;-2.06876;4.63311;2.1413;6.84317;-0.000740261;6.70112;-1.06802;1.14204
5452;0.208872;-2.06896;אןנ.29;2.14151;6.84337;-0.000740264;6.70112;-1.06822;1.14225
5453;0.208872;-2.06917;אןנ.27;2.14171;6.84358;-0.000740268;6.70112;-1.06843;1.14245
5454;0.208872;-2.06937;4.63249;2.14192;6.84378;-0.000740271;6.70112;-1.06863;1.14266
5455;0.208872;-2.06958;4.63228;2.14213;6.84399;-0.000740274;6.70112;-1.06884;1.14287
5456;0.208872;-2.06978;4.63208;2.14233;6.84419;-0.000740277;6.70112;-1.06904;1.14307
5457;0.208872;-2.06999;4.63187;2.14254;ט‏ם.44;-0.000740281;6.70112;-1.06925;1.14328
5458;0.208872;-2.07019;4.63167;2.14274;6.84461;-0.000740284;6.70112;-1.06945;1.14348
5459;0.208873;-2.0704;4.63146;2.14295;6.84481;-0.000740287;6.70112;-1.06966;1.14369
5460;0.208873;-2.07061;4.63126;2.14315;6.84502;-0.00074029;6.70112;-1.06986;1.14389
5461;0.208873;-2.07081;4.63105;2.14336;6.84522;-0.000740294;6.70112;-1.07007;1.1441
5462;0.208873;-2.07102;4.63085;2.14356;6.84543;-0.000740297;6.70112;-1.07028;1.14431
5463;0.208873;-2.07122;4.63064;2.14377;6.84563;-0.0007403;6.70112;-1.07048;1.14451
5464;0.208873;-2.07143;4.63044;2.14398;6.84584;-0.000740303;6.70112;-1.07069;1.14472
5465;0.208873;-2.07163;4.63023;2.14418;6.84604;-0.000740307;6.70112;-1.07089;1.14492
5466;0.208874;-2.07184;4.63002;2.14439;6.84625;-0.00074031;6.70112;-1.0711;1.14513
5467;0.208874;-2.07204;4.62982;2.14459;6.84645;-0.000740313;6.70112;-1.0713;1.14533
5468;0.208874;-2.07225;4.62961;2.1448;6.84666;-0.000740317;6.70112;-1.07151;1.14554
5469;0.208874;-2.07245;4.62941;2.145;6.84687;-0.00074032;6.70112;-1.07171;1.14574
5470;0.208874;-2.07266;אןנ.92;2.14521;6.84707;-0.000740323;6.70112;-1.07192;1.14595
5471;0.208874;-2.07286;4.629;2.14542;6.84728;-0.000740326;6.70112;-1.07212;1.14616
5472;0.208874;-2.07307;4.62879;2.14562;6.84748;-0.00074033;6.70112;-1.07233;1.14636
5473;0.208874;-2.07327;4.62859;2.14583;6.84769;-0.000740333;6.70112;-1.07253;1.14657
5474;0.208875;-2.07348;4.62838;2.14603;6.84789;-0.000740336;6.70112;-1.07274;1.14677
5475;0.208875;-2.07368;4.62818;2.14624;ט‏ם.81;-0.000740339;6.70112;-1.07294;1.14698
5476;0.208875;-2.07389;4.62797;2.14644;ט‏ם.83;-0.000740343;6.70112;-1.07315;1.14718
5477;0.208875;-2.0741;4.62776;2.14665;6.84851;-0.000740346;6.70112;-1.07336;1.14739
5478;0.208875;-2.0743;4.62756;2.14685;6.84871;-0.000740349;6.70112;-1.07356;1.1476
5479;0.208875;-2.07451;4.62735;2.14706;6.84892;-0.000740352;6.70112;-1.07377;1.1478
5480;0.208875;-2.07471;4.62715;2.14727;6.84913;-0.000740356;6.70112;-1.07397;1.14801
5481;0.208875;-2.07492;4.62694;2.14747;6.84933;-0.000740359;6.70112;-1.07418;1.14821
5482;0.208876;-2.07512;4.62674;2.14768;6.84954;-0.000740362;6.70112;-1.07438;1.14842
5483;0.208876;-2.07533;4.62653;2.14788;6.84974;-0.000740365;6.70112;-1.07459;1.14862
5484;0.208876;-2.07553;4.62633;2.14809;6.84995;-0.000740369;6.70112;-1.07479;1.14883
5485;0.208876;-2.07574;4.62612;2.14829;6.85015;-0.000740372;6.70112;-1.075;1.14903
5486;0.208876;-2.07594;4.62591;2.1485;6.85036;-0.000740375;6.70112;-1.0752;1.14924
5487;0.208876;-2.07615;4.62571;2.14871;6.85056;-0.000740378;6.70112;-1.07541;1.14945
5488;0.208876;-2.07635;אןנ.55;2.14891;6.85077;-0.000740381;6.70112;-1.07561;1.14965
5489;0.208877;-2.07656;אןנ.53;2.14912;6.85097;-0.000740385;6.70112;-1.07582;1.14986
5490;0.208877;-2.07676;4.62509;2.14932;6.85118;-0.000740388;6.70112;-1.07602;1.15006
5491;0.208877;-2.07697;4.62489;2.14953;6.85139;-0.000740391;6.70112;-1.07623;1.15027
5492;0.208877;-2.07718;4.62468;2.14973;6.85159;-0.000740394;6.70112;-1.07643;1.15047
5493;0.208877;-2.07738;4.62448;2.14994;ט‏ם.18;-0.000740398;6.70112;-1.07664;1.15068
5494;0.208877;-2.07759;4.62427;2.15015;6.852;-0.000740401;6.70112;-1.07685;1.15089
5495;0.208877;-2.07779;4.62407;2.15035;6.85221;-0.000740404;6.70112;-1.07705;1.15109
5496;0.208877;-2.078;4.62386;2.15056;6.85241;-0.000740407;6.70112;-1.07726;1.1513
5497;0.208878;-2.0782;4.62365;2.15076;6.85262;-0.000740411;6.70112;-1.07746;1.1515
5498;0.208878;-2.07841;4.62345;2.15097;6.85282;-0.000740414;6.70112;-1.07767;1.15171
5499;0.208878;-2.07861;4.62324;2.15117;6.85303;-0.000740417;6.70112;-1.07787;1.15191
5500;0.208878;-2.07882;4.62304;2.15138;6.85324;-0.00074042;6.70112;-1.07808;1.15212
5501;0.208878;-2.07902;4.62283;2.15158;6.85344;-0.000740424;6.70112;-1.07828;1.15233
5502;0.208878;-2.07923;4.62263;2.15179;6.85365;-0.000740427;6.70112;-1.07849;1.15253
5503;0.208878;-2.07943;4.62242;2.152;6.85385;-0.00074043;6.70112;-1.07869;1.15274
5504;0.208879;-2.07964;4.62222;2.1522;6.85406;-0.000740433;6.70111;-1.0789;1.15294
5505;0.208879;-2.07984;4.62201;2.15241;6.85426;-0.000740436;6.70111;-1.0791;1.15315
5506;0.208879;-2.08005;אןנ.18;2.15261;6.85447;-0.00074044;6.70111;-1.07931;1.15335
5507;0.208879;-2.08026;אןנ.16;2.15282;6.85467;-0.000740443;6.70111;-1.07952;1.15356
5508;0.208879;-2.08046;4.62139;2.15302;6.85488;-0.000740446;6.70111;-1.07972;1.15376
5509;0.208879;-2.08067;4.62119;2.15323;6.85508;-0.000740449;6.70111;-1.07993;1.15397
5510;0.208879;-2.08087;4.62098;2.15344;6.85529;-0.000740453;6.70111;-1.08013;1.15418
5511;0.208879;-2.08108;4.62078;2.15364;ט‏ם.55;-0.000740456;6.70111;-1.08034;1.15438
5512;0.20888;-2.08128;4.62057;2.15385;ט‏ם.57;-0.000740459;6.70111;-1.08054;1.15459
5513;0.20888;-2.08149;4.62037;2.15405;6.85591;-0.000740462;6.70111;-1.08075;1.15479
5514;0.20888;-2.08169;4.62016;2.15426;6.85611;-0.000740465;6.70111;-1.08095;1.155
5515;0.20888;-2.0819;4.61996;2.15446;6.85632;-0.000740469;6.70111;-1.08116;1.1552
5516;0.20888;-2.0821;4.61975;2.15467;6.85652;-0.000740472;6.70111;-1.08136;1.15541
5517;0.20888;-2.08231;4.61954;2.15488;6.85673;-0.000740475;6.70111;-1.08157;1.15562
5518;0.20888;-2.08251;4.61934;2.15508;6.85693;-0.000740478;6.70111;-1.08177;1.15582
5519;0.20888;-2.08272;4.61913;2.15529;6.85714;-0.000740481;6.70111;-1.08198;1.15603
5520;0.208881;-2.08293;4.61893;2.15549;6.85735;-0.000740485;6.70111;-1.08218;1.15623
5521;0.208881;-2.08313;4.61872;2.1557;6.85755;-0.000740488;6.70111;-1.08239;1.15644
5522;0.208881;-2.08334;4.61852;2.1559;6.85776;-0.000740491;6.70111;-1.0826;1.15664
5523;0.208881;-2.08354;4.61831;2.15611;6.85796;-0.000740494;6.70111;-1.0828;1.15685
5524;0.208881;-2.08375;4.61811;2.15632;6.85817;-0.000740498;6.70111;-1.08301;1.15706
5525;0.208881;-2.08395;אןנ.79;2.15652;6.85837;-0.000740501;6.70111;-1.08321;1.15726
5526;0.208881;-2.08416;4.61769;2.15673;6.85858;-0.000740504;6.70111;-1.08342;1.15747
5527;0.208882;-2.08436;4.61749;2.15693;6.85878;-0.000740507;6.70111;-1.08362;1.15767
5528;0.208882;-2.08457;4.61728;2.15714;6.85899;-0.00074051;6.70111;-1.08383;1.15788
5529;0.208882;-2.08477;4.61708;2.15734;ט‏ם.92;-0.000740514;6.70111;-1.08403;1.15808
5530;0.208882;-2.08498;4.61687;2.15755;ט‏ם.94;-0.000740517;6.70111;-1.08424;1.15829
5531;0.208882;-2.08518;4.61667;2.15776;6.85961;-0.00074052;6.70111;-1.08444;1.1585
5532;0.208882;-2.08539;4.61646;2.15796;6.85981;-0.000740523;6.70111;-1.08465;1.1587
5533;0.208882;-2.08559;4.61626;2.15817;6.86002;-0.000740526;6.70111;-1.08485;1.15891
5534;0.208882;-2.0858;4.61605;2.15837;6.86022;-0.00074053;6.70111;-1.08506;1.15911
5535;0.208883;-2.08601;4.61584;2.15858;6.86043;-0.000740533;6.70111;-1.08527;1.15932
5536;0.208883;-2.08621;4.61564;2.15878;6.86063;-0.000740536;6.70111;-1.08547;1.15952
5537;0.208883;-2.08642;4.61543;2.15899;6.86084;-0.000740539;6.70111;-1.08568;1.15973
5538;0.208883;-2.08662;4.61523;2.15919;6.86105;-0.000740542;6.70111;-1.08588;1.15994
5539;0.208883;-2.08683;4.61502;2.1594;6.86125;-0.000740545;6.70111;-1.08609;1.16014
5540;0.208883;-2.08703;4.61482;2.15961;6.86146;-0.000740549;6.70111;-1.08629;1.16035
5541;0.208883;-2.08724;4.61461;2.15981;6.86166;-0.000740552;6.70111;-1.0865;1.16055
5542;0.208883;-2.08744;4.61441;2.16002;6.86187;-0.000740555;6.70111;-1.0867;1.16076
5543;0.208884;-2.08765;אןנ.42;2.16022;6.86207;-0.000740558;6.70111;-1.08691;1.16096
5544;0.208884;-2.08785;4.614;2.16043;6.86228;-0.000740561;6.70111;-1.08711;1.16117
5545;0.208884;-2.08806;4.61379;2.16063;6.86248;-0.000740565;6.70111;-1.08732;1.16138
5546;0.208884;-2.08826;4.61358;2.16084;6.86269;-0.000740568;6.70111;-1.08752;1.16158
5547;0.208884;-2.08847;4.61338;2.16105;6.86289;-0.000740571;6.70111;-1.08773;1.16179
5548;0.208884;-2.08868;4.61317;2.16125;ט‏ם.31;-0.000740574;6.70111;-1.08794;1.16199
5549;0.208884;-2.08888;4.61297;2.16146;6.86331;-0.000740577;6.70111;-1.08814;1.1622
5550;0.208884;-2.08909;4.61276;2.16166;6.86351;-0.000740581;6.70111;-1.08835;1.1624
5551;0.208885;-2.08929;4.61256;2.16187;6.86372;-0.000740584;6.70111;-1.08855;1.16261
5552;0.208885;-2.0895;4.61235;2.16207;6.86392;-0.000740587;6.70111;-1.08876;1.16282
5553;0.208885;-2.0897;4.61215;2.16228;6.86413;-0.00074059;6.70111;-1.08896;1.16302
5554;0.208885;-2.08991;4.61194;2.16249;6.86433;-0.000740593;6.70111;-1.08917;1.16323
5555;0.208885;-2.09011;4.61173;2.16269;6.86454;-0.000740596;6.70111;-1.08937;1.16343
5556;0.208885;-2.09032;4.61153;2.1629;6.86474;-0.0007406;6.70111;-1.08958;1.16364
5557;0.208885;-2.09052;4.61132;2.1631;6.86495;-0.000740603;6.70111;-1.08978;1.16384
5558;0.208886;-2.09073;4.61112;2.16331;6.86516;-0.000740606;6.70111;-1.08999;1.16405
5559;0.208886;-2.09094;4.61091;2.16351;6.86536;-0.000740609;6.70111;-1.09019;1.16426
5560;0.208886;-2.09114;4.61071;2.16372;6.86557;-0.000740612;6.70111;-1.0904;1.16446
5561;0.208886;-2.09135;אןנ.05;2.16393;6.86577;-0.000740615;6.70111;-1.09061;1.16467
5562;0.208886;-2.09155;אןנ.03;2.16413;6.86598;-0.000740619;6.70111;-1.09081;1.16487
5563;0.208886;-2.09176;4.61009;2.16434;6.86618;-0.000740622;6.70111;-1.09102;1.16508
5564;0.208886;-2.09196;4.60988;2.16454;6.86639;-0.000740625;6.70111;-1.09122;1.16528
5565;0.208886;-2.09217;4.60968;2.16475;ט‏ם.66;-0.000740628;6.70111;-1.09143;1.16549
5566;0.208887;-2.09237;4.60947;2.16495;ט‏ם.68;-0.000740631;6.70111;-1.09163;1.1657
5567;0.208887;-2.09258;4.60927;2.16516;6.86701;-0.000740635;6.70111;-1.09184;1.1659
5568;0.208887;-2.09278;4.60906;2.16537;6.86721;-0.000740638;ט‏ם.11;-1.09204;1.16611
5569;0.208887;-2.09299;4.60886;2.16557;6.86742;-0.000740641;ט‏ם.11;-1.09225;1.16631
5570;0.208887;-2.09319;4.60865;2.16578;6.86762;-0.000740644;ט‏ם.11;-1.09245;1.16652
5571;0.208887;-2.0934;4.60845;2.16598;6.86783;-0.000740647;ט‏ם.11;-1.09266;1.16672
5572;0.208887;-2.09361;4.60824;2.16619;6.86803;-0.00074065;ט‏ם.11;-1.09286;1.16693
5573;0.208887;-2.09381;4.60803;2.16639;6.86824;-0.000740653;ט‏ם.11;-1.09307;1.16714
5574;0.208888;-2.09402;4.60783;2.1666;6.86845;-0.000740657;ט‏ם.11;-1.09328;1.16734
5575;0.208888;-2.09422;4.60762;2.16681;6.86865;-0.00074066;ט‏ם.11;-1.09348;1.16755
5576;0.208888;-2.09443;4.60742;2.16701;6.86886;-0.000740663;ט‏ם.11;-1.09369;1.16775
5577;0.208888;-2.09463;4.60721;2.16722;6.86906;-0.000740666;ט‏ם.11;-1.09389;1.16796
5578;0.208888;-2.09484;4.60701;2.16742;6.86927;-0.000740669;ט‏ם.11;-1.0941;1.16816
5579;0.208888;-2.09504;אןנ.68;2.16763;6.86947;-0.000740672;ט‏ם.11;-1.0943;1.16837
5580;0.208888;-2.09525;אןנ.66;2.16783;6.86968;-0.000740676;ט‏ם.11;-1.09451;1.16858
5581;0.208888;-2.09545;4.60639;2.16804;6.86988;-0.000740679;ט‏ם.11;-1.09471;1.16878
5582;0.208889;-2.09566;4.60618;2.16825;6.87009;-0.000740682;ט‏ם.11;-1.09492;1.16899
5583;0.208889;-2.09587;4.60598;2.16845;ט‏ם.03;-0.000740685;ט‏ם.11;-1.09512;1.16919
5584;0.208889;-2.09607;4.60577;2.16866;ט‏ם.05;-0.000740688;ט‏ם.11;-1.09533;1.1694
5585;0.208889;-2.09628;4.60557;2.16886;6.87071;-0.000740691;ט‏ם.11;-1.09554;1.1696
5586;0.208889;-2.09648;4.60536;2.16907;6.87091;-0.000740695;ט‏ם.11;-1.09574;1.16981
5587;0.208889;-2.09669;4.60516;2.16928;6.87112;-0.000740698;ט‏ם.11;-1.09595;1.17002
5588;0.208889;-2.09689;4.60495;2.16948;6.87132;-0.000740701;ט‏ם.11;-1.09615;1.17022
5589;0.208889;-2.0971;4.60474;2.16969;6.87153;-0.000740704;ט‏ם.11;-1.09636;1.17043
5590;0.20889;-2.0973;4.60454;2.16989;6.87173;-0.000740707;ט‏ם.11;-1.09656;1.17063
5591;0.20889;-2.09751;4.60433;2.1701;6.87194;-0.00074071;ט‏ם.11;-1.09677;1.17084
5592;0.20889;-2.09771;4.60413;2.1703;6.87215;-0.000740713;ט‏ם.11;-1.09697;1.17104
5593;0.20889;-2.09792;4.60392;2.17051;6.87235;-0.000740717;ט‏ם.11;-1.09718;1.17125
5594;0.20889;-2.09812;4.60372;2.17072;6.87256;-0.00074072;ט‏ם.11;-1.09738;1.17146
5595;0.20889;-2.09833;4.60351;2.17092;6.87276;-0.000740723;ט‏ם.11;-1.09759;1.17166
5596;0.20889;-2.09854;4.60331;2.17113;6.87297;-0.000740726;ט‏ם.11;-1.09779;1.17187
5597;0.20889;-2.09874;אןנ.31;2.17133;6.87317;-0.000740729;ט‏ם.11;-1.098;1.17207
5598;0.208891;-2.09895;4.60289;2.17154;6.87338;-0.000740732;ט‏ם.11;-1.09821;1.17228
5599;0.208891;-2.09915;4.60269;2.17174;6.87359;-0.000740735;ט‏ם.11;-1.09841;1.17248
5600;0.208891;-2.09936;4.60248;2.17195;6.87379;-0.000740739;ט‏ם.11;-1.09862;1.17269
5601;0.208891;-2.09956;4.60228;2.17216;6.874;-0.000740742;ט‏ם.11;-1.09882;1.1729
5602;0.208891;-2.09977;4.60207;2.17236;ט‏ם.42;-0.000740745;ט‏ם.11;-1.09903;1.1731
5603;0.208891;-2.09997;4.60187;2.17257;6.87441;-0.000740748;ט‏ם.11;-1.09923;1.17331
5604;0.208891;-2.10018;4.60166;2.17277;6.87461;-0.000740751;ט‏ם.11;-1.09944;1.17351
5605;0.208891;-2.10038;4.60146;2.17298;6.87482;-0.000740754;ט‏ם.11;-1.09964;1.17372
5606;0.208892;-2.10059;4.60125;2.17318;6.87502;-0.000740757;ט‏ם.11;-1.09985;1.17393
5607;0.208892;-2.1008;4.60104;2.17339;6.87523;-0.00074076;ט‏ם.11;-1.10005;1.17413
5608;0.208892;-2.101;4.60084;2.1736;6.87544;-0.000740764;ט‏ם.11;-1.10026;1.17434
5609;0.208892;-2.10121;4.60063;2.1738;6.87564;-0.000740767;ט‏ם.11;-1.10047;1.17454
5610;0.208892;-2.10141;4.60043;2.17401;6.87585;-0.00074077;ט‏ם.11;-1.10067;1.17475
5611;0.208892;-2.10162;4.60022;2.17421;6.87605;-0.000740773;ט‏ם.11;-1.10088;1.17495
5612;0.208892;-2.10182;4.60002;2.17442;6.87626;-0.000740776;ט‏ם.11;-1.10108;1.17516
5613;0.208893;-2.10203;4.59981;2.17462;6.87646;-0.000740779;ט‏ם.11;-1.10129;1.17537
5614;0.208893;-2.10223;אןנ.96;2.17483;6.87667;-0.000740782;ט‏ם.11;-1.10149;1.17557
5615;0.208893;-2.10244;אןנ.94;2.17504;6.87687;-0.000740785;ט‏ם.11;-1.1017;1.17578
5616;0.208893;-2.10264;4.59919;2.17524;6.87708;-0.000740789;ט‏ם.11;-1.1019;1.17598
5617;0.208893;-2.10285;4.59899;2.17545;6.87729;-0.000740792;ט‏ם.11;-1.10211;1.17619
5618;0.208893;-2.10306;4.59878;2.17565;6.87749;-0.000740795;ט‏ם.11;-1.10231;1.17639
5619;0.208893;-2.10326;4.59858;2.17586;ט‏ם.77;-0.000740798;ט‏ם.11;-1.10252;1.1766
5620;0.208893;-2.10347;4.59837;2.17607;ט‏ם.79;-0.000740801;ט‏ם.11;-1.10273;1.17681
5621;0.208894;-2.10367;4.59817;2.17627;6.87811;-0.000740804;ט‏ם.11;-1.10293;1.17701
5622;0.208894;-2.10388;4.59796;2.17648;6.87831;-0.000740807;ט‏ם.11;-1.10314;1.17722
5623;0.208894;-2.10408;4.59775;2.17668;6.87852;-0.00074081;ט‏ם.11;-1.10334;1.17742
5624;0.208894;-2.10429;4.59755;2.17689;6.87873;-0.000740814;ט‏ם.11;-1.10355;1.17763
5625;0.208894;-2.10449;4.59734;2.17709;6.87893;-0.000740817;ט‏ם.11;-1.10375;1.17783
5626;0.208894;-2.1047;4.59714;2.1773;6.87914;-0.00074082;ט‏ם.11;-1.10396;1.17804
5627;0.208894;-2.1049;4.59693;2.17751;6.87934;-0.000740823;ט‏ם.11;-1.10416;1.17825
5628;0.208894;-2.10511;4.59673;2.17771;6.87955;-0.000740826;ט‏ם.11;-1.10437;1.17845
5629;0.208895;-2.10532;4.59652;2.17792;6.87975;-0.000740829;ט‏ם.11;-1.10458;1.17866
5630;0.208895;-2.10552;4.59632;2.17812;6.87996;-0.000740832;ט‏ם.11;-1.10478;1.17886
5631;0.208895;-2.10573;4.59611;2.17833;6.88016;-0.000740835;ט‏ם.11;-1.10499;1.17907
5632;0.208895;-2.10593;אןנ.59;2.17853;6.88037;-0.000740838;ט‏ם.11;-1.10519;1.17928
5633;0.208895;-2.10614;אןנ.57;2.17874;6.88058;-0.000740842;ט‏ם.11;-1.1054;1.17948
5634;0.208895;-2.10634;4.59549;2.17895;6.88078;-0.000740845;ט‏ם.11;-1.1056;1.17969
5635;0.208895;-2.10655;4.59529;2.17915;6.88099;-0.000740848;6.70109;-1.10581;1.17989
5636;0.208895;-2.10675;4.59508;2.17936;6.88119;-0.000740851;6.70109;-1.10601;1.1801
5637;0.208896;-2.10696;4.59488;2.17956;ט‏ם.14;-0.000740854;6.70109;-1.10622;1.1803
5638;0.208896;-2.10717;4.59467;2.17977;ט‏ם.16;-0.000740857;6.70109;-1.10642;1.18051
5639;0.208896;-2.10737;4.59446;2.17997;6.88181;-0.00074086;6.70109;-1.10663;1.18072
5640;0.208896;-2.10758;4.59426;2.18018;6.88202;-0.000740863;6.70109;-1.10684;1.18092
5641;0.208896;-2.10778;4.59405;2.18039;6.88222;-0.000740866;6.70109;-1.10704;1.18113
5642;0.208896;-2.10799;4.59385;2.18059;6.88243;-0.000740869;6.70109;-1.10725;1.18133
5643;0.208896;-2.10819;4.59364;2.1808;6.88263;-0.000740873;6.70109;-1.10745;1.18154
5644;0.208896;-2.1084;4.59344;2.181;6.88284;-0.000740876;6.70109;-1.10766;1.18174
5645;0.208896;-2.1086;4.59323;2.18121;6.88304;-0.000740879;6.70109;-1.10786;1.18195
5646;0.208897;-2.10881;4.59303;2.18142;6.88325;-0.000740882;6.70109;-1.10807;1.18216
5647;0.208897;-2.10901;4.59282;2.18162;6.88346;-0.000740885;6.70109;-1.10827;1.18236
5648;0.208897;-2.10922;4.59261;2.18183;6.88366;-0.000740888;6.70109;-1.10848;1.18257
5649;0.208897;-2.10943;4.59241;2.18203;6.88387;-0.000740891;6.70109;-1.10868;1.18277
5650;0.208897;-2.10963;אןנ.22;2.18224;6.88407;-0.000740894;6.70109;-1.10889;1.18298
5651;0.208897;-2.10984;4.592;2.18244;6.88428;-0.000740897;6.70109;-1.1091;1.18319
5652;0.208897;-2.11004;4.59179;2.18265;6.88448;-0.0007409;6.70109;-1.1093;1.18339
5653;0.208897;-2.11025;4.59159;2.18286;6.88469;-0.000740904;6.70109;-1.10951;1.1836
5654;0.208898;-2.11045;4.59138;2.18306;6.88489;-0.000740907;6.70109;-1.10971;1.1838
5655;0.208898;-2.11066;4.59117;2.18327;ט‏ם.51;-0.00074091;6.70109;-1.10992;1.18401
5656;0.208898;-2.11086;4.59097;2.18347;6.88531;-0.000740913;6.70109;-1.11012;1.18421
5657;0.208898;-2.11107;4.59076;2.18368;6.88551;-0.000740916;6.70109;-1.11033;1.18442
5658;0.208898;-2.11128;4.59056;2.18389;6.88572;-0.000740919;6.70109;-1.11053;1.18463
5659;0.208898;-2.11148;4.59035;2.18409;6.88592;-0.000740922;6.70109;-1.11074;1.18483
5660;0.208898;-2.11169;4.59015;2.1843;6.88613;-0.000740925;6.70109;-1.11095;1.18504
5661;0.208898;-2.11189;4.58994;2.1845;6.88633;-0.000740928;6.70109;-1.11115;1.18524
5662;0.208899;-2.1121;4.58973;2.18471;6.88654;-0.000740931;6.70109;-1.11136;1.18545
5663;0.208899;-2.1123;4.58953;2.18491;6.88675;-0.000740934;6.70109;-1.11156;1.18566
5664;0.208899;-2.11251;4.58932;2.18512;6.88695;-0.000740937;6.70109;-1.11177;1.18586
5665;0.208899;-2.11271;4.58912;2.18533;6.88716;-0.000740941;6.70109;-1.11197;1.18607
5666;0.208899;-2.11292;4.58891;2.18553;6.88736;-0.000740944;6.70109;-1.11218;1.18627
5667;0.208899;-2.11312;4.58871;2.18574;6.88757;-0.000740947;6.70109;-1.11238;1.18648
5668;0.208899;-2.11333;אןנ.85;2.18594;6.88777;-0.00074095;6.70109;-1.11259;1.18668
5669;0.208899;-2.11354;אןנ.83;2.18615;6.88798;-0.000740953;6.70109;-1.11279;1.18689
5670;0.2089;-2.11374;4.58809;2.18635;6.88819;-0.000740956;6.70109;-1.113;1.1871
5671;0.2089;-2.11395;4.58788;2.18656;6.88839;-0.000740959;6.70109;-1.11321;1.1873
5672;0.2089;-2.11415;4.58768;2.18677;ט‏ם.86;-0.000740962;6.70109;-1.11341;1.18751
5673;0.2089;-2.11436;4.58747;2.18697;ט‏ם.88;-0.000740965;6.70109;-1.11362;1.18771
5674;0.2089;-2.11456;4.58727;2.18718;6.88901;-0.000740968;6.70109;-1.11382;1.18792
5675;0.2089;-2.11477;4.58706;2.18738;6.88921;-0.000740971;6.70109;-1.11403;1.18812
5676;0.2089;-2.11497;4.58686;2.18759;6.88942;-0.000740974;6.70109;-1.11423;1.18833
5677;0.2089;-2.11518;4.58665;2.1878;6.88963;-0.000740977;6.70109;-1.11444;1.18854
5678;0.208901;-2.11539;4.58644;2.188;6.88983;-0.00074098;6.70109;-1.11464;1.18874
5679;0.208901;-2.11559;4.58624;2.18821;6.89004;-0.000740984;6.70109;-1.11485;1.18895
5680;0.208901;-2.1158;4.58603;2.18841;6.89024;-0.000740987;6.70109;-1.11506;1.18915
5681;0.208901;-2.116;4.58583;2.18862;6.89045;-0.00074099;6.70109;-1.11526;1.18936
5682;0.208901;-2.11621;4.58562;2.18882;6.89065;-0.000740993;6.70109;-1.11547;1.18957
5683;0.208901;-2.11641;4.58542;2.18903;6.89086;-0.000740996;6.70109;-1.11567;1.18977
5684;0.208901;-2.11662;4.58521;2.18924;6.89107;-0.000740999;6.70109;-1.11588;1.18998
5685;0.208901;-2.11682;4.585;2.18944;6.89127;-0.000741002;6.70109;-1.11608;1.19018
5686;0.208902;-2.11703;אןנ.48;2.18965;6.89148;-0.000741005;6.70109;-1.11629;1.19039
5687;0.208902;-2.11724;4.58459;2.18985;6.89168;-0.000741008;6.70109;-1.11649;1.19059
5688;0.208902;-2.11744;4.58439;2.19006;6.89189;-0.000741011;6.70109;-1.1167;ÿםג.08
5689;0.208902;-2.11765;4.58418;2.19027;6.89209;-0.000741014;6.70109;-1.11691;1.19101
5690;0.208902;-2.11785;4.58398;2.19047;ט‏ם.23;-0.000741017;6.70109;-1.11711;1.19121
5691;0.208902;-2.11806;4.58377;2.19068;6.89251;-0.00074102;6.70109;-1.11732;1.19142
5692;0.208902;-2.11826;4.58356;2.19088;6.89271;-0.000741023;6.70109;-1.11752;1.19162
5693;0.208902;-2.11847;4.58336;2.19109;6.89292;-0.000741026;6.70109;-1.11773;1.19183
5694;0.208903;-2.11867;4.58315;2.19129;6.89312;-0.000741029;6.70109;-1.11793;1.19204
5695;0.208903;-2.11888;4.58295;פוג.15;6.89333;-0.000741033;6.70109;-1.11814;1.19224
5696;0.208903;-2.11909;4.58274;2.19171;6.89353;-0.000741036;6.70109;-1.11834;1.19245
5697;0.208903;-2.11929;4.58254;2.19191;6.89374;-0.000741039;6.70109;-1.11855;1.19265
5698;0.208903;-2.1195;4.58233;2.19212;6.89395;-0.000741042;6.70109;-1.11876;1.19286
5699;0.208903;-2.1197;4.58213;2.19232;6.89415;-0.000741045;6.70109;-1.11896;1.19307
5700;0.208903;-2.11991;4.58192;2.19253;6.89436;-0.000741048;6.70109;-1.11917;1.19327
5701;0.208903;-2.12011;4.58171;2.19274;6.89456;-0.000741051;6.70109;-1.11937;1.19348
5702;0.208903;-2.12032;4.58151;2.19294;6.89477;-0.000741054;6.70109;-1.11958;1.19368
5703;0.208904;-2.12052;אןנ.13;2.19315;6.89497;-0.000741057;6.70109;-1.11978;1.19389
5704;0.208904;-2.12073;אןנ.11;2.19335;6.89518;-0.00074106;6.70108;-1.11999;1.19409
5705;0.208904;-2.12093;4.58089;2.19356;6.89539;-0.000741063;6.70108;-1.12019;ÿםג.43
5706;0.208904;-2.12114;4.58069;2.19376;6.89559;-0.000741066;6.70108;-1.1204;1.19451
5707;0.208904;-2.12135;4.58048;2.19397;ט‏ם.58;-0.000741069;6.70108;-1.12061;1.19471
5708;0.208904;-2.12155;4.58027;2.19418;6.896;-0.000741072;6.70108;-1.12081;1.19492
5709;0.208904;-2.12176;4.58007;2.19438;6.89621;-0.000741075;6.70108;-1.12102;1.19512
5710;0.208904;-2.12196;4.57986;2.19459;6.89641;-0.000741078;6.70108;-1.12122;1.19533
5711;0.208905;-2.12217;4.57966;2.19479;6.89662;-0.000741081;6.70108;-1.12143;1.19554
5712;0.208905;-2.12237;4.57945;2.195;6.89683;-0.000741084;6.70108;-1.12163;1.19574
5713;0.208905;-2.12258;4.57925;2.19521;6.89703;-0.000741087;6.70108;-1.12184;1.19595
5714;0.208905;-2.12278;4.57904;2.19541;6.89724;-0.00074109;6.70108;-1.12204;1.19615
5715;0.208905;-2.12299;4.57883;2.19562;6.89744;-0.000741093;6.70108;-1.12225;1.19636
5716;0.208905;-2.1232;4.57863;2.19582;6.89765;-0.000741096;6.70108;-1.12246;1.19656
5717;0.208905;-2.1234;4.57842;2.19603;6.89785;-0.000741099;6.70108;-1.12266;1.19677
5718;0.208905;-2.12361;4.57822;2.19624;6.89806;-0.000741103;6.70108;-1.12287;1.19698
5719;0.208906;-2.12381;4.57801;2.19644;6.89827;-0.000741106;6.70108;-1.12307;1.19718
5720;0.208906;-2.12402;4.57781;2.19665;6.89847;-0.000741109;6.70108;-1.12328;1.19739
5721;0.208906;-2.12422;אןנ.76;2.19685;6.89868;-0.000741112;6.70108;-1.12348;1.19759
5722;0.208906;-2.12443;4.57739;2.19706;6.89888;-0.000741115;6.70108;-1.12369;ÿםג.78
5723;0.208906;-2.12464;4.57719;2.19726;6.89909;-0.000741118;6.70108;-1.12389;1.19801
5724;0.208906;-2.12484;4.57698;2.19747;6.89929;-0.000741121;6.70108;-1.1241;1.19821
5725;0.208906;-2.12505;4.57678;2.19768;ט‏ם.95;-0.000741124;6.70108;-1.12431;1.19842
5726;0.208906;-2.12525;4.57657;2.19788;6.89971;-0.000741127;6.70108;-1.12451;1.19862
5727;0.208906;-2.12546;4.57637;2.19809;6.89991;-0.00074113;6.70108;-1.12472;1.19883
5728;0.208907;-2.12566;4.57616;2.19829;6.90012;-0.000741133;6.70108;-1.12492;1.19904
5729;0.208907;-2.12587;4.57595;פוג.85;6.90032;-0.000741136;6.70108;-1.12513;1.19924
5730;0.208907;-2.12607;4.57575;2.19871;6.90053;-0.000741139;6.70108;-1.12533;1.19945
5731;0.208907;-2.12628;4.57554;2.19891;6.90073;-0.000741142;6.70108;-1.12554;1.19965
5732;0.208907;-2.12649;4.57534;2.19912;6.90094;-0.000741145;6.70108;-1.12574;1.19986
5733;0.208907;-2.12669;4.57513;2.19932;6.90115;-0.000741148;6.70108;-1.12595;1.20006
5734;0.208907;-2.1269;4.57493;2.19953;6.90135;-0.000741151;6.70108;-1.12616;1.20027
5735;0.208907;-2.1271;4.57472;2.19974;6.90156;-0.000741154;6.70108;-1.12636;1.20048
5736;0.208908;-2.12731;4.57451;2.19994;6.90176;-0.000741157;6.70108;-1.12657;1.20068
5737;0.208908;-2.12751;4.57431;2.20015;6.90197;-0.00074116;6.70108;-1.12677;1.20089
5738;0.208908;-2.12772;אןנ.41;2.20035;6.90217;-0.000741163;6.70108;-1.12698;1.20109
5739;0.208908;-2.12792;אןנ.39;2.20056;6.90238;-0.000741166;6.70108;-1.12718;ÿםג.13
5740;0.208908;-2.12813;4.57369;2.20076;6.90259;-0.000741169;6.70108;-1.12739;1.20151
5741;0.208908;-2.12834;4.57349;2.20097;6.90279;-0.000741172;6.70108;-1.12759;1.20171
5742;0.208908;-2.12854;4.57328;2.20118;6.903;-0.000741175;6.70108;-1.1278;1.20192
5743;0.208908;-2.12875;4.57307;2.20138;ט‏ם.32;-0.000741178;6.70108;-1.12801;1.20212
5744;0.208909;-2.12895;4.57287;2.20159;6.90341;-0.000741181;6.70108;-1.12821;1.20233
5745;0.208909;-2.12916;4.57266;2.20179;6.90361;-0.000741184;6.70108;-1.12842;1.20254
5746;0.208909;-2.12936;4.57246;2.202;6.90382;-0.000741187;6.70108;-1.12862;1.20274
5747;0.208909;-2.12957;4.57225;2.20221;6.90403;-0.00074119;6.70108;-1.12883;1.20295
5748;0.208909;-2.12977;4.57205;2.20241;6.90423;-0.000741193;6.70108;-1.12903;1.20315
5749;0.208909;-2.12998;4.57184;2.20262;6.90444;-0.000741196;6.70108;-1.12924;1.20336
5750;0.208909;-2.13019;4.57163;2.20282;6.90464;-0.000741199;6.70108;-1.12944;1.20356
5751;0.208909;-2.13039;4.57143;2.20303;6.90485;-0.000741202;6.70108;-1.12965;1.20377
5752;0.208909;-2.1306;4.57122;2.20324;6.90505;-0.000741205;6.70108;-1.12986;1.20398
5753;0.20891;-2.1308;4.57102;2.20344;6.90526;-0.000741208;6.70108;-1.13006;1.20418
5754;0.20891;-2.13101;4.57081;2.20365;6.90547;-0.000741211;6.70108;-1.13027;1.20439
5755;0.20891;-2.13121;4.57061;2.20385;6.90567;-0.000741214;6.70108;-1.13047;1.20459
5756;0.20891;-2.13142;אןנ.04;2.20406;6.90588;-0.000741217;6.70108;-1.13068;ÿםג.48
5757;0.20891;-2.13163;4.57019;2.20426;6.90608;-0.00074122;6.70108;-1.13088;1.20501
5758;0.20891;-2.13183;4.56999;2.20447;6.90629;-0.000741223;6.70108;-1.13109;1.20521
5759;0.20891;-2.13204;4.56978;2.20468;ט‏ם.65;-0.000741226;6.70108;-1.1313;1.20542
5760;0.20891;-2.13224;4.56958;2.20488;ט‏ם.67;-0.000741229;6.70108;-1.1315;1.20562
5761;0.208911;-2.13245;4.56937;2.20509;6.90691;-0.000741232;6.70108;-1.13171;1.20583
5762;0.208911;-2.13265;4.56917;2.20529;6.90711;-0.000741235;6.70108;-1.13191;1.20604
5763;0.208911;-2.13286;4.56896;פוג.55;6.90732;-0.000741238;6.70108;-1.13212;1.20624
5764;0.208911;-2.13306;4.56875;2.20571;6.90752;-0.000741241;6.70108;-1.13232;1.20645
5765;0.208911;-2.13327;4.56855;2.20591;6.90773;-0.000741244;6.70108;-1.13253;1.20665
5766;0.208911;-2.13348;4.56834;2.20612;6.90794;-0.000741247;6.70108;-1.13273;1.20686
5767;0.208911;-2.13368;4.56814;2.20632;6.90814;-0.00074125;6.70108;-1.13294;1.20706
5768;0.208911;-2.13389;4.56793;2.20653;6.90835;-0.000741253;6.70108;-1.13315;1.20727
5769;0.208911;-2.13409;4.56772;2.20674;6.90855;-0.000741256;6.70108;-1.13335;1.20748
5770;0.208912;-2.1343;4.56752;2.20694;6.90876;-0.000741259;6.70108;-1.13356;1.20768
5771;0.208912;-2.1345;4.56731;2.20715;6.90896;-0.000741262;6.70108;-1.13376;1.20789
5772;0.208912;-2.13471;4.56711;2.20735;6.90917;-0.000741265;6.70108;-1.13397;1.20809
5773;0.208912;-2.13491;אןנ.69;2.20756;6.90938;-0.000741268;6.70108;-1.13417;ÿםג.83
5774;0.208912;-2.13512;אןנ.67;2.20777;6.90958;-0.000741271;6.70108;-1.13438;1.20851
5775;0.208912;-2.13533;4.56649;2.20797;6.90979;-0.000741274;6.70108;-1.13458;1.20871
5776;0.208912;-2.13553;4.56628;2.20818;6.90999;-0.000741277;6.70108;-1.13479;1.20892
5777;0.208912;-2.13574;4.56608;2.20838;ט‏ם.02;-0.00074128;6.70107;-1.135;1.20912
5778;0.208913;-2.13594;4.56587;2.20859;ט‏ם.04;-0.000741283;6.70107;-1.1352;1.20933
5779;0.208913;-2.13615;4.56567;2.20879;6.91061;-0.000741286;6.70107;-1.13541;1.20954
5780;0.208913;-2.13635;4.56546;2.209;6.91082;-0.000741289;6.70107;-1.13561;1.20974
5781;0.208913;-2.13656;4.56526;2.20921;6.91102;-0.000741292;6.70107;-1.13582;1.20995
5782;0.208913;-2.13677;4.56505;2.20941;6.91123;-0.000741295;6.70107;-1.13602;1.21015
5783;0.208913;-2.13697;4.56484;2.20962;6.91143;-0.000741298;6.70107;-1.13623;1.21036
5784;0.208913;-2.13718;4.56464;2.20982;6.91164;-0.000741301;6.70107;-1.13644;1.21057
5785;0.208913;-2.13738;4.56443;2.21003;6.91185;-0.000741304;6.70107;-1.13664;1.21077
5786;0.208913;-2.13759;4.56423;2.21024;6.91205;-0.000741307;6.70107;-1.13685;1.21098
5787;0.208914;-2.13779;4.56402;2.21044;6.91226;-0.00074131;6.70107;-1.13705;1.21118
5788;0.208914;-2.138;4.56382;2.21065;6.91246;-0.000741313;6.70107;-1.13726;1.21139
5789;0.208914;-2.1382;4.56361;2.21085;6.91267;-0.000741316;6.70107;-1.13746;ÿםג.16
5790;0.208914;-2.13841;אןנ.34;2.21106;6.91287;-0.000741319;6.70107;-1.13767;ÿםג.18
5791;0.208914;-2.13862;אןנ.32;2.21127;6.91308;-0.000741322;6.70107;-1.13787;1.21201
5792;0.208914;-2.13882;4.56299;2.21147;6.91329;-0.000741325;6.70107;-1.13808;1.21221
5793;0.208914;-2.13903;4.56279;2.21168;6.91349;-0.000741328;6.70107;-1.13829;1.21242
5794;0.208914;-2.13923;4.56258;2.21188;ט‏ם.37;-0.000741331;6.70107;-1.13849;1.21262
5795;0.208915;-2.13944;4.56238;2.21209;ט‏ם.39;-0.000741334;6.70107;-1.1387;1.21283
5796;0.208915;-2.13964;4.56217;פוג.23;6.91411;-0.000741336;6.70107;-1.1389;1.21304
5797;0.208915;-2.13985;4.56196;פוג.25;6.91431;-0.000741339;6.70107;-1.13911;1.21324
5798;0.208915;-2.14006;4.56176;2.21271;6.91452;-0.000741342;6.70107;-1.13931;1.21345
5799;0.208915;-2.14026;4.56155;2.21291;6.91473;-0.000741345;6.70107;-1.13952;1.21365
5800;0.208915;-2.14047;4.56135;2.21312;6.91493;-0.000741348;6.70107;-1.13973;1.21386
5801;0.208915;-2.14067;4.56114;2.21333;6.91514;-0.000741351;6.70107;-1.13993;1.21407
5802;0.208915;-2.14088;4.56093;2.21353;6.91534;-0.000741354;6.70107;-1.14014;1.21427
5803;0.208915;-2.14108;4.56073;2.21374;6.91555;-0.000741357;6.70107;-1.14034;1.21448
5804;0.208916;-2.14129;4.56052;2.21394;6.91576;-0.00074136;6.70107;-1.14055;1.21468
5805;0.208916;-2.1415;4.56032;2.21415;6.91596;-0.000741363;6.70107;-1.14075;1.21489
5806;0.208916;-2.1417;4.56011;2.21435;6.91617;-0.000741366;6.70107;-1.14096;ÿםג.51
5807;0.208916;-2.14191;4.55991;2.21456;6.91637;-0.000741369;6.70107;-1.14117;ÿםג.53
5808;0.208916;-2.14211;אןנ.97;2.21477;6.91658;-0.000741372;6.70107;-1.14137;1.21551
5809;0.208916;-2.14232;4.55949;2.21497;6.91678;-0.000741375;6.70107;-1.14158;1.21571
5810;0.208916;-2.14252;4.55929;2.21518;6.91699;-0.000741378;6.70107;-1.14178;1.21592
5811;0.208916;-2.14273;4.55908;2.21538;ט‏ם.72;-0.000741381;6.70107;-1.14199;1.21613
5812;0.208916;-2.14293;4.55888;2.21559;ט‏ם.74;-0.000741384;6.70107;-1.14219;1.21633
5813;0.208917;-2.14314;4.55867;פוג.58;6.91761;-0.000741387;6.70107;-1.1424;1.21654
5814;0.208917;-2.14335;4.55847;2.216;6.91781;-0.00074139;6.70107;-1.1426;1.21674
5815;0.208917;-2.14355;4.55826;2.21621;6.91802;-0.000741393;6.70107;-1.14281;1.21695
5816;0.208917;-2.14376;4.55805;2.21641;6.91823;-0.000741396;6.70107;-1.14302;1.21716
5817;0.208917;-2.14396;4.55785;2.21662;6.91843;-0.000741399;6.70107;-1.14322;1.21736
5818;0.208917;-2.14417;4.55764;2.21683;6.91864;-0.000741402;6.70107;-1.14343;1.21757
5819;0.208917;-2.14437;4.55744;2.21703;6.91884;-0.000741404;6.70107;-1.14363;1.21777
5820;0.208917;-2.14458;4.55723;2.21724;6.91905;-0.000741407;6.70107;-1.14384;1.21798
5821;0.208918;-2.14479;4.55702;2.21744;6.91925;-0.00074141;6.70107;-1.14404;1.21819
5822;0.208918;-2.14499;4.55682;2.21765;6.91946;-0.000741413;6.70107;-1.14425;1.21839
5823;0.208918;-2.1452;4.55661;2.21786;6.91967;-0.000741416;6.70107;-1.14446;ÿםג.86
5824;0.208918;-2.1454;4.55641;2.21806;6.91987;-0.000741419;6.70107;-1.14466;ÿםג.88
5825;0.208918;-2.14561;אןנ.62;2.21827;6.92008;-0.000741422;6.70107;-1.14487;1.21901
5826;0.208918;-2.14581;4.556;2.21847;6.92028;-0.000741425;6.70107;-1.14507;1.21922
5827;0.208918;-2.14602;4.55579;2.21868;6.92049;-0.000741428;6.70107;-1.14528;1.21942
5828;0.208918;-2.14623;4.55558;2.21889;ט‏ם.07;-0.000741431;6.70107;-1.14548;1.21963
5829;0.208918;-2.14643;4.55538;2.21909;ט‏ם.09;-0.000741434;6.70107;-1.14569;1.21983
5830;0.208919;-2.14664;4.55517;פוג.93;6.92111;-0.000741437;6.70107;-1.1459;1.22004
5831;0.208919;-2.14684;4.55497;פוג.95;6.92131;-0.00074144;6.70107;-1.1461;1.22025
5832;0.208919;-2.14705;4.55476;2.21971;6.92152;-0.000741443;6.70107;-1.14631;1.22045
5833;0.208919;-2.14725;4.55456;2.21992;6.92172;-0.000741446;6.70107;-1.14651;1.22066
5834;0.208919;-2.14746;4.55435;2.22012;6.92193;-0.000741449;6.70107;-1.14672;1.22086
5835;0.208919;-2.14767;4.55414;2.22033;6.92214;-0.000741452;6.70107;-1.14692;1.22107
5836;0.208919;-2.14787;4.55394;2.22053;6.92234;-0.000741454;6.70107;-1.14713;1.22127
5837;0.208919;-2.14808;4.55373;2.22074;6.92255;-0.000741457;6.70107;-1.14734;1.22148
5838;0.208919;-2.14828;4.55353;2.22095;6.92275;-0.00074146;6.70107;-1.14754;1.22169
5839;0.20892;-2.14849;4.55332;2.22115;6.92296;-0.000741463;6.70107;-1.14775;1.22189
5840;0.20892;-2.14869;4.55311;2.22136;6.92317;-0.000741466;6.70107;-1.14795;ÿםג.21
5841;0.20892;-2.1489;4.55291;2.22156;6.92337;-0.000741469;6.70107;-1.14816;ÿםג.23
5842;0.20892;-2.1491;אןנ.27;2.22177;6.92358;-0.000741472;6.70107;-1.14836;1.22251
5843;0.20892;-2.14931;אןנ.25;2.22198;6.92378;-0.000741475;6.70107;-1.14857;1.22272
5844;0.20892;-2.14952;4.55229;2.22218;6.92399;-0.000741478;6.70107;-1.14877;1.22292
5845;0.20892;-2.14972;4.55209;2.22239;6.92419;-0.000741481;6.70107;-1.14898;1.22313
5846;0.20892;-2.14993;4.55188;2.22259;ט‏ם.44;-0.000741484;6.70107;-1.14919;1.22333
5847;0.20892;-2.15013;4.55167;פוג.28;6.92461;-0.000741487;6.70107;-1.14939;1.22354
5848;0.208921;-2.15034;4.55147;2.22301;6.92481;-0.00074149;6.70107;-1.1496;1.22375
5849;0.208921;-2.15054;4.55126;2.22321;6.92502;-0.000741493;6.70107;-1.1498;1.22395
5850;0.208921;-2.15075;4.55106;2.22342;6.92522;-0.000741495;6.70107;-1.15001;1.22416
5851;0.208921;-2.15096;4.55085;2.22362;6.92543;-0.000741498;6.70107;-1.15021;1.22436
5852;0.208921;-2.15116;4.55064;2.22383;6.92564;-0.000741501;6.70107;-1.15042;1.22457
5853;0.208921;-2.15137;4.55044;2.22404;6.92584;-0.000741504;6.70107;-1.15063;1.22478
5854;0.208921;-2.15157;4.55023;2.22424;6.92605;-0.000741507;6.70106;-1.15083;1.22498
5855;0.208921;-2.15178;4.55003;2.22445;6.92625;-0.00074151;6.70106;-1.15104;1.22519
5856;0.208922;-2.15198;4.54982;2.22465;6.92646;-0.000741513;6.70106;-1.15124;1.22539
5857;0.208922;-2.15219;4.54962;2.22486;6.92667;-0.000741516;6.70106;-1.15145;ÿםג.56
5858;0.208922;-2.1524;4.54941;2.22506;6.92687;-0.000741519;6.70106;-1.15165;1.22581
5859;0.208922;-2.1526;אןנ.92;2.22527;6.92708;-0.000741522;6.70106;-1.15186;1.22601
5860;0.208922;-2.15281;4.549;2.22548;6.92728;-0.000741525;6.70106;-1.15207;1.22622
5861;0.208922;-2.15301;4.54879;2.22568;6.92749;-0.000741528;6.70106;-1.15227;1.22642
5862;0.208922;-2.15322;4.54859;2.22589;6.92769;-0.00074153;6.70106;-1.15248;1.22663
5863;0.208922;-2.15342;4.54838;2.22609;ט‏ם.79;-0.000741533;6.70106;-1.15268;1.22684
5864;0.208922;-2.15363;4.54817;פוג.63;6.92811;-0.000741536;6.70106;-1.15289;1.22704
5865;0.208923;-2.15384;4.54797;2.22651;6.92831;-0.000741539;6.70106;-1.15309;1.22725
5866;0.208923;-2.15404;4.54776;2.22671;6.92852;-0.000741542;6.70106;-1.1533;1.22745
5867;0.208923;-2.15425;4.54756;2.22692;6.92872;-0.000741545;6.70106;-1.15351;1.22766
5868;0.208923;-2.15445;4.54735;2.22712;6.92893;-0.000741548;6.70106;-1.15371;1.22787
5869;0.208923;-2.15466;4.54715;2.22733;6.92914;-0.000741551;6.70106;-1.15392;1.22807
5870;0.208923;-2.15486;4.54694;2.22754;6.92934;-0.000741554;6.70106;-1.15412;1.22828
5871;0.208923;-2.15507;4.54673;2.22774;6.92955;-0.000741557;6.70106;-1.15433;1.22848
5872;0.208923;-2.15528;4.54653;2.22795;6.92975;-0.000741559;6.70106;-1.15453;1.22869
5873;0.208923;-2.15548;4.54632;2.22815;6.92996;-0.000741562;6.70106;-1.15474;ÿםג.89
5874;0.208924;-2.15569;4.54612;2.22836;6.93016;-0.000741565;6.70106;-1.15495;ÿםג.91
5875;0.208924;-2.15589;4.54591;2.22857;6.93037;-0.000741568;6.70106;-1.15515;1.22931
5876;0.208924;-2.1561;אןנ.57;2.22877;6.93058;-0.000741571;6.70106;-1.15536;1.22951
5877;0.208924;-2.1563;אןנ.55;2.22898;6.93078;-0.000741574;6.70106;-1.15556;1.22972
5878;0.208924;-2.15651;4.54529;2.22918;6.93099;-0.000741577;6.70106;-1.15577;1.22993
5879;0.208924;-2.15672;4.54509;2.22939;6.93119;-0.00074158;6.70106;-1.15597;1.23013
5880;0.208924;-2.15692;4.54488;פוג.96;ט‏ם.14;-0.000741583;6.70106;-1.15618;1.23034
5881;0.208924;-2.15713;4.54468;פוג.98;6.93161;-0.000741586;6.70106;-1.15639;1.23054
5882;0.208924;-2.15733;4.54447;2.23001;6.93181;-0.000741588;6.70106;-1.15659;1.23075
5883;0.208925;-2.15754;4.54426;2.23021;6.93202;-0.000741591;6.70106;-1.1568;1.23096
5884;0.208925;-2.15774;4.54406;2.23042;6.93222;-0.000741594;6.70106;-1.157;1.23116
5885;0.208925;-2.15795;4.54385;2.23063;6.93243;-0.000741597;6.70106;-1.15721;1.23137
5886;0.208925;-2.15816;4.54365;2.23083;6.93264;-0.0007416;6.70106;-1.15741;1.23157
5887;0.208925;-2.15836;4.54344;2.23104;6.93284;-0.000741603;6.70106;-1.15762;1.23178
5888;0.208925;-2.15857;4.54323;2.23124;6.93305;-0.000741606;6.70106;-1.15783;1.23199
5889;0.208925;-2.15877;4.54303;2.23145;6.93325;-0.000741609;6.70106;-1.15803;1.23219
5890;0.208925;-2.15898;4.54282;2.23166;6.93346;-0.000741612;6.70106;-1.15824;ÿםג.24
5891;0.208925;-2.15918;4.54262;2.23186;6.93366;-0.000741615;6.70106;-1.15844;ÿםג.26
5892;0.208926;-2.15939;4.54241;2.23207;6.93387;-0.000741617;6.70106;-1.15865;1.23281
5893;0.208926;-2.1596;4.54221;2.23228;6.93408;-0.00074162;6.70106;-1.15885;1.23302
5894;0.208926;-2.1598;4.542;2.23248;6.93428;-0.000741623;6.70106;-1.15906;1.23322
5895;0.208926;-2.16001;4.54179;2.23269;6.93449;-0.000741626;6.70106;-1.15927;1.23343
5896;0.208926;-2.16021;4.54159;2.23289;6.93469;-0.000741629;6.70106;-1.15947;1.23363
5897;0.208926;-2.16042;4.54138;פוג.31;ט‏ם.49;-0.000741632;6.70106;-1.15968;1.23384
5898;0.208926;-2.16062;4.54118;2.23331;6.93511;-0.000741635;6.70106;-1.15988;1.23405
5899;0.208926;-2.16083;4.54097;2.23351;6.93531;-0.000741638;6.70106;-1.16009;1.23425
5900;0.208926;-2.16104;4.54076;2.23372;6.93552;-0.00074164;6.70106;-1.16029;1.23446
5901;0.208927;-2.16124;4.54056;2.23392;6.93572;-0.000741643;6.70106;-1.1605;1.23466
5902;0.208927;-2.16145;4.54035;2.23413;6.93593;-0.000741646;6.70106;-1.16071;1.23487
5903;0.208927;-2.16165;4.54015;2.23434;6.93614;-0.000741649;6.70106;-1.16091;1.23508
5904;0.208927;-2.16186;4.53994;2.23454;6.93634;-0.000741652;6.70106;-1.16112;1.23528
5905;0.208927;-2.16207;4.53974;2.23475;6.93655;-0.000741655;6.70106;-1.16132;1.23549
5906;0.208927;-2.16227;4.53953;2.23495;6.93675;-0.000741658;6.70106;-1.16153;ÿםג.57
5907;0.208927;-2.16248;4.53932;2.23516;6.93696;-0.000741661;6.70106;-1.16174;ÿםג.59
5908;0.208927;-2.16268;4.53912;2.23537;6.93717;-0.000741663;6.70106;-1.16194;1.23611
5909;0.208927;-2.16289;4.53891;2.23557;6.93737;-0.000741666;6.70106;-1.16215;1.23631
5910;0.208928;-2.16309;4.53871;2.23578;6.93758;-0.000741669;6.70106;-1.16235;1.23652
5911;0.208928;-2.1633;אןנ.85;2.23598;6.93778;-0.000741672;6.70106;-1.16256;1.23673
5912;0.208928;-2.16351;4.53829;2.23619;6.93799;-0.000741675;6.70106;-1.16276;1.23693
5913;0.208928;-2.16371;4.53809;פוג.64;6.93819;-0.000741678;6.70106;-1.16297;1.23714
5914;0.208928;-2.16392;4.53788;פוג.66;ט‏ם.84;-0.000741681;6.70106;-1.16318;1.23734
5915;0.208928;-2.16412;4.53768;2.23681;6.93861;-0.000741684;6.70106;-1.16338;1.23755
5916;0.208928;-2.16433;4.53747;2.23701;6.93881;-0.000741686;6.70106;-1.16359;1.23776
5917;0.208928;-2.16453;4.53726;2.23722;6.93902;-0.000741689;6.70106;-1.16379;1.23796
5918;0.208928;-2.16474;4.53706;2.23743;6.93922;-0.000741692;6.70106;-1.164;1.23817
5919;0.208929;-2.16495;4.53685;2.23763;6.93943;-0.000741695;6.70106;-1.1642;1.23837
5920;0.208929;-2.16515;4.53665;2.23784;6.93964;-0.000741698;6.70106;-1.16441;1.23858
5921;0.208929;-2.16536;4.53644;2.23804;6.93984;-0.000741701;6.70106;-1.16462;1.23879
5922;0.208929;-2.16556;4.53624;2.23825;6.94005;-0.000741704;6.70106;-1.16482;1.23899
5923;0.208929;-2.16577;4.53603;2.23846;6.94025;-0.000741706;6.70106;-1.16503;ÿםג.92
5924;0.208929;-2.16597;4.53582;2.23866;6.94046;-0.000741709;6.70106;-1.16523;ÿםג.94
5925;0.208929;-2.16618;4.53562;2.23887;6.94067;-0.000741712;6.70106;-1.16544;1.23961
5926;0.208929;-2.16639;4.53541;2.23907;6.94087;-0.000741715;6.70106;-1.16564;1.23982
5927;0.208929;-2.16659;4.53521;2.23928;6.94108;-0.000741718;6.70106;-1.16585;1.24002
5928;0.20893;-2.1668;4.535;2.23949;6.94128;-0.000741721;6.70106;-1.16606;1.24023
5929;0.20893;-2.167;4.53479;2.23969;6.94149;-0.000741724;6.70106;-1.16626;1.24043
5930;0.20893;-2.16721;4.53459;פוג.99;ט‏ם.17;-0.000741727;6.70106;-1.16647;1.24064
5931;0.20893;-2.16741;4.53438;פוג.01;ט‏ם.19;-0.000741729;6.70106;-1.16667;1.24085
5932;0.20893;-2.16762;4.53418;2.24031;6.94211;-0.000741732;6.70106;-1.16688;1.24105
5933;0.20893;-2.16783;4.53397;2.24052;6.94231;-0.000741735;6.70106;-1.16708;1.24126
5934;0.20893;-2.16803;4.53376;2.24072;6.94252;-0.000741738;6.70106;-1.16729;1.24146
5935;0.20893;-2.16824;4.53356;2.24093;6.94273;-0.000741741;6.70105;-1.1675;1.24167
5936;0.20893;-2.16844;4.53335;2.24113;6.94293;-0.000741744;6.70105;-1.1677;1.24188
5937;0.208931;-2.16865;4.53315;2.24134;6.94314;-0.000741746;6.70105;-1.16791;1.24208
5938;0.208931;-2.16886;4.53294;2.24155;6.94334;-0.000741749;6.70105;-1.16811;1.24229
5939;0.208931;-2.16906;4.53274;2.24175;6.94355;-0.000741752;6.70105;-1.16832;1.24249
5940;0.208931;-2.16927;4.53253;2.24196;6.94375;-0.000741755;6.70105;-1.16853;ÿםג.27
5941;0.208931;-2.16947;4.53232;2.24216;6.94396;-0.000741758;6.70105;-1.16873;1.24291
5942;0.208931;-2.16968;4.53212;2.24237;6.94417;-0.000741761;6.70105;-1.16894;1.24311
5943;0.208931;-2.16988;4.53191;2.24258;6.94437;-0.000741764;6.70105;-1.16914;1.24332
5944;0.208931;-2.17009;4.53171;2.24278;6.94458;-0.000741766;6.70105;-1.16935;1.24352
5945;0.208931;-2.1703;אןנ.15;2.24299;6.94478;-0.000741769;6.70105;-1.16955;1.24373
5946;0.208931;-2.1705;4.53129;פוג.32;6.94499;-0.000741772;6.70105;-1.16976;1.24394
5947;0.208932;-2.17071;4.53109;פוג.34;ט‏ם.52;-0.000741775;6.70105;-1.16997;1.24414
5948;0.208932;-2.17091;4.53088;2.24361;ט‏ם.54;-0.000741778;6.70105;-1.17017;1.24435
5949;0.208932;-2.17112;4.53068;2.24381;6.94561;-0.000741781;6.70105;-1.17038;1.24456
5950;0.208932;-2.17132;4.53047;2.24402;6.94581;-0.000741783;6.70105;-1.17058;1.24476
5951;0.208932;-2.17153;4.53026;2.24423;6.94602;-0.000741786;6.70105;-1.17079;1.24497
5952;0.208932;-2.17174;4.53006;2.24443;6.94623;-0.000741789;6.70105;-1.17099;1.24517
5953;0.208932;-2.17194;4.52985;2.24464;6.94643;-0.000741792;6.70105;-1.1712;1.24538
5954;0.208932;-2.17215;4.52965;2.24484;6.94664;-0.000741795;6.70105;-1.17141;1.24559
5955;0.208932;-2.17235;4.52944;2.24505;6.94684;-0.000741798;6.70105;-1.17161;1.24579
5956;0.208933;-2.17256;4.52923;2.24526;6.94705;-0.0007418;6.70105;-1.17182;1.246
5957;0.208933;-2.17277;4.52903;2.24546;6.94726;-0.000741803;6.70105;-1.17202;ÿםג.62
5958;0.208933;-2.17297;4.52882;2.24567;6.94746;-0.000741806;6.70105;-1.17223;1.24641
5959;0.208933;-2.17318;4.52862;2.24587;6.94767;-0.000741809;6.70105;-1.17244;1.24662
5960;0.208933;-2.17338;4.52841;2.24608;6.94787;-0.000741812;6.70105;-1.17264;1.24682
5961;0.208933;-2.17359;4.52821;2.24629;6.94808;-0.000741815;6.70105;-1.17285;1.24703
5962;0.208933;-2.17379;4.528;2.24649;6.94829;-0.000741817;6.70105;-1.17305;1.24723
5963;0.208933;-2.174;4.52779;פוג.67;6.94849;-0.00074182;6.70105;-1.17326;1.24744
5964;0.208933;-2.17421;4.52759;פוג.69;ט‏ם.87;-0.000741823;6.70105;-1.17346;1.24765
5965;0.208934;-2.17441;4.52738;2.24711;ט‏ם.89;-0.000741826;6.70105;-1.17367;1.24785
5966;0.208934;-2.17462;4.52718;2.24732;6.94911;-0.000741829;6.70105;-1.17388;1.24806
5967;0.208934;-2.17482;4.52697;2.24752;6.94932;-0.000741832;6.70105;-1.17408;1.24826
5968;0.208934;-2.17503;4.52676;2.24773;6.94952;-0.000741834;6.70105;-1.17429;1.24847
5969;0.208934;-2.17523;4.52656;2.24793;6.94973;-0.000741837;6.70105;-1.17449;1.24868
5970;0.208934;-2.17544;4.52635;2.24814;6.94993;-0.00074184;6.70105;-1.1747;1.24888
5971;0.208934;-2.17565;4.52615;2.24835;6.95014;-0.000741843;6.70105;-1.1749;1.24909
5972;0.208934;-2.17585;4.52594;2.24855;6.95035;-0.000741846;6.70105;-1.17511;ÿםג.93
5973;0.208934;-2.17606;4.52573;2.24876;6.95055;-0.000741849;6.70105;-1.17532;ÿםג.95
5974;0.208934;-2.17626;4.52553;2.24897;6.95076;-0.000741851;6.70105;-1.17552;1.24971
5975;0.208935;-2.17647;4.52532;2.24917;6.95096;-0.000741854;6.70105;-1.17573;1.24991
5976;0.208935;-2.17668;4.52512;2.24938;6.95117;-0.000741857;6.70105;-1.17593;1.25012
5977;0.208935;-2.17688;4.52491;2.24958;6.95138;-0.00074186;6.70105;-1.17614;1.25033
5978;0.208935;-2.17709;אןנ.47;2.24979;6.95158;-0.000741863;6.70105;-1.17635;1.25053
5979;0.208935;-2.17729;אןנ.45;פוג.25;6.95179;-0.000741865;6.70105;-1.17655;1.25074
5980;0.208935;-2.1775;4.52429;פוג.02;6.95199;-0.000741868;6.70105;-1.17676;1.25094
5981;0.208935;-2.1777;4.52409;2.25041;ט‏ם.22;-0.000741871;6.70105;-1.17696;1.25115
5982;0.208935;-2.17791;4.52388;2.25061;6.95241;-0.000741874;6.70105;-1.17717;1.25136
5983;0.208935;-2.17812;4.52367;2.25082;6.95261;-0.000741877;6.70105;-1.17737;1.25156
5984;0.208936;-2.17832;4.52347;2.25103;6.95282;-0.00074188;6.70105;-1.17758;1.25177
5985;0.208936;-2.17853;4.52326;2.25123;6.95302;-0.000741882;6.70105;-1.17779;1.25197
5986;0.208936;-2.17873;4.52306;2.25144;6.95323;-0.000741885;6.70105;-1.17799;1.25218
5987;0.208936;-2.17894;4.52285;2.25164;6.95344;-0.000741888;6.70105;-1.1782;1.25239
5988;0.208936;-2.17915;4.52265;2.25185;6.95364;-0.000741891;6.70105;-1.1784;1.25259
5989;0.208936;-2.17935;4.52244;2.25206;6.95385;-0.000741894;6.70105;-1.17861;ÿםג.28
5990;0.208936;-2.17956;4.52223;2.25226;6.95405;-0.000741896;6.70105;-1.17882;1.253
5991;0.208936;-2.17976;4.52203;2.25247;6.95426;-0.000741899;6.70105;-1.17902;1.25321
5992;0.208936;-2.17997;4.52182;2.25268;6.95447;-0.000741902;6.70105;-1.17923;1.25342
5993;0.208937;-2.18017;4.52162;2.25288;6.95467;-0.000741905;6.70105;-1.17943;1.25362
5994;0.208937;-2.18038;4.52141;2.25309;6.95488;-0.000741908;6.70105;-1.17964;1.25383
5995;0.208937;-2.18059;אןנ.12;2.25329;6.95508;-0.00074191;6.70105;-1.17984;1.25404
5996;0.208937;-2.18079;4.521;פוג.35;6.95529;-0.000741913;6.70105;-1.18005;1.25424
5997;0.208937;-2.181;4.52079;2.25371;ט‏ם.55;-0.000741916;6.70105;-1.18026;1.25445
5998;0.208937;-2.1812;4.52059;2.25391;ט‏ם.57;-0.000741919;6.70105;-1.18046;1.25465
5999;0.208937;-2.18141;4.52038;2.25412;6.95591;-0.000741922;6.70105;-1.18067;1.25486
6000;0.208937;-2.18162;4.52017;2.25432;6.95611;-0.000741924;6.70105;-1.18087;1.25507
6001;0.208937;-2.18182;4.51997;2.25453;6.95632;-0.000741927;6.70105;-1.18108;1.25527
6002;0.208937;-2.18203;4.51976;2.25474;6.95653;-0.00074193;6.70105;-1.18129;1.25548
6003;0.208938;-2.18223;4.51956;2.25494;6.95673;-0.000741933;6.70105;-1.18149;1.25568
6004;0.208938;-2.18244;4.51935;2.25515;6.95694;-0.000741936;6.70105;-1.1817;1.25589
6005;0.208938;-2.18264;4.51914;2.25535;6.95714;-0.000741938;6.70105;-1.1819;ÿםג.61
6006;0.208938;-2.18285;4.51894;2.25556;6.95735;-0.000741941;6.70105;-1.18211;ÿםג.63
6007;0.208938;-2.18306;4.51873;2.25577;6.95756;-0.000741944;6.70105;-1.18231;1.25651
6008;0.208938;-2.18326;4.51853;2.25597;6.95776;-0.000741947;6.70105;-1.18252;1.25671
6009;0.208938;-2.18347;4.51832;2.25618;6.95797;-0.00074195;6.70105;-1.18273;1.25692
6010;0.208938;-2.18367;4.51811;2.25639;6.95817;-0.000741952;6.70105;-1.18293;1.25713
6011;0.208938;-2.18388;4.51791;2.25659;6.95838;-0.000741955;6.70105;-1.18314;1.25733
6012;0.208939;-2.18409;אןנ.77;פוג.68;6.95859;-0.000741958;6.70105;-1.18334;1.25754
6013;0.208939;-2.18429;אןנ.75;2.257;6.95879;-0.000741961;6.70105;-1.18355;1.25775
6014;0.208939;-2.1845;4.51729;2.25721;6.959;-0.000741964;6.70105;-1.18376;1.25795
6015;0.208939;-2.1847;4.51708;2.25742;ט‏ם.92;-0.000741966;6.70105;-1.18396;1.25816
6016;0.208939;-2.18491;4.51688;2.25762;6.95941;-0.000741969;6.70105;-1.18417;1.25836
6017;0.208939;-2.18511;4.51667;2.25783;6.95962;-0.000741972;6.70105;-1.18437;1.25857
6018;0.208939;-2.18532;4.51647;2.25803;6.95982;-0.000741975;6.70105;-1.18458;1.25878
6019;0.208939;-2.18553;4.51626;2.25824;6.96003;-0.000741977;6.70105;-1.18478;1.25898
6020;0.208939;-2.18573;4.51605;2.25845;6.96023;-0.00074198;6.70104;-1.18499;1.25919
6021;0.208939;-2.18594;4.51585;2.25865;6.96044;-0.000741983;6.70104;-1.1852;1.25939
6022;0.20894;-2.18614;4.51564;2.25886;6.96065;-0.000741986;6.70104;-1.1854;ÿםג.96
6023;0.20894;-2.18635;4.51544;2.25906;6.96085;-0.000741989;6.70104;-1.18561;1.25981
6024;0.20894;-2.18656;4.51523;2.25927;6.96106;-0.000741991;6.70104;-1.18581;1.26001
6025;0.20894;-2.18676;4.51502;2.25948;6.96126;-0.000741994;6.70104;-1.18602;1.26022
6026;0.20894;-2.18697;4.51482;2.25968;6.96147;-0.000741997;6.70104;-1.18623;1.26043
6027;0.20894;-2.18717;4.51461;2.25989;6.96168;-0.000742;6.70104;-1.18643;1.26063
6028;0.20894;-2.18738;4.51441;פוג.01;6.96188;-0.000742003;6.70104;-1.18664;1.26084
6029;0.20894;-2.18759;אןנ.42;פוג.03;6.96209;-0.000742005;6.70104;-1.18684;1.26104
6030;0.20894;-2.18779;4.51399;2.26051;6.96229;-0.000742008;6.70104;-1.18705;1.26125
6031;0.208941;-2.188;4.51379;2.26071;ט‏ם.25;-0.000742011;6.70104;-1.18725;1.26146
6032;0.208941;-2.1882;4.51358;2.26092;6.96271;-0.000742014;6.70104;-1.18746;1.26166
6033;0.208941;-2.18841;4.51338;2.26113;6.96291;-0.000742016;6.70104;-1.18767;1.26187
6034;0.208941;-2.18861;4.51317;2.26133;6.96312;-0.000742019;6.70104;-1.18787;1.26207
6035;0.208941;-2.18882;4.51297;2.26154;6.96332;-0.000742022;6.70104;-1.18808;1.26228
6036;0.208941;-2.18903;4.51276;2.26174;6.96353;-0.000742025;6.70104;-1.18828;1.26249
6037;0.208941;-2.18923;4.51255;2.26195;6.96374;-0.000742027;6.70104;-1.18849;1.26269
6038;0.208941;-2.18944;4.51235;2.26216;6.96394;-0.00074203;6.70104;-1.1887;ÿםג.29
6039;0.208941;-2.18964;4.51214;2.26236;6.96415;-0.000742033;6.70104;-1.1889;ÿםג.31
6040;0.208941;-2.18985;4.51194;2.26257;6.96435;-0.000742036;6.70104;-1.18911;1.26331
6041;0.208942;-2.19006;4.51173;2.26278;6.96456;-0.000742039;6.70104;-1.18931;1.26352
6042;0.208942;-2.19026;4.51152;2.26298;6.96477;-0.000742041;6.70104;-1.18952;1.26372
6043;0.208942;-2.19047;4.51132;2.26319;6.96497;-0.000742044;6.70104;-1.18973;1.26393
6044;0.208942;-2.19067;4.51111;2.26339;6.96518;-0.000742047;6.70104;-1.18993;1.26414
6045;0.208942;-2.19088;4.51091;פוג.36;6.96538;-0.00074205;6.70104;-1.19014;1.26434
6046;0.208942;-2.19108;אןנ.07;2.26381;6.96559;-0.000742052;6.70104;-1.19034;1.26455
6047;0.208942;-2.19129;4.51049;2.26401;ט‏ם.58;-0.000742055;6.70104;-1.19055;1.26475
6048;0.208942;-2.1915;4.51029;2.26422;6.966;-0.000742058;6.70104;-1.19075;1.26496
6049;0.208942;-2.1917;4.51008;2.26442;6.96621;-0.000742061;6.70104;-1.19096;1.26517
6050;0.208942;-2.19191;4.50988;2.26463;6.96641;-0.000742063;6.70104;-1.19117;1.26537
6051;0.208943;-2.19211;4.50967;2.26484;6.96662;-0.000742066;6.70104;-1.19137;1.26558
6052;0.208943;-2.19232;4.50946;2.26504;6.96683;-0.000742069;6.70104;-1.19158;1.26578
6053;0.208943;-2.19253;4.50926;2.26525;6.96703;-0.000742072;6.70104;-1.19178;1.26599
6054;0.208943;-2.19273;4.50905;2.26546;6.96724;-0.000742074;6.70104;-1.19199;ÿםג.62
6055;0.208943;-2.19294;4.50885;2.26566;6.96744;-0.000742077;6.70104;-1.1922;ÿםג.64
6056;0.208943;-2.19314;4.50864;2.26587;6.96765;-0.00074208;6.70104;-1.1924;1.26661
6057;0.208943;-2.19335;4.50843;2.26607;6.96786;-0.000742083;6.70104;-1.19261;1.26682
6058;0.208943;-2.19356;4.50823;2.26628;6.96806;-0.000742085;6.70104;-1.19281;1.26702
6059;0.208943;-2.19376;4.50802;2.26649;6.96827;-0.000742088;6.70104;-1.19302;1.26723
6060;0.208943;-2.19397;4.50782;2.26669;6.96847;-0.000742091;6.70104;-1.19323;1.26743
6061;0.208944;-2.19417;4.50761;פוג.69;6.96868;-0.000742094;6.70104;-1.19343;1.26764
6062;0.208944;-2.19438;אןנ.74;פוג.71;6.96889;-0.000742097;6.70104;-1.19364;1.26785
6063;0.208944;-2.19458;אןנ.72;2.26731;6.96909;-0.000742099;6.70104;-1.19384;1.26805
6064;0.208944;-2.19479;4.50699;2.26752;ט‏ם.93;-0.000742102;6.70104;-1.19405;1.26826
6065;0.208944;-2.195;4.50679;2.26772;6.96951;-0.000742105;6.70104;-1.19425;1.26847
6066;0.208944;-2.1952;4.50658;2.26793;6.96971;-0.000742108;6.70104;-1.19446;1.26867
6067;0.208944;-2.19541;4.50637;2.26814;6.96992;-0.00074211;6.70104;-1.19467;1.26888
6068;0.208944;-2.19561;4.50617;2.26834;6.97012;-0.000742113;6.70104;-1.19487;1.26908
6069;0.208944;-2.19582;4.50596;2.26855;6.97033;-0.000742116;6.70104;-1.19508;1.26929
6070;0.208945;-2.19603;4.50576;2.26875;6.97054;-0.000742118;6.70104;-1.19528;ÿםג.95
6071;0.208945;-2.19623;4.50555;2.26896;6.97074;-0.000742121;6.70104;-1.19549;ÿםג.97
6072;0.208945;-2.19644;4.50534;2.26917;6.97095;-0.000742124;6.70104;-1.1957;1.26991
6073;0.208945;-2.19664;4.50514;2.26937;6.97115;-0.000742127;6.70104;-1.1959;1.27011
6074;0.208945;-2.19685;4.50493;2.26958;6.97136;-0.000742129;6.70104;-1.19611;1.27032
6075;0.208945;-2.19706;4.50473;2.26978;6.97157;-0.000742132;6.70104;-1.19631;1.27053
6076;0.208945;-2.19726;4.50452;2.26999;6.97177;-0.000742135;6.70104;-1.19652;1.27073
6077;0.208945;-2.19747;4.50431;פוג.02;6.97198;-0.000742138;6.70104;-1.19673;1.27094
6078;0.208945;-2.19767;4.50411;פוג.04;6.97218;-0.00074214;6.70104;-1.19693;1.27115
6079;0.208945;-2.19788;אןנ.39;2.27061;6.97239;-0.000742143;6.70104;-1.19714;1.27135
6080;0.208946;-2.19809;אןנ.37;2.27082;ט‏ם.26;-0.000742146;6.70104;-1.19734;1.27156
6081;0.208946;-2.19829;4.50349;2.27102;ט‏ם.28;-0.000742149;6.70104;-1.19755;1.27176
6082;0.208946;-2.1985;4.50328;2.27123;6.97301;-0.000742151;6.70104;-1.19775;1.27197
6083;0.208946;-2.1987;4.50308;2.27143;6.97321;-0.000742154;6.70104;-1.19796;1.27218
6084;0.208946;-2.19891;4.50287;2.27164;6.97342;-0.000742157;6.70104;-1.19817;1.27238
6085;0.208946;-2.19911;4.50267;2.27185;6.97363;-0.00074216;6.70104;-1.19837;1.27259
6086;0.208946;-2.19932;4.50246;2.27205;6.97383;-0.000742162;6.70104;-1.19858;1.27279
6087;0.208946;-2.19953;4.50225;2.27226;6.97404;-0.000742165;6.70104;-1.19878;1.273
6088;0.208946;-2.19973;4.50205;2.27246;6.97424;-0.000742168;6.70104;-1.19899;1.27321
6089;0.208946;-2.19994;4.50184;2.27267;6.97445;-0.000742171;6.70104;-1.1992;1.27341
6090;0.208947;-2.20014;4.50164;2.27288;6.97466;-0.000742173;6.70104;-1.1994;1.27362
6091;0.208947;-2.20035;4.50143;2.27308;6.97486;-0.000742176;6.70104;-1.19961;1.27383
6092;0.208947;-2.20056;4.50122;2.27329;6.97507;-0.000742179;6.70104;-1.19981;1.27403
6093;0.208947;-2.20076;4.50102;פוג.35;6.97527;-0.000742181;6.70104;-1.20002;1.27424
6094;0.208947;-2.20097;4.50081;פוג.37;6.97548;-0.000742184;6.70104;-1.20023;1.27444
6095;0.208947;-2.20117;אןנ.06;2.27391;6.97569;-0.000742187;6.70104;-1.20043;1.27465
6096;0.208947;-2.20138;אןנ.04;2.27411;6.97589;-0.00074219;6.70104;-1.20064;1.27486
6097;0.208947;-2.20159;4.50019;2.27432;ט‏ם.61;-0.000742192;6.70104;-1.20084;1.27506
6098;0.208947;-2.20179;4.49999;2.27453;6.97631;-0.000742195;6.70104;-1.20105;1.27527
6099;0.208947;-2.202;4.49978;2.27473;6.97651;-0.000742198;6.70104;-1.20126;1.27548
6100;0.208948;-2.2022;4.49957;2.27494;6.97672;-0.0007422;6.70104;-1.20146;1.27568
6101;0.208948;-2.20241;4.49937;2.27515;6.97692;-0.000742203;6.70104;-1.20167;1.27589
6102;0.208948;-2.20262;4.49916;2.27535;6.97713;-0.000742206;6.70104;-1.20187;1.27609
6103;0.208948;-2.20282;4.49896;2.27556;6.97734;-0.000742209;6.70104;-1.20208;ÿםג.63
6104;0.208948;-2.20303;4.49875;2.27576;6.97754;-0.000742211;6.70104;-1.20229;1.27651
6105;0.208948;-2.20323;4.49854;2.27597;6.97775;-0.000742214;6.70104;-1.20249;1.27671
6106;0.208948;-2.20344;4.49834;2.27618;6.97795;-0.000742217;6.70104;-1.2027;1.27692
6107;0.208948;-2.20365;4.49813;2.27638;6.97816;-0.00074222;6.70104;-1.2029;1.27712
6108;0.208948;-2.20385;4.49793;2.27659;6.97837;-0.000742222;6.70104;-1.20311;1.27733
6109;0.208948;-2.20406;4.49772;2.27679;6.97857;-0.000742225;6.70104;-1.20331;1.27754
6110;0.208949;-2.20426;4.49751;2.277;6.97878;-0.000742228;6.70104;-1.20352;1.27774
6111;0.208949;-2.20447;4.49731;2.27721;6.97898;-0.00074223;6.70104;-1.20373;1.27795
6112;0.208949;-2.20467;אןנ.71;2.27741;6.97919;-0.000742233;6.70103;-1.20393;1.27816
6113;0.208949;-2.20488;אןנ.69;2.27762;ט‏ם.94;-0.000742236;6.70103;-1.20414;1.27836
6114;0.208949;-2.20509;4.49669;2.27783;ט‏ם.96;-0.000742239;6.70103;-1.20434;1.27857
6115;0.208949;-2.20529;4.49648;2.27803;6.97981;-0.000742241;6.70103;-1.20455;1.27877
6116;0.208949;-2.2055;4.49628;2.27824;6.98002;-0.000742244;6.70103;-1.20476;1.27898
6117;0.208949;-2.2057;4.49607;2.27844;6.98022;-0.000742247;6.70103;-1.20496;1.27919
6118;0.208949;-2.20591;4.49587;2.27865;6.98043;-0.000742249;6.70103;-1.20517;1.27939
6119;0.208949;-2.20612;4.49566;2.27886;6.98063;-0.000742252;6.70103;-1.20537;ÿםג.96
6120;0.20895;-2.20632;4.49545;2.27906;6.98084;-0.000742255;6.70103;-1.20558;1.27981
6121;0.20895;-2.20653;4.49525;2.27927;6.98105;-0.000742257;6.70103;-1.20579;1.28001
6122;0.20895;-2.20673;4.49504;2.27948;6.98125;-0.00074226;6.70103;-1.20599;1.28022
6123;0.20895;-2.20694;4.49484;2.27968;6.98146;-0.000742263;6.70103;-1.2062;1.28042
6124;0.20895;-2.20715;4.49463;2.27989;6.98166;-0.000742266;6.70103;-1.2064;1.28063
6125;0.20895;-2.20735;4.49442;2.28009;6.98187;-0.000742268;6.70103;-1.20661;1.28084
6126;0.20895;-2.20756;4.49422;פוג.03;6.98208;-0.000742271;6.70103;-1.20682;1.28104
6127;0.20895;-2.20776;4.49401;2.28051;6.98228;-0.000742274;6.70103;-1.20702;1.28125
6128;0.20895;-2.20797;4.49381;2.28071;6.98249;-0.000742276;6.70103;-1.20723;1.28146
6129;0.20895;-2.20818;אןנ.36;2.28092;6.98269;-0.000742279;6.70103;-1.20743;1.28166
6130;0.208951;-2.20838;4.49339;2.28113;ט‏ם.29;-0.000742282;6.70103;-1.20764;1.28187
6131;0.208951;-2.20859;4.49319;2.28133;6.98311;-0.000742285;6.70103;-1.20785;1.28207
6132;0.208951;-2.20879;4.49298;2.28154;6.98331;-0.000742287;6.70103;-1.20805;1.28228
6133;0.208951;-2.209;4.49278;2.28174;6.98352;-0.00074229;6.70103;-1.20826;1.28249
6134;0.208951;-2.20921;4.49257;2.28195;6.98373;-0.000742293;6.70103;-1.20846;1.28269
6135;0.208951;-2.20941;4.49236;2.28216;6.98393;-0.000742295;6.70103;-1.20867;ÿםג.29
6136;0.208951;-2.20962;4.49216;2.28236;6.98414;-0.000742298;6.70103;-1.20888;ÿםג.31
6137;0.208951;-2.20982;4.49195;2.28257;6.98434;-0.000742301;6.70103;-1.20908;1.28331
6138;0.208951;-2.21003;4.49175;2.28278;6.98455;-0.000742303;6.70103;-1.20929;1.28352
6139;0.208951;-2.21024;4.49154;2.28298;6.98476;-0.000742306;6.70103;-1.20949;1.28372
6140;0.208952;-2.21044;4.49133;2.28319;6.98496;-0.000742309;6.70103;-1.2097;1.28393
6141;0.208952;-2.21065;4.49113;2.28339;6.98517;-0.000742311;6.70103;-1.2099;1.28414
6142;0.208952;-2.21085;4.49092;פוג.36;6.98537;-0.000742314;6.70103;-1.21011;1.28434
6143;0.208952;-2.21106;4.49071;2.28381;6.98558;-0.000742317;6.70103;-1.21032;1.28455
6144;0.208952;-2.21127;4.49051;2.28401;6.98579;-0.00074232;6.70103;-1.21052;1.28475
6145;0.208952;-2.21147;אןנ.03;2.28422;6.98599;-0.000742322;6.70103;-1.21073;1.28496
6146;0.208952;-2.21168;אןנ.01;2.28442;ט‏ם.62;-0.000742325;6.70103;-1.21093;1.28517
6147;0.208952;-2.21188;4.48989;2.28463;ט‏ם.64;-0.000742328;6.70103;-1.21114;1.28537
6148;0.208952;-2.21209;4.48968;2.28484;6.98661;-0.00074233;6.70103;-1.21135;1.28558
6149;0.208952;-2.2123;4.48948;2.28504;6.98682;-0.000742333;6.70103;-1.21155;1.28579
6150;0.208952;-2.2125;4.48927;2.28525;6.98702;-0.000742336;6.70103;-1.21176;1.28599
6151;0.208953;-2.21271;4.48907;2.28546;6.98723;-0.000742338;6.70103;-1.21196;ÿםג.62
6152;0.208953;-2.21291;4.48886;2.28566;6.98744;-0.000742341;6.70103;-1.21217;ÿםג.64
6153;0.208953;-2.21312;4.48865;2.28587;6.98764;-0.000742344;6.70103;-1.21238;1.28661
6154;0.208953;-2.21332;4.48845;2.28607;6.98785;-0.000742346;6.70103;-1.21258;1.28682
6155;0.208953;-2.21353;4.48824;2.28628;6.98805;-0.000742349;6.70103;-1.21279;1.28702
6156;0.208953;-2.21374;4.48804;2.28649;6.98826;-0.000742352;6.70103;-1.21299;1.28723
6157;0.208953;-2.21394;4.48783;2.28669;6.98847;-0.000742354;6.70103;-1.2132;1.28744
6158;0.208953;-2.21415;4.48762;פוג.69;6.98867;-0.000742357;6.70103;-1.21341;1.28764
6159;0.208953;-2.21435;4.48742;2.28711;6.98888;-0.00074236;6.70103;-1.21361;1.28785
6160;0.208953;-2.21456;4.48721;2.28731;6.98908;-0.000742362;6.70103;-1.21382;1.28805
6161;0.208954;-2.21477;4.48701;2.28752;6.98929;-0.000742365;6.70103;-1.21402;1.28826
6162;0.208954;-2.21497;אןנ.68;2.28772;ט‏ם.95;-0.000742368;6.70103;-1.21423;1.28847
6163;0.208954;-2.21518;4.48659;2.28793;ט‏ם.97;-0.00074237;6.70103;-1.21444;1.28867
6164;0.208954;-2.21538;4.48639;2.28814;6.98991;-0.000742373;6.70103;-1.21464;1.28888
6165;0.208954;-2.21559;4.48618;2.28834;6.99012;-0.000742376;6.70103;-1.21485;1.28909
6166;0.208954;-2.2158;4.48598;2.28855;6.99032;-0.000742378;6.70103;-1.21505;1.28929
6167;0.208954;-2.216;4.48577;2.28876;6.99053;-0.000742381;6.70103;-1.21526;ÿםג.95
6168;0.208954;-2.21621;4.48556;2.28896;6.99073;-0.000742384;6.70103;-1.21547;ÿםג.97
6169;0.208954;-2.21641;4.48536;2.28917;6.99094;-0.000742386;6.70103;-1.21567;1.28991
6170;0.208954;-2.21662;4.48515;2.28937;6.99115;-0.000742389;6.70103;-1.21588;1.29012
6171;0.208955;-2.21683;4.48494;2.28958;6.99135;-0.000742392;6.70103;-1.21608;1.29032
6172;0.208955;-2.21703;4.48474;2.28979;6.99156;-0.000742394;6.70103;-1.21629;1.29053
6173;0.208955;-2.21724;4.48453;2.28999;6.99176;-0.000742397;6.70103;-1.2165;1.29074
6174;0.208955;-2.21744;4.48433;פוג.02;6.99197;-0.0007424;6.70103;-1.2167;1.29094
6175;0.208955;-2.21765;4.48412;2.29041;6.99218;-0.000742402;6.70103;-1.21691;1.29115
6176;0.208955;-2.21786;4.48391;2.29061;6.99238;-0.000742405;6.70103;-1.21711;1.29135
6177;0.208955;-2.21806;4.48371;2.29082;6.99259;-0.000742408;6.70103;-1.21732;1.29156
6178;0.208955;-2.21827;אןנ.35;2.29102;ט‏ם.28;-0.00074241;6.70103;-1.21753;1.29177
6179;0.208955;-2.21847;אןנ.33;2.29123;6.993;-0.000742413;6.70103;-1.21773;1.29197
6180;0.208955;-2.21868;4.48309;2.29144;6.99321;-0.000742416;6.70103;-1.21794;1.29218
6181;0.208955;-2.21889;4.48288;2.29164;6.99341;-0.000742418;6.70103;-1.21814;1.29239
6182;0.208956;-2.21909;4.48268;2.29185;6.99362;-0.000742421;6.70103;-1.21835;1.29259
6183;0.208956;-2.2193;4.48247;2.29206;6.99383;-0.000742424;6.70103;-1.21856;ÿםג.28
6184;0.208956;-2.2195;4.48227;2.29226;6.99403;-0.000742426;6.70103;-1.21876;1.293
6185;0.208956;-2.21971;4.48206;2.29247;6.99424;-0.000742429;6.70103;-1.21897;1.29321
6186;0.208956;-2.21992;4.48185;2.29267;6.99444;-0.000742432;6.70103;-1.21917;1.29342
6187;0.208956;-2.22012;4.48165;2.29288;6.99465;-0.000742434;6.70103;-1.21938;1.29362
6188;0.208956;-2.22033;4.48144;2.29309;6.99486;-0.000742437;6.70103;-1.21959;1.29383
6189;0.208956;-2.22053;4.48123;2.29329;6.99506;-0.00074244;6.70103;-1.21979;1.29404
6190;0.208956;-2.22074;4.48103;פוג.35;6.99527;-0.000742442;6.70103;-1.22;1.29424
6191;0.208956;-2.22095;4.48082;2.29371;6.99548;-0.000742445;6.70103;-1.2202;1.29445
6192;0.208957;-2.22115;4.48062;2.29391;6.99568;-0.000742448;6.70103;-1.22041;1.29465
6193;0.208957;-2.22136;4.48041;2.29412;6.99589;-0.00074245;6.70103;-1.22062;1.29486
6194;0.208957;-2.22156;אןנ.02;2.29432;6.99609;-0.000742453;6.70103;-1.22082;1.29507
6195;0.208957;-2.22177;אןנ.48;2.29453;ט‏ם.63;-0.000742456;6.70103;-1.22103;1.29527
6196;0.208957;-2.22198;4.47979;2.29474;6.99651;-0.000742458;6.70103;-1.22123;1.29548
6197;0.208957;-2.22218;4.47959;2.29494;6.99671;-0.000742461;6.70103;-1.22144;1.29569
6198;0.208957;-2.22239;4.47938;2.29515;6.99692;-0.000742464;6.70103;-1.22165;1.29589
6199;0.208957;-2.22259;4.47917;2.29536;6.99712;-0.000742466;6.70103;-1.22185;ÿםג.61
6200;0.208957;-2.2228;4.47897;2.29556;6.99733;-0.000742469;6.70103;-1.22206;1.29631
6201;0.208957;-2.22301;4.47876;2.29577;6.99754;-0.000742472;6.70103;-1.22226;1.29651
6202;0.208957;-2.22321;4.47856;2.29598;6.99774;-0.000742474;6.70103;-1.22247;1.29672
6203;0.208958;-2.22342;4.47835;2.29618;6.99795;-0.000742477;6.70103;-1.22268;1.29692
6204;0.208958;-2.22362;4.47814;2.29639;6.99816;-0.000742479;6.70103;-1.22288;1.29713
6205;0.208958;-2.22383;4.47794;2.29659;6.99836;-0.000742482;6.70103;-1.22309;1.29734
6206;0.208958;-2.22404;4.47773;פוג.68;6.99857;-0.000742485;6.70103;-1.22329;1.29754
6207;0.208958;-2.22424;4.47752;2.29701;6.99877;-0.000742487;6.70103;-1.2235;1.29775
6208;0.208958;-2.22445;4.47732;2.29721;6.99898;-0.00074249;6.70103;-1.22371;1.29796
6209;0.208958;-2.22465;4.47711;2.29742;6.99919;-0.000742493;6.70102;-1.22391;1.29816
6210;0.208958;-2.22486;4.47691;2.29763;6.99939;-0.000742495;6.70102;-1.22412;1.29837
6211;0.208958;-2.22507;אןנ.67;2.29783;ט‏ם.96;-0.000742498;6.70102;-1.22432;1.29857
6212;0.208958;-2.22527;4.47649;2.29804;6.99981;-0.000742501;6.70102;-1.22453;1.29878
6213;0.208959;-2.22548;4.47629;2.29824;7.00001;-0.000742503;6.70102;-1.22474;1.29899
6214;0.208959;-2.22568;4.47608;2.29845;7.00022;-0.000742506;6.70102;-1.22494;1.29919
6215;0.208959;-2.22589;4.47588;2.29866;7.00042;-0.000742508;6.70102;-1.22515;ÿםג.94
6216;0.208959;-2.2261;4.47567;2.29886;7.00063;-0.000742511;6.70102;-1.22535;1.29961
6217;0.208959;-2.2263;4.47546;2.29907;7.00084;-0.000742514;6.70102;-1.22556;1.29981
6218;0.208959;-2.22651;4.47526;2.29928;7.00104;-0.000742516;6.70102;-1.22577;1.30002
6219;0.208959;-2.22672;4.47505;2.29948;7.00125;-0.000742519;6.70102;-1.22597;1.30022
6220;0.208959;-2.22692;4.47485;2.29969;7.00145;-0.000742522;6.70102;-1.22618;1.30043
6221;0.208959;-2.22713;4.47464;2.29989;7.00166;-0.000742524;6.70102;-1.22638;1.30064
6222;0.208959;-2.22733;4.47443;פוג.01;7.00187;-0.000742527;6.70102;-1.22659;1.30084
6223;0.208959;-2.22754;4.47423;2.30031;7.00207;-0.00074253;6.70102;-1.2268;1.30105
6224;0.20896;-2.22775;4.47402;2.30051;7.00228;-0.000742532;6.70102;-1.227;1.30126
6225;0.20896;-2.22795;4.47381;2.30072;7.00249;-0.000742535;6.70102;-1.22721;1.30146
6226;0.20896;-2.22816;4.47361;2.30093;7.00269;-0.000742537;6.70102;-1.22741;1.30167
6227;0.20896;-2.22836;אןנ.34;2.30113;7.0029;-0.00074254;6.70102;-1.22762;1.30187
6228;0.20896;-2.22857;אןנ.32;2.30134;7.0031;-0.000742543;6.70102;-1.22783;1.30208
6229;0.20896;-2.22878;4.47299;2.30154;7.00331;-0.000742545;6.70102;-1.22803;1.30229
6230;0.20896;-2.22898;4.47278;2.30175;7.00352;-0.000742548;6.70102;-1.22824;1.30249
6231;0.20896;-2.22919;4.47258;2.30196;7.00372;-0.000742551;6.70102;-1.22844;ÿםג.27
6232;0.20896;-2.22939;4.47237;2.30216;7.00393;-0.000742553;6.70102;-1.22865;1.30291
6233;0.20896;-2.2296;4.47217;2.30237;7.00414;-0.000742556;6.70102;-1.22886;1.30311
6234;0.20896;-2.22981;4.47196;2.30258;7.00434;-0.000742558;6.70102;-1.22906;1.30332
6235;0.208961;-2.23001;4.47175;2.30278;7.00455;-0.000742561;6.70102;-1.22927;1.30353
6236;0.208961;-2.23022;4.47155;2.30299;7.00475;-0.000742564;6.70102;-1.22948;1.30373
6237;0.208961;-2.23042;4.47134;פוג.32;7.00496;-0.000742566;6.70102;-1.22968;1.30394
6238;0.208961;-2.23063;4.47113;פוג.34;7.00517;-0.000742569;6.70102;-1.22989;1.30414
6239;0.208961;-2.23084;4.47093;2.30361;7.00537;-0.000742572;6.70102;-1.23009;1.30435
6240;0.208961;-2.23104;4.47072;2.30381;7.00558;-0.000742574;6.70102;-1.2303;1.30456
6241;0.208961;-2.23125;4.47052;2.30402;7.00578;-0.000742577;6.70102;-1.23051;1.30476
6242;0.208961;-2.23145;4.47031;2.30423;7.00599;-0.000742579;6.70102;-1.23071;1.30497
6243;0.208961;-2.23166;אןנ.01;2.30443;7.0062;-0.000742582;6.70102;-1.23092;1.30518
6244;0.208961;-2.23187;אןנ.99;2.30464;7.0064;-0.000742585;6.70102;-1.23112;1.30538
6245;0.208962;-2.23207;4.46969;2.30485;7.00661;-0.000742587;6.70102;-1.23133;1.30559
6246;0.208962;-2.23228;4.46949;2.30505;7.00682;-0.00074259;6.70102;-1.23154;1.30579
6247;0.208962;-2.23248;4.46928;2.30526;7.00702;-0.000742592;6.70102;-1.23174;1.306
6248;0.208962;-2.23269;4.46907;2.30546;7.00723;-0.000742595;6.70102;-1.23195;1.30621
6249;0.208962;-2.2329;4.46887;2.30567;7.00743;-0.000742598;6.70102;-1.23215;1.30641
6250;0.208962;-2.2331;4.46866;2.30588;7.00764;-0.0007426;6.70102;-1.23236;1.30662
6251;0.208962;-2.23331;4.46845;2.30608;7.00785;-0.000742603;6.70102;-1.23257;1.30683
6252;0.208962;-2.23351;4.46825;2.30629;7.00805;-0.000742605;6.70102;-1.23277;1.30703
6253;0.208962;-2.23372;4.46804;פוג.65;7.00826;-0.000742608;6.70102;-1.23298;1.30724
6254;0.208962;-2.23393;4.46784;פוג.67;7.00847;-0.000742611;6.70102;-1.23318;1.30745
6255;0.208962;-2.23413;4.46763;2.30691;7.00867;-0.000742613;6.70102;-1.23339;1.30765
6256;0.208963;-2.23434;4.46742;2.30712;7.00888;-0.000742616;6.70102;-1.2336;1.30786
6257;0.208963;-2.23454;4.46722;2.30732;7.00908;-0.000742619;6.70102;-1.2338;1.30806
6258;0.208963;-2.23475;4.46701;2.30753;7.00929;-0.000742621;6.70102;-1.23401;1.30827
6259;0.208963;-2.23496;4.46681;2.30773;7.0095;-0.000742624;6.70102;-1.23421;1.30848
6260;0.208963;-2.23516;אןנ.66;2.30794;7.0097;-0.000742626;6.70102;-1.23442;1.30868
6261;0.208963;-2.23537;4.46639;2.30815;7.00991;-0.000742629;6.70102;-1.23463;1.30889
6262;0.208963;-2.23558;4.46619;2.30835;7.01012;-0.000742632;6.70102;-1.23483;ÿםג.91
6263;0.208963;-2.23578;4.46598;2.30856;7.01032;-0.000742634;6.70102;-1.23504;ÿםג.93
6264;0.208963;-2.23599;4.46577;2.30877;7.01053;-0.000742637;6.70102;-1.23524;1.30951
6265;0.208963;-2.23619;4.46557;2.30897;7.01073;-0.000742639;6.70102;-1.23545;1.30971
6266;0.208963;-2.2364;4.46536;2.30918;7.01094;-0.000742642;6.70102;-1.23566;1.30992
6267;0.208964;-2.23661;4.46516;2.30938;7.01115;-0.000742645;6.70102;-1.23586;1.31013
6268;0.208964;-2.23681;4.46495;2.30959;7.01135;-0.000742647;6.70102;-1.23607;1.31033
6269;0.208964;-2.23702;4.46474;פוג.98;7.01156;-0.00074265;6.70102;-1.23628;1.31054
6270;0.208964;-2.23722;4.46454;פוג.31;7.01177;-0.000742652;6.70102;-1.23648;1.31075
6271;0.208964;-2.23743;4.46433;2.31021;7.01197;-0.000742655;6.70102;-1.23669;1.31095
6272;0.208964;-2.23764;4.46413;2.31042;7.01218;-0.000742657;6.70102;-1.23689;1.31116
6273;0.208964;-2.23784;4.46392;2.31062;7.01238;-0.00074266;6.70102;-1.2371;1.31137
6274;0.208964;-2.23805;4.46371;2.31083;7.01259;-0.000742663;6.70102;-1.23731;1.31157
6275;0.208964;-2.23825;4.46351;2.31104;7.0128;-0.000742665;6.70102;-1.23751;1.31178
6276;0.208964;-2.23846;אןנ.33;2.31124;7.013;-0.000742668;6.70102;-1.23772;1.31198
6277;0.208964;-2.23867;4.46309;2.31145;7.01321;-0.00074267;6.70102;-1.23792;1.31219
6278;0.208965;-2.23887;4.46289;2.31165;7.01342;-0.000742673;6.70102;-1.23813;ÿםג.24
6279;0.208965;-2.23908;4.46268;2.31186;7.01362;-0.000742676;6.70102;-1.23834;ÿםג.26
6280;0.208965;-2.23928;4.46248;2.31207;7.01383;-0.000742678;6.70102;-1.23854;1.31281
6281;0.208965;-2.23949;4.46227;2.31227;7.01403;-0.000742681;6.70102;-1.23875;1.31302
6282;0.208965;-2.2397;4.46206;2.31248;7.01424;-0.000742683;6.70102;-1.23895;1.31322
6283;0.208965;-2.2399;4.46186;2.31269;7.01445;-0.000742686;6.70102;-1.23916;1.31343
6284;0.208965;-2.24011;4.46165;2.31289;7.01465;-0.000742689;6.70102;-1.23937;1.31364
6285;0.208965;-2.24031;4.46145;פוג.31;7.01486;-0.000742691;6.70102;-1.23957;1.31384
6286;0.208965;-2.24052;4.46124;2.31331;7.01507;-0.000742694;6.70102;-1.23978;1.31405
6287;0.208965;-2.24073;4.46103;2.31351;7.01527;-0.000742696;6.70102;-1.23998;1.31425
6288;0.208965;-2.24093;4.46083;2.31372;7.01548;-0.000742699;6.70102;-1.24019;1.31446
6289;0.208966;-2.24114;4.46062;2.31392;7.01568;-0.000742701;6.70102;-1.2404;1.31467
6290;0.208966;-2.24135;4.46041;2.31413;7.01589;-0.000742704;6.70102;-1.2406;1.31487
6291;0.208966;-2.24155;4.46021;2.31434;7.0161;-0.000742707;6.70102;-1.24081;1.31508
6292;0.208966;-2.24176;אןנ.46;2.31454;7.0163;-0.000742709;6.70102;-1.24101;1.31529
6293;0.208966;-2.24196;אןנ.98;2.31475;7.01651;-0.000742712;6.70102;-1.24122;1.31549
6294;0.208966;-2.24217;4.45959;2.31496;7.01672;-0.000742714;6.70102;-1.24143;ÿםג.57
6295;0.208966;-2.24238;4.45938;2.31516;7.01692;-0.000742717;6.70102;-1.24163;ÿםג.59
6296;0.208966;-2.24258;4.45918;2.31537;7.01713;-0.00074272;6.70102;-1.24184;1.31611
6297;0.208966;-2.24279;4.45897;2.31557;7.01733;-0.000742722;6.70102;-1.24205;1.31632
6298;0.208966;-2.24299;4.45876;2.31578;7.01754;-0.000742725;6.70102;-1.24225;1.31652
6299;0.208966;-2.2432;4.45856;2.31599;7.01775;-0.000742727;6.70102;-1.24246;1.31673
6300;0.208967;-2.24341;4.45835;2.31619;7.01795;-0.00074273;6.70102;-1.24266;1.31694
6301;0.208967;-2.24361;4.45815;פוג.64;7.01816;-0.000742732;6.70102;-1.24287;1.31714
6302;0.208967;-2.24382;4.45794;2.31661;7.01837;-0.000742735;6.70102;-1.24308;1.31735
6303;0.208967;-2.24402;4.45773;2.31681;7.01857;-0.000742738;6.70102;-1.24328;1.31756
6304;0.208967;-2.24423;4.45753;2.31702;7.01878;-0.00074274;6.70102;-1.24349;1.31776
6305;0.208967;-2.24444;4.45732;2.31723;7.01898;-0.000742743;6.70102;-1.24369;1.31797
6306;0.208967;-2.24464;4.45712;2.31743;7.01919;-0.000742745;6.70102;-1.2439;1.31817
6307;0.208967;-2.24485;4.45691;2.31764;7.0194;-0.000742748;6.70102;-1.24411;1.31838
6308;0.208967;-2.24506;אןנ.67;2.31784;7.0196;-0.00074275;6.70102;-1.24431;1.31859
6309;0.208967;-2.24526;אןנ.65;2.31805;7.01981;-0.000742753;6.70102;-1.24452;1.31879
6310;0.208967;-2.24547;4.45629;2.31826;7.02002;-0.000742756;6.70102;-1.24472;1.319
6311;0.208968;-2.24567;4.45608;2.31846;7.02022;-0.000742758;6.70102;-1.24493;1.31921
6312;0.208968;-2.24588;4.45588;2.31867;7.02043;-0.000742761;6.70102;-1.24514;1.31941
6313;0.208968;-2.24609;4.45567;2.31888;7.02063;-0.000742763;6.70102;-1.24534;1.31962
6314;0.208968;-2.24629;4.45547;2.31908;7.02084;-0.000742766;6.70101;-1.24555;1.31983
6315;0.208968;-2.2465;4.45526;2.31929;7.02105;-0.000742768;6.70101;-1.24576;1.32003
6316;0.208968;-2.2467;4.45505;פוג.95;7.02125;-0.000742771;6.70101;-1.24596;1.32024
6317;0.208968;-2.24691;4.45485;פוג.97;7.02146;-0.000742773;6.70101;-1.24617;1.32044
6318;0.208968;-2.24712;4.45464;2.31991;7.02167;-0.000742776;6.70101;-1.24637;1.32065
6319;0.208968;-2.24732;4.45443;2.32011;7.02187;-0.000742779;6.70101;-1.24658;1.32086
6320;0.208968;-2.24753;4.45423;2.32032;7.02208;-0.000742781;6.70101;-1.24679;1.32106
6321;0.208968;-2.24773;4.45402;2.32053;7.02228;-0.000742784;6.70101;-1.24699;1.32127
6322;0.208968;-2.24794;4.45382;2.32073;7.02249;-0.000742786;6.70101;-1.2472;1.32148
6323;0.208969;-2.24815;4.45361;2.32094;7.0227;-0.000742789;6.70101;-1.2474;1.32168
6324;0.208969;-2.24835;אןנ.34;2.32115;7.0229;-0.000742791;6.70101;-1.24761;1.32189
6325;0.208969;-2.24856;אןנ.32;2.32135;7.02311;-0.000742794;6.70101;-1.24782;ÿםג.21
6326;0.208969;-2.24877;4.45299;2.32156;7.02332;-0.000742796;6.70101;-1.24802;ÿםג.23
6327;0.208969;-2.24897;4.45279;2.32177;7.02352;-0.000742799;6.70101;-1.24823;1.32251
6328;0.208969;-2.24918;4.45258;2.32197;7.02373;-0.000742802;6.70101;-1.24843;1.32271
6329;0.208969;-2.24938;4.45237;2.32218;7.02393;-0.000742804;6.70101;-1.24864;1.32292
6330;0.208969;-2.24959;4.45217;2.32238;7.02414;-0.000742807;6.70101;-1.24885;1.32313
6331;0.208969;-2.2498;4.45196;2.32259;7.02435;-0.000742809;6.70101;-1.24905;1.32333
6332;0.208969;-2.25;4.45175;פוג.28;7.02455;-0.000742812;6.70101;-1.24926;1.32354
6333;0.208969;-2.25021;4.45155;2.323;7.02476;-0.000742814;6.70101;-1.24947;1.32375
6334;0.20897;-2.25041;4.45134;2.32321;7.02497;-0.000742817;6.70101;-1.24967;1.32395
6335;0.20897;-2.25062;4.45114;2.32342;7.02517;-0.000742819;6.70101;-1.24988;1.32416
6336;0.20897;-2.25083;4.45093;2.32362;7.02538;-0.000742822;6.70101;-1.25008;1.32437
6337;0.20897;-2.25103;4.45072;2.32383;7.02559;-0.000742825;6.70101;-1.25029;1.32457
6338;0.20897;-2.25124;4.45052;2.32404;7.02579;-0.000742827;6.70101;-1.2505;1.32478
6339;0.20897;-2.25144;4.45031;2.32424;7.026;-0.00074283;6.70101;-1.2507;1.32499
6340;0.20897;-2.25165;אןנ.01;2.32445;7.0262;-0.000742832;6.70101;-1.25091;1.32519
6341;0.20897;-2.25186;אןנ.99;2.32465;7.02641;-0.000742835;6.70101;-1.25111;ÿםג.54
6342;0.20897;-2.25206;4.44969;2.32486;7.02662;-0.000742837;6.70101;-1.25132;ÿםג.56
6343;0.20897;-2.25227;4.44949;2.32507;7.02682;-0.00074284;6.70101;-1.25153;1.32581
6344;0.20897;-2.25248;4.44928;2.32527;7.02703;-0.000742842;6.70101;-1.25173;1.32602
6345;0.208971;-2.25268;4.44907;2.32548;7.02724;-0.000742845;6.70101;-1.25194;1.32622
6346;0.208971;-2.25289;4.44887;2.32569;7.02744;-0.000742847;6.70101;-1.25215;1.32643
6347;0.208971;-2.25309;4.44866;2.32589;7.02765;-0.00074285;6.70101;-1.25235;1.32664
6348;0.208971;-2.2533;4.44845;פוג.61;7.02785;-0.000742852;6.70101;-1.25256;1.32684
6349;0.208971;-2.25351;4.44825;2.32631;7.02806;-0.000742855;6.70101;-1.25276;1.32705
6350;0.208971;-2.25371;4.44804;2.32651;7.02827;-0.000742858;6.70101;-1.25297;1.32726
6351;0.208971;-2.25392;4.44784;2.32672;7.02847;-0.00074286;6.70101;-1.25318;1.32746
6352;0.208971;-2.25412;4.44763;2.32693;7.02868;-0.000742863;6.70101;-1.25338;1.32767
6353;0.208971;-2.25433;4.44742;2.32713;7.02889;-0.000742865;6.70101;-1.25359;1.32787
6354;0.208971;-2.25454;4.44722;2.32734;7.02909;-0.000742868;6.70101;-1.25379;1.32808
6355;0.208971;-2.25474;4.44701;2.32754;7.0293;-0.00074287;6.70101;-1.254;1.32829
6356;0.208971;-2.25495;אןנ.68;2.32775;7.0295;-0.000742873;6.70101;-1.25421;1.32849
6357;0.208972;-2.25516;אןנ.66;2.32796;7.02971;-0.000742875;6.70101;-1.25441;ÿםג.87
6358;0.208972;-2.25536;4.44639;2.32816;7.02992;-0.000742878;6.70101;-1.25462;1.32891
6359;0.208972;-2.25557;4.44619;2.32837;7.03012;-0.00074288;6.70101;-1.25482;1.32911
6360;0.208972;-2.25577;4.44598;2.32858;7.03033;-0.000742883;6.70101;-1.25503;1.32932
6361;0.208972;-2.25598;4.44577;2.32878;7.03054;-0.000742885;6.70101;-1.25524;1.32953
6362;0.208972;-2.25619;4.44557;2.32899;7.03074;-0.000742888;6.70101;-1.25544;1.32973
6363;0.208972;-2.25639;4.44536;פוג.92;7.03095;-0.00074289;6.70101;-1.25565;1.32994
6364;0.208972;-2.2566;4.44515;פוג.94;7.03116;-0.000742893;6.70101;-1.25586;1.33014
6365;0.208972;-2.2568;4.44495;2.32961;7.03136;-0.000742896;6.70101;-1.25606;1.33035
6366;0.208972;-2.25701;4.44474;2.32981;7.03157;-0.000742898;6.70101;-1.25627;1.33056
6367;0.208972;-2.25722;4.44454;2.33002;7.03177;-0.000742901;6.70101;-1.25647;1.33076
6368;0.208973;-2.25742;4.44433;2.33023;7.03198;-0.000742903;6.70101;-1.25668;1.33097
6369;0.208973;-2.25763;4.44412;2.33043;7.03219;-0.000742906;6.70101;-1.25689;1.33118
6370;0.208973;-2.25784;4.44392;2.33064;7.03239;-0.000742908;6.70101;-1.25709;1.33138
6371;0.208973;-2.25804;4.44371;2.33085;7.0326;-0.000742911;6.70101;-1.2573;1.33159
6372;0.208973;-2.25825;אןנ.35;2.33105;7.03281;-0.000742913;6.70101;-1.2575;ÿםג.18
6373;0.208973;-2.25845;אןנ.33;2.33126;7.03301;-0.000742916;6.70101;-1.25771;1.332
6374;0.208973;-2.25866;4.44309;2.33147;7.03322;-0.000742918;6.70101;-1.25792;1.33221
6375;0.208973;-2.25887;4.44289;2.33167;7.03342;-0.000742921;6.70101;-1.25812;1.33242
6376;0.208973;-2.25907;4.44268;2.33188;7.03363;-0.000742923;6.70101;-1.25833;1.33262
6377;0.208973;-2.25928;4.44247;2.33209;7.03384;-0.000742926;6.70101;-1.25854;1.33283
6378;0.208973;-2.25948;4.44227;2.33229;7.03404;-0.000742928;6.70101;-1.25874;1.33303
6379;0.208973;-2.25969;4.44206;פוג.25;7.03425;-0.000742931;6.70101;-1.25895;1.33324
6380;0.208974;-2.2599;4.44185;פוג.27;7.03446;-0.000742933;6.70101;-1.25915;1.33345
6381;0.208974;-2.2601;4.44165;2.33291;7.03466;-0.000742936;6.70101;-1.25936;1.33365
6382;0.208974;-2.26031;4.44144;2.33312;7.03487;-0.000742938;6.70101;-1.25957;1.33386
6383;0.208974;-2.26052;4.44124;2.33332;7.03508;-0.000742941;6.70101;-1.25977;1.33407
6384;0.208974;-2.26072;4.44103;2.33353;7.03528;-0.000742943;6.70101;-1.25998;1.33427
6385;0.208974;-2.26093;4.44082;2.33374;7.03549;-0.000742946;6.70101;-1.26018;1.33448
6386;0.208974;-2.26113;4.44062;2.33394;7.03569;-0.000742948;6.70101;-1.26039;1.33469
6387;0.208974;-2.26134;4.44041;2.33415;7.0359;-0.000742951;6.70101;-1.2606;1.33489
6388;0.208974;-2.26155;אןנ.02;2.33436;7.03611;-0.000742953;6.70101;-1.2608;ÿםג.51
6389;0.208974;-2.26175;אןנ.44;2.33456;7.03631;-0.000742956;6.70101;-1.26101;1.33531
6390;0.208974;-2.26196;4.43979;2.33477;7.03652;-0.000742958;6.70101;-1.26122;1.33551
6391;0.208974;-2.26216;4.43959;2.33498;7.03673;-0.000742961;6.70101;-1.26142;1.33572
6392;0.208975;-2.26237;4.43938;2.33518;7.03693;-0.000742964;6.70101;-1.26163;1.33592
6393;0.208975;-2.26258;4.43917;2.33539;7.03714;-0.000742966;6.70101;-1.26183;1.33613
6394;0.208975;-2.26278;4.43897;2.33559;7.03735;-0.000742969;6.70101;-1.26204;1.33634
6395;0.208975;-2.26299;4.43876;פוג.58;7.03755;-0.000742971;6.70101;-1.26225;1.33654
6396;0.208975;-2.2632;4.43855;2.33601;7.03776;-0.000742974;6.70101;-1.26245;1.33675
6397;0.208975;-2.2634;4.43835;2.33621;7.03796;-0.000742976;6.70101;-1.26266;1.33696
6398;0.208975;-2.26361;4.43814;2.33642;7.03817;-0.000742979;6.70101;-1.26287;1.33716
6399;0.208975;-2.26381;4.43794;2.33663;7.03838;-0.000742981;6.70101;-1.26307;1.33737
6400;0.208975;-2.26402;4.43773;2.33683;7.03858;-0.000742984;6.70101;-1.26328;1.33758
6401;0.208975;-2.26423;4.43752;2.33704;7.03879;-0.000742986;6.70101;-1.26348;1.33778
6402;0.208975;-2.26443;4.43732;2.33725;7.039;-0.000742989;6.70101;-1.26369;1.33799
6403;0.208975;-2.26464;4.43711;2.33745;7.0392;-0.000742991;6.70101;-1.2639;ÿםג.82
6404;0.208976;-2.26485;אןנ.69;2.33766;7.03941;-0.000742994;6.70101;-1.2641;ÿםג.84
6405;0.208976;-2.26505;אןנ.67;2.33787;7.03961;-0.000742996;6.70101;-1.26431;1.33861
6406;0.208976;-2.26526;4.43649;2.33807;7.03982;-0.000742999;6.70101;-1.26451;1.33881
6407;0.208976;-2.26546;4.43629;2.33828;7.04003;-0.000743001;6.70101;-1.26472;1.33902
6408;0.208976;-2.26567;4.43608;2.33848;7.04023;-0.000743004;6.70101;-1.26493;1.33923
6409;0.208976;-2.26588;4.43587;2.33869;7.04044;-0.000743006;6.70101;-1.26513;1.33943
6410;0.208976;-2.26608;4.43567;פוג.89;7.04065;-0.000743009;6.70101;-1.26534;1.33964
6411;0.208976;-2.26629;4.43546;פוג.91;7.04085;-0.000743011;6.70101;-1.26555;1.33985
6412;0.208976;-2.26649;4.43525;2.33931;7.04106;-0.000743014;6.70101;-1.26575;1.34005
6413;0.208976;-2.2667;4.43505;2.33952;7.04127;-0.000743016;6.70101;-1.26596;1.34026
6414;0.208976;-2.26691;4.43484;2.33972;7.04147;-0.000743019;6.70101;-1.26616;1.34047
6415;0.208976;-2.26711;4.43464;2.33993;7.04168;-0.000743021;6.70101;-1.26637;1.34067
6416;0.208977;-2.26732;4.43443;2.34014;7.04188;-0.000743023;6.70101;-1.26658;1.34088
6417;0.208977;-2.26753;4.43422;2.34034;7.04209;-0.000743026;6.70101;-1.26678;1.34109
6418;0.208977;-2.26773;4.43402;2.34055;7.0423;-0.000743028;6.70101;-1.26699;1.34129
6419;0.208977;-2.26794;4.43381;2.34076;7.0425;-0.000743031;6.70101;-1.2672;ÿםג.15
6420;0.208977;-2.26814;אןנ.36;2.34096;7.04271;-0.000743033;6.70101;-1.2674;ÿםג.17
6421;0.208977;-2.26835;אןנ.34;2.34117;7.04292;-0.000743036;6.70101;-1.26761;1.34191
6422;0.208977;-2.26856;4.43319;2.34137;7.04312;-0.000743038;6.70101;-1.26781;1.34212
6423;0.208977;-2.26876;4.43299;2.34158;7.04333;-0.000743041;6.70101;-1.26802;1.34232
6424;0.208977;-2.26897;4.43278;2.34179;7.04354;-0.000743043;6.70101;-1.26823;1.34253
6425;0.208977;-2.26918;4.43257;2.34199;7.04374;-0.000743046;6.70101;-1.26843;1.34274
6426;0.208977;-2.26938;4.43237;פוג.22;7.04395;-0.000743048;6.70101;-1.26864;1.34294
6427;0.208977;-2.26959;4.43216;2.34241;7.04415;-0.000743051;6.70101;-1.26884;1.34315
6428;0.208978;-2.26979;4.43195;2.34261;7.04436;-0.000743053;6.701;-1.26905;1.34336
6429;0.208978;-2.27;4.43175;2.34282;7.04457;-0.000743056;6.701;-1.26926;1.34356
6430;0.208978;-2.27021;4.43154;2.34303;7.04477;-0.000743058;6.701;-1.26946;1.34377
6431;0.208978;-2.27041;4.43134;2.34323;7.04498;-0.000743061;6.701;-1.26967;1.34398
6432;0.208978;-2.27062;4.43113;2.34344;7.04519;-0.000743063;6.701;-1.26988;1.34418
6433;0.208978;-2.27083;4.43092;2.34365;7.04539;-0.000743066;6.701;-1.27008;1.34439
6434;0.208978;-2.27103;4.43072;2.34385;7.0456;-0.000743068;6.701;-1.27029;1.34459
6435;0.208978;-2.27124;4.43051;2.34406;7.04581;-0.000743071;6.701;-1.27049;ÿםג.48
6436;0.208978;-2.27144;אןנ.03;2.34426;7.04601;-0.000743073;6.701;-1.2707;1.34501
6437;0.208978;-2.27165;אןנ.01;2.34447;7.04622;-0.000743076;6.701;-1.27091;1.34521
6438;0.208978;-2.27186;4.42989;2.34468;7.04642;-0.000743078;6.701;-1.27111;1.34542
6439;0.208978;-2.27206;4.42968;2.34488;7.04663;-0.000743081;6.701;-1.27132;1.34563
6440;0.208979;-2.27227;4.42948;2.34509;7.04684;-0.000743083;6.701;-1.27153;1.34583
6441;0.208979;-2.27247;4.42927;פוג.53;7.04704;-0.000743086;6.701;-1.27173;1.34604
6442;0.208979;-2.27268;4.42907;פוג.55;7.04725;-0.000743088;6.701;-1.27194;1.34625
6443;0.208979;-2.27289;4.42886;2.34571;7.04746;-0.00074309;6.701;-1.27214;1.34645
6444;0.208979;-2.27309;4.42865;2.34592;7.04766;-0.000743093;6.701;-1.27235;1.34666
6445;0.208979;-2.2733;4.42845;2.34612;7.04787;-0.000743095;6.701;-1.27256;1.34687
6446;0.208979;-2.27351;4.42824;2.34633;7.04808;-0.000743098;6.701;-1.27276;1.34707
6447;0.208979;-2.27371;4.42803;2.34654;7.04828;-0.0007431;6.701;-1.27297;1.34728
6448;0.208979;-2.27392;4.42783;2.34674;7.04849;-0.000743103;6.701;-1.27318;1.34749
6449;0.208979;-2.27412;4.42762;2.34695;7.0487;-0.000743105;6.701;-1.27338;1.34769
6450;0.208979;-2.27433;4.42742;2.34716;7.0489;-0.000743108;6.701;-1.27359;ÿםג.79
6451;0.208979;-2.27454;4.42721;2.34736;7.04911;-0.00074311;6.701;-1.27379;ÿםג.81
6452;0.20898;-2.27474;4.427;2.34757;7.04931;-0.000743113;6.701;-1.274;1.34831
6453;0.20898;-2.27495;אןנ.68;2.34777;7.04952;-0.000743115;6.701;-1.27421;1.34852
6454;0.20898;-2.27516;4.42659;2.34798;7.04973;-0.000743118;6.701;-1.27441;1.34872
6455;0.20898;-2.27536;4.42638;2.34819;7.04993;-0.00074312;6.701;-1.27462;1.34893
6456;0.20898;-2.27557;4.42618;2.34839;7.05014;-0.000743123;6.701;-1.27482;1.34914
6457;0.20898;-2.27577;4.42597;פוג.86;7.05035;-0.000743125;6.701;-1.27503;1.34934
6458;0.20898;-2.27598;4.42577;2.34881;7.05055;-0.000743127;6.701;-1.27524;1.34955
6459;0.20898;-2.27619;4.42556;2.34901;7.05076;-0.00074313;6.701;-1.27544;1.34976
6460;0.20898;-2.27639;4.42535;2.34922;7.05097;-0.000743132;6.701;-1.27565;1.34996
6461;0.20898;-2.2766;4.42515;2.34943;7.05117;-0.000743135;6.701;-1.27586;1.35017
6462;0.20898;-2.27681;4.42494;2.34963;7.05138;-0.000743137;6.701;-1.27606;1.35038
6463;0.20898;-2.27701;4.42473;2.34984;7.05158;-0.00074314;6.701;-1.27627;1.35058
6464;0.208981;-2.27722;4.42453;2.35005;7.05179;-0.000743142;6.701;-1.27647;1.35079
6465;0.208981;-2.27742;4.42432;2.35025;7.052;-0.000743145;6.701;-1.27668;1.351
6466;0.208981;-2.27763;4.42411;2.35046;7.0522;-0.000743147;6.701;-1.27689;ÿםג.12
6467;0.208981;-2.27784;4.42391;2.35067;7.05241;-0.00074315;6.701;-1.27709;1.35141
6468;0.208981;-2.27804;אןנ.37;2.35087;7.05262;-0.000743152;6.701;-1.2773;1.35161
6469;0.208981;-2.27825;אןנ.35;2.35108;7.05282;-0.000743155;6.701;-1.27751;1.35182
6470;0.208981;-2.27846;4.42329;2.35128;7.05303;-0.000743157;6.701;-1.27771;1.35203
6471;0.208981;-2.27866;4.42308;2.35149;7.05324;-0.000743159;6.701;-1.27792;1.35223
6472;0.208981;-2.27887;4.42288;פוג.17;7.05344;-0.000743162;6.701;-1.27812;1.35244
6473;0.208981;-2.27907;4.42267;פוג.19;7.05365;-0.000743164;6.701;-1.27833;1.35265
6474;0.208981;-2.27928;4.42246;2.35211;7.05386;-0.000743167;6.701;-1.27854;1.35285
6475;0.208981;-2.27949;4.42226;2.35232;7.05406;-0.000743169;6.701;-1.27874;1.35306
6476;0.208982;-2.27969;4.42205;2.35252;7.05427;-0.000743172;6.701;-1.27895;1.35327
6477;0.208982;-2.2799;4.42185;2.35273;7.05447;-0.000743174;6.701;-1.27916;1.35347
6478;0.208982;-2.28011;4.42164;2.35294;7.05468;-0.000743177;6.701;-1.27936;1.35368
6479;0.208982;-2.28031;4.42143;2.35314;7.05489;-0.000743179;6.701;-1.27957;1.35389
6480;0.208982;-2.28052;4.42123;2.35335;7.05509;-0.000743181;6.701;-1.27977;1.35409
6481;0.208982;-2.28072;4.42102;2.35356;7.0553;-0.000743184;6.701;-1.27998;ÿםג.43
6482;0.208982;-2.28093;4.42081;2.35376;7.05551;-0.000743186;6.701;-1.28019;1.35451
6483;0.208982;-2.28114;4.42061;2.35397;7.05571;-0.000743189;6.701;-1.28039;1.35471
6484;0.208982;-2.28134;אןנ.04;2.35418;7.05592;-0.000743191;6.701;-1.2806;1.35492
6485;0.208982;-2.28155;4.42019;2.35438;7.05613;-0.000743194;6.701;-1.28081;1.35513
6486;0.208982;-2.28176;4.41999;2.35459;7.05633;-0.000743196;6.701;-1.28101;1.35533
6487;0.208982;-2.28196;4.41978;פוג.48;7.05654;-0.000743199;6.701;-1.28122;1.35554
6488;0.208982;-2.28217;4.41958;2.355;7.05674;-0.000743201;6.701;-1.28142;1.35574
6489;0.208983;-2.28237;4.41937;2.35521;7.05695;-0.000743203;6.701;-1.28163;1.35595
6490;0.208983;-2.28258;4.41916;2.35541;7.05716;-0.000743206;6.701;-1.28184;1.35616
6491;0.208983;-2.28279;4.41896;2.35562;7.05736;-0.000743208;6.701;-1.28204;1.35636
6492;0.208983;-2.28299;4.41875;2.35583;7.05757;-0.000743211;6.701;-1.28225;1.35657
6493;0.208983;-2.2832;4.41854;2.35603;7.05778;-0.000743213;6.701;-1.28246;1.35678
6494;0.208983;-2.28341;4.41834;2.35624;7.05798;-0.000743216;6.701;-1.28266;1.35698
6495;0.208983;-2.28361;4.41813;2.35645;7.05819;-0.000743218;6.701;-1.28287;1.35719
6496;0.208983;-2.28382;4.41792;2.35665;7.0584;-0.000743221;6.701;-1.28307;ÿםג.74
6497;0.208983;-2.28402;4.41772;2.35686;7.0586;-0.000743223;6.701;-1.28328;ÿםג.76
6498;0.208983;-2.28423;4.41751;2.35707;7.05881;-0.000743225;6.701;-1.28349;1.35781
6499;0.208983;-2.28444;4.41731;2.35727;7.05902;-0.000743228;6.701;-1.28369;1.35802
6500;0.208983;-2.28464;אןנ.71;2.35748;7.05922;-0.00074323;6.701;-1.2839;1.35822
6501;0.208984;-2.28485;4.41689;2.35769;7.05943;-0.000743233;6.701;-1.28411;1.35843
6502;0.208984;-2.28506;4.41669;2.35789;7.05963;-0.000743235;6.701;-1.28431;1.35864
6503;0.208984;-2.28526;4.41648;פוג.81;7.05984;-0.000743238;6.701;-1.28452;1.35884
6504;0.208984;-2.28547;4.41627;2.35831;7.06005;-0.00074324;6.701;-1.28472;1.35905
6505;0.208984;-2.28567;4.41607;2.35851;7.06025;-0.000743242;6.701;-1.28493;1.35926
6506;0.208984;-2.28588;4.41586;2.35872;7.06046;-0.000743245;6.701;-1.28514;1.35946
6507;0.208984;-2.28609;4.41566;2.35893;7.06067;-0.000743247;6.701;-1.28534;1.35967
6508;0.208984;-2.28629;4.41545;2.35913;7.06087;-0.00074325;6.701;-1.28555;1.35987
6509;0.208984;-2.2865;4.41524;2.35934;7.06108;-0.000743252;6.701;-1.28576;1.36008
6510;0.208984;-2.28671;4.41504;2.35954;7.06129;-0.000743255;6.701;-1.28596;1.36029
6511;0.208984;-2.28691;4.41483;2.35975;7.06149;-0.000743257;6.701;-1.28617;1.36049
6512;0.208984;-2.28712;4.41462;2.35996;7.0617;-0.000743259;6.701;-1.28637;ÿםג.07
6513;0.208984;-2.28732;4.41442;2.36016;7.06191;-0.000743262;6.701;-1.28658;1.36091
6514;0.208985;-2.28753;4.41421;2.36037;7.06211;-0.000743264;6.701;-1.28679;1.36111
6515;0.208985;-2.28774;4.414;2.36058;7.06232;-0.000743267;6.701;-1.28699;1.36132
6516;0.208985;-2.28794;אןנ.38;2.36078;7.06252;-0.000743269;6.701;-1.2872;1.36153
6517;0.208985;-2.28815;4.41359;2.36099;7.06273;-0.000743272;6.701;-1.28741;1.36173
6518;0.208985;-2.28836;4.41339;פוג.12;7.06294;-0.000743274;6.701;-1.28761;1.36194
6519;0.208985;-2.28856;4.41318;פוג.14;7.06314;-0.000743276;6.701;-1.28782;1.36215
6520;0.208985;-2.28877;4.41297;2.36161;7.06335;-0.000743279;6.701;-1.28803;1.36235
6521;0.208985;-2.28897;4.41277;2.36182;7.06356;-0.000743281;6.701;-1.28823;1.36256
6522;0.208985;-2.28918;4.41256;2.36202;7.06376;-0.000743284;6.701;-1.28844;1.36277
6523;0.208985;-2.28939;4.41235;2.36223;7.06397;-0.000743286;6.701;-1.28864;1.36297
6524;0.208985;-2.28959;4.41215;2.36244;7.06418;-0.000743288;6.701;-1.28885;1.36318
6525;0.208985;-2.2898;4.41194;2.36264;7.06438;-0.000743291;6.701;-1.28906;1.36339
6526;0.208985;-2.29001;4.41173;2.36285;7.06459;-0.000743293;6.701;-1.28926;1.36359
6527;0.208986;-2.29021;4.41153;2.36306;7.0648;-0.000743296;6.701;-1.28947;ÿםג.38
6528;0.208986;-2.29042;4.41132;2.36326;7.065;-0.000743298;6.701;-1.28968;1.36401
6529;0.208986;-2.29062;4.41112;2.36347;7.06521;-0.000743301;6.701;-1.28988;1.36421
6530;0.208986;-2.29083;4.41091;2.36367;7.06541;-0.000743303;6.701;-1.29009;1.36442
6531;0.208986;-2.29104;אןנ.07;2.36388;7.06562;-0.000743305;6.701;-1.29029;1.36462
6532;0.208986;-2.29124;אןנ.05;2.36409;7.06583;-0.000743308;6.701;-1.2905;1.36483
6533;0.208986;-2.29145;4.41029;2.36429;7.06603;-0.00074331;6.701;-1.29071;1.36504
6534;0.208986;-2.29166;4.41008;פוג.45;7.06624;-0.000743313;6.701;-1.29091;1.36524
6535;0.208986;-2.29186;4.40988;2.36471;7.06645;-0.000743315;6.701;-1.29112;1.36545
6536;0.208986;-2.29207;4.40967;2.36491;7.06665;-0.000743317;6.701;-1.29133;1.36566
6537;0.208986;-2.29228;4.40946;2.36512;7.06686;-0.00074332;6.701;-1.29153;1.36586
6538;0.208986;-2.29248;4.40926;2.36533;7.06707;-0.000743322;6.701;-1.29174;1.36607
6539;0.208986;-2.29269;4.40905;2.36553;7.06727;-0.000743325;6.701;-1.29194;1.36628
6540;0.208987;-2.29289;4.40885;2.36574;7.06748;-0.000743327;6.701;-1.29215;1.36648
6541;0.208987;-2.2931;4.40864;2.36595;7.06769;-0.000743329;6.701;-1.29236;1.36669
6542;0.208987;-2.29331;4.40843;2.36615;7.06789;-0.000743332;6.701;-1.29256;ÿםג.69
6543;0.208987;-2.29351;4.40823;2.36636;7.0681;-0.000743334;6.701;-1.29277;ÿםג.71
6544;0.208987;-2.29372;4.40802;2.36657;7.06831;-0.000743337;6.701;-1.29298;1.36731
6545;0.208987;-2.29393;4.40781;2.36677;7.06851;-0.000743339;6.701;-1.29318;1.36752
6546;0.208987;-2.29413;4.40761;2.36698;7.06872;-0.000743341;6.701;-1.29339;1.36772
6547;0.208987;-2.29434;אןנ.74;2.36719;7.06892;-0.000743344;6.701;-1.29359;1.36793
6548;0.208987;-2.29454;4.40719;2.36739;7.06913;-0.000743346;6.701;-1.2938;1.36814
6549;0.208987;-2.29475;4.40699;פוג.76;7.06934;-0.000743349;6.701;-1.29401;1.36834
6550;0.208987;-2.29496;4.40678;2.36781;7.06954;-0.000743351;6.701;-1.29421;1.36855
6551;0.208987;-2.29516;4.40658;2.36801;7.06975;-0.000743353;6.701;-1.29442;1.36876
6552;0.208987;-2.29537;4.40637;2.36822;7.06996;-0.000743356;6.701;-1.29463;1.36896
6553;0.208988;-2.29558;4.40616;2.36843;7.07016;-0.000743358;6.70099;-1.29483;1.36917
6554;0.208988;-2.29578;4.40596;2.36863;7.07037;-0.000743361;6.70099;-1.29504;1.36938
6555;0.208988;-2.29599;4.40575;2.36884;7.07058;-0.000743363;6.70099;-1.29525;1.36958
6556;0.208988;-2.29619;4.40554;2.36904;7.07078;-0.000743365;6.70099;-1.29545;1.36979
6557;0.208988;-2.2964;4.40534;2.36925;7.07099;-0.000743368;6.70099;-1.29566;1.36999
6558;0.208988;-2.29661;4.40513;2.36946;7.0712;-0.00074337;6.70099;-1.29586;ÿםג.02
6559;0.208988;-2.29681;4.40492;2.36966;7.0714;-0.000743373;6.70099;-1.29607;1.37041
6560;0.208988;-2.29702;4.40472;2.36987;7.07161;-0.000743375;6.70099;-1.29628;1.37061
6561;0.208988;-2.29723;4.40451;2.37008;7.07182;-0.000743377;6.70099;-1.29648;1.37082
6562;0.208988;-2.29743;אןנ.43;2.37028;7.07202;-0.00074338;6.70099;-1.29669;1.37103
6563;0.208988;-2.29764;אןנ.41;2.37049;7.07223;-0.000743382;6.70099;-1.2969;1.37123
6564;0.208988;-2.29785;4.40389;פוג.07;7.07243;-0.000743385;6.70099;-1.2971;1.37144
6565;0.208988;-2.29805;4.40369;פוג.09;7.07264;-0.000743387;6.70099;-1.29731;1.37165
6566;0.208989;-2.29826;4.40348;2.37111;7.07285;-0.000743389;6.70099;-1.29751;1.37185
6567;0.208989;-2.29846;4.40327;2.37132;7.07305;-0.000743392;6.70099;-1.29772;1.37206
6568;0.208989;-2.29867;4.40307;2.37152;7.07326;-0.000743394;6.70099;-1.29793;1.37227
6569;0.208989;-2.29888;4.40286;2.37173;7.07347;-0.000743397;6.70099;-1.29813;1.37247
6570;0.208989;-2.29908;4.40265;2.37194;7.07367;-0.000743399;6.70099;-1.29834;1.37268
6571;0.208989;-2.29929;4.40245;2.37214;7.07388;-0.000743401;6.70099;-1.29855;1.37289
6572;0.208989;-2.2995;4.40224;2.37235;7.07409;-0.000743404;6.70099;-1.29875;1.37309
6573;0.208989;-2.2997;4.40203;2.37256;7.07429;-0.000743406;6.70099;-1.29896;ÿםג.33
6574;0.208989;-2.29991;4.40183;2.37276;7.0745;-0.000743408;6.70099;-1.29917;1.37351
6575;0.208989;-2.30011;4.40162;2.37297;7.07471;-0.000743411;6.70099;-1.29937;1.37371
6576;0.208989;-2.30032;4.40142;2.37318;7.07491;-0.000743413;6.70099;-1.29958;1.37392
6577;0.208989;-2.30053;4.40121;2.37338;7.07512;-0.000743416;6.70099;-1.29978;1.37413
6578;0.208989;-2.30073;4.401;2.37359;7.07533;-0.000743418;6.70099;-1.29999;1.37433
6579;0.20899;-2.30094;אןנ.08;פוג.38;7.07553;-0.00074342;6.70099;-1.3002;1.37454
6580;0.20899;-2.30115;4.40059;2.374;7.07574;-0.000743423;6.70099;-1.3004;1.37475
6581;0.20899;-2.30135;4.40038;2.37421;7.07594;-0.000743425;6.70099;-1.30061;1.37495
6582;0.20899;-2.30156;4.40018;2.37442;7.07615;-0.000743428;6.70099;-1.30082;1.37516
6583;0.20899;-2.30177;4.39997;2.37462;7.07636;-0.00074343;6.70099;-1.30102;1.37537
6584;0.20899;-2.30197;4.39976;2.37483;7.07656;-0.000743432;6.70099;-1.30123;1.37557
6585;0.20899;-2.30218;4.39956;2.37503;7.07677;-0.000743435;6.70099;-1.30143;1.37578
6586;0.20899;-2.30238;4.39935;2.37524;7.07698;-0.000743437;6.70099;-1.30164;1.37598
6587;0.20899;-2.30259;4.39915;2.37545;7.07718;-0.000743439;6.70099;-1.30185;1.37619
6588;0.20899;-2.3028;4.39894;2.37565;7.07739;-0.000743442;6.70099;-1.30205;ÿםג.64
6589;0.20899;-2.303;4.39873;2.37586;7.0776;-0.000743444;6.70099;-1.30226;ÿםג.66
6590;0.20899;-2.30321;4.39853;2.37607;7.0778;-0.000743447;6.70099;-1.30247;1.37681
6591;0.20899;-2.30342;4.39832;2.37627;7.07801;-0.000743449;6.70099;-1.30267;1.37702
6592;0.208991;-2.30362;4.39811;2.37648;7.07822;-0.000743451;6.70099;-1.30288;1.37722
6593;0.208991;-2.30383;4.39791;2.37669;7.07842;-0.000743454;6.70099;-1.30309;1.37743
6594;0.208991;-2.30404;אןנ.77;2.37689;7.07863;-0.000743456;6.70099;-1.30329;1.37764
6595;0.208991;-2.30424;4.39749;פוג.71;7.07884;-0.000743458;6.70099;-1.3035;1.37784
6596;0.208991;-2.30445;4.39729;2.37731;7.07904;-0.000743461;6.70099;-1.3037;1.37805
6597;0.208991;-2.30465;4.39708;2.37751;7.07925;-0.000743463;6.70099;-1.30391;1.37826
6598;0.208991;-2.30486;4.39687;2.37772;7.07946;-0.000743465;6.70099;-1.30412;1.37846
6599;0.208991;-2.30507;4.39667;2.37793;7.07966;-0.000743468;6.70099;-1.30432;1.37867
6600;0.208991;-2.30527;4.39646;2.37813;7.07987;-0.00074347;6.70099;-1.30453;1.37888
6601;0.208991;-2.30548;4.39626;2.37834;7.08007;-0.000743473;6.70099;-1.30474;1.37908
6602;0.208991;-2.30569;4.39605;2.37855;7.08028;-0.000743475;6.70099;-1.30494;1.37929
6603;0.208991;-2.30589;4.39584;2.37875;7.08049;-0.000743477;6.70099;-1.30515;ÿםג.95
6604;0.208991;-2.3061;4.39564;2.37896;7.08069;-0.00074348;6.70099;-1.30536;ÿםג.97
6605;0.208991;-2.3063;4.39543;2.37917;7.0809;-0.000743482;6.70099;-1.30556;1.37991
6606;0.208992;-2.30651;4.39522;2.37937;7.08111;-0.000743484;6.70099;-1.30577;1.38012
6607;0.208992;-2.30672;4.39502;2.37958;7.08131;-0.000743487;6.70099;-1.30597;1.38032
6608;0.208992;-2.30692;4.39481;2.37979;7.08152;-0.000743489;6.70099;-1.30618;1.38053
6609;0.208992;-2.30713;אןנ.46;2.37999;7.08173;-0.000743491;6.70099;-1.30639;1.38074
6610;0.208992;-2.30734;אןנ.44;פוג.02;7.08193;-0.000743494;6.70099;-1.30659;1.38094
6611;0.208992;-2.30754;4.39419;2.38041;7.08214;-0.000743496;6.70099;-1.3068;1.38115
6612;0.208992;-2.30775;4.39398;2.38061;7.08235;-0.000743499;6.70099;-1.30701;1.38136
6613;0.208992;-2.30796;4.39378;2.38082;7.08255;-0.000743501;6.70099;-1.30721;1.38156
6614;0.208992;-2.30816;4.39357;2.38103;7.08276;-0.000743503;6.70099;-1.30742;1.38177
6615;0.208992;-2.30837;4.39337;2.38123;7.08297;-0.000743506;6.70099;-1.30762;1.38198
6616;0.208992;-2.30857;4.39316;2.38144;7.08317;-0.000743508;6.70099;-1.30783;1.38218
6617;0.208992;-2.30878;4.39295;2.38165;7.08338;-0.00074351;6.70099;-1.30804;1.38239
6618;0.208992;-2.30899;4.39275;2.38185;7.08359;-0.000743513;6.70099;-1.30824;ÿםג.26
6619;0.208993;-2.30919;4.39254;2.38206;7.08379;-0.000743515;6.70099;-1.30845;ÿםג.28
6620;0.208993;-2.3094;4.39233;2.38226;7.084;-0.000743517;6.70099;-1.30866;1.38301
6621;0.208993;-2.30961;4.39213;2.38247;7.0842;-0.00074352;6.70099;-1.30886;1.38322
6622;0.208993;-2.30981;4.39192;2.38268;7.08441;-0.000743522;6.70099;-1.30907;1.38342
6623;0.208993;-2.31002;4.39171;2.38288;7.08462;-0.000743524;6.70099;-1.30928;1.38363
6624;0.208993;-2.31023;4.39151;2.38309;7.08482;-0.000743527;6.70099;-1.30948;1.38383
6625;0.208993;-2.31043;אןנ.13;פוג.33;7.08503;-0.000743529;6.70099;-1.30969;1.38404
6626;0.208993;-2.31064;4.39109;פוג.35;7.08524;-0.000743532;6.70099;-1.30989;1.38425
6627;0.208993;-2.31084;4.39089;2.38371;7.08544;-0.000743534;6.70099;-1.3101;1.38445
6628;0.208993;-2.31105;4.39068;2.38392;7.08565;-0.000743536;6.70099;-1.31031;1.38466
6629;0.208993;-2.31126;4.39048;2.38412;7.08586;-0.000743539;6.70099;-1.31051;1.38487
6630;0.208993;-2.31146;4.39027;2.38433;7.08606;-0.000743541;6.70099;-1.31072;1.38507
6631;0.208993;-2.31167;4.39006;2.38454;7.08627;-0.000743543;6.70099;-1.31093;1.38528
6632;0.208993;-2.31188;4.38986;2.38474;7.08648;-0.000743546;6.70099;-1.31113;1.38549
6633;0.208994;-2.31208;4.38965;2.38495;7.08668;-0.000743548;6.70099;-1.31134;1.38569
6634;0.208994;-2.31229;4.38944;2.38516;7.08689;-0.00074355;6.70099;-1.31155;ÿםג.59
6635;0.208994;-2.3125;4.38924;2.38536;7.0871;-0.000743553;6.70099;-1.31175;1.38611
6636;0.208994;-2.3127;4.38903;2.38557;7.0873;-0.000743555;6.70099;-1.31196;1.38631
6637;0.208994;-2.31291;4.38882;2.38578;7.08751;-0.000743557;6.70099;-1.31216;1.38652
6638;0.208994;-2.31311;4.38862;2.38598;7.08772;-0.00074356;6.70099;-1.31237;1.38673
6639;0.208994;-2.31332;4.38841;2.38619;7.08792;-0.000743562;6.70099;-1.31258;1.38693
6640;0.208994;-2.31353;אןנ.82;פוג.64;7.08813;-0.000743564;6.70099;-1.31278;1.38714
6641;0.208994;-2.31373;4.388;פוג.66;7.08834;-0.000743567;6.70099;-1.31299;1.38735
6642;0.208994;-2.31394;4.38779;2.38681;7.08854;-0.000743569;6.70099;-1.3132;1.38755
6643;0.208994;-2.31415;4.38759;2.38702;7.08875;-0.000743571;6.70099;-1.3134;1.38776
6644;0.208994;-2.31435;4.38738;2.38722;7.08896;-0.000743574;6.70099;-1.31361;1.38797
6645;0.208994;-2.31456;4.38717;2.38743;7.08916;-0.000743576;6.70099;-1.31382;1.38817
6646;0.208994;-2.31477;4.38697;2.38764;7.08937;-0.000743578;6.70099;-1.31402;1.38838
6647;0.208995;-2.31497;4.38676;2.38784;7.08957;-0.000743581;6.70099;-1.31423;1.38859
6648;0.208995;-2.31518;4.38655;2.38805;7.08978;-0.000743583;6.70099;-1.31443;1.38879
6649;0.208995;-2.31538;4.38635;2.38826;7.08999;-0.000743585;6.70099;-1.31464;1.389
6650;0.208995;-2.31559;4.38614;2.38846;7.09019;-0.000743588;6.70099;-1.31485;1.38921
6651;0.208995;-2.3158;4.38593;2.38867;7.0904;-0.00074359;6.70099;-1.31505;1.38941
6652;0.208995;-2.316;4.38573;2.38888;7.09061;-0.000743592;6.70099;-1.31526;1.38962
6653;0.208995;-2.31621;4.38552;2.38908;7.09081;-0.000743595;6.70099;-1.31547;1.38983
6654;0.208995;-2.31642;4.38531;2.38929;7.09102;-0.000743597;6.70099;-1.31567;1.39003
6655;0.208995;-2.31662;4.38511;פוג.95;7.09123;-0.000743599;6.70099;-1.31588;1.39024
6656;0.208995;-2.31683;אןנ.49;פוג.97;7.09143;-0.000743602;6.70099;-1.31609;1.39045
6657;0.208995;-2.31704;אןנ.47;2.38991;7.09164;-0.000743604;6.70099;-1.31629;1.39065
6658;0.208995;-2.31724;4.38449;2.39012;7.09185;-0.000743606;6.70099;-1.3165;1.39086
6659;0.208995;-2.31745;4.38428;2.39032;7.09205;-0.000743609;6.70099;-1.31671;1.39107
6660;0.208996;-2.31766;4.38408;2.39053;7.09226;-0.000743611;6.70099;-1.31691;1.39127
6661;0.208996;-2.31786;4.38387;2.39074;7.09247;-0.000743613;6.70099;-1.31712;1.39148
6662;0.208996;-2.31807;4.38366;2.39094;7.09267;-0.000743616;6.70099;-1.31732;1.39169
6663;0.208996;-2.31827;4.38346;2.39115;7.09288;-0.000743618;6.70099;-1.31753;1.39189
6664;0.208996;-2.31848;4.38325;2.39136;7.09309;-0.00074362;6.70099;-1.31774;ÿםג.21
6665;0.208996;-2.31869;4.38304;2.39156;7.09329;-0.000743623;6.70099;-1.31794;1.39231
6666;0.208996;-2.31889;4.38284;2.39177;7.0935;-0.000743625;6.70099;-1.31815;1.39251
6667;0.208996;-2.3191;4.38263;2.39198;7.09371;-0.000743627;6.70099;-1.31836;1.39272
6668;0.208996;-2.31931;4.38242;2.39218;7.09391;-0.00074363;6.70099;-1.31856;1.39293
6669;0.208996;-2.31951;4.38222;2.39239;7.09412;-0.000743632;6.70099;-1.31877;1.39313
6670;0.208996;-2.31972;4.38201;פוג.26;7.09433;-0.000743634;6.70099;-1.31898;1.39334
6671;0.208996;-2.31993;אןנ.18;פוג.28;7.09453;-0.000743637;6.70099;-1.31918;1.39355
6672;0.208996;-2.32013;אןנ.16;2.39301;7.09474;-0.000743639;6.70099;-1.31939;1.39375
6673;0.208996;-2.32034;4.38139;2.39322;7.09495;-0.000743641;6.70099;-1.31959;1.39396
6674;0.208997;-2.32054;4.38119;2.39342;7.09515;-0.000743644;6.70099;-1.3198;1.39417
6675;0.208997;-2.32075;4.38098;2.39363;7.09536;-0.000743646;6.70099;-1.32001;1.39437
6676;0.208997;-2.32096;4.38077;2.39383;7.09556;-0.000743648;6.70099;-1.32021;1.39458
6677;0.208997;-2.32116;4.38057;2.39404;7.09577;-0.00074365;6.70099;-1.32042;1.39479
6678;0.208997;-2.32137;4.38036;2.39425;7.09598;-0.000743653;6.70099;-1.32063;1.39499
6679;0.208997;-2.32158;4.38015;2.39445;7.09618;-0.000743655;6.70099;-1.32083;ÿםג.52
6680;0.208997;-2.32178;4.37995;2.39466;7.09639;-0.000743657;6.70099;-1.32104;1.39541
6681;0.208997;-2.32199;4.37974;2.39487;7.0966;-0.00074366;6.70099;-1.32125;1.39561
6682;0.208997;-2.3222;4.37953;2.39507;7.0968;-0.000743662;6.70099;-1.32145;1.39582
6683;0.208997;-2.3224;4.37933;2.39528;7.09701;-0.000743664;6.70099;-1.32166;1.39603
6684;0.208997;-2.32261;4.37912;2.39549;7.09722;-0.000743667;6.70099;-1.32187;1.39623
6685;0.208997;-2.32282;4.37891;2.39569;7.09742;-0.000743669;6.70099;-1.32207;1.39644
6686;0.208997;-2.32302;4.37871;פוג.59;7.09763;-0.000743671;6.70099;-1.32228;1.39664
6687;0.208997;-2.32323;אןנ.85;2.39611;7.09784;-0.000743674;6.70099;-1.32248;1.39685
6688;0.208997;-2.32343;4.37829;2.39631;7.09804;-0.000743676;6.70099;-1.32269;1.39706
6689;0.208998;-2.32364;4.37809;2.39652;7.09825;-0.000743678;6.70099;-1.3229;1.39726
6690;0.208998;-2.32385;4.37788;2.39673;7.09846;-0.000743681;6.70099;-1.3231;1.39747
6691;0.208998;-2.32405;4.37768;2.39693;7.09866;-0.000743683;6.70099;-1.32331;1.39768
6692;0.208998;-2.32426;4.37747;2.39714;7.09887;-0.000743685;6.70098;-1.32352;1.39788
6693;0.208998;-2.32447;4.37726;2.39735;7.09908;-0.000743687;6.70098;-1.32372;1.39809
6694;0.208998;-2.32467;4.37706;2.39755;7.09928;-0.00074369;6.70098;-1.32393;ÿםג.83
6695;0.208998;-2.32488;4.37685;2.39776;7.09949;-0.000743692;6.70098;-1.32414;ÿםג.85
6696;0.208998;-2.32509;4.37664;2.39797;7.0997;-0.000743694;6.70098;-1.32434;1.39871
6697;0.208998;-2.32529;4.37644;2.39817;7.0999;-0.000743697;6.70098;-1.32455;1.39892
6698;0.208998;-2.3255;4.37623;2.39838;7.10011;-0.000743699;6.70098;-1.32475;1.39912
6699;0.208998;-2.3257;4.37602;2.39859;7.10032;-0.000743701;6.70098;-1.32496;1.39933
6700;0.208998;-2.32591;4.37582;2.39879;7.10052;-0.000743704;6.70098;-1.32517;1.39954
6701;0.208998;-2.32612;4.37561;2.399;7.10073;-0.000743706;6.70098;-1.32537;1.39974
6702;0.208998;-2.32632;אןנ.54;2.39921;7.10094;-0.000743708;6.70098;-1.32558;1.39995
6703;0.208999;-2.32653;אןנ.52;2.39941;7.10114;-0.00074371;6.70098;-1.32579;1.40016
6704;0.208999;-2.32674;4.37499;2.39962;7.10135;-0.000743713;6.70098;-1.32599;1.40036
6705;0.208999;-2.32694;4.37478;2.39983;7.10156;-0.000743715;6.70098;-1.3262;1.40057
6706;0.208999;-2.32715;4.37458;2.40003;7.10176;-0.000743717;6.70098;-1.32641;1.40078
6707;0.208999;-2.32736;4.37437;2.40024;7.10197;-0.00074372;6.70098;-1.32661;1.40098
6708;0.208999;-2.32756;4.37416;2.40045;7.10218;-0.000743722;6.70098;-1.32682;1.40119
6709;0.208999;-2.32777;4.37396;2.40065;7.10238;-0.000743724;6.70098;-1.32703;ÿםג.14
6710;0.208999;-2.32798;4.37375;2.40086;7.10259;-0.000743727;6.70098;-1.32723;ÿםג.16
6711;0.208999;-2.32818;4.37355;2.40107;7.10279;-0.000743729;6.70098;-1.32744;1.40181
6712;0.208999;-2.32839;4.37334;2.40127;7.103;-0.000743731;6.70098;-1.32764;1.40202
6713;0.208999;-2.32859;4.37313;2.40148;7.10321;-0.000743733;6.70098;-1.32785;1.40222
6714;0.208999;-2.3288;4.37293;2.40169;7.10341;-0.000743736;6.70098;-1.32806;1.40243
6715;0.208999;-2.32901;4.37272;2.40189;7.10362;-0.000743738;6.70098;-1.32826;1.40264
6716;0.208999;-2.32921;4.37251;פוג.21;7.10383;-0.00074374;6.70098;-1.32847;1.40284
6717;0.209;-2.32942;4.37231;2.40231;7.10403;-0.000743743;6.70098;-1.32868;1.40305
6718;0.209;-2.32963;אןנ.21;2.40251;7.10424;-0.000743745;6.70098;-1.32888;1.40326
6719;0.209;-2.32983;4.37189;2.40272;7.10445;-0.000743747;6.70098;-1.32909;1.40346
6720;0.209;-2.33004;4.37169;2.40293;7.10465;-0.000743749;6.70098;-1.3293;1.40367
6721;0.209;-2.33025;4.37148;2.40313;7.10486;-0.000743752;6.70098;-1.3295;1.40388
6722;0.209;-2.33045;4.37127;2.40334;7.10507;-0.000743754;6.70098;-1.32971;1.40408
6723;0.209;-2.33066;4.37107;2.40355;7.10527;-0.000743756;6.70098;-1.32992;1.40429
6724;0.209;-2.33087;4.37086;2.40375;7.10548;-0.000743759;6.70098;-1.33012;ÿםג.45
6725;0.209;-2.33107;4.37065;2.40396;7.10569;-0.000743761;6.70098;-1.33033;ÿםג.47
6726;0.209;-2.33128;4.37045;2.40417;7.10589;-0.000743763;6.70098;-1.33053;1.40491
6727;0.209;-2.33148;4.37024;2.40437;7.1061;-0.000743765;6.70098;-1.33074;1.40512
6728;0.209;-2.33169;4.37004;2.40458;7.10631;-0.000743768;6.70098;-1.33095;1.40532
6729;0.209;-2.3319;4.36983;2.40479;7.10651;-0.00074377;6.70098;-1.33115;1.40553
6730;0.209;-2.3321;4.36962;2.40499;7.10672;-0.000743772;6.70098;-1.33136;1.40574
6731;0.209;-2.33231;4.36942;פוג.52;7.10693;-0.000743775;6.70098;-1.33157;1.40594
6732;0.209001;-2.33252;4.36921;2.40541;7.10713;-0.000743777;6.70098;-1.33177;1.40615
6733;0.209001;-2.33272;4.369;2.40561;7.10734;-0.000743779;6.70098;-1.33198;1.40636
6734;0.209001;-2.33293;אןנ.88;2.40582;7.10755;-0.000743781;6.70098;-1.33219;1.40656
6735;0.209001;-2.33314;4.36859;2.40603;7.10775;-0.000743784;6.70098;-1.33239;1.40677
6736;0.209001;-2.33334;4.36838;2.40623;7.10796;-0.000743786;6.70098;-1.3326;1.40698
6737;0.209001;-2.33355;4.36818;2.40644;7.10817;-0.000743788;6.70098;-1.33281;1.40718
6738;0.209001;-2.33376;4.36797;2.40665;7.10837;-0.000743791;6.70098;-1.33301;1.40739
6739;0.209001;-2.33396;4.36776;2.40685;7.10858;-0.000743793;6.70098;-1.33322;ÿםג.76
6740;0.209001;-2.33417;4.36756;2.40706;7.10879;-0.000743795;6.70098;-1.33342;ÿםג.78
6741;0.209001;-2.33438;4.36735;2.40727;7.10899;-0.000743797;6.70098;-1.33363;1.40801
6742;0.209001;-2.33458;4.36714;2.40747;7.1092;-0.0007438;6.70098;-1.33384;1.40822
6743;0.209001;-2.33479;4.36694;2.40768;7.10941;-0.000743802;6.70098;-1.33404;1.40842
6744;0.209001;-2.33499;4.36673;2.40789;7.10961;-0.000743804;6.70098;-1.33425;1.40863
6745;0.209001;-2.3352;4.36652;2.40809;7.10982;-0.000743806;6.70098;-1.33446;1.40884
6746;0.209001;-2.33541;4.36632;פוג.83;7.11003;-0.000743809;6.70098;-1.33466;1.40904
6747;0.209002;-2.33561;4.36611;2.40851;7.11023;-0.000743811;6.70098;-1.33487;1.40925
6748;0.209002;-2.33582;אןנ.59;2.40871;7.11044;-0.000743813;6.70098;-1.33508;1.40946
6749;0.209002;-2.33603;אןנ.57;2.40892;7.11065;-0.000743816;6.70098;-1.33528;1.40966
6750;0.209002;-2.33623;4.36549;2.40913;7.11085;-0.000743818;6.70098;-1.33549;1.40987
6751;0.209002;-2.33644;4.36529;2.40933;7.11106;-0.00074382;6.70098;-1.3357;1.41008
6752;0.209002;-2.33665;4.36508;2.40954;7.11127;-0.000743822;6.70098;-1.3359;1.41028
6753;0.209002;-2.33685;4.36487;2.40975;7.11147;-0.000743825;6.70098;-1.33611;1.41049
6754;0.209002;-2.33706;4.36467;2.40995;7.11168;-0.000743827;6.70098;-1.33632;ÿםג.07
6755;0.209002;-2.33727;4.36446;2.41016;7.11189;-0.000743829;6.70098;-1.33652;ÿםג.09
6756;0.209002;-2.33747;4.36425;2.41037;7.11209;-0.000743831;6.70098;-1.33673;1.41111
6757;0.209002;-2.33768;4.36405;2.41057;7.1123;-0.000743834;6.70098;-1.33693;1.41132
6758;0.209002;-2.33788;4.36384;2.41078;7.11251;-0.000743836;6.70098;-1.33714;1.41152
6759;0.209002;-2.33809;4.36363;2.41099;7.11271;-0.000743838;6.70098;-1.33735;1.41173
6760;0.209002;-2.3383;4.36343;2.41119;7.11292;-0.00074384;6.70098;-1.33755;1.41194
6761;0.209002;-2.3385;4.36322;פוג.14;7.11313;-0.000743843;6.70098;-1.33776;1.41214
6762;0.209003;-2.33871;4.36301;2.41161;7.11333;-0.000743845;6.70098;-1.33797;1.41235
6763;0.209003;-2.33892;4.36281;2.41181;7.11354;-0.000743847;6.70098;-1.33817;1.41256
6764;0.209003;-2.33912;אןנ.26;2.41202;7.11374;-0.00074385;6.70098;-1.33838;1.41276
6765;0.209003;-2.33933;4.36239;2.41223;7.11395;-0.000743852;6.70098;-1.33859;1.41297
6766;0.209003;-2.33954;4.36219;2.41243;7.11416;-0.000743854;6.70098;-1.33879;1.41318
6767;0.209003;-2.33974;4.36198;2.41264;7.11436;-0.000743856;6.70098;-1.339;1.41338
6768;0.209003;-2.33995;4.36177;2.41285;7.11457;-0.000743859;6.70098;-1.33921;1.41359
6769;0.209003;-2.34016;4.36157;2.41305;7.11478;-0.000743861;6.70098;-1.33941;ÿםג.38
6770;0.209003;-2.34036;4.36136;2.41326;7.11498;-0.000743863;6.70098;-1.33962;1.414
6771;0.209003;-2.34057;4.36115;2.41347;7.11519;-0.000743865;6.70098;-1.33982;1.41421
6772;0.209003;-2.34078;4.36095;2.41367;7.1154;-0.000743868;6.70098;-1.34003;1.41442
6773;0.209003;-2.34098;4.36074;2.41388;7.1156;-0.00074387;6.70098;-1.34024;1.41462
6774;0.209003;-2.34119;4.36054;2.41409;7.11581;-0.000743872;6.70098;-1.34044;1.41483
6775;0.209003;-2.34139;4.36033;2.41429;7.11602;-0.000743874;6.70098;-1.34065;1.41504
6776;0.209003;-2.3416;4.36012;פוג.45;7.11622;-0.000743877;6.70098;-1.34086;1.41525
6777;0.209004;-2.34181;4.35992;2.41471;7.11643;-0.000743879;6.70098;-1.34106;1.41545
6778;0.209004;-2.34201;4.35971;2.41491;7.11664;-0.000743881;6.70098;-1.34127;1.41566
6779;0.209004;-2.34222;אןנ.95;2.41512;7.11684;-0.000743883;6.70098;-1.34148;1.41587
6780;0.209004;-2.34243;אןנ.93;2.41533;7.11705;-0.000743886;6.70098;-1.34168;1.41607
6781;0.209004;-2.34263;4.35909;2.41553;7.11726;-0.000743888;6.70098;-1.34189;1.41628
6782;0.209004;-2.34284;4.35888;2.41574;7.11746;-0.00074389;6.70098;-1.3421;1.41649
6783;0.209004;-2.34305;4.35868;2.41595;7.11767;-0.000743892;6.70098;-1.3423;1.41669
6784;0.209004;-2.34325;4.35847;2.41615;7.11788;-0.000743895;6.70098;-1.34251;ÿםג.69
6785;0.209004;-2.34346;4.35826;2.41636;7.11808;-0.000743897;6.70098;-1.34272;1.41711
6786;0.209004;-2.34367;4.35806;2.41657;7.11829;-0.000743899;6.70098;-1.34292;1.41731
6787;0.209004;-2.34387;4.35785;2.41677;7.1185;-0.000743901;6.70098;-1.34313;1.41752
6788;0.209004;-2.34408;4.35764;2.41698;7.1187;-0.000743904;6.70098;-1.34334;1.41773
6789;0.209004;-2.34429;4.35744;2.41719;7.11891;-0.000743906;6.70098;-1.34354;1.41793
6790;0.209004;-2.34449;4.35723;2.41739;7.11912;-0.000743908;6.70098;-1.34375;1.41814
6791;0.209004;-2.3447;4.35702;פוג.76;7.11932;-0.00074391;6.70098;-1.34395;1.41835
6792;0.209005;-2.3449;4.35682;2.41781;7.11953;-0.000743913;6.70098;-1.34416;1.41855
6793;0.209005;-2.34511;4.35661;2.41802;7.11974;-0.000743915;6.70098;-1.34437;1.41876
6794;0.209005;-2.34532;אןנ.64;2.41822;7.11994;-0.000743917;6.70098;-1.34457;1.41897
6795;0.209005;-2.34552;אןנ.62;2.41843;7.12015;-0.000743919;6.70098;-1.34478;1.41917
6796;0.209005;-2.34573;4.35599;2.41864;7.12036;-0.000743922;6.70098;-1.34499;1.41938
6797;0.209005;-2.34594;4.35578;2.41884;7.12056;-0.000743924;6.70098;-1.34519;1.41959
6798;0.209005;-2.34614;4.35558;2.41905;7.12077;-0.000743926;6.70098;-1.3454;1.41979
6799;0.209005;-2.34635;4.35537;2.41926;7.12098;-0.000743928;6.70098;-1.34561;ÿםג.42
6800;0.209005;-2.34656;4.35517;2.41946;7.12118;-0.000743931;6.70098;-1.34581;1.42021
6801;0.209005;-2.34676;4.35496;2.41967;7.12139;-0.000743933;6.70098;-1.34602;1.42041
6802;0.209005;-2.34697;4.35475;2.41988;7.1216;-0.000743935;6.70098;-1.34623;1.42062
6803;0.209005;-2.34718;4.35455;2.42008;7.1218;-0.000743937;6.70098;-1.34643;1.42083
6804;0.209005;-2.34738;4.35434;2.42029;7.12201;-0.000743939;6.70098;-1.34664;1.42103
6805;0.209005;-2.34759;4.35413;פוג.05;7.12222;-0.000743942;6.70098;-1.34685;1.42124
6806;0.209005;-2.3478;4.35393;פוג.07;7.12242;-0.000743944;6.70098;-1.34705;1.42145
6807;0.209006;-2.348;4.35372;2.42091;7.12263;-0.000743946;6.70098;-1.34726;1.42165
6808;0.209006;-2.34821;4.35351;2.42112;7.12284;-0.000743948;6.70098;-1.34746;1.42186
6809;0.209006;-2.34842;4.35331;2.42132;7.12304;-0.000743951;6.70098;-1.34767;1.42207
6810;0.209006;-2.34862;אןנ.31;2.42153;7.12325;-0.000743953;6.70098;-1.34788;1.42227
6811;0.209006;-2.34883;4.35289;2.42174;7.12346;-0.000743955;6.70098;-1.34808;1.42248
6812;0.209006;-2.34903;4.35269;2.42194;7.12366;-0.000743957;6.70098;-1.34829;1.42269
6813;0.209006;-2.34924;4.35248;2.42215;7.12387;-0.00074396;6.70098;-1.3485;1.42289
6814;0.209006;-2.34945;4.35227;2.42236;7.12408;-0.000743962;6.70098;-1.3487;ÿםג.31
6815;0.209006;-2.34965;4.35207;2.42256;7.12428;-0.000743964;6.70098;-1.34891;1.42331
6816;0.209006;-2.34986;4.35186;2.42277;7.12449;-0.000743966;6.70098;-1.34912;1.42351
6817;0.209006;-2.35007;4.35165;2.42298;7.1247;-0.000743968;6.70098;-1.34932;1.42372
6818;0.209006;-2.35027;4.35145;2.42318;7.1249;-0.000743971;6.70098;-1.34953;1.42393
6819;0.209006;-2.35048;4.35124;2.42339;7.12511;-0.000743973;6.70098;-1.34974;1.42413
6820;0.209006;-2.35069;4.35103;פוג.36;7.12532;-0.000743975;6.70098;-1.34994;1.42434
6821;0.209006;-2.35089;4.35083;פוג.38;7.12552;-0.000743977;6.70098;-1.35015;1.42455
6822;0.209006;-2.3511;4.35062;2.42401;7.12573;-0.00074398;6.70098;-1.35036;1.42475
6823;0.209007;-2.35131;4.35041;2.42422;7.12594;-0.000743982;6.70098;-1.35056;1.42496
6824;0.209007;-2.35151;4.35021;2.42442;7.12614;-0.000743984;6.70098;-1.35077;1.42517
6825;0.209007;-2.35172;אןנ.35;2.42463;7.12635;-0.000743986;6.70098;-1.35098;1.42537
6826;0.209007;-2.35193;4.34979;2.42484;7.12656;-0.000743988;6.70098;-1.35118;1.42558
6827;0.209007;-2.35213;4.34959;2.42504;7.12676;-0.000743991;6.70098;-1.35139;1.42579
6828;0.209007;-2.35234;4.34938;2.42525;7.12697;-0.000743993;6.70098;-1.35159;1.42599
6829;0.209007;-2.35255;4.34917;2.42546;7.12718;-0.000743995;6.70098;-1.3518;ÿםג.62
6830;0.209007;-2.35275;4.34897;2.42566;7.12738;-0.000743997;6.70098;-1.35201;1.42641
6831;0.209007;-2.35296;4.34876;2.42587;7.12759;-0.000744;6.70098;-1.35221;1.42661
6832;0.209007;-2.35316;4.34856;2.42608;7.1278;-0.000744002;6.70098;-1.35242;1.42682
6833;0.209007;-2.35337;4.34835;2.42628;7.128;-0.000744004;6.70098;-1.35263;1.42703
6834;0.209007;-2.35358;4.34814;2.42649;7.12821;-0.000744006;6.70098;-1.35283;1.42723
6835;0.209007;-2.35378;4.34794;פוג.67;7.12842;-0.000744008;6.70098;-1.35304;1.42744
6836;0.209007;-2.35399;4.34773;פוג.69;7.12862;-0.000744011;6.70098;-1.35325;1.42765
6837;0.209007;-2.3542;4.34752;2.42711;7.12883;-0.000744013;6.70098;-1.35345;1.42785
6838;0.209008;-2.3544;4.34732;2.42732;7.12904;-0.000744015;6.70098;-1.35366;1.42806
6839;0.209008;-2.35461;4.34711;2.42752;7.12924;-0.000744017;6.70098;-1.35387;1.42827
6840;0.209008;-2.35482;אןנ.69;2.42773;7.12945;-0.00074402;6.70098;-1.35407;1.42848
6841;0.209008;-2.35502;אןנ.67;2.42794;7.12966;-0.000744022;6.70098;-1.35428;1.42868
6842;0.209008;-2.35523;4.34649;2.42814;7.12986;-0.000744024;6.70098;-1.35449;1.42889
6843;0.209008;-2.35544;4.34628;2.42835;7.13007;-0.000744026;6.70098;-1.35469;ÿםג.91
6844;0.209008;-2.35564;4.34608;2.42856;7.13028;-0.000744028;6.70098;-1.3549;ÿםג.93
6845;0.209008;-2.35585;4.34587;2.42876;7.13048;-0.000744031;6.70098;-1.35511;1.42951
6846;0.209008;-2.35606;4.34566;2.42897;7.13069;-0.000744033;6.70098;-1.35531;1.42972
6847;0.209008;-2.35626;4.34546;2.42918;7.1309;-0.000744035;6.70098;-1.35552;1.42992
6848;0.209008;-2.35647;4.34525;2.42938;7.1311;-0.000744037;6.70098;-1.35573;1.43013
6849;0.209008;-2.35668;4.34504;2.42959;7.13131;-0.000744039;6.70097;-1.35593;1.43034
6850;0.209008;-2.35688;4.34484;פוג.98;7.13152;-0.000744042;6.70097;-1.35614;1.43054
6851;0.209008;-2.35709;4.34463;2.43001;7.13172;-0.000744044;6.70097;-1.35634;1.43075
6852;0.209008;-2.3573;4.34442;2.43021;7.13193;-0.000744046;6.70097;-1.35655;1.43096
6853;0.209008;-2.3575;4.34422;2.43042;7.13214;-0.000744048;6.70097;-1.35676;1.43116
6854;0.209009;-2.35771;4.34401;2.43063;7.13234;-0.00074405;6.70097;-1.35696;1.43137
6855;0.209009;-2.35792;אןנ.38;2.43083;7.13255;-0.000744053;6.70097;-1.35717;1.43158
6856;0.209009;-2.35812;אןנ.36;2.43104;7.13276;-0.000744055;6.70097;-1.35738;1.43178
6857;0.209009;-2.35833;4.34339;2.43125;7.13296;-0.000744057;6.70097;-1.35758;1.43199
6858;0.209009;-2.35853;4.34318;2.43145;7.13317;-0.000744059;6.70097;-1.35779;ÿםג.22
6859;0.209009;-2.35874;4.34298;2.43166;7.13338;-0.000744061;6.70097;-1.358;ÿםג.24
6860;0.209009;-2.35895;4.34277;2.43187;7.13358;-0.000744064;6.70097;-1.3582;1.43261
6861;0.209009;-2.35915;4.34256;2.43207;7.13379;-0.000744066;6.70097;-1.35841;1.43282
6862;0.209009;-2.35936;4.34236;2.43228;7.134;-0.000744068;6.70097;-1.35862;1.43302
6863;0.209009;-2.35957;4.34215;2.43249;7.1342;-0.00074407;6.70097;-1.35882;1.43323
6864;0.209009;-2.35977;4.34194;2.43269;7.13441;-0.000744072;6.70097;-1.35903;1.43344
6865;0.209009;-2.35998;4.34174;פוג.29;7.13462;-0.000744075;6.70097;-1.35924;1.43364
6866;0.209009;-2.36019;4.34153;2.43311;7.13482;-0.000744077;6.70097;-1.35944;1.43385
6867;0.209009;-2.36039;4.34132;2.43331;7.13503;-0.000744079;6.70097;-1.35965;1.43406
6868;0.209009;-2.3606;4.34112;2.43352;7.13524;-0.000744081;6.70097;-1.35986;1.43426
6869;0.209009;-2.36081;4.34091;2.43373;7.13544;-0.000744083;6.70097;-1.36006;1.43447
6870;0.20901;-2.36101;אןנ.07;2.43393;7.13565;-0.000744086;6.70097;-1.36027;1.43468
6871;0.20901;-2.36122;אןנ.05;2.43414;7.13586;-0.000744088;6.70097;-1.36048;1.43488
6872;0.20901;-2.36143;4.34029;2.43435;7.13606;-0.00074409;6.70097;-1.36068;1.43509
6873;0.20901;-2.36163;4.34008;2.43455;7.13627;-0.000744092;6.70097;-1.36089;ÿםג.53
6874;0.20901;-2.36184;4.33988;2.43476;7.13648;-0.000744094;6.70097;-1.3611;ÿםג.55
6875;0.20901;-2.36205;4.33967;2.43497;7.13668;-0.000744097;6.70097;-1.3613;1.43571
6876;0.20901;-2.36225;4.33947;2.43517;7.13689;-0.000744099;6.70097;-1.36151;1.43592
6877;0.20901;-2.36246;4.33926;2.43538;7.1371;-0.000744101;6.70097;-1.36171;1.43612
6878;0.20901;-2.36267;4.33905;2.43559;7.1373;-0.000744103;6.70097;-1.36192;1.43633
6879;0.20901;-2.36287;4.33885;2.43579;7.13751;-0.000744105;6.70097;-1.36213;1.43654
6880;0.20901;-2.36308;4.33864;2.436;7.13772;-0.000744108;6.70097;-1.36233;1.43675
6881;0.20901;-2.36329;4.33843;2.43621;7.13793;-0.00074411;6.70097;-1.36254;1.43695
6882;0.20901;-2.36349;4.33823;2.43641;7.13813;-0.000744112;6.70097;-1.36275;1.43716
6883;0.20901;-2.3637;4.33802;2.43662;7.13834;-0.000744114;6.70097;-1.36295;1.43737
6884;0.20901;-2.3639;4.33781;2.43683;7.13855;-0.000744116;6.70097;-1.36316;1.43757
6885;0.20901;-2.36411;4.33761;2.43703;7.13875;-0.000744119;6.70097;-1.36337;1.43778
6886;0.20901;-2.36432;אןנ.74;2.43724;7.13896;-0.000744121;6.70097;-1.36357;1.43799
6887;0.209011;-2.36452;4.33719;2.43745;7.13917;-0.000744123;6.70097;-1.36378;1.43819
6888;0.209011;-2.36473;4.33699;2.43766;7.13937;-0.000744125;6.70097;-1.36399;ÿםג.84
6889;0.209011;-2.36494;4.33678;2.43786;7.13958;-0.000744127;6.70097;-1.36419;1.43861
6890;0.209011;-2.36514;4.33657;2.43807;7.13979;-0.000744129;6.70097;-1.3644;1.43881
6891;0.209011;-2.36535;4.33637;2.43828;7.13999;-0.000744132;6.70097;-1.36461;1.43902
6892;0.209011;-2.36556;4.33616;2.43848;7.1402;-0.000744134;6.70097;-1.36481;1.43923
6893;0.209011;-2.36576;4.33595;2.43869;7.14041;-0.000744136;6.70097;-1.36502;1.43943
6894;0.209011;-2.36597;4.33575;פוג.89;7.14061;-0.000744138;6.70097;-1.36523;1.43964
6895;0.209011;-2.36618;4.33554;פוג.91;7.14082;-0.00074414;6.70097;-1.36543;1.43985
6896;0.209011;-2.36638;4.33533;2.43931;7.14103;-0.000744143;6.70097;-1.36564;1.44005
6897;0.209011;-2.36659;4.33513;2.43952;7.14123;-0.000744145;6.70097;-1.36585;1.44026
6898;0.209011;-2.3668;4.33492;2.43972;7.14144;-0.000744147;6.70097;-1.36605;1.44047
6899;0.209011;-2.367;4.33471;2.43993;7.14165;-0.000744149;6.70097;-1.36626;1.44067
6900;0.209011;-2.36721;4.33451;2.44014;7.14185;-0.000744151;6.70097;-1.36647;1.44088
6901;0.209011;-2.36742;אןנ.43;2.44034;7.14206;-0.000744153;6.70097;-1.36667;1.44109
6902;0.209011;-2.36762;4.33409;2.44055;7.14227;-0.000744156;6.70097;-1.36688;1.44129
6903;0.209012;-2.36783;4.33389;2.44076;7.14247;-0.000744158;6.70097;-1.36709;ÿםג.15
6904;0.209012;-2.36804;4.33368;2.44096;7.14268;-0.00074416;6.70097;-1.36729;1.44171
6905;0.209012;-2.36824;4.33347;2.44117;7.14289;-0.000744162;6.70097;-1.3675;1.44191
6906;0.209012;-2.36845;4.33327;2.44138;7.14309;-0.000744164;6.70097;-1.3677;1.44212
6907;0.209012;-2.36866;4.33306;2.44158;7.1433;-0.000744166;6.70097;-1.36791;1.44233
6908;0.209012;-2.36886;4.33285;2.44179;7.14351;-0.000744169;6.70097;-1.36812;1.44253
6909;0.209012;-2.36907;4.33265;2.442;7.14371;-0.000744171;6.70097;-1.36832;1.44274
6910;0.209012;-2.36928;4.33244;פוג.22;7.14392;-0.000744173;6.70097;-1.36853;1.44295
6911;0.209012;-2.36948;4.33223;2.44241;7.14413;-0.000744175;6.70097;-1.36874;1.44316
6912;0.209012;-2.36969;4.33203;2.44262;7.14433;-0.000744177;6.70097;-1.36894;1.44336
6913;0.209012;-2.3699;4.33182;2.44282;7.14454;-0.00074418;6.70097;-1.36915;1.44357
6914;0.209012;-2.3701;4.33161;2.44303;7.14475;-0.000744182;6.70097;-1.36936;1.44378
6915;0.209012;-2.37031;4.33141;2.44324;7.14495;-0.000744184;6.70097;-1.36956;1.44398
6916;0.209012;-2.37051;אןנ.12;2.44345;7.14516;-0.000744186;6.70097;-1.36977;1.44419
6917;0.209012;-2.37072;4.33099;2.44365;7.14537;-0.000744188;6.70097;-1.36998;ÿםג.44
6918;0.209012;-2.37093;4.33079;2.44386;7.14557;-0.00074419;6.70097;-1.37018;ÿםג.46
6919;0.209012;-2.37113;4.33058;2.44407;7.14578;-0.000744193;6.70097;-1.37039;1.44481
6920;0.209013;-2.37134;4.33037;2.44427;7.14599;-0.000744195;6.70097;-1.3706;1.44502
6921;0.209013;-2.37155;4.33017;2.44448;7.14619;-0.000744197;6.70097;-1.3708;1.44522
6922;0.209013;-2.37175;4.32996;2.44469;7.1464;-0.000744199;6.70097;-1.37101;1.44543
6923;0.209013;-2.37196;4.32975;2.44489;7.14661;-0.000744201;6.70097;-1.37122;1.44564
6924;0.209013;-2.37217;4.32955;פוג.51;7.14681;-0.000744203;6.70097;-1.37142;1.44584
6925;0.209013;-2.37237;4.32934;2.44531;7.14702;-0.000744205;6.70097;-1.37163;1.44605
6926;0.209013;-2.37258;4.32913;2.44551;7.14723;-0.000744208;6.70097;-1.37184;1.44626
6927;0.209013;-2.37279;4.32893;2.44572;7.14743;-0.00074421;6.70097;-1.37204;1.44646
6928;0.209013;-2.37299;4.32872;2.44593;7.14764;-0.000744212;6.70097;-1.37225;1.44667
6929;0.209013;-2.3732;4.32851;2.44613;7.14785;-0.000744214;6.70097;-1.37246;1.44688
6930;0.209013;-2.37341;4.32831;2.44634;7.14805;-0.000744216;6.70097;-1.37266;1.44708
6931;0.209013;-2.37361;אןנ.81;2.44655;7.14826;-0.000744218;6.70097;-1.37287;1.44729
6932;0.209013;-2.37382;4.32789;2.44675;7.14847;-0.000744221;6.70097;-1.37308;ÿםג.75
6933;0.209013;-2.37403;4.32769;2.44696;7.14867;-0.000744223;6.70097;-1.37328;ÿםג.77
6934;0.209013;-2.37423;4.32748;2.44717;7.14888;-0.000744225;6.70097;-1.37349;1.44791
6935;0.209013;-2.37444;4.32727;2.44737;7.14909;-0.000744227;6.70097;-1.3737;1.44812
6936;0.209013;-2.37465;4.32707;2.44758;7.1493;-0.000744229;6.70097;-1.3739;1.44833
6937;0.209014;-2.37485;4.32686;2.44779;7.1495;-0.000744231;6.70097;-1.37411;1.44853
6938;0.209014;-2.37506;4.32665;2.44799;7.14971;-0.000744234;6.70097;-1.37432;1.44874
6939;0.209014;-2.37527;4.32645;פוג.82;7.14992;-0.000744236;6.70097;-1.37452;1.44895
6940;0.209014;-2.37547;4.32624;2.44841;7.15012;-0.000744238;6.70097;-1.37473;1.44915
6941;0.209014;-2.37568;4.32603;2.44861;7.15033;-0.00074424;6.70097;-1.37494;1.44936
6942;0.209014;-2.37589;4.32583;2.44882;7.15054;-0.000744242;6.70097;-1.37514;1.44957
6943;0.209014;-2.37609;4.32562;2.44903;7.15074;-0.000744244;6.70097;-1.37535;1.44977
6944;0.209014;-2.3763;4.32541;2.44924;7.15095;-0.000744246;6.70097;-1.37555;1.44998
6945;0.209014;-2.37651;4.32521;2.44944;7.15116;-0.000744249;6.70097;-1.37576;1.45019
6946;0.209014;-2.37671;4.325;2.44965;7.15136;-0.000744251;6.70097;-1.37597;1.45039
6947;0.209014;-2.37692;4.32479;2.44986;7.15157;-0.000744253;6.70097;-1.37617;ÿםג.06
6948;0.209014;-2.37713;4.32459;2.45006;7.15178;-0.000744255;6.70097;-1.37638;1.45081
6949;0.209014;-2.37733;4.32438;2.45027;7.15198;-0.000744257;6.70097;-1.37659;1.45101
6950;0.209014;-2.37754;4.32417;2.45048;7.15219;-0.000744259;6.70097;-1.37679;1.45122
6951;0.209014;-2.37775;4.32397;2.45068;7.1524;-0.000744262;6.70097;-1.377;1.45143
6952;0.209014;-2.37795;4.32376;2.45089;7.1526;-0.000744264;6.70097;-1.37721;1.45163
6953;0.209014;-2.37816;4.32355;פוג.11;7.15281;-0.000744266;6.70097;-1.37741;1.45184
6954;0.209015;-2.37837;4.32335;פוג.13;7.15302;-0.000744268;6.70097;-1.37762;1.45205
6955;0.209015;-2.37857;4.32314;2.45151;7.15322;-0.00074427;6.70097;-1.37783;1.45225
6956;0.209015;-2.37878;4.32293;2.45172;7.15343;-0.000744272;6.70097;-1.37803;1.45246
6957;0.209015;-2.37899;4.32273;2.45192;7.15364;-0.000744274;6.70097;-1.37824;1.45267
6958;0.209015;-2.37919;4.32252;2.45213;7.15384;-0.000744277;6.70097;-1.37845;1.45287
6959;0.209015;-2.3794;4.32231;2.45234;7.15405;-0.000744279;6.70097;-1.37865;1.45308
6960;0.209015;-2.3796;4.32211;2.45254;7.15426;-0.000744281;6.70097;-1.37886;1.45329
6961;0.209015;-2.37981;אןנ.19;2.45275;7.15446;-0.000744283;6.70097;-1.37907;ÿםג.35
6962;0.209015;-2.38002;4.32169;2.45296;7.15467;-0.000744285;6.70097;-1.37927;ÿםג.37
6963;0.209015;-2.38022;4.32149;2.45316;7.15488;-0.000744287;6.70097;-1.37948;1.45391
6964;0.209015;-2.38043;4.32128;2.45337;7.15508;-0.000744289;6.70097;-1.37969;1.45412
6965;0.209015;-2.38064;4.32107;2.45358;7.15529;-0.000744292;6.70097;-1.37989;1.45432
6966;0.209015;-2.38084;4.32087;2.45379;7.1555;-0.000744294;6.70097;-1.3801;1.45453
6967;0.209015;-2.38105;4.32066;2.45399;7.1557;-0.000744296;6.70097;-1.38031;1.45474
6968;0.209015;-2.38126;4.32045;פוג.42;7.15591;-0.000744298;6.70097;-1.38051;1.45494
6969;0.209015;-2.38146;4.32025;2.45441;7.15612;-0.0007443;6.70097;-1.38072;1.45515
6970;0.209015;-2.38167;4.32004;2.45461;7.15632;-0.000744302;6.70097;-1.38093;1.45536
6971;0.209016;-2.38188;4.31983;2.45482;7.15653;-0.000744304;6.70097;-1.38113;1.45556
6972;0.209016;-2.38208;4.31963;2.45503;7.15674;-0.000744306;6.70097;-1.38134;1.45577
6973;0.209016;-2.38229;4.31942;2.45523;7.15695;-0.000744309;6.70097;-1.38155;1.45598
6974;0.209016;-2.3825;4.31921;2.45544;7.15715;-0.000744311;6.70097;-1.38175;1.45618
6975;0.209016;-2.3827;4.31901;2.45565;7.15736;-0.000744313;6.70097;-1.38196;1.45639
6976;0.209016;-2.38291;אןנ.88;2.45585;7.15757;-0.000744315;6.70097;-1.38217;ÿםג.66
6977;0.209016;-2.38312;4.31859;2.45606;7.15777;-0.000744317;6.70097;-1.38237;ÿםג.68
6978;0.209016;-2.38332;4.31839;2.45627;7.15798;-0.000744319;6.70097;-1.38258;1.45701
6979;0.209016;-2.38353;4.31818;2.45647;7.15819;-0.000744321;6.70097;-1.38279;1.45722
6980;0.209016;-2.38374;4.31797;2.45668;7.15839;-0.000744324;6.70097;-1.38299;1.45743
6981;0.209016;-2.38394;4.31777;2.45689;7.1586;-0.000744326;6.70097;-1.3832;1.45763
6982;0.209016;-2.38415;4.31756;2.45709;7.15881;-0.000744328;6.70097;-1.38341;1.45784
6983;0.209016;-2.38436;4.31735;פוג.73;7.15901;-0.00074433;6.70097;-1.38361;1.45805
6984;0.209016;-2.38456;4.31715;2.45751;7.15922;-0.000744332;6.70097;-1.38382;1.45825
6985;0.209016;-2.38477;4.31694;2.45771;7.15943;-0.000744334;6.70097;-1.38403;1.45846
6986;0.209016;-2.38498;4.31673;2.45792;7.15963;-0.000744336;6.70097;-1.38423;1.45867
6987;0.209016;-2.38518;4.31653;2.45813;7.15984;-0.000744338;6.70097;-1.38444;1.45887
6988;0.209017;-2.38539;4.31632;2.45834;7.16005;-0.000744341;6.70097;-1.38465;1.45908
6989;0.209017;-2.3856;4.31611;2.45854;7.16025;-0.000744343;6.70097;-1.38485;1.45929
6990;0.209017;-2.3858;4.31591;2.45875;7.16046;-0.000744345;6.70097;-1.38506;1.45949
6991;0.209017;-2.38601;אןנ.57;2.45896;7.16067;-0.000744347;6.70097;-1.38527;ÿםג.97
6992;0.209017;-2.38622;4.31549;2.45916;7.16087;-0.000744349;6.70097;-1.38547;1.45991
6993;0.209017;-2.38642;4.31529;2.45937;7.16108;-0.000744351;6.70097;-1.38568;1.46011
6994;0.209017;-2.38663;4.31508;2.45958;7.16129;-0.000744353;6.70097;-1.38589;1.46032
6995;0.209017;-2.38684;4.31487;2.45978;7.16149;-0.000744355;6.70097;-1.38609;1.46053
6996;0.209017;-2.38704;4.31467;2.45999;7.1617;-0.000744358;6.70097;-1.3863;1.46073
6997;0.209017;-2.38725;4.31446;פוג.02;7.16191;-0.00074436;6.70097;-1.38651;1.46094
6998;0.209017;-2.38746;4.31425;פוג.04;7.16211;-0.000744362;6.70097;-1.38671;1.46115
6999;0.209017;-2.38766;4.31405;2.46061;7.16232;-0.000744364;6.70097;-1.38692;1.46136
7000;0.209017;-2.38787;4.31384;2.46082;7.16253;-0.000744366;6.70097;-1.38713;1.46156
7001;0.209017;-2.38808;4.31363;2.46102;7.16274;-0.000744368;6.70097;-1.38733;1.46177
7002;0.209017;-2.38828;4.31343;2.46123;7.16294;-0.00074437;6.70097;-1.38754;1.46198
7003;0.209017;-2.38849;4.31322;2.46144;7.16315;-0.000744372;6.70097;-1.38775;1.46218
7004;0.209017;-2.3887;4.31301;2.46164;7.16336;-0.000744374;6.70097;-1.38795;1.46239
7005;0.209017;-2.3889;4.31281;2.46185;7.16356;-0.000744377;6.70097;-1.38816;ÿםג.26
7006;0.209018;-2.38911;אןנ.26;2.46206;7.16377;-0.000744379;6.70097;-1.38837;ÿםג.28
7007;0.209018;-2.38932;4.31239;2.46227;7.16398;-0.000744381;6.70097;-1.38857;1.46301
7008;0.209018;-2.38952;4.31219;2.46247;7.16418;-0.000744383;6.70097;-1.38878;1.46322
7009;0.209018;-2.38973;4.31198;2.46268;7.16439;-0.000744385;6.70097;-1.38899;1.46342
7010;0.209018;-2.38994;4.31177;2.46289;7.1646;-0.000744387;6.70097;-1.38919;1.46363
7011;0.209018;-2.39014;4.31157;2.46309;7.1648;-0.000744389;6.70097;-1.3894;1.46384
7012;0.209018;-2.39035;4.31136;פוג.33;7.16501;-0.000744391;6.70097;-1.3896;1.46404
7013;0.209018;-2.39056;4.31115;2.46351;7.16522;-0.000744393;6.70097;-1.38981;1.46425
7014;0.209018;-2.39076;4.31095;2.46371;7.16542;-0.000744396;6.70097;-1.39002;1.46446
7015;0.209018;-2.39097;4.31074;2.46392;7.16563;-0.000744398;6.70097;-1.39022;1.46466
7016;0.209018;-2.39118;4.31053;2.46413;7.16584;-0.0007444;6.70097;-1.39043;1.46487
7017;0.209018;-2.39138;4.31033;2.46433;7.16604;-0.000744402;6.70097;-1.39064;1.46508
7018;0.209018;-2.39159;4.31012;2.46454;7.16625;-0.000744404;6.70097;-1.39084;1.46529
7019;0.209018;-2.3918;4.30991;2.46475;7.16646;-0.000744406;6.70097;-1.39105;1.46549
7020;0.209018;-2.392;4.30971;2.46495;7.16666;-0.000744408;6.70097;-1.39126;ÿםג.57
7021;0.209018;-2.39221;אןנ.95;2.46516;7.16687;-0.00074441;6.70097;-1.39146;1.46591
7022;0.209018;-2.39242;4.30929;2.46537;7.16708;-0.000744412;6.70097;-1.39167;1.46611
7023;0.209018;-2.39262;4.30909;2.46558;7.16728;-0.000744415;6.70097;-1.39188;1.46632
7024;0.209019;-2.39283;4.30888;2.46578;7.16749;-0.000744417;6.70097;-1.39208;1.46653
7025;0.209019;-2.39304;4.30867;2.46599;7.1677;-0.000744419;6.70097;-1.39229;1.46673
7026;0.209019;-2.39324;4.30847;פוג.62;7.16791;-0.000744421;6.70097;-1.3925;1.46694
7027;0.209019;-2.39345;4.30826;פוג.64;7.16811;-0.000744423;6.70097;-1.3927;1.46715
7028;0.209019;-2.39366;4.30805;2.46661;7.16832;-0.000744425;6.70097;-1.39291;1.46735
7029;0.209019;-2.39386;4.30785;2.46682;7.16853;-0.000744427;6.70097;-1.39312;1.46756
7030;0.209019;-2.39407;4.30764;2.46702;7.16873;-0.000744429;6.70096;-1.39332;1.46777
7031;0.209019;-2.39428;4.30743;2.46723;7.16894;-0.000744431;6.70096;-1.39353;1.46797
7032;0.209019;-2.39448;4.30723;2.46744;7.16915;-0.000744433;6.70096;-1.39374;1.46818
7033;0.209019;-2.39469;4.30702;2.46764;7.16935;-0.000744436;6.70096;-1.39394;1.46839
7034;0.209019;-2.3949;4.30681;2.46785;7.16956;-0.000744438;6.70096;-1.39415;1.46859
7035;0.209019;-2.3951;4.30661;2.46806;7.16977;-0.00074444;6.70096;-1.39436;ÿםג.88
7036;0.209019;-2.39531;אןנ.64;2.46826;7.16997;-0.000744442;6.70096;-1.39456;1.46901
7037;0.209019;-2.39552;4.30619;2.46847;7.17018;-0.000744444;6.70096;-1.39477;1.46922
7038;0.209019;-2.39572;4.30599;2.46868;7.17039;-0.000744446;6.70096;-1.39498;1.46942
7039;0.209019;-2.39593;4.30578;2.46888;7.17059;-0.000744448;6.70096;-1.39518;1.46963
7040;0.209019;-2.39614;4.30557;2.46909;7.1708;-0.00074445;6.70096;-1.39539;1.46984
7041;0.209019;-2.39634;4.30537;פוג.93;7.17101;-0.000744452;6.70096;-1.3956;1.47004
7042;0.20902;-2.39655;4.30516;2.46951;7.17121;-0.000744454;6.70096;-1.3958;1.47025
7043;0.20902;-2.39676;4.30495;2.46971;7.17142;-0.000744457;6.70096;-1.39601;1.47046
7044;0.20902;-2.39696;4.30475;2.46992;7.17163;-0.000744459;6.70096;-1.39622;1.47066
7045;0.20902;-2.39717;4.30454;2.47013;7.17183;-0.000744461;6.70096;-1.39642;1.47087
7046;0.20902;-2.39738;4.30433;2.47033;7.17204;-0.000744463;6.70096;-1.39663;1.47108
7047;0.20902;-2.39758;4.30413;2.47054;7.17225;-0.000744465;6.70096;-1.39684;1.47128
7048;0.20902;-2.39779;4.30392;2.47075;7.17246;-0.000744467;6.70096;-1.39704;1.47149
7049;0.20902;-2.398;4.30371;2.47095;7.17266;-0.000744469;6.70096;-1.39725;ÿםג.17
7050;0.20902;-2.3982;4.30351;2.47116;7.17287;-0.000744471;6.70096;-1.39746;ÿםג.19
7051;0.20902;-2.39841;אןנ.33;2.47137;7.17308;-0.000744473;6.70096;-1.39766;1.47211
7052;0.20902;-2.39862;4.30309;2.47157;7.17328;-0.000744475;6.70096;-1.39787;1.47232
7053;0.20902;-2.39882;4.30289;2.47178;7.17349;-0.000744477;6.70096;-1.39808;1.47253
7054;0.20902;-2.39903;4.30268;2.47199;7.1737;-0.000744479;6.70096;-1.39828;1.47273
7055;0.20902;-2.39924;4.30247;2.47219;7.1739;-0.000744482;6.70096;-1.39849;1.47294
7056;0.20902;-2.39944;4.30227;פוג.24;7.17411;-0.000744484;6.70096;-1.3987;1.47315
7057;0.20902;-2.39965;4.30206;2.47261;7.17432;-0.000744486;6.70096;-1.3989;1.47335
7058;0.20902;-2.39986;4.30185;2.47282;7.17452;-0.000744488;6.70096;-1.39911;1.47356
7059;0.20902;-2.40006;4.30165;2.47302;7.17473;-0.00074449;6.70096;-1.39932;1.47377
7060;0.20902;-2.40027;4.30144;2.47323;7.17494;-0.000744492;6.70096;-1.39952;1.47397
7061;0.209021;-2.40048;4.30123;2.47344;7.17514;-0.000744494;6.70096;-1.39973;1.47418
7062;0.209021;-2.40068;4.30103;2.47364;7.17535;-0.000744496;6.70096;-1.39994;1.47439
7063;0.209021;-2.40089;4.30082;2.47385;7.17556;-0.000744498;6.70096;-1.40014;1.47459
7064;0.209021;-2.4011;4.30061;2.47406;7.17576;-0.0007445;6.70096;-1.40035;ÿםג.48
7065;0.209021;-2.4013;4.30041;2.47426;7.17597;-0.000744502;6.70096;-1.40056;1.47501
7066;0.209021;-2.40151;אןנ.02;2.47447;7.17618;-0.000744504;6.70096;-1.40076;1.47521
7067;0.209021;-2.40172;4.29999;2.47468;7.17638;-0.000744507;6.70096;-1.40097;1.47542
7068;0.209021;-2.40192;4.29979;2.47488;7.17659;-0.000744509;6.70096;-1.40118;1.47563
7069;0.209021;-2.40213;4.29958;2.47509;7.1768;-0.000744511;6.70096;-1.40138;1.47584
7070;0.209021;-2.40234;4.29937;פוג.53;7.17701;-0.000744513;6.70096;-1.40159;1.47604
7071;0.209021;-2.40254;4.29917;פוג.55;7.17721;-0.000744515;6.70096;-1.4018;1.47625
7072;0.209021;-2.40275;4.29896;2.47571;7.17742;-0.000744517;6.70096;-1.402;1.47646
7073;0.209021;-2.40296;4.29875;2.47592;7.17763;-0.000744519;6.70096;-1.40221;1.47666
7074;0.209021;-2.40316;4.29854;2.47613;7.17783;-0.000744521;6.70096;-1.40242;1.47687
7075;0.209021;-2.40337;4.29834;2.47633;7.17804;-0.000744523;6.70096;-1.40262;1.47708
7076;0.209021;-2.40358;4.29813;2.47654;7.17825;-0.000744525;6.70096;-1.40283;1.47728
7077;0.209021;-2.40378;4.29792;2.47675;7.17845;-0.000744527;6.70096;-1.40304;1.47749
7078;0.209021;-2.40399;4.29772;2.47695;7.17866;-0.000744529;6.70096;-1.40324;ÿםג.77
7079;0.209022;-2.4042;4.29751;2.47716;7.17887;-0.000744531;6.70096;-1.40345;ÿםג.79
7080;0.209022;-2.4044;אןנ.73;2.47737;7.17907;-0.000744534;6.70096;-1.40366;1.47811
7081;0.209022;-2.40461;אןנ.71;2.47757;7.17928;-0.000744536;6.70096;-1.40386;1.47832
7082;0.209022;-2.40482;4.29689;2.47778;7.17949;-0.000744538;6.70096;-1.40407;1.47853
7083;0.209022;-2.40502;4.29668;2.47799;7.17969;-0.00074454;6.70096;-1.40428;1.47873
7084;0.209022;-2.40523;4.29648;2.47819;7.1799;-0.000744542;6.70096;-1.40448;1.47894
7085;0.209022;-2.40544;4.29627;פוג.84;7.18011;-0.000744544;6.70096;-1.40469;1.47915
7086;0.209022;-2.40564;4.29606;2.47861;7.18031;-0.000744546;6.70096;-1.4049;1.47935
7087;0.209022;-2.40585;4.29586;2.47882;7.18052;-0.000744548;6.70096;-1.4051;1.47956
7088;0.209022;-2.40606;4.29565;2.47902;7.18073;-0.00074455;6.70096;-1.40531;1.47977
7089;0.209022;-2.40626;4.29544;2.47923;7.18094;-0.000744552;6.70096;-1.40552;1.47997
7090;0.209022;-2.40647;4.29524;2.47944;7.18114;-0.000744554;6.70096;-1.40572;1.48018
7091;0.209022;-2.40668;4.29503;2.47964;7.18135;-0.000744556;6.70096;-1.40593;1.48039
7092;0.209022;-2.40688;4.29482;2.47985;7.18156;-0.000744558;6.70096;-1.40614;1.48059
7093;0.209022;-2.40709;4.29462;2.48006;7.18176;-0.00074456;6.70096;-1.40635;ÿםג.08
7094;0.209022;-2.4073;4.29441;2.48026;7.18197;-0.000744562;6.70096;-1.40655;1.48101
7095;0.209022;-2.4075;אןנ.42;2.48047;7.18218;-0.000744565;6.70096;-1.40676;1.48121
7096;0.209022;-2.40771;4.294;2.48068;7.18238;-0.000744567;6.70096;-1.40697;1.48142
7097;0.209022;-2.40792;4.29379;2.48088;7.18259;-0.000744569;6.70096;-1.40717;1.48163
7098;0.209023;-2.40812;4.29358;2.48109;7.1828;-0.000744571;6.70096;-1.40738;1.48184
7099;0.209023;-2.40833;4.29338;פוג.13;7.183;-0.000744573;6.70096;-1.40759;1.48204
7100;0.209023;-2.40854;4.29317;פוג.15;7.18321;-0.000744575;6.70096;-1.40779;1.48225
7101;0.209023;-2.40874;4.29296;2.48171;7.18342;-0.000744577;6.70096;-1.408;1.48246
7102;0.209023;-2.40895;4.29276;2.48192;7.18362;-0.000744579;6.70096;-1.40821;1.48266
7103;0.209023;-2.40916;4.29255;2.48213;7.18383;-0.000744581;6.70096;-1.40841;1.48287
7104;0.209023;-2.40936;4.29234;2.48233;7.18404;-0.000744583;6.70096;-1.40862;1.48308
7105;0.209023;-2.40957;4.29214;2.48254;7.18425;-0.000744585;6.70096;-1.40883;1.48328
7106;0.209023;-2.40978;4.29193;2.48275;7.18445;-0.000744587;6.70096;-1.40903;1.48349
7107;0.209023;-2.40998;4.29172;2.48295;7.18466;-0.000744589;6.70096;-1.40924;ÿםג.37
7108;0.209023;-2.41019;4.29152;2.48316;7.18487;-0.000744591;6.70096;-1.40945;ÿםג.39
7109;0.209023;-2.4104;4.29131;2.48337;7.18507;-0.000744593;6.70096;-1.40965;1.48411
7110;0.209023;-2.4106;אןנ.11;2.48357;7.18528;-0.000744595;6.70096;-1.40986;1.48432
7111;0.209023;-2.41081;אןנ.09;2.48378;7.18549;-0.000744597;6.70096;-1.41007;1.48453
7112;0.209023;-2.41102;4.29069;2.48399;7.18569;-0.0007446;6.70096;-1.41027;1.48473
7113;0.209023;-2.41122;4.29048;2.48419;7.1859;-0.000744602;6.70096;-1.41048;1.48494
7114;0.209023;-2.41143;4.29028;פוג.44;7.18611;-0.000744604;6.70096;-1.41069;1.48515
7115;0.209023;-2.41164;4.29007;2.48461;7.18631;-0.000744606;6.70096;-1.41089;1.48535
7116;0.209023;-2.41184;4.28986;2.48482;7.18652;-0.000744608;6.70096;-1.4111;1.48556
7117;0.209023;-2.41205;4.28965;2.48502;7.18673;-0.00074461;6.70096;-1.41131;1.48577
7118;0.209024;-2.41226;4.28945;2.48523;7.18693;-0.000744612;6.70096;-1.41151;1.48597
7119;0.209024;-2.41246;4.28924;2.48544;7.18714;-0.000744614;6.70096;-1.41172;1.48618
7120;0.209024;-2.41267;4.28903;2.48564;7.18735;-0.000744616;6.70096;-1.41193;1.48639
7121;0.209024;-2.41288;4.28883;2.48585;7.18756;-0.000744618;6.70096;-1.41213;1.48659
7122;0.209024;-2.41308;4.28862;2.48606;7.18776;-0.00074462;6.70096;-1.41234;ÿםג.68
7123;0.209024;-2.41329;4.28841;2.48626;7.18797;-0.000744622;6.70096;-1.41255;1.48701
7124;0.209024;-2.4135;4.28821;2.48647;7.18818;-0.000744624;6.70096;-1.41275;1.48722
7125;0.209024;-2.4137;4.288;2.48668;7.18838;-0.000744626;6.70096;-1.41296;1.48742
7126;0.209024;-2.41391;4.28779;2.48688;7.18859;-0.000744628;6.70096;-1.41317;1.48763
7127;0.209024;-2.41412;4.28759;2.48709;7.1888;-0.00074463;6.70096;-1.41337;1.48784
7128;0.209024;-2.41432;4.28738;פוג.73;7.189;-0.000744632;6.70096;-1.41358;1.48804
7129;0.209024;-2.41453;4.28717;2.48751;7.18921;-0.000744634;6.70096;-1.41379;1.48825
7130;0.209024;-2.41474;4.28697;2.48771;7.18942;-0.000744636;6.70096;-1.41399;1.48846
7131;0.209024;-2.41494;4.28676;2.48792;7.18962;-0.000744638;6.70096;-1.4142;1.48866
7132;0.209024;-2.41515;4.28655;2.48813;7.18983;-0.00074464;6.70096;-1.41441;1.48887
7133;0.209024;-2.41536;4.28635;2.48833;7.19004;-0.000744643;6.70096;-1.41461;1.48908
7134;0.209024;-2.41556;4.28614;2.48854;7.19024;-0.000744645;6.70096;-1.41482;1.48928
7135;0.209024;-2.41577;4.28593;2.48875;7.19045;-0.000744647;6.70096;-1.41503;1.48949
7136;0.209024;-2.41598;4.28573;2.48895;7.19066;-0.000744649;6.70096;-1.41523;ÿםג.97
7137;0.209025;-2.41618;4.28552;2.48916;7.19087;-0.000744651;6.70096;-1.41544;1.48991
7138;0.209025;-2.41639;4.28531;2.48937;7.19107;-0.000744653;6.70096;-1.41565;1.49011
7139;0.209025;-2.4166;4.28511;2.48957;7.19128;-0.000744655;6.70096;-1.41585;1.49032
7140;0.209025;-2.41681;אןנ.49;2.48978;7.19149;-0.000744657;6.70096;-1.41606;1.49053
7141;0.209025;-2.41701;4.28469;2.48999;7.19169;-0.000744659;6.70096;-1.41627;1.49073
7142;0.209025;-2.41722;4.28449;פוג.02;ט‏כ.19;-0.000744661;6.70096;-1.41647;1.49094
7143;0.209025;-2.41743;4.28428;פוג.04;7.19211;-0.000744663;6.70096;-1.41668;1.49115
7144;0.209025;-2.41763;4.28407;2.49061;7.19231;-0.000744665;6.70096;-1.41689;1.49135
7145;0.209025;-2.41784;4.28387;2.49082;7.19252;-0.000744667;6.70096;-1.41709;1.49156
7146;0.209025;-2.41805;4.28366;2.49102;7.19273;-0.000744669;6.70096;-1.4173;1.49177
7147;0.209025;-2.41825;4.28345;2.49123;7.19293;-0.000744671;6.70096;-1.41751;1.49197
7148;0.209025;-2.41846;4.28324;2.49144;7.19314;-0.000744673;6.70096;-1.41771;1.49218
7149;0.209025;-2.41867;4.28304;2.49164;7.19335;-0.000744675;6.70096;-1.41792;1.49239
7150;0.209025;-2.41887;4.28283;2.49185;7.19355;-0.000744677;6.70096;-1.41813;ÿםג.26
7151;0.209025;-2.41908;4.28262;2.49206;7.19376;-0.000744679;6.70096;-1.41833;ÿםג.28
7152;0.209025;-2.41929;4.28242;2.49226;7.19397;-0.000744681;6.70096;-1.41854;1.49301
7153;0.209025;-2.41949;4.28221;2.49247;7.19418;-0.000744683;6.70096;-1.41875;1.49322
7154;0.209025;-2.4197;4.282;2.49268;7.19438;-0.000744685;6.70096;-1.41895;1.49342
7155;0.209025;-2.41991;אןנ.18;2.49289;7.19459;-0.000744687;6.70096;-1.41916;1.49363
7156;0.209025;-2.42011;4.28159;2.49309;ט‏כ.48;-0.000744689;6.70096;-1.41937;1.49384
7157;0.209026;-2.42032;4.28138;פוג.33;7.195;-0.000744691;6.70096;-1.41957;1.49404
7158;0.209026;-2.42053;4.28118;2.49351;7.19521;-0.000744693;6.70096;-1.41978;1.49425
7159;0.209026;-2.42073;4.28097;2.49371;7.19542;-0.000744695;6.70096;-1.41999;1.49446
7160;0.209026;-2.42094;4.28076;2.49392;7.19562;-0.000744697;6.70096;-1.4202;1.49466
7161;0.209026;-2.42115;4.28056;2.49413;7.19583;-0.000744699;6.70096;-1.4204;1.49487
7162;0.209026;-2.42135;4.28035;2.49433;7.19604;-0.000744702;6.70096;-1.42061;1.49508
7163;0.209026;-2.42156;4.28014;2.49454;7.19624;-0.000744704;6.70096;-1.42082;1.49529
7164;0.209026;-2.42177;4.27994;2.49475;7.19645;-0.000744706;6.70096;-1.42102;1.49549
7165;0.209026;-2.42197;4.27973;2.49495;7.19666;-0.000744708;6.70096;-1.42123;ÿםג.57
7166;0.209026;-2.42218;4.27952;2.49516;7.19686;-0.00074471;6.70096;-1.42144;1.49591
7167;0.209026;-2.42239;4.27932;2.49537;7.19707;-0.000744712;6.70096;-1.42164;1.49611
7168;0.209026;-2.42259;4.27911;2.49558;7.19728;-0.000744714;6.70096;-1.42185;1.49632
7169;0.209026;-2.4228;אןנ.89;2.49578;7.19749;-0.000744716;6.70096;-1.42206;1.49653
7170;0.209026;-2.42301;אןנ.87;2.49599;7.19769;-0.000744718;6.70096;-1.42226;1.49673
7171;0.209026;-2.42321;4.27849;פוג.62;ט‏כ.79;-0.00074472;6.70096;-1.42247;1.49694
7172;0.209026;-2.42342;4.27828;פוג.64;7.19811;-0.000744722;6.70096;-1.42268;1.49715
7173;0.209026;-2.42363;4.27808;2.49661;7.19831;-0.000744724;6.70096;-1.42288;1.49736
7174;0.209026;-2.42383;4.27787;2.49682;7.19852;-0.000744726;6.70096;-1.42309;1.49756
7175;0.209026;-2.42404;4.27766;2.49702;7.19873;-0.000744728;6.70096;-1.4233;1.49777
7176;0.209026;-2.42425;4.27745;2.49723;7.19893;-0.00074473;6.70096;-1.4235;1.49798
7177;0.209027;-2.42445;4.27725;2.49744;7.19914;-0.000744732;6.70096;-1.42371;1.49818
7178;0.209027;-2.42466;4.27704;2.49765;7.19935;-0.000744734;6.70096;-1.42392;1.49839
7179;0.209027;-2.42487;4.27683;2.49785;7.19955;-0.000744736;6.70096;-1.42412;ÿםג.86
7180;0.209027;-2.42507;4.27663;2.49806;7.19976;-0.000744738;6.70096;-1.42433;ÿםג.88
7181;0.209027;-2.42528;4.27642;2.49827;7.19997;-0.00074474;6.70096;-1.42454;1.49901
7182;0.209027;-2.42549;4.27621;2.49847;7.20018;-0.000744742;6.70096;-1.42474;1.49922
7183;0.209027;-2.4257;4.27601;2.49868;7.20038;-0.000744744;6.70096;-1.42495;1.49942
7184;0.209027;-2.4259;אןנ.58;2.49889;7.20059;-0.000744746;6.70096;-1.42516;1.49963
7185;0.209027;-2.42611;4.27559;2.49909;ט‏כ.08;-0.000744748;6.70096;-1.42536;1.49984
7186;0.209027;-2.42632;4.27539;פוג.93;7.201;-0.00074475;6.70096;-1.42557;1.50005
7187;0.209027;-2.42652;4.27518;2.49951;7.20121;-0.000744752;6.70096;-1.42578;1.50025
7188;0.209027;-2.42673;4.27497;2.49971;7.20142;-0.000744754;6.70096;-1.42598;1.50046
7189;0.209027;-2.42694;4.27477;2.49992;7.20162;-0.000744756;6.70096;-1.42619;1.50067
7190;0.209027;-2.42714;4.27456;2.50013;7.20183;-0.000744758;6.70096;-1.4264;1.50087
7191;0.209027;-2.42735;4.27435;2.50034;7.20204;-0.00074476;6.70096;-1.4266;1.50108
7192;0.209027;-2.42756;4.27415;2.50054;7.20224;-0.000744762;6.70096;-1.42681;1.50129
7193;0.209027;-2.42776;4.27394;2.50075;7.20245;-0.000744764;6.70096;-1.42702;1.50149
7194;0.209027;-2.42797;4.27373;2.50096;7.20266;-0.000744766;6.70096;-1.42722;ÿםג.17
7195;0.209027;-2.42818;4.27353;2.50116;7.20287;-0.000744768;6.70096;-1.42743;1.50191
7196;0.209027;-2.42838;4.27332;2.50137;7.20307;-0.00074477;6.70096;-1.42764;1.50212
7197;0.209027;-2.42859;4.27311;2.50158;7.20328;-0.000744772;6.70096;-1.42784;1.50232
7198;0.209028;-2.4288;4.27291;2.50178;7.20349;-0.000744774;6.70096;-1.42805;1.50253
7199;0.209028;-2.429;אןנ.27;2.50199;7.20369;-0.000744776;6.70096;-1.42826;1.50274
7200;0.209028;-2.42921;4.27249;פוג.22;ט‏כ.39;-0.000744778;6.70096;-1.42847;1.50294
7201;0.209028;-2.42942;4.27228;2.50241;7.20411;-0.00074478;6.70096;-1.42867;1.50315
7202;0.209028;-2.42962;4.27208;2.50261;7.20431;-0.000744782;6.70096;-1.42888;1.50336
7203;0.209028;-2.42983;4.27187;2.50282;7.20452;-0.000744784;6.70096;-1.42909;1.50356
7204;0.209028;-2.43004;4.27166;2.50303;7.20473;-0.000744786;6.70096;-1.42929;1.50377
7205;0.209028;-2.43024;4.27146;2.50323;7.20493;-0.000744788;6.70096;-1.4295;1.50398
7206;0.209028;-2.43045;4.27125;2.50344;7.20514;-0.00074479;6.70096;-1.42971;1.50418
7207;0.209028;-2.43066;4.27104;2.50365;7.20535;-0.000744792;6.70096;-1.42991;1.50439
7208;0.209028;-2.43086;4.27084;2.50385;7.20556;-0.000744794;6.70096;-1.43012;ÿםג.46
7209;0.209028;-2.43107;4.27063;2.50406;7.20576;-0.000744796;6.70096;-1.43033;1.50481
7210;0.209028;-2.43128;4.27042;2.50427;7.20597;-0.000744798;6.70096;-1.43053;1.50501
7211;0.209028;-2.43148;4.27022;2.50447;7.20618;-0.0007448;6.70096;-1.43074;1.50522
7212;0.209028;-2.43169;4.27001;2.50468;7.20638;-0.000744802;6.70096;-1.43095;1.50543
7213;0.209028;-2.4319;אןנ.98;2.50489;7.20659;-0.000744804;6.70096;-1.43115;1.50563
7214;0.209028;-2.4321;אןנ.96;פוג.51;ט‏כ.68;-0.000744806;6.70096;-1.43136;1.50584
7215;0.209028;-2.43231;4.26939;פוג.53;7.207;-0.000744808;6.70096;-1.43157;1.50605
7216;0.209028;-2.43252;4.26918;2.50551;7.20721;-0.00074481;6.70096;-1.43177;1.50625
7217;0.209028;-2.43273;4.26898;2.50572;7.20742;-0.000744812;6.70096;-1.43198;1.50646
7218;0.209028;-2.43293;4.26877;2.50592;7.20762;-0.000744814;6.70096;-1.43219;1.50667
7219;0.209029;-2.43314;4.26856;2.50613;7.20783;-0.000744816;6.70096;-1.43239;1.50688
7220;0.209029;-2.43335;4.26836;2.50634;7.20804;-0.000744818;6.70096;-1.4326;1.50708
7221;0.209029;-2.43355;4.26815;2.50654;7.20825;-0.00074482;6.70096;-1.43281;1.50729
7222;0.209029;-2.43376;4.26794;2.50675;7.20845;-0.000744822;6.70096;-1.43301;ÿםג.75
7223;0.209029;-2.43397;4.26773;2.50696;7.20866;-0.000744824;6.70096;-1.43322;ÿםג.77
7224;0.209029;-2.43417;4.26753;2.50717;7.20887;-0.000744826;6.70096;-1.43343;1.50791
7225;0.209029;-2.43438;4.26732;2.50737;7.20907;-0.000744828;6.70096;-1.43363;1.50812
7226;0.209029;-2.43459;4.26711;2.50758;7.20928;-0.00074483;6.70096;-1.43384;1.50832
7227;0.209029;-2.43479;4.26691;2.50779;7.20949;-0.000744832;6.70096;-1.43405;1.50853
7228;0.209029;-2.435;אןנ.67;2.50799;7.20969;-0.000744834;6.70096;-1.43425;1.50874
7229;0.209029;-2.43521;4.26649;פוג.82;ט‏כ.99;-0.000744836;6.70096;-1.43446;1.50895
7230;0.209029;-2.43541;4.26629;2.50841;7.21011;-0.000744838;6.70096;-1.43467;1.50915
7231;0.209029;-2.43562;4.26608;2.50861;7.21031;-0.00074484;6.70096;-1.43488;1.50936
7232;0.209029;-2.43583;4.26587;2.50882;7.21052;-0.000744842;6.70096;-1.43508;1.50957
7233;0.209029;-2.43603;4.26567;2.50903;7.21073;-0.000744844;6.70096;-1.43529;1.50977
7234;0.209029;-2.43624;4.26546;2.50924;7.21094;-0.000744846;6.70096;-1.4355;1.50998
7235;0.209029;-2.43645;4.26525;2.50944;7.21114;-0.000744848;6.70096;-1.4357;1.51019
7236;0.209029;-2.43665;4.26505;2.50965;7.21135;-0.00074485;6.70096;-1.43591;1.51039
7237;0.209029;-2.43686;4.26484;2.50986;7.21156;-0.000744852;6.70096;-1.43612;ÿםג.06
7238;0.209029;-2.43707;4.26463;2.51006;7.21176;-0.000744854;6.70096;-1.43632;1.51081
7239;0.209029;-2.43727;4.26443;2.51027;7.21197;-0.000744856;6.70096;-1.43653;1.51102
7240;0.20903;-2.43748;4.26422;2.51048;7.21218;-0.000744858;6.70096;-1.43674;1.51122
7241;0.20903;-2.43769;4.26401;2.51068;7.21238;-0.00074486;6.70096;-1.43694;1.51143
7242;0.20903;-2.43789;4.26381;2.51089;7.21259;-0.000744862;6.70096;-1.43715;1.51164
7243;0.20903;-2.4381;אןנ.36;פוג.11;ט‏כ.28;-0.000744864;6.70096;-1.43736;1.51184
7244;0.20903;-2.43831;4.26339;2.51131;7.21301;-0.000744866;6.70096;-1.43756;1.51205
7245;0.20903;-2.43852;4.26318;2.51151;7.21321;-0.000744868;6.70095;-1.43777;1.51226
7246;0.20903;-2.43872;4.26298;2.51172;7.21342;-0.00074487;6.70095;-1.43798;1.51246
7247;0.20903;-2.43893;4.26277;2.51193;7.21363;-0.000744872;6.70095;-1.43818;1.51267
7248;0.20903;-2.43914;4.26256;2.51213;7.21383;-0.000744874;6.70095;-1.43839;1.51288
7249;0.20903;-2.43934;4.26236;2.51234;7.21404;-0.000744876;6.70095;-1.4386;1.51309
7250;0.20903;-2.43955;4.26215;2.51255;7.21425;-0.000744878;6.70095;-1.4388;1.51329
7251;0.20903;-2.43976;4.26194;2.51275;7.21445;-0.00074488;6.70095;-1.43901;ÿםג.35
7252;0.20903;-2.43996;4.26174;2.51296;7.21466;-0.000744882;6.70095;-1.43922;1.51371
7253;0.20903;-2.44017;4.26153;2.51317;7.21487;-0.000744884;6.70095;-1.43942;1.51391
7254;0.20903;-2.44038;4.26132;2.51338;7.21507;-0.000744885;6.70095;-1.43963;1.51412
7255;0.20903;-2.44058;4.26112;2.51358;7.21528;-0.000744887;6.70095;-1.43984;1.51433
7256;0.20903;-2.44079;4.26091;2.51379;7.21549;-0.000744889;6.70095;-1.44005;1.51453
7257;0.20903;-2.441;אןנ.07;2.514;ט‏כ.57;-0.000744891;6.70095;-1.44025;1.51474
7258;0.20903;-2.4412;אןנ.05;פוג.42;ט‏כ.59;-0.000744893;6.70095;-1.44046;1.51495
7259;0.20903;-2.44141;4.26029;2.51441;7.21611;-0.000744895;6.70095;-1.44067;1.51516
7260;0.20903;-2.44162;4.26008;2.51462;7.21632;-0.000744897;6.70095;-1.44087;1.51536
7261;0.20903;-2.44182;4.25988;2.51482;7.21652;-0.000744899;6.70095;-1.44108;1.51557
7262;0.209031;-2.44203;4.25967;2.51503;7.21673;-0.000744901;6.70095;-1.44129;1.51578
7263;0.209031;-2.44224;4.25946;2.51524;7.21694;-0.000744903;6.70095;-1.44149;1.51598
7264;0.209031;-2.44244;4.25925;2.51545;7.21714;-0.000744905;6.70095;-1.4417;1.51619
7265;0.209031;-2.44265;4.25905;2.51565;7.21735;-0.000744907;6.70095;-1.44191;ÿםג.64
7266;0.209031;-2.44286;4.25884;2.51586;7.21756;-0.000744909;6.70095;-1.44211;ÿםג.66
7267;0.209031;-2.44306;4.25863;2.51607;7.21777;-0.000744911;6.70095;-1.44232;1.51681
7268;0.209031;-2.44327;4.25843;2.51627;7.21797;-0.000744913;6.70095;-1.44253;1.51702
7269;0.209031;-2.44348;4.25822;2.51648;7.21818;-0.000744915;6.70095;-1.44273;1.51723
7270;0.209031;-2.44369;4.25801;2.51669;7.21839;-0.000744917;6.70095;-1.44294;1.51743
7271;0.209031;-2.44389;4.25781;2.51689;7.21859;-0.000744919;6.70095;-1.44315;1.51764
7272;0.209031;-2.4441;אןנ.76;פוג.71;ט‏כ.88;-0.000744921;6.70095;-1.44335;1.51785
7273;0.209031;-2.44431;4.25739;2.51731;7.21901;-0.000744923;6.70095;-1.44356;1.51805
7274;0.209031;-2.44451;4.25719;2.51752;7.21921;-0.000744925;6.70095;-1.44377;1.51826
7275;0.209031;-2.44472;4.25698;2.51772;7.21942;-0.000744927;6.70095;-1.44397;1.51847
7276;0.209031;-2.44493;4.25677;2.51793;7.21963;-0.000744929;6.70095;-1.44418;1.51867
7277;0.209031;-2.44513;4.25657;2.51814;7.21983;-0.000744931;6.70095;-1.44439;1.51888
7278;0.209031;-2.44534;4.25636;2.51834;7.22004;-0.000744933;6.70095;-1.4446;1.51909
7279;0.209031;-2.44555;4.25615;2.51855;7.22025;-0.000744935;6.70095;-1.4448;ÿםג.93
7280;0.209031;-2.44575;4.25594;2.51876;7.22046;-0.000744937;6.70095;-1.44501;ÿםג.95
7281;0.209031;-2.44596;4.25574;2.51896;7.22066;-0.000744939;6.70095;-1.44522;1.51971
7282;0.209031;-2.44617;4.25553;2.51917;7.22087;-0.000744941;6.70095;-1.44542;1.51992
7283;0.209031;-2.44637;4.25532;2.51938;7.22108;-0.000744943;6.70095;-1.44563;1.52012
7284;0.209032;-2.44658;4.25512;2.51959;7.22128;-0.000744944;6.70095;-1.44584;1.52033
7285;0.209032;-2.44679;4.25491;2.51979;7.22149;-0.000744946;6.70095;-1.44604;1.52054
7286;0.209032;-2.44699;אןנ.47;פוג.52;ט‏כ.17;-0.000744948;6.70095;-1.44625;1.52074
7287;0.209032;-2.4472;אןנ.45;2.52021;ט‏כ.19;-0.00074495;6.70095;-1.44646;1.52095
7288;0.209032;-2.44741;4.25429;2.52041;7.22211;-0.000744952;6.70095;-1.44666;1.52116
7289;0.209032;-2.44761;4.25408;2.52062;7.22232;-0.000744954;6.70095;-1.44687;1.52137
7290;0.209032;-2.44782;4.25388;2.52083;7.22253;-0.000744956;6.70095;-1.44708;1.52157
7291;0.209032;-2.44803;4.25367;2.52103;7.22273;-0.000744958;6.70095;-1.44728;1.52178
7292;0.209032;-2.44824;4.25346;2.52124;7.22294;-0.00074496;6.70095;-1.44749;1.52199
7293;0.209032;-2.44844;4.25326;2.52145;7.22315;-0.000744962;6.70095;-1.4477;1.52219
7294;0.209032;-2.44865;4.25305;2.52166;7.22335;-0.000744964;6.70095;-1.4479;ÿםג.24
7295;0.209032;-2.44886;4.25284;2.52186;7.22356;-0.000744966;6.70095;-1.44811;1.52261
7296;0.209032;-2.44906;4.25264;2.52207;7.22377;-0.000744968;6.70095;-1.44832;1.52281
7297;0.209032;-2.44927;4.25243;2.52228;7.22397;-0.00074497;6.70095;-1.44852;1.52302
7298;0.209032;-2.44948;4.25222;2.52248;7.22418;-0.000744972;6.70095;-1.44873;1.52323
7299;0.209032;-2.44968;4.25201;2.52269;7.22439;-0.000744974;6.70095;-1.44894;1.52344
7300;0.209032;-2.44989;4.25181;פוג.29;ט‏כ.46;-0.000744976;6.70095;-1.44915;1.52364
7301;0.209032;-2.4501;אןנ.16;פוג.31;ט‏כ.48;-0.000744978;6.70095;-1.44935;1.52385
7302;0.209032;-2.4503;4.25139;2.52331;7.22501;-0.00074498;6.70095;-1.44956;1.52406
7303;0.209032;-2.45051;4.25119;2.52352;7.22522;-0.000744982;6.70095;-1.44977;1.52426
7304;0.209032;-2.45072;4.25098;2.52373;7.22542;-0.000744984;6.70095;-1.44997;1.52447
7305;0.209032;-2.45092;4.25077;2.52393;7.22563;-0.000744985;6.70095;-1.45018;1.52468
7306;0.209033;-2.45113;4.25057;2.52414;7.22584;-0.000744987;6.70095;-1.45039;1.52488
7307;0.209033;-2.45134;4.25036;2.52435;7.22604;-0.000744989;6.70095;-1.45059;1.52509
7308;0.209033;-2.45154;4.25015;2.52455;7.22625;-0.000744991;6.70095;-1.4508;ÿםג.53
7309;0.209033;-2.45175;4.24995;2.52476;7.22646;-0.000744993;6.70095;-1.45101;1.52551
7310;0.209033;-2.45196;4.24974;2.52497;7.22667;-0.000744995;6.70095;-1.45121;1.52571
7311;0.209033;-2.45217;4.24953;2.52518;7.22687;-0.000744997;6.70095;-1.45142;1.52592
7312;0.209033;-2.45237;4.24933;2.52538;7.22708;-0.000744999;6.70095;-1.45163;1.52613
7313;0.209033;-2.45258;4.24912;2.52559;7.22729;-0.000745001;6.70095;-1.45183;1.52633
7314;0.209033;-2.45279;4.24891;פוג.58;7.22749;-0.000745003;6.70095;-1.45204;1.52654
7315;0.209033;-2.45299;אןנ.87;2.526;ט‏כ.77;-0.000745005;6.70095;-1.45225;1.52675
7316;0.209033;-2.4532;אןנ.85;2.52621;7.22791;-0.000745007;6.70095;-1.45245;1.52696
7317;0.209033;-2.45341;4.24829;2.52642;7.22811;-0.000745009;6.70095;-1.45266;1.52716
7318;0.209033;-2.45361;4.24808;2.52662;7.22832;-0.000745011;6.70095;-1.45287;1.52737
7319;0.209033;-2.45382;4.24788;2.52683;7.22853;-0.000745013;6.70095;-1.45308;1.52758
7320;0.209033;-2.45403;4.24767;2.52704;7.22874;-0.000745015;6.70095;-1.45328;1.52778
7321;0.209033;-2.45423;4.24746;2.52725;7.22894;-0.000745017;6.70095;-1.45349;1.52799
7322;0.209033;-2.45444;4.24726;2.52745;7.22915;-0.000745019;6.70095;-1.4537;ÿםג.82
7323;0.209033;-2.45465;4.24705;2.52766;7.22936;-0.00074502;6.70095;-1.4539;ÿםג.84
7324;0.209033;-2.45485;4.24684;2.52787;7.22956;-0.000745022;6.70095;-1.45411;1.52861
7325;0.209033;-2.45506;4.24664;2.52807;7.22977;-0.000745024;6.70095;-1.45432;1.52882
7326;0.209033;-2.45527;4.24643;2.52828;7.22998;-0.000745026;6.70095;-1.45452;1.52903
7327;0.209033;-2.45547;4.24622;2.52849;7.23018;-0.000745028;6.70095;-1.45473;1.52923
7328;0.209033;-2.45568;4.24601;2.52869;7.23039;-0.00074503;6.70095;-1.45494;1.52944
7329;0.209034;-2.45589;4.24581;פוג.89;ט‏כ.06;-0.000745032;6.70095;-1.45514;1.52965
7330;0.209034;-2.4561;אןנ.56;2.52911;7.23081;-0.000745034;6.70095;-1.45535;1.52985
7331;0.209034;-2.4563;4.24539;2.52932;7.23101;-0.000745036;6.70095;-1.45556;1.53006
7332;0.209034;-2.45651;4.24519;2.52952;7.23122;-0.000745038;6.70095;-1.45576;1.53027
7333;0.209034;-2.45672;4.24498;2.52973;7.23143;-0.00074504;6.70095;-1.45597;1.53047
7334;0.209034;-2.45692;4.24477;2.52994;7.23163;-0.000745042;6.70095;-1.45618;1.53068
7335;0.209034;-2.45713;4.24457;2.53014;7.23184;-0.000745044;6.70095;-1.45638;1.53089
7336;0.209034;-2.45734;4.24436;2.53035;7.23205;-0.000745046;6.70095;-1.45659;ÿםג.11
7337;0.209034;-2.45754;4.24415;2.53056;7.23225;-0.000745048;6.70095;-1.4568;ÿםג.13
7338;0.209034;-2.45775;4.24395;2.53077;7.23246;-0.000745049;6.70095;-1.45701;1.53151
7339;0.209034;-2.45796;4.24374;2.53097;7.23267;-0.000745051;6.70095;-1.45721;1.53172
7340;0.209034;-2.45816;4.24353;2.53118;7.23288;-0.000745053;6.70095;-1.45742;1.53192
7341;0.209034;-2.45837;4.24333;2.53139;7.23308;-0.000745055;6.70095;-1.45763;1.53213
7342;0.209034;-2.45858;4.24312;2.53159;7.23329;-0.000745057;6.70095;-1.45783;1.53234
7343;0.209034;-2.45878;4.24291;פוג.18;ט‏כ.35;-0.000745059;6.70095;-1.45804;1.53255
7344;0.209034;-2.45899;אןנ.27;2.53201;ט‏כ.37;-0.000745061;6.70095;-1.45825;1.53275
7345;0.209034;-2.4592;אןנ.25;2.53221;7.23391;-0.000745063;6.70095;-1.45845;1.53296
7346;0.209034;-2.45941;4.24229;2.53242;7.23412;-0.000745065;6.70095;-1.45866;1.53317
7347;0.209034;-2.45961;4.24208;2.53263;7.23432;-0.000745067;6.70095;-1.45887;1.53337
7348;0.209034;-2.45982;4.24188;2.53284;7.23453;-0.000745069;6.70095;-1.45907;1.53358
7349;0.209034;-2.46003;4.24167;2.53304;7.23474;-0.000745071;6.70095;-1.45928;1.53379
7350;0.209034;-2.46023;4.24146;2.53325;7.23495;-0.000745073;6.70095;-1.45949;1.53399
7351;0.209034;-2.46044;4.24126;2.53346;7.23515;-0.000745074;6.70095;-1.45969;ÿםג.42
7352;0.209035;-2.46065;4.24105;2.53366;7.23536;-0.000745076;6.70095;-1.4599;1.53441
7353;0.209035;-2.46085;4.24084;2.53387;7.23557;-0.000745078;6.70095;-1.46011;1.53462
7354;0.209035;-2.46106;4.24064;2.53408;7.23577;-0.00074508;6.70095;-1.46031;1.53482
7355;0.209035;-2.46127;4.24043;2.53428;7.23598;-0.000745082;6.70095;-1.46052;1.53503
7356;0.209035;-2.46147;4.24022;2.53449;7.23619;-0.000745084;6.70095;-1.46073;1.53524
7357;0.209035;-2.46168;4.24001;פוג.47;7.23639;-0.000745086;6.70095;-1.46094;1.53544
7358;0.209035;-2.46189;4.23981;2.53491;ט‏כ.66;-0.000745088;6.70095;-1.46114;1.53565
7359;0.209035;-2.46209;אןנ.96;2.53511;7.23681;-0.00074509;6.70095;-1.46135;1.53586
7360;0.209035;-2.4623;4.23939;2.53532;7.23702;-0.000745092;6.70095;-1.46156;1.53607
7361;0.209035;-2.46251;4.23919;2.53553;7.23722;-0.000745094;6.70095;-1.46176;1.53627
7362;0.209035;-2.46271;4.23898;2.53573;7.23743;-0.000745096;6.70095;-1.46197;1.53648
7363;0.209035;-2.46292;4.23877;2.53594;7.23764;-0.000745098;6.70095;-1.46218;1.53669
7364;0.209035;-2.46313;4.23857;2.53615;7.23784;-0.000745099;6.70095;-1.46238;1.53689
7365;0.209035;-2.46334;4.23836;2.53636;7.23805;-0.000745101;6.70095;-1.46259;ÿםג.71
7366;0.209035;-2.46354;4.23815;2.53656;7.23826;-0.000745103;6.70095;-1.4628;1.53731
7367;0.209035;-2.46375;4.23795;2.53677;7.23846;-0.000745105;6.70095;-1.463;1.53751
7368;0.209035;-2.46396;4.23774;2.53698;7.23867;-0.000745107;6.70095;-1.46321;1.53772
7369;0.209035;-2.46416;4.23753;2.53718;7.23888;-0.000745109;6.70095;-1.46342;1.53793
7370;0.209035;-2.46437;4.23733;2.53739;7.23909;-0.000745111;6.70095;-1.46362;1.53814
7371;0.209035;-2.46458;4.23712;פוג.76;7.23929;-0.000745113;6.70095;-1.46383;1.53834
7372;0.209035;-2.46478;4.23691;פוג.78;ט‏כ.95;-0.000745115;6.70095;-1.46404;1.53855
7373;0.209035;-2.46499;אןנ.67;2.53801;7.23971;-0.000745117;6.70095;-1.46425;1.53876
7374;0.209035;-2.4652;אןנ.65;2.53822;7.23991;-0.000745119;6.70095;-1.46445;1.53896
7375;0.209035;-2.4654;4.23629;2.53843;7.24012;-0.00074512;6.70095;-1.46466;1.53917
7376;0.209036;-2.46561;4.23608;2.53863;7.24033;-0.000745122;6.70095;-1.46487;1.53938
7377;0.209036;-2.46582;4.23588;2.53884;7.24054;-0.000745124;6.70095;-1.46507;1.53959
7378;0.209036;-2.46602;4.23567;2.53905;7.24074;-0.000745126;6.70095;-1.46528;1.53979
7379;0.209036;-2.46623;4.23546;2.53925;7.24095;-0.000745128;6.70095;-1.46549;ÿםג.54
7380;0.209036;-2.46644;4.23526;2.53946;7.24116;-0.00074513;6.70095;-1.46569;1.54021
7381;0.209036;-2.46665;4.23505;2.53967;7.24136;-0.000745132;6.70095;-1.4659;1.54041
7382;0.209036;-2.46685;4.23484;2.53988;7.24157;-0.000745134;6.70095;-1.46611;1.54062
7383;0.209036;-2.46706;4.23464;2.54008;7.24178;-0.000745136;6.70095;-1.46631;1.54083
7384;0.209036;-2.46727;4.23443;2.54029;7.24198;-0.000745138;6.70095;-1.46652;1.54103
7385;0.209036;-2.46747;4.23422;פוג.05;7.24219;-0.00074514;6.70095;-1.46673;1.54124
7386;0.209036;-2.46768;4.23401;פוג.07;ט‏כ.24;-0.000745141;6.70095;-1.46693;1.54145
7387;0.209036;-2.46789;4.23381;2.54091;7.24261;-0.000745143;6.70095;-1.46714;1.54166
7388;0.209036;-2.46809;אןנ.36;2.54112;7.24281;-0.000745145;6.70095;-1.46735;1.54186
7389;0.209036;-2.4683;4.23339;2.54133;7.24302;-0.000745147;6.70095;-1.46756;1.54207
7390;0.209036;-2.46851;4.23319;2.54153;7.24323;-0.000745149;6.70095;-1.46776;1.54228
7391;0.209036;-2.46871;4.23298;2.54174;7.24343;-0.000745151;6.70095;-1.46797;1.54248
7392;0.209036;-2.46892;4.23277;2.54195;7.24364;-0.000745153;6.70095;-1.46818;1.54269
7393;0.209036;-2.46913;4.23257;2.54215;7.24385;-0.000745155;6.70095;-1.46838;ÿםג.29
7394;0.209036;-2.46934;4.23236;2.54236;7.24405;-0.000745157;6.70095;-1.46859;1.54311
7395;0.209036;-2.46954;4.23215;2.54257;7.24426;-0.000745159;6.70095;-1.4688;1.54331
7396;0.209036;-2.46975;4.23195;2.54277;7.24447;-0.00074516;6.70095;-1.469;1.54352
7397;0.209036;-2.46996;4.23174;2.54298;7.24468;-0.000745162;6.70095;-1.46921;1.54373
7398;0.209036;-2.47016;4.23153;2.54319;7.24488;-0.000745164;6.70095;-1.46942;1.54393
7399;0.209036;-2.47037;4.23132;פוג.34;7.24509;-0.000745166;6.70095;-1.46962;1.54414
7400;0.209037;-2.47058;4.23112;פוג.36;ט‏כ.53;-0.000745168;6.70095;-1.46983;1.54435
7401;0.209037;-2.47078;4.23091;2.54381;ט‏כ.55;-0.00074517;6.70095;-1.47004;1.54456
7402;0.209037;-2.47099;אןנ.07;2.54402;7.24571;-0.000745172;6.70095;-1.47025;1.54476
7403;0.209037;-2.4712;אןנ.05;2.54422;7.24592;-0.000745174;6.70095;-1.47045;1.54497
7404;0.209037;-2.4714;4.23029;2.54443;7.24613;-0.000745176;6.70095;-1.47066;1.54518
7405;0.209037;-2.47161;4.23008;2.54464;7.24633;-0.000745178;6.70095;-1.47087;1.54538
7406;0.209037;-2.47182;4.22988;2.54485;7.24654;-0.000745179;6.70095;-1.47107;1.54559
7407;0.209037;-2.47202;4.22967;2.54505;7.24675;-0.000745181;6.70095;-1.47128;ÿםג.58
7408;0.209037;-2.47223;4.22946;2.54526;7.24695;-0.000745183;6.70095;-1.47149;1.546
7409;0.209037;-2.47244;4.22926;2.54547;7.24716;-0.000745185;6.70095;-1.47169;1.54621
7410;0.209037;-2.47265;4.22905;2.54567;7.24737;-0.000745187;6.70095;-1.4719;1.54642
7411;0.209037;-2.47285;4.22884;2.54588;7.24757;-0.000745189;6.70095;-1.47211;1.54663
7412;0.209037;-2.47306;4.22863;2.54609;7.24778;-0.000745191;6.70095;-1.47231;1.54683
7413;0.209037;-2.47327;4.22843;פוג.63;7.24799;-0.000745193;6.70095;-1.47252;1.54704
7414;0.209037;-2.47347;4.22822;פוג.65;ט‏כ.82;-0.000745195;6.70095;-1.47273;1.54725
7415;0.209037;-2.47368;4.22801;2.54671;ט‏כ.84;-0.000745196;6.70095;-1.47293;1.54745
7416;0.209037;-2.47389;4.22781;2.54692;7.24861;-0.000745198;6.70095;-1.47314;1.54766
7417;0.209037;-2.47409;אןנ.76;2.54712;7.24882;-0.0007452;6.70095;-1.47335;1.54787
7418;0.209037;-2.4743;4.22739;2.54733;7.24902;-0.000745202;6.70095;-1.47356;1.54808
7419;0.209037;-2.47451;4.22719;2.54754;7.24923;-0.000745204;6.70095;-1.47376;1.54828
7420;0.209037;-2.47471;4.22698;2.54774;7.24944;-0.000745206;6.70095;-1.47397;1.54849
7421;0.209037;-2.47492;4.22677;2.54795;7.24965;-0.000745208;6.70095;-1.47418;ÿםג.87
7422;0.209037;-2.47513;4.22656;2.54816;7.24985;-0.00074521;6.70095;-1.47438;ÿםג.89
7423;0.209037;-2.47534;4.22636;2.54837;7.25006;-0.000745212;6.70095;-1.47459;1.54911
7424;0.209038;-2.47554;4.22615;2.54857;7.25027;-0.000745213;6.70095;-1.4748;1.54932
7425;0.209038;-2.47575;4.22594;2.54878;7.25047;-0.000745215;6.70095;-1.475;1.54953
7426;0.209038;-2.47596;4.22574;2.54899;7.25068;-0.000745217;6.70095;-1.47521;1.54973
7427;0.209038;-2.47616;4.22553;2.54919;7.25089;-0.000745219;6.70095;-1.47542;1.54994
7428;0.209038;-2.47637;4.22532;פוג.94;7.25109;-0.000745221;6.70095;-1.47562;1.55015
7429;0.209038;-2.47658;4.22512;2.54961;ט‏כ.13;-0.000745223;6.70095;-1.47583;1.55035
7430;0.209038;-2.47678;4.22491;2.54982;7.25151;-0.000745225;6.70095;-1.47604;1.55056
7431;0.209038;-2.47699;אןנ.47;2.55002;7.25172;-0.000745227;6.70095;-1.47625;1.55077
7432;0.209038;-2.4772;אןנ.45;2.55023;7.25192;-0.000745229;6.70095;-1.47645;1.55098
7433;0.209038;-2.4774;4.22429;2.55044;7.25213;-0.00074523;6.70095;-1.47666;1.55118
7434;0.209038;-2.47761;4.22408;2.55064;7.25234;-0.000745232;6.70095;-1.47687;1.55139
7435;0.209038;-2.47782;4.22387;2.55085;7.25254;-0.000745234;6.70095;-1.47707;ÿםג.16
7436;0.209038;-2.47803;4.22367;2.55106;7.25275;-0.000745236;6.70095;-1.47728;ÿםג.18
7437;0.209038;-2.47823;4.22346;2.55127;7.25296;-0.000745238;6.70095;-1.47749;1.55201
7438;0.209038;-2.47844;4.22325;2.55147;7.25317;-0.00074524;6.70095;-1.47769;1.55222
7439;0.209038;-2.47865;4.22305;2.55168;7.25337;-0.000745242;6.70095;-1.4779;1.55242
7440;0.209038;-2.47885;4.22284;2.55189;7.25358;-0.000745244;6.70095;-1.47811;1.55263
7441;0.209038;-2.47906;4.22263;2.55209;7.25379;-0.000745245;6.70095;-1.47831;1.55284
7442;0.209038;-2.47927;4.22243;פוג.23;7.25399;-0.000745247;6.70095;-1.47852;1.55305
7443;0.209038;-2.47947;4.22222;2.55251;ט‏כ.42;-0.000745249;6.70095;-1.47873;1.55325
7444;0.209038;-2.47968;4.22201;2.55272;7.25441;-0.000745251;6.70095;-1.47894;1.55346
7445;0.209038;-2.47989;4.22181;2.55292;7.25461;-0.000745253;6.70095;-1.47914;1.55367
7446;0.209038;-2.48009;אןנ.16;2.55313;7.25482;-0.000745255;6.70095;-1.47935;1.55387
7447;0.209038;-2.4803;4.22139;2.55334;7.25503;-0.000745257;6.70095;-1.47956;1.55408
7448;0.209038;-2.48051;4.22118;2.55354;7.25524;-0.000745259;6.70095;-1.47976;1.55429
7449;0.209038;-2.48072;4.22098;2.55375;7.25544;-0.00074526;6.70095;-1.47997;ÿםג.45
7450;0.209039;-2.48092;4.22077;2.55396;7.25565;-0.000745262;6.70095;-1.48018;ÿםג.47
7451;0.209039;-2.48113;4.22056;2.55416;7.25586;-0.000745264;6.70095;-1.48038;1.55491
7452;0.209039;-2.48134;4.22036;2.55437;7.25606;-0.000745266;6.70095;-1.48059;1.55512
7453;0.209039;-2.48154;4.22015;2.55458;7.25627;-0.000745268;6.70095;-1.4808;1.55532
7454;0.209039;-2.48175;4.21994;2.55479;7.25648;-0.00074527;6.70095;-1.481;1.55553
7455;0.209039;-2.48196;4.21974;2.55499;7.25669;-0.000745272;6.70095;-1.48121;1.55574
7456;0.209039;-2.48216;4.21953;פוג.52;7.25689;-0.000745274;6.70095;-1.48142;1.55595
7457;0.209039;-2.48237;4.21932;2.55541;ט‏כ.71;-0.000745275;6.70095;-1.48163;1.55615
7458;0.209039;-2.48258;4.21911;2.55561;7.25731;-0.000745277;6.70095;-1.48183;1.55636
7459;0.209039;-2.48278;4.21891;2.55582;7.25751;-0.000745279;6.70095;-1.48204;1.55657
7460;0.209039;-2.48299;אןנ.87;2.55603;7.25772;-0.000745281;6.70095;-1.48225;1.55677
7461;0.209039;-2.4832;4.21849;2.55624;7.25793;-0.000745283;6.70095;-1.48245;1.55698
7462;0.209039;-2.48341;4.21829;2.55644;7.25814;-0.000745285;6.70095;-1.48266;1.55719
7463;0.209039;-2.48361;4.21808;2.55665;7.25834;-0.000745287;6.70095;-1.48287;ÿםג.74
7464;0.209039;-2.48382;4.21787;2.55686;7.25855;-0.000745288;6.70095;-1.48307;ÿםג.76
7465;0.209039;-2.48403;4.21767;2.55706;7.25876;-0.00074529;6.70095;-1.48328;1.55781
7466;0.209039;-2.48423;4.21746;2.55727;7.25896;-0.000745292;6.70095;-1.48349;1.55802
7467;0.209039;-2.48444;4.21725;2.55748;7.25917;-0.000745294;6.70095;-1.48369;1.55822
7468;0.209039;-2.48465;4.21705;2.55769;7.25938;-0.000745296;6.70095;-1.4839;1.55843
7469;0.209039;-2.48485;4.21684;2.55789;7.25958;-0.000745298;6.70095;-1.48411;1.55864
7470;0.209039;-2.48506;4.21663;פוג.81;7.25979;-0.0007453;6.70095;-1.48432;1.55885
7471;0.209039;-2.48527;4.21642;2.55831;ט‏כ.26;-0.000745301;6.70095;-1.48452;1.55905
7472;0.209039;-2.48547;4.21622;2.55851;7.26021;-0.000745303;6.70095;-1.48473;1.55926
7473;0.209039;-2.48568;4.21601;2.55872;7.26041;-0.000745305;6.70095;-1.48494;1.55947
7474;0.209039;-2.48589;אןנ.58;2.55893;7.26062;-0.000745307;6.70095;-1.48514;1.55967
7475;0.20904;-2.4861;אןנ.56;2.55914;7.26083;-0.000745309;6.70095;-1.48535;1.55988
7476;0.20904;-2.4863;4.21539;2.55934;7.26103;-0.000745311;6.70095;-1.48556;1.56009
7477;0.20904;-2.48651;4.21518;2.55955;7.26124;-0.000745313;6.70095;-1.48576;ÿםג.03
7478;0.20904;-2.48672;4.21498;2.55976;7.26145;-0.000745314;6.70095;-1.48597;ÿםג.05
7479;0.20904;-2.48692;4.21477;2.55996;7.26166;-0.000745316;6.70095;-1.48618;1.56071
7480;0.20904;-2.48713;4.21456;2.56017;7.26186;-0.000745318;6.70095;-1.48638;1.56092
7481;0.20904;-2.48734;4.21435;2.56038;7.26207;-0.00074532;6.70095;-1.48659;1.56112
7482;0.20904;-2.48754;4.21415;2.56059;7.26228;-0.000745322;6.70095;-1.4868;1.56133
7483;0.20904;-2.48775;4.21394;2.56079;7.26248;-0.000745324;6.70095;-1.48701;1.56154
7484;0.20904;-2.48796;4.21373;2.561;7.26269;-0.000745326;6.70095;-1.48721;1.56175
7485;0.20904;-2.48816;4.21353;2.56121;ט‏כ.29;-0.000745327;6.70095;-1.48742;1.56195
7486;0.20904;-2.48837;4.21332;2.56141;7.26311;-0.000745329;6.70095;-1.48763;1.56216
7487;0.20904;-2.48858;4.21311;2.56162;7.26331;-0.000745331;6.70095;-1.48783;1.56237
7488;0.20904;-2.48879;4.21291;2.56183;7.26352;-0.000745333;6.70095;-1.48804;1.56257
7489;0.20904;-2.48899;אןנ.27;2.56204;7.26373;-0.000745335;6.70095;-1.48825;1.56278
7490;0.20904;-2.4892;4.21249;2.56224;7.26393;-0.000745337;6.70095;-1.48845;1.56299
7491;0.20904;-2.48941;4.21228;2.56245;7.26414;-0.000745339;6.70095;-1.48866;1.56319
7492;0.20904;-2.48961;4.21208;2.56266;7.26435;-0.00074534;6.70095;-1.48887;ÿםג.34
7493;0.20904;-2.48982;4.21187;2.56286;7.26455;-0.000745342;6.70095;-1.48908;1.56361
7494;0.20904;-2.49003;4.21166;2.56307;7.26476;-0.000745344;6.70095;-1.48928;1.56382
7495;0.20904;-2.49023;4.21146;2.56328;7.26497;-0.000745346;6.70095;-1.48949;1.56402
7496;0.20904;-2.49044;4.21125;2.56349;7.26518;-0.000745348;6.70095;-1.4897;1.56423
7497;0.20904;-2.49065;4.21104;2.56369;7.26538;-0.00074535;6.70095;-1.4899;1.56444
7498;0.20904;-2.49086;4.21084;פוג.39;7.26559;-0.000745352;6.70095;-1.49011;1.56464
7499;0.20904;-2.49106;4.21063;2.56411;ט‏כ.58;-0.000745353;6.70095;-1.49032;1.56485
7500;0.20904;-2.49127;4.21042;2.56431;7.266;-0.000745355;6.70095;-1.49052;1.56506
7501;0.20904;-2.49148;4.21021;2.56452;7.26621;-0.000745357;6.70095;-1.49073;1.56527
7502;0.209041;-2.49168;4.21001;2.56473;7.26642;-0.000745359;6.70095;-1.49094;1.56547
7503;0.209041;-2.49189;אןנ.98;2.56494;7.26663;-0.000745361;6.70095;-1.49114;1.56568
7504;0.209041;-2.4921;4.20959;2.56514;7.26683;-0.000745363;6.70095;-1.49135;1.56589
7505;0.209041;-2.4923;4.20939;2.56535;7.26704;-0.000745364;6.70095;-1.49156;1.56609
7506;0.209041;-2.49251;4.20918;2.56556;7.26725;-0.000745366;6.70095;-1.49177;ÿםג.63
7507;0.209041;-2.49272;4.20897;2.56576;7.26745;-0.000745368;6.70095;-1.49197;1.56651
7508;0.209041;-2.49292;4.20877;2.56597;7.26766;-0.00074537;6.70095;-1.49218;1.56672
7509;0.209041;-2.49313;4.20856;2.56618;7.26787;-0.000745372;6.70095;-1.49239;1.56692
7510;0.209041;-2.49334;4.20835;2.56639;7.26808;-0.000745374;6.70095;-1.49259;1.56713
7511;0.209041;-2.49355;4.20814;2.56659;7.26828;-0.000745375;6.70095;-1.4928;1.56734
7512;0.209041;-2.49375;4.20794;פוג.68;7.26849;-0.000745377;6.70095;-1.49301;1.56754
7513;0.209041;-2.49396;4.20773;2.56701;ט‏כ.87;-0.000745379;6.70094;-1.49321;1.56775
7514;0.209041;-2.49417;4.20752;2.56721;ט‏כ.89;-0.000745381;6.70094;-1.49342;1.56796
7515;0.209041;-2.49437;4.20732;2.56742;7.26911;-0.000745383;6.70094;-1.49363;1.56817
7516;0.209041;-2.49458;4.20711;2.56763;7.26932;-0.000745385;6.70094;-1.49384;1.56837
7517;0.209041;-2.49479;אןנ.69;2.56784;7.26953;-0.000745387;6.70094;-1.49404;1.56858
7518;0.209041;-2.49499;אןנ.67;2.56804;7.26973;-0.000745388;6.70094;-1.49425;1.56879
7519;0.209041;-2.4952;4.20649;2.56825;7.26994;-0.00074539;6.70094;-1.49446;1.56899
7520;0.209041;-2.49541;4.20628;2.56846;7.27015;-0.000745392;6.70094;-1.49466;ÿםג.92
7521;0.209041;-2.49562;4.20607;2.56866;7.27035;-0.000745394;6.70094;-1.49487;1.56941
7522;0.209041;-2.49582;4.20587;2.56887;7.27056;-0.000745396;6.70094;-1.49508;1.56962
7523;0.209041;-2.49603;4.20566;2.56908;7.27077;-0.000745398;6.70094;-1.49528;1.56982
7524;0.209041;-2.49624;4.20545;2.56929;7.27098;-0.000745399;6.70094;-1.49549;1.57003
7525;0.209041;-2.49644;4.20525;2.56949;7.27118;-0.000745401;6.70094;-1.4957;1.57024
7526;0.209041;-2.49665;4.20504;פוג.97;7.27139;-0.000745403;6.70094;-1.4959;1.57044
7527;0.209041;-2.49686;4.20483;2.56991;ט‏כ.16;-0.000745405;6.70094;-1.49611;1.57065
7528;0.209042;-2.49706;4.20463;2.57011;ט‏כ.18;-0.000745407;6.70094;-1.49632;1.57086
7529;0.209042;-2.49727;4.20442;2.57032;7.27201;-0.000745409;6.70094;-1.49653;1.57107
7530;0.209042;-2.49748;4.20421;2.57053;7.27222;-0.00074541;6.70094;-1.49673;1.57127
7531;0.209042;-2.49768;4.204;2.57074;7.27243;-0.000745412;6.70094;-1.49694;1.57148
7532;0.209042;-2.49789;אןנ.38;2.57094;7.27263;-0.000745414;6.70094;-1.49715;1.57169
7533;0.209042;-2.4981;4.20359;2.57115;7.27284;-0.000745416;6.70094;-1.49735;ÿםג.19
7534;0.209042;-2.49831;4.20338;2.57136;7.27305;-0.000745418;6.70094;-1.49756;ÿםג.21
7535;0.209042;-2.49851;4.20318;2.57156;7.27325;-0.00074542;6.70094;-1.49777;1.57231
7536;0.209042;-2.49872;4.20297;2.57177;7.27346;-0.000745421;6.70094;-1.49797;1.57252
7537;0.209042;-2.49893;4.20276;2.57198;7.27367;-0.000745423;6.70094;-1.49818;1.57272
7538;0.209042;-2.49913;4.20256;2.57219;7.27388;-0.000745425;6.70094;-1.49839;1.57293
7539;0.209042;-2.49934;4.20235;2.57239;7.27408;-0.000745427;6.70094;-1.4986;1.57314
7540;0.209042;-2.49955;4.20214;פוג.26;7.27429;-0.000745429;6.70094;-1.4988;1.57335
7541;0.209042;-2.49975;4.20193;2.57281;ט‏כ.45;-0.00074543;6.70094;-1.49901;1.57355
7542;0.209042;-2.49996;4.20173;2.57301;ט‏כ.47;-0.000745432;6.70094;-1.49922;1.57376
7543;0.209042;-2.50017;4.20152;2.57322;7.27491;-0.000745434;6.70094;-1.49942;1.57397
7544;0.209042;-2.50038;4.20131;2.57343;7.27512;-0.000745436;6.70094;-1.49963;1.57417
7545;0.209042;-2.50058;4.20111;2.57364;7.27532;-0.000745438;6.70094;-1.49984;1.57438
7546;0.209042;-2.50079;אןנ.09;2.57384;7.27553;-0.00074544;6.70094;-1.50004;1.57459
7547;0.209042;-2.501;4.20069;2.57405;7.27574;-0.000745441;6.70094;-1.50025;ÿםג.48
7548;0.209042;-2.5012;4.20049;2.57426;7.27595;-0.000745443;6.70094;-1.50046;1.575
7549;0.209042;-2.50141;4.20028;2.57446;7.27615;-0.000745445;6.70094;-1.50067;1.57521
7550;0.209042;-2.50162;4.20007;2.57467;7.27636;-0.000745447;6.70094;-1.50087;1.57542
7551;0.209042;-2.50182;4.19986;2.57488;7.27657;-0.000745449;6.70094;-1.50108;1.57562
7552;0.209042;-2.50203;4.19966;2.57509;7.27677;-0.000745451;6.70094;-1.50129;1.57583
7553;0.209042;-2.50224;4.19945;2.57529;7.27698;-0.000745452;6.70094;-1.50149;1.57604
7554;0.209042;-2.50245;4.19924;פוג.55;7.27719;-0.000745454;6.70094;-1.5017;1.57625
7555;0.209042;-2.50265;4.19904;2.57571;ט‏כ.74;-0.000745456;6.70094;-1.50191;1.57645
7556;0.209043;-2.50286;4.19883;2.57591;ט‏כ.76;-0.000745458;6.70094;-1.50211;1.57666
7557;0.209043;-2.50307;4.19862;2.57612;7.27781;-0.00074546;6.70094;-1.50232;1.57687
7558;0.209043;-2.50327;4.19842;2.57633;7.27802;-0.000745461;6.70094;-1.50253;1.57707
7559;0.209043;-2.50348;4.19821;2.57654;7.27822;-0.000745463;6.70094;-1.50274;1.57728
7560;0.209043;-2.50369;4.198;2.57674;7.27843;-0.000745465;6.70094;-1.50294;1.57749
7561;0.209043;-2.50389;4.19779;2.57695;7.27864;-0.000745467;6.70094;-1.50315;ÿםג.77
7562;0.209043;-2.5041;4.19759;2.57716;7.27885;-0.000745469;6.70094;-1.50336;ÿםג.79
7563;0.209043;-2.50431;4.19738;2.57736;7.27905;-0.000745471;6.70094;-1.50356;1.57811
7564;0.209043;-2.50452;4.19717;2.57757;7.27926;-0.000745472;6.70094;-1.50377;1.57832
7565;0.209043;-2.50472;4.19697;2.57778;7.27947;-0.000745474;6.70094;-1.50398;1.57852
7566;0.209043;-2.50493;4.19676;2.57799;7.27967;-0.000745476;6.70094;-1.50418;1.57873
7567;0.209043;-2.50514;4.19655;2.57819;7.27988;-0.000745478;6.70094;-1.50439;1.57894
7568;0.209043;-2.50534;4.19635;פוג.84;7.28009;-0.00074548;6.70094;-1.5046;1.57915
7569;0.209043;-2.50555;4.19614;2.57861;ט‏כ.03;-0.000745481;6.70094;-1.5048;1.57935
7570;0.209043;-2.50576;4.19593;2.57881;ט‏כ.05;-0.000745483;6.70094;-1.50501;1.57956
7571;0.209043;-2.50596;4.19572;2.57902;7.28071;-0.000745485;6.70094;-1.50522;1.57977
7572;0.209043;-2.50617;4.19552;2.57923;7.28092;-0.000745487;6.70094;-1.50543;1.57997
7573;0.209043;-2.50638;4.19531;2.57944;7.28112;-0.000745489;6.70094;-1.50563;1.58018
7574;0.209043;-2.50659;אןנ.51;2.57964;7.28133;-0.00074549;6.70094;-1.50584;1.58039
7575;0.209043;-2.50679;אןנ.49;2.57985;7.28154;-0.000745492;6.70094;-1.50605;ÿםג.06
7576;0.209043;-2.507;4.19469;2.58006;7.28175;-0.000745494;6.70094;-1.50625;ÿםג.08
7577;0.209043;-2.50721;4.19448;2.58026;7.28195;-0.000745496;6.70094;-1.50646;1.58101
7578;0.209043;-2.50741;4.19428;2.58047;7.28216;-0.000745498;6.70094;-1.50667;1.58122
7579;0.209043;-2.50762;4.19407;2.58068;7.28237;-0.000745499;6.70094;-1.50687;1.58142
7580;0.209043;-2.50783;4.19386;2.58089;7.28257;-0.000745501;6.70094;-1.50708;1.58163
7581;0.209043;-2.50803;4.19365;2.58109;7.28278;-0.000745503;6.70094;-1.50729;1.58184
7582;0.209043;-2.50824;4.19345;פוג.13;7.28299;-0.000745505;6.70094;-1.5075;1.58205
7583;0.209043;-2.50845;4.19324;2.58151;ט‏כ.32;-0.000745507;6.70094;-1.5077;1.58225
7584;0.209044;-2.50866;4.19303;2.58172;ט‏כ.34;-0.000745509;6.70094;-1.50791;1.58246
7585;0.209044;-2.50886;4.19283;2.58192;7.28361;-0.00074551;6.70094;-1.50812;1.58267
7586;0.209044;-2.50907;4.19262;2.58213;7.28382;-0.000745512;6.70094;-1.50832;1.58288
7587;0.209044;-2.50928;4.19241;2.58234;7.28402;-0.000745514;6.70094;-1.50853;1.58308
7588;0.209044;-2.50948;אןנ.22;2.58254;7.28423;-0.000745516;6.70094;-1.50874;1.58329
7589;0.209044;-2.50969;4.192;2.58275;7.28444;-0.000745518;6.70094;-1.50894;ÿםג.35
7590;0.209044;-2.5099;4.19179;2.58296;7.28465;-0.000745519;6.70094;-1.50915;ÿםג.37
7591;0.209044;-2.5101;4.19158;2.58317;7.28485;-0.000745521;6.70094;-1.50936;1.58391
7592;0.209044;-2.51031;4.19138;2.58337;7.28506;-0.000745523;6.70094;-1.50957;1.58412
7593;0.209044;-2.51052;4.19117;2.58358;7.28527;-0.000745525;6.70094;-1.50977;1.58433
7594;0.209044;-2.51073;4.19096;2.58379;7.28548;-0.000745527;6.70094;-1.50998;1.58453
7595;0.209044;-2.51093;4.19076;2.58399;7.28568;-0.000745528;6.70094;-1.51019;1.58474
7596;0.209044;-2.51114;4.19055;פוג.42;7.28589;-0.00074553;6.70094;-1.51039;1.58495
7597;0.209044;-2.51135;4.19034;2.58441;ט‏כ.61;-0.000745532;6.70094;-1.5106;1.58515
7598;0.209044;-2.51155;4.19013;2.58462;ט‏כ.63;-0.000745534;6.70094;-1.51081;1.58536
7599;0.209044;-2.51176;4.18993;2.58482;7.28651;-0.000745536;6.70094;-1.51102;1.58557
7600;0.209044;-2.51197;4.18972;2.58503;7.28672;-0.000745537;6.70094;-1.51122;1.58578
7601;0.209044;-2.51217;4.18951;2.58524;7.28693;-0.000745539;6.70094;-1.51143;1.58598
7602;0.209044;-2.51238;4.18931;2.58544;7.28713;-0.000745541;6.70094;-1.51164;1.58619
7603;0.209044;-2.51259;4.1891;2.58565;7.28734;-0.000745543;6.70094;-1.51184;ÿםג.64
7604;0.209044;-2.5128;4.18889;2.58586;7.28755;-0.000745544;6.70094;-1.51205;ÿםג.66
7605;0.209044;-2.513;4.18868;2.58607;7.28775;-0.000745546;6.70094;-1.51226;1.58681
7606;0.209044;-2.51321;4.18848;2.58627;7.28796;-0.000745548;6.70094;-1.51246;1.58702
7607;0.209044;-2.51342;4.18827;2.58648;7.28817;-0.00074555;6.70094;-1.51267;1.58723
7608;0.209044;-2.51362;4.18806;2.58669;7.28838;-0.000745552;6.70094;-1.51288;1.58743
7609;0.209044;-2.51383;4.18786;2.58689;7.28858;-0.000745553;6.70094;-1.51309;1.58764
7610;0.209044;-2.51404;4.18765;פוג.71;7.28879;-0.000745555;6.70094;-1.51329;1.58785
7611;0.209044;-2.51424;4.18744;2.58731;7.289;-0.000745557;6.70094;-1.5135;1.58805
7612;0.209044;-2.51445;4.18724;2.58752;ט‏כ.92;-0.000745559;6.70094;-1.51371;1.58826
7613;0.209045;-2.51466;4.18703;2.58772;7.28941;-0.000745561;6.70094;-1.51391;1.58847
7614;0.209045;-2.51487;4.18682;2.58793;7.28962;-0.000745562;6.70094;-1.51412;1.58868
7615;0.209045;-2.51507;4.18661;2.58814;7.28983;-0.000745564;6.70094;-1.51433;1.58888
7616;0.209045;-2.51528;4.18641;2.58835;7.29003;-0.000745566;6.70094;-1.51453;1.58909
7617;0.209045;-2.51549;4.1862;2.58855;7.29024;-0.000745568;6.70094;-1.51474;ÿםג.93
7618;0.209045;-2.51569;4.18599;2.58876;7.29045;-0.00074557;6.70094;-1.51495;1.58951
7619;0.209045;-2.5159;4.18579;2.58897;7.29065;-0.000745571;6.70094;-1.51516;1.58971
7620;0.209045;-2.51611;4.18558;2.58917;7.29086;-0.000745573;6.70094;-1.51536;1.58992
7621;0.209045;-2.51632;4.18537;2.58938;7.29107;-0.000745575;6.70094;-1.51557;1.59013
7622;0.209045;-2.51652;4.18517;2.58959;7.29128;-0.000745577;6.70094;-1.51578;1.59033
7623;0.209045;-2.51673;4.18496;פוג.98;7.29148;-0.000745578;6.70094;-1.51598;1.59054
7624;0.209045;-2.51694;4.18475;פוג.59;7.29169;-0.00074558;6.70094;-1.51619;1.59075
7625;0.209045;-2.51714;4.18454;2.59021;ט‏כ.19;-0.000745582;6.70094;-1.5164;1.59096
7626;0.209045;-2.51735;4.18434;2.59042;ט‏כ.21;-0.000745584;6.70094;-1.5166;1.59116
7627;0.209045;-2.51756;4.18413;2.59062;7.29231;-0.000745586;6.70094;-1.51681;1.59137
7628;0.209045;-2.51776;4.18392;2.59083;7.29252;-0.000745587;6.70094;-1.51702;1.59158
7629;0.209045;-2.51797;4.18372;2.59104;7.29273;-0.000745589;6.70094;-1.51723;1.59178
7630;0.209045;-2.51818;4.18351;2.59125;7.29293;-0.000745591;6.70094;-1.51743;1.59199
7631;0.209045;-2.51839;4.1833;2.59145;7.29314;-0.000745593;6.70094;-1.51764;ÿםג.22
7632;0.209045;-2.51859;4.18309;2.59166;7.29335;-0.000745595;6.70094;-1.51785;1.59241
7633;0.209045;-2.5188;4.18289;2.59187;7.29355;-0.000745596;6.70094;-1.51805;1.59261
7634;0.209045;-2.51901;4.18268;2.59208;7.29376;-0.000745598;6.70094;-1.51826;1.59282
7635;0.209045;-2.51921;4.18247;2.59228;7.29397;-0.0007456;6.70094;-1.51847;1.59303
7636;0.209045;-2.51942;4.18227;2.59249;7.29418;-0.000745602;6.70094;-1.51867;1.59324
7637;0.209045;-2.51963;4.18206;פוג.27;7.29438;-0.000745603;6.70094;-1.51888;1.59344
7638;0.209045;-2.51983;4.18185;פוג.29;7.29459;-0.000745605;6.70094;-1.51909;1.59365
7639;0.209045;-2.52004;4.18165;2.59311;ט‏כ.48;-0.000745607;6.70094;-1.5193;1.59386
7640;0.209045;-2.52025;4.18144;2.59332;7.295;-0.000745609;6.70094;-1.5195;1.59406
7641;0.209045;-2.52046;4.18123;2.59353;7.29521;-0.000745611;6.70094;-1.51971;1.59427
7642;0.209045;-2.52066;4.18102;2.59373;7.29542;-0.000745612;6.70094;-1.51992;1.59448
7643;0.209046;-2.52087;4.18082;2.59394;7.29563;-0.000745614;6.70094;-1.52012;1.59469
7644;0.209046;-2.52108;4.18061;2.59415;7.29583;-0.000745616;6.70094;-1.52033;1.59489
7645;0.209046;-2.52128;4.1804;2.59435;7.29604;-0.000745618;6.70094;-1.52054;ÿםג.51
7646;0.209046;-2.52149;4.1802;2.59456;7.29625;-0.000745619;6.70094;-1.52075;1.59531
7647;0.209046;-2.5217;4.17999;2.59477;7.29646;-0.000745621;6.70094;-1.52095;1.59551
7648;0.209046;-2.5219;4.17978;2.59498;7.29666;-0.000745623;6.70094;-1.52116;1.59572
7649;0.209046;-2.52211;4.17957;2.59518;7.29687;-0.000745625;6.70094;-1.52137;1.59593
7650;0.209046;-2.52232;4.17937;2.59539;7.29708;-0.000745627;6.70094;-1.52157;1.59614
7651;0.209046;-2.52253;4.17916;פוג.56;7.29728;-0.000745628;6.70094;-1.52178;1.59634
7652;0.209046;-2.52273;4.17895;פוג.58;7.29749;-0.00074563;6.70094;-1.52199;1.59655
7653;0.209046;-2.52294;4.17875;2.59601;ט‏כ.77;-0.000745632;6.70094;-1.52219;1.59676
7654;0.209046;-2.52315;4.17854;2.59622;7.29791;-0.000745634;6.70094;-1.5224;1.59696
7655;0.209046;-2.52335;4.17833;2.59643;7.29811;-0.000745635;6.70094;-1.52261;1.59717
7656;0.209046;-2.52356;4.17812;2.59663;7.29832;-0.000745637;6.70094;-1.52282;1.59738
7657;0.209046;-2.52377;4.17792;2.59684;7.29853;-0.000745639;6.70094;-1.52302;1.59759
7658;0.209046;-2.52398;4.17771;2.59705;7.29873;-0.000745641;6.70094;-1.52323;1.59779
7659;0.209046;-2.52418;4.1775;2.59726;7.29894;-0.000745642;6.70094;-1.52344;1.598
7660;0.209046;-2.52439;4.1773;2.59746;7.29915;-0.000745644;6.70094;-1.52364;1.59821
7661;0.209046;-2.5246;4.17709;2.59767;7.29936;-0.000745646;6.70094;-1.52385;1.59842
7662;0.209046;-2.5248;4.17688;2.59788;7.29956;-0.000745648;6.70094;-1.52406;1.59862
7663;0.209046;-2.52501;4.17668;2.59808;7.29977;-0.000745649;6.70094;-1.52426;1.59883
7664;0.209046;-2.52522;4.17647;2.59829;7.29998;-0.000745651;6.70094;-1.52447;1.59904
7665;0.209046;-2.52542;4.17626;פוג.85;7.30018;-0.000745653;6.70094;-1.52468;1.59924
7666;0.209046;-2.52563;4.17605;2.59871;7.30039;-0.000745655;6.70094;-1.52489;1.59945
7667;0.209046;-2.52584;4.17585;2.59891;ט‏כ.06;-0.000745657;6.70094;-1.52509;1.59966
7668;0.209046;-2.52605;4.17564;2.59912;7.30081;-0.000745658;6.70094;-1.5253;1.59987
7669;0.209046;-2.52625;4.17543;2.59933;7.30101;-0.00074566;6.70094;-1.52551;1.60007
7670;0.209046;-2.52646;4.17523;2.59953;7.30122;-0.000745662;6.70094;-1.52571;1.60028
7671;0.209046;-2.52667;4.17502;2.59974;7.30143;-0.000745664;6.70094;-1.52592;1.60049
7672;0.209046;-2.52687;4.17481;2.59995;7.30164;-0.000745665;6.70094;-1.52613;ÿםג.07
7673;0.209047;-2.52708;4.1746;2.60016;7.30184;-0.000745667;6.70094;-1.52634;ÿםג.09
7674;0.209047;-2.52729;4.1744;2.60036;7.30205;-0.000745669;6.70094;-1.52654;1.60111
7675;0.209047;-2.5275;4.17419;2.60057;7.30226;-0.000745671;6.70094;-1.52675;1.60132
7676;0.209047;-2.5277;4.17398;2.60078;7.30246;-0.000745672;6.70094;-1.52696;1.60152
7677;0.209047;-2.52791;4.17378;2.60099;7.30267;-0.000745674;6.70094;-1.52716;1.60173
7678;0.209047;-2.52812;4.17357;2.60119;7.30288;-0.000745676;6.70094;-1.52737;1.60194
7679;0.209047;-2.52832;4.17336;פוג.14;7.30309;-0.000745678;6.70094;-1.52758;1.60215
7680;0.209047;-2.52853;4.17316;2.60161;7.30329;-0.000745679;6.70094;-1.52778;1.60235
7681;0.209047;-2.52874;4.17295;2.60181;ט‏כ.35;-0.000745681;6.70094;-1.52799;1.60256
7682;0.209047;-2.52894;4.17274;2.60202;7.30371;-0.000745683;6.70094;-1.5282;1.60277
7683;0.209047;-2.52915;4.17253;2.60223;7.30391;-0.000745685;6.70094;-1.52841;1.60297
7684;0.209047;-2.52936;4.17233;2.60244;7.30412;-0.000745686;6.70094;-1.52861;1.60318
7685;0.209047;-2.52957;4.17212;2.60264;7.30433;-0.000745688;6.70094;-1.52882;1.60339
7686;0.209047;-2.52977;4.17191;2.60285;7.30454;-0.00074569;6.70094;-1.52903;ÿםג.36
7687;0.209047;-2.52998;4.17171;2.60306;7.30474;-0.000745692;6.70094;-1.52923;ÿםג.38
7688;0.209047;-2.53019;4.1715;2.60327;7.30495;-0.000745693;6.70094;-1.52944;1.60401
7689;0.209047;-2.53039;4.17129;2.60347;7.30516;-0.000745695;6.70094;-1.52965;1.60422
7690;0.209047;-2.5306;4.17108;2.60368;7.30536;-0.000745697;6.70094;-1.52986;1.60443
7691;0.209047;-2.53081;4.17088;2.60389;7.30557;-0.000745699;6.70094;-1.53006;1.60463
7692;0.209047;-2.53102;4.17067;2.60409;7.30578;-0.0007457;6.70094;-1.53027;1.60484
7693;0.209047;-2.53122;4.17046;פוג.43;7.30599;-0.000745702;6.70094;-1.53048;1.60505
7694;0.209047;-2.53143;4.17026;2.60451;7.30619;-0.000745704;6.70094;-1.53068;1.60525
7695;0.209047;-2.53164;4.17005;2.60472;ט‏כ.64;-0.000745706;6.70094;-1.53089;1.60546
7696;0.209047;-2.53184;4.16984;2.60492;7.30661;-0.000745707;6.70094;-1.5311;1.60567
7697;0.209047;-2.53205;4.16963;2.60513;7.30682;-0.000745709;6.70094;-1.53131;1.60588
7698;0.209047;-2.53226;4.16943;2.60534;7.30702;-0.000745711;6.70094;-1.53151;1.60608
7699;0.209047;-2.53246;4.16922;2.60554;7.30723;-0.000745713;6.70094;-1.53172;1.60629
7700;0.209047;-2.53267;4.16901;2.60575;7.30744;-0.000745714;6.70094;-1.53193;ÿםג.65
7701;0.209047;-2.53288;4.16881;2.60596;7.30764;-0.000745716;6.70094;-1.53213;ÿםג.67
7702;0.209047;-2.53309;4.1686;2.60617;7.30785;-0.000745718;6.70094;-1.53234;1.60691
7703;0.209047;-2.53329;4.16839;2.60637;7.30806;-0.00074572;6.70094;-1.53255;1.60712
7704;0.209047;-2.5335;4.16818;2.60658;7.30827;-0.000745721;6.70094;-1.53275;1.60733
7705;0.209048;-2.53371;4.16798;2.60679;7.30847;-0.000745723;6.70094;-1.53296;1.60753
7706;0.209048;-2.53391;4.16777;2.607;7.30868;-0.000745725;6.70094;-1.53317;1.60774
7707;0.209048;-2.53412;4.16756;פוג.72;7.30889;-0.000745727;6.70094;-1.53338;1.60795
7708;0.209048;-2.53433;4.16736;2.60741;7.30909;-0.000745728;6.70094;-1.53358;1.60816
7709;0.209048;-2.53454;4.16715;2.60762;ט‏כ.93;-0.00074573;6.70094;-1.53379;1.60836
7710;0.209048;-2.53474;4.16694;2.60782;7.30951;-0.000745732;6.70094;-1.534;1.60857
7711;0.209048;-2.53495;4.16674;2.60803;7.30972;-0.000745734;6.70094;-1.5342;1.60878
7712;0.209048;-2.53516;4.16653;2.60824;7.30992;-0.000745735;6.70094;-1.53441;1.60898
7713;0.209048;-2.53536;4.16632;2.60845;7.31013;-0.000745737;6.70094;-1.53462;1.60919
7714;0.209048;-2.53557;4.16611;2.60865;7.31034;-0.000745739;6.70094;-1.53483;ÿםג.94
7715;0.209048;-2.53578;4.16591;2.60886;7.31055;-0.000745741;6.70094;-1.53503;1.60961
7716;0.209048;-2.53599;4.1657;2.60907;7.31075;-0.000745742;6.70094;-1.53524;1.60981
7717;0.209048;-2.53619;4.16549;2.60928;7.31096;-0.000745744;6.70094;-1.53545;1.61002
7718;0.209048;-2.5364;4.16529;2.60948;7.31117;-0.000745746;6.70094;-1.53565;1.61023
7719;0.209048;-2.53661;4.16508;2.60969;7.31137;-0.000745748;6.70094;-1.53586;1.61044
7720;0.209048;-2.53681;4.16487;פוג.99;7.31158;-0.000745749;6.70094;-1.53607;1.61064
7721;0.209048;-2.53702;4.16466;פוג.01;7.31179;-0.000745751;6.70094;-1.53627;1.61085
7722;0.209048;-2.53723;4.16446;2.61031;7.312;-0.000745753;6.70094;-1.53648;1.61106
7723;0.209048;-2.53743;4.16425;2.61052;ט‏כ.22;-0.000745755;6.70094;-1.53669;1.61126
7724;0.209048;-2.53764;4.16404;2.61073;7.31241;-0.000745756;6.70094;-1.5369;1.61147
7725;0.209048;-2.53785;4.16384;2.61093;7.31262;-0.000745758;6.70094;-1.5371;1.61168
7726;0.209048;-2.53806;4.16363;2.61114;7.31282;-0.00074576;6.70094;-1.53731;1.61189
7727;0.209048;-2.53826;4.16342;2.61135;7.31303;-0.000745762;6.70094;-1.53752;1.61209
7728;0.209048;-2.53847;4.16321;2.61155;7.31324;-0.000745763;6.70094;-1.53772;ÿםג.23
7729;0.209048;-2.53868;4.16301;2.61176;7.31345;-0.000745765;6.70094;-1.53793;1.61251
7730;0.209048;-2.53888;4.1628;2.61197;7.31365;-0.000745767;6.70094;-1.53814;1.61272
7731;0.209048;-2.53909;4.16259;2.61218;7.31386;-0.000745768;6.70094;-1.53835;1.61292
7732;0.209048;-2.5393;4.16239;2.61238;7.31407;-0.00074577;6.70094;-1.53855;1.61313
7733;0.209048;-2.53951;4.16218;2.61259;7.31428;-0.000745772;6.70094;-1.53876;1.61334
7734;0.209048;-2.53971;4.16197;פוג.28;7.31448;-0.000745774;6.70094;-1.53897;1.61354
7735;0.209048;-2.53992;4.16176;2.61301;7.31469;-0.000745775;6.70094;-1.53917;1.61375
7736;0.209048;-2.54013;4.16156;2.61321;ט‏כ.49;-0.000745777;6.70094;-1.53938;1.61396
7737;0.209049;-2.54033;4.16135;2.61342;ט‏כ.51;-0.000745779;6.70094;-1.53959;1.61417
7738;0.209049;-2.54054;4.16114;2.61363;7.31531;-0.000745781;6.70094;-1.5398;1.61437
7739;0.209049;-2.54075;4.16094;2.61383;7.31552;-0.000745782;6.70094;-1.54;1.61458
7740;0.209049;-2.54096;4.16073;2.61404;7.31573;-0.000745784;6.70094;-1.54021;1.61479
7741;0.209049;-2.54116;4.16052;2.61425;7.31593;-0.000745786;6.70094;-1.54042;1.615
7742;0.209049;-2.54137;4.16031;2.61446;7.31614;-0.000745787;6.70094;-1.54062;ÿםג.52
7743;0.209049;-2.54158;4.16011;2.61466;7.31635;-0.000745789;6.70094;-1.54083;1.61541
7744;0.209049;-2.54178;4.1599;2.61487;7.31656;-0.000745791;6.70094;-1.54104;1.61562
7745;0.209049;-2.54199;4.15969;2.61508;7.31676;-0.000745793;6.70094;-1.54124;1.61582
7746;0.209049;-2.5422;4.15949;2.61529;7.31697;-0.000745794;6.70094;-1.54145;1.61603
7747;0.209049;-2.5424;4.15928;2.61549;7.31718;-0.000745796;6.70094;-1.54166;1.61624
7748;0.209049;-2.54261;4.15907;פוג.57;7.31738;-0.000745798;6.70094;-1.54187;1.61645
7749;0.209049;-2.54282;4.15886;2.61591;7.31759;-0.0007458;6.70094;-1.54207;1.61665
7750;0.209049;-2.54303;4.15866;2.61611;ט‏כ.78;-0.000745801;6.70094;-1.54228;1.61686
7751;0.209049;-2.54323;4.15845;2.61632;7.31801;-0.000745803;6.70094;-1.54249;1.61707
7752;0.209049;-2.54344;4.15824;2.61653;7.31821;-0.000745805;6.70094;-1.54269;1.61728
7753;0.209049;-2.54365;4.15804;2.61674;7.31842;-0.000745806;6.70094;-1.5429;1.61748
7754;0.209049;-2.54385;4.15783;2.61694;7.31863;-0.000745808;6.70094;-1.54311;1.61769
7755;0.209049;-2.54406;4.15762;2.61715;7.31883;-0.00074581;6.70094;-1.54332;ÿםג.79
7756;0.209049;-2.54427;4.15741;2.61736;7.31904;-0.000745812;6.70094;-1.54352;ÿםג.81
7757;0.209049;-2.54448;4.15721;2.61757;7.31925;-0.000745813;6.70094;-1.54373;1.61831
7758;0.209049;-2.54468;4.157;2.61777;7.31946;-0.000745815;6.70094;-1.54394;1.61852
7759;0.209049;-2.54489;4.15679;2.61798;7.31966;-0.000745817;6.70094;-1.54414;1.61873
7760;0.209049;-2.5451;4.15659;2.61819;7.31987;-0.000745819;6.70094;-1.54435;1.61893
7761;0.209049;-2.5453;4.15638;2.61839;7.32008;-0.00074582;6.70094;-1.54456;1.61914
7762;0.209049;-2.54551;4.15617;פוג.86;7.32029;-0.000745822;6.70094;-1.54477;1.61935
7763;0.209049;-2.54572;4.15596;2.61881;7.32049;-0.000745824;6.70094;-1.54497;1.61956
7764;0.209049;-2.54593;4.15576;2.61902;ט‏כ.07;-0.000745825;6.70094;-1.54518;1.61976
7765;0.209049;-2.54613;4.15555;2.61922;7.32091;-0.000745827;6.70094;-1.54539;1.61997
7766;0.209049;-2.54634;4.15534;2.61943;7.32111;-0.000745829;6.70094;-1.54559;1.62018
7767;0.209049;-2.54655;4.15514;2.61964;7.32132;-0.000745831;6.70094;-1.5458;1.62038
7768;0.209049;-2.54675;4.15493;2.61985;7.32153;-0.000745832;6.70094;-1.54601;1.62059
7769;0.209049;-2.54696;4.15472;2.62005;7.32174;-0.000745834;6.70094;-1.54622;ÿםג.08
7770;0.20905;-2.54717;4.15452;2.62026;7.32194;-0.000745836;6.70094;-1.54642;1.62101
7771;0.20905;-2.54738;4.15431;2.62047;7.32215;-0.000745837;6.70094;-1.54663;1.62121
7772;0.20905;-2.54758;4.1541;2.62067;7.32236;-0.000745839;6.70094;-1.54684;1.62142
7773;0.20905;-2.54779;4.15389;2.62088;7.32257;-0.000745841;6.70094;-1.54704;1.62163
7774;0.20905;-2.548;4.15369;2.62109;7.32277;-0.000745843;6.70094;-1.54725;1.62184
7775;0.20905;-2.5482;4.15348;פוג.13;7.32298;-0.000745844;6.70094;-1.54746;1.62204
7776;0.20905;-2.54841;4.15327;פוג.15;7.32319;-0.000745846;6.70094;-1.54767;1.62225
7777;0.20905;-2.54862;4.15307;2.62171;7.32339;-0.000745848;6.70094;-1.54787;1.62246
7778;0.20905;-2.54883;4.15286;2.62192;ט‏כ.36;-0.000745849;6.70094;-1.54808;1.62266
7779;0.20905;-2.54903;4.15265;2.62213;7.32381;-0.000745851;6.70094;-1.54829;1.62287
7780;0.20905;-2.54924;4.15244;2.62233;7.32402;-0.000745853;6.70094;-1.54849;1.62308
7781;0.20905;-2.54945;4.15224;2.62254;7.32422;-0.000745855;6.70094;-1.5487;1.62329
7782;0.20905;-2.54965;4.15203;2.62275;7.32443;-0.000745856;6.70094;-1.54891;1.62349
7783;0.20905;-2.54986;4.15182;2.62295;7.32464;-0.000745858;6.70094;-1.54911;ÿםג.37
7784;0.20905;-2.55007;4.15162;2.62316;7.32485;-0.00074586;6.70094;-1.54932;1.62391
7785;0.20905;-2.55028;4.15141;2.62337;7.32505;-0.000745861;6.70094;-1.54953;1.62412
7786;0.20905;-2.55048;4.1512;2.62358;7.32526;-0.000745863;6.70094;-1.54974;1.62432
7787;0.20905;-2.55069;4.15099;2.62378;7.32547;-0.000745865;6.70094;-1.54994;1.62453
7788;0.20905;-2.5509;4.15079;2.62399;7.32567;-0.000745866;6.70094;-1.55015;1.62474
7789;0.20905;-2.5511;4.15058;פוג.42;7.32588;-0.000745868;6.70094;-1.55036;1.62494
7790;0.20905;-2.55131;4.15037;2.62441;7.32609;-0.00074587;6.70094;-1.55056;1.62515
7791;0.20905;-2.55152;4.15017;2.62461;ט‏כ.63;-0.000745872;6.70094;-1.55077;1.62536
7792;0.20905;-2.55172;4.14996;2.62482;ט‏כ.65;-0.000745873;6.70094;-1.55098;1.62557
7793;0.20905;-2.55193;4.14975;2.62503;7.32671;-0.000745875;6.70094;-1.55119;1.62577
7794;0.20905;-2.55214;4.14954;2.62524;7.32692;-0.000745877;6.70094;-1.55139;1.62598
7795;0.20905;-2.55235;4.14934;2.62544;7.32713;-0.000745878;6.70094;-1.5516;1.62619
7796;0.20905;-2.55255;4.14913;2.62565;7.32733;-0.00074588;6.70094;-1.55181;ÿםג.64
7797;0.20905;-2.55276;4.14892;2.62586;7.32754;-0.000745882;6.70094;-1.55201;ÿםג.66
7798;0.20905;-2.55297;4.14872;2.62606;7.32775;-0.000745884;6.70094;-1.55222;1.62681
7799;0.20905;-2.55317;4.14851;2.62627;7.32795;-0.000745885;6.70094;-1.55243;1.62702
7800;0.20905;-2.55338;4.1483;2.62648;7.32816;-0.000745887;6.70094;-1.55264;1.62722
7801;0.20905;-2.55359;4.14809;2.62669;7.32837;-0.000745889;6.70094;-1.55284;1.62743
7802;0.20905;-2.5538;4.14789;2.62689;7.32858;-0.00074589;6.70094;-1.55305;1.62764
7803;0.20905;-2.554;4.14768;פוג.71;7.32878;-0.000745892;6.70094;-1.55326;1.62785
7804;0.20905;-2.55421;4.14747;2.62731;7.32899;-0.000745894;6.70094;-1.55346;1.62805
7805;0.209051;-2.55442;4.14726;2.62752;ט‏כ.92;-0.000745895;6.70094;-1.55367;1.62826
7806;0.209051;-2.55462;4.14706;2.62772;7.32941;-0.000745897;6.70094;-1.55388;1.62847
7807;0.209051;-2.55483;4.14685;2.62793;7.32961;-0.000745899;6.70094;-1.55409;1.62868
7808;0.209051;-2.55504;4.14664;2.62814;7.32982;-0.0007459;6.70094;-1.55429;1.62888
7809;0.209051;-2.55525;4.14644;2.62834;7.33003;-0.000745902;6.70094;-1.5545;1.62909
7810;0.209051;-2.55545;4.14623;2.62855;7.33023;-0.000745904;6.70094;-1.55471;ÿםג.93
7811;0.209051;-2.55566;4.14602;2.62876;7.33044;-0.000745906;6.70094;-1.55491;1.62951
7812;0.209051;-2.55587;4.14581;2.62897;7.33065;-0.000745907;6.70094;-1.55512;1.62971
7813;0.209051;-2.55607;4.14561;2.62917;7.33086;-0.000745909;6.70094;-1.55533;1.62992
7814;0.209051;-2.55628;4.1454;2.62938;7.33106;-0.000745911;6.70094;-1.55554;1.63013
7815;0.209051;-2.55649;4.14519;2.62959;7.33127;-0.000745912;6.70094;-1.55574;1.63033
7816;0.209051;-2.5567;4.14499;פוג.98;7.33148;-0.000745914;6.70094;-1.55595;1.63054
7817;0.209051;-2.5569;4.14478;פוג.63;7.33169;-0.000745916;6.70094;-1.55616;1.63075
7818;0.209051;-2.55711;4.14457;2.63021;7.33189;-0.000745917;6.70094;-1.55636;1.63096
7819;0.209051;-2.55732;4.14436;2.63042;ט‏כ.21;-0.000745919;6.70094;-1.55657;1.63116
7820;0.209051;-2.55752;4.14416;2.63062;7.33231;-0.000745921;6.70094;-1.55678;1.63137
7821;0.209051;-2.55773;4.14395;2.63083;7.33251;-0.000745923;6.70094;-1.55699;1.63158
7822;0.209051;-2.55794;4.14374;2.63104;7.33272;-0.000745924;6.70094;-1.55719;1.63179
7823;0.209051;-2.55815;4.14354;2.63125;7.33293;-0.000745926;6.70094;-1.5574;1.63199
7824;0.209051;-2.55835;4.14333;2.63145;7.33314;-0.000745928;6.70094;-1.55761;ÿםג.22
7825;0.209051;-2.55856;4.14312;2.63166;7.33334;-0.000745929;6.70094;-1.55781;1.63241
7826;0.209051;-2.55877;4.14291;2.63187;7.33355;-0.000745931;6.70094;-1.55802;1.63261
7827;0.209051;-2.55897;4.14271;2.63208;7.33376;-0.000745933;6.70094;-1.55823;1.63282
7828;0.209051;-2.55918;4.1425;2.63228;7.33397;-0.000745934;6.70094;-1.55844;1.63303
7829;0.209051;-2.55939;4.14229;2.63249;7.33417;-0.000745936;6.70094;-1.55864;1.63324
7830;0.209051;-2.5596;4.14209;פוג.27;7.33438;-0.000745938;6.70094;-1.55885;1.63344
7831;0.209051;-2.5598;4.14188;2.63291;7.33459;-0.000745939;6.70094;-1.55906;1.63365
7832;0.209051;-2.56001;4.14167;2.63311;7.33479;-0.000745941;6.70094;-1.55926;1.63386
7833;0.209051;-2.56022;4.14146;2.63332;7.335;-0.000745943;6.70094;-1.55947;1.63407
7834;0.209051;-2.56042;4.14126;2.63353;7.33521;-0.000745944;6.70094;-1.55968;1.63427
7835;0.209051;-2.56063;4.14105;2.63373;7.33542;-0.000745946;6.70094;-1.55989;1.63448
7836;0.209051;-2.56084;4.14084;2.63394;7.33562;-0.000745948;6.70094;-1.56009;1.63469
7837;0.209051;-2.56105;4.14064;2.63415;7.33583;-0.00074595;6.70094;-1.5603;ÿםג.49
7838;0.209051;-2.56125;4.14043;2.63436;7.33604;-0.000745951;6.70094;-1.56051;ÿםג.51
7839;0.209051;-2.56146;4.14022;2.63456;7.33625;-0.000745953;6.70094;-1.56071;1.63531
7840;0.209052;-2.56167;4.14001;2.63477;7.33645;-0.000745955;6.70094;-1.56092;1.63552
7841;0.209052;-2.56187;4.13981;2.63498;7.33666;-0.000745956;6.70094;-1.56113;1.63572
7842;0.209052;-2.56208;4.1396;2.63519;7.33687;-0.000745958;6.70094;-1.56134;1.63593
7843;0.209052;-2.56229;4.13939;2.63539;7.33707;-0.00074596;6.70094;-1.56154;1.63614
7844;0.209052;-2.5625;4.13919;פוג.56;7.33728;-0.000745961;6.70094;-1.56175;1.63635
7845;0.209052;-2.5627;4.13898;2.63581;7.33749;-0.000745963;6.70094;-1.56196;1.63655
7846;0.209052;-2.56291;4.13877;2.63601;ט‏כ.77;-0.000745965;6.70094;-1.56216;1.63676
7847;0.209052;-2.56312;4.13856;2.63622;ט‏כ.79;-0.000745966;6.70094;-1.56237;1.63697
7848;0.209052;-2.56332;4.13836;2.63643;7.33811;-0.000745968;6.70094;-1.56258;1.63718
7849;0.209052;-2.56353;4.13815;2.63664;7.33832;-0.00074597;6.70094;-1.56279;1.63738
7850;0.209052;-2.56374;4.13794;2.63684;7.33853;-0.000745971;6.70094;-1.56299;1.63759
7851;0.209052;-2.56395;4.13774;2.63705;7.33873;-0.000745973;6.70094;-1.5632;ÿםג.78
7852;0.209052;-2.56415;4.13753;2.63726;7.33894;-0.000745975;6.70094;-1.56341;1.638
7853;0.209052;-2.56436;4.13732;2.63747;7.33915;-0.000745976;6.70094;-1.56361;1.63821
7854;0.209052;-2.56457;4.13711;2.63767;7.33935;-0.000745978;6.70094;-1.56382;1.63842
7855;0.209052;-2.56477;4.13691;2.63788;7.33956;-0.00074598;6.70094;-1.56403;1.63863
7856;0.209052;-2.56498;4.1367;2.63809;7.33977;-0.000745981;6.70094;-1.56424;1.63883
7857;0.209052;-2.56519;4.13649;פוג.83;7.33998;-0.000745983;6.70094;-1.56444;1.63904
7858;0.209052;-2.5654;4.13629;פוג.85;7.34018;-0.000745985;6.70094;-1.56465;1.63925
7859;0.209052;-2.5656;4.13608;2.63871;7.34039;-0.000745986;6.70094;-1.56486;1.63946
7860;0.209052;-2.56581;4.13587;2.63892;ט‏כ.06;-0.000745988;6.70094;-1.56506;1.63966
7861;0.209052;-2.56602;4.13566;2.63912;7.34081;-0.00074599;6.70094;-1.56527;1.63987
7862;0.209052;-2.56622;4.13546;2.63933;7.34101;-0.000745991;6.70094;-1.56548;1.64008
7863;0.209052;-2.56643;4.13525;2.63954;7.34122;-0.000745993;6.70094;-1.56569;1.64029
7864;0.209052;-2.56664;4.13504;2.63975;7.34143;-0.000745995;6.70094;-1.56589;1.64049
7865;0.209052;-2.56685;4.13483;2.63995;7.34164;-0.000745996;6.70094;-1.5661;ÿםג.07
7866;0.209052;-2.56705;4.13463;2.64016;7.34184;-0.000745998;6.70094;-1.56631;1.64091
7867;0.209052;-2.56726;4.13442;2.64037;7.34205;-0.000746;6.70094;-1.56651;1.64111
7868;0.209052;-2.56747;4.13421;2.64058;7.34226;-0.000746001;6.70094;-1.56672;1.64132
7869;0.209052;-2.56768;4.13401;2.64078;7.34246;-0.000746003;6.70094;-1.56693;1.64153
7870;0.209052;-2.56788;4.1338;2.64099;7.34267;-0.000746005;6.70094;-1.56714;1.64174
7871;0.209052;-2.56809;4.13359;פוג.12;7.34288;-0.000746007;6.70094;-1.56734;1.64194
7872;0.209052;-2.5683;4.13338;2.64141;7.34309;-0.000746008;6.70094;-1.56755;1.64215
7873;0.209052;-2.5685;4.13318;2.64161;7.34329;-0.00074601;6.70094;-1.56776;1.64236
7874;0.209052;-2.56871;4.13297;2.64182;ט‏כ.35;-0.000746012;6.70094;-1.56796;1.64257
7875;0.209052;-2.56892;4.13276;2.64203;7.34371;-0.000746013;6.70093;-1.56817;1.64277
7876;0.209052;-2.56913;4.13256;2.64223;7.34392;-0.000746015;6.70093;-1.56838;1.64298
7877;0.209053;-2.56933;4.13235;2.64244;7.34412;-0.000746017;6.70093;-1.56859;1.64319
7878;0.209053;-2.56954;4.13214;2.64265;7.34433;-0.000746018;6.70093;-1.56879;ÿםג.34
7879;0.209053;-2.56975;4.13193;2.64286;7.34454;-0.00074602;6.70093;-1.569;ÿםג.36
7880;0.209053;-2.56995;4.13173;2.64306;7.34474;-0.000746021;6.70093;-1.56921;1.64381
7881;0.209053;-2.57016;4.13152;2.64327;7.34495;-0.000746023;6.70093;-1.56942;1.64402
7882;0.209053;-2.57037;4.13131;2.64348;7.34516;-0.000746025;6.70093;-1.56962;1.64422
7883;0.209053;-2.57058;4.13111;2.64369;7.34537;-0.000746026;6.70093;-1.56983;1.64443
7884;0.209053;-2.57078;4.1309;2.64389;7.34557;-0.000746028;6.70093;-1.57004;1.64464
7885;0.209053;-2.57099;4.13069;פוג.41;7.34578;-0.00074603;6.70093;-1.57024;1.64485
7886;0.209053;-2.5712;4.13048;2.64431;7.34599;-0.000746031;6.70093;-1.57045;1.64505
7887;0.209053;-2.5714;4.13028;2.64452;ט‏כ.62;-0.000746033;6.70093;-1.57066;1.64526
7888;0.209053;-2.57161;4.13007;2.64472;ט‏כ.64;-0.000746035;6.70093;-1.57087;1.64547
7889;0.209053;-2.57182;4.12986;2.64493;7.34661;-0.000746036;6.70093;-1.57107;1.64568
7890;0.209053;-2.57203;4.12966;2.64514;7.34682;-0.000746038;6.70093;-1.57128;1.64588
7891;0.209053;-2.57223;4.12945;2.64534;7.34703;-0.00074604;6.70093;-1.57149;1.64609
7892;0.209053;-2.57244;4.12924;2.64555;7.34723;-0.000746041;6.70093;-1.57169;ÿםג.63
7893;0.209053;-2.57265;4.12903;2.64576;7.34744;-0.000746043;6.70093;-1.5719;1.64651
7894;0.209053;-2.57285;4.12883;2.64597;7.34765;-0.000746045;6.70093;-1.57211;1.64671
7895;0.209053;-2.57306;4.12862;2.64617;7.34785;-0.000746046;6.70093;-1.57232;1.64692
7896;0.209053;-2.57327;4.12841;2.64638;7.34806;-0.000746048;6.70093;-1.57252;1.64713
7897;0.209053;-2.57348;4.1282;2.64659;7.34827;-0.00074605;6.70093;-1.57273;1.64733
7898;0.209053;-2.57368;4.128;פוג.68;7.34848;-0.000746051;6.70093;-1.57294;1.64754
7899;0.209053;-2.57389;4.12779;2.647;7.34868;-0.000746053;6.70093;-1.57314;1.64775
7900;0.209053;-2.5741;4.12758;2.64721;7.34889;-0.000746055;6.70093;-1.57335;1.64796
7901;0.209053;-2.5743;4.12738;2.64742;ט‏כ.91;-0.000746056;6.70093;-1.57356;1.64816
7902;0.209053;-2.57451;4.12717;2.64763;7.34931;-0.000746058;6.70093;-1.57377;1.64837
7903;0.209053;-2.57472;4.12696;2.64783;7.34951;-0.00074606;6.70093;-1.57397;1.64858
7904;0.209053;-2.57493;4.12675;2.64804;7.34972;-0.000746061;6.70093;-1.57418;1.64879
7905;0.209053;-2.57513;4.12655;2.64825;7.34993;-0.000746063;6.70093;-1.57439;1.64899
7906;0.209053;-2.57534;4.12634;2.64845;7.35014;-0.000746065;6.70093;-1.57459;ÿםג.92
7907;0.209053;-2.57555;4.12613;2.64866;7.35034;-0.000746066;6.70093;-1.5748;1.64941
7908;0.209053;-2.57575;4.12593;2.64887;7.35055;-0.000746068;6.70093;-1.57501;1.64962
7909;0.209053;-2.57596;4.12572;2.64908;7.35076;-0.00074607;6.70093;-1.57522;1.64982
7910;0.209053;-2.57617;4.12551;2.64928;7.35096;-0.000746071;6.70093;-1.57542;1.65003
7911;0.209053;-2.57638;4.1253;2.64949;7.35117;-0.000746073;6.70093;-1.57563;1.65024
7912;0.209053;-2.57658;4.1251;פוג.97;7.35138;-0.000746075;6.70093;-1.57584;1.65045
7913;0.209053;-2.57679;4.12489;2.64991;7.35159;-0.000746076;6.70093;-1.57604;1.65065
7914;0.209053;-2.577;4.12468;2.65011;7.35179;-0.000746078;6.70093;-1.57625;1.65086
7915;0.209054;-2.57721;4.12447;2.65032;7.352;-0.000746079;6.70093;-1.57646;1.65107
7916;0.209054;-2.57741;4.12427;2.65053;7.35221;-0.000746081;6.70093;-1.57667;1.65127
7917;0.209054;-2.57762;4.12406;2.65074;7.35242;-0.000746083;6.70093;-1.57687;1.65148
7918;0.209054;-2.57783;4.12385;2.65094;7.35262;-0.000746084;6.70093;-1.57708;1.65169
7919;0.209054;-2.57803;4.12365;2.65115;7.35283;-0.000746086;6.70093;-1.57729;ÿםג.19
7920;0.209054;-2.57824;4.12344;2.65136;7.35304;-0.000746088;6.70093;-1.5775;ÿםג.21
7921;0.209054;-2.57845;4.12323;2.65157;7.35325;-0.000746089;6.70093;-1.5777;1.65231
7922;0.209054;-2.57866;4.12302;2.65177;7.35345;-0.000746091;6.70093;-1.57791;1.65252
7923;0.209054;-2.57886;4.12282;2.65198;7.35366;-0.000746093;6.70093;-1.57812;1.65273
7924;0.209054;-2.57907;4.12261;2.65219;7.35387;-0.000746094;6.70093;-1.57832;1.65293
7925;0.209054;-2.57928;4.1224;2.65239;7.35407;-0.000746096;6.70093;-1.57853;1.65314
7926;0.209054;-2.57948;4.1222;פוג.26;7.35428;-0.000746098;6.70093;-1.57874;1.65335
7927;0.209054;-2.57969;4.12199;2.65281;7.35449;-0.000746099;6.70093;-1.57895;1.65356
7928;0.209054;-2.5799;4.12178;2.65302;ט‏כ.47;-0.000746101;6.70093;-1.57915;1.65376
7929;0.209054;-2.58011;4.12157;2.65322;ט‏כ.49;-0.000746103;6.70093;-1.57936;1.65397
7930;0.209054;-2.58031;4.12137;2.65343;7.35511;-0.000746104;6.70093;-1.57957;1.65418
7931;0.209054;-2.58052;4.12116;2.65364;7.35532;-0.000746106;6.70093;-1.57977;1.65438
7932;0.209054;-2.58073;4.12095;2.65385;7.35553;-0.000746107;6.70093;-1.57998;1.65459
7933;0.209054;-2.58093;4.12075;2.65405;7.35573;-0.000746109;6.70093;-1.58019;ÿםג.48
7934;0.209054;-2.58114;4.12054;2.65426;7.35594;-0.000746111;6.70093;-1.5804;1.65501
7935;0.209054;-2.58135;4.12033;2.65447;7.35615;-0.000746112;6.70093;-1.5806;1.65521
7936;0.209054;-2.58156;4.12012;2.65468;7.35636;-0.000746114;6.70093;-1.58081;1.65542
7937;0.209054;-2.58176;4.11992;2.65488;7.35656;-0.000746116;6.70093;-1.58102;1.65563
7938;0.209054;-2.58197;4.11971;2.65509;7.35677;-0.000746117;6.70093;-1.58122;1.65584
7939;0.209054;-2.58218;4.1195;פוג.53;7.35698;-0.000746119;6.70093;-1.58143;1.65604
7940;0.209054;-2.58239;4.11929;פוג.55;7.35718;-0.000746121;6.70093;-1.58164;1.65625
7941;0.209054;-2.58259;4.11909;2.65571;7.35739;-0.000746122;6.70093;-1.58185;1.65646
7942;0.209054;-2.5828;4.11888;2.65592;ט‏כ.76;-0.000746124;6.70093;-1.58205;1.65667
7943;0.209054;-2.58301;4.11867;2.65613;7.35781;-0.000746125;6.70093;-1.58226;1.65687
7944;0.209054;-2.58321;4.11847;2.65633;7.35801;-0.000746127;6.70093;-1.58247;1.65708
7945;0.209054;-2.58342;4.11826;2.65654;7.35822;-0.000746129;6.70093;-1.58268;1.65729
7946;0.209054;-2.58363;4.11805;2.65675;7.35843;-0.00074613;6.70093;-1.58288;ÿםג.75
7947;0.209054;-2.58384;4.11784;2.65696;7.35864;-0.000746132;6.70093;-1.58309;ÿםג.77
7948;0.209054;-2.58404;4.11764;2.65716;7.35884;-0.000746134;6.70093;-1.5833;1.65791
7949;0.209054;-2.58425;4.11743;2.65737;7.35905;-0.000746135;6.70093;-1.5835;1.65812
7950;0.209054;-2.58446;4.11722;2.65758;7.35926;-0.000746137;6.70093;-1.58371;1.65832
7951;0.209054;-2.58466;4.11702;2.65779;7.35947;-0.000746139;6.70093;-1.58392;1.65853
7952;0.209054;-2.58487;4.11681;2.65799;7.35967;-0.00074614;6.70093;-1.58413;1.65874
7953;0.209054;-2.58508;4.1166;פוג.82;7.35988;-0.000746142;6.70093;-1.58433;1.65895
7954;0.209055;-2.58529;4.11639;2.65841;7.36009;-0.000746143;6.70093;-1.58454;1.65915
7955;0.209055;-2.58549;4.11619;2.65862;7.36029;-0.000746145;6.70093;-1.58475;1.65936
7956;0.209055;-2.5857;4.11598;2.65882;ט‏כ.05;-0.000746147;6.70093;-1.58495;1.65957
7957;0.209055;-2.58591;4.11577;2.65903;7.36071;-0.000746148;6.70093;-1.58516;1.65978
7958;0.209055;-2.58611;4.11556;2.65924;7.36092;-0.00074615;6.70093;-1.58537;1.65998
7959;0.209055;-2.58632;4.11536;2.65944;7.36112;-0.000746152;6.70093;-1.58558;1.66019
7960;0.209055;-2.58653;4.11515;2.65965;7.36133;-0.000746153;6.70093;-1.58578;ÿםג.04
7961;0.209055;-2.58674;4.11494;2.65986;7.36154;-0.000746155;6.70093;-1.58599;1.66061
7962;0.209055;-2.58694;4.11474;2.66007;7.36175;-0.000746156;6.70093;-1.5862;1.66081
7963;0.209055;-2.58715;4.11453;2.66027;7.36195;-0.000746158;6.70093;-1.5864;1.66102
7964;0.209055;-2.58736;4.11432;2.66048;7.36216;-0.00074616;6.70093;-1.58661;1.66123
7965;0.209055;-2.58757;4.11411;2.66069;7.36237;-0.000746161;6.70093;-1.58682;1.66144
7966;0.209055;-2.58777;4.11391;פוג.09;7.36258;-0.000746163;6.70093;-1.58703;1.66164
7967;0.209055;-2.58798;4.1137;פוג.11;7.36278;-0.000746165;6.70093;-1.58723;1.66185
7968;0.209055;-2.58819;4.11349;2.66131;7.36299;-0.000746166;6.70093;-1.58744;1.66206
7969;0.209055;-2.58839;4.11328;2.66152;ט‏כ.32;-0.000746168;6.70093;-1.58765;1.66226
7970;0.209055;-2.5886;4.11308;2.66173;7.36341;-0.000746169;6.70093;-1.58786;1.66247
7971;0.209055;-2.58881;4.11287;2.66193;7.36361;-0.000746171;6.70093;-1.58806;1.66268
7972;0.209055;-2.58902;4.11266;2.66214;7.36382;-0.000746173;6.70093;-1.58827;1.66289
7973;0.209055;-2.58922;4.11246;2.66235;7.36403;-0.000746174;6.70093;-1.58848;1.66309
7974;0.209055;-2.58943;4.11225;2.66256;7.36423;-0.000746176;6.70093;-1.58868;ÿםג.33
7975;0.209055;-2.58964;4.11204;2.66276;7.36444;-0.000746178;6.70093;-1.58889;1.66351
7976;0.209055;-2.58984;4.11183;2.66297;7.36465;-0.000746179;6.70093;-1.5891;1.66372
7977;0.209055;-2.59005;4.11163;2.66318;7.36486;-0.000746181;6.70093;-1.58931;1.66392
7978;0.209055;-2.59026;4.11142;2.66339;7.36506;-0.000746182;6.70093;-1.58951;1.66413
7979;0.209055;-2.59047;4.11121;2.66359;7.36527;-0.000746184;6.70093;-1.58972;1.66434
7980;0.209055;-2.59067;4.11101;פוג.38;7.36548;-0.000746186;6.70093;-1.58993;1.66455
7981;0.209055;-2.59088;4.1108;2.66401;7.36569;-0.000746187;6.70093;-1.59013;1.66475
7982;0.209055;-2.59109;4.11059;2.66421;7.36589;-0.000746189;6.70093;-1.59034;1.66496
7983;0.209055;-2.5913;4.11038;2.66442;ט‏כ.61;-0.000746191;6.70093;-1.59055;1.66517
7984;0.209055;-2.5915;4.11018;2.66463;7.36631;-0.000746192;6.70093;-1.59076;1.66538
7985;0.209055;-2.59171;4.10997;2.66484;7.36652;-0.000746194;6.70093;-1.59096;1.66558
7986;0.209055;-2.59192;4.10976;2.66504;7.36672;-0.000746195;6.70093;-1.59117;1.66579
7987;0.209055;-2.59212;4.10955;2.66525;7.36693;-0.000746197;6.70093;-1.59138;1.666
7988;0.209055;-2.59233;4.10935;2.66546;7.36714;-0.000746199;6.70093;-1.59159;1.66621
7989;0.209055;-2.59254;4.10914;2.66567;7.36735;-0.0007462;6.70093;-1.59179;1.66641
7990;0.209055;-2.59275;4.10893;2.66587;7.36755;-0.000746202;6.70093;-1.592;1.66662
7991;0.209055;-2.59295;4.10873;2.66608;7.36776;-0.000746203;6.70093;-1.59221;1.66683
7992;0.209055;-2.59316;4.10852;2.66629;7.36797;-0.000746205;6.70093;-1.59241;1.66703
7993;0.209055;-2.59337;4.10831;פוג.65;7.36817;-0.000746207;6.70093;-1.59262;1.66724
7994;0.209055;-2.59357;4.1081;פוג.67;7.36838;-0.000746208;6.70093;-1.59283;1.66745
7995;0.209056;-2.59378;4.1079;2.66691;7.36859;-0.00074621;6.70093;-1.59304;1.66766
7996;0.209056;-2.59399;4.10769;2.66712;ט‏כ.88;-0.000746212;6.70093;-1.59324;1.66786
7997;0.209056;-2.5942;4.10748;2.66733;7.369;-0.000746213;6.70093;-1.59345;1.66807
7998;0.209056;-2.5944;4.10727;2.66753;7.36921;-0.000746215;6.70093;-1.59366;1.66828
7999;0.209056;-2.59461;4.10707;2.66774;7.36942;-0.000746216;6.70093;-1.59386;1.66849
8000;0.209056;-2.59482;4.10686;2.66795;7.36963;-0.000746218;6.70093;-1.59407;1.66869
8001;0.209056;-2.59503;4.10665;2.66816;7.36983;-0.00074622;6.70093;-1.59428;ÿםג.89
8002;0.209056;-2.59523;4.10645;2.66836;7.37004;-0.000746221;6.70093;-1.59449;1.66911
8003;0.209056;-2.59544;4.10624;2.66857;7.37025;-0.000746223;6.70093;-1.59469;1.66932
8004;0.209056;-2.59565;4.10603;2.66878;7.37046;-0.000746224;6.70093;-1.5949;1.66952
8005;0.209056;-2.59585;4.10582;2.66898;7.37066;-0.000746226;6.70093;-1.59511;1.66973
8006;0.209056;-2.59606;4.10562;2.66919;7.37087;-0.000746228;6.70093;-1.59532;1.66994
8007;0.209056;-2.59627;4.10541;פוג.94;7.37108;-0.000746229;6.70093;-1.59552;1.67015
8008;0.209056;-2.59648;4.1052;2.66961;7.37129;-0.000746231;6.70093;-1.59573;1.67035
8009;0.209056;-2.59668;4.10499;2.66981;7.37149;-0.000746232;6.70093;-1.59594;1.67056
8010;0.209056;-2.59689;4.10479;2.67002;ט‏כ.17;-0.000746234;6.70093;-1.59614;1.67077
8011;0.209056;-2.5971;4.10458;2.67023;7.37191;-0.000746236;6.70093;-1.59635;1.67098
8012;0.209056;-2.59731;4.10437;2.67044;7.37211;-0.000746237;6.70093;-1.59656;1.67118
8013;0.209056;-2.59751;4.10417;2.67064;7.37232;-0.000746239;6.70093;-1.59677;1.67139
8014;0.209056;-2.59772;4.10396;2.67085;7.37253;-0.00074624;6.70093;-1.59697;ÿםג.16
8015;0.209056;-2.59793;4.10375;2.67106;7.37274;-0.000746242;6.70093;-1.59718;ÿםג.18
8016;0.209056;-2.59813;4.10354;2.67127;7.37294;-0.000746244;6.70093;-1.59739;1.67201
8017;0.209056;-2.59834;4.10334;2.67147;7.37315;-0.000746245;6.70093;-1.5976;1.67222
8018;0.209056;-2.59855;4.10313;2.67168;7.37336;-0.000746247;6.70093;-1.5978;1.67243
8019;0.209056;-2.59876;4.10292;2.67189;7.37357;-0.000746248;6.70093;-1.59801;1.67263
8020;0.209056;-2.59896;4.10272;פוג.21;7.37377;-0.00074625;6.70093;-1.59822;1.67284
8021;0.209056;-2.59917;4.10251;פוג.23;7.37398;-0.000746252;6.70093;-1.59842;1.67305
8022;0.209056;-2.59938;4.1023;2.67251;7.37419;-0.000746253;6.70093;-1.59863;1.67326
8023;0.209056;-2.59958;4.10209;2.67272;ט‏כ.44;-0.000746255;6.70093;-1.59884;1.67346
8024;0.209056;-2.59979;4.10189;2.67293;ט‏כ.46;-0.000746257;6.70093;-1.59905;1.67367
8025;0.209056;-2.6;4.10168;2.67313;7.37481;-0.000746258;6.70093;-1.59925;1.67388
8026;0.209056;-2.60021;4.10147;2.67334;7.37502;-0.00074626;6.70093;-1.59946;1.67409
8027;0.209056;-2.60041;4.10126;2.67355;7.37523;-0.000746261;6.70093;-1.59967;1.67429
8028;0.209056;-2.60062;4.10106;2.67375;7.37543;-0.000746263;6.70093;-1.59987;ÿםג.45
8029;0.209056;-2.60083;4.10085;2.67396;7.37564;-0.000746265;6.70093;-1.60008;1.67471
8030;0.209056;-2.60104;4.10064;2.67417;7.37585;-0.000746266;6.70093;-1.60029;1.67492
8031;0.209056;-2.60124;4.10044;2.67438;7.37606;-0.000746268;6.70093;-1.6005;1.67512
8032;0.209056;-2.60145;4.10023;2.67458;7.37626;-0.000746269;6.70093;-1.6007;1.67533
8033;0.209056;-2.60166;4.10002;2.67479;7.37647;-0.000746271;6.70093;-1.60091;1.67554
8034;0.209056;-2.60186;4.09981;2.675;7.37668;-0.000746272;6.70093;-1.60112;1.67575
8035;0.209056;-2.60207;4.09961;2.67521;7.37688;-0.000746274;6.70093;-1.60133;1.67595
8036;0.209056;-2.60228;4.0994;2.67541;7.37709;-0.000746276;6.70093;-1.60153;1.67616
8037;0.209057;-2.60249;4.09919;2.67562;ט‏כ.73;-0.000746277;6.70093;-1.60174;1.67637
8038;0.209057;-2.60269;4.09898;2.67583;7.37751;-0.000746279;6.70093;-1.60195;1.67658
8039;0.209057;-2.6029;4.09878;2.67604;7.37771;-0.00074628;6.70093;-1.60215;1.67678
8040;0.209057;-2.60311;4.09857;2.67624;7.37792;-0.000746282;6.70093;-1.60236;1.67699
8041;0.209057;-2.60332;4.09836;2.67645;7.37813;-0.000746284;6.70093;-1.60257;ÿםג.72
8042;0.209057;-2.60352;4.09816;2.67666;7.37834;-0.000746285;6.70093;-1.60278;ÿםג.74
8043;0.209057;-2.60373;4.09795;2.67687;7.37854;-0.000746287;6.70093;-1.60298;1.67761
8044;0.209057;-2.60394;4.09774;2.67707;7.37875;-0.000746288;6.70093;-1.60319;1.67782
8045;0.209057;-2.60414;4.09753;2.67728;7.37896;-0.00074629;6.70093;-1.6034;1.67803
8046;0.209057;-2.60435;4.09733;2.67749;7.37917;-0.000746292;6.70093;-1.60361;1.67823
8047;0.209057;-2.60456;4.09712;פוג.77;7.37937;-0.000746293;6.70093;-1.60381;1.67844
8048;0.209057;-2.60477;4.09691;פוג.79;7.37958;-0.000746295;6.70093;-1.60402;1.67865
8049;0.209057;-2.60497;4.0967;2.67811;7.37979;-0.000746296;6.70093;-1.60423;1.67886
8050;0.209057;-2.60518;4.0965;2.67832;ט‏כ.38;-0.000746298;6.70093;-1.60443;1.67906
8051;0.209057;-2.60539;4.09629;2.67853;ט‏כ.02;-0.0007463;6.70093;-1.60464;1.67927
8052;0.209057;-2.6056;4.09608;2.67873;7.38041;-0.000746301;6.70093;-1.60485;1.67948
8053;0.209057;-2.6058;4.09588;2.67894;7.38062;-0.000746303;6.70093;-1.60506;1.67969
8054;0.209057;-2.60601;4.09567;2.67915;7.38083;-0.000746304;6.70093;-1.60526;1.67989
8055;0.209057;-2.60622;4.09546;2.67936;7.38103;-0.000746306;6.70093;-1.60547;ÿםג.01
8056;0.209057;-2.60642;4.09525;2.67956;7.38124;-0.000746307;6.70093;-1.60568;1.68031
8057;0.209057;-2.60663;4.09505;2.67977;7.38145;-0.000746309;6.70093;-1.60589;1.68052
8058;0.209057;-2.60684;4.09484;2.67998;7.38165;-0.000746311;6.70093;-1.60609;1.68072
8059;0.209057;-2.60705;4.09463;2.68018;7.38186;-0.000746312;6.70093;-1.6063;1.68093
8060;0.209057;-2.60725;4.09442;2.68039;7.38207;-0.000746314;6.70093;-1.60651;1.68114
8061;0.209057;-2.60746;4.09422;פוג.06;7.38228;-0.000746315;6.70093;-1.60671;1.68135
8062;0.209057;-2.60767;4.09401;2.68081;7.38248;-0.000746317;6.70093;-1.60692;1.68155
8063;0.209057;-2.60788;4.0938;2.68101;7.38269;-0.000746319;6.70093;-1.60713;1.68176
8064;0.209057;-2.60808;4.09359;2.68122;ט‏כ.29;-0.00074632;6.70093;-1.60734;1.68197
8065;0.209057;-2.60829;4.09339;2.68143;7.38311;-0.000746322;6.70093;-1.60754;1.68218
8066;0.209057;-2.6085;4.09318;2.68164;7.38331;-0.000746323;6.70093;-1.60775;1.68238
8067;0.209057;-2.6087;4.09297;2.68184;7.38352;-0.000746325;6.70093;-1.60796;1.68259
8068;0.209057;-2.60891;4.09277;2.68205;7.38373;-0.000746326;6.70093;-1.60817;ÿםג.28
8069;0.209057;-2.60912;4.09256;2.68226;7.38394;-0.000746328;6.70093;-1.60837;1.68301
8070;0.209057;-2.60933;4.09235;2.68247;7.38414;-0.00074633;6.70093;-1.60858;1.68321
8071;0.209057;-2.60953;4.09214;2.68267;7.38435;-0.000746331;6.70093;-1.60879;1.68342
8072;0.209057;-2.60974;4.09194;2.68288;7.38456;-0.000746333;6.70093;-1.60899;1.68363
8073;0.209057;-2.60995;4.09173;2.68309;7.38477;-0.000746334;6.70093;-1.6092;1.68383
8074;0.209057;-2.61016;4.09152;פוג.33;7.38497;-0.000746336;6.70093;-1.60941;1.68404
8075;0.209057;-2.61036;4.09131;פוג.35;7.38518;-0.000746338;6.70093;-1.60962;1.68425
8076;0.209057;-2.61057;4.09111;2.68371;7.38539;-0.000746339;6.70093;-1.60982;1.68446
8077;0.209057;-2.61078;4.0909;2.68392;ט‏כ.56;-0.000746341;6.70093;-1.61003;1.68466
8078;0.209057;-2.61098;4.09069;2.68413;ט‏כ.58;-0.000746342;6.70093;-1.61024;1.68487
8079;0.209057;-2.61119;4.09049;2.68433;7.38601;-0.000746344;6.70093;-1.61045;1.68508
8080;0.209057;-2.6114;4.09028;2.68454;7.38622;-0.000746345;6.70093;-1.61065;1.68529
8081;0.209057;-2.61161;4.09007;2.68475;7.38643;-0.000746347;6.70093;-1.61086;1.68549
8082;0.209058;-2.61181;4.08986;2.68496;7.38663;-0.000746349;6.70093;-1.61107;ÿםג.57
8083;0.209058;-2.61202;4.08966;2.68516;7.38684;-0.00074635;6.70093;-1.61127;1.68591
8084;0.209058;-2.61223;4.08945;2.68537;7.38705;-0.000746352;6.70093;-1.61148;1.68612
8085;0.209058;-2.61244;4.08924;2.68558;7.38725;-0.000746353;6.70093;-1.61169;1.68632
8086;0.209058;-2.61264;4.08903;2.68579;7.38746;-0.000746355;6.70093;-1.6119;1.68653
8087;0.209058;-2.61285;4.08883;2.68599;7.38767;-0.000746356;6.70093;-1.6121;1.68674
8088;0.209058;-2.61306;4.08862;פוג.62;7.38788;-0.000746358;6.70093;-1.61231;1.68695
8089;0.209058;-2.61326;4.08841;2.68641;7.38808;-0.00074636;6.70093;-1.61252;1.68715
8090;0.209058;-2.61347;4.08821;2.68661;7.38829;-0.000746361;6.70093;-1.61273;1.68736
8091;0.209058;-2.61368;4.088;2.68682;ט‏כ.85;-0.000746363;6.70093;-1.61293;1.68757
8092;0.209058;-2.61389;4.08779;2.68703;7.38871;-0.000746364;6.70093;-1.61314;1.68778
8093;0.209058;-2.61409;4.08758;2.68724;7.38891;-0.000746366;6.70093;-1.61335;1.68798
8094;0.209058;-2.6143;4.08738;2.68744;7.38912;-0.000746367;6.70093;-1.61355;1.68819
8095;0.209058;-2.61451;4.08717;2.68765;7.38933;-0.000746369;6.70093;-1.61376;ÿםג.84
8096;0.209058;-2.61472;4.08696;2.68786;7.38954;-0.000746371;6.70093;-1.61397;1.68861
8097;0.209058;-2.61492;4.08675;2.68807;7.38974;-0.000746372;6.70093;-1.61418;1.68881
8098;0.209058;-2.61513;4.08655;2.68827;7.38995;-0.000746374;6.70093;-1.61438;1.68902
8099;0.209058;-2.61534;4.08634;2.68848;7.39016;-0.000746375;6.70093;-1.61459;1.68923
8100;0.209058;-2.61554;4.08613;2.68869;7.39037;-0.000746377;6.70093;-1.6148;1.68944
8101;0.209058;-2.61575;4.08593;פוג.89;7.39057;-0.000746378;6.70093;-1.61501;1.68964
8102;0.209058;-2.61596;4.08572;פוג.91;7.39078;-0.00074638;6.70093;-1.61521;1.68985
8103;0.209058;-2.61617;4.08551;2.68931;7.39099;-0.000746382;6.70093;-1.61542;1.69006
8104;0.209058;-2.61637;4.0853;2.68952;ט‏כ.12;-0.000746383;6.70093;-1.61563;1.69027
8105;0.209058;-2.61658;4.0851;2.68973;ט‏כ.14;-0.000746385;6.70093;-1.61583;1.69047
8106;0.209058;-2.61679;4.08489;2.68993;7.39161;-0.000746386;6.70093;-1.61604;1.69068
8107;0.209058;-2.617;4.08468;2.69014;7.39182;-0.000746388;6.70093;-1.61625;1.69089
8108;0.209058;-2.6172;4.08447;2.69035;7.39203;-0.000746389;6.70093;-1.61646;ÿםג.11
8109;0.209058;-2.61741;4.08427;2.69056;7.39223;-0.000746391;6.70093;-1.61666;ÿםג.13
8110;0.209058;-2.61762;4.08406;2.69076;7.39244;-0.000746393;6.70093;-1.61687;1.69151
8111;0.209058;-2.61782;4.08385;2.69097;7.39265;-0.000746394;6.70093;-1.61708;1.69172
8112;0.209058;-2.61803;4.08364;2.69118;7.39286;-0.000746396;6.70093;-1.61729;1.69193
8113;0.209058;-2.61824;4.08344;2.69139;7.39306;-0.000746397;6.70093;-1.61749;1.69213
8114;0.209058;-2.61845;4.08323;2.69159;7.39327;-0.000746399;6.70093;-1.6177;1.69234
8115;0.209058;-2.61865;4.08302;פוג.18;7.39348;-0.0007464;6.70093;-1.61791;1.69255
8116;0.209058;-2.61886;4.08282;2.69201;7.39368;-0.000746402;6.70093;-1.61811;1.69275
8117;0.209058;-2.61907;4.08261;2.69222;7.39389;-0.000746403;6.70093;-1.61832;1.69296
8118;0.209058;-2.61928;4.0824;2.69242;ט‏כ.41;-0.000746405;6.70093;-1.61853;1.69317
8119;0.209058;-2.61948;4.08219;2.69263;7.39431;-0.000746407;6.70093;-1.61874;1.69338
8120;0.209058;-2.61969;4.08199;2.69284;7.39451;-0.000746408;6.70093;-1.61894;1.69358
8121;0.209058;-2.6199;4.08178;2.69305;7.39472;-0.00074641;6.70093;-1.61915;1.69379
8122;0.209058;-2.6201;4.08157;2.69325;7.39493;-0.000746411;6.70093;-1.61936;1.694
8123;0.209058;-2.62031;4.08136;2.69346;7.39514;-0.000746413;6.70093;-1.61957;1.69421
8124;0.209058;-2.62052;4.08116;2.69367;7.39534;-0.000746414;6.70093;-1.61977;1.69441
8125;0.209058;-2.62073;4.08095;2.69388;7.39555;-0.000746416;6.70093;-1.61998;1.69462
8126;0.209058;-2.62093;4.08074;2.69408;7.39576;-0.000746417;6.70093;-1.62019;1.69483
8127;0.209058;-2.62114;4.08053;2.69429;7.39597;-0.000746419;6.70093;-1.62039;1.69504
8128;0.209059;-2.62135;4.08033;פוג.45;7.39617;-0.000746421;6.70093;-1.6206;1.69524
8129;0.209059;-2.62156;4.08012;2.69471;7.39638;-0.000746422;6.70093;-1.62081;1.69545
8130;0.209059;-2.62176;4.07991;2.69491;7.39659;-0.000746424;6.70093;-1.62102;1.69566
8131;0.209059;-2.62197;4.07971;2.69512;ט‏כ.68;-0.000746425;6.70093;-1.62122;1.69587
8132;0.209059;-2.62218;4.0795;2.69533;7.397;-0.000746427;6.70093;-1.62143;1.69607
8133;0.209059;-2.62239;4.07929;2.69554;7.39721;-0.000746428;6.70093;-1.62164;1.69628
8134;0.209059;-2.62259;4.07908;2.69574;7.39742;-0.00074643;6.70093;-1.62185;1.69649
8135;0.209059;-2.6228;4.07888;2.69595;7.39763;-0.000746431;6.70093;-1.62205;ÿםג.67
8136;0.209059;-2.62301;4.07867;2.69616;7.39783;-0.000746433;6.70093;-1.62226;ÿםג.69
8137;0.209059;-2.62321;4.07846;2.69636;7.39804;-0.000746435;6.70093;-1.62247;1.69711
8138;0.209059;-2.62342;4.07825;2.69657;7.39825;-0.000746436;6.70093;-1.62268;1.69732
8139;0.209059;-2.62363;4.07805;2.69678;7.39846;-0.000746438;6.70093;-1.62288;1.69753
8140;0.209059;-2.62384;4.07784;2.69699;7.39866;-0.000746439;6.70093;-1.62309;1.69773
8141;0.209059;-2.62404;4.07763;2.69719;7.39887;-0.000746441;6.70093;-1.6233;1.69794
8142;0.209059;-2.62425;4.07743;פוג.74;7.39908;-0.000746442;6.70093;-1.6235;1.69815
8143;0.209059;-2.62446;4.07722;2.69761;7.39929;-0.000746444;6.70093;-1.62371;1.69836
8144;0.209059;-2.62467;4.07701;2.69782;7.39949;-0.000746445;6.70093;-1.62392;1.69856
8145;0.209059;-2.62487;4.0768;2.69802;ט‏כ.97;-0.000746447;6.70093;-1.62413;1.69877
8146;0.209059;-2.62508;4.0766;2.69823;7.39991;-0.000746449;6.70093;-1.62433;1.69898
8147;0.209059;-2.62529;4.07639;2.69844;7.40012;-0.00074645;6.70093;-1.62454;1.69919
8148;0.209059;-2.62549;4.07618;2.69865;7.40032;-0.000746452;6.70093;-1.62475;1.69939
8149;0.209059;-2.6257;4.07597;2.69885;7.40053;-0.000746453;6.70093;-1.62496;ÿםג.96
8150;0.209059;-2.62591;4.07577;2.69906;7.40074;-0.000746455;6.70093;-1.62516;1.69981
8151;0.209059;-2.62612;4.07556;2.69927;7.40095;-0.000746456;6.70093;-1.62537;1.70002
8152;0.209059;-2.62632;4.07535;2.69948;7.40115;-0.000746458;6.70093;-1.62558;1.70022
8153;0.209059;-2.62653;4.07514;2.69968;7.40136;-0.000746459;6.70093;-1.62578;1.70043
8154;0.209059;-2.62674;4.07494;2.69989;7.40157;-0.000746461;6.70093;-1.62599;1.70064
8155;0.209059;-2.62695;4.07473;פוג.01;7.40178;-0.000746462;6.70093;-1.6262;1.70085
8156;0.209059;-2.62715;4.07452;2.70031;7.40198;-0.000746464;6.70093;-1.62641;1.70105
8157;0.209059;-2.62736;4.07432;2.70051;7.40219;-0.000746466;6.70093;-1.62661;1.70126
8158;0.209059;-2.62757;4.07411;2.70072;ט‏כ.24;-0.000746467;6.70093;-1.62682;1.70147
8159;0.209059;-2.62778;4.0739;2.70093;ט‏כ.26;-0.000746469;6.70093;-1.62703;1.70168
8160;0.209059;-2.62798;4.07369;2.70114;7.40281;-0.00074647;6.70093;-1.62724;1.70188
8161;0.209059;-2.62819;4.07349;2.70134;7.40302;-0.000746472;6.70093;-1.62744;1.70209
8162;0.209059;-2.6284;4.07328;2.70155;7.40323;-0.000746473;6.70093;-1.62765;ÿםג.23
8163;0.209059;-2.6286;4.07307;2.70176;7.40343;-0.000746475;6.70093;-1.62786;1.70251
8164;0.209059;-2.62881;4.07286;2.70197;7.40364;-0.000746476;6.70093;-1.62807;1.70271
8165;0.209059;-2.62902;4.07266;2.70217;7.40385;-0.000746478;6.70093;-1.62827;1.70292
8166;0.209059;-2.62923;4.07245;2.70238;7.40406;-0.000746479;6.70093;-1.62848;1.70313
8167;0.209059;-2.62943;4.07224;2.70259;7.40426;-0.000746481;6.70093;-1.62869;1.70334
8168;0.209059;-2.62964;4.07203;פוג.28;7.40447;-0.000746483;6.70093;-1.62889;1.70354
8169;0.209059;-2.62985;4.07183;2.703;7.40468;-0.000746484;6.70093;-1.6291;1.70375
8170;0.209059;-2.63006;4.07162;2.70321;7.40489;-0.000746486;6.70093;-1.62931;1.70396
8171;0.209059;-2.63026;4.07141;2.70342;7.40509;-0.000746487;6.70093;-1.62952;1.70417
8172;0.209059;-2.63047;4.07121;2.70363;ט‏כ.53;-0.000746489;6.70093;-1.62972;1.70437
8173;0.209059;-2.63068;4.071;2.70383;7.40551;-0.00074649;6.70093;-1.62993;1.70458
8174;0.209059;-2.63088;4.07079;2.70404;7.40572;-0.000746492;6.70093;-1.63014;1.70479
8175;0.209059;-2.63109;4.07058;2.70425;7.40592;-0.000746493;6.70093;-1.63035;1.705
8176;0.209059;-2.6313;4.07038;2.70446;7.40613;-0.000746495;6.70093;-1.63055;ÿםג.52
8177;0.20906;-2.63151;4.07017;2.70466;7.40634;-0.000746496;6.70093;-1.63076;1.70541
8178;0.20906;-2.63171;4.06996;2.70487;7.40655;-0.000746498;6.70093;-1.63097;1.70562
8179;0.20906;-2.63192;4.06975;2.70508;7.40675;-0.000746499;6.70093;-1.63118;1.70583
8180;0.20906;-2.63213;4.06955;2.70529;7.40696;-0.000746501;6.70093;-1.63138;1.70603
8181;0.20906;-2.63234;4.06934;2.70549;7.40717;-0.000746502;6.70093;-1.63159;1.70624
8182;0.20906;-2.63254;4.06913;פוג.57;7.40738;-0.000746504;6.70093;-1.6318;1.70645
8183;0.20906;-2.63275;4.06892;2.70591;7.40758;-0.000746506;6.70093;-1.632;1.70665
8184;0.20906;-2.63296;4.06872;2.70612;7.40779;-0.000746507;6.70093;-1.63221;1.70686
8185;0.20906;-2.63317;4.06851;2.70632;7.408;-0.000746509;6.70093;-1.63242;1.70707
8186;0.20906;-2.63337;4.0683;2.70653;7.40821;-0.00074651;6.70093;-1.63263;1.70728
8187;0.20906;-2.63358;4.0681;2.70674;7.40841;-0.000746512;6.70093;-1.63283;1.70748
8188;0.20906;-2.63379;4.06789;2.70695;7.40862;-0.000746513;6.70093;-1.63304;1.70769
8189;0.20906;-2.63399;4.06768;2.70715;7.40883;-0.000746515;6.70093;-1.63325;ÿםג.79
8190;0.20906;-2.6342;4.06747;2.70736;7.40904;-0.000746516;6.70093;-1.63346;1.70811
8191;0.20906;-2.63441;4.06727;2.70757;7.40924;-0.000746518;6.70093;-1.63366;1.70831
8192;0.20906;-2.63462;4.06706;2.70778;7.40945;-0.000746519;6.70093;-1.63387;1.70852
8193;0.20906;-2.63482;4.06685;2.70798;7.40966;-0.000746521;6.70093;-1.63408;1.70873
8194;0.20906;-2.63503;4.06664;2.70819;7.40987;-0.000746522;6.70093;-1.63429;1.70894
8195;0.20906;-2.63524;4.06644;פוג.84;7.41007;-0.000746524;6.70093;-1.63449;1.70914
8196;0.20906;-2.63545;4.06623;2.70861;7.41028;-0.000746525;6.70093;-1.6347;1.70935
8197;0.20906;-2.63565;4.06602;2.70881;7.41049;-0.000746527;6.70093;-1.63491;1.70956
8198;0.20906;-2.63586;4.06581;2.70902;ט‏כ.07;-0.000746528;6.70093;-1.63511;1.70977
8199;0.20906;-2.63607;4.06561;2.70923;ט‏כ.09;-0.00074653;6.70093;-1.63532;1.70997
8200;0.20906;-2.63628;4.0654;2.70944;7.41111;-0.000746532;6.70093;-1.63553;1.71018
8201;0.20906;-2.63648;4.06519;2.70964;7.41132;-0.000746533;6.70093;-1.63574;1.71039
8202;0.20906;-2.63669;4.06498;2.70985;7.41153;-0.000746535;6.70093;-1.63594;ÿםג.06
8203;0.20906;-2.6369;4.06478;2.71006;7.41173;-0.000746536;6.70093;-1.63615;ÿםג.08
8204;0.20906;-2.6371;4.06457;2.71027;7.41194;-0.000746538;6.70093;-1.63636;1.71101
8205;0.20906;-2.63731;4.06436;2.71047;7.41215;-0.000746539;6.70093;-1.63657;1.71122
8206;0.20906;-2.63752;4.06416;2.71068;7.41236;-0.000746541;6.70093;-1.63677;1.71143
8207;0.20906;-2.63773;4.06395;2.71089;7.41256;-0.000746542;6.70093;-1.63698;1.71163
8208;0.20906;-2.63793;4.06374;פוג.11;7.41277;-0.000746544;6.70093;-1.63719;1.71184
8209;0.20906;-2.63814;4.06353;פוג.13;7.41298;-0.000746545;6.70093;-1.6374;1.71205
8210;0.20906;-2.63835;4.06333;2.71151;7.41319;-0.000746547;6.70093;-1.6376;1.71226
8211;0.20906;-2.63856;4.06312;2.71172;7.41339;-0.000746548;6.70093;-1.63781;1.71246
8212;0.20906;-2.63876;4.06291;2.71193;ט‏כ.36;-0.00074655;6.70093;-1.63802;1.71267
8213;0.20906;-2.63897;4.0627;2.71213;7.41381;-0.000746551;6.70093;-1.63822;1.71288
8214;0.20906;-2.63918;4.0625;2.71234;7.41402;-0.000746553;6.70093;-1.63843;1.71309
8215;0.20906;-2.63939;4.06229;2.71255;7.41422;-0.000746554;6.70093;-1.63864;1.71329
8216;0.20906;-2.63959;4.06208;2.71276;7.41443;-0.000746556;6.70093;-1.63885;ÿםג.35
8217;0.20906;-2.6398;4.06187;2.71296;7.41464;-0.000746557;6.70093;-1.63905;1.71371
8218;0.20906;-2.64001;4.06167;2.71317;7.41485;-0.000746559;6.70093;-1.63926;1.71392
8219;0.20906;-2.64022;4.06146;2.71338;7.41505;-0.00074656;6.70093;-1.63947;1.71412
8220;0.20906;-2.64042;4.06125;2.71359;7.41526;-0.000746562;6.70093;-1.63968;1.71433
8221;0.20906;-2.64063;4.06105;2.71379;7.41547;-0.000746563;6.70093;-1.63988;1.71454
8222;0.20906;-2.64084;4.06084;2.714;7.41568;-0.000746565;6.70093;-1.64009;1.71475
8223;0.20906;-2.64104;4.06063;2.71421;7.41588;-0.000746567;6.70093;-1.6403;1.71495
8224;0.20906;-2.64125;4.06042;2.71442;7.41609;-0.000746568;6.70093;-1.64051;1.71516
8225;0.20906;-2.64146;4.06022;2.71462;ט‏כ.63;-0.00074657;6.70093;-1.64071;1.71537
8226;0.20906;-2.64167;4.06001;2.71483;7.41651;-0.000746571;6.70093;-1.64092;1.71558
8227;0.20906;-2.64187;4.0598;2.71504;7.41671;-0.000746573;6.70093;-1.64113;1.71578
8228;0.209061;-2.64208;4.05959;2.71525;7.41692;-0.000746574;6.70093;-1.64133;1.71599
8229;0.209061;-2.64229;4.05939;2.71545;7.41713;-0.000746576;6.70093;-1.64154;ÿםג.62
8230;0.209061;-2.6425;4.05918;2.71566;7.41734;-0.000746577;6.70093;-1.64175;1.71641
8231;0.209061;-2.6427;4.05897;2.71587;7.41754;-0.000746579;6.70093;-1.64196;1.71661
8232;0.209061;-2.64291;4.05876;2.71608;7.41775;-0.00074658;6.70093;-1.64216;1.71682
8233;0.209061;-2.64312;4.05856;2.71628;7.41796;-0.000746582;6.70093;-1.64237;1.71703
8234;0.209061;-2.64333;4.05835;2.71649;7.41817;-0.000746583;6.70093;-1.64258;1.71724
8235;0.209061;-2.64353;4.05814;פוג.67;7.41837;-0.000746585;6.70093;-1.64279;1.71744
8236;0.209061;-2.64374;4.05793;2.71691;7.41858;-0.000746586;6.70093;-1.64299;1.71765
8237;0.209061;-2.64395;4.05773;2.71711;7.41879;-0.000746588;6.70093;-1.6432;1.71786
8238;0.209061;-2.64415;4.05752;2.71732;7.419;-0.000746589;6.70093;-1.64341;1.71807
8239;0.209061;-2.64436;4.05731;2.71753;ט‏כ.92;-0.000746591;6.70093;-1.64362;1.71827
8240;0.209061;-2.64457;4.05711;2.71774;7.41941;-0.000746592;6.70093;-1.64382;1.71848
8241;0.209061;-2.64478;4.0569;2.71794;7.41962;-0.000746594;6.70093;-1.64403;1.71869
8242;0.209061;-2.64498;4.05669;2.71815;7.41983;-0.000746595;6.70093;-1.64424;ÿםג.89
8243;0.209061;-2.64519;4.05648;2.71836;7.42003;-0.000746597;6.70093;-1.64444;ÿםג.91
8244;0.209061;-2.6454;4.05628;2.71857;7.42024;-0.000746598;6.70093;-1.64465;1.71931
8245;0.209061;-2.64561;4.05607;2.71877;7.42045;-0.0007466;6.70093;-1.64486;1.71952
8246;0.209061;-2.64581;4.05586;2.71898;7.42066;-0.000746601;6.70093;-1.64507;1.71973
8247;0.209061;-2.64602;4.05565;2.71919;7.42086;-0.000746603;6.70093;-1.64527;1.71993
8248;0.209061;-2.64623;4.05545;פוג.94;7.42107;-0.000746604;6.70093;-1.64548;1.72014
8249;0.209061;-2.64644;4.05524;פוג.96;7.42128;-0.000746606;6.70093;-1.64569;1.72035
8250;0.209061;-2.64664;4.05503;2.71981;7.42149;-0.000746607;6.70093;-1.6459;1.72056
8251;0.209061;-2.64685;4.05482;2.72002;7.42169;-0.000746609;6.70093;-1.6461;1.72076
8252;0.209061;-2.64706;4.05462;2.72023;ט‏כ.19;-0.00074661;6.70093;-1.64631;1.72097
8253;0.209061;-2.64727;4.05441;2.72043;7.42211;-0.000746612;6.70093;-1.64652;1.72118
8254;0.209061;-2.64747;4.0542;2.72064;7.42231;-0.000746613;6.70093;-1.64673;1.72139
8255;0.209061;-2.64768;4.05399;2.72085;7.42252;-0.000746615;6.70093;-1.64693;1.72159
8256;0.209061;-2.64789;4.05379;2.72106;7.42273;-0.000746616;6.70093;-1.64714;ÿםג.18
8257;0.209061;-2.64809;4.05358;2.72126;7.42294;-0.000746618;6.70093;-1.64735;1.72201
8258;0.209061;-2.6483;4.05337;2.72147;7.42314;-0.000746619;6.70093;-1.64756;1.72222
8259;0.209061;-2.64851;4.05317;2.72168;7.42335;-0.000746621;6.70093;-1.64776;1.72242
8260;0.209061;-2.64872;4.05296;2.72189;7.42356;-0.000746622;6.70093;-1.64797;1.72263
8261;0.209061;-2.64892;4.05275;2.72209;7.42377;-0.000746624;6.70093;-1.64818;1.72284
8262;0.209061;-2.64913;4.05254;פוג.23;7.42397;-0.000746625;6.70093;-1.64838;1.72305
8263;0.209061;-2.64934;4.05234;2.72251;7.42418;-0.000746627;6.70093;-1.64859;1.72325
8264;0.209061;-2.64955;4.05213;2.72272;7.42439;-0.000746628;6.70093;-1.6488;1.72346
8265;0.209061;-2.64975;4.05192;2.72292;ט‏כ.46;-0.00074663;6.70093;-1.64901;1.72367
8266;0.209061;-2.64996;4.05171;2.72313;ט‏כ.48;-0.000746631;6.70093;-1.64921;1.72388
8267;0.209061;-2.65017;4.05151;2.72334;7.42501;-0.000746633;6.70093;-1.64942;1.72408
8268;0.209061;-2.65038;4.0513;2.72355;7.42522;-0.000746634;6.70093;-1.64963;1.72429
8269;0.209061;-2.65058;4.05109;2.72375;7.42543;-0.000746636;6.70093;-1.64984;ÿםג.45
8270;0.209061;-2.65079;4.05088;2.72396;7.42563;-0.000746637;6.70093;-1.65004;1.72471
8271;0.209061;-2.651;4.05068;2.72417;7.42584;-0.000746639;6.70093;-1.65025;1.72491
8272;0.209061;-2.65121;4.05047;2.72438;7.42605;-0.00074664;6.70093;-1.65046;1.72512
8273;0.209061;-2.65141;4.05026;2.72458;7.42626;-0.000746642;6.70093;-1.65067;1.72533
8274;0.209061;-2.65162;4.05005;2.72479;7.42647;-0.000746643;6.70093;-1.65087;1.72554
8275;0.209061;-2.65183;4.04985;2.725;7.42667;-0.000746645;6.70093;-1.65108;1.72575
8276;0.209061;-2.65203;4.04964;2.72521;7.42688;-0.000746646;6.70093;-1.65129;1.72595
8277;0.209061;-2.65224;4.04943;2.72541;7.42709;-0.000746648;6.70093;-1.6515;1.72616
8278;0.209061;-2.65245;4.04922;2.72562;ט‏כ.73;-0.000746649;6.70093;-1.6517;1.72637
8279;0.209061;-2.65266;4.04902;2.72583;ט‏כ.75;-0.000746651;6.70093;-1.65191;1.72658
8280;0.209061;-2.65286;4.04881;2.72604;7.42771;-0.000746652;6.70093;-1.65212;1.72678
8281;0.209061;-2.65307;4.0486;2.72624;7.42792;-0.000746654;6.70093;-1.65232;1.72699
8282;0.209062;-2.65328;4.0484;2.72645;7.42813;-0.000746655;6.70093;-1.65253;ÿםג.72
8283;0.209062;-2.65349;4.04819;2.72666;7.42833;-0.000746657;6.70093;-1.65274;1.72741
8284;0.209062;-2.65369;4.04798;2.72687;7.42854;-0.000746658;6.70093;-1.65295;1.72761
8285;0.209062;-2.6539;4.04777;2.72707;7.42875;-0.00074666;6.70093;-1.65315;1.72782
8286;0.209062;-2.65411;4.04757;2.72728;7.42896;-0.000746661;6.70093;-1.65336;1.72803
8287;0.209062;-2.65432;4.04736;2.72749;7.42916;-0.000746663;6.70093;-1.65357;1.72824
8288;0.209062;-2.65452;4.04715;פוג.77;7.42937;-0.000746664;6.70093;-1.65378;1.72844
8289;0.209062;-2.65473;4.04694;פוג.79;7.42958;-0.000746666;6.70093;-1.65398;1.72865
8290;0.209062;-2.65494;4.04674;2.72811;7.42979;-0.000746667;6.70093;-1.65419;1.72886
8291;0.209062;-2.65515;4.04653;2.72832;7.42999;-0.000746669;6.70093;-1.6544;1.72907
8292;0.209062;-2.65535;4.04632;2.72853;ט‏כ.02;-0.00074667;6.70093;-1.65461;1.72927
8293;0.209062;-2.65556;4.04611;2.72873;7.43041;-0.000746672;6.70093;-1.65481;1.72948
8294;0.209062;-2.65577;4.04591;2.72894;7.43062;-0.000746673;6.70093;-1.65502;1.72969
8295;0.209062;-2.65597;4.0457;2.72915;7.43082;-0.000746675;6.70093;-1.65523;ÿםג.99
8296;0.209062;-2.65618;4.04549;2.72936;7.43103;-0.000746676;6.70093;-1.65544;ÿםג.01
8297;0.209062;-2.65639;4.04528;2.72956;7.43124;-0.000746678;6.70093;-1.65564;1.73031
8298;0.209062;-2.6566;4.04508;2.72977;7.43145;-0.000746679;6.70093;-1.65585;1.73052
8299;0.209062;-2.6568;4.04487;2.72998;7.43165;-0.000746681;6.70093;-1.65606;1.73073
8300;0.209062;-2.65701;4.04466;2.73019;7.43186;-0.000746682;6.70093;-1.65626;1.73093
8301;0.209062;-2.65722;4.04445;2.73039;7.43207;-0.000746684;6.70093;-1.65647;1.73114
8302;0.209062;-2.65743;4.04425;פוג.06;7.43228;-0.000746685;6.70093;-1.65668;1.73135
8303;0.209062;-2.65763;4.04404;2.73081;7.43248;-0.000746687;6.70093;-1.65689;1.73156
8304;0.209062;-2.65784;4.04383;2.73102;7.43269;-0.000746688;6.70093;-1.65709;1.73176
8305;0.209062;-2.65805;4.04363;2.73122;ט‏כ.29;-0.000746689;6.70093;-1.6573;1.73197
8306;0.209062;-2.65826;4.04342;2.73143;7.43311;-0.000746691;6.70093;-1.65751;1.73218
8307;0.209062;-2.65846;4.04321;2.73164;7.43331;-0.000746692;6.70093;-1.65772;1.73239
8308;0.209062;-2.65867;4.043;2.73185;7.43352;-0.000746694;6.70093;-1.65792;1.73259
8309;0.209062;-2.65888;4.0428;2.73205;7.43373;-0.000746695;6.70093;-1.65813;ÿםג.28
8310;0.209062;-2.65909;4.04259;2.73226;7.43394;-0.000746697;6.70093;-1.65834;1.73301
8311;0.209062;-2.65929;4.04238;2.73247;7.43414;-0.000746698;6.70093;-1.65855;1.73322
8312;0.209062;-2.6595;4.04217;2.73268;7.43435;-0.0007467;6.70093;-1.65875;1.73342
8313;0.209062;-2.65971;4.04197;2.73288;7.43456;-0.000746701;6.70093;-1.65896;1.73363
8314;0.209062;-2.65992;4.04176;2.73309;7.43477;-0.000746703;6.70093;-1.65917;1.73384
8315;0.209062;-2.66012;4.04155;פוג.33;7.43497;-0.000746704;6.70093;-1.65938;1.73405
8316;0.209062;-2.66033;4.04134;2.73351;7.43518;-0.000746706;6.70093;-1.65958;1.73425
8317;0.209062;-2.66054;4.04114;2.73371;7.43539;-0.000746707;6.70093;-1.65979;1.73446
8318;0.209062;-2.66074;4.04093;2.73392;ט‏כ.56;-0.000746709;6.70093;-1.66;1.73467
8319;0.209062;-2.66095;4.04072;2.73413;ט‏כ.58;-0.00074671;6.70093;-1.66021;1.73488
8320;0.209062;-2.66116;4.04051;2.73434;7.43601;-0.000746712;6.70093;-1.66041;1.73508
8321;0.209062;-2.66137;4.04031;2.73454;7.43622;-0.000746713;6.70093;-1.66062;1.73529
8322;0.209062;-2.66157;4.0401;2.73475;7.43643;-0.000746715;6.70093;-1.66083;ÿםג.55
8323;0.209062;-2.66178;4.03989;2.73496;7.43663;-0.000746716;6.70093;-1.66103;1.73571
8324;0.209062;-2.66199;4.03968;2.73517;7.43684;-0.000746718;6.70093;-1.66124;1.73591
8325;0.209062;-2.6622;4.03948;2.73537;7.43705;-0.000746719;6.70093;-1.66145;1.73612
8326;0.209062;-2.6624;4.03927;2.73558;7.43726;-0.000746721;6.70093;-1.66166;1.73633
8327;0.209062;-2.66261;4.03906;2.73579;7.43746;-0.000746722;6.70093;-1.66186;1.73654
8328;0.209062;-2.66282;4.03885;2.736;7.43767;-0.000746723;6.70093;-1.66207;1.73674
8329;0.209062;-2.66303;4.03865;2.73621;7.43788;-0.000746725;6.70093;-1.66228;1.73695
8330;0.209062;-2.66323;4.03844;2.73641;7.43809;-0.000746726;6.70093;-1.66249;1.73716
8331;0.209062;-2.66344;4.03823;2.73662;7.43829;-0.000746728;6.70093;-1.66269;1.73737
8332;0.209062;-2.66365;4.03803;2.73683;ט‏כ.85;-0.000746729;6.70093;-1.6629;1.73757
8333;0.209062;-2.66386;4.03782;2.73704;7.43871;-0.000746731;6.70093;-1.66311;1.73778
8334;0.209062;-2.66406;4.03761;2.73724;7.43892;-0.000746732;6.70093;-1.66332;1.73799
8335;0.209062;-2.66427;4.0374;2.73745;7.43912;-0.000746734;6.70093;-1.66352;ÿםג.82
8336;0.209062;-2.66448;4.0372;2.73766;7.43933;-0.000746735;6.70093;-1.66373;ÿםג.84
8337;0.209062;-2.66469;4.03699;2.73787;7.43954;-0.000746737;6.70093;-1.66394;1.73861
8338;0.209062;-2.66489;4.03678;2.73807;7.43975;-0.000746738;6.70093;-1.66415;1.73882
8339;0.209063;-2.6651;4.03657;2.73828;7.43995;-0.00074674;6.70093;-1.66435;1.73903
8340;0.209063;-2.66531;4.03637;2.73849;7.44016;-0.000746741;6.70093;-1.66456;1.73923
8341;0.209063;-2.66551;4.03616;פוג.87;7.44037;-0.000746743;6.70093;-1.66477;1.73944
8342;0.209063;-2.66572;4.03595;פוג.89;7.44058;-0.000746744;6.70093;-1.66498;1.73965
8343;0.209063;-2.66593;4.03574;2.73911;7.44078;-0.000746746;6.70093;-1.66518;1.73986
8344;0.209063;-2.66614;4.03554;2.73932;7.44099;-0.000746747;6.70093;-1.66539;1.74007
8345;0.209063;-2.66634;4.03533;2.73953;ט‏כ.12;-0.000746748;6.70093;-1.6656;1.74027
8346;0.209063;-2.66655;4.03512;2.73973;7.44141;-0.00074675;6.70093;-1.66581;1.74048
8347;0.209063;-2.66676;4.03491;2.73994;7.44161;-0.000746751;6.70093;-1.66601;1.74069
8348;0.209063;-2.66697;4.03471;2.74015;7.44182;-0.000746753;6.70093;-1.66622;ÿםג.09
8349;0.209063;-2.66717;4.0345;2.74036;7.44203;-0.000746754;6.70093;-1.66643;ÿםג.11
8350;0.209063;-2.66738;4.03429;2.74056;7.44224;-0.000746756;6.70093;-1.66663;1.74131
8351;0.209063;-2.66759;4.03408;2.74077;7.44244;-0.000746757;6.70093;-1.66684;1.74152
8352;0.209063;-2.6678;4.03388;2.74098;7.44265;-0.000746759;6.70093;-1.66705;1.74173
8353;0.209063;-2.668;4.03367;2.74119;7.44286;-0.00074676;6.70093;-1.66726;1.74193
8354;0.209063;-2.66821;4.03346;2.74139;7.44307;-0.000746762;6.70093;-1.66746;1.74214
8355;0.209063;-2.66842;4.03325;פוג.16;7.44327;-0.000746763;6.70093;-1.66767;1.74235
8356;0.209063;-2.66863;4.03305;2.74181;7.44348;-0.000746765;6.70093;-1.66788;1.74256
8357;0.209063;-2.66883;4.03284;2.74202;7.44369;-0.000746766;6.70093;-1.66809;1.74276
8358;0.209063;-2.66904;4.03263;2.74222;ט‏כ.39;-0.000746768;6.70093;-1.66829;1.74297
8359;0.209063;-2.66925;4.03242;2.74243;ט‏כ.41;-0.000746769;6.70093;-1.6685;1.74318
8360;0.209063;-2.66946;4.03222;2.74264;7.44431;-0.00074677;6.70093;-1.66871;1.74339
8361;0.209063;-2.66966;4.03201;2.74285;7.44452;-0.000746772;6.70093;-1.66892;1.74359
8362;0.209063;-2.66987;4.0318;2.74305;7.44473;-0.000746773;6.70093;-1.66912;ÿםג.38
8363;0.209063;-2.67008;4.0316;2.74326;7.44493;-0.000746775;6.70093;-1.66933;1.74401
8364;0.209063;-2.67029;4.03139;2.74347;7.44514;-0.000746776;6.70093;-1.66954;1.74422
8365;0.209063;-2.67049;4.03118;2.74368;7.44535;-0.000746778;6.70093;-1.66975;1.74442
8366;0.209063;-2.6707;4.03097;2.74388;7.44556;-0.000746779;6.70093;-1.66995;1.74463
8367;0.209063;-2.67091;4.03077;2.74409;7.44577;-0.000746781;6.70093;-1.67016;1.74484
8368;0.209063;-2.67111;4.03056;פוג.43;7.44597;-0.000746782;6.70093;-1.67037;1.74505
8369;0.209063;-2.67132;4.03035;2.74451;7.44618;-0.000746784;6.70093;-1.67058;1.74525
8370;0.209063;-2.67153;4.03014;2.74471;7.44639;-0.000746785;6.70093;-1.67078;1.74546
8371;0.209063;-2.67174;4.02994;2.74492;ט‏כ.66;-0.000746786;6.70093;-1.67099;1.74567
8372;0.209063;-2.67194;4.02973;2.74513;ט‏כ.68;-0.000746788;6.70093;-1.6712;1.74588
8373;0.209063;-2.67215;4.02952;2.74534;7.44701;-0.000746789;6.70093;-1.67141;1.74608
8374;0.209063;-2.67236;4.02931;2.74554;7.44722;-0.000746791;6.70093;-1.67161;1.74629
8375;0.209063;-2.67257;4.02911;2.74575;7.44743;-0.000746792;6.70093;-1.67182;ÿםג.65
8376;0.209063;-2.67277;4.0289;2.74596;7.44763;-0.000746794;6.70093;-1.67203;1.74671
8377;0.209063;-2.67298;4.02869;2.74617;7.44784;-0.000746795;6.70093;-1.67223;1.74691
8378;0.209063;-2.67319;4.02848;2.74638;7.44805;-0.000746797;6.70093;-1.67244;1.74712
8379;0.209063;-2.6734;4.02828;2.74658;7.44826;-0.000746798;6.70093;-1.67265;1.74733
8380;0.209063;-2.6736;4.02807;2.74679;7.44846;-0.0007468;6.70093;-1.67286;1.74754
8381;0.209063;-2.67381;4.02786;2.747;7.44867;-0.000746801;6.70093;-1.67306;1.74774
8382;0.209063;-2.67402;4.02765;2.74721;7.44888;-0.000746802;6.70093;-1.67327;1.74795
8383;0.209063;-2.67423;4.02745;2.74741;7.44909;-0.000746804;6.70093;-1.67348;1.74816
8384;0.209063;-2.67443;4.02724;2.74762;7.44929;-0.000746805;6.70093;-1.67369;1.74837
8385;0.209063;-2.67464;4.02703;2.74783;ט‏כ.95;-0.000746807;6.70093;-1.67389;1.74857
8386;0.209063;-2.67485;4.02682;2.74804;7.44971;-0.000746808;6.70093;-1.6741;1.74878
8387;0.209063;-2.67506;4.02662;2.74824;7.44992;-0.00074681;6.70093;-1.67431;1.74899
8388;0.209063;-2.67526;4.02641;2.74845;7.45012;-0.000746811;6.70093;-1.67452;ÿםג.92
8389;0.209063;-2.67547;4.0262;2.74866;7.45033;-0.000746813;6.70093;-1.67472;1.74941
8390;0.209063;-2.67568;4.02599;2.74887;7.45054;-0.000746814;6.70093;-1.67493;1.74961
8391;0.209063;-2.67589;4.02579;2.74907;7.45075;-0.000746816;6.70093;-1.67514;1.74982
8392;0.209063;-2.67609;4.02558;2.74928;7.45095;-0.000746817;6.70093;-1.67535;1.75003
8393;0.209063;-2.6763;4.02537;2.74949;7.45116;-0.000746818;6.70093;-1.67555;1.75024
8394;0.209063;-2.67651;4.02516;פוג.97;7.45137;-0.00074682;6.70093;-1.67576;1.75044
8395;0.209063;-2.67672;4.02496;פוג.99;7.45158;-0.000746821;6.70093;-1.67597;1.75065
8396;0.209063;-2.67692;4.02475;2.75011;7.45178;-0.000746823;6.70093;-1.67618;1.75086
8397;0.209063;-2.67713;4.02454;2.75032;7.45199;-0.000746824;6.70093;-1.67638;1.75107
8398;0.209063;-2.67734;4.02433;2.75053;ט‏כ.22;-0.000746826;6.70093;-1.67659;1.75127
8399;0.209063;-2.67755;4.02413;2.75073;7.45241;-0.000746827;6.70093;-1.6768;1.75148
8400;0.209064;-2.67775;4.02392;2.75094;7.45261;-0.000746829;6.70093;-1.67701;1.75169
8401;0.209064;-2.67796;4.02371;2.75115;7.45282;-0.00074683;6.70093;-1.67721;ÿםג.19
8402;0.209064;-2.67817;4.02351;2.75136;7.45303;-0.000746831;6.70093;-1.67742;ÿםג.21
8403;0.209064;-2.67837;4.0233;2.75156;7.45324;-0.000746833;6.70093;-1.67763;1.75231
8404;0.209064;-2.67858;4.02309;2.75177;7.45344;-0.000746834;6.70093;-1.67784;1.75252
8405;0.209064;-2.67879;4.02288;2.75198;7.45365;-0.000746836;6.70093;-1.67804;1.75273
8406;0.209064;-2.679;4.02268;2.75219;7.45386;-0.000746837;6.70093;-1.67825;1.75293
8407;0.209064;-2.6792;4.02247;2.75239;7.45407;-0.000746839;6.70093;-1.67846;1.75314
8408;0.209064;-2.67941;4.02226;פוג.26;7.45427;-0.00074684;6.70093;-1.67867;1.75335
8409;0.209064;-2.67962;4.02205;2.75281;7.45448;-0.000746842;6.70093;-1.67887;1.75356
8410;0.209064;-2.67983;4.02185;2.75302;7.45469;-0.000746843;6.70093;-1.67908;1.75376
8411;0.209064;-2.68003;4.02164;2.75323;ט‏כ.49;-0.000746844;6.70093;-1.67929;1.75397
8412;0.209064;-2.68024;4.02143;2.75343;7.45511;-0.000746846;6.70093;-1.67949;1.75418
8413;0.209064;-2.68045;4.02122;2.75364;7.45531;-0.000746847;6.70093;-1.6797;1.75439
8414;0.209064;-2.68066;4.02102;2.75385;7.45552;-0.000746849;6.70093;-1.67991;1.75459
8415;0.209064;-2.68086;4.02081;2.75406;7.45573;-0.00074685;6.70093;-1.68012;ÿםג.48
8416;0.209064;-2.68107;4.0206;2.75426;7.45594;-0.000746852;6.70093;-1.68032;1.75501
8417;0.209064;-2.68128;4.02039;2.75447;7.45614;-0.000746853;6.70093;-1.68053;1.75522
8418;0.209064;-2.68149;4.02019;2.75468;7.45635;-0.000746855;6.70093;-1.68074;1.75543
8419;0.209064;-2.68169;4.01998;2.75489;7.45656;-0.000746856;6.70093;-1.68095;1.75563
8420;0.209064;-2.6819;4.01977;2.75509;7.45677;-0.000746857;6.70093;-1.68115;1.75584
8421;0.209064;-2.68211;4.01956;פוג.53;7.45697;-0.000746859;6.70093;-1.68136;1.75605
8422;0.209064;-2.68232;4.01936;2.75551;7.45718;-0.00074686;6.70093;-1.68157;1.75626
8423;0.209064;-2.68252;4.01915;2.75572;7.45739;-0.000746862;6.70093;-1.68178;1.75646
8424;0.209064;-2.68273;4.01894;2.75592;ט‏כ.76;-0.000746863;6.70093;-1.68198;1.75667
8425;0.209064;-2.68294;4.01873;2.75613;ט‏כ.78;-0.000746865;6.70093;-1.68219;1.75688
8426;0.209064;-2.68315;4.01853;2.75634;7.45801;-0.000746866;6.70093;-1.6824;1.75709
8427;0.209064;-2.68335;4.01832;2.75655;7.45822;-0.000746867;6.70093;-1.68261;1.75729
8428;0.209064;-2.68356;4.01811;2.75675;7.45843;-0.000746869;6.70093;-1.68281;ÿםג.75
8429;0.209064;-2.68377;4.0179;2.75696;7.45863;-0.00074687;6.70093;-1.68302;1.75771
8430;0.209064;-2.68398;4.0177;2.75717;7.45884;-0.000746872;6.70093;-1.68323;1.75792
8431;0.209064;-2.68418;4.01749;2.75738;7.45905;-0.000746873;6.70093;-1.68344;1.75812
8432;0.209064;-2.68439;4.01728;2.75758;7.45926;-0.000746875;6.70093;-1.68364;1.75833
8433;0.209064;-2.6846;4.01707;2.75779;7.45946;-0.000746876;6.70093;-1.68385;1.75854
8434;0.209064;-2.68481;4.01687;2.758;7.45967;-0.000746877;6.70093;-1.68406;1.75875
8435;0.209064;-2.68501;4.01666;2.75821;7.45988;-0.000746879;6.70093;-1.68427;1.75895
8436;0.209064;-2.68522;4.01645;2.75841;7.46009;-0.00074688;6.70093;-1.68447;1.75916
8437;0.209064;-2.68543;4.01624;2.75862;7.46029;-0.000746882;6.70093;-1.68468;1.75937
8438;0.209064;-2.68564;4.01604;2.75883;ט‏כ.05;-0.000746883;6.70093;-1.68489;1.75958
8439;0.209064;-2.68584;4.01583;2.75904;7.46071;-0.000746885;6.70093;-1.6851;1.75978
8440;0.209064;-2.68605;4.01562;2.75925;7.46092;-0.000746886;6.70093;-1.6853;1.75999
8441;0.209064;-2.68626;4.01541;2.75945;7.46112;-0.000746887;6.70093;-1.68551;ÿםג.02
8442;0.209064;-2.68647;4.01521;2.75966;7.46133;-0.000746889;6.70093;-1.68572;1.76041
8443;0.209064;-2.68667;4.015;2.75987;7.46154;-0.00074689;6.70093;-1.68593;1.76061
8444;0.209064;-2.68688;4.01479;2.76008;7.46175;-0.000746892;6.70093;-1.68613;1.76082
8445;0.209064;-2.68709;4.01458;2.76028;7.46196;-0.000746893;6.70093;-1.68634;1.76103
8446;0.209064;-2.68729;4.01438;2.76049;7.46216;-0.000746895;6.70093;-1.68655;1.76124
8447;0.209064;-2.6875;4.01417;פוג.07;7.46237;-0.000746896;6.70093;-1.68676;1.76145
8448;0.209064;-2.68771;4.01396;2.76091;7.46258;-0.000746897;6.70093;-1.68696;1.76165
8449;0.209064;-2.68792;4.01375;2.76111;7.46279;-0.000746899;6.70093;-1.68717;1.76186
8450;0.209064;-2.68812;4.01355;2.76132;7.46299;-0.0007469;6.70093;-1.68738;1.76207
8451;0.209064;-2.68833;4.01334;2.76153;ט‏כ.32;-0.000746902;6.70093;-1.68759;1.76228
8452;0.209064;-2.68854;4.01313;2.76174;7.46341;-0.000746903;6.70093;-1.68779;1.76248
8453;0.209064;-2.68875;4.01292;2.76194;7.46362;-0.000746905;6.70093;-1.688;1.76269
8454;0.209064;-2.68895;4.01272;2.76215;7.46382;-0.000746906;6.70093;-1.68821;ÿםג.29
8455;0.209064;-2.68916;4.01251;2.76236;7.46403;-0.000746907;6.70093;-1.68842;1.76311
8456;0.209064;-2.68937;4.0123;2.76257;7.46424;-0.000746909;6.70093;-1.68862;1.76331
8457;0.209064;-2.68958;4.01209;2.76277;7.46445;-0.00074691;6.70093;-1.68883;1.76352
8458;0.209064;-2.68978;4.01189;2.76298;7.46465;-0.000746912;6.70093;-1.68904;1.76373
8459;0.209064;-2.68999;4.01168;2.76319;7.46486;-0.000746913;6.70092;-1.68924;1.76394
8460;0.209064;-2.6902;4.01147;פוג.34;7.46507;-0.000746915;6.70092;-1.68945;1.76414
8461;0.209064;-2.69041;4.01127;פוג.36;7.46528;-0.000746916;6.70092;-1.68966;1.76435
8462;0.209064;-2.69061;4.01106;2.76381;7.46548;-0.000746917;6.70092;-1.68987;1.76456
8463;0.209064;-2.69082;4.01085;2.76402;7.46569;-0.000746919;6.70092;-1.69007;1.76477
8464;0.209064;-2.69103;4.01064;2.76423;ט‏כ.59;-0.00074692;6.70092;-1.69028;1.76497
8465;0.209065;-2.69124;4.01044;2.76443;7.46611;-0.000746922;6.70092;-1.69049;1.76518
8466;0.209065;-2.69144;4.01023;2.76464;7.46631;-0.000746923;6.70092;-1.6907;1.76539
8467;0.209065;-2.69165;4.01002;2.76485;7.46652;-0.000746925;6.70092;-1.6909;ÿםג.56
8468;0.209065;-2.69186;4.00981;2.76506;7.46673;-0.000746926;6.70092;-1.69111;ÿםג.58
8469;0.209065;-2.69207;4.00961;2.76527;7.46694;-0.000746927;6.70092;-1.69132;1.76601
8470;0.209065;-2.69227;4.0094;2.76547;7.46714;-0.000746929;6.70092;-1.69153;1.76622
8471;0.209065;-2.69248;4.00919;2.76568;7.46735;-0.00074693;6.70092;-1.69173;1.76643
8472;0.209065;-2.69269;4.00898;2.76589;7.46756;-0.000746932;6.70092;-1.69194;1.76664
8473;0.209065;-2.6929;4.00878;פוג.61;7.46777;-0.000746933;6.70092;-1.69215;1.76684
8474;0.209065;-2.6931;4.00857;פוג.63;7.46798;-0.000746934;6.70092;-1.69236;1.76705
8475;0.209065;-2.69331;4.00836;2.76651;7.46818;-0.000746936;6.70092;-1.69256;1.76726
8476;0.209065;-2.69352;4.00815;2.76672;7.46839;-0.000746937;6.70092;-1.69277;1.76747
8477;0.209065;-2.69373;4.00795;2.76693;ט‏כ.86;-0.000746939;6.70092;-1.69298;1.76767
8478;0.209065;-2.69393;4.00774;2.76713;7.46881;-0.00074694;6.70092;-1.69319;1.76788
8479;0.209065;-2.69414;4.00753;2.76734;7.46901;-0.000746942;6.70092;-1.69339;1.76809
8480;0.209065;-2.69435;4.00732;2.76755;7.46922;-0.000746943;6.70092;-1.6936;ÿםג.83
8481;0.209065;-2.69456;4.00712;2.76776;7.46943;-0.000746944;6.70092;-1.69381;ÿםג.85
8482;0.209065;-2.69476;4.00691;2.76796;7.46964;-0.000746946;6.70092;-1.69402;1.76871
8483;0.209065;-2.69497;4.0067;2.76817;7.46984;-0.000746947;6.70092;-1.69422;1.76892
8484;0.209065;-2.69518;4.00649;2.76838;7.47005;-0.000746949;6.70092;-1.69443;1.76913
8485;0.209065;-2.69539;4.00629;2.76859;7.47026;-0.00074695;6.70092;-1.69464;1.76933
8486;0.209065;-2.69559;4.00608;2.76879;7.47047;-0.000746951;6.70092;-1.69485;1.76954
8487;0.209065;-2.6958;4.00587;2.769;7.47067;-0.000746953;6.70092;-1.69505;1.76975
8488;0.209065;-2.69601;4.00566;2.76921;7.47088;-0.000746954;6.70092;-1.69526;1.76996
8489;0.209065;-2.69622;4.00546;2.76942;7.47109;-0.000746956;6.70092;-1.69547;1.77016
8490;0.209065;-2.69642;4.00525;2.76963;ט‏כ.13;-0.000746957;6.70092;-1.69568;1.77037
8491;0.209065;-2.69663;4.00504;2.76983;ט‏כ.15;-0.000746958;6.70092;-1.69588;1.77058
8492;0.209065;-2.69684;4.00483;2.77004;7.47171;-0.00074696;6.70092;-1.69609;1.77079
8493;0.209065;-2.69705;4.00463;2.77025;7.47192;-0.000746961;6.70092;-1.6963;1.77099
8494;0.209065;-2.69725;4.00442;2.77046;7.47213;-0.000746963;6.70092;-1.69651;ÿםג.12
8495;0.209065;-2.69746;4.00421;2.77066;7.47233;-0.000746964;6.70092;-1.69671;1.77141
8496;0.209065;-2.69767;4.004;2.77087;7.47254;-0.000746966;6.70092;-1.69692;1.77162
8497;0.209065;-2.69788;4.0038;2.77108;7.47275;-0.000746967;6.70092;-1.69713;1.77183
8498;0.209065;-2.69808;4.00359;2.77129;7.47296;-0.000746968;6.70092;-1.69734;1.77203
8499;0.209065;-2.69829;4.00338;2.77149;7.47317;-0.00074697;6.70092;-1.69754;1.77224
8500;0.209065;-2.6985;4.00317;פוג.17;7.47337;-0.000746971;6.70092;-1.69775;1.77245
8501;0.209065;-2.69871;4.00297;2.77191;7.47358;-0.000746973;6.70092;-1.69796;1.77266
8502;0.209065;-2.69891;4.00276;2.77212;7.47379;-0.000746974;6.70092;-1.69817;1.77286
8503;0.209065;-2.69912;4.00255;2.77232;7.474;-0.000746975;6.70092;-1.69837;1.77307
8504;0.209065;-2.69933;4.00234;2.77253;ט‏כ.42;-0.000746977;6.70092;-1.69858;1.77328
8505;0.209065;-2.69954;4.00214;2.77274;7.47441;-0.000746978;6.70092;-1.69879;1.77349
8506;0.209065;-2.69974;4.00193;2.77295;7.47462;-0.00074698;6.70092;-1.699;1.77369
8507;0.209065;-2.69995;4.00172;2.77315;7.47483;-0.000746981;6.70092;-1.6992;ÿםג.39
8508;0.209065;-2.70016;4.00151;2.77336;7.47503;-0.000746982;6.70092;-1.69941;1.77411
8509;0.209065;-2.70037;4.00131;2.77357;7.47524;-0.000746984;6.70092;-1.69962;1.77432
8510;0.209065;-2.70057;4.0011;2.77378;7.47545;-0.000746985;6.70092;-1.69983;1.77452
8511;0.209065;-2.70078;4.00089;2.77399;7.47566;-0.000746987;6.70092;-1.70003;1.77473
8512;0.209065;-2.70099;4.00068;2.77419;7.47586;-0.000746988;6.70092;-1.70024;1.77494
8513;0.209065;-2.7012;4.00048;פוג.44;7.47607;-0.000746989;6.70092;-1.70045;1.77515
8514;0.209065;-2.7014;4.00027;2.77461;7.47628;-0.000746991;6.70092;-1.70066;1.77535
8515;0.209065;-2.70161;4.00006;2.77482;7.47649;-0.000746992;6.70092;-1.70086;1.77556
8516;0.209065;-2.70182;3.99985;2.77502;7.47669;-0.000746994;6.70092;-1.70107;1.77577
8517;0.209065;-2.70203;3.99965;2.77523;ט‏כ.69;-0.000746995;6.70092;-1.70128;1.77598
8518;0.209065;-2.70223;3.99944;2.77544;7.47711;-0.000746996;6.70092;-1.70149;1.77619
8519;0.209065;-2.70244;3.99923;2.77565;7.47732;-0.000746998;6.70092;-1.70169;1.77639
8520;0.209065;-2.70265;3.99902;2.77585;7.47752;-0.000746999;6.70092;-1.7019;ÿםג.66
8521;0.209065;-2.70286;3.99882;2.77606;7.47773;-0.000747001;6.70092;-1.70211;1.77681
8522;0.209065;-2.70306;3.99861;2.77627;7.47794;-0.000747002;6.70092;-1.70232;1.77702
8523;0.209065;-2.70327;לאנ.84;2.77648;7.47815;-0.000747003;6.70092;-1.70252;1.77722
8524;0.209065;-2.70348;3.99819;2.77668;7.47836;-0.000747005;6.70092;-1.70273;1.77743
8525;0.209065;-2.70369;3.99799;2.77689;7.47856;-0.000747006;6.70092;-1.70294;1.77764
8526;0.209065;-2.70389;3.99778;פוג.71;7.47877;-0.000747008;6.70092;-1.70315;1.77785
8527;0.209065;-2.7041;3.99757;2.77731;7.47898;-0.000747009;6.70092;-1.70335;1.77805
8528;0.209065;-2.70431;3.99736;2.77751;7.47919;-0.00074701;6.70092;-1.70356;1.77826
8529;0.209065;-2.70452;3.99716;2.77772;7.47939;-0.000747012;6.70092;-1.70377;1.77847
8530;0.209065;-2.70472;3.99695;2.77793;ט‏כ.96;-0.000747013;6.70092;-1.70398;1.77868
8531;0.209065;-2.70493;3.99674;2.77814;7.47981;-0.000747015;6.70092;-1.70418;1.77888
8532;0.209065;-2.70514;3.99653;2.77835;7.48002;-0.000747016;6.70092;-1.70439;1.77909
8533;0.209065;-2.70535;3.99633;2.77855;7.48022;-0.000747017;6.70092;-1.7046;ÿםג.93
8534;0.209065;-2.70555;3.99612;2.77876;7.48043;-0.000747019;6.70092;-1.70481;1.77951
8535;0.209066;-2.70576;3.99591;2.77897;7.48064;-0.00074702;6.70092;-1.70501;1.77972
8536;0.209066;-2.70597;לאנ.57;2.77918;7.48085;-0.000747022;6.70092;-1.70522;1.77992
8537;0.209066;-2.70618;לאנ.55;2.77938;7.48105;-0.000747023;6.70092;-1.70543;1.78013
8538;0.209066;-2.70638;3.99529;2.77959;7.48126;-0.000747024;6.70092;-1.70564;1.78034
8539;0.209066;-2.70659;3.99508;פוג.98;7.48147;-0.000747026;6.70092;-1.70584;1.78055
8540;0.209066;-2.7068;3.99487;2.78001;7.48168;-0.000747027;6.70092;-1.70605;1.78075
8541;0.209066;-2.70701;3.99467;2.78021;7.48188;-0.000747029;6.70092;-1.70626;1.78096
8542;0.209066;-2.70721;3.99446;2.78042;7.48209;-0.00074703;6.70092;-1.70647;1.78117
8543;0.209066;-2.70742;3.99425;2.78063;ט‏כ.23;-0.000747031;6.70092;-1.70667;1.78138
8544;0.209066;-2.70763;3.99404;2.78084;7.48251;-0.000747033;6.70092;-1.70688;1.78158
8545;0.209066;-2.70784;3.99384;2.78104;7.48272;-0.000747034;6.70092;-1.70709;1.78179
8546;0.209066;-2.70804;3.99363;2.78125;7.48292;-0.000747035;6.70092;-1.7073;1.782
8547;0.209066;-2.70825;3.99342;2.78146;7.48313;-0.000747037;6.70092;-1.7075;1.78221
8548;0.209066;-2.70846;3.99321;2.78167;7.48334;-0.000747038;6.70092;-1.70771;1.78241
8549;0.209066;-2.70867;3.99301;2.78188;7.48355;-0.00074704;6.70092;-1.70792;1.78262
8550;0.209066;-2.70887;לאנ.28;2.78208;7.48375;-0.000747041;6.70092;-1.70813;1.78283
8551;0.209066;-2.70908;3.99259;2.78229;7.48396;-0.000747042;6.70092;-1.70833;1.78304
8552;0.209066;-2.70929;3.99238;פוג.25;7.48417;-0.000747044;6.70092;-1.70854;1.78324
8553;0.209066;-2.7095;3.99218;2.78271;7.48438;-0.000747045;6.70092;-1.70875;1.78345
8554;0.209066;-2.7097;3.99197;2.78291;7.48458;-0.000747047;6.70092;-1.70896;1.78366
8555;0.209066;-2.70991;3.99176;2.78312;7.48479;-0.000747048;6.70092;-1.70916;1.78387
8556;0.209066;-2.71012;3.99155;2.78333;7.485;-0.000747049;6.70092;-1.70937;1.78408
8557;0.209066;-2.71033;3.99135;2.78354;7.48521;-0.000747051;6.70092;-1.70958;1.78428
8558;0.209066;-2.71053;3.99114;2.78374;7.48541;-0.000747052;6.70092;-1.70979;1.78449
8559;0.209066;-2.71074;3.99093;2.78395;7.48562;-0.000747053;6.70092;-1.70999;ÿםג.47
8560;0.209066;-2.71095;3.99072;2.78416;7.48583;-0.000747055;6.70092;-1.7102;1.78491
8561;0.209066;-2.71116;3.99052;2.78437;7.48604;-0.000747056;6.70092;-1.71041;1.78511
8562;0.209066;-2.71136;3.99031;2.78457;7.48625;-0.000747058;6.70092;-1.71062;1.78532
8563;0.209066;-2.71157;לאנ.01;2.78478;7.48645;-0.000747059;6.70092;-1.71082;1.78553
8564;0.209066;-2.71178;3.98989;2.78499;7.48666;-0.00074706;6.70092;-1.71103;1.78574
8565;0.209066;-2.71199;3.98969;פוג.52;7.48687;-0.000747062;6.70092;-1.71124;1.78594
8566;0.209066;-2.71219;3.98948;פוג.54;7.48708;-0.000747063;6.70092;-1.71145;1.78615
8567;0.209066;-2.7124;3.98927;2.78561;7.48728;-0.000747065;6.70092;-1.71165;1.78636
8568;0.209066;-2.71261;3.98906;2.78582;7.48749;-0.000747066;6.70092;-1.71186;1.78657
8569;0.209066;-2.71282;3.98886;2.78603;ט‏כ.77;-0.000747067;6.70092;-1.71207;1.78677
8570;0.209066;-2.71302;3.98865;2.78624;7.48791;-0.000747069;6.70092;-1.71228;1.78698
8571;0.209066;-2.71323;3.98844;2.78644;7.48811;-0.00074707;6.70092;-1.71248;1.78719
8572;0.209066;-2.71344;3.98823;2.78665;7.48832;-0.000747071;6.70092;-1.71269;ÿםג.74
8573;0.209066;-2.71365;3.98803;2.78686;7.48853;-0.000747073;6.70092;-1.7129;1.78761
8574;0.209066;-2.71385;3.98782;2.78707;7.48874;-0.000747074;6.70092;-1.71311;1.78781
8575;0.209066;-2.71406;3.98761;2.78727;7.48894;-0.000747076;6.70092;-1.71331;1.78802
8576;0.209066;-2.71427;לאנ.74;2.78748;7.48915;-0.000747077;6.70092;-1.71352;1.78823
8577;0.209066;-2.71448;לאנ.72;2.78769;7.48936;-0.000747078;6.70092;-1.71373;1.78844
8578;0.209066;-2.71468;3.98699;פוג.79;7.48957;-0.00074708;6.70092;-1.71394;1.78864
8579;0.209066;-2.71489;3.98678;פוג.81;7.48978;-0.000747081;6.70092;-1.71414;1.78885
8580;0.209066;-2.7151;3.98657;2.78831;7.48998;-0.000747082;6.70092;-1.71435;1.78906
8581;0.209066;-2.71531;3.98637;2.78852;7.49019;-0.000747084;6.70092;-1.71456;1.78927
8582;0.209066;-2.71551;3.98616;2.78873;ט‏כ.04;-0.000747085;6.70092;-1.71477;1.78947
8583;0.209066;-2.71572;3.98595;2.78893;7.49061;-0.000747087;6.70092;-1.71497;1.78968
8584;0.209066;-2.71593;3.98574;2.78914;7.49081;-0.000747088;6.70092;-1.71518;1.78989
8585;0.209066;-2.71614;3.98554;2.78935;7.49102;-0.000747089;6.70092;-1.71539;ÿםג.01
8586;0.209066;-2.71634;3.98533;2.78956;7.49123;-0.000747091;6.70092;-1.7156;ÿםג.03
8587;0.209066;-2.71655;3.98512;2.78977;7.49144;-0.000747092;6.70092;-1.7158;1.79051
8588;0.209066;-2.71676;3.98491;2.78997;7.49164;-0.000747093;6.70092;-1.71601;1.79072
8589;0.209066;-2.71697;3.98471;2.79018;7.49185;-0.000747095;6.70092;-1.71622;1.79093
8590;0.209066;-2.71717;לאנ.45;2.79039;7.49206;-0.000747096;6.70092;-1.71643;1.79114
8591;0.209066;-2.71738;3.98429;פוג.06;7.49227;-0.000747098;6.70092;-1.71663;1.79134
8592;0.209066;-2.71759;3.98408;פוג.08;7.49247;-0.000747099;6.70092;-1.71684;1.79155
8593;0.209066;-2.7178;3.98387;2.79101;7.49268;-0.0007471;6.70092;-1.71705;1.79176
8594;0.209066;-2.718;3.98367;2.79122;7.49289;-0.000747102;6.70092;-1.71726;1.79197
8595;0.209066;-2.71821;3.98346;2.79143;ט‏כ.31;-0.000747103;6.70092;-1.71746;1.79217
8596;0.209066;-2.71842;3.98325;2.79163;ט‏כ.33;-0.000747104;6.70092;-1.71767;1.79238
8597;0.209066;-2.71863;3.98304;2.79184;7.49351;-0.000747106;6.70092;-1.71788;1.79259
8598;0.209066;-2.71883;3.98284;2.79205;7.49372;-0.000747107;6.70092;-1.71809;ÿםג.28
8599;0.209066;-2.71904;3.98263;2.79226;7.49393;-0.000747109;6.70092;-1.71829;1.793
8600;0.209066;-2.71925;3.98242;2.79247;7.49414;-0.00074711;6.70092;-1.7185;1.79321
8601;0.209066;-2.71946;3.98221;2.79267;7.49434;-0.000747111;6.70092;-1.71871;1.79342
8602;0.209066;-2.71966;3.98201;2.79288;7.49455;-0.000747113;6.70092;-1.71892;1.79363
8603;0.209066;-2.71987;לאנ.18;2.79309;7.49476;-0.000747114;6.70092;-1.71912;1.79384
8604;0.209066;-2.72008;3.98159;פוג.33;7.49497;-0.000747115;6.70092;-1.71933;1.79404
8605;0.209066;-2.72029;3.98138;פוג.35;7.49517;-0.000747117;6.70092;-1.71954;1.79425
8606;0.209066;-2.72049;3.98118;2.79371;7.49538;-0.000747118;6.70092;-1.71975;1.79446
8607;0.209066;-2.7207;3.98097;2.79392;7.49559;-0.00074712;6.70092;-1.71995;1.79467
8608;0.209066;-2.72091;3.98076;2.79413;ט‏כ.58;-0.000747121;6.70092;-1.72016;1.79487
8609;0.209066;-2.72112;3.98055;2.79433;7.496;-0.000747122;6.70092;-1.72037;1.79508
8610;0.209067;-2.72132;3.98035;2.79454;7.49621;-0.000747124;6.70092;-1.72058;1.79529
8611;0.209067;-2.72153;3.98014;2.79475;7.49642;-0.000747125;6.70092;-1.72078;ÿםג.55
8612;0.209067;-2.72174;3.97993;2.79496;7.49663;-0.000747126;6.70092;-1.72099;ÿםג.57
8613;0.209067;-2.72195;3.97972;2.79516;7.49684;-0.000747128;6.70092;-1.7212;1.79591
8614;0.209067;-2.72215;3.97952;2.79537;7.49704;-0.000747129;6.70092;-1.72141;1.79612
8615;0.209067;-2.72236;3.97931;2.79558;7.49725;-0.00074713;6.70092;-1.72161;1.79633
8616;0.209067;-2.72257;לאנ.91;2.79579;7.49746;-0.000747132;6.70092;-1.72182;1.79653
8617;0.209067;-2.72278;3.97889;2.796;7.49767;-0.000747133;6.70092;-1.72203;1.79674
8618;0.209067;-2.72298;3.97869;פוג.62;7.49787;-0.000747135;6.70092;-1.72224;1.79695
8619;0.209067;-2.72319;3.97848;2.79641;7.49808;-0.000747136;6.70092;-1.72244;1.79716
8620;0.209067;-2.7234;3.97827;2.79662;7.49829;-0.000747137;6.70092;-1.72265;1.79737
8621;0.209067;-2.72361;3.97806;2.79683;ט‏כ.85;-0.000747139;6.70092;-1.72286;1.79757
8622;0.209067;-2.72381;3.97786;2.79703;ט‏כ.87;-0.00074714;6.70092;-1.72307;1.79778
8623;0.209067;-2.72402;3.97765;2.79724;7.49891;-0.000747141;6.70092;-1.72327;1.79799
8624;0.209067;-2.72423;3.97744;2.79745;7.49912;-0.000747143;6.70092;-1.72348;ÿםג.82
8625;0.209067;-2.72444;3.97723;2.79766;7.49933;-0.000747144;6.70092;-1.72369;ÿםג.84
8626;0.209067;-2.72464;3.97703;2.79786;7.49953;-0.000747145;6.70092;-1.7239;1.79861
8627;0.209067;-2.72485;3.97682;2.79807;7.49974;-0.000747147;6.70092;-1.7241;1.79882
8628;0.209067;-2.72506;3.97661;2.79828;7.49995;-0.000747148;6.70092;-1.72431;1.79903
8629;0.209067;-2.72527;לאנ.64;2.79849;7.50016;-0.00074715;6.70092;-1.72452;1.79923
8630;0.209067;-2.72547;לאנ.62;2.79869;7.50037;-0.000747151;6.70092;-1.72473;1.79944
8631;0.209067;-2.72568;3.97599;פוג.89;7.50057;-0.000747152;6.70092;-1.72493;1.79965
8632;0.209067;-2.72589;3.97578;2.79911;7.50078;-0.000747154;6.70092;-1.72514;1.79986
8633;0.209067;-2.7261;3.97557;2.79932;7.50099;-0.000747155;6.70092;-1.72535;1.80007
8634;0.209067;-2.7263;3.97537;2.79953;ט‏כ.12;-0.000747156;6.70092;-1.72556;1.80027
8635;0.209067;-2.72651;3.97516;2.79973;ט‏כ.14;-0.000747158;6.70092;-1.72576;1.80048
8636;0.209067;-2.72672;3.97495;2.79994;7.50161;-0.000747159;6.70092;-1.72597;1.80069
8637;0.209067;-2.72693;3.97474;2.80015;7.50182;-0.00074716;6.70092;-1.72618;ÿםג.09
8638;0.209067;-2.72713;3.97454;2.80036;7.50203;-0.000747162;6.70092;-1.72639;ÿםג.11
8639;0.209067;-2.72734;3.97433;2.80056;7.50223;-0.000747163;6.70092;-1.72659;1.80131
8640;0.209067;-2.72755;3.97412;2.80077;7.50244;-0.000747164;6.70092;-1.7268;1.80152
8641;0.209067;-2.72776;3.97391;2.80098;7.50265;-0.000747166;6.70092;-1.72701;1.80173
8642;0.209067;-2.72796;3.97371;2.80119;7.50286;-0.000747167;6.70092;-1.72722;1.80193
8643;0.209067;-2.72817;לאנ.35;2.80139;7.50306;-0.000747168;6.70092;-1.72743;1.80214
8644;0.209067;-2.72838;3.97329;פוג.16;7.50327;-0.00074717;6.70092;-1.72763;1.80235
8645;0.209067;-2.72859;3.97308;2.80181;7.50348;-0.000747171;6.70092;-1.72784;1.80256
8646;0.209067;-2.72879;3.97288;2.80202;7.50369;-0.000747173;6.70092;-1.72805;1.80276
8647;0.209067;-2.729;3.97267;2.80223;ט‏כ.39;-0.000747174;6.70092;-1.72826;1.80297
8648;0.209067;-2.72921;3.97246;2.80243;ט‏כ.41;-0.000747175;6.70092;-1.72846;1.80318
8649;0.209067;-2.72942;3.97225;2.80264;7.50431;-0.000747177;6.70092;-1.72867;1.80339
8650;0.209067;-2.72962;3.97205;2.80285;7.50452;-0.000747178;6.70092;-1.72888;ÿםג.36
8651;0.209067;-2.72983;3.97184;2.80306;7.50473;-0.000747179;6.70092;-1.72909;ÿםג.38
8652;0.209067;-2.73004;3.97163;2.80326;7.50493;-0.000747181;6.70092;-1.72929;1.80401
8653;0.209067;-2.73025;3.97142;2.80347;7.50514;-0.000747182;6.70092;-1.7295;1.80422
8654;0.209067;-2.73046;3.97121;2.80368;7.50535;-0.000747183;6.70092;-1.72971;1.80443
8655;0.209067;-2.73066;3.97101;2.80389;7.50556;-0.000747185;6.70092;-1.72992;1.80463
8656;0.209067;-2.73087;לאנ.08;2.80409;7.50576;-0.000747186;6.70092;-1.73012;1.80484
8657;0.209067;-2.73108;3.97059;פוג.43;7.50597;-0.000747187;6.70092;-1.73033;1.80505
8658;0.209067;-2.73129;3.97038;2.80451;7.50618;-0.000747189;6.70092;-1.73054;1.80526
8659;0.209067;-2.73149;3.97018;2.80472;7.50639;-0.00074719;6.70092;-1.73075;1.80546
8660;0.209067;-2.7317;3.96997;2.80493;ט‏כ.66;-0.000747191;6.70092;-1.73095;1.80567
8661;0.209067;-2.73191;3.96976;2.80513;ט‏כ.68;-0.000747193;6.70092;-1.73116;1.80588
8662;0.209067;-2.73212;3.96955;2.80534;7.50701;-0.000747194;6.70092;-1.73137;1.80609
8663;0.209067;-2.73232;3.96935;2.80555;7.50722;-0.000747195;6.70092;-1.73158;ÿםג.63
8664;0.209067;-2.73253;3.96914;2.80576;7.50743;-0.000747197;6.70092;-1.73178;ÿםג.65
8665;0.209067;-2.73274;3.96893;2.80596;7.50763;-0.000747198;6.70092;-1.73199;1.80671
8666;0.209067;-2.73295;3.96872;2.80617;7.50784;-0.0007472;6.70092;-1.7322;1.80692
8667;0.209067;-2.73315;3.96852;2.80638;7.50805;-0.000747201;6.70092;-1.73241;1.80713
8668;0.209067;-2.73336;3.96831;2.80659;7.50826;-0.000747202;6.70092;-1.73261;1.80733
8669;0.209067;-2.73357;לאנ.81;2.80679;7.50846;-0.000747204;6.70092;-1.73282;1.80754
8670;0.209067;-2.73378;3.96789;2.807;7.50867;-0.000747205;6.70092;-1.73303;1.80775
8671;0.209067;-2.73398;3.96769;2.80721;7.50888;-0.000747206;6.70092;-1.73324;1.80796
8672;0.209067;-2.73419;3.96748;2.80742;7.50909;-0.000747208;6.70092;-1.73344;1.80816
8673;0.209067;-2.7344;3.96727;2.80763;ט‏כ.93;-0.000747209;6.70092;-1.73365;1.80837
8674;0.209067;-2.73461;3.96706;2.80783;ט‏כ.95;-0.00074721;6.70092;-1.73386;1.80858
8675;0.209067;-2.73481;3.96686;2.80804;7.50971;-0.000747212;6.70092;-1.73407;1.80879
8676;0.209067;-2.73502;3.96665;2.80825;7.50992;-0.000747213;6.70092;-1.73427;1.809
8677;0.209067;-2.73523;3.96644;2.80846;7.51013;-0.000747214;6.70092;-1.73448;ÿםג.92
8678;0.209067;-2.73544;3.96623;2.80866;7.51033;-0.000747216;6.70092;-1.73469;1.80941
8679;0.209067;-2.73564;3.96603;2.80887;7.51054;-0.000747217;6.70092;-1.7349;1.80962
8680;0.209067;-2.73585;3.96582;2.80908;7.51075;-0.000747218;6.70092;-1.7351;1.80983
8681;0.209067;-2.73606;3.96561;2.80929;7.51096;-0.00074722;6.70092;-1.73531;1.81003
8682;0.209067;-2.73627;לאנ.54;2.80949;7.51116;-0.000747221;6.70092;-1.73552;1.81024
8683;0.209067;-2.73647;לאנ.52;פוג.97;7.51137;-0.000747222;6.70092;-1.73573;1.81045
8684;0.209067;-2.73668;3.96499;2.80991;7.51158;-0.000747224;6.70092;-1.73593;1.81066
8685;0.209067;-2.73689;3.96478;2.81012;7.51179;-0.000747225;6.70092;-1.73614;1.81086
8686;0.209067;-2.7371;3.96457;2.81033;7.51199;-0.000747226;6.70092;-1.73635;1.81107
8687;0.209067;-2.7373;3.96437;2.81053;ט‏כ.22;-0.000747228;6.70092;-1.73656;1.81128
8688;0.209067;-2.73751;3.96416;2.81074;7.51241;-0.000747229;6.70092;-1.73676;1.81149
8689;0.209067;-2.73772;3.96395;2.81095;7.51262;-0.00074723;6.70092;-1.73697;ÿםג.17
8690;0.209067;-2.73793;3.96374;2.81116;7.51283;-0.000747232;6.70092;-1.73718;ÿםג.19
8691;0.209067;-2.73813;3.96354;2.81136;7.51303;-0.000747233;6.70092;-1.73739;1.81211
8692;0.209067;-2.73834;3.96333;2.81157;7.51324;-0.000747234;6.70092;-1.7376;1.81232
8693;0.209068;-2.73855;3.96312;2.81178;7.51345;-0.000747236;6.70092;-1.7378;1.81253
8694;0.209068;-2.73876;3.96291;2.81199;7.51366;-0.000747237;6.70092;-1.73801;1.81273
8695;0.209068;-2.73896;לאנ.27;2.81219;7.51386;-0.000747238;6.70092;-1.73822;1.81294
8696;0.209068;-2.73917;לאנ.25;פוג.24;7.51407;-0.00074724;6.70092;-1.73843;1.81315
8697;0.209068;-2.73938;3.96229;2.81261;7.51428;-0.000747241;6.70092;-1.73863;1.81336
8698;0.209068;-2.73959;3.96208;2.81282;7.51449;-0.000747242;6.70092;-1.73884;1.81356
8699;0.209068;-2.7398;3.96187;2.81303;7.51469;-0.000747244;6.70092;-1.73905;1.81377
8700;0.209068;-2.74;3.96167;2.81323;ט‏כ.49;-0.000747245;6.70092;-1.73926;1.81398
8701;0.209068;-2.74021;3.96146;2.81344;7.51511;-0.000747246;6.70092;-1.73946;1.81419
8702;0.209068;-2.74042;3.96125;2.81365;7.51532;-0.000747248;6.70092;-1.73967;ÿםג.44
8703;0.209068;-2.74063;3.96104;2.81386;7.51553;-0.000747249;6.70092;-1.73988;ÿםג.46
8704;0.209068;-2.74083;3.96084;2.81406;7.51573;-0.00074725;6.70092;-1.74009;1.81481
8705;0.209068;-2.74104;3.96063;2.81427;7.51594;-0.000747252;6.70092;-1.74029;1.81502
8706;0.209068;-2.74125;3.96042;2.81448;7.51615;-0.000747253;6.70092;-1.7405;1.81523
8707;0.209068;-2.74146;3.96021;2.81469;7.51636;-0.000747254;6.70092;-1.74071;1.81543
8708;0.209068;-2.74166;3.96001;2.81489;7.51656;-0.000747256;6.70092;-1.74092;1.81564
8709;0.209068;-2.74187;לאנ.98;פוג.51;7.51677;-0.000747257;6.70092;-1.74112;1.81585
8710;0.209068;-2.74208;3.95959;2.81531;7.51698;-0.000747258;6.70092;-1.74133;1.81606
8711;0.209068;-2.74229;3.95938;2.81552;7.51719;-0.00074726;6.70092;-1.74154;1.81626
8712;0.209068;-2.74249;3.95918;2.81573;7.51739;-0.000747261;6.70092;-1.74175;1.81647
8713;0.209068;-2.7427;3.95897;2.81593;ט‏כ.76;-0.000747262;6.70092;-1.74195;1.81668
8714;0.209068;-2.74291;3.95876;2.81614;7.51781;-0.000747264;6.70092;-1.74216;1.81689
8715;0.209068;-2.74312;3.95855;2.81635;7.51802;-0.000747265;6.70092;-1.74237;ÿםג.71
8716;0.209068;-2.74332;3.95835;2.81656;7.51823;-0.000747266;6.70092;-1.74258;ÿםג.73
8717;0.209068;-2.74353;3.95814;2.81676;7.51843;-0.000747268;6.70092;-1.74278;1.81751
8718;0.209068;-2.74374;3.95793;2.81697;7.51864;-0.000747269;6.70092;-1.74299;1.81772
8719;0.209068;-2.74395;3.95772;2.81718;7.51885;-0.00074727;6.70092;-1.7432;1.81793
8720;0.209068;-2.74415;3.95752;2.81739;7.51906;-0.000747272;6.70092;-1.74341;1.81813
8721;0.209068;-2.74436;3.95731;2.81759;7.51926;-0.000747273;6.70092;-1.74361;1.81834
8722;0.209068;-2.74457;לאנ.71;פוג.78;7.51947;-0.000747274;6.70092;-1.74382;1.81855
8723;0.209068;-2.74478;3.95689;2.81801;7.51968;-0.000747276;6.70092;-1.74403;1.81876
8724;0.209068;-2.74498;3.95668;2.81822;7.51989;-0.000747277;6.70092;-1.74424;1.81896
8725;0.209068;-2.74519;3.95648;2.81843;7.52009;-0.000747278;6.70092;-1.74444;1.81917
8726;0.209068;-2.7454;3.95627;2.81863;ט‏כ.03;-0.00074728;6.70092;-1.74465;1.81938
8727;0.209068;-2.74561;3.95606;2.81884;7.52051;-0.000747281;6.70092;-1.74486;1.81959
8728;0.209068;-2.74581;3.95585;2.81905;7.52072;-0.000747282;6.70092;-1.74507;ÿםג.98
8729;0.209068;-2.74602;3.95565;2.81926;7.52093;-0.000747284;6.70092;-1.74528;ÿםג.82
8730;0.209068;-2.74623;3.95544;2.81946;7.52113;-0.000747285;6.70092;-1.74548;1.82021
8731;0.209068;-2.74644;3.95523;2.81967;7.52134;-0.000747286;6.70092;-1.74569;1.82042
8732;0.209068;-2.74665;3.95502;2.81988;7.52155;-0.000747288;6.70092;-1.7459;1.82063
8733;0.209068;-2.74685;3.95482;2.82009;7.52176;-0.000747289;6.70092;-1.74611;1.82083
8734;0.209068;-2.74706;3.95461;2.82029;7.52196;-0.00074729;6.70092;-1.74631;1.82104
8735;0.209068;-2.74727;לאנ.44;פוג.05;7.52217;-0.000747291;6.70092;-1.74652;1.82125
8736;0.209068;-2.74748;3.95419;2.82071;7.52238;-0.000747293;6.70092;-1.74673;1.82146
8737;0.209068;-2.74768;3.95399;2.82092;7.52259;-0.000747294;6.70092;-1.74694;1.82167
8738;0.209068;-2.74789;3.95378;2.82113;7.52279;-0.000747295;6.70092;-1.74714;1.82187
8739;0.209068;-2.7481;3.95357;2.82133;7.523;-0.000747297;6.70092;-1.74735;1.82208
8740;0.209068;-2.74831;3.95336;2.82154;7.52321;-0.000747298;6.70092;-1.74756;1.82229
8741;0.209068;-2.74851;3.95316;2.82175;7.52342;-0.000747299;6.70092;-1.74777;ÿםג.25
8742;0.209068;-2.74872;3.95295;2.82196;7.52363;-0.000747301;6.70092;-1.74797;ÿםג.27
8743;0.209068;-2.74893;3.95274;2.82216;7.52383;-0.000747302;6.70092;-1.74818;1.82291
8744;0.209068;-2.74914;3.95253;2.82237;7.52404;-0.000747303;6.70092;-1.74839;1.82312
8745;0.209068;-2.74934;3.95233;2.82258;7.52425;-0.000747305;6.70092;-1.7486;1.82333
8746;0.209068;-2.74955;3.95212;2.82279;7.52446;-0.000747306;6.70092;-1.7488;1.82353
8747;0.209068;-2.74976;3.95191;2.823;7.52466;-0.000747307;6.70092;-1.74901;1.82374
8748;0.209068;-2.74997;לאנ.17;פוג.32;7.52487;-0.000747309;6.70092;-1.74922;1.82395
8749;0.209068;-2.75017;לאנ.15;2.82341;7.52508;-0.00074731;6.70092;-1.74943;1.82416
8750;0.209068;-2.75038;3.95129;2.82362;7.52529;-0.000747311;6.70092;-1.74963;1.82437
8751;0.209068;-2.75059;3.95108;2.82383;ט‏כ.55;-0.000747313;6.70092;-1.74984;1.82457
8752;0.209068;-2.7508;3.95087;2.82403;ט‏כ.57;-0.000747314;6.70092;-1.75005;1.82478
8753;0.209068;-2.751;3.95066;2.82424;7.52591;-0.000747315;6.70092;-1.75026;1.82499
8754;0.209068;-2.75121;3.95046;2.82445;7.52612;-0.000747316;6.70092;-1.75046;ÿםג.52
8755;0.209068;-2.75142;3.95025;2.82466;7.52633;-0.000747318;6.70092;-1.75067;ÿםג.54
8756;0.209068;-2.75163;3.95004;2.82486;7.52653;-0.000747319;6.70092;-1.75088;1.82561
8757;0.209068;-2.75183;3.94983;2.82507;7.52674;-0.00074732;6.70092;-1.75109;1.82582
8758;0.209068;-2.75204;3.94963;2.82528;7.52695;-0.000747322;6.70092;-1.7513;1.82603
8759;0.209068;-2.75225;3.94942;2.82549;7.52716;-0.000747323;6.70092;-1.7515;1.82624
8760;0.209068;-2.75246;3.94921;פוג.57;7.52736;-0.000747324;6.70092;-1.75171;1.82644
8761;0.209068;-2.75267;3.949;פוג.59;7.52757;-0.000747326;6.70092;-1.75192;1.82665
8762;0.209068;-2.75287;לאנ.88;2.82611;7.52778;-0.000747327;6.70092;-1.75213;1.82686
8763;0.209068;-2.75308;3.94859;2.82632;7.52799;-0.000747328;6.70092;-1.75233;1.82707
8764;0.209068;-2.75329;3.94838;2.82653;ט‏כ.82;-0.00074733;6.70092;-1.75254;1.82727
8765;0.209068;-2.7535;3.94817;2.82673;ט‏כ.84;-0.000747331;6.70092;-1.75275;1.82748
8766;0.209068;-2.7537;3.94797;2.82694;7.52861;-0.000747332;6.70092;-1.75296;1.82769
8767;0.209068;-2.75391;3.94776;2.82715;7.52882;-0.000747334;6.70092;-1.75316;ÿםג.79
8768;0.209068;-2.75412;3.94755;2.82736;7.52903;-0.000747335;6.70092;-1.75337;ÿםג.81
8769;0.209068;-2.75433;3.94734;2.82756;7.52923;-0.000747336;6.70092;-1.75358;1.82831
8770;0.209068;-2.75453;3.94714;2.82777;7.52944;-0.000747337;6.70092;-1.75379;1.82852
8771;0.209068;-2.75474;3.94693;2.82798;7.52965;-0.000747339;6.70092;-1.75399;1.82873
8772;0.209068;-2.75495;3.94672;2.82819;7.52986;-0.00074734;6.70092;-1.7542;1.82894
8773;0.209068;-2.75516;3.94651;פוג.84;7.53006;-0.000747341;6.70092;-1.75441;1.82914
8774;0.209068;-2.75536;3.94631;פוג.86;7.53027;-0.000747343;6.70092;-1.75462;1.82935
8775;0.209068;-2.75557;לאנ.61;2.82881;7.53048;-0.000747344;6.70092;-1.75482;1.82956
8776;0.209068;-2.75578;3.94589;2.82902;7.53069;-0.000747345;6.70092;-1.75503;1.82977
8777;0.209068;-2.75599;3.94568;2.82923;ט‏כ.09;-0.000747347;6.70092;-1.75524;1.82997
8778;0.209068;-2.75619;3.94547;2.82943;ט‏כ.11;-0.000747348;6.70092;-1.75545;1.83018
8779;0.209068;-2.7564;3.94527;2.82964;7.53131;-0.000747349;6.70092;-1.75565;1.83039
8780;0.209068;-2.75661;3.94506;2.82985;7.53152;-0.000747351;6.70092;-1.75586;ÿםג.06
8781;0.209068;-2.75682;3.94485;2.83006;7.53173;-0.000747352;6.70092;-1.75607;1.83081
8782;0.209068;-2.75702;3.94464;2.83027;7.53193;-0.000747353;6.70092;-1.75628;1.83101
8783;0.209069;-2.75723;3.94444;2.83047;7.53214;-0.000747354;6.70092;-1.75649;1.83122
8784;0.209069;-2.75744;3.94423;2.83068;7.53235;-0.000747356;6.70092;-1.75669;1.83143
8785;0.209069;-2.75765;3.94402;2.83089;7.53256;-0.000747357;6.70092;-1.7569;1.83164
8786;0.209069;-2.75786;3.94381;פוג.11;7.53277;-0.000747358;6.70092;-1.75711;1.83184
8787;0.209069;-2.75806;3.94361;פוג.13;7.53297;-0.00074736;6.70092;-1.75732;1.83205
8788;0.209069;-2.75827;לאנ.34;2.83151;7.53318;-0.000747361;6.70092;-1.75752;1.83226
8789;0.209069;-2.75848;3.94319;2.83172;7.53339;-0.000747362;6.70092;-1.75773;1.83247
8790;0.209069;-2.75869;3.94298;2.83193;ט‏כ.36;-0.000747364;6.70092;-1.75794;1.83267
8791;0.209069;-2.75889;3.94278;2.83213;ט‏כ.38;-0.000747365;6.70092;-1.75815;1.83288
8792;0.209069;-2.7591;3.94257;2.83234;7.53401;-0.000747366;6.70092;-1.75835;1.83309
8793;0.209069;-2.75931;3.94236;2.83255;7.53422;-0.000747367;6.70092;-1.75856;ÿםג.33
8794;0.209069;-2.75952;3.94215;2.83276;7.53443;-0.000747369;6.70092;-1.75877;1.83351
8795;0.209069;-2.75972;3.94195;2.83297;7.53463;-0.00074737;6.70092;-1.75898;1.83371
8796;0.209069;-2.75993;3.94174;2.83317;7.53484;-0.000747371;6.70092;-1.75918;1.83392
8797;0.209069;-2.76014;3.94153;2.83338;7.53505;-0.000747373;6.70092;-1.75939;1.83413
8798;0.209069;-2.76035;3.94132;2.83359;7.53526;-0.000747374;6.70092;-1.7596;1.83434
8799;0.209069;-2.76055;3.94111;פוג.38;7.53547;-0.000747375;6.70092;-1.75981;1.83454
8800;0.209069;-2.76076;3.94091;2.834;7.53567;-0.000747377;6.70092;-1.76001;1.83475
8801;0.209069;-2.76097;לאנ.07;2.83421;7.53588;-0.000747378;6.70092;-1.76022;1.83496
8802;0.209069;-2.76118;3.94049;2.83442;7.53609;-0.000747379;6.70092;-1.76043;1.83517
8803;0.209069;-2.76138;3.94028;2.83463;ט‏כ.63;-0.00074738;6.70092;-1.76064;1.83538
8804;0.209069;-2.76159;3.94008;2.83484;ט‏כ.65;-0.000747382;6.70092;-1.76084;1.83558
8805;0.209069;-2.7618;3.93987;2.83504;7.53671;-0.000747383;6.70092;-1.76105;1.83579
8806;0.209069;-2.76201;3.93966;2.83525;7.53692;-0.000747384;6.70092;-1.76126;1.836
8807;0.209069;-2.76221;3.93945;2.83546;7.53713;-0.000747386;6.70092;-1.76147;1.83621
8808;0.209069;-2.76242;3.93925;2.83567;7.53734;-0.000747387;6.70092;-1.76168;1.83641
8809;0.209069;-2.76263;3.93904;2.83587;7.53754;-0.000747388;6.70092;-1.76188;1.83662
8810;0.209069;-2.76284;3.93883;2.83608;7.53775;-0.00074739;6.70092;-1.76209;1.83683
8811;0.209069;-2.76305;3.93862;2.83629;7.53796;-0.000747391;6.70092;-1.7623;1.83704
8812;0.209069;-2.76325;3.93842;פוג.65;7.53817;-0.000747392;6.70092;-1.76251;1.83724
8813;0.209069;-2.76346;3.93821;2.83671;7.53837;-0.000747393;6.70092;-1.76271;1.83745
8814;0.209069;-2.76367;3.938;2.83691;7.53858;-0.000747395;6.70092;-1.76292;1.83766
8815;0.209069;-2.76388;3.93779;2.83712;7.53879;-0.000747396;6.70092;-1.76313;1.83787
8816;0.209069;-2.76408;3.93759;2.83733;7.539;-0.000747397;6.70092;-1.76334;1.83808
8817;0.209069;-2.76429;3.93738;2.83754;ט‏כ.92;-0.000747399;6.70092;-1.76354;1.83828
8818;0.209069;-2.7645;3.93717;2.83774;7.53941;-0.0007474;6.70092;-1.76375;1.83849
8819;0.209069;-2.76471;3.93696;2.83795;7.53962;-0.000747401;6.70092;-1.76396;ÿםג.87
8820;0.209069;-2.76491;3.93675;2.83816;7.53983;-0.000747402;6.70092;-1.76417;1.83891
8821;0.209069;-2.76512;3.93655;2.83837;7.54004;-0.000747404;6.70092;-1.76437;1.83911
8822;0.209069;-2.76533;3.93634;2.83857;7.54024;-0.000747405;6.70092;-1.76458;1.83932
8823;0.209069;-2.76554;3.93613;2.83878;7.54045;-0.000747406;6.70092;-1.76479;1.83953
8824;0.209069;-2.76574;3.93592;2.83899;7.54066;-0.000747408;6.70092;-1.765;1.83974
8825;0.209069;-2.76595;3.93572;פוג.92;7.54087;-0.000747409;6.70092;-1.7652;1.83995
8826;0.209069;-2.76616;3.93551;2.83941;7.54107;-0.00074741;6.70092;-1.76541;1.84015
8827;0.209069;-2.76637;לאנ.53;2.83961;7.54128;-0.000747411;6.70092;-1.76562;1.84036
8828;0.209069;-2.76657;3.93509;2.83982;7.54149;-0.000747413;6.70092;-1.76583;1.84057
8829;0.209069;-2.76678;3.93489;2.84003;ט‏כ.17;-0.000747414;6.70092;-1.76604;1.84078
8830;0.209069;-2.76699;3.93468;2.84024;7.54191;-0.000747415;6.70092;-1.76624;1.84098
8831;0.209069;-2.7672;3.93447;2.84044;7.54211;-0.000747417;6.70092;-1.76645;1.84119
8832;0.209069;-2.76741;3.93426;2.84065;7.54232;-0.000747418;6.70092;-1.76666;ÿםג.14
8833;0.209069;-2.76761;3.93406;2.84086;7.54253;-0.000747419;6.70092;-1.76687;1.84161
8834;0.209069;-2.76782;3.93385;2.84107;7.54274;-0.00074742;6.70092;-1.76707;1.84182
8835;0.209069;-2.76803;3.93364;2.84128;7.54294;-0.000747422;6.70092;-1.76728;1.84202
8836;0.209069;-2.76824;3.93343;2.84148;7.54315;-0.000747423;6.70092;-1.76749;1.84223
8837;0.209069;-2.76844;3.93323;2.84169;7.54336;-0.000747424;6.70092;-1.7677;1.84244
8838;0.209069;-2.76865;3.93302;פוג.19;7.54357;-0.000747426;6.70092;-1.7679;1.84265
8839;0.209069;-2.76886;3.93281;2.84211;7.54378;-0.000747427;6.70092;-1.76811;1.84285
8840;0.209069;-2.76907;לאנ.26;2.84231;7.54398;-0.000747428;6.70092;-1.76832;1.84306
8841;0.209069;-2.76927;3.93239;2.84252;7.54419;-0.000747429;6.70092;-1.76853;1.84327
8842;0.209069;-2.76948;3.93219;2.84273;ט‏כ.44;-0.000747431;6.70092;-1.76873;1.84348
8843;0.209069;-2.76969;3.93198;2.84294;7.54461;-0.000747432;6.70092;-1.76894;1.84369
8844;0.209069;-2.7699;3.93177;2.84315;7.54481;-0.000747433;6.70092;-1.76915;1.84389
8845;0.209069;-2.7701;3.93156;2.84335;7.54502;-0.000747435;6.70092;-1.76936;ÿםג.41
8846;0.209069;-2.77031;3.93136;2.84356;7.54523;-0.000747436;6.70092;-1.76956;1.84431
8847;0.209069;-2.77052;3.93115;2.84377;7.54544;-0.000747437;6.70092;-1.76977;1.84452
8848;0.209069;-2.77073;3.93094;2.84398;7.54565;-0.000747438;6.70092;-1.76998;1.84472
8849;0.209069;-2.77094;3.93073;2.84418;7.54585;-0.00074744;6.70092;-1.77019;1.84493
8850;0.209069;-2.77114;3.93053;2.84439;7.54606;-0.000747441;6.70092;-1.7704;1.84514
8851;0.209069;-2.77135;3.93032;פוג.46;7.54627;-0.000747442;6.70092;-1.7706;1.84535
8852;0.209069;-2.77156;3.93011;2.84481;7.54648;-0.000747444;6.70092;-1.77081;1.84555
8853;0.209069;-2.77177;לאנ.99;2.84502;7.54668;-0.000747445;6.70092;-1.77102;1.84576
8854;0.209069;-2.77197;לאנ.97;2.84522;7.54689;-0.000747446;6.70092;-1.77123;1.84597
8855;0.209069;-2.77218;3.92949;2.84543;ט‏כ.71;-0.000747447;6.70092;-1.77143;1.84618
8856;0.209069;-2.77239;3.92928;2.84564;7.54731;-0.000747449;6.70092;-1.77164;1.84639
8857;0.209069;-2.7726;3.92907;2.84585;7.54751;-0.00074745;6.70092;-1.77185;1.84659
8858;0.209069;-2.7728;3.92886;2.84605;7.54772;-0.000747451;6.70092;-1.77206;ÿםג.68
8859;0.209069;-2.77301;3.92866;2.84626;7.54793;-0.000747452;6.70092;-1.77226;1.84701
8860;0.209069;-2.77322;3.92845;2.84647;7.54814;-0.000747454;6.70092;-1.77247;1.84722
8861;0.209069;-2.77343;3.92824;2.84668;7.54835;-0.000747455;6.70092;-1.77268;1.84742
8862;0.209069;-2.77363;3.92803;2.84689;7.54855;-0.000747456;6.70092;-1.77289;1.84763
8863;0.209069;-2.77384;3.92783;2.84709;7.54876;-0.000747458;6.70092;-1.77309;1.84784
8864;0.209069;-2.77405;3.92762;פוג.73;7.54897;-0.000747459;6.70092;-1.7733;1.84805
8865;0.209069;-2.77426;3.92741;2.84751;7.54918;-0.00074746;6.70092;-1.77351;1.84826
8866;0.209069;-2.77446;לאנ.72;2.84772;7.54938;-0.000747461;6.70092;-1.77372;1.84846
8867;0.209069;-2.77467;3.927;2.84792;7.54959;-0.000747463;6.70092;-1.77393;1.84867
8868;0.209069;-2.77488;3.92679;2.84813;ט‏כ.98;-0.000747464;6.70092;-1.77413;1.84888
8869;0.209069;-2.77509;3.92658;2.84834;7.55001;-0.000747465;6.70092;-1.77434;1.84909
8870;0.209069;-2.7753;3.92637;2.84855;7.55022;-0.000747467;6.70092;-1.77455;1.84929
8871;0.209069;-2.7755;3.92617;2.84875;7.55042;-0.000747468;6.70092;-1.77476;ÿםג.95
8872;0.209069;-2.77571;3.92596;2.84896;7.55063;-0.000747469;6.70092;-1.77496;1.84971
8873;0.209069;-2.77592;3.92575;2.84917;7.55084;-0.00074747;6.70092;-1.77517;1.84992
8874;0.209069;-2.77613;3.92554;2.84938;7.55105;-0.000747472;6.70092;-1.77538;1.85013
8875;0.209069;-2.77633;3.92533;2.84959;7.55125;-0.000747473;6.70092;-1.77559;1.85033
8876;0.209069;-2.77654;3.92513;2.84979;7.55146;-0.000747474;6.70092;-1.77579;1.85054
8877;0.209069;-2.77675;3.92492;פוג.85;7.55167;-0.000747475;6.70092;-1.776;1.85075
8878;0.209069;-2.77696;3.92471;2.85021;7.55188;-0.000747477;6.70092;-1.77621;1.85096
8879;0.209069;-2.77716;לאנ.45;2.85042;7.55209;-0.000747478;6.70092;-1.77642;1.85116
8880;0.209069;-2.77737;לאנ.43;2.85062;7.55229;-0.000747479;6.70092;-1.77662;1.85137
8881;0.209069;-2.77758;3.92409;2.85083;ט‏כ.25;-0.00074748;6.70092;-1.77683;1.85158
8882;0.209069;-2.77779;3.92388;2.85104;7.55271;-0.000747482;6.70092;-1.77704;1.85179
8883;0.209069;-2.77799;3.92367;2.85125;7.55292;-0.000747483;6.70092;-1.77725;1.852
8884;0.20907;-2.7782;3.92347;2.85146;7.55312;-0.000747484;6.70092;-1.77745;ÿםג.22
8885;0.20907;-2.77841;3.92326;2.85166;7.55333;-0.000747486;6.70092;-1.77766;1.85241
8886;0.20907;-2.77862;3.92305;2.85187;7.55354;-0.000747487;6.70092;-1.77787;1.85262
8887;0.20907;-2.77883;3.92284;2.85208;7.55375;-0.000747488;6.70092;-1.77808;1.85283
8888;0.20907;-2.77903;3.92264;2.85229;7.55396;-0.000747489;6.70092;-1.77829;1.85303
8889;0.20907;-2.77924;3.92243;2.85249;7.55416;-0.000747491;6.70092;-1.77849;1.85324
8890;0.20907;-2.77945;3.92222;פוג.27;7.55437;-0.000747492;6.70092;-1.7787;1.85345
8891;0.20907;-2.77966;3.92201;2.85291;7.55458;-0.000747493;6.70092;-1.77891;1.85366
8892;0.20907;-2.77986;לאנ.18;2.85312;7.55479;-0.000747494;6.70092;-1.77912;1.85387
8893;0.20907;-2.78007;לאנ.16;2.85333;7.55499;-0.000747496;6.70092;-1.77932;1.85407
8894;0.20907;-2.78028;3.92139;2.85353;ט‏כ.52;-0.000747497;6.70092;-1.77953;1.85428
8895;0.20907;-2.78049;3.92118;2.85374;7.55541;-0.000747498;6.70092;-1.77974;1.85449
8896;0.20907;-2.78069;3.92097;2.85395;7.55562;-0.0007475;6.70092;-1.77995;ÿםג.47
8897;0.20907;-2.7809;3.92077;2.85416;7.55583;-0.000747501;6.70092;-1.78015;ÿםג.49
8898;0.20907;-2.78111;3.92056;2.85436;7.55603;-0.000747502;6.70092;-1.78036;1.85511
8899;0.20907;-2.78132;3.92035;2.85457;7.55624;-0.000747503;6.70092;-1.78057;1.85532
8900;0.20907;-2.78152;3.92014;2.85478;7.55645;-0.000747505;6.70092;-1.78078;1.85553
8901;0.20907;-2.78173;3.91994;2.85499;7.55666;-0.000747506;6.70092;-1.78098;1.85574
8902;0.20907;-2.78194;3.91973;פוג.52;7.55686;-0.000747507;6.70092;-1.78119;1.85594
8903;0.20907;-2.78215;3.91952;פוג.54;7.55707;-0.000747508;6.70092;-1.7814;1.85615
8904;0.20907;-2.78236;3.91931;2.85561;7.55728;-0.00074751;6.70092;-1.78161;1.85636
8905;0.20907;-2.78256;3.91911;2.85582;7.55749;-0.000747511;6.70092;-1.78182;1.85657
8906;0.20907;-2.78277;לאנ.89;2.85603;ט‏כ.77;-0.000747512;6.70092;-1.78202;1.85677
8907;0.20907;-2.78298;3.91869;2.85623;ט‏כ.79;-0.000747513;6.70092;-1.78223;1.85698
8908;0.20907;-2.78319;3.91848;2.85644;7.55811;-0.000747515;6.70092;-1.78244;1.85719
8909;0.20907;-2.78339;3.91827;2.85665;7.55832;-0.000747516;6.70092;-1.78265;ÿםג.74
8910;0.20907;-2.7836;3.91807;2.85686;7.55853;-0.000747517;6.70092;-1.78285;1.85761
8911;0.20907;-2.78381;3.91786;2.85707;7.55873;-0.000747518;6.70092;-1.78306;1.85781
8912;0.20907;-2.78402;3.91765;2.85727;7.55894;-0.00074752;6.70092;-1.78327;1.85802
8913;0.20907;-2.78422;3.91744;2.85748;7.55915;-0.000747521;6.70092;-1.78348;1.85823
8914;0.20907;-2.78443;3.91724;2.85769;7.55936;-0.000747522;6.70092;-1.78368;1.85844
8915;0.20907;-2.78464;3.91703;פוג.79;7.55957;-0.000747523;6.70092;-1.78389;1.85864
8916;0.20907;-2.78485;3.91682;פוג.81;7.55977;-0.000747525;6.70092;-1.7841;1.85885
8917;0.20907;-2.78505;3.91661;2.85831;7.55998;-0.000747526;6.70092;-1.78431;1.85906
8918;0.20907;-2.78526;3.91641;2.85852;7.56019;-0.000747527;6.70092;-1.78452;1.85927
8919;0.20907;-2.78547;לאנ.62;2.85873;ט‏כ.04;-0.000747528;6.70092;-1.78472;1.85948
8920;0.20907;-2.78568;3.91599;2.85894;ט‏כ.06;-0.00074753;6.70092;-1.78493;1.85968
8921;0.20907;-2.78589;3.91578;2.85914;7.56081;-0.000747531;6.70092;-1.78514;1.85989
8922;0.20907;-2.78609;3.91557;2.85935;7.56102;-0.000747532;6.70092;-1.78535;ÿםג.01
8923;0.20907;-2.7863;3.91537;2.85956;7.56123;-0.000747534;6.70092;-1.78555;1.86031
8924;0.20907;-2.78651;3.91516;2.85977;7.56144;-0.000747535;6.70092;-1.78576;1.86051
8925;0.20907;-2.78672;3.91495;2.85997;7.56164;-0.000747536;6.70092;-1.78597;1.86072
8926;0.20907;-2.78692;3.91474;2.86018;7.56185;-0.000747537;6.70092;-1.78618;1.86093
8927;0.20907;-2.78713;3.91454;2.86039;7.56206;-0.000747539;6.70092;-1.78638;1.86114
8928;0.20907;-2.78734;3.91433;פוג.06;7.56227;-0.00074754;6.70092;-1.78659;1.86135
8929;0.20907;-2.78755;3.91412;2.86081;7.56247;-0.000747541;6.70092;-1.7868;1.86155
8930;0.20907;-2.78775;3.91391;2.86101;7.56268;-0.000747542;6.70092;-1.78701;1.86176
8931;0.20907;-2.78796;3.91371;2.86122;7.56289;-0.000747544;6.70092;-1.78721;1.86197
8932;0.20907;-2.78817;לאנ.35;2.86143;ט‏כ.31;-0.000747545;6.70092;-1.78742;1.86218
8933;0.20907;-2.78838;3.91329;2.86164;7.56331;-0.000747546;6.70092;-1.78763;1.86238
8934;0.20907;-2.78859;3.91308;2.86184;7.56351;-0.000747547;6.70092;-1.78784;1.86259
8935;0.20907;-2.78879;3.91288;2.86205;7.56372;-0.000747549;6.70092;-1.78805;ÿםג.28
8936;0.20907;-2.789;3.91267;2.86226;7.56393;-0.00074755;6.70092;-1.78825;1.86301
8937;0.20907;-2.78921;3.91246;2.86247;7.56414;-0.000747551;6.70092;-1.78846;1.86322
8938;0.20907;-2.78942;3.91225;2.86268;7.56434;-0.000747552;6.70092;-1.78867;1.86342
8939;0.20907;-2.78962;3.91204;2.86288;7.56455;-0.000747554;6.70092;-1.78888;1.86363
8940;0.20907;-2.78983;3.91184;2.86309;7.56476;-0.000747555;6.70092;-1.78908;1.86384
8941;0.20907;-2.79004;3.91163;פוג.33;7.56497;-0.000747556;6.70092;-1.78929;1.86405
8942;0.20907;-2.79025;3.91142;2.86351;7.56518;-0.000747557;6.70092;-1.7895;1.86425
8943;0.20907;-2.79045;3.91121;2.86371;7.56538;-0.000747559;6.70092;-1.78971;1.86446
8944;0.20907;-2.79066;3.91101;2.86392;7.56559;-0.00074756;6.70092;-1.78991;1.86467
8945;0.20907;-2.79087;לאנ.08;2.86413;ט‏כ.58;-0.000747561;6.70092;-1.79012;1.86488
8946;0.20907;-2.79108;3.91059;2.86434;7.56601;-0.000747562;6.70092;-1.79033;1.86509
8947;0.20907;-2.79128;3.91038;2.86455;7.56621;-0.000747564;6.70092;-1.79054;1.86529
8948;0.20907;-2.79149;3.91018;2.86475;7.56642;-0.000747565;6.70092;-1.79074;ÿםג.55
8949;0.20907;-2.7917;3.90997;2.86496;7.56663;-0.000747566;6.70092;-1.79095;1.86571
8950;0.20907;-2.79191;3.90976;2.86517;7.56684;-0.000747567;6.70092;-1.79116;1.86592
8951;0.20907;-2.79212;3.90955;2.86538;7.56705;-0.000747569;6.70092;-1.79137;1.86612
8952;0.20907;-2.79232;3.90934;2.86559;7.56725;-0.00074757;6.70092;-1.79158;1.86633
8953;0.20907;-2.79253;3.90914;2.86579;7.56746;-0.000747571;6.70092;-1.79178;1.86654
8954;0.20907;-2.79274;3.90893;2.866;7.56767;-0.000747572;6.70092;-1.79199;1.86675
8955;0.20907;-2.79295;3.90872;2.86621;7.56788;-0.000747574;6.70092;-1.7922;1.86696
8956;0.20907;-2.79315;3.90851;2.86642;7.56808;-0.000747575;6.70092;-1.79241;1.86716
8957;0.20907;-2.79336;3.90831;2.86662;7.56829;-0.000747576;6.70092;-1.79261;1.86737
8958;0.20907;-2.79357;לאנ.81;2.86683;ט‏כ.85;-0.000747577;6.70092;-1.79282;1.86758
8959;0.20907;-2.79378;3.90789;2.86704;7.56871;-0.000747578;6.70092;-1.79303;1.86779
8960;0.20907;-2.79398;3.90768;2.86725;7.56892;-0.00074758;6.70092;-1.79324;1.86799
8961;0.20907;-2.79419;3.90748;2.86746;7.56912;-0.000747581;6.70092;-1.79344;ÿםג.82
8962;0.20907;-2.7944;3.90727;2.86766;7.56933;-0.000747582;6.70092;-1.79365;1.86841
8963;0.20907;-2.79461;3.90706;2.86787;7.56954;-0.000747583;6.70092;-1.79386;1.86862
8964;0.20907;-2.79482;3.90685;2.86808;7.56975;-0.000747585;6.70092;-1.79407;1.86883
8965;0.20907;-2.79502;3.90664;2.86829;7.56995;-0.000747586;6.70092;-1.79428;1.86903
8966;0.20907;-2.79523;3.90644;2.86849;7.57016;-0.000747587;6.70092;-1.79448;1.86924
8967;0.20907;-2.79544;3.90623;פוג.87;7.57037;-0.000747588;6.70092;-1.79469;1.86945
8968;0.20907;-2.79565;3.90602;2.86891;7.57058;-0.00074759;6.70092;-1.7949;1.86966
8969;0.20907;-2.79585;3.90581;2.86912;7.57079;-0.000747591;6.70092;-1.79511;1.86987
8970;0.20907;-2.79606;3.90561;2.86933;7.57099;-0.000747592;6.70092;-1.79531;1.87007
8971;0.20907;-2.79627;לאנ.54;2.86953;ט‏כ.12;-0.000747593;6.70092;-1.79552;1.87028
8972;0.20907;-2.79648;3.90519;2.86974;7.57141;-0.000747595;6.70092;-1.79573;1.87049
8973;0.20907;-2.79668;3.90498;2.86995;7.57162;-0.000747596;6.70092;-1.79594;ÿםג.07
8974;0.20907;-2.79689;3.90478;2.87016;7.57182;-0.000747597;6.70092;-1.79614;ÿםג.09
8975;0.20907;-2.7971;3.90457;2.87036;7.57203;-0.000747598;6.70092;-1.79635;1.87111
8976;0.20907;-2.79731;3.90436;2.87057;7.57224;-0.0007476;6.70092;-1.79656;1.87132
8977;0.20907;-2.79752;3.90415;2.87078;7.57245;-0.000747601;6.70092;-1.79677;1.87153
8978;0.20907;-2.79772;3.90394;2.87099;7.57266;-0.000747602;6.70092;-1.79698;1.87174
8979;0.20907;-2.79793;3.90374;פוג.12;7.57286;-0.000747603;6.70092;-1.79718;1.87194
8980;0.20907;-2.79814;3.90353;פוג.14;7.57307;-0.000747605;6.70092;-1.79739;1.87215
8981;0.20907;-2.79835;3.90332;2.87161;7.57328;-0.000747606;6.70092;-1.7976;1.87236
8982;0.20907;-2.79855;3.90311;2.87182;7.57349;-0.000747607;6.70092;-1.79781;1.87257
8983;0.20907;-2.79876;3.90291;2.87203;7.57369;-0.000747608;6.70092;-1.79801;1.87277
8984;0.20907;-2.79897;לאנ.27;2.87223;ט‏כ.39;-0.000747609;6.70092;-1.79822;1.87298
8985;0.20907;-2.79918;3.90249;2.87244;7.57411;-0.000747611;6.70092;-1.79843;1.87319
8986;0.20907;-2.79938;3.90228;2.87265;7.57432;-0.000747612;6.70092;-1.79864;ÿםג.34
8987;0.20907;-2.79959;3.90208;2.87286;7.57453;-0.000747613;6.70092;-1.79884;1.87361
8988;0.20907;-2.7998;3.90187;2.87307;7.57473;-0.000747614;6.70092;-1.79905;1.87381
8989;0.20907;-2.80001;3.90166;2.87327;7.57494;-0.000747616;6.70092;-1.79926;1.87402
8990;0.20907;-2.80022;3.90145;2.87348;7.57515;-0.000747617;6.70092;-1.79947;1.87423
8991;0.20907;-2.80042;3.90125;2.87369;7.57536;-0.000747618;6.70092;-1.79968;1.87444
8992;0.20907;-2.80063;3.90104;פוג.39;7.57556;-0.000747619;6.70092;-1.79988;1.87464
8993;0.20907;-2.80084;3.90083;פוג.41;7.57577;-0.000747621;6.70092;-1.80009;1.87485
8994;0.20907;-2.80105;3.90062;2.87431;7.57598;-0.000747622;6.70092;-1.8003;1.87506
8995;0.20907;-2.80125;3.90041;2.87452;7.57619;-0.000747623;6.70092;-1.80051;1.87527
8996;0.20907;-2.80146;3.90021;2.87473;ט‏כ.64;-0.000747624;6.70092;-1.80071;1.87548
8997;0.20907;-2.80167;03.סום;2.87494;ט‏כ.66;-0.000747625;6.70092;-1.80092;1.87568
8998;0.209071;-2.80188;3.89979;2.87514;7.57681;-0.000747627;6.70092;-1.80113;1.87589
8999;0.209071;-2.80208;3.89958;2.87535;7.57702;-0.000747628;6.70092;-1.80134;ÿםג.61
9000;0.209071;-2.80229;3.89938;2.87556;7.57723;-0.000747629;6.70092;-1.80154;1.87631
9001;0.209071;-2.8025;3.89917;2.87577;7.57744;-0.00074763;6.70092;-1.80175;1.87652
9002;0.209071;-2.80271;3.89896;2.87598;7.57764;-0.000747632;6.70092;-1.80196;1.87672
9003;0.209071;-2.80292;3.89875;2.87618;7.57785;-0.000747633;6.70092;-1.80217;1.87693
9004;0.209071;-2.80312;3.89854;2.87639;7.57806;-0.000747634;6.70092;-1.80238;1.87714
9005;0.209071;-2.80333;3.89834;פוג.66;7.57827;-0.000747635;6.70092;-1.80258;1.87735
9006;0.209071;-2.80354;3.89813;2.87681;7.57847;-0.000747637;6.70092;-1.80279;1.87755
9007;0.209071;-2.80375;3.89792;2.87701;7.57868;-0.000747638;6.70092;-1.803;1.87776
9008;0.209071;-2.80395;3.89771;2.87722;7.57889;-0.000747639;6.70092;-1.80321;1.87797
9009;0.209071;-2.80416;3.89751;2.87743;ט‏כ.91;-0.00074764;6.70092;-1.80341;1.87818
9010;0.209071;-2.80437;לאנ.73;2.87764;7.57931;-0.000747641;6.70092;-1.80362;1.87839
9011;0.209071;-2.80458;3.89709;2.87785;7.57951;-0.000747643;6.70092;-1.80383;1.87859
9012;0.209071;-2.80478;3.89688;2.87805;7.57972;-0.000747644;6.70092;-1.80404;ÿםג.88
9013;0.209071;-2.80499;3.89668;2.87826;7.57993;-0.000747645;6.70092;-1.80424;1.87901
9014;0.209071;-2.8052;3.89647;2.87847;7.58014;-0.000747646;6.70092;-1.80445;1.87922
9015;0.209071;-2.80541;3.89626;2.87868;7.58034;-0.000747648;6.70092;-1.80466;1.87942
9016;0.209071;-2.80562;3.89605;2.87888;7.58055;-0.000747649;6.70092;-1.80487;1.87963
9017;0.209071;-2.80582;3.89584;2.87909;7.58076;-0.00074765;6.70092;-1.80508;1.87984
9018;0.209071;-2.80603;3.89564;פוג.93;7.58097;-0.000747651;6.70092;-1.80528;1.88005
9019;0.209071;-2.80624;3.89543;2.87951;7.58118;-0.000747652;6.70092;-1.80549;1.88026
9020;0.209071;-2.80645;3.89522;2.87972;7.58138;-0.000747654;6.70092;-1.8057;1.88046
9021;0.209071;-2.80665;3.89501;2.87992;7.58159;-0.000747655;6.70092;-1.80591;1.88067
9022;0.209071;-2.80686;3.89481;2.88013;ט‏כ.18;-0.000747656;6.70092;-1.80611;1.88088
9023;0.209071;-2.80707;לאנ.46;2.88034;7.58201;-0.000747657;6.70092;-1.80632;1.88109
9024;0.209071;-2.80728;3.89439;2.88055;7.58221;-0.000747659;6.70092;-1.80653;1.88129
9025;0.209071;-2.80748;3.89418;2.88076;7.58242;-0.00074766;6.70092;-1.80674;ÿםג.15
9026;0.209071;-2.80769;3.89398;2.88096;7.58263;-0.000747661;6.70092;-1.80694;1.88171
9027;0.209071;-2.8079;3.89377;2.88117;7.58284;-0.000747662;6.70092;-1.80715;1.88192
9028;0.209071;-2.80811;3.89356;2.88138;7.58305;-0.000747663;6.70092;-1.80736;1.88213
9029;0.209071;-2.80832;3.89335;2.88159;7.58325;-0.000747665;6.70092;-1.80757;1.88233
9030;0.209071;-2.80852;3.89314;2.88179;7.58346;-0.000747666;6.70092;-1.80778;1.88254
9031;0.209071;-2.80873;3.89294;2.882;7.58367;-0.000747667;6.70092;-1.80798;1.88275
9032;0.209071;-2.80894;3.89273;2.88221;7.58388;-0.000747668;6.70092;-1.80819;1.88296
9033;0.209071;-2.80915;3.89252;2.88242;7.58409;-0.00074767;6.70092;-1.8084;1.88317
9034;0.209071;-2.80935;3.89231;2.88263;7.58429;-0.000747671;6.70092;-1.80861;1.88337
9035;0.209071;-2.80956;3.89211;2.88283;ט‏כ.45;-0.000747672;6.70092;-1.80881;1.88358
9036;0.209071;-2.80977;לאנ.19;2.88304;7.58471;-0.000747673;6.70092;-1.80902;1.88379
9037;0.209071;-2.80998;3.89169;2.88325;7.58492;-0.000747674;6.70092;-1.80923;1.884
9038;0.209071;-2.81018;3.89148;2.88346;7.58512;-0.000747676;6.70092;-1.80944;ÿםג.42
9039;0.209071;-2.81039;3.89128;2.88366;7.58533;-0.000747677;6.70092;-1.80964;1.88441
9040;0.209071;-2.8106;3.89107;2.88387;7.58554;-0.000747678;6.70092;-1.80985;1.88462
9041;0.209071;-2.81081;3.89086;2.88408;7.58575;-0.000747679;6.70092;-1.81006;1.88483
9042;0.209071;-2.81102;3.89065;2.88429;7.58596;-0.000747681;6.70092;-1.81027;1.88504
9043;0.209071;-2.81122;3.89044;פוג.45;7.58616;-0.000747682;6.70092;-1.81048;1.88524
9044;0.209071;-2.81143;3.89024;פוג.47;7.58637;-0.000747683;6.70092;-1.81068;1.88545
9045;0.209071;-2.81164;3.89003;2.88491;7.58658;-0.000747684;6.70092;-1.81089;1.88566
9046;0.209071;-2.81185;3.88982;2.88512;7.58679;-0.000747685;6.70092;-1.8111;1.88587
9047;0.209071;-2.81205;3.88961;2.88533;7.58699;-0.000747687;6.70092;-1.81131;1.88607
9048;0.209071;-2.81226;3.88941;2.88554;ט‏כ.72;-0.000747688;6.70092;-1.81151;1.88628
9049;0.209071;-2.81247;לאנ.92;2.88574;7.58741;-0.000747689;6.70092;-1.81172;1.88649
9050;0.209071;-2.81268;3.88899;2.88595;7.58762;-0.00074769;6.70092;-1.81193;ÿםג.67
9051;0.209071;-2.81288;3.88878;2.88616;7.58783;-0.000747691;6.70092;-1.81214;1.88691
9052;0.209071;-2.81309;3.88857;2.88637;7.58803;-0.000747693;6.70092;-1.81234;1.88711
9053;0.209071;-2.8133;3.88837;2.88657;7.58824;-0.000747694;6.70092;-1.81255;1.88732
9054;0.209071;-2.81351;3.88816;2.88678;7.58845;-0.000747695;6.70092;-1.81276;1.88753
9055;0.209071;-2.81372;3.88795;2.88699;7.58866;-0.000747696;6.70092;-1.81297;1.88774
9056;0.209071;-2.81392;3.88774;פוג.72;7.58887;-0.000747697;6.70092;-1.81318;1.88795
9057;0.209071;-2.81413;3.88754;2.88741;7.58907;-0.000747699;6.70092;-1.81338;1.88815
9058;0.209071;-2.81434;3.88733;2.88761;7.58928;-0.0007477;6.70092;-1.81359;1.88836
9059;0.209071;-2.81455;3.88712;2.88782;7.58949;-0.000747701;6.70092;-1.8138;1.88857
9060;0.209071;-2.81475;3.88691;2.88803;ט‏כ.97;-0.000747702;6.70092;-1.81401;1.88878
9061;0.209071;-2.81496;3.88671;2.88824;ט‏כ.99;-0.000747704;6.70092;-1.81421;1.88898
9062;0.209071;-2.81517;לאנ.65;2.88844;7.59011;-0.000747705;6.70092;-1.81442;1.88919
9063;0.209071;-2.81538;3.88629;2.88865;7.59032;-0.000747706;6.70092;-1.81463;ÿםג.94
9064;0.209071;-2.81559;3.88608;2.88886;7.59053;-0.000747707;6.70092;-1.81484;1.88961
9065;0.209071;-2.81579;3.88587;2.88907;7.59074;-0.000747708;6.70092;-1.81505;1.88982
9066;0.209071;-2.816;3.88567;2.88928;7.59094;-0.00074771;6.70092;-1.81525;1.89002
9067;0.209071;-2.81621;3.88546;2.88948;7.59115;-0.000747711;6.70092;-1.81546;1.89023
9068;0.209071;-2.81642;3.88525;2.88969;7.59136;-0.000747712;6.70092;-1.81567;1.89044
9069;0.209071;-2.81662;3.88504;פוג.99;7.59157;-0.000747713;6.70092;-1.81588;1.89065
9070;0.209071;-2.81683;3.88484;2.89011;7.59177;-0.000747714;6.70092;-1.81608;1.89086
9071;0.209071;-2.81704;3.88463;2.89032;7.59198;-0.000747716;6.70092;-1.81629;1.89106
9072;0.209071;-2.81725;3.88442;2.89052;7.59219;-0.000747717;6.70092;-1.8165;1.89127
9073;0.209071;-2.81745;3.88421;2.89073;ט‏כ.24;-0.000747718;6.70092;-1.81671;1.89148
9074;0.209071;-2.81766;3.88401;2.89094;7.59261;-0.000747719;6.70092;-1.81691;1.89169
9075;0.209071;-2.81787;לאנ.38;2.89115;7.59281;-0.00074772;6.70092;-1.81712;1.89189
9076;0.209071;-2.81808;3.88359;2.89135;7.59302;-0.000747722;6.70092;-1.81733;ÿםג.21
9077;0.209071;-2.81829;3.88338;2.89156;7.59323;-0.000747723;6.70092;-1.81754;1.89231
9078;0.209071;-2.81849;3.88317;2.89177;7.59344;-0.000747724;6.70092;-1.81775;1.89252
9079;0.209071;-2.8187;3.88297;2.89198;7.59365;-0.000747725;6.70092;-1.81795;1.89273
9080;0.209071;-2.81891;3.88276;2.89219;7.59385;-0.000747726;6.70092;-1.81816;1.89293
9081;0.209071;-2.81912;3.88255;2.89239;7.59406;-0.000747728;6.70092;-1.81837;1.89314
9082;0.209071;-2.81932;3.88234;פוג.26;7.59427;-0.000747729;6.70092;-1.81858;1.89335
9083;0.209071;-2.81953;3.88214;2.89281;7.59448;-0.00074773;6.70092;-1.81878;1.89356
9084;0.209071;-2.81974;3.88193;2.89302;7.59468;-0.000747731;6.70092;-1.81899;1.89376
9085;0.209071;-2.81995;3.88172;2.89322;7.59489;-0.000747732;6.70092;-1.8192;1.89397
9086;0.209071;-2.82015;3.88151;2.89343;ט‏כ.51;-0.000747734;6.70092;-1.81941;1.89418
9087;0.209071;-2.82036;לאנ.13;2.89364;7.59531;-0.000747735;6.70092;-1.81961;1.89439
9088;0.209071;-2.82057;לאנ.11;2.89385;7.59552;-0.000747736;6.70092;-1.81982;ÿםג.46
9089;0.209071;-2.82078;3.88089;2.89406;7.59572;-0.000747737;6.70092;-1.82003;ÿםג.48
9090;0.209071;-2.82099;3.88068;2.89426;7.59593;-0.000747738;6.70092;-1.82024;1.89501
9091;0.209071;-2.82119;3.88047;2.89447;7.59614;-0.00074774;6.70092;-1.82045;1.89522
9092;0.209071;-2.8214;3.88027;2.89468;7.59635;-0.000747741;6.70092;-1.82065;1.89543
9093;0.209071;-2.82161;3.88006;2.89489;7.59655;-0.000747742;6.70092;-1.82086;1.89564
9094;0.209071;-2.82182;3.87985;פוג.51;7.59676;-0.000747743;6.70092;-1.82107;1.89584
9095;0.209071;-2.82202;3.87964;פוג.53;7.59697;-0.000747744;6.70092;-1.82128;1.89605
9096;0.209071;-2.82223;3.87944;2.89551;7.59718;-0.000747746;6.70092;-1.82148;1.89626
9097;0.209071;-2.82244;3.87923;2.89572;7.59739;-0.000747747;6.70092;-1.82169;1.89647
9098;0.209071;-2.82265;3.87902;2.89593;7.59759;-0.000747748;6.70092;-1.8219;1.89667
9099;0.209071;-2.82286;3.87881;2.89613;ט‏כ.78;-0.000747749;6.70092;-1.82211;1.89688
9100;0.209071;-2.82306;לאנ.86;2.89634;7.59801;-0.00074775;6.70092;-1.82232;1.89709
9101;0.209071;-2.82327;לאנ.84;2.89655;7.59822;-0.000747752;6.70092;-1.82252;ÿםג.73
9102;0.209071;-2.82348;3.87819;2.89676;7.59843;-0.000747753;6.70092;-1.82273;1.89751
9103;0.209071;-2.82369;3.87798;2.89697;7.59863;-0.000747754;6.70092;-1.82294;1.89771
9104;0.209071;-2.82389;3.87777;2.89717;7.59884;-0.000747755;6.70092;-1.82315;1.89792
9105;0.209071;-2.8241;3.87757;2.89738;7.59905;-0.000747756;6.70092;-1.82335;1.89813
9106;0.209071;-2.82431;3.87736;2.89759;7.59926;-0.000747758;6.70092;-1.82356;1.89834
9107;0.209071;-2.82452;3.87715;פוג.78;7.59946;-0.000747759;6.70092;-1.82377;1.89855
9108;0.209071;-2.82473;3.87694;2.89801;7.59967;-0.00074776;6.70092;-1.82398;1.89875
9109;0.209071;-2.82493;3.87673;2.89821;7.59988;-0.000747761;6.70092;-1.82418;1.89896
9110;0.209071;-2.82514;3.87653;2.89842;7.60009;-0.000747762;6.70092;-1.82439;1.89917
9111;0.209071;-2.82535;3.87632;2.89863;ט‏כ.03;-0.000747764;6.70092;-1.8246;1.89938
9112;0.209071;-2.82556;3.87611;2.89884;ט‏כ.05;-0.000747765;6.70092;-1.82481;1.89958
9113;0.209071;-2.82576;לאנ.59;2.89904;7.60071;-0.000747766;6.70092;-1.82502;1.89979
9114;0.209071;-2.82597;לאנ.57;2.89925;7.60092;-0.000747767;6.70092;-1.82522;01.סום
9115;0.209071;-2.82618;3.87549;2.89946;7.60113;-0.000747768;6.70092;-1.82543;1.90021
9116;0.209071;-2.82639;3.87528;2.89967;7.60134;-0.00074777;6.70092;-1.82564;1.90042
9117;0.209071;-2.82659;3.87507;2.89988;7.60154;-0.000747771;6.70092;-1.82585;1.90062
9118;0.209071;-2.8268;3.87486;2.90008;7.60175;-0.000747772;6.70092;-1.82605;1.90083
9119;0.209071;-2.82701;3.87466;2.90029;7.60196;-0.000747773;6.70092;-1.82626;1.90104
9120;0.209071;-2.82722;3.87445;פוג.05;7.60217;-0.000747774;6.70092;-1.82647;1.90125
9121;0.209071;-2.82743;3.87424;2.90071;7.60237;-0.000747776;6.70092;-1.82668;1.90146
9122;0.209071;-2.82763;3.87403;2.90092;7.60258;-0.000747777;6.70092;-1.82689;1.90166
9123;0.209071;-2.82784;3.87383;2.90112;7.60279;-0.000747778;6.70092;-1.82709;1.90187
9124;0.209071;-2.82805;3.87362;2.90133;7.603;-0.000747779;6.70092;-1.8273;1.90208
9125;0.209071;-2.82826;3.87341;2.90154;7.60321;-0.00074778;6.70092;-1.82751;1.90229
9126;0.209071;-2.82846;לאנ.32;2.90175;7.60341;-0.000747781;6.70092;-1.82772;1.90249
9127;0.209071;-2.82867;3.873;2.90195;7.60362;-0.000747783;6.70092;-1.82792;ÿםג.27
9128;0.209071;-2.82888;3.87279;2.90216;7.60383;-0.000747784;6.70092;-1.82813;1.90291
9129;0.209072;-2.82909;3.87258;2.90237;7.60404;-0.000747785;6.70092;-1.82834;1.90312
9130;0.209072;-2.8293;3.87237;2.90258;7.60425;-0.000747786;6.70092;-1.82855;1.90333
9131;0.209072;-2.8295;3.87216;2.90279;7.60445;-0.000747787;6.70092;-1.82876;1.90353
9132;0.209072;-2.82971;3.87196;2.90299;7.60466;-0.000747789;6.70092;-1.82896;1.90374
9133;0.209072;-2.82992;3.87175;פוג.32;7.60487;-0.00074779;6.70092;-1.82917;1.90395
9134;0.209072;-2.83013;3.87154;2.90341;7.60508;-0.000747791;6.70092;-1.82938;1.90416
9135;0.209072;-2.83033;3.87133;2.90362;7.60528;-0.000747792;6.70092;-1.82959;1.90437
9136;0.209072;-2.83054;3.87113;2.90383;7.60549;-0.000747793;6.70092;-1.82979;1.90457
9137;0.209072;-2.83075;3.87092;2.90403;ט‏כ.57;-0.000747795;6.70092;-1.83;1.90478
9138;0.209072;-2.83096;3.87071;2.90424;7.60591;-0.000747796;6.70092;-1.83021;1.90499
9139;0.209072;-2.83116;לאנ.05;2.90445;7.60612;-0.000747797;6.70092;-1.83042;ÿםג.52
9140;0.209072;-2.83137;3.87029;2.90466;7.60632;-0.000747798;6.70092;-1.83062;ÿםג.54
9141;0.209072;-2.83158;3.87009;2.90486;7.60653;-0.000747799;6.70092;-1.83083;1.90561
9142;0.209072;-2.83179;3.86988;2.90507;7.60674;-0.0007478;6.70092;-1.83104;1.90582
9143;0.209072;-2.832;3.86967;2.90528;7.60695;-0.000747802;6.70092;-1.83125;1.90603
9144;0.209072;-2.8322;3.86946;2.90549;7.60716;-0.000747803;6.70092;-1.83146;1.90624
9145;0.209072;-2.83241;3.86926;פוג.57;7.60736;-0.000747804;6.70092;-1.83166;1.90644
9146;0.209072;-2.83262;3.86905;פוג.59;7.60757;-0.000747805;6.70092;-1.83187;1.90665
9147;0.209072;-2.83283;3.86884;2.90611;7.60778;-0.000747806;6.70092;-1.83208;1.90686
9148;0.209072;-2.83303;3.86863;2.90632;7.60799;-0.000747808;6.70092;-1.83229;1.90707
9149;0.209072;-2.83324;3.86842;2.90653;7.60819;-0.000747809;6.70092;-1.83249;1.90728
9150;0.209072;-2.83345;3.86822;2.90674;ט‏כ.84;-0.00074781;6.70092;-1.8327;1.90748
9151;0.209072;-2.83366;3.86801;2.90694;7.60861;-0.000747811;6.70092;-1.83291;1.90769
9152;0.209072;-2.83387;לאנ.78;2.90715;7.60882;-0.000747812;6.70092;-1.83312;ÿםג.79
9153;0.209072;-2.83407;3.86759;2.90736;7.60903;-0.000747813;6.70092;-1.83333;1.90811
9154;0.209072;-2.83428;3.86739;2.90757;7.60923;-0.000747815;6.70092;-1.83353;1.90831
9155;0.209072;-2.83449;3.86718;2.90777;7.60944;-0.000747816;6.70092;-1.83374;1.90852
9156;0.209072;-2.8347;3.86697;2.90798;7.60965;-0.000747817;6.70092;-1.83395;1.90873
9157;0.209072;-2.8349;3.86676;2.90819;7.60986;-0.000747818;6.70092;-1.83416;1.90894
9158;0.209072;-2.83511;3.86655;פוג.84;7.61007;-0.000747819;6.70092;-1.83436;1.90915
9159;0.209072;-2.83532;3.86635;2.90861;7.61027;-0.000747821;6.70092;-1.83457;1.90935
9160;0.209072;-2.83553;3.86614;2.90881;7.61048;-0.000747822;6.70092;-1.83478;1.90956
9161;0.209072;-2.83574;3.86593;2.90902;7.61069;-0.000747823;6.70092;-1.83499;1.90977
9162;0.209072;-2.83594;3.86572;2.90923;ט‏כ.09;-0.000747824;6.70092;-1.8352;1.90998
9163;0.209072;-2.83615;3.86552;2.90944;ט‏כ.11;-0.000747825;6.70092;-1.8354;1.91019
9164;0.209072;-2.83636;3.86531;2.90965;7.61131;-0.000747826;6.70092;-1.83561;1.91039
9165;0.209072;-2.83657;לאנ.51;2.90985;7.61152;-0.000747828;6.70092;-1.83582;ÿםג.06
9166;0.209072;-2.83677;3.86489;2.91006;7.61173;-0.000747829;6.70092;-1.83603;1.91081
9167;0.209072;-2.83698;3.86468;2.91027;7.61194;-0.00074783;6.70092;-1.83623;1.91102
9168;0.209072;-2.83719;3.86448;2.91048;7.61214;-0.000747831;6.70092;-1.83644;1.91123
9169;0.209072;-2.8374;3.86427;2.91069;7.61235;-0.000747832;6.70092;-1.83665;1.91143
9170;0.209072;-2.83761;3.86406;2.91089;7.61256;-0.000747833;6.70092;-1.83686;1.91164
9171;0.209072;-2.83781;3.86385;פוג.11;7.61277;-0.000747835;6.70092;-1.83707;1.91185
9172;0.209072;-2.83802;3.86365;2.91131;7.61298;-0.000747836;6.70092;-1.83727;1.91206
9173;0.209072;-2.83823;3.86344;2.91152;7.61318;-0.000747837;6.70092;-1.83748;1.91226
9174;0.209072;-2.83844;3.86323;2.91172;7.61339;-0.000747838;6.70092;-1.83769;1.91247
9175;0.209072;-2.83864;3.86302;2.91193;ט‏כ.36;-0.000747839;6.70092;-1.8379;1.91268
9176;0.209072;-2.83885;3.86282;2.91214;7.61381;-0.00074784;6.70092;-1.8381;1.91289
9177;0.209072;-2.83906;3.86261;2.91235;7.61401;-0.000747842;6.70092;-1.83831;ÿםג.31
9178;0.209072;-2.83927;לאנ.24;2.91256;7.61422;-0.000747843;6.70092;-1.83852;ÿםג.33
9179;0.209072;-2.83948;3.86219;2.91276;7.61443;-0.000747844;6.70092;-1.83873;1.91351
9180;0.209072;-2.83968;3.86198;2.91297;7.61464;-0.000747845;6.70092;-1.83894;1.91372
9181;0.209072;-2.83989;3.86178;2.91318;7.61485;-0.000747846;6.70092;-1.83914;1.91393
9182;0.209072;-2.8401;3.86157;2.91339;7.61505;-0.000747848;6.70092;-1.83935;1.91414
9183;0.209072;-2.84031;3.86136;פוג.36;7.61526;-0.000747849;6.70092;-1.83956;1.91434
9184;0.209072;-2.84051;3.86115;פוג.38;7.61547;-0.00074785;6.70092;-1.83977;1.91455
9185;0.209072;-2.84072;3.86095;2.91401;7.61568;-0.000747851;6.70092;-1.83997;1.91476
9186;0.209072;-2.84093;3.86074;2.91422;7.61589;-0.000747852;6.70092;-1.84018;1.91497
9187;0.209072;-2.84114;3.86053;2.91443;7.61609;-0.000747853;6.70092;-1.84039;1.91517
9188;0.209072;-2.84134;3.86032;2.91463;ט‏כ.63;-0.000747855;6.70092;-1.8406;1.91538
9189;0.209072;-2.84155;3.86011;2.91484;7.61651;-0.000747856;6.70092;-1.8408;1.91559
9190;0.209072;-2.84176;3.85991;2.91505;7.61672;-0.000747857;6.70092;-1.84101;ÿםג.58
9191;0.209072;-2.84197;לאנ.97;2.91526;7.61693;-0.000747858;6.70092;-1.84122;1.91601
9192;0.209072;-2.84218;3.85949;2.91547;7.61713;-0.000747859;6.70092;-1.84143;1.91621
9193;0.209072;-2.84238;3.85928;2.91567;7.61734;-0.00074786;6.70092;-1.84164;1.91642
9194;0.209072;-2.84259;3.85908;2.91588;7.61755;-0.000747862;6.70092;-1.84184;1.91663
9195;0.209072;-2.8428;3.85887;2.91609;7.61776;-0.000747863;6.70092;-1.84205;1.91684
9196;0.209072;-2.84301;3.85866;פוג.63;7.61796;-0.000747864;6.70092;-1.84226;1.91705
9197;0.209072;-2.84321;3.85845;2.91651;7.61817;-0.000747865;6.70092;-1.84247;1.91725
9198;0.209072;-2.84342;3.85824;2.91671;7.61838;-0.000747866;6.70092;-1.84267;1.91746
9199;0.209072;-2.84363;3.85804;2.91692;7.61859;-0.000747867;6.70092;-1.84288;1.91767
9200;0.209072;-2.84384;3.85783;2.91713;ט‏כ.88;-0.000747869;6.70092;-1.84309;1.91788
9201;0.209072;-2.84405;3.85762;2.91734;7.619;-0.00074787;6.70092;-1.8433;1.91809
9202;0.209072;-2.84425;3.85741;2.91755;7.61921;-0.000747871;6.70092;-1.84351;1.91829
9203;0.209072;-2.84446;3.85721;2.91775;7.61942;-0.000747872;6.70092;-1.84371;ÿםג.85
9204;0.209072;-2.84467;3.857;2.91796;7.61963;-0.000747873;6.70092;-1.84392;1.91871
9205;0.209072;-2.84488;3.85679;2.91817;7.61984;-0.000747874;6.70092;-1.84413;1.91892
9206;0.209072;-2.84508;3.85658;2.91838;7.62004;-0.000747876;6.70092;-1.84434;1.91912
9207;0.209072;-2.84529;3.85637;2.91858;7.62025;-0.000747877;6.70092;-1.84454;1.91933
9208;0.209072;-2.8455;3.85617;2.91879;7.62046;-0.000747878;6.70092;-1.84475;1.91954
9209;0.209072;-2.84571;3.85596;2.919;7.62067;-0.000747879;6.70092;-1.84496;1.91975
9210;0.209072;-2.84592;3.85575;2.91921;7.62087;-0.00074788;6.70092;-1.84517;1.91996
9211;0.209072;-2.84612;3.85554;2.91942;7.62108;-0.000747881;6.70092;-1.84538;1.92016
9212;0.209072;-2.84633;3.85534;2.91962;7.62129;-0.000747882;6.70092;-1.84558;1.92037
9213;0.209072;-2.84654;3.85513;2.91983;ט‏כ.15;-0.000747884;6.70092;-1.84579;1.92058
9214;0.209072;-2.84675;3.85492;2.92004;7.62171;-0.000747885;6.70092;-1.846;1.92079
9215;0.209072;-2.84695;3.85471;2.92025;7.62191;-0.000747886;6.70092;-1.84621;1.921
9216;0.209072;-2.84716;לאנ.45;2.92046;7.62212;-0.000747887;6.70092;-1.84641;ÿםג.12
9217;0.209072;-2.84737;לאנ.43;2.92066;7.62233;-0.000747888;6.70092;-1.84662;1.92141
9218;0.209072;-2.84758;3.85409;2.92087;7.62254;-0.000747889;6.70092;-1.84683;1.92162
9219;0.209072;-2.84779;3.85388;2.92108;7.62275;-0.000747891;6.70092;-1.84704;1.92183
9220;0.209072;-2.84799;3.85367;2.92129;7.62295;-0.000747892;6.70092;-1.84725;1.92203
9221;0.209072;-2.8482;3.85347;2.92149;7.62316;-0.000747893;6.70092;-1.84745;1.92224
9222;0.209072;-2.84841;3.85326;פוג.17;7.62337;-0.000747894;6.70092;-1.84766;1.92245
9223;0.209072;-2.84862;3.85305;2.92191;7.62358;-0.000747895;6.70092;-1.84787;1.92266
9224;0.209072;-2.84882;3.85284;2.92212;7.62379;-0.000747896;6.70092;-1.84808;1.92287
9225;0.209072;-2.84903;3.85263;2.92233;7.62399;-0.000747898;6.70092;-1.84828;1.92307
9226;0.209072;-2.84924;3.85243;2.92253;ט‏כ.42;-0.000747899;6.70092;-1.84849;1.92328
9227;0.209072;-2.84945;3.85222;2.92274;7.62441;-0.0007479;6.70092;-1.8487;1.92349
9228;0.209072;-2.84966;3.85201;2.92295;7.62462;-0.000747901;6.70092;-1.84891;ÿםג.37
9229;0.209072;-2.84986;לאנ.18;2.92316;7.62482;-0.000747902;6.70092;-1.84912;1.92391
9230;0.209072;-2.85007;לאנ.16;2.92337;7.62503;-0.000747903;6.70092;-1.84932;1.92411
9231;0.209072;-2.85028;3.85139;2.92357;7.62524;-0.000747904;6.70092;-1.84953;1.92432
9232;0.209072;-2.85049;3.85118;2.92378;7.62545;-0.000747906;6.70092;-1.84974;1.92453
9233;0.209072;-2.85069;3.85097;2.92399;7.62566;-0.000747907;6.70092;-1.84995;1.92474
9234;0.209072;-2.8509;3.85076;פוג.42;7.62586;-0.000747908;6.70092;-1.85015;1.92495
9235;0.209072;-2.85111;3.85056;2.92441;7.62607;-0.000747909;6.70092;-1.85036;1.92515
9236;0.209072;-2.85132;3.85035;2.92461;7.62628;-0.00074791;6.70092;-1.85057;1.92536
9237;0.209072;-2.85153;3.85014;2.92482;7.62649;-0.000747911;6.70092;-1.85078;1.92557
9238;0.209072;-2.85173;3.84993;2.92503;ט‏כ.67;-0.000747913;6.70092;-1.85099;1.92578
9239;0.209072;-2.85194;3.84973;2.92524;ט‏כ.69;-0.000747914;6.70092;-1.85119;1.92598
9240;0.209072;-2.85215;3.84952;2.92544;7.62711;-0.000747915;6.70092;-1.8514;1.92619
9241;0.209072;-2.85236;3.84931;2.92565;7.62732;-0.000747916;6.70092;-1.85161;ÿםג.64
9242;0.209072;-2.85256;לאנ.91;2.92586;7.62753;-0.000747917;6.70092;-1.85182;1.92661
9243;0.209072;-2.85277;3.84889;2.92607;7.62774;-0.000747918;6.70092;-1.85202;1.92682
9244;0.209072;-2.85298;3.84869;2.92628;7.62794;-0.000747919;6.70092;-1.85223;1.92702
9245;0.209072;-2.85319;3.84848;2.92648;7.62815;-0.000747921;6.70092;-1.85244;1.92723
9246;0.209072;-2.8534;3.84827;2.92669;7.62836;-0.000747922;6.70092;-1.85265;1.92744
9247;0.209072;-2.8536;3.84806;פוג.69;7.62857;-0.000747923;6.70092;-1.85286;1.92765
9248;0.209072;-2.85381;3.84786;2.92711;7.62877;-0.000747924;6.70092;-1.85306;1.92786
9249;0.209072;-2.85402;3.84765;2.92732;7.62898;-0.000747925;6.70092;-1.85327;1.92806
9250;0.209072;-2.85423;3.84744;2.92752;7.62919;-0.000747926;6.70092;-1.85348;1.92827
9251;0.209072;-2.85443;3.84723;2.92773;ט‏כ.94;-0.000747928;6.70092;-1.85369;1.92848
9252;0.209072;-2.85464;3.84702;2.92794;7.62961;-0.000747929;6.70092;-1.85389;1.92869
9253;0.209072;-2.85485;3.84682;2.92815;7.62981;-0.00074793;6.70092;-1.8541;ÿםג.89
9254;0.209072;-2.85506;3.84661;2.92836;7.63002;-0.000747931;6.70092;-1.85431;ÿםג.91
9255;0.209072;-2.85527;לאנ.64;2.92856;7.63023;-0.000747932;6.70092;-1.85452;1.92931
9256;0.209072;-2.85547;3.84619;2.92877;7.63044;-0.000747933;6.70092;-1.85473;1.92952
9257;0.209072;-2.85568;3.84598;2.92898;7.63065;-0.000747934;6.70092;-1.85493;1.92973
9258;0.209072;-2.85589;3.84578;2.92919;7.63085;-0.000747936;6.70092;-1.85514;1.92994
9259;0.209072;-2.8561;3.84557;פוג.94;7.63106;-0.000747937;6.70092;-1.85535;1.93014
9260;0.209072;-2.85631;3.84536;פוג.96;7.63127;-0.000747938;6.70092;-1.85556;1.93035
9261;0.209072;-2.85651;3.84515;2.92981;7.63148;-0.000747939;6.70092;-1.85576;1.93056
9262;0.209072;-2.85672;3.84495;2.93002;7.63169;-0.00074794;6.70092;-1.85597;1.93077
9263;0.209072;-2.85693;3.84474;2.93023;7.63189;-0.000747941;6.70092;-1.85618;1.93097
9264;0.209072;-2.85714;3.84453;2.93043;ט‏כ.21;-0.000747942;6.70092;-1.85639;1.93118
9265;0.209072;-2.85734;3.84432;2.93064;7.63231;-0.000747944;6.70092;-1.8566;1.93139
9266;0.209072;-2.85755;3.84411;2.93085;7.63252;-0.000747945;6.70092;-1.8568;ÿםג.16
9267;0.209072;-2.85776;3.84391;2.93106;7.63272;-0.000747946;6.70092;-1.85701;1.93181
9268;0.209072;-2.85797;לאנ.37;2.93127;7.63293;-0.000747947;6.70092;-1.85722;1.93201
9269;0.209072;-2.85818;3.84349;2.93147;7.63314;-0.000747948;6.70092;-1.85743;1.93222
9270;0.209072;-2.85838;3.84328;2.93168;7.63335;-0.000747949;6.70092;-1.85764;1.93243
9271;0.209072;-2.85859;3.84308;2.93189;7.63356;-0.00074795;6.70092;-1.85784;1.93264
9272;0.209072;-2.8588;3.84287;פוג.21;7.63376;-0.000747952;6.70092;-1.85805;1.93285
9273;0.209072;-2.85901;3.84266;2.93231;7.63397;-0.000747953;6.70092;-1.85826;1.93305
9274;0.209072;-2.85921;3.84245;2.93251;7.63418;-0.000747954;6.70092;-1.85847;1.93326
9275;0.209072;-2.85942;3.84224;2.93272;7.63439;-0.000747955;6.70092;-1.85867;1.93347
9276;0.209072;-2.85963;3.84204;2.93293;ט‏כ.46;-0.000747956;6.70092;-1.85888;1.93368
9277;0.209072;-2.85984;3.84183;2.93314;ט‏כ.48;-0.000747957;6.70092;-1.85909;1.93389
9278;0.209072;-2.86005;3.84162;2.93335;7.63501;-0.000747958;6.70092;-1.8593;1.93409
9279;0.209072;-2.86025;3.84141;2.93355;7.63522;-0.00074796;6.70092;-1.85951;ÿםג.43
9280;0.209072;-2.86046;3.84121;2.93376;7.63543;-0.000747961;6.70092;-1.85971;1.93451
9281;0.209072;-2.86067;3.841;2.93397;7.63564;-0.000747962;6.70092;-1.85992;1.93472
9282;0.209072;-2.86088;3.84079;2.93418;7.63584;-0.000747963;6.70092;-1.86013;1.93492
9283;0.209072;-2.86108;3.84058;2.93438;7.63605;-0.000747964;6.70092;-1.86034;1.93513
9284;0.209072;-2.86129;3.84037;2.93459;7.63626;-0.000747965;6.70092;-1.86054;1.93534
9285;0.209072;-2.8615;3.84017;פוג.48;7.63647;-0.000747966;6.70092;-1.86075;1.93555
9286;0.209073;-2.86171;3.83996;2.93501;7.63668;-0.000747968;6.70092;-1.86096;1.93576
9287;0.209073;-2.86192;3.83975;2.93522;7.63688;-0.000747969;6.70092;-1.86117;1.93596
9288;0.209073;-2.86212;3.83954;2.93542;7.63709;-0.00074797;6.70092;-1.86138;1.93617
9289;0.209073;-2.86233;3.83934;2.93563;ט‏כ.73;-0.000747971;6.70092;-1.86158;1.93638
9290;0.209073;-2.86254;3.83913;2.93584;7.63751;-0.000747972;6.70092;-1.86179;1.93659
9291;0.209073;-2.86275;3.83892;2.93605;7.63771;-0.000747973;6.70092;-1.862;ÿםג.68
9292;0.209073;-2.86295;3.83871;2.93626;7.63792;-0.000747974;6.70092;-1.86221;1.937
9293;0.209073;-2.86316;לאנ.85;2.93646;7.63813;-0.000747976;6.70092;-1.86241;1.93721
9294;0.209073;-2.86337;לאנ.83;2.93667;7.63834;-0.000747977;6.70092;-1.86262;1.93742
9295;0.209073;-2.86358;3.83809;2.93688;7.63855;-0.000747978;6.70092;-1.86283;1.93763
9296;0.209073;-2.86379;3.83788;2.93709;7.63875;-0.000747979;6.70092;-1.86304;1.93784
9297;0.209073;-2.86399;3.83767;פוג.73;7.63896;-0.00074798;6.70092;-1.86325;1.93804
9298;0.209073;-2.8642;3.83746;פוג.75;7.63917;-0.000747981;6.70092;-1.86345;1.93825
9299;0.209073;-2.86441;3.83726;2.93771;7.63938;-0.000747982;6.70092;-1.86366;1.93846
9300;0.209073;-2.86462;3.83705;2.93792;7.63959;-0.000747983;6.70092;-1.86387;1.93867
9301;0.209073;-2.86482;3.83684;2.93813;7.63979;-0.000747985;6.70092;-1.86408;1.93888
9302;0.209073;-2.86503;3.83663;2.93834;ט‏כ.64;-0.000747986;6.70092;-1.86428;1.93908
9303;0.209073;-2.86524;3.83643;2.93854;7.64021;-0.000747987;6.70092;-1.86449;1.93929
9304;0.209073;-2.86545;3.83622;2.93875;7.64042;-0.000747988;6.70092;-1.8647;ÿםג.95
9305;0.209073;-2.86566;3.83601;2.93896;7.64063;-0.000747989;6.70092;-1.86491;1.93971
9306;0.209073;-2.86586;לאנ.58;2.93917;7.64083;-0.00074799;6.70092;-1.86512;1.93991
9307;0.209073;-2.86607;3.83559;2.93937;7.64104;-0.000747991;6.70092;-1.86532;1.94012
9308;0.209073;-2.86628;3.83539;2.93958;7.64125;-0.000747993;6.70092;-1.86553;1.94033
9309;0.209073;-2.86649;3.83518;2.93979;7.64146;-0.000747994;6.70092;-1.86574;1.94054
9310;0.209073;-2.8667;3.83497;פוג.94;7.64167;-0.000747995;6.70092;-1.86595;1.94075
9311;0.209073;-2.8669;3.83476;2.94021;7.64187;-0.000747996;6.70092;-1.86615;1.94095
9312;0.209073;-2.86711;3.83456;2.94041;7.64208;-0.000747997;6.70092;-1.86636;1.94116
9313;0.209073;-2.86732;3.83435;2.94062;7.64229;-0.000747998;6.70092;-1.86657;1.94137
9314;0.209073;-2.86753;3.83414;2.94083;ט‏כ.25;-0.000747999;6.70092;-1.86678;1.94158
9315;0.209073;-2.86773;3.83393;2.94104;ט‏כ.27;-0.000748;6.70092;-1.86699;1.94179
9316;0.209073;-2.86794;3.83372;2.94125;7.64291;-0.000748002;6.70092;-1.86719;1.94199
9317;0.209073;-2.86815;3.83352;2.94145;7.64312;-0.000748003;6.70092;-1.8674;ÿםג.22
9318;0.209073;-2.86836;3.83331;2.94166;7.64333;-0.000748004;6.70092;-1.86761;1.94241
9319;0.209073;-2.86857;לאנ.31;2.94187;7.64354;-0.000748005;6.70092;-1.86782;1.94262
9320;0.209073;-2.86877;3.83289;2.94208;7.64374;-0.000748006;6.70092;-1.86803;1.94283
9321;0.209073;-2.86898;3.83269;2.94229;7.64395;-0.000748007;6.70092;-1.86823;1.94303
9322;0.209073;-2.86919;3.83248;2.94249;7.64416;-0.000748008;6.70092;-1.86844;1.94324
9323;0.209073;-2.8694;3.83227;פוג.27;7.64437;-0.000748009;6.70092;-1.86865;1.94345
9324;0.209073;-2.8696;3.83206;2.94291;7.64458;-0.000748011;6.70092;-1.86886;1.94366
9325;0.209073;-2.86981;3.83185;2.94312;7.64478;-0.000748012;6.70092;-1.86906;1.94387
9326;0.209073;-2.87002;3.83165;2.94333;7.64499;-0.000748013;6.70092;-1.86927;1.94407
9327;0.209073;-2.87023;3.83144;2.94353;ט‏כ.52;-0.000748014;6.70092;-1.86948;1.94428
9328;0.209073;-2.87044;3.83123;2.94374;7.64541;-0.000748015;6.70092;-1.86969;1.94449
9329;0.209073;-2.87064;3.83102;2.94395;7.64562;-0.000748016;6.70092;-1.8699;ÿםג.47
9330;0.209073;-2.87085;3.83081;2.94416;7.64582;-0.000748017;6.70092;-1.8701;1.94491
9331;0.209073;-2.87106;3.83061;2.94437;7.64603;-0.000748018;6.70092;-1.87031;1.94511
9332;0.209073;-2.87127;לאנ.04;2.94457;7.64624;-0.00074802;6.70092;-1.87052;1.94532
9333;0.209073;-2.87147;3.83019;2.94478;7.64645;-0.000748021;6.70092;-1.87073;1.94553
9334;0.209073;-2.87168;3.82998;2.94499;7.64666;-0.000748022;6.70092;-1.87093;1.94574
9335;0.209073;-2.87189;3.82978;פוג.52;7.64686;-0.000748023;6.70092;-1.87114;1.94594
9336;0.209073;-2.8721;3.82957;פוג.54;7.64707;-0.000748024;6.70092;-1.87135;1.94615
9337;0.209073;-2.87231;3.82936;2.94561;7.64728;-0.000748025;6.70092;-1.87156;1.94636
9338;0.209073;-2.87251;3.82915;2.94582;7.64749;-0.000748026;6.70092;-1.87177;1.94657
9339;0.209073;-2.87272;3.82894;2.94603;7.64769;-0.000748027;6.70092;-1.87197;1.94678
9340;0.209073;-2.87293;3.82874;2.94624;ט‏כ.79;-0.000748029;6.70092;-1.87218;1.94698
9341;0.209073;-2.87314;3.82853;2.94644;7.64811;-0.00074803;6.70092;-1.87239;1.94719
9342;0.209073;-2.87335;3.82832;2.94665;7.64832;-0.000748031;6.70092;-1.8726;ÿםג.74
9343;0.209073;-2.87355;3.82811;2.94686;7.64853;-0.000748032;6.70092;-1.87281;1.94761
9344;0.209073;-2.87376;3.82791;2.94707;7.64873;-0.000748033;6.70092;-1.87301;1.94782
9345;0.209073;-2.87397;לאנ.77;2.94728;7.64894;-0.000748034;6.70092;-1.87322;1.94802
9346;0.209073;-2.87418;3.82749;2.94748;7.64915;-0.000748035;6.70092;-1.87343;1.94823
9347;0.209073;-2.87438;3.82728;2.94769;7.64936;-0.000748036;6.70092;-1.87364;1.94844
9348;0.209073;-2.87459;3.82707;פוג.79;7.64957;-0.000748038;6.70092;-1.87384;1.94865
9349;0.209073;-2.8748;3.82687;2.94811;7.64977;-0.000748039;6.70092;-1.87405;1.94886
9350;0.209073;-2.87501;3.82666;2.94832;7.64998;-0.00074804;6.70092;-1.87426;1.94906
9351;0.209073;-2.87522;3.82645;2.94852;7.65019;-0.000748041;6.70092;-1.87447;1.94927
9352;0.209073;-2.87542;3.82624;2.94873;ט‏כ.04;-0.000748042;6.70092;-1.87468;1.94948
9353;0.209073;-2.87563;3.82603;2.94894;7.65061;-0.000748043;6.70092;-1.87488;1.94969
9354;0.209073;-2.87584;3.82583;2.94915;7.65081;-0.000748044;6.70092;-1.87509;ÿםג.99
9355;0.209073;-2.87605;3.82562;2.94936;7.65102;-0.000748045;6.70092;-1.8753;ÿםג.01
9356;0.209073;-2.87625;3.82541;2.94956;7.65123;-0.000748047;6.70092;-1.87551;1.95031
9357;0.209073;-2.87646;לאנ.52;2.94977;7.65144;-0.000748048;6.70092;-1.87571;1.95052
9358;0.209073;-2.87667;3.825;2.94998;7.65165;-0.000748049;6.70092;-1.87592;1.95073
9359;0.209073;-2.87688;3.82479;2.95019;7.65185;-0.00074805;6.70092;-1.87613;1.95094
9360;0.209073;-2.87709;3.82458;פוג.04;7.65206;-0.000748051;6.70092;-1.87634;1.95114
9361;0.209073;-2.87729;3.82437;פוג.06;7.65227;-0.000748052;6.70092;-1.87655;1.95135
9362;0.209073;-2.8775;3.82416;2.95081;7.65248;-0.000748053;6.70092;-1.87675;1.95156
9363;0.209073;-2.87771;3.82396;2.95102;7.65269;-0.000748054;6.70092;-1.87696;1.95177
9364;0.209073;-2.87792;3.82375;2.95123;7.65289;-0.000748055;6.70092;-1.87717;1.95197
9365;0.209073;-2.87813;3.82354;2.95143;ט‏כ.31;-0.000748057;6.70092;-1.87738;1.95218
9366;0.209073;-2.87833;3.82333;2.95164;7.65331;-0.000748058;6.70092;-1.87759;1.95239
9367;0.209073;-2.87854;3.82313;2.95185;7.65352;-0.000748059;6.70092;-1.87779;ÿםג.26
9368;0.209073;-2.87875;3.82292;2.95206;7.65372;-0.00074806;6.70092;-1.878;1.95281
9369;0.209073;-2.87896;3.82271;2.95227;7.65393;-0.000748061;6.70092;-1.87821;1.95301
9370;0.209073;-2.87916;לאנ.25;2.95247;7.65414;-0.000748062;6.70092;-1.87842;1.95322
9371;0.209073;-2.87937;3.82229;2.95268;7.65435;-0.000748063;6.70092;-1.87862;1.95343
9372;0.209073;-2.87958;3.82209;2.95289;7.65456;-0.000748064;6.70092;-1.87883;1.95364
9373;0.209073;-2.87979;3.82188;פוג.31;7.65476;-0.000748065;6.70092;-1.87904;1.95385
9374;0.209073;-2.88;3.82167;2.95331;7.65497;-0.000748067;6.70092;-1.87925;1.95405
9375;0.209073;-2.8802;3.82146;2.95351;7.65518;-0.000748068;6.70092;-1.87946;1.95426
9376;0.209073;-2.88041;3.82125;2.95372;7.65539;-0.000748069;6.70092;-1.87966;1.95447
9377;0.209073;-2.88062;3.82105;2.95393;ט‏כ.56;-0.00074807;6.70092;-1.87987;1.95468
9378;0.209073;-2.88083;3.82084;2.95414;ט‏כ.58;-0.000748071;6.70092;-1.88008;1.95489
9379;0.209073;-2.88103;3.82063;2.95435;7.65601;-0.000748072;6.70092;-1.88029;1.95509
9380;0.209073;-2.88124;3.82042;2.95455;7.65622;-0.000748073;6.70092;-1.88049;ÿםג.53
9381;0.209073;-2.88145;3.82022;2.95476;7.65643;-0.000748074;6.70092;-1.8807;1.95551
9382;0.209073;-2.88166;3.82001;2.95497;7.65664;-0.000748075;6.70092;-1.88091;1.95572
9383;0.209073;-2.88187;לאנ.98;2.95518;7.65684;-0.000748077;6.70092;-1.88112;1.95593
9384;0.209073;-2.88207;3.81959;2.95539;7.65705;-0.000748078;6.70092;-1.88133;1.95613
9385;0.209073;-2.88228;3.81938;2.95559;7.65726;-0.000748079;6.70092;-1.88153;1.95634
9386;0.209073;-2.88249;3.81918;פוג.58;7.65747;-0.00074808;6.70092;-1.88174;1.95655
9387;0.209073;-2.8827;3.81897;2.95601;7.65768;-0.000748081;6.70092;-1.88195;1.95676
9388;0.209073;-2.88291;3.81876;2.95622;7.65788;-0.000748082;6.70092;-1.88216;1.95697
9389;0.209073;-2.88311;3.81855;2.95643;7.65809;-0.000748083;6.70092;-1.88237;1.95717
9390;0.209073;-2.88332;3.81834;2.95663;ט‏כ.83;-0.000748084;6.70092;-1.88257;1.95738
9391;0.209073;-2.88353;3.81814;2.95684;7.65851;-0.000748085;6.70092;-1.88278;1.95759
9392;0.209073;-2.88374;3.81793;2.95705;7.65872;-0.000748087;6.70092;-1.88299;ÿםג.78
9393;0.209073;-2.88394;3.81772;2.95726;7.65892;-0.000748088;6.70092;-1.8832;1.95801
9394;0.209073;-2.88415;3.81751;2.95747;7.65913;-0.000748089;6.70092;-1.8834;1.95821
9395;0.209073;-2.88436;3.81731;2.95767;7.65934;-0.00074809;6.70092;-1.88361;1.95842
9396;0.209073;-2.88457;לאנ.71;2.95788;7.65955;-0.000748091;6.70092;-1.88382;1.95863
9397;0.209073;-2.88478;3.81689;2.95809;7.65976;-0.000748092;6.70092;-1.88403;1.95884
9398;0.209073;-2.88498;3.81668;פוג.83;7.65996;-0.000748093;6.70092;-1.88424;1.95905
9399;0.209073;-2.88519;3.81647;2.95851;7.66017;-0.000748094;6.70092;-1.88444;1.95925
9400;0.209073;-2.8854;3.81627;2.95871;7.66038;-0.000748095;6.70092;-1.88465;1.95946
9401;0.209073;-2.88561;3.81606;2.95892;7.66059;-0.000748096;6.70092;-1.88486;1.95967
9402;0.209073;-2.88582;3.81585;2.95913;7.66079;-0.000748098;6.70092;-1.88507;1.95988
9403;0.209073;-2.88602;3.81564;2.95934;7.661;-0.000748099;6.70092;-1.88528;1.96008
9404;0.209073;-2.88623;3.81544;2.95954;7.66121;-0.0007481;6.70092;-1.88548;1.96029
9405;0.209073;-2.88644;3.81523;2.95975;7.66142;-0.000748101;6.70092;-1.88569;ÿםג.05
9406;0.209073;-2.88665;3.81502;2.95996;7.66163;-0.000748102;6.70092;-1.8859;1.96071
9407;0.209073;-2.88685;3.81481;2.96017;7.66183;-0.000748103;6.70092;-1.88611;1.96092
9408;0.209073;-2.88706;לאנ.46;2.96038;7.66204;-0.000748104;6.70092;-1.88631;1.96112
9409;0.209073;-2.88727;לאנ.44;2.96058;7.66225;-0.000748105;6.70092;-1.88652;1.96133
9410;0.209073;-2.88748;3.81419;2.96079;7.66246;-0.000748106;6.70092;-1.88673;1.96154
9411;0.209073;-2.88769;3.81398;2.961;7.66267;-0.000748107;6.70092;-1.88694;1.96175
9412;0.209073;-2.88789;3.81377;2.96121;7.66287;-0.000748109;6.70092;-1.88715;1.96196
9413;0.209073;-2.8881;3.81356;2.96142;7.66308;-0.00074811;6.70092;-1.88735;1.96216
9414;0.209073;-2.88831;3.81336;2.96162;7.66329;-0.000748111;6.70092;-1.88756;1.96237
9415;0.209073;-2.88852;3.81315;2.96183;ט‏כ.35;-0.000748112;6.70092;-1.88777;1.96258
9416;0.209073;-2.88873;3.81294;2.96204;7.66371;-0.000748113;6.70092;-1.88798;1.96279
9417;0.209073;-2.88893;3.81273;2.96225;7.66391;-0.000748114;6.70092;-1.88818;1.963
9418;0.209073;-2.88914;3.81253;2.96246;7.66412;-0.000748115;6.70092;-1.88839;ÿםג.32
9419;0.209073;-2.88935;3.81232;2.96266;7.66433;-0.000748116;6.70092;-1.8886;1.96341
9420;0.209073;-2.88956;3.81211;2.96287;7.66454;-0.000748117;6.70092;-1.88881;1.96362
9421;0.209073;-2.88976;לאנ.19;2.96308;7.66475;-0.000748118;6.70092;-1.88902;1.96383
9422;0.209073;-2.88997;3.81169;2.96329;7.66495;-0.00074812;6.70092;-1.88922;1.96404
9423;0.209073;-2.89018;3.81149;פוג.35;7.66516;-0.000748121;6.70092;-1.88943;1.96424
9424;0.209073;-2.89039;3.81128;פוג.37;7.66537;-0.000748122;6.70092;-1.88964;1.96445
9425;0.209073;-2.8906;3.81107;2.96391;7.66558;-0.000748123;6.70092;-1.88985;1.96466
9426;0.209073;-2.8908;3.81086;2.96412;7.66579;-0.000748124;6.70092;-1.89006;1.96487
9427;0.209073;-2.89101;3.81065;2.96433;7.66599;-0.000748125;6.70092;-1.89026;1.96508
9428;0.209073;-2.89122;3.81045;2.96454;ט‏כ.62;-0.000748126;6.70092;-1.89047;1.96528
9429;0.209073;-2.89143;3.81024;2.96474;7.66641;-0.000748127;6.70092;-1.89068;1.96549
9430;0.209073;-2.89164;3.81003;2.96495;7.66662;-0.000748128;6.70092;-1.89089;ÿםג.57
9431;0.209073;-2.89184;3.80982;2.96516;7.66683;-0.000748129;6.70092;-1.89109;1.96591
9432;0.209073;-2.89205;3.80962;2.96537;7.66703;-0.000748131;6.70092;-1.8913;1.96612
9433;0.209073;-2.89226;3.80941;2.96558;7.66724;-0.000748132;6.70092;-1.89151;1.96632
9434;0.209073;-2.89247;לאנ.92;2.96578;7.66745;-0.000748133;6.70092;-1.89172;1.96653
9435;0.209073;-2.89267;3.80899;2.96599;7.66766;-0.000748134;6.70092;-1.89193;1.96674
9436;0.209073;-2.89288;3.80878;פוג.62;7.66787;-0.000748135;6.70092;-1.89213;1.96695
9437;0.209073;-2.89309;3.80858;2.96641;7.66807;-0.000748136;6.70092;-1.89234;1.96716
9438;0.209073;-2.8933;3.80837;2.96662;7.66828;-0.000748137;6.70092;-1.89255;1.96736
9439;0.209073;-2.89351;3.80816;2.96682;7.66849;-0.000748138;6.70092;-1.89276;1.96757
9440;0.209073;-2.89371;3.80795;2.96703;ט‏כ.87;-0.000748139;6.70092;-1.89297;1.96778
9441;0.209073;-2.89392;3.80774;2.96724;7.66891;-0.00074814;6.70092;-1.89317;1.96799
9442;0.209073;-2.89413;3.80754;2.96745;7.66911;-0.000748141;6.70092;-1.89338;ÿםג.82
9443;0.209073;-2.89434;3.80733;2.96766;7.66932;-0.000748143;6.70092;-1.89359;ÿםג.84
9444;0.209073;-2.89455;3.80712;2.96786;7.66953;-0.000748144;6.70092;-1.8938;1.96861
9445;0.209073;-2.89475;3.80691;2.96807;7.66974;-0.000748145;6.70092;-1.894;1.96882
9446;0.209073;-2.89496;3.80671;2.96828;7.66995;-0.000748146;6.70092;-1.89421;1.96903
9447;0.209073;-2.89517;לאנ.65;2.96849;7.67015;-0.000748147;6.70092;-1.89442;1.96924
9448;0.209073;-2.89538;3.80629;פוג.87;7.67036;-0.000748148;6.70092;-1.89463;1.96944
9449;0.209073;-2.89558;3.80608;פוג.89;7.67057;-0.000748149;6.70092;-1.89484;1.96965
9450;0.209073;-2.89579;3.80587;2.96911;7.67078;-0.00074815;6.70092;-1.89504;1.96986
9451;0.209073;-2.896;3.80567;2.96932;7.67098;-0.000748151;6.70092;-1.89525;1.97007
9452;0.209073;-2.89621;3.80546;2.96953;7.67119;-0.000748152;6.70092;-1.89546;1.97028
9453;0.209073;-2.89642;3.80525;2.96973;ט‏כ.14;-0.000748153;6.70092;-1.89567;1.97048
9454;0.209073;-2.89662;3.80504;2.96994;7.67161;-0.000748155;6.70092;-1.89588;1.97069
9455;0.209073;-2.89683;3.80483;2.97015;7.67182;-0.000748156;6.70092;-1.89608;ÿםג.09
9456;0.209073;-2.89704;3.80463;2.97036;7.67202;-0.000748157;6.70092;-1.89629;1.97111
9457;0.209073;-2.89725;3.80442;2.97057;7.67223;-0.000748158;6.70092;-1.8965;1.97131
9458;0.209073;-2.89746;3.80421;2.97077;7.67244;-0.000748159;6.70092;-1.89671;1.97152
9459;0.209073;-2.89766;3.804;2.97098;7.67265;-0.00074816;6.70092;-1.89691;1.97173
9460;0.209073;-2.89787;לאנ.38;2.97119;7.67286;-0.000748161;6.70092;-1.89712;1.97194
9461;0.209073;-2.89808;3.80359;פוג.14;7.67306;-0.000748162;6.70092;-1.89733;1.97215
9462;0.209073;-2.89829;3.80338;2.97161;7.67327;-0.000748163;6.70092;-1.89754;1.97235
9463;0.209073;-2.89849;3.80317;2.97181;7.67348;-0.000748164;6.70092;-1.89775;1.97256
9464;0.209073;-2.8987;3.80296;2.97202;7.67369;-0.000748165;6.70092;-1.89795;1.97277
9465;0.209073;-2.89891;3.80276;2.97223;ט‏כ.39;-0.000748167;6.70092;-1.89816;1.97298
9466;0.209073;-2.89912;3.80255;2.97244;ט‏כ.41;-0.000748168;6.70092;-1.89837;1.97319
9467;0.209073;-2.89933;3.80234;2.97265;7.67431;-0.000748169;6.70092;-1.89858;1.97339
9468;0.209073;-2.89953;3.80213;2.97285;7.67452;-0.00074817;6.70092;-1.89879;ÿםג.36
9469;0.209073;-2.89974;3.80192;2.97306;7.67473;-0.000748171;6.70092;-1.89899;1.97381
9470;0.209073;-2.89995;3.80172;2.97327;7.67494;-0.000748172;6.70092;-1.8992;1.97402
9471;0.209073;-2.90016;3.80151;2.97348;7.67514;-0.000748173;6.70092;-1.89941;1.97423
9472;0.209073;-2.90037;לאנ.13;2.97369;7.67535;-0.000748174;6.70092;-1.89962;1.97443
9473;0.209073;-2.90057;3.80109;2.97389;7.67556;-0.000748175;6.70092;-1.89983;1.97464
9474;0.209073;-2.90078;3.80088;פוג.41;7.67577;-0.000748176;6.70092;-1.90003;1.97485
9475;0.209073;-2.90099;3.80068;2.97431;7.67598;-0.000748177;6.70092;-1.90024;1.97506
9476;0.209073;-2.9012;3.80047;2.97452;7.67618;-0.000748178;6.70092;-1.90045;1.97527
9477;0.209073;-2.9014;3.80026;2.97473;7.67639;-0.000748179;6.70092;-1.90066;1.97547
9478;0.209073;-2.90161;3.80005;2.97493;ט‏כ.66;-0.000748181;6.70092;-1.90086;1.97568
9479;0.209073;-2.90182;3.79985;2.97514;7.67681;-0.000748182;6.70092;-1.90107;1.97589
9480;0.209074;-2.90203;3.79964;2.97535;7.67702;-0.000748183;6.70092;-1.90128;ÿםג.61
9481;0.209074;-2.90224;3.79943;2.97556;7.67722;-0.000748184;6.70092;-1.90149;1.97631
9482;0.209074;-2.90244;3.79922;2.97577;7.67743;-0.000748185;6.70092;-1.9017;1.97651
9483;0.209074;-2.90265;3.79901;2.97597;7.67764;-0.000748186;6.70092;-1.9019;1.97672
9484;0.209074;-2.90286;3.79881;2.97618;7.67785;-0.000748187;6.70092;-1.90211;1.97693
9485;0.209074;-2.90307;לאנ.86;2.97639;7.67806;-0.000748188;6.70092;-1.90232;1.97714
9486;0.209074;-2.90328;3.79839;פוג.66;7.67826;-0.000748189;6.70092;-1.90253;1.97735
9487;0.209074;-2.90348;3.79818;2.97681;7.67847;-0.00074819;6.70092;-1.90274;1.97755
9488;0.209074;-2.90369;3.79797;2.97701;7.67868;-0.000748191;6.70092;-1.90294;1.97776
9489;0.209074;-2.9039;3.79777;2.97722;7.67889;-0.000748192;6.70092;-1.90315;1.97797
9490;0.209074;-2.90411;3.79756;2.97743;ט‏כ.91;-0.000748194;6.70092;-1.90336;1.97818
9491;0.209074;-2.90431;3.79735;2.97764;ט‏כ.93;-0.000748195;6.70092;-1.90357;1.97839
9492;0.209074;-2.90452;3.79714;2.97785;7.67951;-0.000748196;6.70092;-1.90377;1.97859
9493;0.209074;-2.90473;3.79694;2.97805;7.67972;-0.000748197;6.70092;-1.90398;ÿםג.88
9494;0.209074;-2.90494;3.79673;2.97826;7.67993;-0.000748198;6.70092;-1.90419;1.97901
9495;0.209074;-2.90515;3.79652;2.97847;7.68014;-0.000748199;6.70092;-1.9044;1.97922
9496;0.209074;-2.90535;3.79631;2.97868;7.68034;-0.0007482;6.70092;-1.90461;1.97943
9497;0.209074;-2.90556;לאנ.61;2.97889;7.68055;-0.000748201;6.70092;-1.90481;1.97963
9498;0.209074;-2.90577;לאנ.59;2.97909;7.68076;-0.000748202;6.70092;-1.90502;1.97984
9499;0.209074;-2.90598;3.79569;פוג.93;7.68097;-0.000748203;6.70092;-1.90523;1.98005
9500;0.209074;-2.90619;3.79548;2.97951;7.68118;-0.000748204;6.70092;-1.90544;1.98026
9501;0.209074;-2.90639;3.79527;2.97972;7.68138;-0.000748205;6.70092;-1.90565;1.98047
9502;0.209074;-2.9066;3.79506;2.97993;7.68159;-0.000748206;6.70092;-1.90585;1.98067
9503;0.209074;-2.90681;3.79486;2.98013;ט‏כ.18;-0.000748208;6.70092;-1.90606;1.98088
9504;0.209074;-2.90702;3.79465;2.98034;7.68201;-0.000748209;6.70092;-1.90627;1.98109
9505;0.209074;-2.90723;3.79444;2.98055;7.68222;-0.00074821;6.70092;-1.90648;ÿםג.13
9506;0.209074;-2.90743;3.79423;2.98076;7.68242;-0.000748211;6.70092;-1.90668;1.98151
9507;0.209074;-2.90764;3.79402;2.98097;7.68263;-0.000748212;6.70092;-1.90689;1.98171
9508;0.209074;-2.90785;3.79382;2.98117;7.68284;-0.000748213;6.70092;-1.9071;1.98192
9509;0.209074;-2.90806;3.79361;2.98138;7.68305;-0.000748214;6.70092;-1.90731;1.98213
9510;0.209074;-2.90826;לאנ.34;2.98159;7.68326;-0.000748215;6.70092;-1.90752;1.98234
9511;0.209074;-2.90847;3.79319;פוג.18;7.68346;-0.000748216;6.70092;-1.90772;1.98255
9512;0.209074;-2.90868;3.79299;2.98201;7.68367;-0.000748217;6.70092;-1.90793;1.98275
9513;0.209074;-2.90889;3.79278;2.98221;7.68388;-0.000748218;6.70092;-1.90814;1.98296
9514;0.209074;-2.9091;3.79257;2.98242;7.68409;-0.000748219;6.70092;-1.90835;1.98317
9515;0.209074;-2.9093;3.79236;2.98263;ט‏כ.43;-0.00074822;6.70092;-1.90856;1.98338
9516;0.209074;-2.90951;3.79215;2.98284;ט‏כ.45;-0.000748221;6.70092;-1.90876;1.98359
9517;0.209074;-2.90972;3.79195;2.98305;7.68471;-0.000748223;6.70092;-1.90897;1.98379
9518;0.209074;-2.90993;3.79174;2.98325;7.68492;-0.000748224;6.70092;-1.90918;1.984
9519;0.209074;-2.91014;3.79153;2.98346;7.68513;-0.000748225;6.70092;-1.90939;1.98421
9520;0.209074;-2.91034;3.79132;2.98367;7.68534;-0.000748226;6.70092;-1.9096;1.98442
9521;0.209074;-2.91055;3.79111;2.98388;7.68554;-0.000748227;6.70092;-1.9098;1.98463
9522;0.209074;-2.91076;3.79091;2.98409;7.68575;-0.000748228;6.70092;-1.91001;1.98483
9523;0.209074;-2.91097;לאנ.07;2.98429;7.68596;-0.000748229;6.70092;-1.91022;1.98504
9524;0.209074;-2.91118;3.79049;פוג.45;7.68617;-0.00074823;6.70092;-1.91043;1.98525
9525;0.209074;-2.91138;3.79028;2.98471;7.68638;-0.000748231;6.70092;-1.91063;1.98546
9526;0.209074;-2.91159;3.79008;2.98492;7.68658;-0.000748232;6.70092;-1.91084;1.98567
9527;0.209074;-2.9118;3.78987;2.98513;7.68679;-0.000748233;6.70092;-1.91105;1.98587
9528;0.209074;-2.91201;3.78966;2.98533;7.687;-0.000748234;6.70092;-1.91126;1.98608
9529;0.209074;-2.91221;3.78945;2.98554;7.68721;-0.000748235;6.70092;-1.91147;1.98629
9530;0.209074;-2.91242;3.78924;2.98575;7.68742;-0.000748236;6.70092;-1.91167;ÿםג.65
9531;0.209074;-2.91263;3.78904;2.98596;7.68762;-0.000748237;6.70092;-1.91188;1.98671
9532;0.209074;-2.91284;3.78883;2.98617;7.68783;-0.000748239;6.70092;-1.91209;1.98691
9533;0.209074;-2.91305;3.78862;2.98637;7.68804;-0.00074824;6.70092;-1.9123;1.98712
9534;0.209074;-2.91325;3.78841;2.98658;7.68825;-0.000748241;6.70092;-1.91251;1.98733
9535;0.209074;-2.91346;לאנ.82;2.98679;7.68846;-0.000748242;6.70092;-1.91271;1.98754
9536;0.209074;-2.91367;3.788;2.987;7.68866;-0.000748243;6.70092;-1.91292;1.98775
9537;0.209074;-2.91388;3.78779;2.98721;7.68887;-0.000748244;6.70092;-1.91313;1.98795
9538;0.209074;-2.91409;3.78758;2.98741;7.68908;-0.000748245;6.70092;-1.91334;1.98816
9539;0.209074;-2.91429;3.78737;2.98762;7.68929;-0.000748246;6.70092;-1.91355;1.98837
9540;0.209074;-2.9145;3.78716;2.98783;ט‏כ.95;-0.000748247;6.70092;-1.91375;1.98858
9541;0.209074;-2.91471;3.78696;2.98804;ט‏כ.97;-0.000748248;6.70092;-1.91396;1.98879
9542;0.209074;-2.91492;3.78675;2.98825;7.68991;-0.000748249;6.70092;-1.91417;1.98899
9543;0.209074;-2.91512;3.78654;2.98845;7.69012;-0.00074825;6.70092;-1.91438;ÿםג.92
9544;0.209074;-2.91533;3.78633;2.98866;7.69033;-0.000748251;6.70092;-1.91458;1.98941
9545;0.209074;-2.91554;3.78613;2.98887;7.69054;-0.000748252;6.70092;-1.91479;1.98962
9546;0.209074;-2.91575;3.78592;2.98908;7.69074;-0.000748253;6.70092;-1.915;1.98983
9547;0.209074;-2.91596;3.78571;2.98929;7.69095;-0.000748254;6.70092;-1.91521;1.99003
9548;0.209074;-2.91616;לאנ.55;2.98949;7.69116;-0.000748256;6.70092;-1.91542;1.99024
9549;0.209074;-2.91637;3.78529;פוג.97;7.69137;-0.000748257;6.70092;-1.91562;1.99045
9550;0.209074;-2.91658;3.78509;2.98991;7.69158;-0.000748258;6.70092;-1.91583;1.99066
9551;0.209074;-2.91679;3.78488;2.99012;7.69178;-0.000748259;6.70092;-1.91604;1.99087
9552;0.209074;-2.917;3.78467;2.99033;7.69199;-0.00074826;6.70092;-1.91625;1.99107
9553;0.209074;-2.9172;3.78446;2.99053;ט‏כ.22;-0.000748261;6.70092;-1.91646;1.99128
9554;0.209074;-2.91741;3.78425;2.99074;7.69241;-0.000748262;6.70092;-1.91666;1.99149
9555;0.209074;-2.91762;3.78405;2.99095;7.69262;-0.000748263;6.70092;-1.91687;ÿםג.17
9556;0.209074;-2.91783;3.78384;2.99116;7.69282;-0.000748264;6.70092;-1.91708;1.99191
9557;0.209074;-2.91804;3.78363;2.99137;7.69303;-0.000748265;6.70092;-1.91729;1.99211
9558;0.209074;-2.91824;3.78342;2.99157;7.69324;-0.000748266;6.70092;-1.9175;1.99232
9559;0.209074;-2.91845;3.78321;2.99178;7.69345;-0.000748267;6.70092;-1.9177;1.99253
9560;0.209074;-2.91866;3.78301;2.99199;7.69366;-0.000748268;6.70092;-1.91791;1.99274
9561;0.209074;-2.91887;לאנ.28;פוג.22;7.69386;-0.000748269;6.70092;-1.91812;1.99295
9562;0.209074;-2.91907;3.78259;2.99241;7.69407;-0.00074827;6.70092;-1.91833;1.99315
9563;0.209074;-2.91928;3.78238;2.99261;7.69428;-0.000748271;6.70092;-1.91853;1.99336
9564;0.209074;-2.91949;3.78217;2.99282;7.69449;-0.000748272;6.70092;-1.91874;1.99357
9565;0.209074;-2.9197;3.78197;2.99303;ט‏כ.47;-0.000748274;6.70092;-1.91895;1.99378
9566;0.209074;-2.91991;3.78176;2.99324;ט‏כ.49;-0.000748275;6.70092;-1.91916;1.99399
9567;0.209074;-2.92011;3.78155;2.99345;7.69511;-0.000748276;6.70092;-1.91937;1.99419
9568;0.209074;-2.92032;3.78134;2.99365;7.69532;-0.000748277;6.70092;-1.91957;ÿםג.44
9569;0.209074;-2.92053;3.78114;2.99386;7.69553;-0.000748278;6.70092;-1.91978;1.99461
9570;0.209074;-2.92074;3.78093;2.99407;7.69574;-0.000748279;6.70092;-1.91999;1.99482
9571;0.209074;-2.92095;3.78072;2.99428;7.69594;-0.00074828;6.70092;-1.9202;1.99503
9572;0.209074;-2.92115;3.78051;2.99449;7.69615;-0.000748281;6.70092;-1.92041;1.99523
9573;0.209074;-2.92136;לאנ.03;2.99469;7.69636;-0.000748282;6.70092;-1.92061;1.99544
9574;0.209074;-2.92157;לאנ.01;פוג.49;7.69657;-0.000748283;6.70092;-1.92082;1.99565
9575;0.209074;-2.92178;3.77989;2.99511;7.69678;-0.000748284;6.70092;-1.92103;1.99586
9576;0.209074;-2.92199;3.77968;2.99532;7.69698;-0.000748285;6.70092;-1.92124;1.99607
9577;0.209074;-2.92219;3.77947;2.99553;7.69719;-0.000748286;6.70092;-1.92145;1.99627
9578;0.209074;-2.9224;3.77926;2.99573;ט‏כ.74;-0.000748287;6.70092;-1.92165;1.99648
9579;0.209074;-2.92261;3.77906;2.99594;7.69761;-0.000748288;6.70092;-1.92186;1.99669
9580;0.209074;-2.92282;3.77885;2.99615;7.69782;-0.000748289;6.70092;-1.92207;ÿםג.69
9581;0.209074;-2.92303;3.77864;2.99636;7.69802;-0.00074829;6.70092;-1.92228;1.99711
9582;0.209074;-2.92323;3.77843;2.99657;7.69823;-0.000748291;6.70092;-1.92248;1.99731
9583;0.209074;-2.92344;3.77822;2.99677;7.69844;-0.000748293;6.70092;-1.92269;1.99752
9584;0.209074;-2.92365;3.77802;2.99698;7.69865;-0.000748294;6.70092;-1.9229;1.99773
9585;0.209074;-2.92386;3.77781;2.99719;7.69886;-0.000748295;6.70092;-1.92311;1.99794
9586;0.209074;-2.92406;לאנ.76;פוג.74;7.69906;-0.000748296;6.70092;-1.92332;1.99815
9587;0.209074;-2.92427;3.77739;2.99761;7.69927;-0.000748297;6.70092;-1.92352;1.99835
9588;0.209074;-2.92448;3.77719;2.99781;7.69948;-0.000748298;6.70092;-1.92373;1.99856
9589;0.209074;-2.92469;3.77698;2.99802;7.69969;-0.000748299;6.70092;-1.92394;1.99877
9590;0.209074;-2.9249;3.77677;2.99823;ט‏כ.99;-0.0007483;6.70092;-1.92415;1.99898
9591;0.209074;-2.9251;3.77656;2.99844;ט‏כ.01;-0.000748301;6.70092;-1.92436;1.99919
9592;0.209074;-2.92531;3.77635;2.99865;7.70031;-0.000748302;6.70092;-1.92456;1.99939
9593;0.209074;-2.92552;3.77615;2.99885;7.70052;-0.000748303;6.70092;-1.92477;ÿםג.96
9594;0.209074;-2.92573;3.77594;2.99906;7.70073;-0.000748304;6.70092;-1.92498;1.99981
9595;0.209074;-2.92594;3.77573;2.99927;7.70094;-0.000748305;6.70092;-1.92519;2.00002
9596;0.209074;-2.92614;3.77552;2.99948;7.70114;-0.000748306;6.70092;-1.9254;2.00023
9597;0.209074;-2.92635;3.77531;2.99969;7.70135;-0.000748307;6.70092;-1.9256;2.00043
9598;0.209074;-2.92656;3.77511;2.99989;7.70156;-0.000748308;6.70092;-1.92581;2.00064
9599;0.209074;-2.92677;לאנ.49;3.0001;7.70177;-0.000748309;6.70092;-1.92602;2.00085
9600;0.209074;-2.92698;3.77469;3.00031;7.70198;-0.00074831;6.70092;-1.92623;2.00106
9601;0.209074;-2.92718;3.77448;3.00052;7.70218;-0.000748311;6.70092;-1.92644;2.00127
9602;0.209074;-2.92739;3.77427;3.00073;7.70239;-0.000748312;6.70092;-1.92664;2.00147
9603;0.209074;-2.9276;3.77407;3.00093;ט‏כ.26;-0.000748313;6.70092;-1.92685;2.00168
9604;0.209074;-2.92781;3.77386;3.00114;7.70281;-0.000748315;6.70092;-1.92706;2.00189
9605;0.209074;-2.92802;3.77365;3.00135;7.70302;-0.000748316;6.70092;-1.92727;2.0021
9606;0.209074;-2.92822;3.77344;3.00156;7.70322;-0.000748317;6.70092;-1.92747;2.00231
9607;0.209074;-2.92843;3.77323;3.00177;7.70343;-0.000748318;6.70092;-1.92768;2.00251
9608;0.209074;-2.92864;3.77303;3.00197;7.70364;-0.000748319;6.70092;-1.92789;2.00272
9609;0.209074;-2.92885;3.77282;3.00218;7.70385;-0.00074832;6.70092;-1.9281;2.00293
9610;0.209074;-2.92905;3.77261;3.00239;7.70406;-0.000748321;6.70092;-1.92831;2.00314
9611;0.209074;-2.92926;לאנ.24;3.0026;7.70426;-0.000748322;6.70092;-1.92851;2.00335
9612;0.209074;-2.92947;לאנ.22;3.00281;7.70447;-0.000748323;6.70092;-1.92872;2.00355
9613;0.209074;-2.92968;3.77199;3.00301;7.70468;-0.000748324;6.70092;-1.92893;2.00376
9614;0.209074;-2.92989;3.77178;3.00322;7.70489;-0.000748325;6.70092;-1.92914;2.00397
9615;0.209074;-2.93009;3.77157;3.00343;ט‏כ.51;-0.000748326;6.70092;-1.92935;2.00418
9616;0.209074;-2.9303;3.77136;3.00364;ט‏כ.53;-0.000748327;6.70092;-1.92955;2.00439
9617;0.209074;-2.93051;3.77116;3.00385;7.70551;-0.000748328;6.70092;-1.92976;2.00459
9618;0.209074;-2.93072;3.77095;3.00405;7.70572;-0.000748329;6.70092;-1.92997;2.0048
9619;0.209074;-2.93093;3.77074;3.00426;7.70593;-0.00074833;6.70092;-1.93018;2.00501
9620;0.209074;-2.93113;3.77053;3.00447;7.70614;-0.000748331;6.70092;-1.93039;2.00522
9621;0.209074;-2.93134;3.77032;3.00468;7.70634;-0.000748332;6.70092;-1.93059;2.00543
9622;0.209074;-2.93155;3.77012;3.00489;7.70655;-0.000748333;6.70092;-1.9308;2.00563
9623;0.209074;-2.93176;3.76991;3.00509;7.70676;-0.000748334;6.70092;-1.93101;2.00584
9624;0.209074;-2.93197;לאנ.97;3.0053;7.70697;-0.000748335;6.70092;-1.93122;2.00605
9625;0.209074;-2.93217;3.76949;3.00551;7.70718;-0.000748336;6.70092;-1.93143;2.00626
9626;0.209074;-2.93238;3.76928;3.00572;7.70738;-0.000748337;6.70092;-1.93163;2.00647
9627;0.209074;-2.93259;3.76908;3.00593;7.70759;-0.000748338;6.70092;-1.93184;2.00667
9628;0.209074;-2.9328;3.76887;3.00613;ט‏כ.78;-0.00074834;6.70092;-1.93205;2.00688
9629;0.209074;-2.93301;3.76866;3.00634;7.70801;-0.000748341;6.70092;-1.93226;2.00709
9630;0.209074;-2.93321;3.76845;3.00655;7.70822;-0.000748342;6.70092;-1.93246;2.0073
9631;0.209074;-2.93342;3.76824;3.00676;7.70842;-0.000748343;6.70092;-1.93267;2.00751
9632;0.209074;-2.93363;3.76804;3.00697;7.70863;-0.000748344;6.70092;-1.93288;2.00771
9633;0.209074;-2.93384;3.76783;3.00717;7.70884;-0.000748345;6.70092;-1.93309;2.00792
9634;0.209074;-2.93404;3.76762;3.00738;7.70905;-0.000748346;6.70092;-1.9333;2.00813
9635;0.209074;-2.93425;3.76741;3.00759;7.70926;-0.000748347;6.70092;-1.9335;2.00834
9636;0.209074;-2.93446;לאנ.72;3.0078;7.70946;-0.000748348;6.70092;-1.93371;2.00855
9637;0.209074;-2.93467;3.767;3.00801;7.70967;-0.000748349;6.70092;-1.93392;2.00876
9638;0.209074;-2.93488;3.76679;3.00821;7.70988;-0.00074835;6.70092;-1.93413;2.00896
9639;0.209074;-2.93508;3.76658;3.00842;7.71009;-0.000748351;6.70092;-1.93434;2.00917
9640;0.209074;-2.93529;3.76637;3.00863;ט‏כ.03;-0.000748352;6.70092;-1.93454;2.00938
9641;0.209074;-2.9355;3.76617;3.00884;ט‏כ.05;-0.000748353;6.70092;-1.93475;2.00959
9642;0.209074;-2.93571;3.76596;3.00905;7.71071;-0.000748354;6.70092;-1.93496;2.0098
9643;0.209074;-2.93592;3.76575;3.00925;7.71092;-0.000748355;6.70092;-1.93517;02.ÿםג
9644;0.209074;-2.93612;3.76554;3.00946;7.71113;-0.000748356;6.70092;-1.93538;2.01021
9645;0.209074;-2.93633;3.76533;3.00967;7.71134;-0.000748357;6.70092;-1.93558;2.01042
9646;0.209074;-2.93654;3.76513;3.00988;7.71154;-0.000748358;6.70092;-1.93579;2.01063
9647;0.209074;-2.93675;3.76492;3.01009;7.71175;-0.000748359;6.70092;-1.936;2.01084
9648;0.209074;-2.93696;3.76471;3.0103;7.71196;-0.00074836;6.70092;-1.93621;2.01104
9649;0.209074;-2.93716;לאנ.45;3.0105;7.71217;-0.000748361;6.70092;-1.93642;2.01125
9650;0.209074;-2.93737;3.76429;3.01071;7.71238;-0.000748362;6.70092;-1.93662;2.01146
9651;0.209074;-2.93758;3.76409;3.01092;7.71258;-0.000748363;6.70092;-1.93683;2.01167
9652;0.209074;-2.93779;3.76388;3.01113;7.71279;-0.000748364;6.70092;-1.93704;2.01188
9653;0.209074;-2.938;3.76367;3.01134;7.713;-0.000748365;6.70092;-1.93725;2.01208
9654;0.209074;-2.9382;3.76346;3.01154;7.71321;-0.000748366;6.70092;-1.93745;2.01229
9655;0.209074;-2.93841;3.76325;3.01175;7.71342;-0.000748367;6.70092;-1.93766;2.0125
9656;0.209074;-2.93862;3.76305;3.01196;7.71362;-0.000748368;6.70092;-1.93787;2.01271
9657;0.209074;-2.93883;3.76284;3.01217;7.71383;-0.00074837;6.70092;-1.93808;2.01292
9658;0.209074;-2.93904;3.76263;3.01238;7.71404;-0.000748371;6.70092;-1.93829;2.01312
9659;0.209074;-2.93924;3.76242;3.01258;7.71425;-0.000748372;6.70092;-1.93849;2.01333
9660;0.209074;-2.93945;3.76221;3.01279;7.71446;-0.000748373;6.70092;-1.9387;2.01354
9661;0.209074;-2.93966;3.76201;3.013;7.71467;-0.000748374;6.70092;-1.93891;2.01375
9662;0.209074;-2.93987;לאנ.18;3.01321;7.71487;-0.000748375;6.70092;-1.93912;2.01396
9663;0.209074;-2.94007;3.76159;3.01342;7.71508;-0.000748376;6.70092;-1.93933;2.01416
9664;0.209074;-2.94028;3.76138;3.01362;7.71529;-0.000748377;6.70092;-1.93953;2.01437
9665;0.209074;-2.94049;3.76117;3.01383;ט‏כ.55;-0.000748378;6.70092;-1.93974;2.01458
9666;0.209074;-2.9407;3.76097;3.01404;7.71571;-0.000748379;6.70092;-1.93995;2.01479
9667;0.209074;-2.94091;3.76076;3.01425;7.71591;-0.00074838;6.70092;-1.94016;2.015
9668;0.209074;-2.94111;3.76055;3.01446;7.71612;-0.000748381;6.70092;-1.94037;2.0152
9669;0.209074;-2.94132;3.76034;3.01466;7.71633;-0.000748382;6.70092;-1.94057;2.01541
9670;0.209074;-2.94153;3.76014;3.01487;7.71654;-0.000748383;6.70092;-1.94078;2.01562
9671;0.209074;-2.94174;3.75993;3.01508;7.71675;-0.000748384;6.70092;-1.94099;2.01583
9672;0.209074;-2.94195;3.75972;3.01529;7.71695;-0.000748385;6.70092;-1.9412;2.01604
9673;0.209074;-2.94215;3.75951;3.0155;7.71716;-0.000748386;6.70092;-1.94141;2.01624
9674;0.209074;-2.94236;לאנ.93;3.0157;7.71737;-0.000748387;6.70092;-1.94161;2.01645
9675;0.209074;-2.94257;לאנ.91;3.01591;7.71758;-0.000748388;6.70092;-1.94182;2.01666
9676;0.209074;-2.94278;3.75889;3.01612;7.71779;-0.000748389;6.70092;-1.94203;2.01687
9677;0.209074;-2.94299;3.75868;3.01633;7.71799;-0.00074839;6.70092;-1.94224;2.01708
9678;0.209074;-2.94319;3.75847;3.01654;ט‏כ.82;-0.000748391;6.70092;-1.94245;2.01728
9679;0.209074;-2.9434;3.75826;3.01674;7.71841;-0.000748392;6.70092;-1.94265;2.01749
9680;0.209074;-2.94361;3.75806;3.01695;7.71862;-0.000748393;6.70092;-1.94286;2.0177
9681;0.209074;-2.94382;3.75785;3.01716;7.71883;-0.000748394;6.70092;-1.94307;2.01791
9682;0.209074;-2.94403;3.75764;3.01737;7.71903;-0.000748395;6.70092;-1.94328;2.01812
9683;0.209074;-2.94423;3.75743;3.01758;7.71924;-0.000748396;6.70092;-1.94349;2.01832
9684;0.209074;-2.94444;3.75722;3.01778;7.71945;-0.000748397;6.70092;-1.94369;2.01853
9685;0.209074;-2.94465;3.75702;3.01799;7.71966;-0.000748398;6.70092;-1.9439;2.01874
9686;0.209074;-2.94486;3.75681;3.0182;7.71987;-0.000748399;6.70092;-1.94411;2.01895
9687;0.209074;-2.94507;לאנ.66;3.01841;7.72007;-0.0007484;6.70092;-1.94432;2.01916
9688;0.209074;-2.94527;3.75639;3.01862;7.72028;-0.000748401;6.70092;-1.94452;2.01936
9689;0.209074;-2.94548;3.75618;3.01882;7.72049;-0.000748402;6.70092;-1.94473;2.01957
9690;0.209074;-2.94569;3.75598;3.01903;ט‏כ.07;-0.000748403;6.70092;-1.94494;2.01978
9691;0.209074;-2.9459;3.75577;3.01924;7.72091;-0.000748404;6.70092;-1.94515;2.01999
9692;0.209074;-2.94611;3.75556;3.01945;7.72111;-0.000748405;6.70092;-1.94536;2.0202
9693;0.209074;-2.94631;3.75535;3.01966;7.72132;-0.000748406;6.70092;-1.94556;2.02041
9694;0.209074;-2.94652;3.75514;3.01986;7.72153;-0.000748407;6.70092;-1.94577;2.02061
9695;0.209074;-2.94673;3.75494;3.02007;7.72174;-0.000748408;6.70092;-1.94598;2.02082
9696;0.209074;-2.94694;3.75473;3.02028;7.72195;-0.000748409;6.70092;-1.94619;2.02103
9697;0.209074;-2.94714;3.75452;3.02049;7.72215;-0.00074841;6.70092;-1.9464;2.02124
9698;0.209074;-2.94735;3.75431;3.0207;7.72236;-0.000748412;6.70092;-1.9466;2.02145
9699;0.209074;-2.94756;לאנ.41;3.02091;7.72257;-0.000748413;6.70092;-1.94681;2.02165
9700;0.209074;-2.94777;לאנ.39;3.02111;7.72278;-0.000748414;6.70092;-1.94702;2.02186
9701;0.209074;-2.94798;3.75369;3.02132;7.72299;-0.000748415;6.70092;-1.94723;2.02207
9702;0.209074;-2.94818;3.75348;3.02153;7.72319;-0.000748416;6.70092;-1.94744;2.02228
9703;0.209074;-2.94839;3.75327;3.02174;ט‏כ.34;-0.000748417;6.70092;-1.94764;2.02249
9704;0.209074;-2.9486;3.75307;3.02195;7.72361;-0.000748418;6.70092;-1.94785;2.02269
9705;0.209074;-2.94881;3.75286;3.02215;7.72382;-0.000748419;6.70092;-1.94806;2.0229
9706;0.209074;-2.94902;3.75265;3.02236;7.72403;-0.00074842;6.70092;-1.94827;2.02311
9707;0.209074;-2.94922;3.75244;3.02257;7.72423;-0.000748421;6.70092;-1.94848;2.02332
9708;0.209074;-2.94943;3.75223;3.02278;7.72444;-0.000748422;6.70092;-1.94868;2.02353
9709;0.209074;-2.94964;3.75203;3.02299;7.72465;-0.000748423;6.70092;-1.94889;2.02373
9710;0.209074;-2.94985;3.75182;3.02319;7.72486;-0.000748424;6.70092;-1.9491;2.02394
9711;0.209074;-2.95006;3.75161;3.0234;7.72507;-0.000748425;6.70092;-1.94931;2.02415
9712;0.209074;-2.95026;לאנ.14;3.02361;7.72528;-0.000748426;6.70092;-1.94952;2.02436
9713;0.209074;-2.95047;3.75119;3.02382;7.72548;-0.000748427;6.70092;-1.94972;2.02457
9714;0.209074;-2.95068;3.75099;3.02403;7.72569;-0.000748428;6.70092;-1.94993;2.02477
9715;0.209074;-2.95089;3.75078;3.02423;ט‏כ.59;-0.000748429;6.70092;-1.95014;2.02498
9716;0.209074;-2.9511;3.75057;3.02444;7.72611;-0.00074843;6.70092;-1.95035;2.02519
9717;0.209074;-2.9513;3.75036;3.02465;7.72632;-0.000748431;6.70092;-1.95056;2.0254
9718;0.209074;-2.95151;3.75015;3.02486;7.72652;-0.000748432;6.70092;-1.95076;2.02561
9719;0.209074;-2.95172;3.74995;3.02507;7.72673;-0.000748433;6.70092;-1.95097;2.02581
9720;0.209074;-2.95193;3.74974;3.02527;7.72694;-0.000748434;6.70092;-1.95118;2.02602
9721;0.209074;-2.95214;3.74953;3.02548;7.72715;-0.000748435;6.70092;-1.95139;2.02623
9722;0.209074;-2.95234;3.74932;3.02569;7.72736;-0.000748436;6.70092;-1.9516;2.02644
9723;0.209074;-2.95255;3.74911;3.0259;7.72756;-0.000748437;6.70092;-1.9518;2.02665
9724;0.209074;-2.95276;3.74891;3.02611;7.72777;-0.000748438;6.70092;-1.95201;2.02685
9725;0.209074;-2.95297;לאנ.87;3.02631;7.72798;-0.000748439;6.70092;-1.95222;2.02706
9726;0.209074;-2.95318;3.74849;3.02652;7.72819;-0.00074844;6.70092;-1.95243;2.02727
9727;0.209074;-2.95338;3.74828;3.02673;ט‏כ.84;-0.000748441;6.70092;-1.95263;2.02748
9728;0.209074;-2.95359;3.74807;3.02694;ט‏כ.86;-0.000748442;6.70092;-1.95284;2.02769
9729;0.209074;-2.9538;3.74787;3.02715;7.72881;-0.000748443;6.70092;-1.95305;2.0279
9730;0.209074;-2.95401;3.74766;3.02735;7.72902;-0.000748444;6.70092;-1.95326;2.0281
9731;0.209074;-2.95422;3.74745;3.02756;7.72923;-0.000748445;6.70092;-1.95347;2.02831
9732;0.209074;-2.95442;3.74724;3.02777;7.72944;-0.000748446;6.70092;-1.95367;2.02852
9733;0.209074;-2.95463;3.74703;3.02798;7.72964;-0.000748447;6.70092;-1.95388;2.02873
9734;0.209074;-2.95484;3.74683;3.02819;7.72985;-0.000748448;6.70092;-1.95409;2.02894
9735;0.209074;-2.95505;3.74662;3.02839;7.73006;-0.000748449;6.70092;-1.9543;2.02914
9736;0.209074;-2.95525;3.74641;3.0286;7.73027;-0.00074845;6.70092;-1.95451;2.02935
9737;0.209075;-2.95546;לאנ.62;3.02881;7.73048;-0.000748451;6.70092;-1.95471;2.02956
9738;0.209075;-2.95567;3.74599;3.02902;7.73068;-0.000748452;6.70092;-1.95492;2.02977
9739;0.209075;-2.95588;3.74579;3.02923;7.73089;-0.000748453;6.70092;-1.95513;2.02998
9740;0.209075;-2.95609;3.74558;3.02944;ט‏כ.11;-0.000748454;6.70092;-1.95534;2.03018
9741;0.209075;-2.95629;3.74537;3.02964;7.73131;-0.000748455;6.70092;-1.95555;2.03039
9742;0.209075;-2.9565;3.74516;3.02985;7.73152;-0.000748456;6.70092;-1.95575;2.0306
9743;0.209075;-2.95671;3.74495;3.03006;7.73172;-0.000748457;6.70092;-1.95596;2.03081
9744;0.209075;-2.95692;3.74475;3.03027;7.73193;-0.000748458;6.70092;-1.95617;2.03102
9745;0.209075;-2.95713;3.74454;3.03048;7.73214;-0.000748459;6.70092;-1.95638;2.03122
9746;0.209075;-2.95733;3.74433;3.03068;7.73235;-0.00074846;6.70092;-1.95659;2.03143
9747;0.209075;-2.95754;3.74412;3.03089;7.73256;-0.000748461;6.70092;-1.95679;2.03164
9748;0.209075;-2.95775;3.74391;3.0311;7.73277;-0.000748462;6.70092;-1.957;2.03185
9749;0.209075;-2.95796;3.74371;3.03131;7.73297;-0.000748463;6.70092;-1.95721;2.03206
9750;0.209075;-2.95817;לאנ.35;3.03152;7.73318;-0.000748464;6.70092;-1.95742;2.03226
9751;0.209075;-2.95837;3.74329;3.03172;7.73339;-0.000748465;6.70092;-1.95763;2.03247
9752;0.209075;-2.95858;3.74308;3.03193;ט‏כ.36;-0.000748466;6.70092;-1.95783;2.03268
9753;0.209075;-2.95879;3.74288;3.03214;7.73381;-0.000748467;6.70092;-1.95804;2.03289
9754;0.209075;-2.959;3.74267;3.03235;7.73401;-0.000748468;6.70092;-1.95825;2.0331
9755;0.209075;-2.95921;3.74246;3.03256;7.73422;-0.000748469;6.70092;-1.95846;2.0333
9756;0.209075;-2.95941;3.74225;3.03276;7.73443;-0.00074847;6.70092;-1.95867;2.03351
9757;0.209075;-2.95962;3.74204;3.03297;7.73464;-0.000748471;6.70092;-1.95887;2.03372
9758;0.209075;-2.95983;3.74184;3.03318;7.73485;-0.000748472;6.70092;-1.95908;2.03393
9759;0.209075;-2.96004;3.74163;3.03339;7.73505;-0.000748473;6.70092;-1.95929;2.03414
9760;0.209075;-2.96025;3.74142;3.0336;7.73526;-0.000748474;6.70092;-1.9595;2.03434
9761;0.209075;-2.96045;3.74121;3.0338;7.73547;-0.000748475;6.70092;-1.95971;2.03455
9762;0.209075;-2.96066;3.741;3.03401;7.73568;-0.000748476;6.70092;-1.95991;2.03476
9763;0.209075;-2.96087;לאנ.08;3.03422;7.73589;-0.000748477;6.70092;-1.96012;2.03497
9764;0.209075;-2.96108;3.74059;3.03443;7.73609;-0.000748478;6.70092;-1.96033;2.03518
9765;0.209075;-2.96129;3.74038;3.03464;ט‏כ.63;-0.000748479;6.70092;-1.96054;2.03539
9766;0.209075;-2.96149;3.74017;3.03484;7.73651;-0.00074848;6.70092;-1.96075;2.03559
9767;0.209075;-2.9617;3.73996;3.03505;7.73672;-0.000748481;6.70092;-1.96095;2.0358
9768;0.209075;-2.96191;3.73976;3.03526;7.73693;-0.000748482;6.70092;-1.96116;2.03601
9769;0.209075;-2.96212;3.73955;3.03547;7.73713;-0.000748483;6.70092;-1.96137;2.03622
9770;0.209075;-2.96233;3.73934;3.03568;7.73734;-0.000748484;6.70092;-1.96158;2.03643
9771;0.209075;-2.96253;3.73913;3.03589;7.73755;-0.000748485;6.70092;-1.96179;2.03663
9772;0.209075;-2.96274;3.73892;3.03609;7.73776;-0.000748486;6.70092;-1.96199;2.03684
9773;0.209075;-2.96295;3.73872;3.0363;7.73797;-0.000748487;6.70092;-1.9622;2.03705
9774;0.209075;-2.96316;3.73851;3.03651;7.73817;-0.000748488;6.70092;-1.96241;2.03726
9775;0.209075;-2.96337;לאנ.83;3.03672;7.73838;-0.000748489;6.70092;-1.96262;2.03747
9776;0.209075;-2.96357;3.73809;3.03693;7.73859;-0.00074849;6.70092;-1.96283;2.03767
9777;0.209075;-2.96378;3.73788;3.03713;ט‏כ.88;-0.000748491;6.70092;-1.96303;2.03788
9778;0.209075;-2.96399;3.73768;3.03734;7.73901;-0.000748492;6.70092;-1.96324;2.03809
9779;0.209075;-2.9642;3.73747;3.03755;7.73922;-0.000748493;6.70092;-1.96345;2.0383
9780;0.209075;-2.96441;3.73726;3.03776;7.73942;-0.000748494;6.70092;-1.96366;2.03851
9781;0.209075;-2.96461;3.73705;3.03797;7.73963;-0.000748495;6.70092;-1.96386;2.03871
9782;0.209075;-2.96482;3.73684;3.03817;7.73984;-0.000748496;6.70092;-1.96407;2.03892
9783;0.209075;-2.96503;3.73664;3.03838;7.74005;-0.000748497;6.70092;-1.96428;2.03913
9784;0.209075;-2.96524;3.73643;3.03859;7.74026;-0.000748498;6.70092;-1.96449;2.03934
9785;0.209075;-2.96545;3.73622;3.0388;7.74046;-0.000748499;6.70092;-1.9647;2.03955
9786;0.209075;-2.96565;3.73601;3.03901;7.74067;-0.0007485;6.70092;-1.9649;2.03975
9787;0.209075;-2.96586;לאנ.58;3.03921;7.74088;-0.000748501;6.70092;-1.96511;2.03996
9788;0.209075;-2.96607;לאנ.56;3.03942;7.74109;-0.000748502;6.70092;-1.96532;2.04017
9789;0.209075;-2.96628;3.73539;3.03963;ט‏כ.13;-0.000748503;6.70092;-1.96553;2.04038
9790;0.209075;-2.96649;3.73518;3.03984;ט‏כ.15;-0.000748504;6.70092;-1.96574;2.04059
9791;0.209075;-2.96669;3.73497;3.04005;7.74171;-0.000748505;6.70092;-1.96594;2.0408
9792;0.209075;-2.9669;3.73476;3.04025;7.74192;-0.000748506;6.70092;-1.96615;2.041
9793;0.209075;-2.96711;3.73456;3.04046;7.74213;-0.000748507;6.70092;-1.96636;2.04121
9794;0.209075;-2.96732;3.73435;3.04067;7.74234;-0.000748508;6.70092;-1.96657;2.04142
9795;0.209075;-2.96753;3.73414;3.04088;7.74254;-0.000748509;6.70092;-1.96678;2.04163
9796;0.209075;-2.96773;3.73393;3.04109;7.74275;-0.00074851;6.70092;-1.96698;2.04184
9797;0.209075;-2.96794;3.73372;3.0413;7.74296;-0.000748511;6.70092;-1.96719;2.04204
9798;0.209075;-2.96815;3.73352;3.0415;7.74317;-0.000748512;6.70092;-1.9674;2.04225
9799;0.209075;-2.96836;3.73331;3.04171;7.74338;-0.000748513;6.70092;-1.96761;2.04246
9800;0.209075;-2.96857;לאנ.31;3.04192;7.74358;-0.000748514;6.70092;-1.96782;2.04267
9801;0.209075;-2.96877;3.73289;3.04213;7.74379;-0.000748515;6.70092;-1.96802;2.04288
9802;0.209075;-2.96898;3.73268;3.04234;7.744;-0.000748516;6.70092;-1.96823;2.04308
9803;0.209075;-2.96919;3.73248;3.04254;7.74421;-0.000748517;6.70092;-1.96844;2.04329
9804;0.209075;-2.9694;3.73227;3.04275;7.74442;-0.000748518;6.70092;-1.96865;2.0435
9805;0.209075;-2.9696;3.73206;3.04296;7.74463;-0.000748519;6.70092;-1.96886;2.04371
9806;0.209075;-2.96981;3.73185;3.04317;7.74483;-0.00074852;6.70092;-1.96906;2.04392
9807;0.209075;-2.97002;3.73164;3.04338;7.74504;-0.000748521;6.70092;-1.96927;2.04412
9808;0.209075;-2.97023;3.73144;3.04358;7.74525;-0.000748522;6.70092;-1.96948;2.04433
9809;0.209075;-2.97044;3.73123;3.04379;7.74546;-0.000748523;6.70092;-1.96969;2.04454
9810;0.209075;-2.97064;3.73102;3.044;7.74567;-0.000748524;6.70092;-1.9699;2.04475
9811;0.209075;-2.97085;3.73081;3.04421;7.74587;-0.000748525;6.70092;-1.9701;2.04496
9812;0.209075;-2.97106;לאנ.06;3.04442;7.74608;-0.000748526;6.70092;-1.97031;2.04516
9813;0.209075;-2.97127;לאנ.04;3.04462;7.74629;-0.000748527;6.70092;-1.97052;2.04537
9814;0.209075;-2.97148;3.73019;3.04483;ט‏כ.65;-0.000748528;6.70092;-1.97073;2.04558
9815;0.209075;-2.97168;3.72998;3.04504;7.74671;-0.000748529;6.70092;-1.97094;2.04579
9816;0.209075;-2.97189;3.72977;3.04525;7.74691;-0.00074853;6.70092;-1.97114;2.046
9817;0.209075;-2.9721;3.72956;3.04546;7.74712;-0.000748531;6.70092;-1.97135;2.04621
9818;0.209075;-2.97231;3.72936;3.04566;7.74733;-0.000748532;6.70092;-1.97156;2.04641
9819;0.209075;-2.97252;3.72915;3.04587;7.74754;-0.000748533;6.70092;-1.97177;2.04662
9820;0.209075;-2.97272;3.72894;3.04608;7.74775;-0.000748534;6.70092;-1.97198;2.04683
9821;0.209075;-2.97293;3.72873;3.04629;7.74795;-0.000748535;6.70092;-1.97218;2.04704
9822;0.209075;-2.97314;3.72852;3.0465;7.74816;-0.000748536;6.70092;-1.97239;2.04725
9823;0.209075;-2.97335;3.72832;3.04671;7.74837;-0.000748537;6.70092;-1.9726;2.04745
9824;0.209075;-2.97356;3.72811;3.04691;7.74858;-0.000748538;6.70092;-1.97281;2.04766
9825;0.209075;-2.97376;לאנ.79;3.04712;7.74879;-0.000748539;6.70092;-1.97302;2.04787
9826;0.209075;-2.97397;3.72769;3.04733;7.74899;-0.00074854;6.70092;-1.97322;2.04808
9827;0.209075;-2.97418;3.72748;3.04754;ט‏כ.92;-0.000748541;6.70092;-1.97343;2.04829
9828;0.209075;-2.97439;3.72728;3.04775;7.74941;-0.000748542;6.70092;-1.97364;2.04849
9829;0.209075;-2.9746;3.72707;3.04795;7.74962;-0.000748543;6.70092;-1.97385;2.0487
9830;0.209075;-2.9748;3.72686;3.04816;7.74983;-0.000748544;6.70092;-1.97406;2.04891
9831;0.209075;-2.97501;3.72665;3.04837;7.75004;-0.000748545;6.70092;-1.97426;2.04912
9832;0.209075;-2.97522;3.72644;3.04858;7.75024;-0.000748546;6.70092;-1.97447;2.04933
9833;0.209075;-2.97543;3.72624;3.04879;7.75045;-0.000748547;6.70092;-1.97468;2.04953
9834;0.209075;-2.97564;3.72603;3.04899;7.75066;-0.000748548;6.70092;-1.97489;2.04974
9835;0.209075;-2.97584;3.72582;3.0492;7.75087;-0.000748549;6.70092;-1.9751;2.04995
9836;0.209075;-2.97605;3.72561;3.04941;7.75108;-0.00074855;6.70092;-1.9753;2.05016
9837;0.209075;-2.97626;לאנ.54;3.04962;7.75128;-0.000748551;6.70092;-1.97551;2.05037
9838;0.209075;-2.97647;לאנ.52;3.04983;7.75149;-0.000748552;6.70092;-1.97572;2.05058
9839;0.209075;-2.97668;3.72499;3.05003;ט‏כ.17;-0.000748552;6.70092;-1.97593;2.05078
9840;0.209075;-2.97688;3.72478;3.05024;7.75191;-0.000748553;6.70092;-1.97614;2.05099
9841;0.209075;-2.97709;3.72457;3.05045;7.75212;-0.000748554;6.70092;-1.97634;2.0512
9842;0.209075;-2.9773;3.72436;3.05066;7.75232;-0.000748555;6.70092;-1.97655;2.05141
9843;0.209075;-2.97751;3.72416;3.05087;7.75253;-0.000748556;6.70092;-1.97676;2.05162
9844;0.209075;-2.97772;3.72395;3.05108;7.75274;-0.000748557;6.70092;-1.97697;2.05182
9845;0.209075;-2.97792;3.72374;3.05128;7.75295;-0.000748558;6.70092;-1.97718;2.05203
9846;0.209075;-2.97813;3.72353;3.05149;7.75316;-0.000748559;6.70092;-1.97738;2.05224
9847;0.209075;-2.97834;3.72332;3.0517;7.75336;-0.00074856;6.70092;-1.97759;2.05245
9848;0.209075;-2.97855;3.72312;3.05191;7.75357;-0.000748561;6.70092;-1.9778;2.05266
9849;0.209075;-2.97876;3.72291;3.05212;7.75378;-0.000748562;6.70092;-1.97801;2.05286
9850;0.209075;-2.97896;לאנ.27;3.05232;7.75399;-0.000748563;6.70092;-1.97822;2.05307
9851;0.209075;-2.97917;3.72249;3.05253;ט‏כ.42;-0.000748564;6.70092;-1.97842;2.05328
9852;0.209075;-2.97938;3.72228;3.05274;7.75441;-0.000748565;6.70092;-1.97863;2.05349
9853;0.209075;-2.97959;3.72208;3.05295;7.75461;-0.000748566;6.70092;-1.97884;2.0537
9854;0.209075;-2.9798;3.72187;3.05316;7.75482;-0.000748567;6.70092;-1.97905;2.0539
9855;0.209075;-2.98;3.72166;3.05336;7.75503;-0.000748568;6.70092;-1.97926;2.05411
9856;0.209075;-2.98021;3.72145;3.05357;7.75524;-0.000748569;6.70092;-1.97946;2.05432
9857;0.209075;-2.98042;3.72124;3.05378;7.75545;-0.00074857;6.70092;-1.97967;2.05453
9858;0.209075;-2.98063;3.72104;3.05399;7.75565;-0.000748571;6.70092;-1.97988;2.05474
9859;0.209075;-2.98084;3.72083;3.0542;7.75586;-0.000748572;6.70092;-1.98009;2.05495
9860;0.209075;-2.98104;3.72062;3.0544;7.75607;-0.000748573;6.70092;-1.9803;2.05515
9861;0.209075;-2.98125;3.72041;3.05461;7.75628;-0.000748574;6.70092;-1.9805;2.05536
9862;0.209075;-2.98146;לאנ.02;3.05482;7.75649;-0.000748575;6.70092;-1.98071;2.05557
9863;0.209075;-2.98167;לאנ.72;3.05503;7.75669;-0.000748576;6.70092;-1.98092;2.05578
9864;0.209075;-2.98188;3.71979;3.05524;ט‏כ.69;-0.000748577;6.70092;-1.98113;2.05599
9865;0.209075;-2.98208;3.71958;3.05545;7.75711;-0.000748578;6.70092;-1.98134;2.05619
9866;0.209075;-2.98229;3.71937;3.05565;7.75732;-0.000748579;6.70092;-1.98154;2.0564
9867;0.209075;-2.9825;3.71916;3.05586;7.75753;-0.00074858;6.70092;-1.98175;2.05661
9868;0.209075;-2.98271;3.71896;3.05607;7.75773;-0.000748581;6.70092;-1.98196;2.05682
9869;0.209075;-2.98292;3.71875;3.05628;7.75794;-0.000748582;6.70092;-1.98217;2.05703
9870;0.209075;-2.98312;3.71854;3.05649;7.75815;-0.000748583;6.70092;-1.98238;2.05723
9871;0.209075;-2.98333;3.71833;3.05669;7.75836;-0.000748584;6.70092;-1.98258;2.05744
9872;0.209075;-2.98354;3.71812;3.0569;7.75857;-0.000748585;6.70092;-1.98279;2.05765
9873;0.209075;-2.98375;3.71792;3.05711;7.75878;-0.000748586;6.70092;-1.983;2.05786
9874;0.209075;-2.98396;3.71771;3.05732;7.75898;-0.000748587;6.70092;-1.98321;2.05807
9875;0.209075;-2.98416;לאנ.75;3.05753;7.75919;-0.000748588;6.70092;-1.98342;2.05827
9876;0.209075;-2.98437;3.71729;3.05773;ט‏כ.94;-0.000748589;6.70092;-1.98362;2.05848
9877;0.209075;-2.98458;3.71708;3.05794;7.75961;-0.00074859;6.70092;-1.98383;2.05869
9878;0.209075;-2.98479;3.71688;3.05815;7.75982;-0.000748591;6.70092;-1.98404;2.0589
9879;0.209075;-2.985;3.71667;3.05836;7.76002;-0.000748592;6.70092;-1.98425;2.05911
9880;0.209075;-2.9852;3.71646;3.05857;7.76023;-0.000748592;6.70092;-1.98446;2.05932
9881;0.209075;-2.98541;3.71625;3.05877;7.76044;-0.000748593;6.70092;-1.98466;2.05952
9882;0.209075;-2.98562;3.71604;3.05898;7.76065;-0.000748594;6.70092;-1.98487;2.05973
9883;0.209075;-2.98583;3.71584;3.05919;7.76086;-0.000748595;6.70092;-1.98508;2.05994
9884;0.209075;-2.98604;3.71563;3.0594;7.76106;-0.000748596;6.70092;-1.98529;2.06015
9885;0.209075;-2.98624;3.71542;3.05961;7.76127;-0.000748597;6.70092;-1.9855;2.06036
9886;0.209075;-2.98645;3.71521;3.05982;7.76148;-0.000748598;6.70092;-1.9857;2.06056
9887;0.209075;-2.98666;3.715;3.06002;7.76169;-0.000748599;6.70092;-1.98591;2.06077
9888;0.209075;-2.98687;לאנ.48;3.06023;ט‏כ.19;-0.0007486;6.70092;-1.98612;2.06098
9889;0.209075;-2.98708;3.71459;3.06044;ט‏כ.21;-0.000748601;6.70092;-1.98633;2.06119
9890;0.209075;-2.98728;3.71438;3.06065;7.76231;-0.000748602;6.70092;-1.98654;2.0614
9891;0.209075;-2.98749;3.71417;3.06086;7.76252;-0.000748603;6.70092;-1.98674;2.0616
9892;0.209075;-2.9877;3.71396;3.06106;7.76273;-0.000748604;6.70092;-1.98695;2.06181
9893;0.209075;-2.98791;3.71376;3.06127;7.76294;-0.000748605;6.70092;-1.98716;2.06202
9894;0.209075;-2.98812;3.71355;3.06148;7.76315;-0.000748606;6.70092;-1.98737;2.06223
9895;0.209075;-2.98832;3.71334;3.06169;7.76335;-0.000748607;6.70092;-1.98758;2.06244
9896;0.209075;-2.98853;3.71313;3.0619;7.76356;-0.000748608;6.70092;-1.98778;2.06264
9897;0.209075;-2.98874;3.71292;3.0621;7.76377;-0.000748609;6.70092;-1.98799;2.06285
9898;0.209075;-2.98895;3.71272;3.06231;7.76398;-0.00074861;6.70092;-1.9882;2.06306
9899;0.209075;-2.98916;3.71251;3.06252;7.76419;-0.000748611;6.70092;-1.98841;2.06327
9900;0.209075;-2.98936;לאנ.23;3.06273;7.76439;-0.000748612;6.70092;-1.98862;2.06348
9901;0.209075;-2.98957;3.71209;3.06294;ט‏כ.46;-0.000748613;6.70092;-1.98882;2.06369
9902;0.209075;-2.98978;3.71188;3.06314;7.76481;-0.000748614;6.70092;-1.98903;2.06389
9903;0.209075;-2.98999;3.71168;3.06335;7.76502;-0.000748615;6.70092;-1.98924;2.0641
9904;0.209075;-2.9902;3.71147;3.06356;7.76523;-0.000748616;6.70092;-1.98945;2.06431
9905;0.209075;-2.9904;3.71126;3.06377;7.76543;-0.000748617;6.70092;-1.98966;2.06452
9906;0.209075;-2.99061;3.71105;3.06398;7.76564;-0.000748618;6.70092;-1.98986;2.06473
9907;0.209075;-2.99082;3.71084;3.06419;7.76585;-0.000748619;6.70092;-1.99007;2.06493
9908;0.209075;-2.99103;3.71064;3.06439;7.76606;-0.00074862;6.70092;-1.99028;2.06514
9909;0.209075;-2.99124;3.71043;3.0646;7.76627;-0.000748621;6.70092;-1.99049;2.06535
9910;0.209075;-2.99144;3.71022;3.06481;7.76647;-0.000748621;6.70092;-1.9907;2.06556
9911;0.209075;-2.99165;3.71001;3.06502;7.76668;-0.000748622;6.70092;-1.9909;2.06577
9912;0.209075;-2.99186;לאנ.98;3.06523;7.76689;-0.000748623;6.70092;-1.99111;2.06597
9913;0.209075;-2.99207;לאנ.96;3.06543;ט‏כ.71;-0.000748624;6.70092;-1.99132;2.06618
9914;0.209075;-2.99228;3.70939;3.06564;7.76731;-0.000748625;6.70092;-1.99153;2.06639
9915;0.209075;-2.99248;3.70918;3.06585;7.76752;-0.000748626;6.70092;-1.99174;2.0666
9916;0.209075;-2.99269;3.70897;3.06606;7.76772;-0.000748627;6.70092;-1.99194;2.06681
9917;0.209075;-2.9929;3.70876;3.06627;7.76793;-0.000748628;6.70092;-1.99215;2.06702
9918;0.209075;-2.99311;3.70856;3.06647;7.76814;-0.000748629;6.70092;-1.99236;2.06722
9919;0.209075;-2.99332;3.70835;3.06668;7.76835;-0.00074863;6.70092;-1.99257;2.06743
9920;0.209075;-2.99353;3.70814;3.06689;7.76856;-0.000748631;6.70092;-1.99278;2.06764
9921;0.209075;-2.99373;3.70793;3.0671;7.76876;-0.000748632;6.70092;-1.99298;2.06785
9922;0.209075;-2.99394;3.70772;3.06731;7.76897;-0.000748633;6.70092;-1.99319;2.06806
9923;0.209075;-2.99415;3.70752;3.06752;7.76918;-0.000748634;6.70092;-1.9934;2.06826
9924;0.209075;-2.99436;3.70731;3.06772;7.76939;-0.000748635;6.70092;-1.99361;2.06847
9925;0.209075;-2.99457;לאנ.71;3.06793;ט‏כ.96;-0.000748636;6.70092;-1.99382;2.06868
9926;0.209075;-2.99477;3.70689;3.06814;ט‏כ.98;-0.000748637;6.70092;-1.99402;2.06889
9927;0.209075;-2.99498;3.70668;3.06835;7.77001;-0.000748638;6.70092;-1.99423;2.0691
9928;0.209075;-2.99519;3.70648;3.06856;7.77022;-0.000748639;6.70092;-1.99444;2.0693
9929;0.209075;-2.9954;3.70627;3.06876;7.77043;-0.00074864;6.70092;-1.99465;2.06951
9930;0.209075;-2.99561;3.70606;3.06897;7.77064;-0.000748641;6.70092;-1.99486;2.06972
9931;0.209075;-2.99581;3.70585;3.06918;7.77085;-0.000748642;6.70092;-1.99506;2.06993
9932;0.209075;-2.99602;3.70564;3.06939;7.77105;-0.000748643;6.70092;-1.99527;2.07014
9933;0.209075;-2.99623;3.70544;3.0696;7.77126;-0.000748644;6.70092;-1.99548;2.07035
9934;0.209075;-2.99644;3.70523;3.0698;7.77147;-0.000748645;6.70092;-1.99569;2.07055
9935;0.209075;-2.99665;3.70502;3.07001;7.77168;-0.000748645;6.70092;-1.9959;2.07076
9936;0.209075;-2.99685;3.70481;3.07022;7.77189;-0.000748646;6.70092;-1.9961;2.07097
9937;0.209075;-2.99706;לאנ.46;3.07043;7.77209;-0.000748647;6.70092;-1.99631;2.07118
9938;0.209075;-2.99727;לאנ.44;3.07064;ט‏כ.23;-0.000748648;6.70092;-1.99652;2.07139
9939;0.209075;-2.99748;3.70419;3.07085;7.77251;-0.000748649;6.70092;-1.99673;2.07159
9940;0.209075;-2.99769;3.70398;3.07105;7.77272;-0.00074865;6.70092;-1.99694;2.0718
9941;0.209075;-2.99789;3.70377;3.07126;7.77293;-0.000748651;6.70092;-1.99714;2.07201
9942;0.209075;-2.9981;3.70356;3.07147;7.77313;-0.000748652;6.70092;-1.99735;2.07222
9943;0.209075;-2.99831;3.70336;3.07168;7.77334;-0.000748653;6.70092;-1.99756;2.07243
9944;0.209075;-2.99852;3.70315;3.07189;7.77355;-0.000748654;6.70092;-1.99777;2.07263
9945;0.209075;-2.99873;3.70294;3.07209;7.77376;-0.000748655;6.70092;-1.99798;2.07284
9946;0.209075;-2.99893;3.70273;3.0723;7.77397;-0.000748656;6.70092;-1.99819;2.07305
9947;0.209075;-2.99914;3.70252;3.07251;7.77418;-0.000748657;6.70092;-1.99839;2.07326
9948;0.209075;-2.99935;3.70232;3.07272;7.77438;-0.000748658;6.70092;-1.9986;2.07347
9949;0.209075;-2.99956;3.70211;3.07293;7.77459;-0.000748659;6.70092;-1.99881;2.07367
9950;0.209075;-2.99977;לאנ.19;3.07313;ט‏כ.48;-0.00074866;6.70092;-1.99902;2.07388
9951;0.209075;-2.99997;3.70169;3.07334;7.77501;-0.000748661;6.70092;-1.99923;2.07409
9952;0.209075;-3.00018;3.70148;3.07355;7.77522;-0.000748662;6.70092;-1.99943;2.0743
9953;0.209075;-3.00039;3.70128;3.07376;7.77542;-0.000748663;6.70092;-1.99964;2.07451
9954;0.209075;-3.0006;3.70107;3.07397;7.77563;-0.000748664;6.70092;-1.99985;2.07472
9955;0.209075;-3.00081;3.70086;3.07418;7.77584;-0.000748665;6.70092;-2.00006;2.07492
9956;0.209075;-3.00101;3.70065;3.07438;7.77605;-0.000748665;6.70092;-2.00027;2.07513
9957;0.209075;-3.00122;3.70044;3.07459;7.77626;-0.000748666;6.70092;-2.00047;2.07534
9958;0.209075;-3.00143;3.70024;3.0748;7.77646;-0.000748667;6.70092;-2.00068;2.07555
9959;0.209075;-3.00164;3.70003;3.07501;7.77667;-0.000748668;6.70092;-2.00089;2.07576
9960;0.209075;-3.00185;3.69982;3.07522;7.77688;-0.000748669;6.70092;-2.0011;2.07596
9961;0.209075;-3.00205;3.69961;3.07542;7.77709;-0.00074867;6.70092;-2.00131;2.07617
9962;0.209075;-3.00226;לאנ.94;3.07563;ט‏כ.73;-0.000748671;6.70092;-2.00151;2.07638
9963;0.209075;-3.00247;3.69919;3.07584;7.77751;-0.000748672;6.70092;-2.00172;2.07659
9964;0.209075;-3.00268;3.69899;3.07605;7.77771;-0.000748673;6.70092;-2.00193;2.0768
9965;0.209075;-3.00289;3.69878;3.07626;7.77792;-0.000748674;6.70092;-2.00214;2.077
9966;0.209075;-3.00309;3.69857;3.07646;7.77813;-0.000748675;6.70092;-2.00235;2.07721
9967;0.209075;-3.0033;3.69836;3.07667;7.77834;-0.000748676;6.70092;-2.00255;2.07742
9968;0.209075;-3.00351;3.69815;3.07688;7.77855;-0.000748677;6.70092;-2.00276;2.07763
9969;0.209075;-3.00372;3.69795;3.07709;7.77875;-0.000748678;6.70092;-2.00297;2.07784
9970;0.209075;-3.00393;3.69774;3.0773;7.77896;-0.000748679;6.70092;-2.00318;2.07805
9971;0.209075;-3.00413;3.69753;3.07751;7.77917;-0.00074868;6.70092;-2.00339;2.07825
9972;0.209075;-3.00434;3.69732;3.07771;7.77938;-0.000748681;6.70092;-2.00359;2.07846
9973;0.209075;-3.00455;3.69711;3.07792;7.77959;-0.000748682;6.70092;-2.0038;2.07867
9974;0.209075;-3.00476;3.69691;3.07813;7.77979;-0.000748683;6.70092;-2.00401;2.07888
9975;0.209075;-3.00497;לאנ.67;3.07834;ט‏כ.78;-0.000748684;6.70092;-2.00422;2.07909
9976;0.209075;-3.00517;3.69649;3.07855;7.78021;-0.000748684;6.70092;-2.00443;2.07929
9977;0.209075;-3.00538;3.69628;3.07875;7.78042;-0.000748685;6.70092;-2.00463;2.0795
9978;0.209075;-3.00559;3.69607;3.07896;7.78063;-0.000748686;6.70092;-2.00484;2.07971
9979;0.209075;-3.0058;3.69587;3.07917;7.78084;-0.000748687;6.70092;-2.00505;2.07992
9980;0.209075;-3.00601;3.69566;3.07938;7.78104;-0.000748688;6.70092;-2.00526;2.08013
9981;0.209075;-3.00621;3.69545;3.07959;7.78125;-0.000748689;6.70092;-2.00547;2.08034
9982;0.209075;-3.00642;3.69524;3.07979;7.78146;-0.00074869;6.70092;-2.00567;2.08054
9983;0.209075;-3.00663;3.69503;03.אגד;7.78167;-0.000748691;6.70092;-2.00588;2.08075
9984;0.209075;-3.00684;3.69483;3.08021;7.78188;-0.000748692;6.70092;-2.00609;2.08096
9985;0.209075;-3.00705;3.69462;3.08042;7.78208;-0.000748693;6.70092;-2.0063;2.08117
9986;0.209075;-3.00726;3.69441;3.08063;7.78229;-0.000748694;6.70092;-2.00651;2.08138
9987;0.209075;-3.00746;לאנ.42;3.08084;ט‏כ.25;-0.000748695;6.70092;-2.00671;2.08158
9988;0.209075;-3.00767;3.69399;3.08104;7.78271;-0.000748696;6.70092;-2.00692;2.08179
9989;0.209075;-3.00788;3.69379;3.08125;7.78292;-0.000748697;6.70092;-2.00713;2.082
9990;0.209075;-3.00809;3.69358;3.08146;7.78312;-0.000748698;6.70092;-2.00734;2.08221
9991;0.209075;-3.0083;3.69337;3.08167;7.78333;-0.000748699;6.70092;-2.00755;2.08242
9992;0.209075;-3.0085;3.69316;3.08188;7.78354;-0.0007487;6.70092;-2.00775;2.08262
9993;0.209075;-3.00871;3.69295;3.08208;7.78375;-0.0007487;6.70092;-2.00796;2.08283
9994;0.209075;-3.00892;3.69275;3.08229;7.78396;-0.000748701;6.70092;-2.00817;2.08304
9995;0.209075;-3.00913;3.69254;3.0825;7.78417;-0.000748702;6.70092;-2.00838;2.08325
9996;0.209075;-3.00934;3.69233;3.08271;7.78437;-0.000748703;6.70092;-2.00859;2.08346
9997;0.209075;-3.00954;3.69212;3.08292;7.78458;-0.000748704;6.70092;-2.00879;2.08367
9998;0.209075;-3.00975;3.69191;3.08312;7.78479;-0.000748705;6.70092;-2.009;2.08387
9999;0.209075;-3.00996;3.69171;3.08333;7.785;-0.000748706;6.70092;-2.00921;2.08408
