Epoch;ErrorScore;w1;b1;b2
0;49.9455;-0.287952;-0.00702182;0.702182
1;38.2793;0.322503;-0.013188;1.3188
2;29.8804;0.863391;-0.0186516;1.86516
3;24.2311;1.35053;-0.0235722;2.35722
4;19.7889;1.79076;-0.0280189;2.80189
5;16.166;2.18865;-0.032038;3.2038
6;13.2067;2.54828;-0.0356707;3.56707
7;10.7908;2.87336;-0.0389543;3.89543
8;8.81848;3.16723;-0.0419226;4.19226
9;7.20781;3.4329;-0.0446062;4.46062
10;5.8921;3.67311;-0.0470326;4.70326
11;4.81706;3.8903;-0.0492264;4.92264
12;3.93849;4.08669;-0.0512101;5.12101
13;3.22036;4.26427;-0.0530038;5.30038
14;2.6333;4.42484;-0.0546258;5.46258
15;2.15335;4.57005;-0.0560926;5.60926
16;1.76093;4.70136;-0.0574189;5.74189
17;1.44007;4.82011;-0.0586184;5.86184
18;1.1777;4.92749;-0.059703;5.9703
19;0.963148;5.0246;-0.0606839;6.06839
20;0.787703;5.11241;-0.061571;6.1571
21;0.64423;5.19183;-0.0623731;6.23731
22;0.5269;5.26365;-0.0630986;6.30986
23;0.430948;5.32859;-0.0637546;6.37546
24;0.352479;5.38733;-0.0643479;6.43479
25;0.288305;5.44044;-0.0648844;6.48844
26;0.235822;5.48848;-0.0653696;6.53696
27;0.192901;5.53192;-0.0658084;6.58084
28;0.157798;5.5712;-0.0662052;6.62052
29;0.12909;5.60673;-0.0665641;6.65641
30;0.105611;5.63886;-0.0668886;6.68886
31;0.0864091;5.66792;-0.0671821;6.71821
32;0.0707047;5.69419;-0.0674475;6.74475
33;0.0578609;5.71796;-0.0676876;6.76876
34;0.0473564;5.73945;-0.0679047;6.79047
35;0.0387653;5.75888;-0.068101;6.8101
36;0.031739;5.77646;-0.0682785;6.82785
37;0.0259924;5.79235;-0.0684391;6.84391
38;0.0212925;5.80673;-0.0685843;6.85843
39;0.0174485;5.81973;-0.0687156;6.87156
40;0.0143047;5.83149;-0.0688343;6.88343
41;0.0117334;5.84212;-0.0689417;6.89417
42;0.00963048;5.85173;-0.0690388;6.90388
43;0.00791052;5.86043;-0.0691267;6.91267
44;0.00650379;5.86829;-0.0692061;6.92061
45;0.00535325;5.8754;-0.069278;6.9278
46;0.00441224;5.88184;-0.0693429;6.93429
47;0.00364259;5.88765;-0.0694017;6.94017
48;0.00301311;5.89291;-0.0694548;6.94548
49;0.00249825;5.89767;-0.0695029;6.95029
50;0.00207715;5.90197;-0.0695463;6.95463
51;0.00173273;5.90586;-0.0695856;6.95856
52;0.00145102;5.90938;-0.0696211;6.96211
53;0.00122061;5.91256;-0.0696533;6.96533
54;0.00103215;5.91544;-0.0696824;6.96824
55;0.000878005;5.91804;-0.0697086;6.97086
56;0.000751923;5.9204;-0.0697324;6.97324
57;0.000648796;5.92253;-0.0697539;6.97539
58;0.000564442;5.92445;-0.0697734;6.97734
59;0.000495444;5.92619;-0.0697909;6.97909
60;0.000439006;5.92777;-0.0698068;6.98068
61;0.00039284;5.92919;-0.0698212;6.98212
62;0.000355076;5.93048;-0.0698342;6.98342
63;0.000324185;5.93164;-0.069846;6.9846
64;0.000298916;5.93269;-0.0698566;6.98566
65;0.000278244;5.93365;-0.0698662;6.98662
66;0.000261333;5.93451;-0.0698749;6.98749
67;0.000247499;5.93529;-0.0698828;6.98828
68;0.000236181;5.93599;-0.0698899;6.98899
69;0.000226921;5.93663;-0.0698964;6.98964
70;0.000219345;5.9372;-0.0699022;6.99022
71;0.000213146;5.93772;-0.0699074;6.99074
72;0.000208075;5.9382;-0.0699122;6.99122
73;0.000203924;5.93862;-0.0699165;6.99165
74;0.000200528;5.93901;-0.0699204;6.99204
75;0.000197749;5.93936;-0.0699239;6.99239
76;0.000195475;5.93967;-0.0699271;6.99271
77;0.000193613;5.93996;-0.06993;6.993
78;0.000192089;5.94021;-0.0699326;6.99326
79;0.000190842;5.94045;-0.0699349;6.99349
80;0.000189821;5.94066;-0.0699371;6.99371
81;0.000188985;5.94085;-0.069939;6.9939
82;0.0001883;5.94102;-0.0699407;6.99407
83;0.000187739;5.94118;-0.0699423;6.99423
84;0.00018728;5.94132;-0.0699437;6.99437
85;0.000186904;5.94145;-0.069945;6.9945
86;0.000186595;5.94156;-0.0699462;6.99462
87;0.000186343;5.94167;-0.0699472;6.99472
88;0.000186136;5.94176;-0.0699482;6.99482
89;0.000185966;5.94184;-0.0699491;6.99491
90;0.000185827;5.94192;-0.0699498;6.99498
91;0.000185713;5.94199;-0.0699505;6.99505
92;0.000185619;5.94205;-0.0699512;6.99512
93;0.000185542;5.94211;-0.0699518;6.99518
94;0.000185479;5.94216;-0.0699523;6.99523
95;0.000185427;5.94221;-0.0699528;6.99528
96;0.000185384;5.94225;-0.0699532;6.99532
97;0.000185349;5.94229;-0.0699536;6.99536
98;0.000185321;5.94232;-0.0699539;6.99539
99;0.000185297;5.94236;-0.0699542;6.99542
100;0.000185277;5.94238;-0.0699545;6.99545
101;0.000185261;5.94241;-0.0699548;6.99548
102;0.000185248;5.94243;-0.069955;6.9955
103;0.000185237;5.94245;-0.0699552;6.99552
104;0.000185228;5.94247;-0.0699554;6.99554
105;0.00018522;5.94249;-0.0699556;6.99556
106;0.000185214;5.94251;-0.0699557;6.99557
107;0.000185209;5.94252;-0.0699559;6.99559
108;0.000185205;5.94253;-0.069956;6.9956
109;0.000185201;5.94254;-0.0699561;6.99561
110;0.000185198;5.94255;-0.0699562;6.99562
111;0.000185196;5.94256;-0.0699563;6.99563
112;0.000185194;5.94257;-0.0699564;6.99564
113;0.000185192;5.94258;-0.0699565;6.99565
114;0.000185191;5.94259;-0.0699565;6.99565
115;0.000185189;5.94259;-0.0699566;6.99566
116;0.000185188;5.9426;-0.0699567;6.99567
117;0.000185188;5.9426;-0.0699567;6.99567
118;0.000185187;5.94261;-0.0699568;6.99568
119;0.000185186;5.94261;-0.0699568;6.99568
120;0.000185186;5.94262;-0.0699568;6.99568
121;0.000185185;5.94262;-0.0699569;6.99569
122;0.000185185;5.94262;-0.0699569;6.99569
123;0.000185185;5.94262;-0.0699569;6.99569
124;0.000185184;5.94263;-0.069957;6.9957
125;0.000185184;5.94263;-0.069957;6.9957
126;0.000185184;5.94263;-0.069957;6.9957
127;0.000185184;5.94263;-0.069957;6.9957
128;0.000185184;5.94264;-0.069957;6.9957
129;0.000185184;5.94264;-0.0699571;6.99571
130;0.000185183;5.94264;-0.0699571;6.99571
131;0.000185183;5.94264;-0.0699571;6.99571
132;0.000185183;5.94264;-0.0699571;6.99571
133;0.000185183;5.94264;-0.0699571;6.99571
134;0.000185183;5.94264;-0.0699571;6.99571
135;0.000185183;5.94264;-0.0699571;6.99571
136;0.000185183;5.94264;-0.0699571;6.99571
137;0.000185183;5.94264;-0.0699571;6.99571
138;0.000185183;5.94265;-0.0699571;6.99571
139;0.000185183;5.94265;-0.0699572;6.99572
140;0.000185183;5.94265;-0.0699572;6.99572
141;0.000185183;5.94265;-0.0699572;6.99572
142;0.000185183;5.94265;-0.0699572;6.99572
143;0.000185183;5.94265;-0.0699572;6.99572
144;0.000185183;5.94265;-0.0699572;6.99572
145;0.000185183;5.94265;-0.0699572;6.99572
146;0.000185183;5.94265;-0.0699572;6.99572
147;0.000185183;5.94265;-0.0699572;6.99572
148;0.000185183;5.94265;-0.0699572;6.99572
149;0.000185183;5.94265;-0.0699572;6.99572
150;0.000185183;5.94265;-0.0699572;6.99572
151;0.000185183;5.94265;-0.0699572;6.99572
152;0.000185183;5.94265;-0.0699572;6.99572
153;0.000185183;5.94265;-0.0699572;6.99572
154;0.000185183;5.94265;-0.0699572;6.99572
155;0.000185183;5.94265;-0.0699572;6.99572
156;0.000185183;5.94265;-0.0699572;6.99572
157;0.000185183;5.94265;-0.0699572;6.99572
158;0.000185183;5.94265;-0.0699572;6.99572
159;0.000185183;5.94265;-0.0699572;6.99572
160;0.000185183;5.94265;-0.0699572;6.99572
161;0.000185183;5.94265;-0.0699572;6.99572
162;0.000185183;5.94265;-0.0699572;6.99572
163;0.000185183;5.94265;-0.0699572;6.99572
164;0.000185183;5.94265;-0.0699572;6.99572
165;0.000185183;5.94265;-0.0699572;6.99572
166;0.000185183;5.94265;-0.0699572;6.99572
167;0.000185183;5.94265;-0.0699572;6.99572
168;0.000185183;5.94265;-0.0699572;6.99572
169;0.000185183;5.94265;-0.0699572;6.99572
170;0.000185183;5.94265;-0.0699572;6.99572
171;0.000185183;5.94265;-0.0699572;6.99572
172;0.000185183;5.94265;-0.0699572;6.99572
173;0.000185183;5.94265;-0.0699572;6.99572
174;0.000185183;5.94265;-0.0699572;6.99572
175;0.000185183;5.94265;-0.0699572;6.99572
176;0.000185183;5.94265;-0.0699572;6.99572
177;0.000185183;5.94265;-0.0699572;6.99572
178;0.000185183;5.94265;-0.0699572;6.99572
179;0.000185183;5.94265;-0.0699572;6.99572
180;0.000185183;5.94265;-0.0699572;6.99572
181;0.000185183;5.94265;-0.0699572;6.99572
182;0.000185183;5.94265;-0.0699572;6.99572
183;0.000185183;5.94265;-0.0699572;6.99572
184;0.000185183;5.94265;-0.0699572;6.99572
185;0.000185183;5.94265;-0.0699572;6.99572
186;0.000185183;5.94265;-0.0699572;6.99572
187;0.000185183;5.94265;-0.0699572;6.99572
188;0.000185183;5.94265;-0.0699572;6.99572
189;0.000185183;5.94265;-0.0699572;6.99572
190;0.000185183;5.94265;-0.0699572;6.99572
191;0.000185183;5.94265;-0.0699572;6.99572
192;0.000185183;5.94265;-0.0699572;6.99572
193;0.000185183;5.94265;-0.0699572;6.99572
194;0.000185183;5.94265;-0.0699572;6.99572
195;0.000185183;5.94265;-0.0699572;6.99572
196;0.000185183;5.94265;-0.0699572;6.99572
197;0.000185183;5.94265;-0.0699572;6.99572
198;0.000185183;5.94265;-0.0699572;6.99572
199;0.000185183;5.94265;-0.0699572;6.99572
200;0.000185183;5.94265;-0.0699572;6.99572
201;0.000185183;5.94265;-0.0699572;6.99572
202;0.000185183;5.94265;-0.0699572;6.99572
203;0.000185183;5.94265;-0.0699572;6.99572
204;0.000185183;5.94265;-0.0699572;6.99572
205;0.000185183;5.94265;-0.0699572;6.99572
206;0.000185183;5.94265;-0.0699572;6.99572
207;0.000185183;5.94265;-0.0699572;6.99572
208;0.000185183;5.94265;-0.0699572;6.99572
209;0.000185183;5.94265;-0.0699572;6.99572
210;0.000185183;5.94265;-0.0699572;6.99572
211;0.000185183;5.94265;-0.0699572;6.99572
212;0.000185183;5.94265;-0.0699572;6.99572
213;0.000185183;5.94265;-0.0699572;6.99572
214;0.000185183;5.94265;-0.0699572;6.99572
215;0.000185183;5.94265;-0.0699572;6.99572
216;0.000185183;5.94265;-0.0699572;6.99572
217;0.000185183;5.94265;-0.0699572;6.99572
218;0.000185183;5.94265;-0.0699572;6.99572
219;0.000185183;5.94265;-0.0699572;6.99572
220;0.000185183;5.94265;-0.0699572;6.99572
221;0.000185183;5.94265;-0.0699572;6.99572
222;0.000185183;5.94265;-0.0699572;6.99572
223;0.000185183;5.94265;-0.0699572;6.99572
224;0.000185183;5.94265;-0.0699572;6.99572
225;0.000185183;5.94265;-0.0699572;6.99572
226;0.000185183;5.94265;-0.0699572;6.99572
227;0.000185183;5.94265;-0.0699572;6.99572
228;0.000185183;5.94265;-0.0699572;6.99572
229;0.000185183;5.94265;-0.0699572;6.99572
230;0.000185183;5.94265;-0.0699572;6.99572
231;0.000185183;5.94265;-0.0699572;6.99572
232;0.000185183;5.94265;-0.0699572;6.99572
233;0.000185183;5.94265;-0.0699572;6.99572
234;0.000185183;5.94265;-0.0699572;6.99572
235;0.000185183;5.94265;-0.0699572;6.99572
236;0.000185183;5.94265;-0.0699572;6.99572
237;0.000185183;5.94265;-0.0699572;6.99572
238;0.000185183;5.94265;-0.0699572;6.99572
239;0.000185183;5.94265;-0.0699572;6.99572
240;0.000185183;5.94265;-0.0699572;6.99572
241;0.000185183;5.94265;-0.0699572;6.99572
242;0.000185183;5.94265;-0.0699572;6.99572
243;0.000185183;5.94265;-0.0699572;6.99572
244;0.000185183;5.94265;-0.0699572;6.99572
245;0.000185183;5.94265;-0.0699572;6.99572
246;0.000185183;5.94265;-0.0699572;6.99572
247;0.000185183;5.94265;-0.0699572;6.99572
248;0.000185183;5.94265;-0.0699572;6.99572
249;0.000185183;5.94265;-0.0699572;6.99572
250;0.000185183;5.94265;-0.0699572;6.99572
251;0.000185183;5.94265;-0.0699572;6.99572
252;0.000185183;5.94265;-0.0699572;6.99572
253;0.000185183;5.94265;-0.0699572;6.99572
254;0.000185183;5.94265;-0.0699572;6.99572
255;0.000185183;5.94265;-0.0699572;6.99572
256;0.000185183;5.94265;-0.0699572;6.99572
257;0.000185183;5.94265;-0.0699572;6.99572
258;0.000185183;5.94265;-0.0699572;6.99572
259;0.000185183;5.94265;-0.0699572;6.99572
260;0.000185183;5.94265;-0.0699572;6.99572
261;0.000185183;5.94265;-0.0699572;6.99572
262;0.000185183;5.94265;-0.0699572;6.99572
263;0.000185183;5.94265;-0.0699572;6.99572
264;0.000185183;5.94265;-0.0699572;6.99572
265;0.000185183;5.94265;-0.0699572;6.99572
266;0.000185183;5.94265;-0.0699572;6.99572
267;0.000185183;5.94265;-0.0699572;6.99572
268;0.000185183;5.94265;-0.0699572;6.99572
269;0.000185183;5.94265;-0.0699572;6.99572
270;0.000185183;5.94265;-0.0699572;6.99572
271;0.000185183;5.94265;-0.0699572;6.99572
272;0.000185183;5.94265;-0.0699572;6.99572
273;0.000185183;5.94265;-0.0699572;6.99572
274;0.000185183;5.94265;-0.0699572;6.99572
275;0.000185183;5.94265;-0.0699572;6.99572
276;0.000185183;5.94265;-0.0699572;6.99572
277;0.000185183;5.94265;-0.0699572;6.99572
278;0.000185183;5.94265;-0.0699572;6.99572
279;0.000185183;5.94265;-0.0699572;6.99572
280;0.000185183;5.94265;-0.0699572;6.99572
281;0.000185183;5.94265;-0.0699572;6.99572
282;0.000185183;5.94265;-0.0699572;6.99572
283;0.000185183;5.94265;-0.0699572;6.99572
284;0.000185183;5.94265;-0.0699572;6.99572
285;0.000185183;5.94265;-0.0699572;6.99572
286;0.000185183;5.94265;-0.0699572;6.99572
287;0.000185183;5.94265;-0.0699572;6.99572
288;0.000185183;5.94265;-0.0699572;6.99572
289;0.000185183;5.94265;-0.0699572;6.99572
290;0.000185183;5.94265;-0.0699572;6.99572
291;0.000185183;5.94265;-0.0699572;6.99572
292;0.000185183;5.94265;-0.0699572;6.99572
293;0.000185183;5.94265;-0.0699572;6.99572
294;0.000185183;5.94265;-0.0699572;6.99572
295;0.000185183;5.94265;-0.0699572;6.99572
296;0.000185183;5.94265;-0.0699572;6.99572
297;0.000185183;5.94265;-0.0699572;6.99572
298;0.000185183;5.94265;-0.0699572;6.99572
299;0.000185183;5.94265;-0.0699572;6.99572
300;0.000185183;5.94265;-0.0699572;6.99572
301;0.000185183;5.94265;-0.0699572;6.99572
302;0.000185183;5.94265;-0.0699572;6.99572
303;0.000185183;5.94265;-0.0699572;6.99572
304;0.000185183;5.94265;-0.0699572;6.99572
305;0.000185183;5.94265;-0.0699572;6.99572
306;0.000185183;5.94265;-0.0699572;6.99572
307;0.000185183;5.94265;-0.0699572;6.99572
308;0.000185183;5.94265;-0.0699572;6.99572
309;0.000185183;5.94265;-0.0699572;6.99572
310;0.000185183;5.94265;-0.0699572;6.99572
311;0.000185183;5.94265;-0.0699572;6.99572
312;0.000185183;5.94265;-0.0699572;6.99572
313;0.000185183;5.94265;-0.0699572;6.99572
314;0.000185183;5.94265;-0.0699572;6.99572
315;0.000185183;5.94265;-0.0699572;6.99572
316;0.000185183;5.94265;-0.0699572;6.99572
317;0.000185183;5.94265;-0.0699572;6.99572
318;0.000185183;5.94265;-0.0699572;6.99572
319;0.000185183;5.94265;-0.0699572;6.99572
320;0.000185183;5.94265;-0.0699572;6.99572
321;0.000185183;5.94265;-0.0699572;6.99572
322;0.000185183;5.94265;-0.0699572;6.99572
323;0.000185183;5.94265;-0.0699572;6.99572
324;0.000185183;5.94265;-0.0699572;6.99572
325;0.000185183;5.94265;-0.0699572;6.99572
326;0.000185183;5.94265;-0.0699572;6.99572
327;0.000185183;5.94265;-0.0699572;6.99572
328;0.000185183;5.94265;-0.0699572;6.99572
329;0.000185183;5.94265;-0.0699572;6.99572
330;0.000185183;5.94265;-0.0699572;6.99572
331;0.000185183;5.94265;-0.0699572;6.99572
332;0.000185183;5.94265;-0.0699572;6.99572
333;0.000185183;5.94265;-0.0699572;6.99572
334;0.000185183;5.94265;-0.0699572;6.99572
335;0.000185183;5.94265;-0.0699572;6.99572
336;0.000185183;5.94265;-0.0699572;6.99572
337;0.000185183;5.94265;-0.0699572;6.99572
338;0.000185183;5.94265;-0.0699572;6.99572
339;0.000185183;5.94265;-0.0699572;6.99572
340;0.000185183;5.94265;-0.0699572;6.99572
341;0.000185183;5.94265;-0.0699572;6.99572
342;0.000185183;5.94265;-0.0699572;6.99572
343;0.000185183;5.94265;-0.0699572;6.99572
344;0.000185183;5.94265;-0.0699572;6.99572
345;0.000185183;5.94265;-0.0699572;6.99572
346;0.000185183;5.94265;-0.0699572;6.99572
347;0.000185183;5.94265;-0.0699572;6.99572
348;0.000185183;5.94265;-0.0699572;6.99572
349;0.000185183;5.94265;-0.0699572;6.99572
350;0.000185183;5.94265;-0.0699572;6.99572
351;0.000185183;5.94265;-0.0699572;6.99572
352;0.000185183;5.94265;-0.0699572;6.99572
353;0.000185183;5.94265;-0.0699572;6.99572
354;0.000185183;5.94265;-0.0699572;6.99572
355;0.000185183;5.94265;-0.0699572;6.99572
356;0.000185183;5.94265;-0.0699572;6.99572
357;0.000185183;5.94265;-0.0699572;6.99572
358;0.000185183;5.94265;-0.0699572;6.99572
359;0.000185183;5.94265;-0.0699572;6.99572
360;0.000185183;5.94265;-0.0699572;6.99572
361;0.000185183;5.94265;-0.0699572;6.99572
362;0.000185183;5.94265;-0.0699572;6.99572
363;0.000185183;5.94265;-0.0699572;6.99572
364;0.000185183;5.94265;-0.0699572;6.99572
365;0.000185183;5.94265;-0.0699572;6.99572
366;0.000185183;5.94265;-0.0699572;6.99572
367;0.000185183;5.94265;-0.0699572;6.99572
368;0.000185183;5.94265;-0.0699572;6.99572
369;0.000185183;5.94265;-0.0699572;6.99572
370;0.000185183;5.94265;-0.0699572;6.99572
371;0.000185183;5.94265;-0.0699572;6.99572
372;0.000185183;5.94265;-0.0699572;6.99572
373;0.000185183;5.94265;-0.0699572;6.99572
374;0.000185183;5.94265;-0.0699572;6.99572
375;0.000185183;5.94265;-0.0699572;6.99572
376;0.000185183;5.94265;-0.0699572;6.99572
377;0.000185183;5.94265;-0.0699572;6.99572
378;0.000185183;5.94265;-0.0699572;6.99572
379;0.000185183;5.94265;-0.0699572;6.99572
380;0.000185183;5.94265;-0.0699572;6.99572
381;0.000185183;5.94265;-0.0699572;6.99572
382;0.000185183;5.94265;-0.0699572;6.99572
383;0.000185183;5.94265;-0.0699572;6.99572
384;0.000185183;5.94265;-0.0699572;6.99572
385;0.000185183;5.94265;-0.0699572;6.99572
386;0.000185183;5.94265;-0.0699572;6.99572
387;0.000185183;5.94265;-0.0699572;6.99572
388;0.000185183;5.94265;-0.0699572;6.99572
389;0.000185183;5.94265;-0.0699572;6.99572
390;0.000185183;5.94265;-0.0699572;6.99572
391;0.000185183;5.94265;-0.0699572;6.99572
392;0.000185183;5.94265;-0.0699572;6.99572
393;0.000185183;5.94265;-0.0699572;6.99572
394;0.000185183;5.94265;-0.0699572;6.99572
395;0.000185183;5.94265;-0.0699572;6.99572
396;0.000185183;5.94265;-0.0699572;6.99572
397;0.000185183;5.94265;-0.0699572;6.99572
398;0.000185183;5.94265;-0.0699572;6.99572
399;0.000185183;5.94265;-0.0699572;6.99572
400;0.000185183;5.94265;-0.0699572;6.99572
401;0.000185183;5.94265;-0.0699572;6.99572
402;0.000185183;5.94265;-0.0699572;6.99572
403;0.000185183;5.94265;-0.0699572;6.99572
404;0.000185183;5.94265;-0.0699572;6.99572
405;0.000185183;5.94265;-0.0699572;6.99572
406;0.000185183;5.94265;-0.0699572;6.99572
407;0.000185183;5.94265;-0.0699572;6.99572
408;0.000185183;5.94265;-0.0699572;6.99572
409;0.000185183;5.94265;-0.0699572;6.99572
410;0.000185183;5.94265;-0.0699572;6.99572
411;0.000185183;5.94265;-0.0699572;6.99572
412;0.000185183;5.94265;-0.0699572;6.99572
413;0.000185183;5.94265;-0.0699572;6.99572
414;0.000185183;5.94265;-0.0699572;6.99572
415;0.000185183;5.94265;-0.0699572;6.99572
416;0.000185183;5.94265;-0.0699572;6.99572
417;0.000185183;5.94265;-0.0699572;6.99572
418;0.000185183;5.94265;-0.0699572;6.99572
419;0.000185183;5.94265;-0.0699572;6.99572
420;0.000185183;5.94265;-0.0699572;6.99572
421;0.000185183;5.94265;-0.0699572;6.99572
422;0.000185183;5.94265;-0.0699572;6.99572
423;0.000185183;5.94265;-0.0699572;6.99572
424;0.000185183;5.94265;-0.0699572;6.99572
425;0.000185183;5.94265;-0.0699572;6.99572
426;0.000185183;5.94265;-0.0699572;6.99572
427;0.000185183;5.94265;-0.0699572;6.99572
428;0.000185183;5.94265;-0.0699572;6.99572
429;0.000185183;5.94265;-0.0699572;6.99572
430;0.000185183;5.94265;-0.0699572;6.99572
431;0.000185183;5.94265;-0.0699572;6.99572
432;0.000185183;5.94265;-0.0699572;6.99572
433;0.000185183;5.94265;-0.0699572;6.99572
434;0.000185183;5.94265;-0.0699572;6.99572
435;0.000185183;5.94265;-0.0699572;6.99572
436;0.000185183;5.94265;-0.0699572;6.99572
437;0.000185183;5.94265;-0.0699572;6.99572
438;0.000185183;5.94265;-0.0699572;6.99572
439;0.000185183;5.94265;-0.0699572;6.99572
440;0.000185183;5.94265;-0.0699572;6.99572
441;0.000185183;5.94265;-0.0699572;6.99572
442;0.000185183;5.94265;-0.0699572;6.99572
443;0.000185183;5.94265;-0.0699572;6.99572
444;0.000185183;5.94265;-0.0699572;6.99572
445;0.000185183;5.94265;-0.0699572;6.99572
446;0.000185183;5.94265;-0.0699572;6.99572
447;0.000185183;5.94265;-0.0699572;6.99572
448;0.000185183;5.94265;-0.0699572;6.99572
449;0.000185183;5.94265;-0.0699572;6.99572
450;0.000185183;5.94265;-0.0699572;6.99572
451;0.000185183;5.94265;-0.0699572;6.99572
452;0.000185183;5.94265;-0.0699572;6.99572
453;0.000185183;5.94265;-0.0699572;6.99572
454;0.000185183;5.94265;-0.0699572;6.99572
455;0.000185183;5.94265;-0.0699572;6.99572
456;0.000185183;5.94265;-0.0699572;6.99572
457;0.000185183;5.94265;-0.0699572;6.99572
458;0.000185183;5.94265;-0.0699572;6.99572
459;0.000185183;5.94265;-0.0699572;6.99572
460;0.000185183;5.94265;-0.0699572;6.99572
461;0.000185183;5.94265;-0.0699572;6.99572
462;0.000185183;5.94265;-0.0699572;6.99572
463;0.000185183;5.94265;-0.0699572;6.99572
464;0.000185183;5.94265;-0.0699572;6.99572
465;0.000185183;5.94265;-0.0699572;6.99572
466;0.000185183;5.94265;-0.0699572;6.99572
467;0.000185183;5.94265;-0.0699572;6.99572
468;0.000185183;5.94265;-0.0699572;6.99572
469;0.000185183;5.94265;-0.0699572;6.99572
470;0.000185183;5.94265;-0.0699572;6.99572
471;0.000185183;5.94265;-0.0699572;6.99572
472;0.000185183;5.94265;-0.0699572;6.99572
473;0.000185183;5.94265;-0.0699572;6.99572
474;0.000185183;5.94265;-0.0699572;6.99572
475;0.000185183;5.94265;-0.0699572;6.99572
476;0.000185183;5.94265;-0.0699572;6.99572
477;0.000185183;5.94265;-0.0699572;6.99572
478;0.000185183;5.94265;-0.0699572;6.99572
479;0.000185183;5.94265;-0.0699572;6.99572
480;0.000185183;5.94265;-0.0699572;6.99572
481;0.000185183;5.94265;-0.0699572;6.99572
482;0.000185183;5.94265;-0.0699572;6.99572
483;0.000185183;5.94265;-0.0699572;6.99572
484;0.000185183;5.94265;-0.0699572;6.99572
485;0.000185183;5.94265;-0.0699572;6.99572
486;0.000185183;5.94265;-0.0699572;6.99572
487;0.000185183;5.94265;-0.0699572;6.99572
488;0.000185183;5.94265;-0.0699572;6.99572
489;0.000185183;5.94265;-0.0699572;6.99572
490;0.000185183;5.94265;-0.0699572;6.99572
491;0.000185183;5.94265;-0.0699572;6.99572
492;0.000185183;5.94265;-0.0699572;6.99572
493;0.000185183;5.94265;-0.0699572;6.99572
494;0.000185183;5.94265;-0.0699572;6.99572
495;0.000185183;5.94265;-0.0699572;6.99572
496;0.000185183;5.94265;-0.0699572;6.99572
497;0.000185183;5.94265;-0.0699572;6.99572
498;0.000185183;5.94265;-0.0699572;6.99572
499;0.000185183;5.94265;-0.0699572;6.99572
500;0.000185183;5.94265;-0.0699572;6.99572
501;0.000185183;5.94265;-0.0699572;6.99572
502;0.000185183;5.94265;-0.0699572;6.99572
503;0.000185183;5.94265;-0.0699572;6.99572
504;0.000185183;5.94265;-0.0699572;6.99572
505;0.000185183;5.94265;-0.0699572;6.99572
506;0.000185183;5.94265;-0.0699572;6.99572
507;0.000185183;5.94265;-0.0699572;6.99572
508;0.000185183;5.94265;-0.0699572;6.99572
509;0.000185183;5.94265;-0.0699572;6.99572
510;0.000185183;5.94265;-0.0699572;6.99572
511;0.000185183;5.94265;-0.0699572;6.99572
512;0.000185183;5.94265;-0.0699572;6.99572
513;0.000185183;5.94265;-0.0699572;6.99572
514;0.000185183;5.94265;-0.0699572;6.99572
515;0.000185183;5.94265;-0.0699572;6.99572
516;0.000185183;5.94265;-0.0699572;6.99572
517;0.000185183;5.94265;-0.0699572;6.99572
518;0.000185183;5.94265;-0.0699572;6.99572
519;0.000185183;5.94265;-0.0699572;6.99572
520;0.000185183;5.94265;-0.0699572;6.99572
521;0.000185183;5.94265;-0.0699572;6.99572
522;0.000185183;5.94265;-0.0699572;6.99572
523;0.000185183;5.94265;-0.0699572;6.99572
524;0.000185183;5.94265;-0.0699572;6.99572
525;0.000185183;5.94265;-0.0699572;6.99572
526;0.000185183;5.94265;-0.0699572;6.99572
527;0.000185183;5.94265;-0.0699572;6.99572
528;0.000185183;5.94265;-0.0699572;6.99572
529;0.000185183;5.94265;-0.0699572;6.99572
530;0.000185183;5.94265;-0.0699572;6.99572
531;0.000185183;5.94265;-0.0699572;6.99572
532;0.000185183;5.94265;-0.0699572;6.99572
533;0.000185183;5.94265;-0.0699572;6.99572
534;0.000185183;5.94265;-0.0699572;6.99572
535;0.000185183;5.94265;-0.0699572;6.99572
536;0.000185183;5.94265;-0.0699572;6.99572
537;0.000185183;5.94265;-0.0699572;6.99572
538;0.000185183;5.94265;-0.0699572;6.99572
539;0.000185183;5.94265;-0.0699572;6.99572
540;0.000185183;5.94265;-0.0699572;6.99572
541;0.000185183;5.94265;-0.0699572;6.99572
542;0.000185183;5.94265;-0.0699572;6.99572
543;0.000185183;5.94265;-0.0699572;6.99572
544;0.000185183;5.94265;-0.0699572;6.99572
545;0.000185183;5.94265;-0.0699572;6.99572
546;0.000185183;5.94265;-0.0699572;6.99572
547;0.000185183;5.94265;-0.0699572;6.99572
548;0.000185183;5.94265;-0.0699572;6.99572
549;0.000185183;5.94265;-0.0699572;6.99572
550;0.000185183;5.94265;-0.0699572;6.99572
551;0.000185183;5.94265;-0.0699572;6.99572
552;0.000185183;5.94265;-0.0699572;6.99572
553;0.000185183;5.94265;-0.0699572;6.99572
554;0.000185183;5.94265;-0.0699572;6.99572
555;0.000185183;5.94265;-0.0699572;6.99572
556;0.000185183;5.94265;-0.0699572;6.99572
557;0.000185183;5.94265;-0.0699572;6.99572
558;0.000185183;5.94265;-0.0699572;6.99572
559;0.000185183;5.94265;-0.0699572;6.99572
560;0.000185183;5.94265;-0.0699572;6.99572
561;0.000185183;5.94265;-0.0699572;6.99572
562;0.000185183;5.94265;-0.0699572;6.99572
563;0.000185183;5.94265;-0.0699572;6.99572
564;0.000185183;5.94265;-0.0699572;6.99572
565;0.000185183;5.94265;-0.0699572;6.99572
566;0.000185183;5.94265;-0.0699572;6.99572
567;0.000185183;5.94265;-0.0699572;6.99572
568;0.000185183;5.94265;-0.0699572;6.99572
569;0.000185183;5.94265;-0.0699572;6.99572
570;0.000185183;5.94265;-0.0699572;6.99572
571;0.000185183;5.94265;-0.0699572;6.99572
572;0.000185183;5.94265;-0.0699572;6.99572
573;0.000185183;5.94265;-0.0699572;6.99572
574;0.000185183;5.94265;-0.0699572;6.99572
575;0.000185183;5.94265;-0.0699572;6.99572
576;0.000185183;5.94265;-0.0699572;6.99572
577;0.000185183;5.94265;-0.0699572;6.99572
578;0.000185183;5.94265;-0.0699572;6.99572
579;0.000185183;5.94265;-0.0699572;6.99572
580;0.000185183;5.94265;-0.0699572;6.99572
581;0.000185183;5.94265;-0.0699572;6.99572
582;0.000185183;5.94265;-0.0699572;6.99572
583;0.000185183;5.94265;-0.0699572;6.99572
584;0.000185183;5.94265;-0.0699572;6.99572
585;0.000185183;5.94265;-0.0699572;6.99572
586;0.000185183;5.94265;-0.0699572;6.99572
587;0.000185183;5.94265;-0.0699572;6.99572
588;0.000185183;5.94265;-0.0699572;6.99572
589;0.000185183;5.94265;-0.0699572;6.99572
590;0.000185183;5.94265;-0.0699572;6.99572
591;0.000185183;5.94265;-0.0699572;6.99572
592;0.000185183;5.94265;-0.0699572;6.99572
593;0.000185183;5.94265;-0.0699572;6.99572
594;0.000185183;5.94265;-0.0699572;6.99572
595;0.000185183;5.94265;-0.0699572;6.99572
596;0.000185183;5.94265;-0.0699572;6.99572
597;0.000185183;5.94265;-0.0699572;6.99572
598;0.000185183;5.94265;-0.0699572;6.99572
599;0.000185183;5.94265;-0.0699572;6.99572
600;0.000185183;5.94265;-0.0699572;6.99572
601;0.000185183;5.94265;-0.0699572;6.99572
602;0.000185183;5.94265;-0.0699572;6.99572
603;0.000185183;5.94265;-0.0699572;6.99572
604;0.000185183;5.94265;-0.0699572;6.99572
605;0.000185183;5.94265;-0.0699572;6.99572
606;0.000185183;5.94265;-0.0699572;6.99572
607;0.000185183;5.94265;-0.0699572;6.99572
608;0.000185183;5.94265;-0.0699572;6.99572
609;0.000185183;5.94265;-0.0699572;6.99572
610;0.000185183;5.94265;-0.0699572;6.99572
611;0.000185183;5.94265;-0.0699572;6.99572
612;0.000185183;5.94265;-0.0699572;6.99572
613;0.000185183;5.94265;-0.0699572;6.99572
614;0.000185183;5.94265;-0.0699572;6.99572
615;0.000185183;5.94265;-0.0699572;6.99572
616;0.000185183;5.94265;-0.0699572;6.99572
617;0.000185183;5.94265;-0.0699572;6.99572
618;0.000185183;5.94265;-0.0699572;6.99572
619;0.000185183;5.94265;-0.0699572;6.99572
620;0.000185183;5.94265;-0.0699572;6.99572
621;0.000185183;5.94265;-0.0699572;6.99572
622;0.000185183;5.94265;-0.0699572;6.99572
623;0.000185183;5.94265;-0.0699572;6.99572
624;0.000185183;5.94265;-0.0699572;6.99572
625;0.000185183;5.94265;-0.0699572;6.99572
626;0.000185183;5.94265;-0.0699572;6.99572
627;0.000185183;5.94265;-0.0699572;6.99572
628;0.000185183;5.94265;-0.0699572;6.99572
629;0.000185183;5.94265;-0.0699572;6.99572
630;0.000185183;5.94265;-0.0699572;6.99572
631;0.000185183;5.94265;-0.0699572;6.99572
632;0.000185183;5.94265;-0.0699572;6.99572
633;0.000185183;5.94265;-0.0699572;6.99572
634;0.000185183;5.94265;-0.0699572;6.99572
635;0.000185183;5.94265;-0.0699572;6.99572
636;0.000185183;5.94265;-0.0699572;6.99572
637;0.000185183;5.94265;-0.0699572;6.99572
638;0.000185183;5.94265;-0.0699572;6.99572
639;0.000185183;5.94265;-0.0699572;6.99572
640;0.000185183;5.94265;-0.0699572;6.99572
641;0.000185183;5.94265;-0.0699572;6.99572
642;0.000185183;5.94265;-0.0699572;6.99572
643;0.000185183;5.94265;-0.0699572;6.99572
644;0.000185183;5.94265;-0.0699572;6.99572
645;0.000185183;5.94265;-0.0699572;6.99572
646;0.000185183;5.94265;-0.0699572;6.99572
647;0.000185183;5.94265;-0.0699572;6.99572
648;0.000185183;5.94265;-0.0699572;6.99572
649;0.000185183;5.94265;-0.0699572;6.99572
650;0.000185183;5.94265;-0.0699572;6.99572
651;0.000185183;5.94265;-0.0699572;6.99572
652;0.000185183;5.94265;-0.0699572;6.99572
653;0.000185183;5.94265;-0.0699572;6.99572
654;0.000185183;5.94265;-0.0699572;6.99572
655;0.000185183;5.94265;-0.0699572;6.99572
656;0.000185183;5.94265;-0.0699572;6.99572
657;0.000185183;5.94265;-0.0699572;6.99572
658;0.000185183;5.94265;-0.0699572;6.99572
659;0.000185183;5.94265;-0.0699572;6.99572
660;0.000185183;5.94265;-0.0699572;6.99572
661;0.000185183;5.94265;-0.0699572;6.99572
662;0.000185183;5.94265;-0.0699572;6.99572
663;0.000185183;5.94265;-0.0699572;6.99572
664;0.000185183;5.94265;-0.0699572;6.99572
665;0.000185183;5.94265;-0.0699572;6.99572
666;0.000185183;5.94265;-0.0699572;6.99572
667;0.000185183;5.94265;-0.0699572;6.99572
668;0.000185183;5.94265;-0.0699572;6.99572
669;0.000185183;5.94265;-0.0699572;6.99572
670;0.000185183;5.94265;-0.0699572;6.99572
671;0.000185183;5.94265;-0.0699572;6.99572
672;0.000185183;5.94265;-0.0699572;6.99572
673;0.000185183;5.94265;-0.0699572;6.99572
674;0.000185183;5.94265;-0.0699572;6.99572
675;0.000185183;5.94265;-0.0699572;6.99572
676;0.000185183;5.94265;-0.0699572;6.99572
677;0.000185183;5.94265;-0.0699572;6.99572
678;0.000185183;5.94265;-0.0699572;6.99572
679;0.000185183;5.94265;-0.0699572;6.99572
680;0.000185183;5.94265;-0.0699572;6.99572
681;0.000185183;5.94265;-0.0699572;6.99572
682;0.000185183;5.94265;-0.0699572;6.99572
683;0.000185183;5.94265;-0.0699572;6.99572
684;0.000185183;5.94265;-0.0699572;6.99572
685;0.000185183;5.94265;-0.0699572;6.99572
686;0.000185183;5.94265;-0.0699572;6.99572
687;0.000185183;5.94265;-0.0699572;6.99572
688;0.000185183;5.94265;-0.0699572;6.99572
689;0.000185183;5.94265;-0.0699572;6.99572
690;0.000185183;5.94265;-0.0699572;6.99572
691;0.000185183;5.94265;-0.0699572;6.99572
692;0.000185183;5.94265;-0.0699572;6.99572
693;0.000185183;5.94265;-0.0699572;6.99572
694;0.000185183;5.94265;-0.0699572;6.99572
695;0.000185183;5.94265;-0.0699572;6.99572
696;0.000185183;5.94265;-0.0699572;6.99572
697;0.000185183;5.94265;-0.0699572;6.99572
698;0.000185183;5.94265;-0.0699572;6.99572
699;0.000185183;5.94265;-0.0699572;6.99572
700;0.000185183;5.94265;-0.0699572;6.99572
701;0.000185183;5.94265;-0.0699572;6.99572
702;0.000185183;5.94265;-0.0699572;6.99572
703;0.000185183;5.94265;-0.0699572;6.99572
704;0.000185183;5.94265;-0.0699572;6.99572
705;0.000185183;5.94265;-0.0699572;6.99572
706;0.000185183;5.94265;-0.0699572;6.99572
707;0.000185183;5.94265;-0.0699572;6.99572
708;0.000185183;5.94265;-0.0699572;6.99572
709;0.000185183;5.94265;-0.0699572;6.99572
710;0.000185183;5.94265;-0.0699572;6.99572
711;0.000185183;5.94265;-0.0699572;6.99572
712;0.000185183;5.94265;-0.0699572;6.99572
713;0.000185183;5.94265;-0.0699572;6.99572
714;0.000185183;5.94265;-0.0699572;6.99572
715;0.000185183;5.94265;-0.0699572;6.99572
716;0.000185183;5.94265;-0.0699572;6.99572
717;0.000185183;5.94265;-0.0699572;6.99572
718;0.000185183;5.94265;-0.0699572;6.99572
719;0.000185183;5.94265;-0.0699572;6.99572
720;0.000185183;5.94265;-0.0699572;6.99572
721;0.000185183;5.94265;-0.0699572;6.99572
722;0.000185183;5.94265;-0.0699572;6.99572
723;0.000185183;5.94265;-0.0699572;6.99572
724;0.000185183;5.94265;-0.0699572;6.99572
725;0.000185183;5.94265;-0.0699572;6.99572
726;0.000185183;5.94265;-0.0699572;6.99572
727;0.000185183;5.94265;-0.0699572;6.99572
728;0.000185183;5.94265;-0.0699572;6.99572
729;0.000185183;5.94265;-0.0699572;6.99572
730;0.000185183;5.94265;-0.0699572;6.99572
731;0.000185183;5.94265;-0.0699572;6.99572
732;0.000185183;5.94265;-0.0699572;6.99572
733;0.000185183;5.94265;-0.0699572;6.99572
734;0.000185183;5.94265;-0.0699572;6.99572
735;0.000185183;5.94265;-0.0699572;6.99572
736;0.000185183;5.94265;-0.0699572;6.99572
737;0.000185183;5.94265;-0.0699572;6.99572
738;0.000185183;5.94265;-0.0699572;6.99572
739;0.000185183;5.94265;-0.0699572;6.99572
740;0.000185183;5.94265;-0.0699572;6.99572
741;0.000185183;5.94265;-0.0699572;6.99572
742;0.000185183;5.94265;-0.0699572;6.99572
743;0.000185183;5.94265;-0.0699572;6.99572
744;0.000185183;5.94265;-0.0699572;6.99572
745;0.000185183;5.94265;-0.0699572;6.99572
746;0.000185183;5.94265;-0.0699572;6.99572
747;0.000185183;5.94265;-0.0699572;6.99572
748;0.000185183;5.94265;-0.0699572;6.99572
749;0.000185183;5.94265;-0.0699572;6.99572
750;0.000185183;5.94265;-0.0699572;6.99572
751;0.000185183;5.94265;-0.0699572;6.99572
752;0.000185183;5.94265;-0.0699572;6.99572
753;0.000185183;5.94265;-0.0699572;6.99572
754;0.000185183;5.94265;-0.0699572;6.99572
755;0.000185183;5.94265;-0.0699572;6.99572
756;0.000185183;5.94265;-0.0699572;6.99572
757;0.000185183;5.94265;-0.0699572;6.99572
758;0.000185183;5.94265;-0.0699572;6.99572
759;0.000185183;5.94265;-0.0699572;6.99572
760;0.000185183;5.94265;-0.0699572;6.99572
761;0.000185183;5.94265;-0.0699572;6.99572
762;0.000185183;5.94265;-0.0699572;6.99572
763;0.000185183;5.94265;-0.0699572;6.99572
764;0.000185183;5.94265;-0.0699572;6.99572
765;0.000185183;5.94265;-0.0699572;6.99572
766;0.000185183;5.94265;-0.0699572;6.99572
767;0.000185183;5.94265;-0.0699572;6.99572
768;0.000185183;5.94265;-0.0699572;6.99572
769;0.000185183;5.94265;-0.0699572;6.99572
770;0.000185183;5.94265;-0.0699572;6.99572
771;0.000185183;5.94265;-0.0699572;6.99572
772;0.000185183;5.94265;-0.0699572;6.99572
773;0.000185183;5.94265;-0.0699572;6.99572
774;0.000185183;5.94265;-0.0699572;6.99572
775;0.000185183;5.94265;-0.0699572;6.99572
776;0.000185183;5.94265;-0.0699572;6.99572
777;0.000185183;5.94265;-0.0699572;6.99572
778;0.000185183;5.94265;-0.0699572;6.99572
779;0.000185183;5.94265;-0.0699572;6.99572
780;0.000185183;5.94265;-0.0699572;6.99572
781;0.000185183;5.94265;-0.0699572;6.99572
782;0.000185183;5.94265;-0.0699572;6.99572
783;0.000185183;5.94265;-0.0699572;6.99572
784;0.000185183;5.94265;-0.0699572;6.99572
785;0.000185183;5.94265;-0.0699572;6.99572
786;0.000185183;5.94265;-0.0699572;6.99572
787;0.000185183;5.94265;-0.0699572;6.99572
788;0.000185183;5.94265;-0.0699572;6.99572
789;0.000185183;5.94265;-0.0699572;6.99572
790;0.000185183;5.94265;-0.0699572;6.99572
791;0.000185183;5.94265;-0.0699572;6.99572
792;0.000185183;5.94265;-0.0699572;6.99572
793;0.000185183;5.94265;-0.0699572;6.99572
794;0.000185183;5.94265;-0.0699572;6.99572
795;0.000185183;5.94265;-0.0699572;6.99572
796;0.000185183;5.94265;-0.0699572;6.99572
797;0.000185183;5.94265;-0.0699572;6.99572
798;0.000185183;5.94265;-0.0699572;6.99572
799;0.000185183;5.94265;-0.0699572;6.99572
800;0.000185183;5.94265;-0.0699572;6.99572
801;0.000185183;5.94265;-0.0699572;6.99572
802;0.000185183;5.94265;-0.0699572;6.99572
803;0.000185183;5.94265;-0.0699572;6.99572
804;0.000185183;5.94265;-0.0699572;6.99572
805;0.000185183;5.94265;-0.0699572;6.99572
806;0.000185183;5.94265;-0.0699572;6.99572
807;0.000185183;5.94265;-0.0699572;6.99572
808;0.000185183;5.94265;-0.0699572;6.99572
809;0.000185183;5.94265;-0.0699572;6.99572
810;0.000185183;5.94265;-0.0699572;6.99572
811;0.000185183;5.94265;-0.0699572;6.99572
812;0.000185183;5.94265;-0.0699572;6.99572
813;0.000185183;5.94265;-0.0699572;6.99572
814;0.000185183;5.94265;-0.0699572;6.99572
815;0.000185183;5.94265;-0.0699572;6.99572
816;0.000185183;5.94265;-0.0699572;6.99572
817;0.000185183;5.94265;-0.0699572;6.99572
818;0.000185183;5.94265;-0.0699572;6.99572
819;0.000185183;5.94265;-0.0699572;6.99572
820;0.000185183;5.94265;-0.0699572;6.99572
821;0.000185183;5.94265;-0.0699572;6.99572
822;0.000185183;5.94265;-0.0699572;6.99572
823;0.000185183;5.94265;-0.0699572;6.99572
824;0.000185183;5.94265;-0.0699572;6.99572
825;0.000185183;5.94265;-0.0699572;6.99572
826;0.000185183;5.94265;-0.0699572;6.99572
827;0.000185183;5.94265;-0.0699572;6.99572
828;0.000185183;5.94265;-0.0699572;6.99572
829;0.000185183;5.94265;-0.0699572;6.99572
830;0.000185183;5.94265;-0.0699572;6.99572
831;0.000185183;5.94265;-0.0699572;6.99572
832;0.000185183;5.94265;-0.0699572;6.99572
833;0.000185183;5.94265;-0.0699572;6.99572
834;0.000185183;5.94265;-0.0699572;6.99572
835;0.000185183;5.94265;-0.0699572;6.99572
836;0.000185183;5.94265;-0.0699572;6.99572
837;0.000185183;5.94265;-0.0699572;6.99572
838;0.000185183;5.94265;-0.0699572;6.99572
839;0.000185183;5.94265;-0.0699572;6.99572
840;0.000185183;5.94265;-0.0699572;6.99572
841;0.000185183;5.94265;-0.0699572;6.99572
842;0.000185183;5.94265;-0.0699572;6.99572
843;0.000185183;5.94265;-0.0699572;6.99572
844;0.000185183;5.94265;-0.0699572;6.99572
845;0.000185183;5.94265;-0.0699572;6.99572
846;0.000185183;5.94265;-0.0699572;6.99572
847;0.000185183;5.94265;-0.0699572;6.99572
848;0.000185183;5.94265;-0.0699572;6.99572
849;0.000185183;5.94265;-0.0699572;6.99572
850;0.000185183;5.94265;-0.0699572;6.99572
851;0.000185183;5.94265;-0.0699572;6.99572
852;0.000185183;5.94265;-0.0699572;6.99572
853;0.000185183;5.94265;-0.0699572;6.99572
854;0.000185183;5.94265;-0.0699572;6.99572
855;0.000185183;5.94265;-0.0699572;6.99572
856;0.000185183;5.94265;-0.0699572;6.99572
857;0.000185183;5.94265;-0.0699572;6.99572
858;0.000185183;5.94265;-0.0699572;6.99572
859;0.000185183;5.94265;-0.0699572;6.99572
860;0.000185183;5.94265;-0.0699572;6.99572
861;0.000185183;5.94265;-0.0699572;6.99572
862;0.000185183;5.94265;-0.0699572;6.99572
863;0.000185183;5.94265;-0.0699572;6.99572
864;0.000185183;5.94265;-0.0699572;6.99572
865;0.000185183;5.94265;-0.0699572;6.99572
866;0.000185183;5.94265;-0.0699572;6.99572
867;0.000185183;5.94265;-0.0699572;6.99572
868;0.000185183;5.94265;-0.0699572;6.99572
869;0.000185183;5.94265;-0.0699572;6.99572
870;0.000185183;5.94265;-0.0699572;6.99572
871;0.000185183;5.94265;-0.0699572;6.99572
872;0.000185183;5.94265;-0.0699572;6.99572
873;0.000185183;5.94265;-0.0699572;6.99572
874;0.000185183;5.94265;-0.0699572;6.99572
875;0.000185183;5.94265;-0.0699572;6.99572
876;0.000185183;5.94265;-0.0699572;6.99572
877;0.000185183;5.94265;-0.0699572;6.99572
878;0.000185183;5.94265;-0.0699572;6.99572
879;0.000185183;5.94265;-0.0699572;6.99572
880;0.000185183;5.94265;-0.0699572;6.99572
881;0.000185183;5.94265;-0.0699572;6.99572
882;0.000185183;5.94265;-0.0699572;6.99572
883;0.000185183;5.94265;-0.0699572;6.99572
884;0.000185183;5.94265;-0.0699572;6.99572
885;0.000185183;5.94265;-0.0699572;6.99572
886;0.000185183;5.94265;-0.0699572;6.99572
887;0.000185183;5.94265;-0.0699572;6.99572
888;0.000185183;5.94265;-0.0699572;6.99572
889;0.000185183;5.94265;-0.0699572;6.99572
890;0.000185183;5.94265;-0.0699572;6.99572
891;0.000185183;5.94265;-0.0699572;6.99572
892;0.000185183;5.94265;-0.0699572;6.99572
893;0.000185183;5.94265;-0.0699572;6.99572
894;0.000185183;5.94265;-0.0699572;6.99572
895;0.000185183;5.94265;-0.0699572;6.99572
896;0.000185183;5.94265;-0.0699572;6.99572
897;0.000185183;5.94265;-0.0699572;6.99572
898;0.000185183;5.94265;-0.0699572;6.99572
899;0.000185183;5.94265;-0.0699572;6.99572
900;0.000185183;5.94265;-0.0699572;6.99572
901;0.000185183;5.94265;-0.0699572;6.99572
902;0.000185183;5.94265;-0.0699572;6.99572
903;0.000185183;5.94265;-0.0699572;6.99572
904;0.000185183;5.94265;-0.0699572;6.99572
905;0.000185183;5.94265;-0.0699572;6.99572
906;0.000185183;5.94265;-0.0699572;6.99572
907;0.000185183;5.94265;-0.0699572;6.99572
908;0.000185183;5.94265;-0.0699572;6.99572
909;0.000185183;5.94265;-0.0699572;6.99572
910;0.000185183;5.94265;-0.0699572;6.99572
911;0.000185183;5.94265;-0.0699572;6.99572
912;0.000185183;5.94265;-0.0699572;6.99572
913;0.000185183;5.94265;-0.0699572;6.99572
914;0.000185183;5.94265;-0.0699572;6.99572
915;0.000185183;5.94265;-0.0699572;6.99572
916;0.000185183;5.94265;-0.0699572;6.99572
917;0.000185183;5.94265;-0.0699572;6.99572
918;0.000185183;5.94265;-0.0699572;6.99572
919;0.000185183;5.94265;-0.0699572;6.99572
920;0.000185183;5.94265;-0.0699572;6.99572
921;0.000185183;5.94265;-0.0699572;6.99572
922;0.000185183;5.94265;-0.0699572;6.99572
923;0.000185183;5.94265;-0.0699572;6.99572
924;0.000185183;5.94265;-0.0699572;6.99572
925;0.000185183;5.94265;-0.0699572;6.99572
926;0.000185183;5.94265;-0.0699572;6.99572
927;0.000185183;5.94265;-0.0699572;6.99572
928;0.000185183;5.94265;-0.0699572;6.99572
929;0.000185183;5.94265;-0.0699572;6.99572
930;0.000185183;5.94265;-0.0699572;6.99572
931;0.000185183;5.94265;-0.0699572;6.99572
932;0.000185183;5.94265;-0.0699572;6.99572
933;0.000185183;5.94265;-0.0699572;6.99572
934;0.000185183;5.94265;-0.0699572;6.99572
935;0.000185183;5.94265;-0.0699572;6.99572
936;0.000185183;5.94265;-0.0699572;6.99572
937;0.000185183;5.94265;-0.0699572;6.99572
938;0.000185183;5.94265;-0.0699572;6.99572
939;0.000185183;5.94265;-0.0699572;6.99572
940;0.000185183;5.94265;-0.0699572;6.99572
941;0.000185183;5.94265;-0.0699572;6.99572
942;0.000185183;5.94265;-0.0699572;6.99572
943;0.000185183;5.94265;-0.0699572;6.99572
944;0.000185183;5.94265;-0.0699572;6.99572
945;0.000185183;5.94265;-0.0699572;6.99572
946;0.000185183;5.94265;-0.0699572;6.99572
947;0.000185183;5.94265;-0.0699572;6.99572
948;0.000185183;5.94265;-0.0699572;6.99572
949;0.000185183;5.94265;-0.0699572;6.99572
950;0.000185183;5.94265;-0.0699572;6.99572
951;0.000185183;5.94265;-0.0699572;6.99572
952;0.000185183;5.94265;-0.0699572;6.99572
953;0.000185183;5.94265;-0.0699572;6.99572
954;0.000185183;5.94265;-0.0699572;6.99572
955;0.000185183;5.94265;-0.0699572;6.99572
956;0.000185183;5.94265;-0.0699572;6.99572
957;0.000185183;5.94265;-0.0699572;6.99572
958;0.000185183;5.94265;-0.0699572;6.99572
959;0.000185183;5.94265;-0.0699572;6.99572
960;0.000185183;5.94265;-0.0699572;6.99572
961;0.000185183;5.94265;-0.0699572;6.99572
962;0.000185183;5.94265;-0.0699572;6.99572
963;0.000185183;5.94265;-0.0699572;6.99572
964;0.000185183;5.94265;-0.0699572;6.99572
965;0.000185183;5.94265;-0.0699572;6.99572
966;0.000185183;5.94265;-0.0699572;6.99572
967;0.000185183;5.94265;-0.0699572;6.99572
968;0.000185183;5.94265;-0.0699572;6.99572
969;0.000185183;5.94265;-0.0699572;6.99572
970;0.000185183;5.94265;-0.0699572;6.99572
971;0.000185183;5.94265;-0.0699572;6.99572
972;0.000185183;5.94265;-0.0699572;6.99572
973;0.000185183;5.94265;-0.0699572;6.99572
974;0.000185183;5.94265;-0.0699572;6.99572
975;0.000185183;5.94265;-0.0699572;6.99572
976;0.000185183;5.94265;-0.0699572;6.99572
977;0.000185183;5.94265;-0.0699572;6.99572
978;0.000185183;5.94265;-0.0699572;6.99572
979;0.000185183;5.94265;-0.0699572;6.99572
980;0.000185183;5.94265;-0.0699572;6.99572
981;0.000185183;5.94265;-0.0699572;6.99572
982;0.000185183;5.94265;-0.0699572;6.99572
983;0.000185183;5.94265;-0.0699572;6.99572
984;0.000185183;5.94265;-0.0699572;6.99572
985;0.000185183;5.94265;-0.0699572;6.99572
986;0.000185183;5.94265;-0.0699572;6.99572
987;0.000185183;5.94265;-0.0699572;6.99572
988;0.000185183;5.94265;-0.0699572;6.99572
989;0.000185183;5.94265;-0.0699572;6.99572
990;0.000185183;5.94265;-0.0699572;6.99572
991;0.000185183;5.94265;-0.0699572;6.99572
992;0.000185183;5.94265;-0.0699572;6.99572
993;0.000185183;5.94265;-0.0699572;6.99572
994;0.000185183;5.94265;-0.0699572;6.99572
995;0.000185183;5.94265;-0.0699572;6.99572
996;0.000185183;5.94265;-0.0699572;6.99572
997;0.000185183;5.94265;-0.0699572;6.99572
998;0.000185183;5.94265;-0.0699572;6.99572
999;0.000185183;5.94265;-0.0699572;6.99572
1000;0.000185183;5.94265;-0.0699572;6.99572
1001;0.000185183;5.94265;-0.0699572;6.99572
1002;0.000185183;5.94265;-0.0699572;6.99572
1003;0.000185183;5.94265;-0.0699572;6.99572
1004;0.000185183;5.94265;-0.0699572;6.99572
1005;0.000185183;5.94265;-0.0699572;6.99572
1006;0.000185183;5.94265;-0.0699572;6.99572
1007;0.000185183;5.94265;-0.0699572;6.99572
1008;0.000185183;5.94265;-0.0699572;6.99572
1009;0.000185183;5.94265;-0.0699572;6.99572
1010;0.000185183;5.94265;-0.0699572;6.99572
1011;0.000185183;5.94265;-0.0699572;6.99572
1012;0.000185183;5.94265;-0.0699572;6.99572
1013;0.000185183;5.94265;-0.0699572;6.99572
1014;0.000185183;5.94265;-0.0699572;6.99572
1015;0.000185183;5.94265;-0.0699572;6.99572
1016;0.000185183;5.94265;-0.0699572;6.99572
1017;0.000185183;5.94265;-0.0699572;6.99572
1018;0.000185183;5.94265;-0.0699572;6.99572
1019;0.000185183;5.94265;-0.0699572;6.99572
1020;0.000185183;5.94265;-0.0699572;6.99572
1021;0.000185183;5.94265;-0.0699572;6.99572
1022;0.000185183;5.94265;-0.0699572;6.99572
1023;0.000185183;5.94265;-0.0699572;6.99572
1024;0.000185183;5.94265;-0.0699572;6.99572
1025;0.000185183;5.94265;-0.0699572;6.99572
1026;0.000185183;5.94265;-0.0699572;6.99572
1027;0.000185183;5.94265;-0.0699572;6.99572
1028;0.000185183;5.94265;-0.0699572;6.99572
1029;0.000185183;5.94265;-0.0699572;6.99572
1030;0.000185183;5.94265;-0.0699572;6.99572
1031;0.000185183;5.94265;-0.0699572;6.99572
1032;0.000185183;5.94265;-0.0699572;6.99572
1033;0.000185183;5.94265;-0.0699572;6.99572
1034;0.000185183;5.94265;-0.0699572;6.99572
1035;0.000185183;5.94265;-0.0699572;6.99572
1036;0.000185183;5.94265;-0.0699572;6.99572
1037;0.000185183;5.94265;-0.0699572;6.99572
1038;0.000185183;5.94265;-0.0699572;6.99572
1039;0.000185183;5.94265;-0.0699572;6.99572
1040;0.000185183;5.94265;-0.0699572;6.99572
1041;0.000185183;5.94265;-0.0699572;6.99572
1042;0.000185183;5.94265;-0.0699572;6.99572
1043;0.000185183;5.94265;-0.0699572;6.99572
1044;0.000185183;5.94265;-0.0699572;6.99572
1045;0.000185183;5.94265;-0.0699572;6.99572
1046;0.000185183;5.94265;-0.0699572;6.99572
1047;0.000185183;5.94265;-0.0699572;6.99572
1048;0.000185183;5.94265;-0.0699572;6.99572
1049;0.000185183;5.94265;-0.0699572;6.99572
1050;0.000185183;5.94265;-0.0699572;6.99572
1051;0.000185183;5.94265;-0.0699572;6.99572
1052;0.000185183;5.94265;-0.0699572;6.99572
1053;0.000185183;5.94265;-0.0699572;6.99572
1054;0.000185183;5.94265;-0.0699572;6.99572
1055;0.000185183;5.94265;-0.0699572;6.99572
1056;0.000185183;5.94265;-0.0699572;6.99572
1057;0.000185183;5.94265;-0.0699572;6.99572
1058;0.000185183;5.94265;-0.0699572;6.99572
1059;0.000185183;5.94265;-0.0699572;6.99572
1060;0.000185183;5.94265;-0.0699572;6.99572
1061;0.000185183;5.94265;-0.0699572;6.99572
1062;0.000185183;5.94265;-0.0699572;6.99572
1063;0.000185183;5.94265;-0.0699572;6.99572
1064;0.000185183;5.94265;-0.0699572;6.99572
1065;0.000185183;5.94265;-0.0699572;6.99572
1066;0.000185183;5.94265;-0.0699572;6.99572
1067;0.000185183;5.94265;-0.0699572;6.99572
1068;0.000185183;5.94265;-0.0699572;6.99572
1069;0.000185183;5.94265;-0.0699572;6.99572
1070;0.000185183;5.94265;-0.0699572;6.99572
1071;0.000185183;5.94265;-0.0699572;6.99572
1072;0.000185183;5.94265;-0.0699572;6.99572
1073;0.000185183;5.94265;-0.0699572;6.99572
1074;0.000185183;5.94265;-0.0699572;6.99572
1075;0.000185183;5.94265;-0.0699572;6.99572
1076;0.000185183;5.94265;-0.0699572;6.99572
1077;0.000185183;5.94265;-0.0699572;6.99572
1078;0.000185183;5.94265;-0.0699572;6.99572
1079;0.000185183;5.94265;-0.0699572;6.99572
1080;0.000185183;5.94265;-0.0699572;6.99572
1081;0.000185183;5.94265;-0.0699572;6.99572
1082;0.000185183;5.94265;-0.0699572;6.99572
1083;0.000185183;5.94265;-0.0699572;6.99572
1084;0.000185183;5.94265;-0.0699572;6.99572
1085;0.000185183;5.94265;-0.0699572;6.99572
1086;0.000185183;5.94265;-0.0699572;6.99572
1087;0.000185183;5.94265;-0.0699572;6.99572
1088;0.000185183;5.94265;-0.0699572;6.99572
1089;0.000185183;5.94265;-0.0699572;6.99572
1090;0.000185183;5.94265;-0.0699572;6.99572
1091;0.000185183;5.94265;-0.0699572;6.99572
1092;0.000185183;5.94265;-0.0699572;6.99572
1093;0.000185183;5.94265;-0.0699572;6.99572
1094;0.000185183;5.94265;-0.0699572;6.99572
1095;0.000185183;5.94265;-0.0699572;6.99572
1096;0.000185183;5.94265;-0.0699572;6.99572
1097;0.000185183;5.94265;-0.0699572;6.99572
1098;0.000185183;5.94265;-0.0699572;6.99572
1099;0.000185183;5.94265;-0.0699572;6.99572
1100;0.000185183;5.94265;-0.0699572;6.99572
1101;0.000185183;5.94265;-0.0699572;6.99572
1102;0.000185183;5.94265;-0.0699572;6.99572
1103;0.000185183;5.94265;-0.0699572;6.99572
1104;0.000185183;5.94265;-0.0699572;6.99572
1105;0.000185183;5.94265;-0.0699572;6.99572
1106;0.000185183;5.94265;-0.0699572;6.99572
1107;0.000185183;5.94265;-0.0699572;6.99572
1108;0.000185183;5.94265;-0.0699572;6.99572
1109;0.000185183;5.94265;-0.0699572;6.99572
1110;0.000185183;5.94265;-0.0699572;6.99572
1111;0.000185183;5.94265;-0.0699572;6.99572
1112;0.000185183;5.94265;-0.0699572;6.99572
1113;0.000185183;5.94265;-0.0699572;6.99572
1114;0.000185183;5.94265;-0.0699572;6.99572
1115;0.000185183;5.94265;-0.0699572;6.99572
1116;0.000185183;5.94265;-0.0699572;6.99572
1117;0.000185183;5.94265;-0.0699572;6.99572
1118;0.000185183;5.94265;-0.0699572;6.99572
1119;0.000185183;5.94265;-0.0699572;6.99572
1120;0.000185183;5.94265;-0.0699572;6.99572
1121;0.000185183;5.94265;-0.0699572;6.99572
1122;0.000185183;5.94265;-0.0699572;6.99572
1123;0.000185183;5.94265;-0.0699572;6.99572
1124;0.000185183;5.94265;-0.0699572;6.99572
1125;0.000185183;5.94265;-0.0699572;6.99572
1126;0.000185183;5.94265;-0.0699572;6.99572
1127;0.000185183;5.94265;-0.0699572;6.99572
1128;0.000185183;5.94265;-0.0699572;6.99572
1129;0.000185183;5.94265;-0.0699572;6.99572
1130;0.000185183;5.94265;-0.0699572;6.99572
1131;0.000185183;5.94265;-0.0699572;6.99572
1132;0.000185183;5.94265;-0.0699572;6.99572
1133;0.000185183;5.94265;-0.0699572;6.99572
1134;0.000185183;5.94265;-0.0699572;6.99572
1135;0.000185183;5.94265;-0.0699572;6.99572
1136;0.000185183;5.94265;-0.0699572;6.99572
1137;0.000185183;5.94265;-0.0699572;6.99572
1138;0.000185183;5.94265;-0.0699572;6.99572
1139;0.000185183;5.94265;-0.0699572;6.99572
1140;0.000185183;5.94265;-0.0699572;6.99572
1141;0.000185183;5.94265;-0.0699572;6.99572
1142;0.000185183;5.94265;-0.0699572;6.99572
1143;0.000185183;5.94265;-0.0699572;6.99572
1144;0.000185183;5.94265;-0.0699572;6.99572
1145;0.000185183;5.94265;-0.0699572;6.99572
1146;0.000185183;5.94265;-0.0699572;6.99572
1147;0.000185183;5.94265;-0.0699572;6.99572
1148;0.000185183;5.94265;-0.0699572;6.99572
1149;0.000185183;5.94265;-0.0699572;6.99572
1150;0.000185183;5.94265;-0.0699572;6.99572
1151;0.000185183;5.94265;-0.0699572;6.99572
1152;0.000185183;5.94265;-0.0699572;6.99572
1153;0.000185183;5.94265;-0.0699572;6.99572
1154;0.000185183;5.94265;-0.0699572;6.99572
1155;0.000185183;5.94265;-0.0699572;6.99572
1156;0.000185183;5.94265;-0.0699572;6.99572
1157;0.000185183;5.94265;-0.0699572;6.99572
1158;0.000185183;5.94265;-0.0699572;6.99572
1159;0.000185183;5.94265;-0.0699572;6.99572
1160;0.000185183;5.94265;-0.0699572;6.99572
1161;0.000185183;5.94265;-0.0699572;6.99572
1162;0.000185183;5.94265;-0.0699572;6.99572
1163;0.000185183;5.94265;-0.0699572;6.99572
1164;0.000185183;5.94265;-0.0699572;6.99572
1165;0.000185183;5.94265;-0.0699572;6.99572
1166;0.000185183;5.94265;-0.0699572;6.99572
1167;0.000185183;5.94265;-0.0699572;6.99572
1168;0.000185183;5.94265;-0.0699572;6.99572
1169;0.000185183;5.94265;-0.0699572;6.99572
1170;0.000185183;5.94265;-0.0699572;6.99572
1171;0.000185183;5.94265;-0.0699572;6.99572
1172;0.000185183;5.94265;-0.0699572;6.99572
1173;0.000185183;5.94265;-0.0699572;6.99572
1174;0.000185183;5.94265;-0.0699572;6.99572
1175;0.000185183;5.94265;-0.0699572;6.99572
1176;0.000185183;5.94265;-0.0699572;6.99572
1177;0.000185183;5.94265;-0.0699572;6.99572
1178;0.000185183;5.94265;-0.0699572;6.99572
1179;0.000185183;5.94265;-0.0699572;6.99572
1180;0.000185183;5.94265;-0.0699572;6.99572
1181;0.000185183;5.94265;-0.0699572;6.99572
1182;0.000185183;5.94265;-0.0699572;6.99572
1183;0.000185183;5.94265;-0.0699572;6.99572
1184;0.000185183;5.94265;-0.0699572;6.99572
1185;0.000185183;5.94265;-0.0699572;6.99572
1186;0.000185183;5.94265;-0.0699572;6.99572
1187;0.000185183;5.94265;-0.0699572;6.99572
1188;0.000185183;5.94265;-0.0699572;6.99572
1189;0.000185183;5.94265;-0.0699572;6.99572
1190;0.000185183;5.94265;-0.0699572;6.99572
1191;0.000185183;5.94265;-0.0699572;6.99572
1192;0.000185183;5.94265;-0.0699572;6.99572
1193;0.000185183;5.94265;-0.0699572;6.99572
1194;0.000185183;5.94265;-0.0699572;6.99572
1195;0.000185183;5.94265;-0.0699572;6.99572
1196;0.000185183;5.94265;-0.0699572;6.99572
1197;0.000185183;5.94265;-0.0699572;6.99572
1198;0.000185183;5.94265;-0.0699572;6.99572
1199;0.000185183;5.94265;-0.0699572;6.99572
1200;0.000185183;5.94265;-0.0699572;6.99572
1201;0.000185183;5.94265;-0.0699572;6.99572
1202;0.000185183;5.94265;-0.0699572;6.99572
1203;0.000185183;5.94265;-0.0699572;6.99572
1204;0.000185183;5.94265;-0.0699572;6.99572
1205;0.000185183;5.94265;-0.0699572;6.99572
1206;0.000185183;5.94265;-0.0699572;6.99572
1207;0.000185183;5.94265;-0.0699572;6.99572
1208;0.000185183;5.94265;-0.0699572;6.99572
1209;0.000185183;5.94265;-0.0699572;6.99572
1210;0.000185183;5.94265;-0.0699572;6.99572
1211;0.000185183;5.94265;-0.0699572;6.99572
1212;0.000185183;5.94265;-0.0699572;6.99572
1213;0.000185183;5.94265;-0.0699572;6.99572
1214;0.000185183;5.94265;-0.0699572;6.99572
1215;0.000185183;5.94265;-0.0699572;6.99572
1216;0.000185183;5.94265;-0.0699572;6.99572
1217;0.000185183;5.94265;-0.0699572;6.99572
1218;0.000185183;5.94265;-0.0699572;6.99572
1219;0.000185183;5.94265;-0.0699572;6.99572
1220;0.000185183;5.94265;-0.0699572;6.99572
1221;0.000185183;5.94265;-0.0699572;6.99572
1222;0.000185183;5.94265;-0.0699572;6.99572
1223;0.000185183;5.94265;-0.0699572;6.99572
1224;0.000185183;5.94265;-0.0699572;6.99572
1225;0.000185183;5.94265;-0.0699572;6.99572
1226;0.000185183;5.94265;-0.0699572;6.99572
1227;0.000185183;5.94265;-0.0699572;6.99572
1228;0.000185183;5.94265;-0.0699572;6.99572
1229;0.000185183;5.94265;-0.0699572;6.99572
1230;0.000185183;5.94265;-0.0699572;6.99572
1231;0.000185183;5.94265;-0.0699572;6.99572
1232;0.000185183;5.94265;-0.0699572;6.99572
1233;0.000185183;5.94265;-0.0699572;6.99572
1234;0.000185183;5.94265;-0.0699572;6.99572
1235;0.000185183;5.94265;-0.0699572;6.99572
1236;0.000185183;5.94265;-0.0699572;6.99572
1237;0.000185183;5.94265;-0.0699572;6.99572
1238;0.000185183;5.94265;-0.0699572;6.99572
1239;0.000185183;5.94265;-0.0699572;6.99572
1240;0.000185183;5.94265;-0.0699572;6.99572
1241;0.000185183;5.94265;-0.0699572;6.99572
1242;0.000185183;5.94265;-0.0699572;6.99572
1243;0.000185183;5.94265;-0.0699572;6.99572
1244;0.000185183;5.94265;-0.0699572;6.99572
1245;0.000185183;5.94265;-0.0699572;6.99572
1246;0.000185183;5.94265;-0.0699572;6.99572
1247;0.000185183;5.94265;-0.0699572;6.99572
1248;0.000185183;5.94265;-0.0699572;6.99572
1249;0.000185183;5.94265;-0.0699572;6.99572
1250;0.000185183;5.94265;-0.0699572;6.99572
1251;0.000185183;5.94265;-0.0699572;6.99572
1252;0.000185183;5.94265;-0.0699572;6.99572
1253;0.000185183;5.94265;-0.0699572;6.99572
1254;0.000185183;5.94265;-0.0699572;6.99572
1255;0.000185183;5.94265;-0.0699572;6.99572
1256;0.000185183;5.94265;-0.0699572;6.99572
1257;0.000185183;5.94265;-0.0699572;6.99572
1258;0.000185183;5.94265;-0.0699572;6.99572
1259;0.000185183;5.94265;-0.0699572;6.99572
1260;0.000185183;5.94265;-0.0699572;6.99572
1261;0.000185183;5.94265;-0.0699572;6.99572
1262;0.000185183;5.94265;-0.0699572;6.99572
1263;0.000185183;5.94265;-0.0699572;6.99572
1264;0.000185183;5.94265;-0.0699572;6.99572
1265;0.000185183;5.94265;-0.0699572;6.99572
1266;0.000185183;5.94265;-0.0699572;6.99572
1267;0.000185183;5.94265;-0.0699572;6.99572
1268;0.000185183;5.94265;-0.0699572;6.99572
1269;0.000185183;5.94265;-0.0699572;6.99572
1270;0.000185183;5.94265;-0.0699572;6.99572
1271;0.000185183;5.94265;-0.0699572;6.99572
1272;0.000185183;5.94265;-0.0699572;6.99572
1273;0.000185183;5.94265;-0.0699572;6.99572
1274;0.000185183;5.94265;-0.0699572;6.99572
1275;0.000185183;5.94265;-0.0699572;6.99572
1276;0.000185183;5.94265;-0.0699572;6.99572
1277;0.000185183;5.94265;-0.0699572;6.99572
1278;0.000185183;5.94265;-0.0699572;6.99572
1279;0.000185183;5.94265;-0.0699572;6.99572
1280;0.000185183;5.94265;-0.0699572;6.99572
1281;0.000185183;5.94265;-0.0699572;6.99572
1282;0.000185183;5.94265;-0.0699572;6.99572
1283;0.000185183;5.94265;-0.0699572;6.99572
1284;0.000185183;5.94265;-0.0699572;6.99572
1285;0.000185183;5.94265;-0.0699572;6.99572
1286;0.000185183;5.94265;-0.0699572;6.99572
1287;0.000185183;5.94265;-0.0699572;6.99572
1288;0.000185183;5.94265;-0.0699572;6.99572
1289;0.000185183;5.94265;-0.0699572;6.99572
1290;0.000185183;5.94265;-0.0699572;6.99572
1291;0.000185183;5.94265;-0.0699572;6.99572
1292;0.000185183;5.94265;-0.0699572;6.99572
1293;0.000185183;5.94265;-0.0699572;6.99572
1294;0.000185183;5.94265;-0.0699572;6.99572
1295;0.000185183;5.94265;-0.0699572;6.99572
1296;0.000185183;5.94265;-0.0699572;6.99572
1297;0.000185183;5.94265;-0.0699572;6.99572
1298;0.000185183;5.94265;-0.0699572;6.99572
1299;0.000185183;5.94265;-0.0699572;6.99572
1300;0.000185183;5.94265;-0.0699572;6.99572
1301;0.000185183;5.94265;-0.0699572;6.99572
1302;0.000185183;5.94265;-0.0699572;6.99572
1303;0.000185183;5.94265;-0.0699572;6.99572
1304;0.000185183;5.94265;-0.0699572;6.99572
1305;0.000185183;5.94265;-0.0699572;6.99572
1306;0.000185183;5.94265;-0.0699572;6.99572
1307;0.000185183;5.94265;-0.0699572;6.99572
1308;0.000185183;5.94265;-0.0699572;6.99572
1309;0.000185183;5.94265;-0.0699572;6.99572
1310;0.000185183;5.94265;-0.0699572;6.99572
1311;0.000185183;5.94265;-0.0699572;6.99572
1312;0.000185183;5.94265;-0.0699572;6.99572
1313;0.000185183;5.94265;-0.0699572;6.99572
1314;0.000185183;5.94265;-0.0699572;6.99572
1315;0.000185183;5.94265;-0.0699572;6.99572
1316;0.000185183;5.94265;-0.0699572;6.99572
1317;0.000185183;5.94265;-0.0699572;6.99572
1318;0.000185183;5.94265;-0.0699572;6.99572
1319;0.000185183;5.94265;-0.0699572;6.99572
1320;0.000185183;5.94265;-0.0699572;6.99572
1321;0.000185183;5.94265;-0.0699572;6.99572
1322;0.000185183;5.94265;-0.0699572;6.99572
1323;0.000185183;5.94265;-0.0699572;6.99572
1324;0.000185183;5.94265;-0.0699572;6.99572
1325;0.000185183;5.94265;-0.0699572;6.99572
1326;0.000185183;5.94265;-0.0699572;6.99572
1327;0.000185183;5.94265;-0.0699572;6.99572
1328;0.000185183;5.94265;-0.0699572;6.99572
1329;0.000185183;5.94265;-0.0699572;6.99572
1330;0.000185183;5.94265;-0.0699572;6.99572
1331;0.000185183;5.94265;-0.0699572;6.99572
1332;0.000185183;5.94265;-0.0699572;6.99572
1333;0.000185183;5.94265;-0.0699572;6.99572
1334;0.000185183;5.94265;-0.0699572;6.99572
1335;0.000185183;5.94265;-0.0699572;6.99572
1336;0.000185183;5.94265;-0.0699572;6.99572
1337;0.000185183;5.94265;-0.0699572;6.99572
1338;0.000185183;5.94265;-0.0699572;6.99572
1339;0.000185183;5.94265;-0.0699572;6.99572
1340;0.000185183;5.94265;-0.0699572;6.99572
1341;0.000185183;5.94265;-0.0699572;6.99572
1342;0.000185183;5.94265;-0.0699572;6.99572
1343;0.000185183;5.94265;-0.0699572;6.99572
1344;0.000185183;5.94265;-0.0699572;6.99572
1345;0.000185183;5.94265;-0.0699572;6.99572
1346;0.000185183;5.94265;-0.0699572;6.99572
1347;0.000185183;5.94265;-0.0699572;6.99572
1348;0.000185183;5.94265;-0.0699572;6.99572
1349;0.000185183;5.94265;-0.0699572;6.99572
1350;0.000185183;5.94265;-0.0699572;6.99572
1351;0.000185183;5.94265;-0.0699572;6.99572
1352;0.000185183;5.94265;-0.0699572;6.99572
1353;0.000185183;5.94265;-0.0699572;6.99572
1354;0.000185183;5.94265;-0.0699572;6.99572
1355;0.000185183;5.94265;-0.0699572;6.99572
1356;0.000185183;5.94265;-0.0699572;6.99572
1357;0.000185183;5.94265;-0.0699572;6.99572
1358;0.000185183;5.94265;-0.0699572;6.99572
1359;0.000185183;5.94265;-0.0699572;6.99572
1360;0.000185183;5.94265;-0.0699572;6.99572
1361;0.000185183;5.94265;-0.0699572;6.99572
1362;0.000185183;5.94265;-0.0699572;6.99572
1363;0.000185183;5.94265;-0.0699572;6.99572
1364;0.000185183;5.94265;-0.0699572;6.99572
1365;0.000185183;5.94265;-0.0699572;6.99572
1366;0.000185183;5.94265;-0.0699572;6.99572
1367;0.000185183;5.94265;-0.0699572;6.99572
1368;0.000185183;5.94265;-0.0699572;6.99572
1369;0.000185183;5.94265;-0.0699572;6.99572
1370;0.000185183;5.94265;-0.0699572;6.99572
1371;0.000185183;5.94265;-0.0699572;6.99572
1372;0.000185183;5.94265;-0.0699572;6.99572
1373;0.000185183;5.94265;-0.0699572;6.99572
1374;0.000185183;5.94265;-0.0699572;6.99572
1375;0.000185183;5.94265;-0.0699572;6.99572
1376;0.000185183;5.94265;-0.0699572;6.99572
1377;0.000185183;5.94265;-0.0699572;6.99572
1378;0.000185183;5.94265;-0.0699572;6.99572
1379;0.000185183;5.94265;-0.0699572;6.99572
1380;0.000185183;5.94265;-0.0699572;6.99572
1381;0.000185183;5.94265;-0.0699572;6.99572
1382;0.000185183;5.94265;-0.0699572;6.99572
1383;0.000185183;5.94265;-0.0699572;6.99572
1384;0.000185183;5.94265;-0.0699572;6.99572
1385;0.000185183;5.94265;-0.0699572;6.99572
1386;0.000185183;5.94265;-0.0699572;6.99572
1387;0.000185183;5.94265;-0.0699572;6.99572
1388;0.000185183;5.94265;-0.0699572;6.99572
1389;0.000185183;5.94265;-0.0699572;6.99572
1390;0.000185183;5.94265;-0.0699572;6.99572
1391;0.000185183;5.94265;-0.0699572;6.99572
1392;0.000185183;5.94265;-0.0699572;6.99572
1393;0.000185183;5.94265;-0.0699572;6.99572
1394;0.000185183;5.94265;-0.0699572;6.99572
1395;0.000185183;5.94265;-0.0699572;6.99572
1396;0.000185183;5.94265;-0.0699572;6.99572
1397;0.000185183;5.94265;-0.0699572;6.99572
1398;0.000185183;5.94265;-0.0699572;6.99572
1399;0.000185183;5.94265;-0.0699572;6.99572
1400;0.000185183;5.94265;-0.0699572;6.99572
1401;0.000185183;5.94265;-0.0699572;6.99572
1402;0.000185183;5.94265;-0.0699572;6.99572
1403;0.000185183;5.94265;-0.0699572;6.99572
1404;0.000185183;5.94265;-0.0699572;6.99572
1405;0.000185183;5.94265;-0.0699572;6.99572
1406;0.000185183;5.94265;-0.0699572;6.99572
1407;0.000185183;5.94265;-0.0699572;6.99572
1408;0.000185183;5.94265;-0.0699572;6.99572
1409;0.000185183;5.94265;-0.0699572;6.99572
1410;0.000185183;5.94265;-0.0699572;6.99572
1411;0.000185183;5.94265;-0.0699572;6.99572
1412;0.000185183;5.94265;-0.0699572;6.99572
1413;0.000185183;5.94265;-0.0699572;6.99572
1414;0.000185183;5.94265;-0.0699572;6.99572
1415;0.000185183;5.94265;-0.0699572;6.99572
1416;0.000185183;5.94265;-0.0699572;6.99572
1417;0.000185183;5.94265;-0.0699572;6.99572
1418;0.000185183;5.94265;-0.0699572;6.99572
1419;0.000185183;5.94265;-0.0699572;6.99572
1420;0.000185183;5.94265;-0.0699572;6.99572
1421;0.000185183;5.94265;-0.0699572;6.99572
1422;0.000185183;5.94265;-0.0699572;6.99572
1423;0.000185183;5.94265;-0.0699572;6.99572
1424;0.000185183;5.94265;-0.0699572;6.99572
1425;0.000185183;5.94265;-0.0699572;6.99572
1426;0.000185183;5.94265;-0.0699572;6.99572
1427;0.000185183;5.94265;-0.0699572;6.99572
1428;0.000185183;5.94265;-0.0699572;6.99572
1429;0.000185183;5.94265;-0.0699572;6.99572
1430;0.000185183;5.94265;-0.0699572;6.99572
1431;0.000185183;5.94265;-0.0699572;6.99572
1432;0.000185183;5.94265;-0.0699572;6.99572
1433;0.000185183;5.94265;-0.0699572;6.99572
1434;0.000185183;5.94265;-0.0699572;6.99572
1435;0.000185183;5.94265;-0.0699572;6.99572
1436;0.000185183;5.94265;-0.0699572;6.99572
1437;0.000185183;5.94265;-0.0699572;6.99572
1438;0.000185183;5.94265;-0.0699572;6.99572
1439;0.000185183;5.94265;-0.0699572;6.99572
1440;0.000185183;5.94265;-0.0699572;6.99572
1441;0.000185183;5.94265;-0.0699572;6.99572
1442;0.000185183;5.94265;-0.0699572;6.99572
1443;0.000185183;5.94265;-0.0699572;6.99572
1444;0.000185183;5.94265;-0.0699572;6.99572
1445;0.000185183;5.94265;-0.0699572;6.99572
1446;0.000185183;5.94265;-0.0699572;6.99572
1447;0.000185183;5.94265;-0.0699572;6.99572
1448;0.000185183;5.94265;-0.0699572;6.99572
1449;0.000185183;5.94265;-0.0699572;6.99572
1450;0.000185183;5.94265;-0.0699572;6.99572
1451;0.000185183;5.94265;-0.0699572;6.99572
1452;0.000185183;5.94265;-0.0699572;6.99572
1453;0.000185183;5.94265;-0.0699572;6.99572
1454;0.000185183;5.94265;-0.0699572;6.99572
1455;0.000185183;5.94265;-0.0699572;6.99572
1456;0.000185183;5.94265;-0.0699572;6.99572
1457;0.000185183;5.94265;-0.0699572;6.99572
1458;0.000185183;5.94265;-0.0699572;6.99572
1459;0.000185183;5.94265;-0.0699572;6.99572
1460;0.000185183;5.94265;-0.0699572;6.99572
1461;0.000185183;5.94265;-0.0699572;6.99572
1462;0.000185183;5.94265;-0.0699572;6.99572
1463;0.000185183;5.94265;-0.0699572;6.99572
1464;0.000185183;5.94265;-0.0699572;6.99572
1465;0.000185183;5.94265;-0.0699572;6.99572
1466;0.000185183;5.94265;-0.0699572;6.99572
1467;0.000185183;5.94265;-0.0699572;6.99572
1468;0.000185183;5.94265;-0.0699572;6.99572
1469;0.000185183;5.94265;-0.0699572;6.99572
1470;0.000185183;5.94265;-0.0699572;6.99572
1471;0.000185183;5.94265;-0.0699572;6.99572
1472;0.000185183;5.94265;-0.0699572;6.99572
1473;0.000185183;5.94265;-0.0699572;6.99572
1474;0.000185183;5.94265;-0.0699572;6.99572
1475;0.000185183;5.94265;-0.0699572;6.99572
1476;0.000185183;5.94265;-0.0699572;6.99572
1477;0.000185183;5.94265;-0.0699572;6.99572
1478;0.000185183;5.94265;-0.0699572;6.99572
1479;0.000185183;5.94265;-0.0699572;6.99572
1480;0.000185183;5.94265;-0.0699572;6.99572
1481;0.000185183;5.94265;-0.0699572;6.99572
1482;0.000185183;5.94265;-0.0699572;6.99572
1483;0.000185183;5.94265;-0.0699572;6.99572
1484;0.000185183;5.94265;-0.0699572;6.99572
1485;0.000185183;5.94265;-0.0699572;6.99572
1486;0.000185183;5.94265;-0.0699572;6.99572
1487;0.000185183;5.94265;-0.0699572;6.99572
1488;0.000185183;5.94265;-0.0699572;6.99572
1489;0.000185183;5.94265;-0.0699572;6.99572
1490;0.000185183;5.94265;-0.0699572;6.99572
1491;0.000185183;5.94265;-0.0699572;6.99572
1492;0.000185183;5.94265;-0.0699572;6.99572
1493;0.000185183;5.94265;-0.0699572;6.99572
1494;0.000185183;5.94265;-0.0699572;6.99572
1495;0.000185183;5.94265;-0.0699572;6.99572
1496;0.000185183;5.94265;-0.0699572;6.99572
1497;0.000185183;5.94265;-0.0699572;6.99572
1498;0.000185183;5.94265;-0.0699572;6.99572
1499;0.000185183;5.94265;-0.0699572;6.99572
1500;0.000185183;5.94265;-0.0699572;6.99572
1501;0.000185183;5.94265;-0.0699572;6.99572
1502;0.000185183;5.94265;-0.0699572;6.99572
1503;0.000185183;5.94265;-0.0699572;6.99572
1504;0.000185183;5.94265;-0.0699572;6.99572
1505;0.000185183;5.94265;-0.0699572;6.99572
1506;0.000185183;5.94265;-0.0699572;6.99572
1507;0.000185183;5.94265;-0.0699572;6.99572
1508;0.000185183;5.94265;-0.0699572;6.99572
1509;0.000185183;5.94265;-0.0699572;6.99572
1510;0.000185183;5.94265;-0.0699572;6.99572
1511;0.000185183;5.94265;-0.0699572;6.99572
1512;0.000185183;5.94265;-0.0699572;6.99572
1513;0.000185183;5.94265;-0.0699572;6.99572
1514;0.000185183;5.94265;-0.0699572;6.99572
1515;0.000185183;5.94265;-0.0699572;6.99572
1516;0.000185183;5.94265;-0.0699572;6.99572
1517;0.000185183;5.94265;-0.0699572;6.99572
1518;0.000185183;5.94265;-0.0699572;6.99572
1519;0.000185183;5.94265;-0.0699572;6.99572
1520;0.000185183;5.94265;-0.0699572;6.99572
1521;0.000185183;5.94265;-0.0699572;6.99572
1522;0.000185183;5.94265;-0.0699572;6.99572
1523;0.000185183;5.94265;-0.0699572;6.99572
1524;0.000185183;5.94265;-0.0699572;6.99572
1525;0.000185183;5.94265;-0.0699572;6.99572
1526;0.000185183;5.94265;-0.0699572;6.99572
1527;0.000185183;5.94265;-0.0699572;6.99572
1528;0.000185183;5.94265;-0.0699572;6.99572
1529;0.000185183;5.94265;-0.0699572;6.99572
1530;0.000185183;5.94265;-0.0699572;6.99572
1531;0.000185183;5.94265;-0.0699572;6.99572
1532;0.000185183;5.94265;-0.0699572;6.99572
1533;0.000185183;5.94265;-0.0699572;6.99572
1534;0.000185183;5.94265;-0.0699572;6.99572
1535;0.000185183;5.94265;-0.0699572;6.99572
1536;0.000185183;5.94265;-0.0699572;6.99572
1537;0.000185183;5.94265;-0.0699572;6.99572
1538;0.000185183;5.94265;-0.0699572;6.99572
1539;0.000185183;5.94265;-0.0699572;6.99572
1540;0.000185183;5.94265;-0.0699572;6.99572
1541;0.000185183;5.94265;-0.0699572;6.99572
1542;0.000185183;5.94265;-0.0699572;6.99572
1543;0.000185183;5.94265;-0.0699572;6.99572
1544;0.000185183;5.94265;-0.0699572;6.99572
1545;0.000185183;5.94265;-0.0699572;6.99572
1546;0.000185183;5.94265;-0.0699572;6.99572
1547;0.000185183;5.94265;-0.0699572;6.99572
1548;0.000185183;5.94265;-0.0699572;6.99572
1549;0.000185183;5.94265;-0.0699572;6.99572
1550;0.000185183;5.94265;-0.0699572;6.99572
1551;0.000185183;5.94265;-0.0699572;6.99572
1552;0.000185183;5.94265;-0.0699572;6.99572
1553;0.000185183;5.94265;-0.0699572;6.99572
1554;0.000185183;5.94265;-0.0699572;6.99572
1555;0.000185183;5.94265;-0.0699572;6.99572
1556;0.000185183;5.94265;-0.0699572;6.99572
1557;0.000185183;5.94265;-0.0699572;6.99572
1558;0.000185183;5.94265;-0.0699572;6.99572
1559;0.000185183;5.94265;-0.0699572;6.99572
1560;0.000185183;5.94265;-0.0699572;6.99572
1561;0.000185183;5.94265;-0.0699572;6.99572
1562;0.000185183;5.94265;-0.0699572;6.99572
1563;0.000185183;5.94265;-0.0699572;6.99572
1564;0.000185183;5.94265;-0.0699572;6.99572
1565;0.000185183;5.94265;-0.0699572;6.99572
1566;0.000185183;5.94265;-0.0699572;6.99572
1567;0.000185183;5.94265;-0.0699572;6.99572
1568;0.000185183;5.94265;-0.0699572;6.99572
1569;0.000185183;5.94265;-0.0699572;6.99572
1570;0.000185183;5.94265;-0.0699572;6.99572
1571;0.000185183;5.94265;-0.0699572;6.99572
1572;0.000185183;5.94265;-0.0699572;6.99572
1573;0.000185183;5.94265;-0.0699572;6.99572
1574;0.000185183;5.94265;-0.0699572;6.99572
1575;0.000185183;5.94265;-0.0699572;6.99572
1576;0.000185183;5.94265;-0.0699572;6.99572
1577;0.000185183;5.94265;-0.0699572;6.99572
1578;0.000185183;5.94265;-0.0699572;6.99572
1579;0.000185183;5.94265;-0.0699572;6.99572
1580;0.000185183;5.94265;-0.0699572;6.99572
1581;0.000185183;5.94265;-0.0699572;6.99572
1582;0.000185183;5.94265;-0.0699572;6.99572
1583;0.000185183;5.94265;-0.0699572;6.99572
1584;0.000185183;5.94265;-0.0699572;6.99572
1585;0.000185183;5.94265;-0.0699572;6.99572
1586;0.000185183;5.94265;-0.0699572;6.99572
1587;0.000185183;5.94265;-0.0699572;6.99572
1588;0.000185183;5.94265;-0.0699572;6.99572
1589;0.000185183;5.94265;-0.0699572;6.99572
1590;0.000185183;5.94265;-0.0699572;6.99572
1591;0.000185183;5.94265;-0.0699572;6.99572
1592;0.000185183;5.94265;-0.0699572;6.99572
1593;0.000185183;5.94265;-0.0699572;6.99572
1594;0.000185183;5.94265;-0.0699572;6.99572
1595;0.000185183;5.94265;-0.0699572;6.99572
1596;0.000185183;5.94265;-0.0699572;6.99572
1597;0.000185183;5.94265;-0.0699572;6.99572
1598;0.000185183;5.94265;-0.0699572;6.99572
1599;0.000185183;5.94265;-0.0699572;6.99572
1600;0.000185183;5.94265;-0.0699572;6.99572
1601;0.000185183;5.94265;-0.0699572;6.99572
1602;0.000185183;5.94265;-0.0699572;6.99572
1603;0.000185183;5.94265;-0.0699572;6.99572
1604;0.000185183;5.94265;-0.0699572;6.99572
1605;0.000185183;5.94265;-0.0699572;6.99572
1606;0.000185183;5.94265;-0.0699572;6.99572
1607;0.000185183;5.94265;-0.0699572;6.99572
1608;0.000185183;5.94265;-0.0699572;6.99572
1609;0.000185183;5.94265;-0.0699572;6.99572
1610;0.000185183;5.94265;-0.0699572;6.99572
1611;0.000185183;5.94265;-0.0699572;6.99572
1612;0.000185183;5.94265;-0.0699572;6.99572
1613;0.000185183;5.94265;-0.0699572;6.99572
1614;0.000185183;5.94265;-0.0699572;6.99572
1615;0.000185183;5.94265;-0.0699572;6.99572
1616;0.000185183;5.94265;-0.0699572;6.99572
1617;0.000185183;5.94265;-0.0699572;6.99572
1618;0.000185183;5.94265;-0.0699572;6.99572
1619;0.000185183;5.94265;-0.0699572;6.99572
1620;0.000185183;5.94265;-0.0699572;6.99572
1621;0.000185183;5.94265;-0.0699572;6.99572
1622;0.000185183;5.94265;-0.0699572;6.99572
1623;0.000185183;5.94265;-0.0699572;6.99572
1624;0.000185183;5.94265;-0.0699572;6.99572
1625;0.000185183;5.94265;-0.0699572;6.99572
1626;0.000185183;5.94265;-0.0699572;6.99572
1627;0.000185183;5.94265;-0.0699572;6.99572
1628;0.000185183;5.94265;-0.0699572;6.99572
1629;0.000185183;5.94265;-0.0699572;6.99572
1630;0.000185183;5.94265;-0.0699572;6.99572
1631;0.000185183;5.94265;-0.0699572;6.99572
1632;0.000185183;5.94265;-0.0699572;6.99572
1633;0.000185183;5.94265;-0.0699572;6.99572
1634;0.000185183;5.94265;-0.0699572;6.99572
1635;0.000185183;5.94265;-0.0699572;6.99572
1636;0.000185183;5.94265;-0.0699572;6.99572
1637;0.000185183;5.94265;-0.0699572;6.99572
1638;0.000185183;5.94265;-0.0699572;6.99572
1639;0.000185183;5.94265;-0.0699572;6.99572
1640;0.000185183;5.94265;-0.0699572;6.99572
1641;0.000185183;5.94265;-0.0699572;6.99572
1642;0.000185183;5.94265;-0.0699572;6.99572
1643;0.000185183;5.94265;-0.0699572;6.99572
1644;0.000185183;5.94265;-0.0699572;6.99572
1645;0.000185183;5.94265;-0.0699572;6.99572
1646;0.000185183;5.94265;-0.0699572;6.99572
1647;0.000185183;5.94265;-0.0699572;6.99572
1648;0.000185183;5.94265;-0.0699572;6.99572
1649;0.000185183;5.94265;-0.0699572;6.99572
1650;0.000185183;5.94265;-0.0699572;6.99572
1651;0.000185183;5.94265;-0.0699572;6.99572
1652;0.000185183;5.94265;-0.0699572;6.99572
1653;0.000185183;5.94265;-0.0699572;6.99572
1654;0.000185183;5.94265;-0.0699572;6.99572
1655;0.000185183;5.94265;-0.0699572;6.99572
1656;0.000185183;5.94265;-0.0699572;6.99572
1657;0.000185183;5.94265;-0.0699572;6.99572
1658;0.000185183;5.94265;-0.0699572;6.99572
1659;0.000185183;5.94265;-0.0699572;6.99572
1660;0.000185183;5.94265;-0.0699572;6.99572
1661;0.000185183;5.94265;-0.0699572;6.99572
1662;0.000185183;5.94265;-0.0699572;6.99572
1663;0.000185183;5.94265;-0.0699572;6.99572
1664;0.000185183;5.94265;-0.0699572;6.99572
1665;0.000185183;5.94265;-0.0699572;6.99572
1666;0.000185183;5.94265;-0.0699572;6.99572
1667;0.000185183;5.94265;-0.0699572;6.99572
1668;0.000185183;5.94265;-0.0699572;6.99572
1669;0.000185183;5.94265;-0.0699572;6.99572
1670;0.000185183;5.94265;-0.0699572;6.99572
1671;0.000185183;5.94265;-0.0699572;6.99572
1672;0.000185183;5.94265;-0.0699572;6.99572
1673;0.000185183;5.94265;-0.0699572;6.99572
1674;0.000185183;5.94265;-0.0699572;6.99572
1675;0.000185183;5.94265;-0.0699572;6.99572
1676;0.000185183;5.94265;-0.0699572;6.99572
1677;0.000185183;5.94265;-0.0699572;6.99572
1678;0.000185183;5.94265;-0.0699572;6.99572
1679;0.000185183;5.94265;-0.0699572;6.99572
1680;0.000185183;5.94265;-0.0699572;6.99572
1681;0.000185183;5.94265;-0.0699572;6.99572
1682;0.000185183;5.94265;-0.0699572;6.99572
1683;0.000185183;5.94265;-0.0699572;6.99572
1684;0.000185183;5.94265;-0.0699572;6.99572
1685;0.000185183;5.94265;-0.0699572;6.99572
1686;0.000185183;5.94265;-0.0699572;6.99572
1687;0.000185183;5.94265;-0.0699572;6.99572
1688;0.000185183;5.94265;-0.0699572;6.99572
1689;0.000185183;5.94265;-0.0699572;6.99572
1690;0.000185183;5.94265;-0.0699572;6.99572
1691;0.000185183;5.94265;-0.0699572;6.99572
1692;0.000185183;5.94265;-0.0699572;6.99572
1693;0.000185183;5.94265;-0.0699572;6.99572
1694;0.000185183;5.94265;-0.0699572;6.99572
1695;0.000185183;5.94265;-0.0699572;6.99572
1696;0.000185183;5.94265;-0.0699572;6.99572
1697;0.000185183;5.94265;-0.0699572;6.99572
1698;0.000185183;5.94265;-0.0699572;6.99572
1699;0.000185183;5.94265;-0.0699572;6.99572
1700;0.000185183;5.94265;-0.0699572;6.99572
1701;0.000185183;5.94265;-0.0699572;6.99572
1702;0.000185183;5.94265;-0.0699572;6.99572
1703;0.000185183;5.94265;-0.0699572;6.99572
1704;0.000185183;5.94265;-0.0699572;6.99572
1705;0.000185183;5.94265;-0.0699572;6.99572
1706;0.000185183;5.94265;-0.0699572;6.99572
1707;0.000185183;5.94265;-0.0699572;6.99572
1708;0.000185183;5.94265;-0.0699572;6.99572
1709;0.000185183;5.94265;-0.0699572;6.99572
1710;0.000185183;5.94265;-0.0699572;6.99572
1711;0.000185183;5.94265;-0.0699572;6.99572
1712;0.000185183;5.94265;-0.0699572;6.99572
1713;0.000185183;5.94265;-0.0699572;6.99572
1714;0.000185183;5.94265;-0.0699572;6.99572
1715;0.000185183;5.94265;-0.0699572;6.99572
1716;0.000185183;5.94265;-0.0699572;6.99572
1717;0.000185183;5.94265;-0.0699572;6.99572
1718;0.000185183;5.94265;-0.0699572;6.99572
1719;0.000185183;5.94265;-0.0699572;6.99572
1720;0.000185183;5.94265;-0.0699572;6.99572
1721;0.000185183;5.94265;-0.0699572;6.99572
1722;0.000185183;5.94265;-0.0699572;6.99572
1723;0.000185183;5.94265;-0.0699572;6.99572
1724;0.000185183;5.94265;-0.0699572;6.99572
1725;0.000185183;5.94265;-0.0699572;6.99572
1726;0.000185183;5.94265;-0.0699572;6.99572
1727;0.000185183;5.94265;-0.0699572;6.99572
1728;0.000185183;5.94265;-0.0699572;6.99572
1729;0.000185183;5.94265;-0.0699572;6.99572
1730;0.000185183;5.94265;-0.0699572;6.99572
1731;0.000185183;5.94265;-0.0699572;6.99572
1732;0.000185183;5.94265;-0.0699572;6.99572
1733;0.000185183;5.94265;-0.0699572;6.99572
1734;0.000185183;5.94265;-0.0699572;6.99572
1735;0.000185183;5.94265;-0.0699572;6.99572
1736;0.000185183;5.94265;-0.0699572;6.99572
1737;0.000185183;5.94265;-0.0699572;6.99572
1738;0.000185183;5.94265;-0.0699572;6.99572
1739;0.000185183;5.94265;-0.0699572;6.99572
1740;0.000185183;5.94265;-0.0699572;6.99572
1741;0.000185183;5.94265;-0.0699572;6.99572
1742;0.000185183;5.94265;-0.0699572;6.99572
1743;0.000185183;5.94265;-0.0699572;6.99572
1744;0.000185183;5.94265;-0.0699572;6.99572
1745;0.000185183;5.94265;-0.0699572;6.99572
1746;0.000185183;5.94265;-0.0699572;6.99572
1747;0.000185183;5.94265;-0.0699572;6.99572
1748;0.000185183;5.94265;-0.0699572;6.99572
1749;0.000185183;5.94265;-0.0699572;6.99572
1750;0.000185183;5.94265;-0.0699572;6.99572
1751;0.000185183;5.94265;-0.0699572;6.99572
1752;0.000185183;5.94265;-0.0699572;6.99572
1753;0.000185183;5.94265;-0.0699572;6.99572
1754;0.000185183;5.94265;-0.0699572;6.99572
1755;0.000185183;5.94265;-0.0699572;6.99572
1756;0.000185183;5.94265;-0.0699572;6.99572
1757;0.000185183;5.94265;-0.0699572;6.99572
1758;0.000185183;5.94265;-0.0699572;6.99572
1759;0.000185183;5.94265;-0.0699572;6.99572
1760;0.000185183;5.94265;-0.0699572;6.99572
1761;0.000185183;5.94265;-0.0699572;6.99572
1762;0.000185183;5.94265;-0.0699572;6.99572
1763;0.000185183;5.94265;-0.0699572;6.99572
1764;0.000185183;5.94265;-0.0699572;6.99572
1765;0.000185183;5.94265;-0.0699572;6.99572
1766;0.000185183;5.94265;-0.0699572;6.99572
1767;0.000185183;5.94265;-0.0699572;6.99572
1768;0.000185183;5.94265;-0.0699572;6.99572
1769;0.000185183;5.94265;-0.0699572;6.99572
1770;0.000185183;5.94265;-0.0699572;6.99572
1771;0.000185183;5.94265;-0.0699572;6.99572
1772;0.000185183;5.94265;-0.0699572;6.99572
1773;0.000185183;5.94265;-0.0699572;6.99572
1774;0.000185183;5.94265;-0.0699572;6.99572
1775;0.000185183;5.94265;-0.0699572;6.99572
1776;0.000185183;5.94265;-0.0699572;6.99572
1777;0.000185183;5.94265;-0.0699572;6.99572
1778;0.000185183;5.94265;-0.0699572;6.99572
1779;0.000185183;5.94265;-0.0699572;6.99572
1780;0.000185183;5.94265;-0.0699572;6.99572
1781;0.000185183;5.94265;-0.0699572;6.99572
1782;0.000185183;5.94265;-0.0699572;6.99572
1783;0.000185183;5.94265;-0.0699572;6.99572
1784;0.000185183;5.94265;-0.0699572;6.99572
1785;0.000185183;5.94265;-0.0699572;6.99572
1786;0.000185183;5.94265;-0.0699572;6.99572
1787;0.000185183;5.94265;-0.0699572;6.99572
1788;0.000185183;5.94265;-0.0699572;6.99572
1789;0.000185183;5.94265;-0.0699572;6.99572
1790;0.000185183;5.94265;-0.0699572;6.99572
1791;0.000185183;5.94265;-0.0699572;6.99572
1792;0.000185183;5.94265;-0.0699572;6.99572
1793;0.000185183;5.94265;-0.0699572;6.99572
1794;0.000185183;5.94265;-0.0699572;6.99572
1795;0.000185183;5.94265;-0.0699572;6.99572
1796;0.000185183;5.94265;-0.0699572;6.99572
1797;0.000185183;5.94265;-0.0699572;6.99572
1798;0.000185183;5.94265;-0.0699572;6.99572
1799;0.000185183;5.94265;-0.0699572;6.99572
1800;0.000185183;5.94265;-0.0699572;6.99572
1801;0.000185183;5.94265;-0.0699572;6.99572
1802;0.000185183;5.94265;-0.0699572;6.99572
1803;0.000185183;5.94265;-0.0699572;6.99572
1804;0.000185183;5.94265;-0.0699572;6.99572
1805;0.000185183;5.94265;-0.0699572;6.99572
1806;0.000185183;5.94265;-0.0699572;6.99572
1807;0.000185183;5.94265;-0.0699572;6.99572
1808;0.000185183;5.94265;-0.0699572;6.99572
1809;0.000185183;5.94265;-0.0699572;6.99572
1810;0.000185183;5.94265;-0.0699572;6.99572
1811;0.000185183;5.94265;-0.0699572;6.99572
1812;0.000185183;5.94265;-0.0699572;6.99572
1813;0.000185183;5.94265;-0.0699572;6.99572
1814;0.000185183;5.94265;-0.0699572;6.99572
1815;0.000185183;5.94265;-0.0699572;6.99572
1816;0.000185183;5.94265;-0.0699572;6.99572
1817;0.000185183;5.94265;-0.0699572;6.99572
1818;0.000185183;5.94265;-0.0699572;6.99572
1819;0.000185183;5.94265;-0.0699572;6.99572
1820;0.000185183;5.94265;-0.0699572;6.99572
1821;0.000185183;5.94265;-0.0699572;6.99572
1822;0.000185183;5.94265;-0.0699572;6.99572
1823;0.000185183;5.94265;-0.0699572;6.99572
1824;0.000185183;5.94265;-0.0699572;6.99572
1825;0.000185183;5.94265;-0.0699572;6.99572
1826;0.000185183;5.94265;-0.0699572;6.99572
1827;0.000185183;5.94265;-0.0699572;6.99572
1828;0.000185183;5.94265;-0.0699572;6.99572
1829;0.000185183;5.94265;-0.0699572;6.99572
1830;0.000185183;5.94265;-0.0699572;6.99572
1831;0.000185183;5.94265;-0.0699572;6.99572
1832;0.000185183;5.94265;-0.0699572;6.99572
1833;0.000185183;5.94265;-0.0699572;6.99572
1834;0.000185183;5.94265;-0.0699572;6.99572
1835;0.000185183;5.94265;-0.0699572;6.99572
1836;0.000185183;5.94265;-0.0699572;6.99572
1837;0.000185183;5.94265;-0.0699572;6.99572
1838;0.000185183;5.94265;-0.0699572;6.99572
1839;0.000185183;5.94265;-0.0699572;6.99572
1840;0.000185183;5.94265;-0.0699572;6.99572
1841;0.000185183;5.94265;-0.0699572;6.99572
1842;0.000185183;5.94265;-0.0699572;6.99572
1843;0.000185183;5.94265;-0.0699572;6.99572
1844;0.000185183;5.94265;-0.0699572;6.99572
1845;0.000185183;5.94265;-0.0699572;6.99572
1846;0.000185183;5.94265;-0.0699572;6.99572
1847;0.000185183;5.94265;-0.0699572;6.99572
1848;0.000185183;5.94265;-0.0699572;6.99572
1849;0.000185183;5.94265;-0.0699572;6.99572
1850;0.000185183;5.94265;-0.0699572;6.99572
1851;0.000185183;5.94265;-0.0699572;6.99572
1852;0.000185183;5.94265;-0.0699572;6.99572
1853;0.000185183;5.94265;-0.0699572;6.99572
1854;0.000185183;5.94265;-0.0699572;6.99572
1855;0.000185183;5.94265;-0.0699572;6.99572
1856;0.000185183;5.94265;-0.0699572;6.99572
1857;0.000185183;5.94265;-0.0699572;6.99572
1858;0.000185183;5.94265;-0.0699572;6.99572
1859;0.000185183;5.94265;-0.0699572;6.99572
1860;0.000185183;5.94265;-0.0699572;6.99572
1861;0.000185183;5.94265;-0.0699572;6.99572
1862;0.000185183;5.94265;-0.0699572;6.99572
1863;0.000185183;5.94265;-0.0699572;6.99572
1864;0.000185183;5.94265;-0.0699572;6.99572
1865;0.000185183;5.94265;-0.0699572;6.99572
1866;0.000185183;5.94265;-0.0699572;6.99572
1867;0.000185183;5.94265;-0.0699572;6.99572
1868;0.000185183;5.94265;-0.0699572;6.99572
1869;0.000185183;5.94265;-0.0699572;6.99572
1870;0.000185183;5.94265;-0.0699572;6.99572
1871;0.000185183;5.94265;-0.0699572;6.99572
1872;0.000185183;5.94265;-0.0699572;6.99572
1873;0.000185183;5.94265;-0.0699572;6.99572
1874;0.000185183;5.94265;-0.0699572;6.99572
1875;0.000185183;5.94265;-0.0699572;6.99572
1876;0.000185183;5.94265;-0.0699572;6.99572
1877;0.000185183;5.94265;-0.0699572;6.99572
1878;0.000185183;5.94265;-0.0699572;6.99572
1879;0.000185183;5.94265;-0.0699572;6.99572
1880;0.000185183;5.94265;-0.0699572;6.99572
1881;0.000185183;5.94265;-0.0699572;6.99572
1882;0.000185183;5.94265;-0.0699572;6.99572
1883;0.000185183;5.94265;-0.0699572;6.99572
1884;0.000185183;5.94265;-0.0699572;6.99572
1885;0.000185183;5.94265;-0.0699572;6.99572
1886;0.000185183;5.94265;-0.0699572;6.99572
1887;0.000185183;5.94265;-0.0699572;6.99572
1888;0.000185183;5.94265;-0.0699572;6.99572
1889;0.000185183;5.94265;-0.0699572;6.99572
1890;0.000185183;5.94265;-0.0699572;6.99572
1891;0.000185183;5.94265;-0.0699572;6.99572
1892;0.000185183;5.94265;-0.0699572;6.99572
1893;0.000185183;5.94265;-0.0699572;6.99572
1894;0.000185183;5.94265;-0.0699572;6.99572
1895;0.000185183;5.94265;-0.0699572;6.99572
1896;0.000185183;5.94265;-0.0699572;6.99572
1897;0.000185183;5.94265;-0.0699572;6.99572
1898;0.000185183;5.94265;-0.0699572;6.99572
1899;0.000185183;5.94265;-0.0699572;6.99572
1900;0.000185183;5.94265;-0.0699572;6.99572
1901;0.000185183;5.94265;-0.0699572;6.99572
1902;0.000185183;5.94265;-0.0699572;6.99572
1903;0.000185183;5.94265;-0.0699572;6.99572
1904;0.000185183;5.94265;-0.0699572;6.99572
1905;0.000185183;5.94265;-0.0699572;6.99572
1906;0.000185183;5.94265;-0.0699572;6.99572
1907;0.000185183;5.94265;-0.0699572;6.99572
1908;0.000185183;5.94265;-0.0699572;6.99572
1909;0.000185183;5.94265;-0.0699572;6.99572
1910;0.000185183;5.94265;-0.0699572;6.99572
1911;0.000185183;5.94265;-0.0699572;6.99572
1912;0.000185183;5.94265;-0.0699572;6.99572
1913;0.000185183;5.94265;-0.0699572;6.99572
1914;0.000185183;5.94265;-0.0699572;6.99572
1915;0.000185183;5.94265;-0.0699572;6.99572
1916;0.000185183;5.94265;-0.0699572;6.99572
1917;0.000185183;5.94265;-0.0699572;6.99572
1918;0.000185183;5.94265;-0.0699572;6.99572
1919;0.000185183;5.94265;-0.0699572;6.99572
1920;0.000185183;5.94265;-0.0699572;6.99572
1921;0.000185183;5.94265;-0.0699572;6.99572
1922;0.000185183;5.94265;-0.0699572;6.99572
1923;0.000185183;5.94265;-0.0699572;6.99572
1924;0.000185183;5.94265;-0.0699572;6.99572
1925;0.000185183;5.94265;-0.0699572;6.99572
1926;0.000185183;5.94265;-0.0699572;6.99572
1927;0.000185183;5.94265;-0.0699572;6.99572
1928;0.000185183;5.94265;-0.0699572;6.99572
1929;0.000185183;5.94265;-0.0699572;6.99572
1930;0.000185183;5.94265;-0.0699572;6.99572
1931;0.000185183;5.94265;-0.0699572;6.99572
1932;0.000185183;5.94265;-0.0699572;6.99572
1933;0.000185183;5.94265;-0.0699572;6.99572
1934;0.000185183;5.94265;-0.0699572;6.99572
1935;0.000185183;5.94265;-0.0699572;6.99572
1936;0.000185183;5.94265;-0.0699572;6.99572
1937;0.000185183;5.94265;-0.0699572;6.99572
1938;0.000185183;5.94265;-0.0699572;6.99572
1939;0.000185183;5.94265;-0.0699572;6.99572
1940;0.000185183;5.94265;-0.0699572;6.99572
1941;0.000185183;5.94265;-0.0699572;6.99572
1942;0.000185183;5.94265;-0.0699572;6.99572
1943;0.000185183;5.94265;-0.0699572;6.99572
1944;0.000185183;5.94265;-0.0699572;6.99572
1945;0.000185183;5.94265;-0.0699572;6.99572
1946;0.000185183;5.94265;-0.0699572;6.99572
1947;0.000185183;5.94265;-0.0699572;6.99572
1948;0.000185183;5.94265;-0.0699572;6.99572
1949;0.000185183;5.94265;-0.0699572;6.99572
1950;0.000185183;5.94265;-0.0699572;6.99572
1951;0.000185183;5.94265;-0.0699572;6.99572
1952;0.000185183;5.94265;-0.0699572;6.99572
1953;0.000185183;5.94265;-0.0699572;6.99572
1954;0.000185183;5.94265;-0.0699572;6.99572
1955;0.000185183;5.94265;-0.0699572;6.99572
1956;0.000185183;5.94265;-0.0699572;6.99572
1957;0.000185183;5.94265;-0.0699572;6.99572
1958;0.000185183;5.94265;-0.0699572;6.99572
1959;0.000185183;5.94265;-0.0699572;6.99572
1960;0.000185183;5.94265;-0.0699572;6.99572
1961;0.000185183;5.94265;-0.0699572;6.99572
1962;0.000185183;5.94265;-0.0699572;6.99572
1963;0.000185183;5.94265;-0.0699572;6.99572
1964;0.000185183;5.94265;-0.0699572;6.99572
1965;0.000185183;5.94265;-0.0699572;6.99572
1966;0.000185183;5.94265;-0.0699572;6.99572
1967;0.000185183;5.94265;-0.0699572;6.99572
1968;0.000185183;5.94265;-0.0699572;6.99572
1969;0.000185183;5.94265;-0.0699572;6.99572
1970;0.000185183;5.94265;-0.0699572;6.99572
1971;0.000185183;5.94265;-0.0699572;6.99572
1972;0.000185183;5.94265;-0.0699572;6.99572
1973;0.000185183;5.94265;-0.0699572;6.99572
1974;0.000185183;5.94265;-0.0699572;6.99572
1975;0.000185183;5.94265;-0.0699572;6.99572
1976;0.000185183;5.94265;-0.0699572;6.99572
1977;0.000185183;5.94265;-0.0699572;6.99572
1978;0.000185183;5.94265;-0.0699572;6.99572
1979;0.000185183;5.94265;-0.0699572;6.99572
1980;0.000185183;5.94265;-0.0699572;6.99572
1981;0.000185183;5.94265;-0.0699572;6.99572
1982;0.000185183;5.94265;-0.0699572;6.99572
1983;0.000185183;5.94265;-0.0699572;6.99572
1984;0.000185183;5.94265;-0.0699572;6.99572
1985;0.000185183;5.94265;-0.0699572;6.99572
1986;0.000185183;5.94265;-0.0699572;6.99572
1987;0.000185183;5.94265;-0.0699572;6.99572
1988;0.000185183;5.94265;-0.0699572;6.99572
1989;0.000185183;5.94265;-0.0699572;6.99572
1990;0.000185183;5.94265;-0.0699572;6.99572
1991;0.000185183;5.94265;-0.0699572;6.99572
1992;0.000185183;5.94265;-0.0699572;6.99572
1993;0.000185183;5.94265;-0.0699572;6.99572
1994;0.000185183;5.94265;-0.0699572;6.99572
1995;0.000185183;5.94265;-0.0699572;6.99572
1996;0.000185183;5.94265;-0.0699572;6.99572
1997;0.000185183;5.94265;-0.0699572;6.99572
1998;0.000185183;5.94265;-0.0699572;6.99572
1999;0.000185183;5.94265;-0.0699572;6.99572
2000;0.000185183;5.94265;-0.0699572;6.99572
2001;0.000185183;5.94265;-0.0699572;6.99572
2002;0.000185183;5.94265;-0.0699572;6.99572
2003;0.000185183;5.94265;-0.0699572;6.99572
2004;0.000185183;5.94265;-0.0699572;6.99572
2005;0.000185183;5.94265;-0.0699572;6.99572
2006;0.000185183;5.94265;-0.0699572;6.99572
2007;0.000185183;5.94265;-0.0699572;6.99572
2008;0.000185183;5.94265;-0.0699572;6.99572
2009;0.000185183;5.94265;-0.0699572;6.99572
2010;0.000185183;5.94265;-0.0699572;6.99572
2011;0.000185183;5.94265;-0.0699572;6.99572
2012;0.000185183;5.94265;-0.0699572;6.99572
2013;0.000185183;5.94265;-0.0699572;6.99572
2014;0.000185183;5.94265;-0.0699572;6.99572
2015;0.000185183;5.94265;-0.0699572;6.99572
2016;0.000185183;5.94265;-0.0699572;6.99572
2017;0.000185183;5.94265;-0.0699572;6.99572
2018;0.000185183;5.94265;-0.0699572;6.99572
2019;0.000185183;5.94265;-0.0699572;6.99572
2020;0.000185183;5.94265;-0.0699572;6.99572
2021;0.000185183;5.94265;-0.0699572;6.99572
2022;0.000185183;5.94265;-0.0699572;6.99572
2023;0.000185183;5.94265;-0.0699572;6.99572
2024;0.000185183;5.94265;-0.0699572;6.99572
2025;0.000185183;5.94265;-0.0699572;6.99572
2026;0.000185183;5.94265;-0.0699572;6.99572
2027;0.000185183;5.94265;-0.0699572;6.99572
2028;0.000185183;5.94265;-0.0699572;6.99572
2029;0.000185183;5.94265;-0.0699572;6.99572
2030;0.000185183;5.94265;-0.0699572;6.99572
2031;0.000185183;5.94265;-0.0699572;6.99572
2032;0.000185183;5.94265;-0.0699572;6.99572
2033;0.000185183;5.94265;-0.0699572;6.99572
2034;0.000185183;5.94265;-0.0699572;6.99572
2035;0.000185183;5.94265;-0.0699572;6.99572
2036;0.000185183;5.94265;-0.0699572;6.99572
2037;0.000185183;5.94265;-0.0699572;6.99572
2038;0.000185183;5.94265;-0.0699572;6.99572
2039;0.000185183;5.94265;-0.0699572;6.99572
2040;0.000185183;5.94265;-0.0699572;6.99572
2041;0.000185183;5.94265;-0.0699572;6.99572
2042;0.000185183;5.94265;-0.0699572;6.99572
2043;0.000185183;5.94265;-0.0699572;6.99572
2044;0.000185183;5.94265;-0.0699572;6.99572
2045;0.000185183;5.94265;-0.0699572;6.99572
2046;0.000185183;5.94265;-0.0699572;6.99572
2047;0.000185183;5.94265;-0.0699572;6.99572
2048;0.000185183;5.94265;-0.0699572;6.99572
2049;0.000185183;5.94265;-0.0699572;6.99572
2050;0.000185183;5.94265;-0.0699572;6.99572
2051;0.000185183;5.94265;-0.0699572;6.99572
2052;0.000185183;5.94265;-0.0699572;6.99572
2053;0.000185183;5.94265;-0.0699572;6.99572
2054;0.000185183;5.94265;-0.0699572;6.99572
2055;0.000185183;5.94265;-0.0699572;6.99572
2056;0.000185183;5.94265;-0.0699572;6.99572
2057;0.000185183;5.94265;-0.0699572;6.99572
2058;0.000185183;5.94265;-0.0699572;6.99572
2059;0.000185183;5.94265;-0.0699572;6.99572
2060;0.000185183;5.94265;-0.0699572;6.99572
2061;0.000185183;5.94265;-0.0699572;6.99572
2062;0.000185183;5.94265;-0.0699572;6.99572
2063;0.000185183;5.94265;-0.0699572;6.99572
2064;0.000185183;5.94265;-0.0699572;6.99572
2065;0.000185183;5.94265;-0.0699572;6.99572
2066;0.000185183;5.94265;-0.0699572;6.99572
2067;0.000185183;5.94265;-0.0699572;6.99572
2068;0.000185183;5.94265;-0.0699572;6.99572
2069;0.000185183;5.94265;-0.0699572;6.99572
2070;0.000185183;5.94265;-0.0699572;6.99572
2071;0.000185183;5.94265;-0.0699572;6.99572
2072;0.000185183;5.94265;-0.0699572;6.99572
2073;0.000185183;5.94265;-0.0699572;6.99572
2074;0.000185183;5.94265;-0.0699572;6.99572
2075;0.000185183;5.94265;-0.0699572;6.99572
2076;0.000185183;5.94265;-0.0699572;6.99572
2077;0.000185183;5.94265;-0.0699572;6.99572
2078;0.000185183;5.94265;-0.0699572;6.99572
2079;0.000185183;5.94265;-0.0699572;6.99572
2080;0.000185183;5.94265;-0.0699572;6.99572
2081;0.000185183;5.94265;-0.0699572;6.99572
2082;0.000185183;5.94265;-0.0699572;6.99572
2083;0.000185183;5.94265;-0.0699572;6.99572
2084;0.000185183;5.94265;-0.0699572;6.99572
2085;0.000185183;5.94265;-0.0699572;6.99572
2086;0.000185183;5.94265;-0.0699572;6.99572
2087;0.000185183;5.94265;-0.0699572;6.99572
2088;0.000185183;5.94265;-0.0699572;6.99572
2089;0.000185183;5.94265;-0.0699572;6.99572
2090;0.000185183;5.94265;-0.0699572;6.99572
2091;0.000185183;5.94265;-0.0699572;6.99572
2092;0.000185183;5.94265;-0.0699572;6.99572
2093;0.000185183;5.94265;-0.0699572;6.99572
2094;0.000185183;5.94265;-0.0699572;6.99572
2095;0.000185183;5.94265;-0.0699572;6.99572
2096;0.000185183;5.94265;-0.0699572;6.99572
2097;0.000185183;5.94265;-0.0699572;6.99572
2098;0.000185183;5.94265;-0.0699572;6.99572
2099;0.000185183;5.94265;-0.0699572;6.99572
2100;0.000185183;5.94265;-0.0699572;6.99572
2101;0.000185183;5.94265;-0.0699572;6.99572
2102;0.000185183;5.94265;-0.0699572;6.99572
2103;0.000185183;5.94265;-0.0699572;6.99572
2104;0.000185183;5.94265;-0.0699572;6.99572
2105;0.000185183;5.94265;-0.0699572;6.99572
2106;0.000185183;5.94265;-0.0699572;6.99572
2107;0.000185183;5.94265;-0.0699572;6.99572
2108;0.000185183;5.94265;-0.0699572;6.99572
2109;0.000185183;5.94265;-0.0699572;6.99572
2110;0.000185183;5.94265;-0.0699572;6.99572
2111;0.000185183;5.94265;-0.0699572;6.99572
2112;0.000185183;5.94265;-0.0699572;6.99572
2113;0.000185183;5.94265;-0.0699572;6.99572
2114;0.000185183;5.94265;-0.0699572;6.99572
2115;0.000185183;5.94265;-0.0699572;6.99572
2116;0.000185183;5.94265;-0.0699572;6.99572
2117;0.000185183;5.94265;-0.0699572;6.99572
2118;0.000185183;5.94265;-0.0699572;6.99572
2119;0.000185183;5.94265;-0.0699572;6.99572
2120;0.000185183;5.94265;-0.0699572;6.99572
2121;0.000185183;5.94265;-0.0699572;6.99572
2122;0.000185183;5.94265;-0.0699572;6.99572
2123;0.000185183;5.94265;-0.0699572;6.99572
2124;0.000185183;5.94265;-0.0699572;6.99572
2125;0.000185183;5.94265;-0.0699572;6.99572
2126;0.000185183;5.94265;-0.0699572;6.99572
2127;0.000185183;5.94265;-0.0699572;6.99572
2128;0.000185183;5.94265;-0.0699572;6.99572
2129;0.000185183;5.94265;-0.0699572;6.99572
2130;0.000185183;5.94265;-0.0699572;6.99572
2131;0.000185183;5.94265;-0.0699572;6.99572
2132;0.000185183;5.94265;-0.0699572;6.99572
2133;0.000185183;5.94265;-0.0699572;6.99572
2134;0.000185183;5.94265;-0.0699572;6.99572
2135;0.000185183;5.94265;-0.0699572;6.99572
2136;0.000185183;5.94265;-0.0699572;6.99572
2137;0.000185183;5.94265;-0.0699572;6.99572
2138;0.000185183;5.94265;-0.0699572;6.99572
2139;0.000185183;5.94265;-0.0699572;6.99572
2140;0.000185183;5.94265;-0.0699572;6.99572
2141;0.000185183;5.94265;-0.0699572;6.99572
2142;0.000185183;5.94265;-0.0699572;6.99572
2143;0.000185183;5.94265;-0.0699572;6.99572
2144;0.000185183;5.94265;-0.0699572;6.99572
2145;0.000185183;5.94265;-0.0699572;6.99572
2146;0.000185183;5.94265;-0.0699572;6.99572
2147;0.000185183;5.94265;-0.0699572;6.99572
2148;0.000185183;5.94265;-0.0699572;6.99572
2149;0.000185183;5.94265;-0.0699572;6.99572
2150;0.000185183;5.94265;-0.0699572;6.99572
2151;0.000185183;5.94265;-0.0699572;6.99572
2152;0.000185183;5.94265;-0.0699572;6.99572
2153;0.000185183;5.94265;-0.0699572;6.99572
2154;0.000185183;5.94265;-0.0699572;6.99572
2155;0.000185183;5.94265;-0.0699572;6.99572
2156;0.000185183;5.94265;-0.0699572;6.99572
2157;0.000185183;5.94265;-0.0699572;6.99572
2158;0.000185183;5.94265;-0.0699572;6.99572
2159;0.000185183;5.94265;-0.0699572;6.99572
2160;0.000185183;5.94265;-0.0699572;6.99572
2161;0.000185183;5.94265;-0.0699572;6.99572
2162;0.000185183;5.94265;-0.0699572;6.99572
2163;0.000185183;5.94265;-0.0699572;6.99572
2164;0.000185183;5.94265;-0.0699572;6.99572
2165;0.000185183;5.94265;-0.0699572;6.99572
2166;0.000185183;5.94265;-0.0699572;6.99572
2167;0.000185183;5.94265;-0.0699572;6.99572
2168;0.000185183;5.94265;-0.0699572;6.99572
2169;0.000185183;5.94265;-0.0699572;6.99572
2170;0.000185183;5.94265;-0.0699572;6.99572
2171;0.000185183;5.94265;-0.0699572;6.99572
2172;0.000185183;5.94265;-0.0699572;6.99572
2173;0.000185183;5.94265;-0.0699572;6.99572
2174;0.000185183;5.94265;-0.0699572;6.99572
2175;0.000185183;5.94265;-0.0699572;6.99572
2176;0.000185183;5.94265;-0.0699572;6.99572
2177;0.000185183;5.94265;-0.0699572;6.99572
2178;0.000185183;5.94265;-0.0699572;6.99572
2179;0.000185183;5.94265;-0.0699572;6.99572
2180;0.000185183;5.94265;-0.0699572;6.99572
2181;0.000185183;5.94265;-0.0699572;6.99572
2182;0.000185183;5.94265;-0.0699572;6.99572
2183;0.000185183;5.94265;-0.0699572;6.99572
2184;0.000185183;5.94265;-0.0699572;6.99572
2185;0.000185183;5.94265;-0.0699572;6.99572
2186;0.000185183;5.94265;-0.0699572;6.99572
2187;0.000185183;5.94265;-0.0699572;6.99572
2188;0.000185183;5.94265;-0.0699572;6.99572
2189;0.000185183;5.94265;-0.0699572;6.99572
2190;0.000185183;5.94265;-0.0699572;6.99572
2191;0.000185183;5.94265;-0.0699572;6.99572
2192;0.000185183;5.94265;-0.0699572;6.99572
2193;0.000185183;5.94265;-0.0699572;6.99572
2194;0.000185183;5.94265;-0.0699572;6.99572
2195;0.000185183;5.94265;-0.0699572;6.99572
2196;0.000185183;5.94265;-0.0699572;6.99572
2197;0.000185183;5.94265;-0.0699572;6.99572
2198;0.000185183;5.94265;-0.0699572;6.99572
2199;0.000185183;5.94265;-0.0699572;6.99572
2200;0.000185183;5.94265;-0.0699572;6.99572
2201;0.000185183;5.94265;-0.0699572;6.99572
2202;0.000185183;5.94265;-0.0699572;6.99572
2203;0.000185183;5.94265;-0.0699572;6.99572
2204;0.000185183;5.94265;-0.0699572;6.99572
2205;0.000185183;5.94265;-0.0699572;6.99572
2206;0.000185183;5.94265;-0.0699572;6.99572
2207;0.000185183;5.94265;-0.0699572;6.99572
2208;0.000185183;5.94265;-0.0699572;6.99572
2209;0.000185183;5.94265;-0.0699572;6.99572
2210;0.000185183;5.94265;-0.0699572;6.99572
2211;0.000185183;5.94265;-0.0699572;6.99572
2212;0.000185183;5.94265;-0.0699572;6.99572
2213;0.000185183;5.94265;-0.0699572;6.99572
2214;0.000185183;5.94265;-0.0699572;6.99572
2215;0.000185183;5.94265;-0.0699572;6.99572
2216;0.000185183;5.94265;-0.0699572;6.99572
2217;0.000185183;5.94265;-0.0699572;6.99572
2218;0.000185183;5.94265;-0.0699572;6.99572
2219;0.000185183;5.94265;-0.0699572;6.99572
2220;0.000185183;5.94265;-0.0699572;6.99572
2221;0.000185183;5.94265;-0.0699572;6.99572
2222;0.000185183;5.94265;-0.0699572;6.99572
2223;0.000185183;5.94265;-0.0699572;6.99572
2224;0.000185183;5.94265;-0.0699572;6.99572
2225;0.000185183;5.94265;-0.0699572;6.99572
2226;0.000185183;5.94265;-0.0699572;6.99572
2227;0.000185183;5.94265;-0.0699572;6.99572
2228;0.000185183;5.94265;-0.0699572;6.99572
2229;0.000185183;5.94265;-0.0699572;6.99572
2230;0.000185183;5.94265;-0.0699572;6.99572
2231;0.000185183;5.94265;-0.0699572;6.99572
2232;0.000185183;5.94265;-0.0699572;6.99572
2233;0.000185183;5.94265;-0.0699572;6.99572
2234;0.000185183;5.94265;-0.0699572;6.99572
2235;0.000185183;5.94265;-0.0699572;6.99572
2236;0.000185183;5.94265;-0.0699572;6.99572
2237;0.000185183;5.94265;-0.0699572;6.99572
2238;0.000185183;5.94265;-0.0699572;6.99572
2239;0.000185183;5.94265;-0.0699572;6.99572
2240;0.000185183;5.94265;-0.0699572;6.99572
2241;0.000185183;5.94265;-0.0699572;6.99572
2242;0.000185183;5.94265;-0.0699572;6.99572
2243;0.000185183;5.94265;-0.0699572;6.99572
2244;0.000185183;5.94265;-0.0699572;6.99572
2245;0.000185183;5.94265;-0.0699572;6.99572
2246;0.000185183;5.94265;-0.0699572;6.99572
2247;0.000185183;5.94265;-0.0699572;6.99572
2248;0.000185183;5.94265;-0.0699572;6.99572
2249;0.000185183;5.94265;-0.0699572;6.99572
2250;0.000185183;5.94265;-0.0699572;6.99572
2251;0.000185183;5.94265;-0.0699572;6.99572
2252;0.000185183;5.94265;-0.0699572;6.99572
2253;0.000185183;5.94265;-0.0699572;6.99572
2254;0.000185183;5.94265;-0.0699572;6.99572
2255;0.000185183;5.94265;-0.0699572;6.99572
2256;0.000185183;5.94265;-0.0699572;6.99572
2257;0.000185183;5.94265;-0.0699572;6.99572
2258;0.000185183;5.94265;-0.0699572;6.99572
2259;0.000185183;5.94265;-0.0699572;6.99572
2260;0.000185183;5.94265;-0.0699572;6.99572
2261;0.000185183;5.94265;-0.0699572;6.99572
2262;0.000185183;5.94265;-0.0699572;6.99572
2263;0.000185183;5.94265;-0.0699572;6.99572
2264;0.000185183;5.94265;-0.0699572;6.99572
2265;0.000185183;5.94265;-0.0699572;6.99572
2266;0.000185183;5.94265;-0.0699572;6.99572
2267;0.000185183;5.94265;-0.0699572;6.99572
2268;0.000185183;5.94265;-0.0699572;6.99572
2269;0.000185183;5.94265;-0.0699572;6.99572
2270;0.000185183;5.94265;-0.0699572;6.99572
2271;0.000185183;5.94265;-0.0699572;6.99572
2272;0.000185183;5.94265;-0.0699572;6.99572
2273;0.000185183;5.94265;-0.0699572;6.99572
2274;0.000185183;5.94265;-0.0699572;6.99572
2275;0.000185183;5.94265;-0.0699572;6.99572
2276;0.000185183;5.94265;-0.0699572;6.99572
2277;0.000185183;5.94265;-0.0699572;6.99572
2278;0.000185183;5.94265;-0.0699572;6.99572
2279;0.000185183;5.94265;-0.0699572;6.99572
2280;0.000185183;5.94265;-0.0699572;6.99572
2281;0.000185183;5.94265;-0.0699572;6.99572
2282;0.000185183;5.94265;-0.0699572;6.99572
2283;0.000185183;5.94265;-0.0699572;6.99572
2284;0.000185183;5.94265;-0.0699572;6.99572
2285;0.000185183;5.94265;-0.0699572;6.99572
2286;0.000185183;5.94265;-0.0699572;6.99572
2287;0.000185183;5.94265;-0.0699572;6.99572
2288;0.000185183;5.94265;-0.0699572;6.99572
2289;0.000185183;5.94265;-0.0699572;6.99572
2290;0.000185183;5.94265;-0.0699572;6.99572
2291;0.000185183;5.94265;-0.0699572;6.99572
2292;0.000185183;5.94265;-0.0699572;6.99572
2293;0.000185183;5.94265;-0.0699572;6.99572
2294;0.000185183;5.94265;-0.0699572;6.99572
2295;0.000185183;5.94265;-0.0699572;6.99572
2296;0.000185183;5.94265;-0.0699572;6.99572
2297;0.000185183;5.94265;-0.0699572;6.99572
2298;0.000185183;5.94265;-0.0699572;6.99572
2299;0.000185183;5.94265;-0.0699572;6.99572
2300;0.000185183;5.94265;-0.0699572;6.99572
2301;0.000185183;5.94265;-0.0699572;6.99572
2302;0.000185183;5.94265;-0.0699572;6.99572
2303;0.000185183;5.94265;-0.0699572;6.99572
2304;0.000185183;5.94265;-0.0699572;6.99572
2305;0.000185183;5.94265;-0.0699572;6.99572
2306;0.000185183;5.94265;-0.0699572;6.99572
2307;0.000185183;5.94265;-0.0699572;6.99572
2308;0.000185183;5.94265;-0.0699572;6.99572
2309;0.000185183;5.94265;-0.0699572;6.99572
2310;0.000185183;5.94265;-0.0699572;6.99572
2311;0.000185183;5.94265;-0.0699572;6.99572
2312;0.000185183;5.94265;-0.0699572;6.99572
2313;0.000185183;5.94265;-0.0699572;6.99572
2314;0.000185183;5.94265;-0.0699572;6.99572
2315;0.000185183;5.94265;-0.0699572;6.99572
2316;0.000185183;5.94265;-0.0699572;6.99572
2317;0.000185183;5.94265;-0.0699572;6.99572
2318;0.000185183;5.94265;-0.0699572;6.99572
2319;0.000185183;5.94265;-0.0699572;6.99572
2320;0.000185183;5.94265;-0.0699572;6.99572
2321;0.000185183;5.94265;-0.0699572;6.99572
2322;0.000185183;5.94265;-0.0699572;6.99572
2323;0.000185183;5.94265;-0.0699572;6.99572
2324;0.000185183;5.94265;-0.0699572;6.99572
2325;0.000185183;5.94265;-0.0699572;6.99572
2326;0.000185183;5.94265;-0.0699572;6.99572
2327;0.000185183;5.94265;-0.0699572;6.99572
2328;0.000185183;5.94265;-0.0699572;6.99572
2329;0.000185183;5.94265;-0.0699572;6.99572
2330;0.000185183;5.94265;-0.0699572;6.99572
2331;0.000185183;5.94265;-0.0699572;6.99572
2332;0.000185183;5.94265;-0.0699572;6.99572
2333;0.000185183;5.94265;-0.0699572;6.99572
2334;0.000185183;5.94265;-0.0699572;6.99572
2335;0.000185183;5.94265;-0.0699572;6.99572
2336;0.000185183;5.94265;-0.0699572;6.99572
2337;0.000185183;5.94265;-0.0699572;6.99572
2338;0.000185183;5.94265;-0.0699572;6.99572
2339;0.000185183;5.94265;-0.0699572;6.99572
2340;0.000185183;5.94265;-0.0699572;6.99572
2341;0.000185183;5.94265;-0.0699572;6.99572
2342;0.000185183;5.94265;-0.0699572;6.99572
2343;0.000185183;5.94265;-0.0699572;6.99572
2344;0.000185183;5.94265;-0.0699572;6.99572
2345;0.000185183;5.94265;-0.0699572;6.99572
2346;0.000185183;5.94265;-0.0699572;6.99572
2347;0.000185183;5.94265;-0.0699572;6.99572
2348;0.000185183;5.94265;-0.0699572;6.99572
2349;0.000185183;5.94265;-0.0699572;6.99572
2350;0.000185183;5.94265;-0.0699572;6.99572
2351;0.000185183;5.94265;-0.0699572;6.99572
2352;0.000185183;5.94265;-0.0699572;6.99572
2353;0.000185183;5.94265;-0.0699572;6.99572
2354;0.000185183;5.94265;-0.0699572;6.99572
2355;0.000185183;5.94265;-0.0699572;6.99572
2356;0.000185183;5.94265;-0.0699572;6.99572
2357;0.000185183;5.94265;-0.0699572;6.99572
2358;0.000185183;5.94265;-0.0699572;6.99572
2359;0.000185183;5.94265;-0.0699572;6.99572
2360;0.000185183;5.94265;-0.0699572;6.99572
2361;0.000185183;5.94265;-0.0699572;6.99572
2362;0.000185183;5.94265;-0.0699572;6.99572
2363;0.000185183;5.94265;-0.0699572;6.99572
2364;0.000185183;5.94265;-0.0699572;6.99572
2365;0.000185183;5.94265;-0.0699572;6.99572
2366;0.000185183;5.94265;-0.0699572;6.99572
2367;0.000185183;5.94265;-0.0699572;6.99572
2368;0.000185183;5.94265;-0.0699572;6.99572
2369;0.000185183;5.94265;-0.0699572;6.99572
2370;0.000185183;5.94265;-0.0699572;6.99572
2371;0.000185183;5.94265;-0.0699572;6.99572
2372;0.000185183;5.94265;-0.0699572;6.99572
2373;0.000185183;5.94265;-0.0699572;6.99572
2374;0.000185183;5.94265;-0.0699572;6.99572
2375;0.000185183;5.94265;-0.0699572;6.99572
2376;0.000185183;5.94265;-0.0699572;6.99572
2377;0.000185183;5.94265;-0.0699572;6.99572
2378;0.000185183;5.94265;-0.0699572;6.99572
2379;0.000185183;5.94265;-0.0699572;6.99572
2380;0.000185183;5.94265;-0.0699572;6.99572
2381;0.000185183;5.94265;-0.0699572;6.99572
2382;0.000185183;5.94265;-0.0699572;6.99572
2383;0.000185183;5.94265;-0.0699572;6.99572
2384;0.000185183;5.94265;-0.0699572;6.99572
2385;0.000185183;5.94265;-0.0699572;6.99572
2386;0.000185183;5.94265;-0.0699572;6.99572
2387;0.000185183;5.94265;-0.0699572;6.99572
2388;0.000185183;5.94265;-0.0699572;6.99572
2389;0.000185183;5.94265;-0.0699572;6.99572
2390;0.000185183;5.94265;-0.0699572;6.99572
2391;0.000185183;5.94265;-0.0699572;6.99572
2392;0.000185183;5.94265;-0.0699572;6.99572
2393;0.000185183;5.94265;-0.0699572;6.99572
2394;0.000185183;5.94265;-0.0699572;6.99572
2395;0.000185183;5.94265;-0.0699572;6.99572
2396;0.000185183;5.94265;-0.0699572;6.99572
2397;0.000185183;5.94265;-0.0699572;6.99572
2398;0.000185183;5.94265;-0.0699572;6.99572
2399;0.000185183;5.94265;-0.0699572;6.99572
2400;0.000185183;5.94265;-0.0699572;6.99572
2401;0.000185183;5.94265;-0.0699572;6.99572
2402;0.000185183;5.94265;-0.0699572;6.99572
2403;0.000185183;5.94265;-0.0699572;6.99572
2404;0.000185183;5.94265;-0.0699572;6.99572
2405;0.000185183;5.94265;-0.0699572;6.99572
2406;0.000185183;5.94265;-0.0699572;6.99572
2407;0.000185183;5.94265;-0.0699572;6.99572
2408;0.000185183;5.94265;-0.0699572;6.99572
2409;0.000185183;5.94265;-0.0699572;6.99572
2410;0.000185183;5.94265;-0.0699572;6.99572
2411;0.000185183;5.94265;-0.0699572;6.99572
2412;0.000185183;5.94265;-0.0699572;6.99572
2413;0.000185183;5.94265;-0.0699572;6.99572
2414;0.000185183;5.94265;-0.0699572;6.99572
2415;0.000185183;5.94265;-0.0699572;6.99572
2416;0.000185183;5.94265;-0.0699572;6.99572
2417;0.000185183;5.94265;-0.0699572;6.99572
2418;0.000185183;5.94265;-0.0699572;6.99572
2419;0.000185183;5.94265;-0.0699572;6.99572
2420;0.000185183;5.94265;-0.0699572;6.99572
2421;0.000185183;5.94265;-0.0699572;6.99572
2422;0.000185183;5.94265;-0.0699572;6.99572
2423;0.000185183;5.94265;-0.0699572;6.99572
2424;0.000185183;5.94265;-0.0699572;6.99572
2425;0.000185183;5.94265;-0.0699572;6.99572
2426;0.000185183;5.94265;-0.0699572;6.99572
2427;0.000185183;5.94265;-0.0699572;6.99572
2428;0.000185183;5.94265;-0.0699572;6.99572
2429;0.000185183;5.94265;-0.0699572;6.99572
2430;0.000185183;5.94265;-0.0699572;6.99572
2431;0.000185183;5.94265;-0.0699572;6.99572
2432;0.000185183;5.94265;-0.0699572;6.99572
2433;0.000185183;5.94265;-0.0699572;6.99572
2434;0.000185183;5.94265;-0.0699572;6.99572
2435;0.000185183;5.94265;-0.0699572;6.99572
2436;0.000185183;5.94265;-0.0699572;6.99572
2437;0.000185183;5.94265;-0.0699572;6.99572
2438;0.000185183;5.94265;-0.0699572;6.99572
2439;0.000185183;5.94265;-0.0699572;6.99572
2440;0.000185183;5.94265;-0.0699572;6.99572
2441;0.000185183;5.94265;-0.0699572;6.99572
2442;0.000185183;5.94265;-0.0699572;6.99572
2443;0.000185183;5.94265;-0.0699572;6.99572
2444;0.000185183;5.94265;-0.0699572;6.99572
2445;0.000185183;5.94265;-0.0699572;6.99572
2446;0.000185183;5.94265;-0.0699572;6.99572
2447;0.000185183;5.94265;-0.0699572;6.99572
2448;0.000185183;5.94265;-0.0699572;6.99572
2449;0.000185183;5.94265;-0.0699572;6.99572
2450;0.000185183;5.94265;-0.0699572;6.99572
2451;0.000185183;5.94265;-0.0699572;6.99572
2452;0.000185183;5.94265;-0.0699572;6.99572
2453;0.000185183;5.94265;-0.0699572;6.99572
2454;0.000185183;5.94265;-0.0699572;6.99572
2455;0.000185183;5.94265;-0.0699572;6.99572
2456;0.000185183;5.94265;-0.0699572;6.99572
2457;0.000185183;5.94265;-0.0699572;6.99572
2458;0.000185183;5.94265;-0.0699572;6.99572
2459;0.000185183;5.94265;-0.0699572;6.99572
2460;0.000185183;5.94265;-0.0699572;6.99572
2461;0.000185183;5.94265;-0.0699572;6.99572
2462;0.000185183;5.94265;-0.0699572;6.99572
2463;0.000185183;5.94265;-0.0699572;6.99572
2464;0.000185183;5.94265;-0.0699572;6.99572
2465;0.000185183;5.94265;-0.0699572;6.99572
2466;0.000185183;5.94265;-0.0699572;6.99572
2467;0.000185183;5.94265;-0.0699572;6.99572
2468;0.000185183;5.94265;-0.0699572;6.99572
2469;0.000185183;5.94265;-0.0699572;6.99572
2470;0.000185183;5.94265;-0.0699572;6.99572
2471;0.000185183;5.94265;-0.0699572;6.99572
2472;0.000185183;5.94265;-0.0699572;6.99572
2473;0.000185183;5.94265;-0.0699572;6.99572
2474;0.000185183;5.94265;-0.0699572;6.99572
2475;0.000185183;5.94265;-0.0699572;6.99572
2476;0.000185183;5.94265;-0.0699572;6.99572
2477;0.000185183;5.94265;-0.0699572;6.99572
2478;0.000185183;5.94265;-0.0699572;6.99572
2479;0.000185183;5.94265;-0.0699572;6.99572
2480;0.000185183;5.94265;-0.0699572;6.99572
2481;0.000185183;5.94265;-0.0699572;6.99572
2482;0.000185183;5.94265;-0.0699572;6.99572
2483;0.000185183;5.94265;-0.0699572;6.99572
2484;0.000185183;5.94265;-0.0699572;6.99572
2485;0.000185183;5.94265;-0.0699572;6.99572
2486;0.000185183;5.94265;-0.0699572;6.99572
2487;0.000185183;5.94265;-0.0699572;6.99572
2488;0.000185183;5.94265;-0.0699572;6.99572
2489;0.000185183;5.94265;-0.0699572;6.99572
2490;0.000185183;5.94265;-0.0699572;6.99572
2491;0.000185183;5.94265;-0.0699572;6.99572
2492;0.000185183;5.94265;-0.0699572;6.99572
2493;0.000185183;5.94265;-0.0699572;6.99572
2494;0.000185183;5.94265;-0.0699572;6.99572
2495;0.000185183;5.94265;-0.0699572;6.99572
2496;0.000185183;5.94265;-0.0699572;6.99572
2497;0.000185183;5.94265;-0.0699572;6.99572
2498;0.000185183;5.94265;-0.0699572;6.99572
2499;0.000185183;5.94265;-0.0699572;6.99572
2500;0.000185183;5.94265;-0.0699572;6.99572
2501;0.000185183;5.94265;-0.0699572;6.99572
2502;0.000185183;5.94265;-0.0699572;6.99572
2503;0.000185183;5.94265;-0.0699572;6.99572
2504;0.000185183;5.94265;-0.0699572;6.99572
2505;0.000185183;5.94265;-0.0699572;6.99572
2506;0.000185183;5.94265;-0.0699572;6.99572
2507;0.000185183;5.94265;-0.0699572;6.99572
2508;0.000185183;5.94265;-0.0699572;6.99572
2509;0.000185183;5.94265;-0.0699572;6.99572
2510;0.000185183;5.94265;-0.0699572;6.99572
2511;0.000185183;5.94265;-0.0699572;6.99572
2512;0.000185183;5.94265;-0.0699572;6.99572
2513;0.000185183;5.94265;-0.0699572;6.99572
2514;0.000185183;5.94265;-0.0699572;6.99572
2515;0.000185183;5.94265;-0.0699572;6.99572
2516;0.000185183;5.94265;-0.0699572;6.99572
2517;0.000185183;5.94265;-0.0699572;6.99572
2518;0.000185183;5.94265;-0.0699572;6.99572
2519;0.000185183;5.94265;-0.0699572;6.99572
2520;0.000185183;5.94265;-0.0699572;6.99572
2521;0.000185183;5.94265;-0.0699572;6.99572
2522;0.000185183;5.94265;-0.0699572;6.99572
2523;0.000185183;5.94265;-0.0699572;6.99572
2524;0.000185183;5.94265;-0.0699572;6.99572
2525;0.000185183;5.94265;-0.0699572;6.99572
2526;0.000185183;5.94265;-0.0699572;6.99572
2527;0.000185183;5.94265;-0.0699572;6.99572
2528;0.000185183;5.94265;-0.0699572;6.99572
2529;0.000185183;5.94265;-0.0699572;6.99572
2530;0.000185183;5.94265;-0.0699572;6.99572
2531;0.000185183;5.94265;-0.0699572;6.99572
2532;0.000185183;5.94265;-0.0699572;6.99572
2533;0.000185183;5.94265;-0.0699572;6.99572
2534;0.000185183;5.94265;-0.0699572;6.99572
2535;0.000185183;5.94265;-0.0699572;6.99572
2536;0.000185183;5.94265;-0.0699572;6.99572
2537;0.000185183;5.94265;-0.0699572;6.99572
2538;0.000185183;5.94265;-0.0699572;6.99572
2539;0.000185183;5.94265;-0.0699572;6.99572
2540;0.000185183;5.94265;-0.0699572;6.99572
2541;0.000185183;5.94265;-0.0699572;6.99572
2542;0.000185183;5.94265;-0.0699572;6.99572
2543;0.000185183;5.94265;-0.0699572;6.99572
2544;0.000185183;5.94265;-0.0699572;6.99572
2545;0.000185183;5.94265;-0.0699572;6.99572
2546;0.000185183;5.94265;-0.0699572;6.99572
2547;0.000185183;5.94265;-0.0699572;6.99572
2548;0.000185183;5.94265;-0.0699572;6.99572
2549;0.000185183;5.94265;-0.0699572;6.99572
2550;0.000185183;5.94265;-0.0699572;6.99572
2551;0.000185183;5.94265;-0.0699572;6.99572
2552;0.000185183;5.94265;-0.0699572;6.99572
2553;0.000185183;5.94265;-0.0699572;6.99572
2554;0.000185183;5.94265;-0.0699572;6.99572
2555;0.000185183;5.94265;-0.0699572;6.99572
2556;0.000185183;5.94265;-0.0699572;6.99572
2557;0.000185183;5.94265;-0.0699572;6.99572
2558;0.000185183;5.94265;-0.0699572;6.99572
2559;0.000185183;5.94265;-0.0699572;6.99572
2560;0.000185183;5.94265;-0.0699572;6.99572
2561;0.000185183;5.94265;-0.0699572;6.99572
2562;0.000185183;5.94265;-0.0699572;6.99572
2563;0.000185183;5.94265;-0.0699572;6.99572
2564;0.000185183;5.94265;-0.0699572;6.99572
2565;0.000185183;5.94265;-0.0699572;6.99572
2566;0.000185183;5.94265;-0.0699572;6.99572
2567;0.000185183;5.94265;-0.0699572;6.99572
2568;0.000185183;5.94265;-0.0699572;6.99572
2569;0.000185183;5.94265;-0.0699572;6.99572
2570;0.000185183;5.94265;-0.0699572;6.99572
2571;0.000185183;5.94265;-0.0699572;6.99572
2572;0.000185183;5.94265;-0.0699572;6.99572
2573;0.000185183;5.94265;-0.0699572;6.99572
2574;0.000185183;5.94265;-0.0699572;6.99572
2575;0.000185183;5.94265;-0.0699572;6.99572
2576;0.000185183;5.94265;-0.0699572;6.99572
2577;0.000185183;5.94265;-0.0699572;6.99572
2578;0.000185183;5.94265;-0.0699572;6.99572
2579;0.000185183;5.94265;-0.0699572;6.99572
2580;0.000185183;5.94265;-0.0699572;6.99572
2581;0.000185183;5.94265;-0.0699572;6.99572
2582;0.000185183;5.94265;-0.0699572;6.99572
2583;0.000185183;5.94265;-0.0699572;6.99572
2584;0.000185183;5.94265;-0.0699572;6.99572
2585;0.000185183;5.94265;-0.0699572;6.99572
2586;0.000185183;5.94265;-0.0699572;6.99572
2587;0.000185183;5.94265;-0.0699572;6.99572
2588;0.000185183;5.94265;-0.0699572;6.99572
2589;0.000185183;5.94265;-0.0699572;6.99572
2590;0.000185183;5.94265;-0.0699572;6.99572
2591;0.000185183;5.94265;-0.0699572;6.99572
2592;0.000185183;5.94265;-0.0699572;6.99572
2593;0.000185183;5.94265;-0.0699572;6.99572
2594;0.000185183;5.94265;-0.0699572;6.99572
2595;0.000185183;5.94265;-0.0699572;6.99572
2596;0.000185183;5.94265;-0.0699572;6.99572
2597;0.000185183;5.94265;-0.0699572;6.99572
2598;0.000185183;5.94265;-0.0699572;6.99572
2599;0.000185183;5.94265;-0.0699572;6.99572
2600;0.000185183;5.94265;-0.0699572;6.99572
2601;0.000185183;5.94265;-0.0699572;6.99572
2602;0.000185183;5.94265;-0.0699572;6.99572
2603;0.000185183;5.94265;-0.0699572;6.99572
2604;0.000185183;5.94265;-0.0699572;6.99572
2605;0.000185183;5.94265;-0.0699572;6.99572
2606;0.000185183;5.94265;-0.0699572;6.99572
2607;0.000185183;5.94265;-0.0699572;6.99572
2608;0.000185183;5.94265;-0.0699572;6.99572
2609;0.000185183;5.94265;-0.0699572;6.99572
2610;0.000185183;5.94265;-0.0699572;6.99572
2611;0.000185183;5.94265;-0.0699572;6.99572
2612;0.000185183;5.94265;-0.0699572;6.99572
2613;0.000185183;5.94265;-0.0699572;6.99572
2614;0.000185183;5.94265;-0.0699572;6.99572
2615;0.000185183;5.94265;-0.0699572;6.99572
2616;0.000185183;5.94265;-0.0699572;6.99572
2617;0.000185183;5.94265;-0.0699572;6.99572
2618;0.000185183;5.94265;-0.0699572;6.99572
2619;0.000185183;5.94265;-0.0699572;6.99572
2620;0.000185183;5.94265;-0.0699572;6.99572
2621;0.000185183;5.94265;-0.0699572;6.99572
2622;0.000185183;5.94265;-0.0699572;6.99572
2623;0.000185183;5.94265;-0.0699572;6.99572
2624;0.000185183;5.94265;-0.0699572;6.99572
2625;0.000185183;5.94265;-0.0699572;6.99572
2626;0.000185183;5.94265;-0.0699572;6.99572
2627;0.000185183;5.94265;-0.0699572;6.99572
2628;0.000185183;5.94265;-0.0699572;6.99572
2629;0.000185183;5.94265;-0.0699572;6.99572
2630;0.000185183;5.94265;-0.0699572;6.99572
2631;0.000185183;5.94265;-0.0699572;6.99572
2632;0.000185183;5.94265;-0.0699572;6.99572
2633;0.000185183;5.94265;-0.0699572;6.99572
2634;0.000185183;5.94265;-0.0699572;6.99572
2635;0.000185183;5.94265;-0.0699572;6.99572
2636;0.000185183;5.94265;-0.0699572;6.99572
2637;0.000185183;5.94265;-0.0699572;6.99572
2638;0.000185183;5.94265;-0.0699572;6.99572
2639;0.000185183;5.94265;-0.0699572;6.99572
2640;0.000185183;5.94265;-0.0699572;6.99572
2641;0.000185183;5.94265;-0.0699572;6.99572
2642;0.000185183;5.94265;-0.0699572;6.99572
2643;0.000185183;5.94265;-0.0699572;6.99572
2644;0.000185183;5.94265;-0.0699572;6.99572
2645;0.000185183;5.94265;-0.0699572;6.99572
2646;0.000185183;5.94265;-0.0699572;6.99572
2647;0.000185183;5.94265;-0.0699572;6.99572
2648;0.000185183;5.94265;-0.0699572;6.99572
2649;0.000185183;5.94265;-0.0699572;6.99572
2650;0.000185183;5.94265;-0.0699572;6.99572
2651;0.000185183;5.94265;-0.0699572;6.99572
2652;0.000185183;5.94265;-0.0699572;6.99572
2653;0.000185183;5.94265;-0.0699572;6.99572
2654;0.000185183;5.94265;-0.0699572;6.99572
2655;0.000185183;5.94265;-0.0699572;6.99572
2656;0.000185183;5.94265;-0.0699572;6.99572
2657;0.000185183;5.94265;-0.0699572;6.99572
2658;0.000185183;5.94265;-0.0699572;6.99572
2659;0.000185183;5.94265;-0.0699572;6.99572
2660;0.000185183;5.94265;-0.0699572;6.99572
2661;0.000185183;5.94265;-0.0699572;6.99572
2662;0.000185183;5.94265;-0.0699572;6.99572
2663;0.000185183;5.94265;-0.0699572;6.99572
2664;0.000185183;5.94265;-0.0699572;6.99572
2665;0.000185183;5.94265;-0.0699572;6.99572
2666;0.000185183;5.94265;-0.0699572;6.99572
2667;0.000185183;5.94265;-0.0699572;6.99572
2668;0.000185183;5.94265;-0.0699572;6.99572
2669;0.000185183;5.94265;-0.0699572;6.99572
2670;0.000185183;5.94265;-0.0699572;6.99572
2671;0.000185183;5.94265;-0.0699572;6.99572
2672;0.000185183;5.94265;-0.0699572;6.99572
2673;0.000185183;5.94265;-0.0699572;6.99572
2674;0.000185183;5.94265;-0.0699572;6.99572
2675;0.000185183;5.94265;-0.0699572;6.99572
2676;0.000185183;5.94265;-0.0699572;6.99572
2677;0.000185183;5.94265;-0.0699572;6.99572
2678;0.000185183;5.94265;-0.0699572;6.99572
2679;0.000185183;5.94265;-0.0699572;6.99572
2680;0.000185183;5.94265;-0.0699572;6.99572
2681;0.000185183;5.94265;-0.0699572;6.99572
2682;0.000185183;5.94265;-0.0699572;6.99572
2683;0.000185183;5.94265;-0.0699572;6.99572
2684;0.000185183;5.94265;-0.0699572;6.99572
2685;0.000185183;5.94265;-0.0699572;6.99572
2686;0.000185183;5.94265;-0.0699572;6.99572
2687;0.000185183;5.94265;-0.0699572;6.99572
2688;0.000185183;5.94265;-0.0699572;6.99572
2689;0.000185183;5.94265;-0.0699572;6.99572
2690;0.000185183;5.94265;-0.0699572;6.99572
2691;0.000185183;5.94265;-0.0699572;6.99572
2692;0.000185183;5.94265;-0.0699572;6.99572
2693;0.000185183;5.94265;-0.0699572;6.99572
2694;0.000185183;5.94265;-0.0699572;6.99572
2695;0.000185183;5.94265;-0.0699572;6.99572
2696;0.000185183;5.94265;-0.0699572;6.99572
2697;0.000185183;5.94265;-0.0699572;6.99572
2698;0.000185183;5.94265;-0.0699572;6.99572
2699;0.000185183;5.94265;-0.0699572;6.99572
2700;0.000185183;5.94265;-0.0699572;6.99572
2701;0.000185183;5.94265;-0.0699572;6.99572
2702;0.000185183;5.94265;-0.0699572;6.99572
2703;0.000185183;5.94265;-0.0699572;6.99572
2704;0.000185183;5.94265;-0.0699572;6.99572
2705;0.000185183;5.94265;-0.0699572;6.99572
2706;0.000185183;5.94265;-0.0699572;6.99572
2707;0.000185183;5.94265;-0.0699572;6.99572
2708;0.000185183;5.94265;-0.0699572;6.99572
2709;0.000185183;5.94265;-0.0699572;6.99572
2710;0.000185183;5.94265;-0.0699572;6.99572
2711;0.000185183;5.94265;-0.0699572;6.99572
2712;0.000185183;5.94265;-0.0699572;6.99572
2713;0.000185183;5.94265;-0.0699572;6.99572
2714;0.000185183;5.94265;-0.0699572;6.99572
2715;0.000185183;5.94265;-0.0699572;6.99572
2716;0.000185183;5.94265;-0.0699572;6.99572
2717;0.000185183;5.94265;-0.0699572;6.99572
2718;0.000185183;5.94265;-0.0699572;6.99572
2719;0.000185183;5.94265;-0.0699572;6.99572
2720;0.000185183;5.94265;-0.0699572;6.99572
2721;0.000185183;5.94265;-0.0699572;6.99572
2722;0.000185183;5.94265;-0.0699572;6.99572
2723;0.000185183;5.94265;-0.0699572;6.99572
2724;0.000185183;5.94265;-0.0699572;6.99572
2725;0.000185183;5.94265;-0.0699572;6.99572
2726;0.000185183;5.94265;-0.0699572;6.99572
2727;0.000185183;5.94265;-0.0699572;6.99572
2728;0.000185183;5.94265;-0.0699572;6.99572
2729;0.000185183;5.94265;-0.0699572;6.99572
2730;0.000185183;5.94265;-0.0699572;6.99572
2731;0.000185183;5.94265;-0.0699572;6.99572
2732;0.000185183;5.94265;-0.0699572;6.99572
2733;0.000185183;5.94265;-0.0699572;6.99572
2734;0.000185183;5.94265;-0.0699572;6.99572
2735;0.000185183;5.94265;-0.0699572;6.99572
2736;0.000185183;5.94265;-0.0699572;6.99572
2737;0.000185183;5.94265;-0.0699572;6.99572
2738;0.000185183;5.94265;-0.0699572;6.99572
2739;0.000185183;5.94265;-0.0699572;6.99572
2740;0.000185183;5.94265;-0.0699572;6.99572
2741;0.000185183;5.94265;-0.0699572;6.99572
2742;0.000185183;5.94265;-0.0699572;6.99572
2743;0.000185183;5.94265;-0.0699572;6.99572
2744;0.000185183;5.94265;-0.0699572;6.99572
2745;0.000185183;5.94265;-0.0699572;6.99572
2746;0.000185183;5.94265;-0.0699572;6.99572
2747;0.000185183;5.94265;-0.0699572;6.99572
2748;0.000185183;5.94265;-0.0699572;6.99572
2749;0.000185183;5.94265;-0.0699572;6.99572
2750;0.000185183;5.94265;-0.0699572;6.99572
2751;0.000185183;5.94265;-0.0699572;6.99572
2752;0.000185183;5.94265;-0.0699572;6.99572
2753;0.000185183;5.94265;-0.0699572;6.99572
2754;0.000185183;5.94265;-0.0699572;6.99572
2755;0.000185183;5.94265;-0.0699572;6.99572
2756;0.000185183;5.94265;-0.0699572;6.99572
2757;0.000185183;5.94265;-0.0699572;6.99572
2758;0.000185183;5.94265;-0.0699572;6.99572
2759;0.000185183;5.94265;-0.0699572;6.99572
2760;0.000185183;5.94265;-0.0699572;6.99572
2761;0.000185183;5.94265;-0.0699572;6.99572
2762;0.000185183;5.94265;-0.0699572;6.99572
2763;0.000185183;5.94265;-0.0699572;6.99572
2764;0.000185183;5.94265;-0.0699572;6.99572
2765;0.000185183;5.94265;-0.0699572;6.99572
2766;0.000185183;5.94265;-0.0699572;6.99572
2767;0.000185183;5.94265;-0.0699572;6.99572
2768;0.000185183;5.94265;-0.0699572;6.99572
2769;0.000185183;5.94265;-0.0699572;6.99572
2770;0.000185183;5.94265;-0.0699572;6.99572
2771;0.000185183;5.94265;-0.0699572;6.99572
2772;0.000185183;5.94265;-0.0699572;6.99572
2773;0.000185183;5.94265;-0.0699572;6.99572
2774;0.000185183;5.94265;-0.0699572;6.99572
2775;0.000185183;5.94265;-0.0699572;6.99572
2776;0.000185183;5.94265;-0.0699572;6.99572
2777;0.000185183;5.94265;-0.0699572;6.99572
2778;0.000185183;5.94265;-0.0699572;6.99572
2779;0.000185183;5.94265;-0.0699572;6.99572
2780;0.000185183;5.94265;-0.0699572;6.99572
2781;0.000185183;5.94265;-0.0699572;6.99572
2782;0.000185183;5.94265;-0.0699572;6.99572
2783;0.000185183;5.94265;-0.0699572;6.99572
2784;0.000185183;5.94265;-0.0699572;6.99572
2785;0.000185183;5.94265;-0.0699572;6.99572
2786;0.000185183;5.94265;-0.0699572;6.99572
2787;0.000185183;5.94265;-0.0699572;6.99572
2788;0.000185183;5.94265;-0.0699572;6.99572
2789;0.000185183;5.94265;-0.0699572;6.99572
2790;0.000185183;5.94265;-0.0699572;6.99572
2791;0.000185183;5.94265;-0.0699572;6.99572
2792;0.000185183;5.94265;-0.0699572;6.99572
2793;0.000185183;5.94265;-0.0699572;6.99572
2794;0.000185183;5.94265;-0.0699572;6.99572
2795;0.000185183;5.94265;-0.0699572;6.99572
2796;0.000185183;5.94265;-0.0699572;6.99572
2797;0.000185183;5.94265;-0.0699572;6.99572
2798;0.000185183;5.94265;-0.0699572;6.99572
2799;0.000185183;5.94265;-0.0699572;6.99572
2800;0.000185183;5.94265;-0.0699572;6.99572
2801;0.000185183;5.94265;-0.0699572;6.99572
2802;0.000185183;5.94265;-0.0699572;6.99572
2803;0.000185183;5.94265;-0.0699572;6.99572
2804;0.000185183;5.94265;-0.0699572;6.99572
2805;0.000185183;5.94265;-0.0699572;6.99572
2806;0.000185183;5.94265;-0.0699572;6.99572
2807;0.000185183;5.94265;-0.0699572;6.99572
2808;0.000185183;5.94265;-0.0699572;6.99572
2809;0.000185183;5.94265;-0.0699572;6.99572
2810;0.000185183;5.94265;-0.0699572;6.99572
2811;0.000185183;5.94265;-0.0699572;6.99572
2812;0.000185183;5.94265;-0.0699572;6.99572
2813;0.000185183;5.94265;-0.0699572;6.99572
2814;0.000185183;5.94265;-0.0699572;6.99572
2815;0.000185183;5.94265;-0.0699572;6.99572
2816;0.000185183;5.94265;-0.0699572;6.99572
2817;0.000185183;5.94265;-0.0699572;6.99572
2818;0.000185183;5.94265;-0.0699572;6.99572
2819;0.000185183;5.94265;-0.0699572;6.99572
2820;0.000185183;5.94265;-0.0699572;6.99572
2821;0.000185183;5.94265;-0.0699572;6.99572
2822;0.000185183;5.94265;-0.0699572;6.99572
2823;0.000185183;5.94265;-0.0699572;6.99572
2824;0.000185183;5.94265;-0.0699572;6.99572
2825;0.000185183;5.94265;-0.0699572;6.99572
2826;0.000185183;5.94265;-0.0699572;6.99572
2827;0.000185183;5.94265;-0.0699572;6.99572
2828;0.000185183;5.94265;-0.0699572;6.99572
2829;0.000185183;5.94265;-0.0699572;6.99572
2830;0.000185183;5.94265;-0.0699572;6.99572
2831;0.000185183;5.94265;-0.0699572;6.99572
2832;0.000185183;5.94265;-0.0699572;6.99572
2833;0.000185183;5.94265;-0.0699572;6.99572
2834;0.000185183;5.94265;-0.0699572;6.99572
2835;0.000185183;5.94265;-0.0699572;6.99572
2836;0.000185183;5.94265;-0.0699572;6.99572
2837;0.000185183;5.94265;-0.0699572;6.99572
2838;0.000185183;5.94265;-0.0699572;6.99572
2839;0.000185183;5.94265;-0.0699572;6.99572
2840;0.000185183;5.94265;-0.0699572;6.99572
2841;0.000185183;5.94265;-0.0699572;6.99572
2842;0.000185183;5.94265;-0.0699572;6.99572
2843;0.000185183;5.94265;-0.0699572;6.99572
2844;0.000185183;5.94265;-0.0699572;6.99572
2845;0.000185183;5.94265;-0.0699572;6.99572
2846;0.000185183;5.94265;-0.0699572;6.99572
2847;0.000185183;5.94265;-0.0699572;6.99572
2848;0.000185183;5.94265;-0.0699572;6.99572
2849;0.000185183;5.94265;-0.0699572;6.99572
2850;0.000185183;5.94265;-0.0699572;6.99572
2851;0.000185183;5.94265;-0.0699572;6.99572
2852;0.000185183;5.94265;-0.0699572;6.99572
2853;0.000185183;5.94265;-0.0699572;6.99572
2854;0.000185183;5.94265;-0.0699572;6.99572
2855;0.000185183;5.94265;-0.0699572;6.99572
2856;0.000185183;5.94265;-0.0699572;6.99572
2857;0.000185183;5.94265;-0.0699572;6.99572
2858;0.000185183;5.94265;-0.0699572;6.99572
2859;0.000185183;5.94265;-0.0699572;6.99572
2860;0.000185183;5.94265;-0.0699572;6.99572
2861;0.000185183;5.94265;-0.0699572;6.99572
2862;0.000185183;5.94265;-0.0699572;6.99572
2863;0.000185183;5.94265;-0.0699572;6.99572
2864;0.000185183;5.94265;-0.0699572;6.99572
2865;0.000185183;5.94265;-0.0699572;6.99572
2866;0.000185183;5.94265;-0.0699572;6.99572
2867;0.000185183;5.94265;-0.0699572;6.99572
2868;0.000185183;5.94265;-0.0699572;6.99572
2869;0.000185183;5.94265;-0.0699572;6.99572
2870;0.000185183;5.94265;-0.0699572;6.99572
2871;0.000185183;5.94265;-0.0699572;6.99572
2872;0.000185183;5.94265;-0.0699572;6.99572
2873;0.000185183;5.94265;-0.0699572;6.99572
2874;0.000185183;5.94265;-0.0699572;6.99572
2875;0.000185183;5.94265;-0.0699572;6.99572
2876;0.000185183;5.94265;-0.0699572;6.99572
2877;0.000185183;5.94265;-0.0699572;6.99572
2878;0.000185183;5.94265;-0.0699572;6.99572
2879;0.000185183;5.94265;-0.0699572;6.99572
2880;0.000185183;5.94265;-0.0699572;6.99572
2881;0.000185183;5.94265;-0.0699572;6.99572
2882;0.000185183;5.94265;-0.0699572;6.99572
2883;0.000185183;5.94265;-0.0699572;6.99572
2884;0.000185183;5.94265;-0.0699572;6.99572
2885;0.000185183;5.94265;-0.0699572;6.99572
2886;0.000185183;5.94265;-0.0699572;6.99572
2887;0.000185183;5.94265;-0.0699572;6.99572
2888;0.000185183;5.94265;-0.0699572;6.99572
2889;0.000185183;5.94265;-0.0699572;6.99572
2890;0.000185183;5.94265;-0.0699572;6.99572
2891;0.000185183;5.94265;-0.0699572;6.99572
2892;0.000185183;5.94265;-0.0699572;6.99572
2893;0.000185183;5.94265;-0.0699572;6.99572
2894;0.000185183;5.94265;-0.0699572;6.99572
2895;0.000185183;5.94265;-0.0699572;6.99572
2896;0.000185183;5.94265;-0.0699572;6.99572
2897;0.000185183;5.94265;-0.0699572;6.99572
2898;0.000185183;5.94265;-0.0699572;6.99572
2899;0.000185183;5.94265;-0.0699572;6.99572
2900;0.000185183;5.94265;-0.0699572;6.99572
2901;0.000185183;5.94265;-0.0699572;6.99572
2902;0.000185183;5.94265;-0.0699572;6.99572
2903;0.000185183;5.94265;-0.0699572;6.99572
2904;0.000185183;5.94265;-0.0699572;6.99572
2905;0.000185183;5.94265;-0.0699572;6.99572
2906;0.000185183;5.94265;-0.0699572;6.99572
2907;0.000185183;5.94265;-0.0699572;6.99572
2908;0.000185183;5.94265;-0.0699572;6.99572
2909;0.000185183;5.94265;-0.0699572;6.99572
2910;0.000185183;5.94265;-0.0699572;6.99572
2911;0.000185183;5.94265;-0.0699572;6.99572
2912;0.000185183;5.94265;-0.0699572;6.99572
2913;0.000185183;5.94265;-0.0699572;6.99572
2914;0.000185183;5.94265;-0.0699572;6.99572
2915;0.000185183;5.94265;-0.0699572;6.99572
2916;0.000185183;5.94265;-0.0699572;6.99572
2917;0.000185183;5.94265;-0.0699572;6.99572
2918;0.000185183;5.94265;-0.0699572;6.99572
2919;0.000185183;5.94265;-0.0699572;6.99572
2920;0.000185183;5.94265;-0.0699572;6.99572
2921;0.000185183;5.94265;-0.0699572;6.99572
2922;0.000185183;5.94265;-0.0699572;6.99572
2923;0.000185183;5.94265;-0.0699572;6.99572
2924;0.000185183;5.94265;-0.0699572;6.99572
2925;0.000185183;5.94265;-0.0699572;6.99572
2926;0.000185183;5.94265;-0.0699572;6.99572
2927;0.000185183;5.94265;-0.0699572;6.99572
2928;0.000185183;5.94265;-0.0699572;6.99572
2929;0.000185183;5.94265;-0.0699572;6.99572
2930;0.000185183;5.94265;-0.0699572;6.99572
2931;0.000185183;5.94265;-0.0699572;6.99572
2932;0.000185183;5.94265;-0.0699572;6.99572
2933;0.000185183;5.94265;-0.0699572;6.99572
2934;0.000185183;5.94265;-0.0699572;6.99572
2935;0.000185183;5.94265;-0.0699572;6.99572
2936;0.000185183;5.94265;-0.0699572;6.99572
2937;0.000185183;5.94265;-0.0699572;6.99572
2938;0.000185183;5.94265;-0.0699572;6.99572
2939;0.000185183;5.94265;-0.0699572;6.99572
2940;0.000185183;5.94265;-0.0699572;6.99572
2941;0.000185183;5.94265;-0.0699572;6.99572
2942;0.000185183;5.94265;-0.0699572;6.99572
2943;0.000185183;5.94265;-0.0699572;6.99572
2944;0.000185183;5.94265;-0.0699572;6.99572
2945;0.000185183;5.94265;-0.0699572;6.99572
2946;0.000185183;5.94265;-0.0699572;6.99572
2947;0.000185183;5.94265;-0.0699572;6.99572
2948;0.000185183;5.94265;-0.0699572;6.99572
2949;0.000185183;5.94265;-0.0699572;6.99572
2950;0.000185183;5.94265;-0.0699572;6.99572
2951;0.000185183;5.94265;-0.0699572;6.99572
2952;0.000185183;5.94265;-0.0699572;6.99572
2953;0.000185183;5.94265;-0.0699572;6.99572
2954;0.000185183;5.94265;-0.0699572;6.99572
2955;0.000185183;5.94265;-0.0699572;6.99572
2956;0.000185183;5.94265;-0.0699572;6.99572
2957;0.000185183;5.94265;-0.0699572;6.99572
2958;0.000185183;5.94265;-0.0699572;6.99572
2959;0.000185183;5.94265;-0.0699572;6.99572
2960;0.000185183;5.94265;-0.0699572;6.99572
2961;0.000185183;5.94265;-0.0699572;6.99572
2962;0.000185183;5.94265;-0.0699572;6.99572
2963;0.000185183;5.94265;-0.0699572;6.99572
2964;0.000185183;5.94265;-0.0699572;6.99572
2965;0.000185183;5.94265;-0.0699572;6.99572
2966;0.000185183;5.94265;-0.0699572;6.99572
2967;0.000185183;5.94265;-0.0699572;6.99572
2968;0.000185183;5.94265;-0.0699572;6.99572
2969;0.000185183;5.94265;-0.0699572;6.99572
2970;0.000185183;5.94265;-0.0699572;6.99572
2971;0.000185183;5.94265;-0.0699572;6.99572
2972;0.000185183;5.94265;-0.0699572;6.99572
2973;0.000185183;5.94265;-0.0699572;6.99572
2974;0.000185183;5.94265;-0.0699572;6.99572
2975;0.000185183;5.94265;-0.0699572;6.99572
2976;0.000185183;5.94265;-0.0699572;6.99572
2977;0.000185183;5.94265;-0.0699572;6.99572
2978;0.000185183;5.94265;-0.0699572;6.99572
2979;0.000185183;5.94265;-0.0699572;6.99572
2980;0.000185183;5.94265;-0.0699572;6.99572
2981;0.000185183;5.94265;-0.0699572;6.99572
2982;0.000185183;5.94265;-0.0699572;6.99572
2983;0.000185183;5.94265;-0.0699572;6.99572
2984;0.000185183;5.94265;-0.0699572;6.99572
2985;0.000185183;5.94265;-0.0699572;6.99572
2986;0.000185183;5.94265;-0.0699572;6.99572
2987;0.000185183;5.94265;-0.0699572;6.99572
2988;0.000185183;5.94265;-0.0699572;6.99572
2989;0.000185183;5.94265;-0.0699572;6.99572
2990;0.000185183;5.94265;-0.0699572;6.99572
2991;0.000185183;5.94265;-0.0699572;6.99572
2992;0.000185183;5.94265;-0.0699572;6.99572
2993;0.000185183;5.94265;-0.0699572;6.99572
2994;0.000185183;5.94265;-0.0699572;6.99572
2995;0.000185183;5.94265;-0.0699572;6.99572
2996;0.000185183;5.94265;-0.0699572;6.99572
2997;0.000185183;5.94265;-0.0699572;6.99572
2998;0.000185183;5.94265;-0.0699572;6.99572
2999;0.000185183;5.94265;-0.0699572;6.99572
3000;0.000185183;5.94265;-0.0699572;6.99572
3001;0.000185183;5.94265;-0.0699572;6.99572
3002;0.000185183;5.94265;-0.0699572;6.99572
3003;0.000185183;5.94265;-0.0699572;6.99572
3004;0.000185183;5.94265;-0.0699572;6.99572
3005;0.000185183;5.94265;-0.0699572;6.99572
3006;0.000185183;5.94265;-0.0699572;6.99572
3007;0.000185183;5.94265;-0.0699572;6.99572
3008;0.000185183;5.94265;-0.0699572;6.99572
3009;0.000185183;5.94265;-0.0699572;6.99572
3010;0.000185183;5.94265;-0.0699572;6.99572
3011;0.000185183;5.94265;-0.0699572;6.99572
3012;0.000185183;5.94265;-0.0699572;6.99572
3013;0.000185183;5.94265;-0.0699572;6.99572
3014;0.000185183;5.94265;-0.0699572;6.99572
3015;0.000185183;5.94265;-0.0699572;6.99572
3016;0.000185183;5.94265;-0.0699572;6.99572
3017;0.000185183;5.94265;-0.0699572;6.99572
3018;0.000185183;5.94265;-0.0699572;6.99572
3019;0.000185183;5.94265;-0.0699572;6.99572
3020;0.000185183;5.94265;-0.0699572;6.99572
3021;0.000185183;5.94265;-0.0699572;6.99572
3022;0.000185183;5.94265;-0.0699572;6.99572
3023;0.000185183;5.94265;-0.0699572;6.99572
3024;0.000185183;5.94265;-0.0699572;6.99572
3025;0.000185183;5.94265;-0.0699572;6.99572
3026;0.000185183;5.94265;-0.0699572;6.99572
3027;0.000185183;5.94265;-0.0699572;6.99572
3028;0.000185183;5.94265;-0.0699572;6.99572
3029;0.000185183;5.94265;-0.0699572;6.99572
3030;0.000185183;5.94265;-0.0699572;6.99572
3031;0.000185183;5.94265;-0.0699572;6.99572
3032;0.000185183;5.94265;-0.0699572;6.99572
3033;0.000185183;5.94265;-0.0699572;6.99572
3034;0.000185183;5.94265;-0.0699572;6.99572
3035;0.000185183;5.94265;-0.0699572;6.99572
3036;0.000185183;5.94265;-0.0699572;6.99572
3037;0.000185183;5.94265;-0.0699572;6.99572
3038;0.000185183;5.94265;-0.0699572;6.99572
3039;0.000185183;5.94265;-0.0699572;6.99572
3040;0.000185183;5.94265;-0.0699572;6.99572
3041;0.000185183;5.94265;-0.0699572;6.99572
3042;0.000185183;5.94265;-0.0699572;6.99572
3043;0.000185183;5.94265;-0.0699572;6.99572
3044;0.000185183;5.94265;-0.0699572;6.99572
3045;0.000185183;5.94265;-0.0699572;6.99572
3046;0.000185183;5.94265;-0.0699572;6.99572
3047;0.000185183;5.94265;-0.0699572;6.99572
3048;0.000185183;5.94265;-0.0699572;6.99572
3049;0.000185183;5.94265;-0.0699572;6.99572
3050;0.000185183;5.94265;-0.0699572;6.99572
3051;0.000185183;5.94265;-0.0699572;6.99572
3052;0.000185183;5.94265;-0.0699572;6.99572
3053;0.000185183;5.94265;-0.0699572;6.99572
3054;0.000185183;5.94265;-0.0699572;6.99572
3055;0.000185183;5.94265;-0.0699572;6.99572
3056;0.000185183;5.94265;-0.0699572;6.99572
3057;0.000185183;5.94265;-0.0699572;6.99572
3058;0.000185183;5.94265;-0.0699572;6.99572
3059;0.000185183;5.94265;-0.0699572;6.99572
3060;0.000185183;5.94265;-0.0699572;6.99572
3061;0.000185183;5.94265;-0.0699572;6.99572
3062;0.000185183;5.94265;-0.0699572;6.99572
3063;0.000185183;5.94265;-0.0699572;6.99572
3064;0.000185183;5.94265;-0.0699572;6.99572
3065;0.000185183;5.94265;-0.0699572;6.99572
3066;0.000185183;5.94265;-0.0699572;6.99572
3067;0.000185183;5.94265;-0.0699572;6.99572
3068;0.000185183;5.94265;-0.0699572;6.99572
3069;0.000185183;5.94265;-0.0699572;6.99572
3070;0.000185183;5.94265;-0.0699572;6.99572
3071;0.000185183;5.94265;-0.0699572;6.99572
3072;0.000185183;5.94265;-0.0699572;6.99572
3073;0.000185183;5.94265;-0.0699572;6.99572
3074;0.000185183;5.94265;-0.0699572;6.99572
3075;0.000185183;5.94265;-0.0699572;6.99572
3076;0.000185183;5.94265;-0.0699572;6.99572
3077;0.000185183;5.94265;-0.0699572;6.99572
3078;0.000185183;5.94265;-0.0699572;6.99572
3079;0.000185183;5.94265;-0.0699572;6.99572
3080;0.000185183;5.94265;-0.0699572;6.99572
3081;0.000185183;5.94265;-0.0699572;6.99572
3082;0.000185183;5.94265;-0.0699572;6.99572
3083;0.000185183;5.94265;-0.0699572;6.99572
3084;0.000185183;5.94265;-0.0699572;6.99572
3085;0.000185183;5.94265;-0.0699572;6.99572
3086;0.000185183;5.94265;-0.0699572;6.99572
3087;0.000185183;5.94265;-0.0699572;6.99572
3088;0.000185183;5.94265;-0.0699572;6.99572
3089;0.000185183;5.94265;-0.0699572;6.99572
3090;0.000185183;5.94265;-0.0699572;6.99572
3091;0.000185183;5.94265;-0.0699572;6.99572
3092;0.000185183;5.94265;-0.0699572;6.99572
3093;0.000185183;5.94265;-0.0699572;6.99572
3094;0.000185183;5.94265;-0.0699572;6.99572
3095;0.000185183;5.94265;-0.0699572;6.99572
3096;0.000185183;5.94265;-0.0699572;6.99572
3097;0.000185183;5.94265;-0.0699572;6.99572
3098;0.000185183;5.94265;-0.0699572;6.99572
3099;0.000185183;5.94265;-0.0699572;6.99572
3100;0.000185183;5.94265;-0.0699572;6.99572
3101;0.000185183;5.94265;-0.0699572;6.99572
3102;0.000185183;5.94265;-0.0699572;6.99572
3103;0.000185183;5.94265;-0.0699572;6.99572
3104;0.000185183;5.94265;-0.0699572;6.99572
3105;0.000185183;5.94265;-0.0699572;6.99572
3106;0.000185183;5.94265;-0.0699572;6.99572
3107;0.000185183;5.94265;-0.0699572;6.99572
3108;0.000185183;5.94265;-0.0699572;6.99572
3109;0.000185183;5.94265;-0.0699572;6.99572
3110;0.000185183;5.94265;-0.0699572;6.99572
3111;0.000185183;5.94265;-0.0699572;6.99572
3112;0.000185183;5.94265;-0.0699572;6.99572
3113;0.000185183;5.94265;-0.0699572;6.99572
3114;0.000185183;5.94265;-0.0699572;6.99572
3115;0.000185183;5.94265;-0.0699572;6.99572
3116;0.000185183;5.94265;-0.0699572;6.99572
3117;0.000185183;5.94265;-0.0699572;6.99572
3118;0.000185183;5.94265;-0.0699572;6.99572
3119;0.000185183;5.94265;-0.0699572;6.99572
3120;0.000185183;5.94265;-0.0699572;6.99572
3121;0.000185183;5.94265;-0.0699572;6.99572
3122;0.000185183;5.94265;-0.0699572;6.99572
3123;0.000185183;5.94265;-0.0699572;6.99572
3124;0.000185183;5.94265;-0.0699572;6.99572
3125;0.000185183;5.94265;-0.0699572;6.99572
3126;0.000185183;5.94265;-0.0699572;6.99572
3127;0.000185183;5.94265;-0.0699572;6.99572
3128;0.000185183;5.94265;-0.0699572;6.99572
3129;0.000185183;5.94265;-0.0699572;6.99572
3130;0.000185183;5.94265;-0.0699572;6.99572
3131;0.000185183;5.94265;-0.0699572;6.99572
3132;0.000185183;5.94265;-0.0699572;6.99572
3133;0.000185183;5.94265;-0.0699572;6.99572
3134;0.000185183;5.94265;-0.0699572;6.99572
3135;0.000185183;5.94265;-0.0699572;6.99572
3136;0.000185183;5.94265;-0.0699572;6.99572
3137;0.000185183;5.94265;-0.0699572;6.99572
3138;0.000185183;5.94265;-0.0699572;6.99572
3139;0.000185183;5.94265;-0.0699572;6.99572
3140;0.000185183;5.94265;-0.0699572;6.99572
3141;0.000185183;5.94265;-0.0699572;6.99572
3142;0.000185183;5.94265;-0.0699572;6.99572
3143;0.000185183;5.94265;-0.0699572;6.99572
3144;0.000185183;5.94265;-0.0699572;6.99572
3145;0.000185183;5.94265;-0.0699572;6.99572
3146;0.000185183;5.94265;-0.0699572;6.99572
3147;0.000185183;5.94265;-0.0699572;6.99572
3148;0.000185183;5.94265;-0.0699572;6.99572
3149;0.000185183;5.94265;-0.0699572;6.99572
3150;0.000185183;5.94265;-0.0699572;6.99572
3151;0.000185183;5.94265;-0.0699572;6.99572
3152;0.000185183;5.94265;-0.0699572;6.99572
3153;0.000185183;5.94265;-0.0699572;6.99572
3154;0.000185183;5.94265;-0.0699572;6.99572
3155;0.000185183;5.94265;-0.0699572;6.99572
3156;0.000185183;5.94265;-0.0699572;6.99572
3157;0.000185183;5.94265;-0.0699572;6.99572
3158;0.000185183;5.94265;-0.0699572;6.99572
3159;0.000185183;5.94265;-0.0699572;6.99572
3160;0.000185183;5.94265;-0.0699572;6.99572
3161;0.000185183;5.94265;-0.0699572;6.99572
3162;0.000185183;5.94265;-0.0699572;6.99572
3163;0.000185183;5.94265;-0.0699572;6.99572
3164;0.000185183;5.94265;-0.0699572;6.99572
3165;0.000185183;5.94265;-0.0699572;6.99572
3166;0.000185183;5.94265;-0.0699572;6.99572
3167;0.000185183;5.94265;-0.0699572;6.99572
3168;0.000185183;5.94265;-0.0699572;6.99572
3169;0.000185183;5.94265;-0.0699572;6.99572
3170;0.000185183;5.94265;-0.0699572;6.99572
3171;0.000185183;5.94265;-0.0699572;6.99572
3172;0.000185183;5.94265;-0.0699572;6.99572
3173;0.000185183;5.94265;-0.0699572;6.99572
3174;0.000185183;5.94265;-0.0699572;6.99572
3175;0.000185183;5.94265;-0.0699572;6.99572
3176;0.000185183;5.94265;-0.0699572;6.99572
3177;0.000185183;5.94265;-0.0699572;6.99572
3178;0.000185183;5.94265;-0.0699572;6.99572
3179;0.000185183;5.94265;-0.0699572;6.99572
3180;0.000185183;5.94265;-0.0699572;6.99572
3181;0.000185183;5.94265;-0.0699572;6.99572
3182;0.000185183;5.94265;-0.0699572;6.99572
3183;0.000185183;5.94265;-0.0699572;6.99572
3184;0.000185183;5.94265;-0.0699572;6.99572
3185;0.000185183;5.94265;-0.0699572;6.99572
3186;0.000185183;5.94265;-0.0699572;6.99572
3187;0.000185183;5.94265;-0.0699572;6.99572
3188;0.000185183;5.94265;-0.0699572;6.99572
3189;0.000185183;5.94265;-0.0699572;6.99572
3190;0.000185183;5.94265;-0.0699572;6.99572
3191;0.000185183;5.94265;-0.0699572;6.99572
3192;0.000185183;5.94265;-0.0699572;6.99572
3193;0.000185183;5.94265;-0.0699572;6.99572
3194;0.000185183;5.94265;-0.0699572;6.99572
3195;0.000185183;5.94265;-0.0699572;6.99572
3196;0.000185183;5.94265;-0.0699572;6.99572
3197;0.000185183;5.94265;-0.0699572;6.99572
3198;0.000185183;5.94265;-0.0699572;6.99572
3199;0.000185183;5.94265;-0.0699572;6.99572
3200;0.000185183;5.94265;-0.0699572;6.99572
3201;0.000185183;5.94265;-0.0699572;6.99572
3202;0.000185183;5.94265;-0.0699572;6.99572
3203;0.000185183;5.94265;-0.0699572;6.99572
3204;0.000185183;5.94265;-0.0699572;6.99572
3205;0.000185183;5.94265;-0.0699572;6.99572
3206;0.000185183;5.94265;-0.0699572;6.99572
3207;0.000185183;5.94265;-0.0699572;6.99572
3208;0.000185183;5.94265;-0.0699572;6.99572
3209;0.000185183;5.94265;-0.0699572;6.99572
3210;0.000185183;5.94265;-0.0699572;6.99572
3211;0.000185183;5.94265;-0.0699572;6.99572
3212;0.000185183;5.94265;-0.0699572;6.99572
3213;0.000185183;5.94265;-0.0699572;6.99572
3214;0.000185183;5.94265;-0.0699572;6.99572
3215;0.000185183;5.94265;-0.0699572;6.99572
3216;0.000185183;5.94265;-0.0699572;6.99572
3217;0.000185183;5.94265;-0.0699572;6.99572
3218;0.000185183;5.94265;-0.0699572;6.99572
3219;0.000185183;5.94265;-0.0699572;6.99572
3220;0.000185183;5.94265;-0.0699572;6.99572
3221;0.000185183;5.94265;-0.0699572;6.99572
3222;0.000185183;5.94265;-0.0699572;6.99572
3223;0.000185183;5.94265;-0.0699572;6.99572
3224;0.000185183;5.94265;-0.0699572;6.99572
3225;0.000185183;5.94265;-0.0699572;6.99572
3226;0.000185183;5.94265;-0.0699572;6.99572
3227;0.000185183;5.94265;-0.0699572;6.99572
3228;0.000185183;5.94265;-0.0699572;6.99572
3229;0.000185183;5.94265;-0.0699572;6.99572
3230;0.000185183;5.94265;-0.0699572;6.99572
3231;0.000185183;5.94265;-0.0699572;6.99572
3232;0.000185183;5.94265;-0.0699572;6.99572
3233;0.000185183;5.94265;-0.0699572;6.99572
3234;0.000185183;5.94265;-0.0699572;6.99572
3235;0.000185183;5.94265;-0.0699572;6.99572
3236;0.000185183;5.94265;-0.0699572;6.99572
3237;0.000185183;5.94265;-0.0699572;6.99572
3238;0.000185183;5.94265;-0.0699572;6.99572
3239;0.000185183;5.94265;-0.0699572;6.99572
3240;0.000185183;5.94265;-0.0699572;6.99572
3241;0.000185183;5.94265;-0.0699572;6.99572
3242;0.000185183;5.94265;-0.0699572;6.99572
3243;0.000185183;5.94265;-0.0699572;6.99572
3244;0.000185183;5.94265;-0.0699572;6.99572
3245;0.000185183;5.94265;-0.0699572;6.99572
3246;0.000185183;5.94265;-0.0699572;6.99572
3247;0.000185183;5.94265;-0.0699572;6.99572
3248;0.000185183;5.94265;-0.0699572;6.99572
3249;0.000185183;5.94265;-0.0699572;6.99572
3250;0.000185183;5.94265;-0.0699572;6.99572
3251;0.000185183;5.94265;-0.0699572;6.99572
3252;0.000185183;5.94265;-0.0699572;6.99572
3253;0.000185183;5.94265;-0.0699572;6.99572
3254;0.000185183;5.94265;-0.0699572;6.99572
3255;0.000185183;5.94265;-0.0699572;6.99572
3256;0.000185183;5.94265;-0.0699572;6.99572
3257;0.000185183;5.94265;-0.0699572;6.99572
3258;0.000185183;5.94265;-0.0699572;6.99572
3259;0.000185183;5.94265;-0.0699572;6.99572
3260;0.000185183;5.94265;-0.0699572;6.99572
3261;0.000185183;5.94265;-0.0699572;6.99572
3262;0.000185183;5.94265;-0.0699572;6.99572
3263;0.000185183;5.94265;-0.0699572;6.99572
3264;0.000185183;5.94265;-0.0699572;6.99572
3265;0.000185183;5.94265;-0.0699572;6.99572
3266;0.000185183;5.94265;-0.0699572;6.99572
3267;0.000185183;5.94265;-0.0699572;6.99572
3268;0.000185183;5.94265;-0.0699572;6.99572
3269;0.000185183;5.94265;-0.0699572;6.99572
3270;0.000185183;5.94265;-0.0699572;6.99572
3271;0.000185183;5.94265;-0.0699572;6.99572
3272;0.000185183;5.94265;-0.0699572;6.99572
3273;0.000185183;5.94265;-0.0699572;6.99572
3274;0.000185183;5.94265;-0.0699572;6.99572
3275;0.000185183;5.94265;-0.0699572;6.99572
3276;0.000185183;5.94265;-0.0699572;6.99572
3277;0.000185183;5.94265;-0.0699572;6.99572
3278;0.000185183;5.94265;-0.0699572;6.99572
3279;0.000185183;5.94265;-0.0699572;6.99572
3280;0.000185183;5.94265;-0.0699572;6.99572
3281;0.000185183;5.94265;-0.0699572;6.99572
3282;0.000185183;5.94265;-0.0699572;6.99572
3283;0.000185183;5.94265;-0.0699572;6.99572
3284;0.000185183;5.94265;-0.0699572;6.99572
3285;0.000185183;5.94265;-0.0699572;6.99572
3286;0.000185183;5.94265;-0.0699572;6.99572
3287;0.000185183;5.94265;-0.0699572;6.99572
3288;0.000185183;5.94265;-0.0699572;6.99572
3289;0.000185183;5.94265;-0.0699572;6.99572
3290;0.000185183;5.94265;-0.0699572;6.99572
3291;0.000185183;5.94265;-0.0699572;6.99572
3292;0.000185183;5.94265;-0.0699572;6.99572
3293;0.000185183;5.94265;-0.0699572;6.99572
3294;0.000185183;5.94265;-0.0699572;6.99572
3295;0.000185183;5.94265;-0.0699572;6.99572
3296;0.000185183;5.94265;-0.0699572;6.99572
3297;0.000185183;5.94265;-0.0699572;6.99572
3298;0.000185183;5.94265;-0.0699572;6.99572
3299;0.000185183;5.94265;-0.0699572;6.99572
3300;0.000185183;5.94265;-0.0699572;6.99572
3301;0.000185183;5.94265;-0.0699572;6.99572
3302;0.000185183;5.94265;-0.0699572;6.99572
3303;0.000185183;5.94265;-0.0699572;6.99572
3304;0.000185183;5.94265;-0.0699572;6.99572
3305;0.000185183;5.94265;-0.0699572;6.99572
3306;0.000185183;5.94265;-0.0699572;6.99572
3307;0.000185183;5.94265;-0.0699572;6.99572
3308;0.000185183;5.94265;-0.0699572;6.99572
3309;0.000185183;5.94265;-0.0699572;6.99572
3310;0.000185183;5.94265;-0.0699572;6.99572
3311;0.000185183;5.94265;-0.0699572;6.99572
3312;0.000185183;5.94265;-0.0699572;6.99572
3313;0.000185183;5.94265;-0.0699572;6.99572
3314;0.000185183;5.94265;-0.0699572;6.99572
3315;0.000185183;5.94265;-0.0699572;6.99572
3316;0.000185183;5.94265;-0.0699572;6.99572
3317;0.000185183;5.94265;-0.0699572;6.99572
3318;0.000185183;5.94265;-0.0699572;6.99572
3319;0.000185183;5.94265;-0.0699572;6.99572
3320;0.000185183;5.94265;-0.0699572;6.99572
3321;0.000185183;5.94265;-0.0699572;6.99572
3322;0.000185183;5.94265;-0.0699572;6.99572
3323;0.000185183;5.94265;-0.0699572;6.99572
3324;0.000185183;5.94265;-0.0699572;6.99572
3325;0.000185183;5.94265;-0.0699572;6.99572
3326;0.000185183;5.94265;-0.0699572;6.99572
3327;0.000185183;5.94265;-0.0699572;6.99572
3328;0.000185183;5.94265;-0.0699572;6.99572
3329;0.000185183;5.94265;-0.0699572;6.99572
3330;0.000185183;5.94265;-0.0699572;6.99572
3331;0.000185183;5.94265;-0.0699572;6.99572
3332;0.000185183;5.94265;-0.0699572;6.99572
3333;0.000185183;5.94265;-0.0699572;6.99572
3334;0.000185183;5.94265;-0.0699572;6.99572
3335;0.000185183;5.94265;-0.0699572;6.99572
3336;0.000185183;5.94265;-0.0699572;6.99572
3337;0.000185183;5.94265;-0.0699572;6.99572
3338;0.000185183;5.94265;-0.0699572;6.99572
3339;0.000185183;5.94265;-0.0699572;6.99572
3340;0.000185183;5.94265;-0.0699572;6.99572
3341;0.000185183;5.94265;-0.0699572;6.99572
3342;0.000185183;5.94265;-0.0699572;6.99572
3343;0.000185183;5.94265;-0.0699572;6.99572
3344;0.000185183;5.94265;-0.0699572;6.99572
3345;0.000185183;5.94265;-0.0699572;6.99572
3346;0.000185183;5.94265;-0.0699572;6.99572
3347;0.000185183;5.94265;-0.0699572;6.99572
3348;0.000185183;5.94265;-0.0699572;6.99572
3349;0.000185183;5.94265;-0.0699572;6.99572
3350;0.000185183;5.94265;-0.0699572;6.99572
3351;0.000185183;5.94265;-0.0699572;6.99572
3352;0.000185183;5.94265;-0.0699572;6.99572
3353;0.000185183;5.94265;-0.0699572;6.99572
3354;0.000185183;5.94265;-0.0699572;6.99572
3355;0.000185183;5.94265;-0.0699572;6.99572
3356;0.000185183;5.94265;-0.0699572;6.99572
3357;0.000185183;5.94265;-0.0699572;6.99572
3358;0.000185183;5.94265;-0.0699572;6.99572
3359;0.000185183;5.94265;-0.0699572;6.99572
3360;0.000185183;5.94265;-0.0699572;6.99572
3361;0.000185183;5.94265;-0.0699572;6.99572
3362;0.000185183;5.94265;-0.0699572;6.99572
3363;0.000185183;5.94265;-0.0699572;6.99572
3364;0.000185183;5.94265;-0.0699572;6.99572
3365;0.000185183;5.94265;-0.0699572;6.99572
3366;0.000185183;5.94265;-0.0699572;6.99572
3367;0.000185183;5.94265;-0.0699572;6.99572
3368;0.000185183;5.94265;-0.0699572;6.99572
3369;0.000185183;5.94265;-0.0699572;6.99572
3370;0.000185183;5.94265;-0.0699572;6.99572
3371;0.000185183;5.94265;-0.0699572;6.99572
3372;0.000185183;5.94265;-0.0699572;6.99572
3373;0.000185183;5.94265;-0.0699572;6.99572
3374;0.000185183;5.94265;-0.0699572;6.99572
3375;0.000185183;5.94265;-0.0699572;6.99572
3376;0.000185183;5.94265;-0.0699572;6.99572
3377;0.000185183;5.94265;-0.0699572;6.99572
3378;0.000185183;5.94265;-0.0699572;6.99572
3379;0.000185183;5.94265;-0.0699572;6.99572
3380;0.000185183;5.94265;-0.0699572;6.99572
3381;0.000185183;5.94265;-0.0699572;6.99572
3382;0.000185183;5.94265;-0.0699572;6.99572
3383;0.000185183;5.94265;-0.0699572;6.99572
3384;0.000185183;5.94265;-0.0699572;6.99572
3385;0.000185183;5.94265;-0.0699572;6.99572
3386;0.000185183;5.94265;-0.0699572;6.99572
3387;0.000185183;5.94265;-0.0699572;6.99572
3388;0.000185183;5.94265;-0.0699572;6.99572
3389;0.000185183;5.94265;-0.0699572;6.99572
3390;0.000185183;5.94265;-0.0699572;6.99572
3391;0.000185183;5.94265;-0.0699572;6.99572
3392;0.000185183;5.94265;-0.0699572;6.99572
3393;0.000185183;5.94265;-0.0699572;6.99572
3394;0.000185183;5.94265;-0.0699572;6.99572
3395;0.000185183;5.94265;-0.0699572;6.99572
3396;0.000185183;5.94265;-0.0699572;6.99572
3397;0.000185183;5.94265;-0.0699572;6.99572
3398;0.000185183;5.94265;-0.0699572;6.99572
3399;0.000185183;5.94265;-0.0699572;6.99572
3400;0.000185183;5.94265;-0.0699572;6.99572
3401;0.000185183;5.94265;-0.0699572;6.99572
3402;0.000185183;5.94265;-0.0699572;6.99572
3403;0.000185183;5.94265;-0.0699572;6.99572
3404;0.000185183;5.94265;-0.0699572;6.99572
3405;0.000185183;5.94265;-0.0699572;6.99572
3406;0.000185183;5.94265;-0.0699572;6.99572
3407;0.000185183;5.94265;-0.0699572;6.99572
3408;0.000185183;5.94265;-0.0699572;6.99572
3409;0.000185183;5.94265;-0.0699572;6.99572
3410;0.000185183;5.94265;-0.0699572;6.99572
3411;0.000185183;5.94265;-0.0699572;6.99572
3412;0.000185183;5.94265;-0.0699572;6.99572
3413;0.000185183;5.94265;-0.0699572;6.99572
3414;0.000185183;5.94265;-0.0699572;6.99572
3415;0.000185183;5.94265;-0.0699572;6.99572
3416;0.000185183;5.94265;-0.0699572;6.99572
3417;0.000185183;5.94265;-0.0699572;6.99572
3418;0.000185183;5.94265;-0.0699572;6.99572
3419;0.000185183;5.94265;-0.0699572;6.99572
3420;0.000185183;5.94265;-0.0699572;6.99572
3421;0.000185183;5.94265;-0.0699572;6.99572
3422;0.000185183;5.94265;-0.0699572;6.99572
3423;0.000185183;5.94265;-0.0699572;6.99572
3424;0.000185183;5.94265;-0.0699572;6.99572
3425;0.000185183;5.94265;-0.0699572;6.99572
3426;0.000185183;5.94265;-0.0699572;6.99572
3427;0.000185183;5.94265;-0.0699572;6.99572
3428;0.000185183;5.94265;-0.0699572;6.99572
3429;0.000185183;5.94265;-0.0699572;6.99572
3430;0.000185183;5.94265;-0.0699572;6.99572
3431;0.000185183;5.94265;-0.0699572;6.99572
3432;0.000185183;5.94265;-0.0699572;6.99572
3433;0.000185183;5.94265;-0.0699572;6.99572
3434;0.000185183;5.94265;-0.0699572;6.99572
3435;0.000185183;5.94265;-0.0699572;6.99572
3436;0.000185183;5.94265;-0.0699572;6.99572
3437;0.000185183;5.94265;-0.0699572;6.99572
3438;0.000185183;5.94265;-0.0699572;6.99572
3439;0.000185183;5.94265;-0.0699572;6.99572
3440;0.000185183;5.94265;-0.0699572;6.99572
3441;0.000185183;5.94265;-0.0699572;6.99572
3442;0.000185183;5.94265;-0.0699572;6.99572
3443;0.000185183;5.94265;-0.0699572;6.99572
3444;0.000185183;5.94265;-0.0699572;6.99572
3445;0.000185183;5.94265;-0.0699572;6.99572
3446;0.000185183;5.94265;-0.0699572;6.99572
3447;0.000185183;5.94265;-0.0699572;6.99572
3448;0.000185183;5.94265;-0.0699572;6.99572
3449;0.000185183;5.94265;-0.0699572;6.99572
3450;0.000185183;5.94265;-0.0699572;6.99572
3451;0.000185183;5.94265;-0.0699572;6.99572
3452;0.000185183;5.94265;-0.0699572;6.99572
3453;0.000185183;5.94265;-0.0699572;6.99572
3454;0.000185183;5.94265;-0.0699572;6.99572
3455;0.000185183;5.94265;-0.0699572;6.99572
3456;0.000185183;5.94265;-0.0699572;6.99572
3457;0.000185183;5.94265;-0.0699572;6.99572
3458;0.000185183;5.94265;-0.0699572;6.99572
3459;0.000185183;5.94265;-0.0699572;6.99572
3460;0.000185183;5.94265;-0.0699572;6.99572
3461;0.000185183;5.94265;-0.0699572;6.99572
3462;0.000185183;5.94265;-0.0699572;6.99572
3463;0.000185183;5.94265;-0.0699572;6.99572
3464;0.000185183;5.94265;-0.0699572;6.99572
3465;0.000185183;5.94265;-0.0699572;6.99572
3466;0.000185183;5.94265;-0.0699572;6.99572
3467;0.000185183;5.94265;-0.0699572;6.99572
3468;0.000185183;5.94265;-0.0699572;6.99572
3469;0.000185183;5.94265;-0.0699572;6.99572
3470;0.000185183;5.94265;-0.0699572;6.99572
3471;0.000185183;5.94265;-0.0699572;6.99572
3472;0.000185183;5.94265;-0.0699572;6.99572
3473;0.000185183;5.94265;-0.0699572;6.99572
3474;0.000185183;5.94265;-0.0699572;6.99572
3475;0.000185183;5.94265;-0.0699572;6.99572
3476;0.000185183;5.94265;-0.0699572;6.99572
3477;0.000185183;5.94265;-0.0699572;6.99572
3478;0.000185183;5.94265;-0.0699572;6.99572
3479;0.000185183;5.94265;-0.0699572;6.99572
3480;0.000185183;5.94265;-0.0699572;6.99572
3481;0.000185183;5.94265;-0.0699572;6.99572
3482;0.000185183;5.94265;-0.0699572;6.99572
3483;0.000185183;5.94265;-0.0699572;6.99572
3484;0.000185183;5.94265;-0.0699572;6.99572
3485;0.000185183;5.94265;-0.0699572;6.99572
3486;0.000185183;5.94265;-0.0699572;6.99572
3487;0.000185183;5.94265;-0.0699572;6.99572
3488;0.000185183;5.94265;-0.0699572;6.99572
3489;0.000185183;5.94265;-0.0699572;6.99572
3490;0.000185183;5.94265;-0.0699572;6.99572
3491;0.000185183;5.94265;-0.0699572;6.99572
3492;0.000185183;5.94265;-0.0699572;6.99572
3493;0.000185183;5.94265;-0.0699572;6.99572
3494;0.000185183;5.94265;-0.0699572;6.99572
3495;0.000185183;5.94265;-0.0699572;6.99572
3496;0.000185183;5.94265;-0.0699572;6.99572
3497;0.000185183;5.94265;-0.0699572;6.99572
3498;0.000185183;5.94265;-0.0699572;6.99572
3499;0.000185183;5.94265;-0.0699572;6.99572
3500;0.000185183;5.94265;-0.0699572;6.99572
3501;0.000185183;5.94265;-0.0699572;6.99572
3502;0.000185183;5.94265;-0.0699572;6.99572
3503;0.000185183;5.94265;-0.0699572;6.99572
3504;0.000185183;5.94265;-0.0699572;6.99572
3505;0.000185183;5.94265;-0.0699572;6.99572
3506;0.000185183;5.94265;-0.0699572;6.99572
3507;0.000185183;5.94265;-0.0699572;6.99572
3508;0.000185183;5.94265;-0.0699572;6.99572
3509;0.000185183;5.94265;-0.0699572;6.99572
3510;0.000185183;5.94265;-0.0699572;6.99572
3511;0.000185183;5.94265;-0.0699572;6.99572
3512;0.000185183;5.94265;-0.0699572;6.99572
3513;0.000185183;5.94265;-0.0699572;6.99572
3514;0.000185183;5.94265;-0.0699572;6.99572
3515;0.000185183;5.94265;-0.0699572;6.99572
3516;0.000185183;5.94265;-0.0699572;6.99572
3517;0.000185183;5.94265;-0.0699572;6.99572
3518;0.000185183;5.94265;-0.0699572;6.99572
3519;0.000185183;5.94265;-0.0699572;6.99572
3520;0.000185183;5.94265;-0.0699572;6.99572
3521;0.000185183;5.94265;-0.0699572;6.99572
3522;0.000185183;5.94265;-0.0699572;6.99572
3523;0.000185183;5.94265;-0.0699572;6.99572
3524;0.000185183;5.94265;-0.0699572;6.99572
3525;0.000185183;5.94265;-0.0699572;6.99572
3526;0.000185183;5.94265;-0.0699572;6.99572
3527;0.000185183;5.94265;-0.0699572;6.99572
3528;0.000185183;5.94265;-0.0699572;6.99572
3529;0.000185183;5.94265;-0.0699572;6.99572
3530;0.000185183;5.94265;-0.0699572;6.99572
3531;0.000185183;5.94265;-0.0699572;6.99572
3532;0.000185183;5.94265;-0.0699572;6.99572
3533;0.000185183;5.94265;-0.0699572;6.99572
3534;0.000185183;5.94265;-0.0699572;6.99572
3535;0.000185183;5.94265;-0.0699572;6.99572
3536;0.000185183;5.94265;-0.0699572;6.99572
3537;0.000185183;5.94265;-0.0699572;6.99572
3538;0.000185183;5.94265;-0.0699572;6.99572
3539;0.000185183;5.94265;-0.0699572;6.99572
3540;0.000185183;5.94265;-0.0699572;6.99572
3541;0.000185183;5.94265;-0.0699572;6.99572
3542;0.000185183;5.94265;-0.0699572;6.99572
3543;0.000185183;5.94265;-0.0699572;6.99572
3544;0.000185183;5.94265;-0.0699572;6.99572
3545;0.000185183;5.94265;-0.0699572;6.99572
3546;0.000185183;5.94265;-0.0699572;6.99572
3547;0.000185183;5.94265;-0.0699572;6.99572
3548;0.000185183;5.94265;-0.0699572;6.99572
3549;0.000185183;5.94265;-0.0699572;6.99572
3550;0.000185183;5.94265;-0.0699572;6.99572
3551;0.000185183;5.94265;-0.0699572;6.99572
3552;0.000185183;5.94265;-0.0699572;6.99572
3553;0.000185183;5.94265;-0.0699572;6.99572
3554;0.000185183;5.94265;-0.0699572;6.99572
3555;0.000185183;5.94265;-0.0699572;6.99572
3556;0.000185183;5.94265;-0.0699572;6.99572
3557;0.000185183;5.94265;-0.0699572;6.99572
3558;0.000185183;5.94265;-0.0699572;6.99572
3559;0.000185183;5.94265;-0.0699572;6.99572
3560;0.000185183;5.94265;-0.0699572;6.99572
3561;0.000185183;5.94265;-0.0699572;6.99572
3562;0.000185183;5.94265;-0.0699572;6.99572
3563;0.000185183;5.94265;-0.0699572;6.99572
3564;0.000185183;5.94265;-0.0699572;6.99572
3565;0.000185183;5.94265;-0.0699572;6.99572
3566;0.000185183;5.94265;-0.0699572;6.99572
3567;0.000185183;5.94265;-0.0699572;6.99572
3568;0.000185183;5.94265;-0.0699572;6.99572
3569;0.000185183;5.94265;-0.0699572;6.99572
3570;0.000185183;5.94265;-0.0699572;6.99572
3571;0.000185183;5.94265;-0.0699572;6.99572
3572;0.000185183;5.94265;-0.0699572;6.99572
3573;0.000185183;5.94265;-0.0699572;6.99572
3574;0.000185183;5.94265;-0.0699572;6.99572
3575;0.000185183;5.94265;-0.0699572;6.99572
3576;0.000185183;5.94265;-0.0699572;6.99572
3577;0.000185183;5.94265;-0.0699572;6.99572
3578;0.000185183;5.94265;-0.0699572;6.99572
3579;0.000185183;5.94265;-0.0699572;6.99572
3580;0.000185183;5.94265;-0.0699572;6.99572
3581;0.000185183;5.94265;-0.0699572;6.99572
3582;0.000185183;5.94265;-0.0699572;6.99572
3583;0.000185183;5.94265;-0.0699572;6.99572
3584;0.000185183;5.94265;-0.0699572;6.99572
3585;0.000185183;5.94265;-0.0699572;6.99572
3586;0.000185183;5.94265;-0.0699572;6.99572
3587;0.000185183;5.94265;-0.0699572;6.99572
3588;0.000185183;5.94265;-0.0699572;6.99572
3589;0.000185183;5.94265;-0.0699572;6.99572
3590;0.000185183;5.94265;-0.0699572;6.99572
3591;0.000185183;5.94265;-0.0699572;6.99572
3592;0.000185183;5.94265;-0.0699572;6.99572
3593;0.000185183;5.94265;-0.0699572;6.99572
3594;0.000185183;5.94265;-0.0699572;6.99572
3595;0.000185183;5.94265;-0.0699572;6.99572
3596;0.000185183;5.94265;-0.0699572;6.99572
3597;0.000185183;5.94265;-0.0699572;6.99572
3598;0.000185183;5.94265;-0.0699572;6.99572
3599;0.000185183;5.94265;-0.0699572;6.99572
3600;0.000185183;5.94265;-0.0699572;6.99572
3601;0.000185183;5.94265;-0.0699572;6.99572
3602;0.000185183;5.94265;-0.0699572;6.99572
3603;0.000185183;5.94265;-0.0699572;6.99572
3604;0.000185183;5.94265;-0.0699572;6.99572
3605;0.000185183;5.94265;-0.0699572;6.99572
3606;0.000185183;5.94265;-0.0699572;6.99572
3607;0.000185183;5.94265;-0.0699572;6.99572
3608;0.000185183;5.94265;-0.0699572;6.99572
3609;0.000185183;5.94265;-0.0699572;6.99572
3610;0.000185183;5.94265;-0.0699572;6.99572
3611;0.000185183;5.94265;-0.0699572;6.99572
3612;0.000185183;5.94265;-0.0699572;6.99572
3613;0.000185183;5.94265;-0.0699572;6.99572
3614;0.000185183;5.94265;-0.0699572;6.99572
3615;0.000185183;5.94265;-0.0699572;6.99572
3616;0.000185183;5.94265;-0.0699572;6.99572
3617;0.000185183;5.94265;-0.0699572;6.99572
3618;0.000185183;5.94265;-0.0699572;6.99572
3619;0.000185183;5.94265;-0.0699572;6.99572
3620;0.000185183;5.94265;-0.0699572;6.99572
3621;0.000185183;5.94265;-0.0699572;6.99572
3622;0.000185183;5.94265;-0.0699572;6.99572
3623;0.000185183;5.94265;-0.0699572;6.99572
3624;0.000185183;5.94265;-0.0699572;6.99572
3625;0.000185183;5.94265;-0.0699572;6.99572
3626;0.000185183;5.94265;-0.0699572;6.99572
3627;0.000185183;5.94265;-0.0699572;6.99572
3628;0.000185183;5.94265;-0.0699572;6.99572
3629;0.000185183;5.94265;-0.0699572;6.99572
3630;0.000185183;5.94265;-0.0699572;6.99572
3631;0.000185183;5.94265;-0.0699572;6.99572
3632;0.000185183;5.94265;-0.0699572;6.99572
3633;0.000185183;5.94265;-0.0699572;6.99572
3634;0.000185183;5.94265;-0.0699572;6.99572
3635;0.000185183;5.94265;-0.0699572;6.99572
3636;0.000185183;5.94265;-0.0699572;6.99572
3637;0.000185183;5.94265;-0.0699572;6.99572
3638;0.000185183;5.94265;-0.0699572;6.99572
3639;0.000185183;5.94265;-0.0699572;6.99572
3640;0.000185183;5.94265;-0.0699572;6.99572
3641;0.000185183;5.94265;-0.0699572;6.99572
3642;0.000185183;5.94265;-0.0699572;6.99572
3643;0.000185183;5.94265;-0.0699572;6.99572
3644;0.000185183;5.94265;-0.0699572;6.99572
3645;0.000185183;5.94265;-0.0699572;6.99572
3646;0.000185183;5.94265;-0.0699572;6.99572
3647;0.000185183;5.94265;-0.0699572;6.99572
3648;0.000185183;5.94265;-0.0699572;6.99572
3649;0.000185183;5.94265;-0.0699572;6.99572
3650;0.000185183;5.94265;-0.0699572;6.99572
3651;0.000185183;5.94265;-0.0699572;6.99572
3652;0.000185183;5.94265;-0.0699572;6.99572
3653;0.000185183;5.94265;-0.0699572;6.99572
3654;0.000185183;5.94265;-0.0699572;6.99572
3655;0.000185183;5.94265;-0.0699572;6.99572
3656;0.000185183;5.94265;-0.0699572;6.99572
3657;0.000185183;5.94265;-0.0699572;6.99572
3658;0.000185183;5.94265;-0.0699572;6.99572
3659;0.000185183;5.94265;-0.0699572;6.99572
3660;0.000185183;5.94265;-0.0699572;6.99572
3661;0.000185183;5.94265;-0.0699572;6.99572
3662;0.000185183;5.94265;-0.0699572;6.99572
3663;0.000185183;5.94265;-0.0699572;6.99572
3664;0.000185183;5.94265;-0.0699572;6.99572
3665;0.000185183;5.94265;-0.0699572;6.99572
3666;0.000185183;5.94265;-0.0699572;6.99572
3667;0.000185183;5.94265;-0.0699572;6.99572
3668;0.000185183;5.94265;-0.0699572;6.99572
3669;0.000185183;5.94265;-0.0699572;6.99572
3670;0.000185183;5.94265;-0.0699572;6.99572
3671;0.000185183;5.94265;-0.0699572;6.99572
3672;0.000185183;5.94265;-0.0699572;6.99572
3673;0.000185183;5.94265;-0.0699572;6.99572
3674;0.000185183;5.94265;-0.0699572;6.99572
3675;0.000185183;5.94265;-0.0699572;6.99572
3676;0.000185183;5.94265;-0.0699572;6.99572
3677;0.000185183;5.94265;-0.0699572;6.99572
3678;0.000185183;5.94265;-0.0699572;6.99572
3679;0.000185183;5.94265;-0.0699572;6.99572
3680;0.000185183;5.94265;-0.0699572;6.99572
3681;0.000185183;5.94265;-0.0699572;6.99572
3682;0.000185183;5.94265;-0.0699572;6.99572
3683;0.000185183;5.94265;-0.0699572;6.99572
3684;0.000185183;5.94265;-0.0699572;6.99572
3685;0.000185183;5.94265;-0.0699572;6.99572
3686;0.000185183;5.94265;-0.0699572;6.99572
3687;0.000185183;5.94265;-0.0699572;6.99572
3688;0.000185183;5.94265;-0.0699572;6.99572
3689;0.000185183;5.94265;-0.0699572;6.99572
3690;0.000185183;5.94265;-0.0699572;6.99572
3691;0.000185183;5.94265;-0.0699572;6.99572
3692;0.000185183;5.94265;-0.0699572;6.99572
3693;0.000185183;5.94265;-0.0699572;6.99572
3694;0.000185183;5.94265;-0.0699572;6.99572
3695;0.000185183;5.94265;-0.0699572;6.99572
3696;0.000185183;5.94265;-0.0699572;6.99572
3697;0.000185183;5.94265;-0.0699572;6.99572
3698;0.000185183;5.94265;-0.0699572;6.99572
3699;0.000185183;5.94265;-0.0699572;6.99572
3700;0.000185183;5.94265;-0.0699572;6.99572
3701;0.000185183;5.94265;-0.0699572;6.99572
3702;0.000185183;5.94265;-0.0699572;6.99572
3703;0.000185183;5.94265;-0.0699572;6.99572
3704;0.000185183;5.94265;-0.0699572;6.99572
3705;0.000185183;5.94265;-0.0699572;6.99572
3706;0.000185183;5.94265;-0.0699572;6.99572
3707;0.000185183;5.94265;-0.0699572;6.99572
3708;0.000185183;5.94265;-0.0699572;6.99572
3709;0.000185183;5.94265;-0.0699572;6.99572
3710;0.000185183;5.94265;-0.0699572;6.99572
3711;0.000185183;5.94265;-0.0699572;6.99572
3712;0.000185183;5.94265;-0.0699572;6.99572
3713;0.000185183;5.94265;-0.0699572;6.99572
3714;0.000185183;5.94265;-0.0699572;6.99572
3715;0.000185183;5.94265;-0.0699572;6.99572
3716;0.000185183;5.94265;-0.0699572;6.99572
3717;0.000185183;5.94265;-0.0699572;6.99572
3718;0.000185183;5.94265;-0.0699572;6.99572
3719;0.000185183;5.94265;-0.0699572;6.99572
3720;0.000185183;5.94265;-0.0699572;6.99572
3721;0.000185183;5.94265;-0.0699572;6.99572
3722;0.000185183;5.94265;-0.0699572;6.99572
3723;0.000185183;5.94265;-0.0699572;6.99572
3724;0.000185183;5.94265;-0.0699572;6.99572
3725;0.000185183;5.94265;-0.0699572;6.99572
3726;0.000185183;5.94265;-0.0699572;6.99572
3727;0.000185183;5.94265;-0.0699572;6.99572
3728;0.000185183;5.94265;-0.0699572;6.99572
3729;0.000185183;5.94265;-0.0699572;6.99572
3730;0.000185183;5.94265;-0.0699572;6.99572
3731;0.000185183;5.94265;-0.0699572;6.99572
3732;0.000185183;5.94265;-0.0699572;6.99572
3733;0.000185183;5.94265;-0.0699572;6.99572
3734;0.000185183;5.94265;-0.0699572;6.99572
3735;0.000185183;5.94265;-0.0699572;6.99572
3736;0.000185183;5.94265;-0.0699572;6.99572
3737;0.000185183;5.94265;-0.0699572;6.99572
3738;0.000185183;5.94265;-0.0699572;6.99572
3739;0.000185183;5.94265;-0.0699572;6.99572
3740;0.000185183;5.94265;-0.0699572;6.99572
3741;0.000185183;5.94265;-0.0699572;6.99572
3742;0.000185183;5.94265;-0.0699572;6.99572
3743;0.000185183;5.94265;-0.0699572;6.99572
3744;0.000185183;5.94265;-0.0699572;6.99572
3745;0.000185183;5.94265;-0.0699572;6.99572
3746;0.000185183;5.94265;-0.0699572;6.99572
3747;0.000185183;5.94265;-0.0699572;6.99572
3748;0.000185183;5.94265;-0.0699572;6.99572
3749;0.000185183;5.94265;-0.0699572;6.99572
3750;0.000185183;5.94265;-0.0699572;6.99572
3751;0.000185183;5.94265;-0.0699572;6.99572
3752;0.000185183;5.94265;-0.0699572;6.99572
3753;0.000185183;5.94265;-0.0699572;6.99572
3754;0.000185183;5.94265;-0.0699572;6.99572
3755;0.000185183;5.94265;-0.0699572;6.99572
3756;0.000185183;5.94265;-0.0699572;6.99572
3757;0.000185183;5.94265;-0.0699572;6.99572
3758;0.000185183;5.94265;-0.0699572;6.99572
3759;0.000185183;5.94265;-0.0699572;6.99572
3760;0.000185183;5.94265;-0.0699572;6.99572
3761;0.000185183;5.94265;-0.0699572;6.99572
3762;0.000185183;5.94265;-0.0699572;6.99572
3763;0.000185183;5.94265;-0.0699572;6.99572
3764;0.000185183;5.94265;-0.0699572;6.99572
3765;0.000185183;5.94265;-0.0699572;6.99572
3766;0.000185183;5.94265;-0.0699572;6.99572
3767;0.000185183;5.94265;-0.0699572;6.99572
3768;0.000185183;5.94265;-0.0699572;6.99572
3769;0.000185183;5.94265;-0.0699572;6.99572
3770;0.000185183;5.94265;-0.0699572;6.99572
3771;0.000185183;5.94265;-0.0699572;6.99572
3772;0.000185183;5.94265;-0.0699572;6.99572
3773;0.000185183;5.94265;-0.0699572;6.99572
3774;0.000185183;5.94265;-0.0699572;6.99572
3775;0.000185183;5.94265;-0.0699572;6.99572
3776;0.000185183;5.94265;-0.0699572;6.99572
3777;0.000185183;5.94265;-0.0699572;6.99572
3778;0.000185183;5.94265;-0.0699572;6.99572
3779;0.000185183;5.94265;-0.0699572;6.99572
3780;0.000185183;5.94265;-0.0699572;6.99572
3781;0.000185183;5.94265;-0.0699572;6.99572
3782;0.000185183;5.94265;-0.0699572;6.99572
3783;0.000185183;5.94265;-0.0699572;6.99572
3784;0.000185183;5.94265;-0.0699572;6.99572
3785;0.000185183;5.94265;-0.0699572;6.99572
3786;0.000185183;5.94265;-0.0699572;6.99572
3787;0.000185183;5.94265;-0.0699572;6.99572
3788;0.000185183;5.94265;-0.0699572;6.99572
3789;0.000185183;5.94265;-0.0699572;6.99572
3790;0.000185183;5.94265;-0.0699572;6.99572
3791;0.000185183;5.94265;-0.0699572;6.99572
3792;0.000185183;5.94265;-0.0699572;6.99572
3793;0.000185183;5.94265;-0.0699572;6.99572
3794;0.000185183;5.94265;-0.0699572;6.99572
3795;0.000185183;5.94265;-0.0699572;6.99572
3796;0.000185183;5.94265;-0.0699572;6.99572
3797;0.000185183;5.94265;-0.0699572;6.99572
3798;0.000185183;5.94265;-0.0699572;6.99572
3799;0.000185183;5.94265;-0.0699572;6.99572
3800;0.000185183;5.94265;-0.0699572;6.99572
3801;0.000185183;5.94265;-0.0699572;6.99572
3802;0.000185183;5.94265;-0.0699572;6.99572
3803;0.000185183;5.94265;-0.0699572;6.99572
3804;0.000185183;5.94265;-0.0699572;6.99572
3805;0.000185183;5.94265;-0.0699572;6.99572
3806;0.000185183;5.94265;-0.0699572;6.99572
3807;0.000185183;5.94265;-0.0699572;6.99572
3808;0.000185183;5.94265;-0.0699572;6.99572
3809;0.000185183;5.94265;-0.0699572;6.99572
3810;0.000185183;5.94265;-0.0699572;6.99572
3811;0.000185183;5.94265;-0.0699572;6.99572
3812;0.000185183;5.94265;-0.0699572;6.99572
3813;0.000185183;5.94265;-0.0699572;6.99572
3814;0.000185183;5.94265;-0.0699572;6.99572
3815;0.000185183;5.94265;-0.0699572;6.99572
3816;0.000185183;5.94265;-0.0699572;6.99572
3817;0.000185183;5.94265;-0.0699572;6.99572
3818;0.000185183;5.94265;-0.0699572;6.99572
3819;0.000185183;5.94265;-0.0699572;6.99572
3820;0.000185183;5.94265;-0.0699572;6.99572
3821;0.000185183;5.94265;-0.0699572;6.99572
3822;0.000185183;5.94265;-0.0699572;6.99572
3823;0.000185183;5.94265;-0.0699572;6.99572
3824;0.000185183;5.94265;-0.0699572;6.99572
3825;0.000185183;5.94265;-0.0699572;6.99572
3826;0.000185183;5.94265;-0.0699572;6.99572
3827;0.000185183;5.94265;-0.0699572;6.99572
3828;0.000185183;5.94265;-0.0699572;6.99572
3829;0.000185183;5.94265;-0.0699572;6.99572
3830;0.000185183;5.94265;-0.0699572;6.99572
3831;0.000185183;5.94265;-0.0699572;6.99572
3832;0.000185183;5.94265;-0.0699572;6.99572
3833;0.000185183;5.94265;-0.0699572;6.99572
3834;0.000185183;5.94265;-0.0699572;6.99572
3835;0.000185183;5.94265;-0.0699572;6.99572
3836;0.000185183;5.94265;-0.0699572;6.99572
3837;0.000185183;5.94265;-0.0699572;6.99572
3838;0.000185183;5.94265;-0.0699572;6.99572
3839;0.000185183;5.94265;-0.0699572;6.99572
3840;0.000185183;5.94265;-0.0699572;6.99572
3841;0.000185183;5.94265;-0.0699572;6.99572
3842;0.000185183;5.94265;-0.0699572;6.99572
3843;0.000185183;5.94265;-0.0699572;6.99572
3844;0.000185183;5.94265;-0.0699572;6.99572
3845;0.000185183;5.94265;-0.0699572;6.99572
3846;0.000185183;5.94265;-0.0699572;6.99572
3847;0.000185183;5.94265;-0.0699572;6.99572
3848;0.000185183;5.94265;-0.0699572;6.99572
3849;0.000185183;5.94265;-0.0699572;6.99572
3850;0.000185183;5.94265;-0.0699572;6.99572
3851;0.000185183;5.94265;-0.0699572;6.99572
3852;0.000185183;5.94265;-0.0699572;6.99572
3853;0.000185183;5.94265;-0.0699572;6.99572
3854;0.000185183;5.94265;-0.0699572;6.99572
3855;0.000185183;5.94265;-0.0699572;6.99572
3856;0.000185183;5.94265;-0.0699572;6.99572
3857;0.000185183;5.94265;-0.0699572;6.99572
3858;0.000185183;5.94265;-0.0699572;6.99572
3859;0.000185183;5.94265;-0.0699572;6.99572
3860;0.000185183;5.94265;-0.0699572;6.99572
3861;0.000185183;5.94265;-0.0699572;6.99572
3862;0.000185183;5.94265;-0.0699572;6.99572
3863;0.000185183;5.94265;-0.0699572;6.99572
3864;0.000185183;5.94265;-0.0699572;6.99572
3865;0.000185183;5.94265;-0.0699572;6.99572
3866;0.000185183;5.94265;-0.0699572;6.99572
3867;0.000185183;5.94265;-0.0699572;6.99572
3868;0.000185183;5.94265;-0.0699572;6.99572
3869;0.000185183;5.94265;-0.0699572;6.99572
3870;0.000185183;5.94265;-0.0699572;6.99572
3871;0.000185183;5.94265;-0.0699572;6.99572
3872;0.000185183;5.94265;-0.0699572;6.99572
3873;0.000185183;5.94265;-0.0699572;6.99572
3874;0.000185183;5.94265;-0.0699572;6.99572
3875;0.000185183;5.94265;-0.0699572;6.99572
3876;0.000185183;5.94265;-0.0699572;6.99572
3877;0.000185183;5.94265;-0.0699572;6.99572
3878;0.000185183;5.94265;-0.0699572;6.99572
3879;0.000185183;5.94265;-0.0699572;6.99572
3880;0.000185183;5.94265;-0.0699572;6.99572
3881;0.000185183;5.94265;-0.0699572;6.99572
3882;0.000185183;5.94265;-0.0699572;6.99572
3883;0.000185183;5.94265;-0.0699572;6.99572
3884;0.000185183;5.94265;-0.0699572;6.99572
3885;0.000185183;5.94265;-0.0699572;6.99572
3886;0.000185183;5.94265;-0.0699572;6.99572
3887;0.000185183;5.94265;-0.0699572;6.99572
3888;0.000185183;5.94265;-0.0699572;6.99572
3889;0.000185183;5.94265;-0.0699572;6.99572
3890;0.000185183;5.94265;-0.0699572;6.99572
3891;0.000185183;5.94265;-0.0699572;6.99572
3892;0.000185183;5.94265;-0.0699572;6.99572
3893;0.000185183;5.94265;-0.0699572;6.99572
3894;0.000185183;5.94265;-0.0699572;6.99572
3895;0.000185183;5.94265;-0.0699572;6.99572
3896;0.000185183;5.94265;-0.0699572;6.99572
3897;0.000185183;5.94265;-0.0699572;6.99572
3898;0.000185183;5.94265;-0.0699572;6.99572
3899;0.000185183;5.94265;-0.0699572;6.99572
3900;0.000185183;5.94265;-0.0699572;6.99572
3901;0.000185183;5.94265;-0.0699572;6.99572
3902;0.000185183;5.94265;-0.0699572;6.99572
3903;0.000185183;5.94265;-0.0699572;6.99572
3904;0.000185183;5.94265;-0.0699572;6.99572
3905;0.000185183;5.94265;-0.0699572;6.99572
3906;0.000185183;5.94265;-0.0699572;6.99572
3907;0.000185183;5.94265;-0.0699572;6.99572
3908;0.000185183;5.94265;-0.0699572;6.99572
3909;0.000185183;5.94265;-0.0699572;6.99572
3910;0.000185183;5.94265;-0.0699572;6.99572
3911;0.000185183;5.94265;-0.0699572;6.99572
3912;0.000185183;5.94265;-0.0699572;6.99572
3913;0.000185183;5.94265;-0.0699572;6.99572
3914;0.000185183;5.94265;-0.0699572;6.99572
3915;0.000185183;5.94265;-0.0699572;6.99572
3916;0.000185183;5.94265;-0.0699572;6.99572
3917;0.000185183;5.94265;-0.0699572;6.99572
3918;0.000185183;5.94265;-0.0699572;6.99572
3919;0.000185183;5.94265;-0.0699572;6.99572
3920;0.000185183;5.94265;-0.0699572;6.99572
3921;0.000185183;5.94265;-0.0699572;6.99572
3922;0.000185183;5.94265;-0.0699572;6.99572
3923;0.000185183;5.94265;-0.0699572;6.99572
3924;0.000185183;5.94265;-0.0699572;6.99572
3925;0.000185183;5.94265;-0.0699572;6.99572
3926;0.000185183;5.94265;-0.0699572;6.99572
3927;0.000185183;5.94265;-0.0699572;6.99572
3928;0.000185183;5.94265;-0.0699572;6.99572
3929;0.000185183;5.94265;-0.0699572;6.99572
3930;0.000185183;5.94265;-0.0699572;6.99572
3931;0.000185183;5.94265;-0.0699572;6.99572
3932;0.000185183;5.94265;-0.0699572;6.99572
3933;0.000185183;5.94265;-0.0699572;6.99572
3934;0.000185183;5.94265;-0.0699572;6.99572
3935;0.000185183;5.94265;-0.0699572;6.99572
3936;0.000185183;5.94265;-0.0699572;6.99572
3937;0.000185183;5.94265;-0.0699572;6.99572
3938;0.000185183;5.94265;-0.0699572;6.99572
3939;0.000185183;5.94265;-0.0699572;6.99572
3940;0.000185183;5.94265;-0.0699572;6.99572
3941;0.000185183;5.94265;-0.0699572;6.99572
3942;0.000185183;5.94265;-0.0699572;6.99572
3943;0.000185183;5.94265;-0.0699572;6.99572
3944;0.000185183;5.94265;-0.0699572;6.99572
3945;0.000185183;5.94265;-0.0699572;6.99572
3946;0.000185183;5.94265;-0.0699572;6.99572
3947;0.000185183;5.94265;-0.0699572;6.99572
3948;0.000185183;5.94265;-0.0699572;6.99572
3949;0.000185183;5.94265;-0.0699572;6.99572
3950;0.000185183;5.94265;-0.0699572;6.99572
3951;0.000185183;5.94265;-0.0699572;6.99572
3952;0.000185183;5.94265;-0.0699572;6.99572
3953;0.000185183;5.94265;-0.0699572;6.99572
3954;0.000185183;5.94265;-0.0699572;6.99572
3955;0.000185183;5.94265;-0.0699572;6.99572
3956;0.000185183;5.94265;-0.0699572;6.99572
3957;0.000185183;5.94265;-0.0699572;6.99572
3958;0.000185183;5.94265;-0.0699572;6.99572
3959;0.000185183;5.94265;-0.0699572;6.99572
3960;0.000185183;5.94265;-0.0699572;6.99572
3961;0.000185183;5.94265;-0.0699572;6.99572
3962;0.000185183;5.94265;-0.0699572;6.99572
3963;0.000185183;5.94265;-0.0699572;6.99572
3964;0.000185183;5.94265;-0.0699572;6.99572
3965;0.000185183;5.94265;-0.0699572;6.99572
3966;0.000185183;5.94265;-0.0699572;6.99572
3967;0.000185183;5.94265;-0.0699572;6.99572
3968;0.000185183;5.94265;-0.0699572;6.99572
3969;0.000185183;5.94265;-0.0699572;6.99572
3970;0.000185183;5.94265;-0.0699572;6.99572
3971;0.000185183;5.94265;-0.0699572;6.99572
3972;0.000185183;5.94265;-0.0699572;6.99572
3973;0.000185183;5.94265;-0.0699572;6.99572
3974;0.000185183;5.94265;-0.0699572;6.99572
3975;0.000185183;5.94265;-0.0699572;6.99572
3976;0.000185183;5.94265;-0.0699572;6.99572
3977;0.000185183;5.94265;-0.0699572;6.99572
3978;0.000185183;5.94265;-0.0699572;6.99572
3979;0.000185183;5.94265;-0.0699572;6.99572
3980;0.000185183;5.94265;-0.0699572;6.99572
3981;0.000185183;5.94265;-0.0699572;6.99572
3982;0.000185183;5.94265;-0.0699572;6.99572
3983;0.000185183;5.94265;-0.0699572;6.99572
3984;0.000185183;5.94265;-0.0699572;6.99572
3985;0.000185183;5.94265;-0.0699572;6.99572
3986;0.000185183;5.94265;-0.0699572;6.99572
3987;0.000185183;5.94265;-0.0699572;6.99572
3988;0.000185183;5.94265;-0.0699572;6.99572
3989;0.000185183;5.94265;-0.0699572;6.99572
3990;0.000185183;5.94265;-0.0699572;6.99572
3991;0.000185183;5.94265;-0.0699572;6.99572
3992;0.000185183;5.94265;-0.0699572;6.99572
3993;0.000185183;5.94265;-0.0699572;6.99572
3994;0.000185183;5.94265;-0.0699572;6.99572
3995;0.000185183;5.94265;-0.0699572;6.99572
3996;0.000185183;5.94265;-0.0699572;6.99572
3997;0.000185183;5.94265;-0.0699572;6.99572
3998;0.000185183;5.94265;-0.0699572;6.99572
3999;0.000185183;5.94265;-0.0699572;6.99572
4000;0.000185183;5.94265;-0.0699572;6.99572
4001;0.000185183;5.94265;-0.0699572;6.99572
4002;0.000185183;5.94265;-0.0699572;6.99572
4003;0.000185183;5.94265;-0.0699572;6.99572
4004;0.000185183;5.94265;-0.0699572;6.99572
4005;0.000185183;5.94265;-0.0699572;6.99572
4006;0.000185183;5.94265;-0.0699572;6.99572
4007;0.000185183;5.94265;-0.0699572;6.99572
4008;0.000185183;5.94265;-0.0699572;6.99572
4009;0.000185183;5.94265;-0.0699572;6.99572
4010;0.000185183;5.94265;-0.0699572;6.99572
4011;0.000185183;5.94265;-0.0699572;6.99572
4012;0.000185183;5.94265;-0.0699572;6.99572
4013;0.000185183;5.94265;-0.0699572;6.99572
4014;0.000185183;5.94265;-0.0699572;6.99572
4015;0.000185183;5.94265;-0.0699572;6.99572
4016;0.000185183;5.94265;-0.0699572;6.99572
4017;0.000185183;5.94265;-0.0699572;6.99572
4018;0.000185183;5.94265;-0.0699572;6.99572
4019;0.000185183;5.94265;-0.0699572;6.99572
4020;0.000185183;5.94265;-0.0699572;6.99572
4021;0.000185183;5.94265;-0.0699572;6.99572
4022;0.000185183;5.94265;-0.0699572;6.99572
4023;0.000185183;5.94265;-0.0699572;6.99572
4024;0.000185183;5.94265;-0.0699572;6.99572
4025;0.000185183;5.94265;-0.0699572;6.99572
4026;0.000185183;5.94265;-0.0699572;6.99572
4027;0.000185183;5.94265;-0.0699572;6.99572
4028;0.000185183;5.94265;-0.0699572;6.99572
4029;0.000185183;5.94265;-0.0699572;6.99572
4030;0.000185183;5.94265;-0.0699572;6.99572
4031;0.000185183;5.94265;-0.0699572;6.99572
4032;0.000185183;5.94265;-0.0699572;6.99572
4033;0.000185183;5.94265;-0.0699572;6.99572
4034;0.000185183;5.94265;-0.0699572;6.99572
4035;0.000185183;5.94265;-0.0699572;6.99572
4036;0.000185183;5.94265;-0.0699572;6.99572
4037;0.000185183;5.94265;-0.0699572;6.99572
4038;0.000185183;5.94265;-0.0699572;6.99572
4039;0.000185183;5.94265;-0.0699572;6.99572
4040;0.000185183;5.94265;-0.0699572;6.99572
4041;0.000185183;5.94265;-0.0699572;6.99572
4042;0.000185183;5.94265;-0.0699572;6.99572
4043;0.000185183;5.94265;-0.0699572;6.99572
4044;0.000185183;5.94265;-0.0699572;6.99572
4045;0.000185183;5.94265;-0.0699572;6.99572
4046;0.000185183;5.94265;-0.0699572;6.99572
4047;0.000185183;5.94265;-0.0699572;6.99572
4048;0.000185183;5.94265;-0.0699572;6.99572
4049;0.000185183;5.94265;-0.0699572;6.99572
4050;0.000185183;5.94265;-0.0699572;6.99572
4051;0.000185183;5.94265;-0.0699572;6.99572
4052;0.000185183;5.94265;-0.0699572;6.99572
4053;0.000185183;5.94265;-0.0699572;6.99572
4054;0.000185183;5.94265;-0.0699572;6.99572
4055;0.000185183;5.94265;-0.0699572;6.99572
4056;0.000185183;5.94265;-0.0699572;6.99572
4057;0.000185183;5.94265;-0.0699572;6.99572
4058;0.000185183;5.94265;-0.0699572;6.99572
4059;0.000185183;5.94265;-0.0699572;6.99572
4060;0.000185183;5.94265;-0.0699572;6.99572
4061;0.000185183;5.94265;-0.0699572;6.99572
4062;0.000185183;5.94265;-0.0699572;6.99572
4063;0.000185183;5.94265;-0.0699572;6.99572
4064;0.000185183;5.94265;-0.0699572;6.99572
4065;0.000185183;5.94265;-0.0699572;6.99572
4066;0.000185183;5.94265;-0.0699572;6.99572
4067;0.000185183;5.94265;-0.0699572;6.99572
4068;0.000185183;5.94265;-0.0699572;6.99572
4069;0.000185183;5.94265;-0.0699572;6.99572
4070;0.000185183;5.94265;-0.0699572;6.99572
4071;0.000185183;5.94265;-0.0699572;6.99572
4072;0.000185183;5.94265;-0.0699572;6.99572
4073;0.000185183;5.94265;-0.0699572;6.99572
4074;0.000185183;5.94265;-0.0699572;6.99572
4075;0.000185183;5.94265;-0.0699572;6.99572
4076;0.000185183;5.94265;-0.0699572;6.99572
4077;0.000185183;5.94265;-0.0699572;6.99572
4078;0.000185183;5.94265;-0.0699572;6.99572
4079;0.000185183;5.94265;-0.0699572;6.99572
4080;0.000185183;5.94265;-0.0699572;6.99572
4081;0.000185183;5.94265;-0.0699572;6.99572
4082;0.000185183;5.94265;-0.0699572;6.99572
4083;0.000185183;5.94265;-0.0699572;6.99572
4084;0.000185183;5.94265;-0.0699572;6.99572
4085;0.000185183;5.94265;-0.0699572;6.99572
4086;0.000185183;5.94265;-0.0699572;6.99572
4087;0.000185183;5.94265;-0.0699572;6.99572
4088;0.000185183;5.94265;-0.0699572;6.99572
4089;0.000185183;5.94265;-0.0699572;6.99572
4090;0.000185183;5.94265;-0.0699572;6.99572
4091;0.000185183;5.94265;-0.0699572;6.99572
4092;0.000185183;5.94265;-0.0699572;6.99572
4093;0.000185183;5.94265;-0.0699572;6.99572
4094;0.000185183;5.94265;-0.0699572;6.99572
4095;0.000185183;5.94265;-0.0699572;6.99572
4096;0.000185183;5.94265;-0.0699572;6.99572
4097;0.000185183;5.94265;-0.0699572;6.99572
4098;0.000185183;5.94265;-0.0699572;6.99572
4099;0.000185183;5.94265;-0.0699572;6.99572
4100;0.000185183;5.94265;-0.0699572;6.99572
4101;0.000185183;5.94265;-0.0699572;6.99572
4102;0.000185183;5.94265;-0.0699572;6.99572
4103;0.000185183;5.94265;-0.0699572;6.99572
4104;0.000185183;5.94265;-0.0699572;6.99572
4105;0.000185183;5.94265;-0.0699572;6.99572
4106;0.000185183;5.94265;-0.0699572;6.99572
4107;0.000185183;5.94265;-0.0699572;6.99572
4108;0.000185183;5.94265;-0.0699572;6.99572
4109;0.000185183;5.94265;-0.0699572;6.99572
4110;0.000185183;5.94265;-0.0699572;6.99572
4111;0.000185183;5.94265;-0.0699572;6.99572
4112;0.000185183;5.94265;-0.0699572;6.99572
4113;0.000185183;5.94265;-0.0699572;6.99572
4114;0.000185183;5.94265;-0.0699572;6.99572
4115;0.000185183;5.94265;-0.0699572;6.99572
4116;0.000185183;5.94265;-0.0699572;6.99572
4117;0.000185183;5.94265;-0.0699572;6.99572
4118;0.000185183;5.94265;-0.0699572;6.99572
4119;0.000185183;5.94265;-0.0699572;6.99572
4120;0.000185183;5.94265;-0.0699572;6.99572
4121;0.000185183;5.94265;-0.0699572;6.99572
4122;0.000185183;5.94265;-0.0699572;6.99572
4123;0.000185183;5.94265;-0.0699572;6.99572
4124;0.000185183;5.94265;-0.0699572;6.99572
4125;0.000185183;5.94265;-0.0699572;6.99572
4126;0.000185183;5.94265;-0.0699572;6.99572
4127;0.000185183;5.94265;-0.0699572;6.99572
4128;0.000185183;5.94265;-0.0699572;6.99572
4129;0.000185183;5.94265;-0.0699572;6.99572
4130;0.000185183;5.94265;-0.0699572;6.99572
4131;0.000185183;5.94265;-0.0699572;6.99572
4132;0.000185183;5.94265;-0.0699572;6.99572
4133;0.000185183;5.94265;-0.0699572;6.99572
4134;0.000185183;5.94265;-0.0699572;6.99572
4135;0.000185183;5.94265;-0.0699572;6.99572
4136;0.000185183;5.94265;-0.0699572;6.99572
4137;0.000185183;5.94265;-0.0699572;6.99572
4138;0.000185183;5.94265;-0.0699572;6.99572
4139;0.000185183;5.94265;-0.0699572;6.99572
4140;0.000185183;5.94265;-0.0699572;6.99572
4141;0.000185183;5.94265;-0.0699572;6.99572
4142;0.000185183;5.94265;-0.0699572;6.99572
4143;0.000185183;5.94265;-0.0699572;6.99572
4144;0.000185183;5.94265;-0.0699572;6.99572
4145;0.000185183;5.94265;-0.0699572;6.99572
4146;0.000185183;5.94265;-0.0699572;6.99572
4147;0.000185183;5.94265;-0.0699572;6.99572
4148;0.000185183;5.94265;-0.0699572;6.99572
4149;0.000185183;5.94265;-0.0699572;6.99572
4150;0.000185183;5.94265;-0.0699572;6.99572
4151;0.000185183;5.94265;-0.0699572;6.99572
4152;0.000185183;5.94265;-0.0699572;6.99572
4153;0.000185183;5.94265;-0.0699572;6.99572
4154;0.000185183;5.94265;-0.0699572;6.99572
4155;0.000185183;5.94265;-0.0699572;6.99572
4156;0.000185183;5.94265;-0.0699572;6.99572
4157;0.000185183;5.94265;-0.0699572;6.99572
4158;0.000185183;5.94265;-0.0699572;6.99572
4159;0.000185183;5.94265;-0.0699572;6.99572
4160;0.000185183;5.94265;-0.0699572;6.99572
4161;0.000185183;5.94265;-0.0699572;6.99572
4162;0.000185183;5.94265;-0.0699572;6.99572
4163;0.000185183;5.94265;-0.0699572;6.99572
4164;0.000185183;5.94265;-0.0699572;6.99572
4165;0.000185183;5.94265;-0.0699572;6.99572
4166;0.000185183;5.94265;-0.0699572;6.99572
4167;0.000185183;5.94265;-0.0699572;6.99572
4168;0.000185183;5.94265;-0.0699572;6.99572
4169;0.000185183;5.94265;-0.0699572;6.99572
4170;0.000185183;5.94265;-0.0699572;6.99572
4171;0.000185183;5.94265;-0.0699572;6.99572
4172;0.000185183;5.94265;-0.0699572;6.99572
4173;0.000185183;5.94265;-0.0699572;6.99572
4174;0.000185183;5.94265;-0.0699572;6.99572
4175;0.000185183;5.94265;-0.0699572;6.99572
4176;0.000185183;5.94265;-0.0699572;6.99572
4177;0.000185183;5.94265;-0.0699572;6.99572
4178;0.000185183;5.94265;-0.0699572;6.99572
4179;0.000185183;5.94265;-0.0699572;6.99572
4180;0.000185183;5.94265;-0.0699572;6.99572
4181;0.000185183;5.94265;-0.0699572;6.99572
4182;0.000185183;5.94265;-0.0699572;6.99572
4183;0.000185183;5.94265;-0.0699572;6.99572
4184;0.000185183;5.94265;-0.0699572;6.99572
4185;0.000185183;5.94265;-0.0699572;6.99572
4186;0.000185183;5.94265;-0.0699572;6.99572
4187;0.000185183;5.94265;-0.0699572;6.99572
4188;0.000185183;5.94265;-0.0699572;6.99572
4189;0.000185183;5.94265;-0.0699572;6.99572
4190;0.000185183;5.94265;-0.0699572;6.99572
4191;0.000185183;5.94265;-0.0699572;6.99572
4192;0.000185183;5.94265;-0.0699572;6.99572
4193;0.000185183;5.94265;-0.0699572;6.99572
4194;0.000185183;5.94265;-0.0699572;6.99572
4195;0.000185183;5.94265;-0.0699572;6.99572
4196;0.000185183;5.94265;-0.0699572;6.99572
4197;0.000185183;5.94265;-0.0699572;6.99572
4198;0.000185183;5.94265;-0.0699572;6.99572
4199;0.000185183;5.94265;-0.0699572;6.99572
4200;0.000185183;5.94265;-0.0699572;6.99572
4201;0.000185183;5.94265;-0.0699572;6.99572
4202;0.000185183;5.94265;-0.0699572;6.99572
4203;0.000185183;5.94265;-0.0699572;6.99572
4204;0.000185183;5.94265;-0.0699572;6.99572
4205;0.000185183;5.94265;-0.0699572;6.99572
4206;0.000185183;5.94265;-0.0699572;6.99572
4207;0.000185183;5.94265;-0.0699572;6.99572
4208;0.000185183;5.94265;-0.0699572;6.99572
4209;0.000185183;5.94265;-0.0699572;6.99572
4210;0.000185183;5.94265;-0.0699572;6.99572
4211;0.000185183;5.94265;-0.0699572;6.99572
4212;0.000185183;5.94265;-0.0699572;6.99572
4213;0.000185183;5.94265;-0.0699572;6.99572
4214;0.000185183;5.94265;-0.0699572;6.99572
4215;0.000185183;5.94265;-0.0699572;6.99572
4216;0.000185183;5.94265;-0.0699572;6.99572
4217;0.000185183;5.94265;-0.0699572;6.99572
4218;0.000185183;5.94265;-0.0699572;6.99572
4219;0.000185183;5.94265;-0.0699572;6.99572
4220;0.000185183;5.94265;-0.0699572;6.99572
4221;0.000185183;5.94265;-0.0699572;6.99572
4222;0.000185183;5.94265;-0.0699572;6.99572
4223;0.000185183;5.94265;-0.0699572;6.99572
4224;0.000185183;5.94265;-0.0699572;6.99572
4225;0.000185183;5.94265;-0.0699572;6.99572
4226;0.000185183;5.94265;-0.0699572;6.99572
4227;0.000185183;5.94265;-0.0699572;6.99572
4228;0.000185183;5.94265;-0.0699572;6.99572
4229;0.000185183;5.94265;-0.0699572;6.99572
4230;0.000185183;5.94265;-0.0699572;6.99572
4231;0.000185183;5.94265;-0.0699572;6.99572
4232;0.000185183;5.94265;-0.0699572;6.99572
4233;0.000185183;5.94265;-0.0699572;6.99572
4234;0.000185183;5.94265;-0.0699572;6.99572
4235;0.000185183;5.94265;-0.0699572;6.99572
4236;0.000185183;5.94265;-0.0699572;6.99572
4237;0.000185183;5.94265;-0.0699572;6.99572
4238;0.000185183;5.94265;-0.0699572;6.99572
4239;0.000185183;5.94265;-0.0699572;6.99572
4240;0.000185183;5.94265;-0.0699572;6.99572
4241;0.000185183;5.94265;-0.0699572;6.99572
4242;0.000185183;5.94265;-0.0699572;6.99572
4243;0.000185183;5.94265;-0.0699572;6.99572
4244;0.000185183;5.94265;-0.0699572;6.99572
4245;0.000185183;5.94265;-0.0699572;6.99572
4246;0.000185183;5.94265;-0.0699572;6.99572
4247;0.000185183;5.94265;-0.0699572;6.99572
4248;0.000185183;5.94265;-0.0699572;6.99572
4249;0.000185183;5.94265;-0.0699572;6.99572
4250;0.000185183;5.94265;-0.0699572;6.99572
4251;0.000185183;5.94265;-0.0699572;6.99572
4252;0.000185183;5.94265;-0.0699572;6.99572
4253;0.000185183;5.94265;-0.0699572;6.99572
4254;0.000185183;5.94265;-0.0699572;6.99572
4255;0.000185183;5.94265;-0.0699572;6.99572
4256;0.000185183;5.94265;-0.0699572;6.99572
4257;0.000185183;5.94265;-0.0699572;6.99572
4258;0.000185183;5.94265;-0.0699572;6.99572
4259;0.000185183;5.94265;-0.0699572;6.99572
4260;0.000185183;5.94265;-0.0699572;6.99572
4261;0.000185183;5.94265;-0.0699572;6.99572
4262;0.000185183;5.94265;-0.0699572;6.99572
4263;0.000185183;5.94265;-0.0699572;6.99572
4264;0.000185183;5.94265;-0.0699572;6.99572
4265;0.000185183;5.94265;-0.0699572;6.99572
4266;0.000185183;5.94265;-0.0699572;6.99572
4267;0.000185183;5.94265;-0.0699572;6.99572
4268;0.000185183;5.94265;-0.0699572;6.99572
4269;0.000185183;5.94265;-0.0699572;6.99572
4270;0.000185183;5.94265;-0.0699572;6.99572
4271;0.000185183;5.94265;-0.0699572;6.99572
4272;0.000185183;5.94265;-0.0699572;6.99572
4273;0.000185183;5.94265;-0.0699572;6.99572
4274;0.000185183;5.94265;-0.0699572;6.99572
4275;0.000185183;5.94265;-0.0699572;6.99572
4276;0.000185183;5.94265;-0.0699572;6.99572
4277;0.000185183;5.94265;-0.0699572;6.99572
4278;0.000185183;5.94265;-0.0699572;6.99572
4279;0.000185183;5.94265;-0.0699572;6.99572
4280;0.000185183;5.94265;-0.0699572;6.99572
4281;0.000185183;5.94265;-0.0699572;6.99572
4282;0.000185183;5.94265;-0.0699572;6.99572
4283;0.000185183;5.94265;-0.0699572;6.99572
4284;0.000185183;5.94265;-0.0699572;6.99572
4285;0.000185183;5.94265;-0.0699572;6.99572
4286;0.000185183;5.94265;-0.0699572;6.99572
4287;0.000185183;5.94265;-0.0699572;6.99572
4288;0.000185183;5.94265;-0.0699572;6.99572
4289;0.000185183;5.94265;-0.0699572;6.99572
4290;0.000185183;5.94265;-0.0699572;6.99572
4291;0.000185183;5.94265;-0.0699572;6.99572
4292;0.000185183;5.94265;-0.0699572;6.99572
4293;0.000185183;5.94265;-0.0699572;6.99572
4294;0.000185183;5.94265;-0.0699572;6.99572
4295;0.000185183;5.94265;-0.0699572;6.99572
4296;0.000185183;5.94265;-0.0699572;6.99572
4297;0.000185183;5.94265;-0.0699572;6.99572
4298;0.000185183;5.94265;-0.0699572;6.99572
4299;0.000185183;5.94265;-0.0699572;6.99572
4300;0.000185183;5.94265;-0.0699572;6.99572
4301;0.000185183;5.94265;-0.0699572;6.99572
4302;0.000185183;5.94265;-0.0699572;6.99572
4303;0.000185183;5.94265;-0.0699572;6.99572
4304;0.000185183;5.94265;-0.0699572;6.99572
4305;0.000185183;5.94265;-0.0699572;6.99572
4306;0.000185183;5.94265;-0.0699572;6.99572
4307;0.000185183;5.94265;-0.0699572;6.99572
4308;0.000185183;5.94265;-0.0699572;6.99572
4309;0.000185183;5.94265;-0.0699572;6.99572
4310;0.000185183;5.94265;-0.0699572;6.99572
4311;0.000185183;5.94265;-0.0699572;6.99572
4312;0.000185183;5.94265;-0.0699572;6.99572
4313;0.000185183;5.94265;-0.0699572;6.99572
4314;0.000185183;5.94265;-0.0699572;6.99572
4315;0.000185183;5.94265;-0.0699572;6.99572
4316;0.000185183;5.94265;-0.0699572;6.99572
4317;0.000185183;5.94265;-0.0699572;6.99572
4318;0.000185183;5.94265;-0.0699572;6.99572
4319;0.000185183;5.94265;-0.0699572;6.99572
4320;0.000185183;5.94265;-0.0699572;6.99572
4321;0.000185183;5.94265;-0.0699572;6.99572
4322;0.000185183;5.94265;-0.0699572;6.99572
4323;0.000185183;5.94265;-0.0699572;6.99572
4324;0.000185183;5.94265;-0.0699572;6.99572
4325;0.000185183;5.94265;-0.0699572;6.99572
4326;0.000185183;5.94265;-0.0699572;6.99572
4327;0.000185183;5.94265;-0.0699572;6.99572
4328;0.000185183;5.94265;-0.0699572;6.99572
4329;0.000185183;5.94265;-0.0699572;6.99572
4330;0.000185183;5.94265;-0.0699572;6.99572
4331;0.000185183;5.94265;-0.0699572;6.99572
4332;0.000185183;5.94265;-0.0699572;6.99572
4333;0.000185183;5.94265;-0.0699572;6.99572
4334;0.000185183;5.94265;-0.0699572;6.99572
4335;0.000185183;5.94265;-0.0699572;6.99572
4336;0.000185183;5.94265;-0.0699572;6.99572
4337;0.000185183;5.94265;-0.0699572;6.99572
4338;0.000185183;5.94265;-0.0699572;6.99572
4339;0.000185183;5.94265;-0.0699572;6.99572
4340;0.000185183;5.94265;-0.0699572;6.99572
4341;0.000185183;5.94265;-0.0699572;6.99572
4342;0.000185183;5.94265;-0.0699572;6.99572
4343;0.000185183;5.94265;-0.0699572;6.99572
4344;0.000185183;5.94265;-0.0699572;6.99572
4345;0.000185183;5.94265;-0.0699572;6.99572
4346;0.000185183;5.94265;-0.0699572;6.99572
4347;0.000185183;5.94265;-0.0699572;6.99572
4348;0.000185183;5.94265;-0.0699572;6.99572
4349;0.000185183;5.94265;-0.0699572;6.99572
4350;0.000185183;5.94265;-0.0699572;6.99572
4351;0.000185183;5.94265;-0.0699572;6.99572
4352;0.000185183;5.94265;-0.0699572;6.99572
4353;0.000185183;5.94265;-0.0699572;6.99572
4354;0.000185183;5.94265;-0.0699572;6.99572
4355;0.000185183;5.94265;-0.0699572;6.99572
4356;0.000185183;5.94265;-0.0699572;6.99572
4357;0.000185183;5.94265;-0.0699572;6.99572
4358;0.000185183;5.94265;-0.0699572;6.99572
4359;0.000185183;5.94265;-0.0699572;6.99572
4360;0.000185183;5.94265;-0.0699572;6.99572
4361;0.000185183;5.94265;-0.0699572;6.99572
4362;0.000185183;5.94265;-0.0699572;6.99572
4363;0.000185183;5.94265;-0.0699572;6.99572
4364;0.000185183;5.94265;-0.0699572;6.99572
4365;0.000185183;5.94265;-0.0699572;6.99572
4366;0.000185183;5.94265;-0.0699572;6.99572
4367;0.000185183;5.94265;-0.0699572;6.99572
4368;0.000185183;5.94265;-0.0699572;6.99572
4369;0.000185183;5.94265;-0.0699572;6.99572
4370;0.000185183;5.94265;-0.0699572;6.99572
4371;0.000185183;5.94265;-0.0699572;6.99572
4372;0.000185183;5.94265;-0.0699572;6.99572
4373;0.000185183;5.94265;-0.0699572;6.99572
4374;0.000185183;5.94265;-0.0699572;6.99572
4375;0.000185183;5.94265;-0.0699572;6.99572
4376;0.000185183;5.94265;-0.0699572;6.99572
4377;0.000185183;5.94265;-0.0699572;6.99572
4378;0.000185183;5.94265;-0.0699572;6.99572
4379;0.000185183;5.94265;-0.0699572;6.99572
4380;0.000185183;5.94265;-0.0699572;6.99572
4381;0.000185183;5.94265;-0.0699572;6.99572
4382;0.000185183;5.94265;-0.0699572;6.99572
4383;0.000185183;5.94265;-0.0699572;6.99572
4384;0.000185183;5.94265;-0.0699572;6.99572
4385;0.000185183;5.94265;-0.0699572;6.99572
4386;0.000185183;5.94265;-0.0699572;6.99572
4387;0.000185183;5.94265;-0.0699572;6.99572
4388;0.000185183;5.94265;-0.0699572;6.99572
4389;0.000185183;5.94265;-0.0699572;6.99572
4390;0.000185183;5.94265;-0.0699572;6.99572
4391;0.000185183;5.94265;-0.0699572;6.99572
4392;0.000185183;5.94265;-0.0699572;6.99572
4393;0.000185183;5.94265;-0.0699572;6.99572
4394;0.000185183;5.94265;-0.0699572;6.99572
4395;0.000185183;5.94265;-0.0699572;6.99572
4396;0.000185183;5.94265;-0.0699572;6.99572
4397;0.000185183;5.94265;-0.0699572;6.99572
4398;0.000185183;5.94265;-0.0699572;6.99572
4399;0.000185183;5.94265;-0.0699572;6.99572
4400;0.000185183;5.94265;-0.0699572;6.99572
4401;0.000185183;5.94265;-0.0699572;6.99572
4402;0.000185183;5.94265;-0.0699572;6.99572
4403;0.000185183;5.94265;-0.0699572;6.99572
4404;0.000185183;5.94265;-0.0699572;6.99572
4405;0.000185183;5.94265;-0.0699572;6.99572
4406;0.000185183;5.94265;-0.0699572;6.99572
4407;0.000185183;5.94265;-0.0699572;6.99572
4408;0.000185183;5.94265;-0.0699572;6.99572
4409;0.000185183;5.94265;-0.0699572;6.99572
4410;0.000185183;5.94265;-0.0699572;6.99572
4411;0.000185183;5.94265;-0.0699572;6.99572
4412;0.000185183;5.94265;-0.0699572;6.99572
4413;0.000185183;5.94265;-0.0699572;6.99572
4414;0.000185183;5.94265;-0.0699572;6.99572
4415;0.000185183;5.94265;-0.0699572;6.99572
4416;0.000185183;5.94265;-0.0699572;6.99572
4417;0.000185183;5.94265;-0.0699572;6.99572
4418;0.000185183;5.94265;-0.0699572;6.99572
4419;0.000185183;5.94265;-0.0699572;6.99572
4420;0.000185183;5.94265;-0.0699572;6.99572
4421;0.000185183;5.94265;-0.0699572;6.99572
4422;0.000185183;5.94265;-0.0699572;6.99572
4423;0.000185183;5.94265;-0.0699572;6.99572
4424;0.000185183;5.94265;-0.0699572;6.99572
4425;0.000185183;5.94265;-0.0699572;6.99572
4426;0.000185183;5.94265;-0.0699572;6.99572
4427;0.000185183;5.94265;-0.0699572;6.99572
4428;0.000185183;5.94265;-0.0699572;6.99572
4429;0.000185183;5.94265;-0.0699572;6.99572
4430;0.000185183;5.94265;-0.0699572;6.99572
4431;0.000185183;5.94265;-0.0699572;6.99572
4432;0.000185183;5.94265;-0.0699572;6.99572
4433;0.000185183;5.94265;-0.0699572;6.99572
4434;0.000185183;5.94265;-0.0699572;6.99572
4435;0.000185183;5.94265;-0.0699572;6.99572
4436;0.000185183;5.94265;-0.0699572;6.99572
4437;0.000185183;5.94265;-0.0699572;6.99572
4438;0.000185183;5.94265;-0.0699572;6.99572
4439;0.000185183;5.94265;-0.0699572;6.99572
4440;0.000185183;5.94265;-0.0699572;6.99572
4441;0.000185183;5.94265;-0.0699572;6.99572
4442;0.000185183;5.94265;-0.0699572;6.99572
4443;0.000185183;5.94265;-0.0699572;6.99572
4444;0.000185183;5.94265;-0.0699572;6.99572
4445;0.000185183;5.94265;-0.0699572;6.99572
4446;0.000185183;5.94265;-0.0699572;6.99572
4447;0.000185183;5.94265;-0.0699572;6.99572
4448;0.000185183;5.94265;-0.0699572;6.99572
4449;0.000185183;5.94265;-0.0699572;6.99572
4450;0.000185183;5.94265;-0.0699572;6.99572
4451;0.000185183;5.94265;-0.0699572;6.99572
4452;0.000185183;5.94265;-0.0699572;6.99572
4453;0.000185183;5.94265;-0.0699572;6.99572
4454;0.000185183;5.94265;-0.0699572;6.99572
4455;0.000185183;5.94265;-0.0699572;6.99572
4456;0.000185183;5.94265;-0.0699572;6.99572
4457;0.000185183;5.94265;-0.0699572;6.99572
4458;0.000185183;5.94265;-0.0699572;6.99572
4459;0.000185183;5.94265;-0.0699572;6.99572
4460;0.000185183;5.94265;-0.0699572;6.99572
4461;0.000185183;5.94265;-0.0699572;6.99572
4462;0.000185183;5.94265;-0.0699572;6.99572
4463;0.000185183;5.94265;-0.0699572;6.99572
4464;0.000185183;5.94265;-0.0699572;6.99572
4465;0.000185183;5.94265;-0.0699572;6.99572
4466;0.000185183;5.94265;-0.0699572;6.99572
4467;0.000185183;5.94265;-0.0699572;6.99572
4468;0.000185183;5.94265;-0.0699572;6.99572
4469;0.000185183;5.94265;-0.0699572;6.99572
4470;0.000185183;5.94265;-0.0699572;6.99572
4471;0.000185183;5.94265;-0.0699572;6.99572
4472;0.000185183;5.94265;-0.0699572;6.99572
4473;0.000185183;5.94265;-0.0699572;6.99572
4474;0.000185183;5.94265;-0.0699572;6.99572
4475;0.000185183;5.94265;-0.0699572;6.99572
4476;0.000185183;5.94265;-0.0699572;6.99572
4477;0.000185183;5.94265;-0.0699572;6.99572
4478;0.000185183;5.94265;-0.0699572;6.99572
4479;0.000185183;5.94265;-0.0699572;6.99572
4480;0.000185183;5.94265;-0.0699572;6.99572
4481;0.000185183;5.94265;-0.0699572;6.99572
4482;0.000185183;5.94265;-0.0699572;6.99572
4483;0.000185183;5.94265;-0.0699572;6.99572
4484;0.000185183;5.94265;-0.0699572;6.99572
4485;0.000185183;5.94265;-0.0699572;6.99572
4486;0.000185183;5.94265;-0.0699572;6.99572
4487;0.000185183;5.94265;-0.0699572;6.99572
4488;0.000185183;5.94265;-0.0699572;6.99572
4489;0.000185183;5.94265;-0.0699572;6.99572
4490;0.000185183;5.94265;-0.0699572;6.99572
4491;0.000185183;5.94265;-0.0699572;6.99572
4492;0.000185183;5.94265;-0.0699572;6.99572
4493;0.000185183;5.94265;-0.0699572;6.99572
4494;0.000185183;5.94265;-0.0699572;6.99572
4495;0.000185183;5.94265;-0.0699572;6.99572
4496;0.000185183;5.94265;-0.0699572;6.99572
4497;0.000185183;5.94265;-0.0699572;6.99572
4498;0.000185183;5.94265;-0.0699572;6.99572
4499;0.000185183;5.94265;-0.0699572;6.99572
4500;0.000185183;5.94265;-0.0699572;6.99572
4501;0.000185183;5.94265;-0.0699572;6.99572
4502;0.000185183;5.94265;-0.0699572;6.99572
4503;0.000185183;5.94265;-0.0699572;6.99572
4504;0.000185183;5.94265;-0.0699572;6.99572
4505;0.000185183;5.94265;-0.0699572;6.99572
4506;0.000185183;5.94265;-0.0699572;6.99572
4507;0.000185183;5.94265;-0.0699572;6.99572
4508;0.000185183;5.94265;-0.0699572;6.99572
4509;0.000185183;5.94265;-0.0699572;6.99572
4510;0.000185183;5.94265;-0.0699572;6.99572
4511;0.000185183;5.94265;-0.0699572;6.99572
4512;0.000185183;5.94265;-0.0699572;6.99572
4513;0.000185183;5.94265;-0.0699572;6.99572
4514;0.000185183;5.94265;-0.0699572;6.99572
4515;0.000185183;5.94265;-0.0699572;6.99572
4516;0.000185183;5.94265;-0.0699572;6.99572
4517;0.000185183;5.94265;-0.0699572;6.99572
4518;0.000185183;5.94265;-0.0699572;6.99572
4519;0.000185183;5.94265;-0.0699572;6.99572
4520;0.000185183;5.94265;-0.0699572;6.99572
4521;0.000185183;5.94265;-0.0699572;6.99572
4522;0.000185183;5.94265;-0.0699572;6.99572
4523;0.000185183;5.94265;-0.0699572;6.99572
4524;0.000185183;5.94265;-0.0699572;6.99572
4525;0.000185183;5.94265;-0.0699572;6.99572
4526;0.000185183;5.94265;-0.0699572;6.99572
4527;0.000185183;5.94265;-0.0699572;6.99572
4528;0.000185183;5.94265;-0.0699572;6.99572
4529;0.000185183;5.94265;-0.0699572;6.99572
4530;0.000185183;5.94265;-0.0699572;6.99572
4531;0.000185183;5.94265;-0.0699572;6.99572
4532;0.000185183;5.94265;-0.0699572;6.99572
4533;0.000185183;5.94265;-0.0699572;6.99572
4534;0.000185183;5.94265;-0.0699572;6.99572
4535;0.000185183;5.94265;-0.0699572;6.99572
4536;0.000185183;5.94265;-0.0699572;6.99572
4537;0.000185183;5.94265;-0.0699572;6.99572
4538;0.000185183;5.94265;-0.0699572;6.99572
4539;0.000185183;5.94265;-0.0699572;6.99572
4540;0.000185183;5.94265;-0.0699572;6.99572
4541;0.000185183;5.94265;-0.0699572;6.99572
4542;0.000185183;5.94265;-0.0699572;6.99572
4543;0.000185183;5.94265;-0.0699572;6.99572
4544;0.000185183;5.94265;-0.0699572;6.99572
4545;0.000185183;5.94265;-0.0699572;6.99572
4546;0.000185183;5.94265;-0.0699572;6.99572
4547;0.000185183;5.94265;-0.0699572;6.99572
4548;0.000185183;5.94265;-0.0699572;6.99572
4549;0.000185183;5.94265;-0.0699572;6.99572
4550;0.000185183;5.94265;-0.0699572;6.99572
4551;0.000185183;5.94265;-0.0699572;6.99572
4552;0.000185183;5.94265;-0.0699572;6.99572
4553;0.000185183;5.94265;-0.0699572;6.99572
4554;0.000185183;5.94265;-0.0699572;6.99572
4555;0.000185183;5.94265;-0.0699572;6.99572
4556;0.000185183;5.94265;-0.0699572;6.99572
4557;0.000185183;5.94265;-0.0699572;6.99572
4558;0.000185183;5.94265;-0.0699572;6.99572
4559;0.000185183;5.94265;-0.0699572;6.99572
4560;0.000185183;5.94265;-0.0699572;6.99572
4561;0.000185183;5.94265;-0.0699572;6.99572
4562;0.000185183;5.94265;-0.0699572;6.99572
4563;0.000185183;5.94265;-0.0699572;6.99572
4564;0.000185183;5.94265;-0.0699572;6.99572
4565;0.000185183;5.94265;-0.0699572;6.99572
4566;0.000185183;5.94265;-0.0699572;6.99572
4567;0.000185183;5.94265;-0.0699572;6.99572
4568;0.000185183;5.94265;-0.0699572;6.99572
4569;0.000185183;5.94265;-0.0699572;6.99572
4570;0.000185183;5.94265;-0.0699572;6.99572
4571;0.000185183;5.94265;-0.0699572;6.99572
4572;0.000185183;5.94265;-0.0699572;6.99572
4573;0.000185183;5.94265;-0.0699572;6.99572
4574;0.000185183;5.94265;-0.0699572;6.99572
4575;0.000185183;5.94265;-0.0699572;6.99572
4576;0.000185183;5.94265;-0.0699572;6.99572
4577;0.000185183;5.94265;-0.0699572;6.99572
4578;0.000185183;5.94265;-0.0699572;6.99572
4579;0.000185183;5.94265;-0.0699572;6.99572
4580;0.000185183;5.94265;-0.0699572;6.99572
4581;0.000185183;5.94265;-0.0699572;6.99572
4582;0.000185183;5.94265;-0.0699572;6.99572
4583;0.000185183;5.94265;-0.0699572;6.99572
4584;0.000185183;5.94265;-0.0699572;6.99572
4585;0.000185183;5.94265;-0.0699572;6.99572
4586;0.000185183;5.94265;-0.0699572;6.99572
4587;0.000185183;5.94265;-0.0699572;6.99572
4588;0.000185183;5.94265;-0.0699572;6.99572
4589;0.000185183;5.94265;-0.0699572;6.99572
4590;0.000185183;5.94265;-0.0699572;6.99572
4591;0.000185183;5.94265;-0.0699572;6.99572
4592;0.000185183;5.94265;-0.0699572;6.99572
4593;0.000185183;5.94265;-0.0699572;6.99572
4594;0.000185183;5.94265;-0.0699572;6.99572
4595;0.000185183;5.94265;-0.0699572;6.99572
4596;0.000185183;5.94265;-0.0699572;6.99572
4597;0.000185183;5.94265;-0.0699572;6.99572
4598;0.000185183;5.94265;-0.0699572;6.99572
4599;0.000185183;5.94265;-0.0699572;6.99572
4600;0.000185183;5.94265;-0.0699572;6.99572
4601;0.000185183;5.94265;-0.0699572;6.99572
4602;0.000185183;5.94265;-0.0699572;6.99572
4603;0.000185183;5.94265;-0.0699572;6.99572
4604;0.000185183;5.94265;-0.0699572;6.99572
4605;0.000185183;5.94265;-0.0699572;6.99572
4606;0.000185183;5.94265;-0.0699572;6.99572
4607;0.000185183;5.94265;-0.0699572;6.99572
4608;0.000185183;5.94265;-0.0699572;6.99572
4609;0.000185183;5.94265;-0.0699572;6.99572
4610;0.000185183;5.94265;-0.0699572;6.99572
4611;0.000185183;5.94265;-0.0699572;6.99572
4612;0.000185183;5.94265;-0.0699572;6.99572
4613;0.000185183;5.94265;-0.0699572;6.99572
4614;0.000185183;5.94265;-0.0699572;6.99572
4615;0.000185183;5.94265;-0.0699572;6.99572
4616;0.000185183;5.94265;-0.0699572;6.99572
4617;0.000185183;5.94265;-0.0699572;6.99572
4618;0.000185183;5.94265;-0.0699572;6.99572
4619;0.000185183;5.94265;-0.0699572;6.99572
4620;0.000185183;5.94265;-0.0699572;6.99572
4621;0.000185183;5.94265;-0.0699572;6.99572
4622;0.000185183;5.94265;-0.0699572;6.99572
4623;0.000185183;5.94265;-0.0699572;6.99572
4624;0.000185183;5.94265;-0.0699572;6.99572
4625;0.000185183;5.94265;-0.0699572;6.99572
4626;0.000185183;5.94265;-0.0699572;6.99572
4627;0.000185183;5.94265;-0.0699572;6.99572
4628;0.000185183;5.94265;-0.0699572;6.99572
4629;0.000185183;5.94265;-0.0699572;6.99572
4630;0.000185183;5.94265;-0.0699572;6.99572
4631;0.000185183;5.94265;-0.0699572;6.99572
4632;0.000185183;5.94265;-0.0699572;6.99572
4633;0.000185183;5.94265;-0.0699572;6.99572
4634;0.000185183;5.94265;-0.0699572;6.99572
4635;0.000185183;5.94265;-0.0699572;6.99572
4636;0.000185183;5.94265;-0.0699572;6.99572
4637;0.000185183;5.94265;-0.0699572;6.99572
4638;0.000185183;5.94265;-0.0699572;6.99572
4639;0.000185183;5.94265;-0.0699572;6.99572
4640;0.000185183;5.94265;-0.0699572;6.99572
4641;0.000185183;5.94265;-0.0699572;6.99572
4642;0.000185183;5.94265;-0.0699572;6.99572
4643;0.000185183;5.94265;-0.0699572;6.99572
4644;0.000185183;5.94265;-0.0699572;6.99572
4645;0.000185183;5.94265;-0.0699572;6.99572
4646;0.000185183;5.94265;-0.0699572;6.99572
4647;0.000185183;5.94265;-0.0699572;6.99572
4648;0.000185183;5.94265;-0.0699572;6.99572
4649;0.000185183;5.94265;-0.0699572;6.99572
4650;0.000185183;5.94265;-0.0699572;6.99572
4651;0.000185183;5.94265;-0.0699572;6.99572
4652;0.000185183;5.94265;-0.0699572;6.99572
4653;0.000185183;5.94265;-0.0699572;6.99572
4654;0.000185183;5.94265;-0.0699572;6.99572
4655;0.000185183;5.94265;-0.0699572;6.99572
4656;0.000185183;5.94265;-0.0699572;6.99572
4657;0.000185183;5.94265;-0.0699572;6.99572
4658;0.000185183;5.94265;-0.0699572;6.99572
4659;0.000185183;5.94265;-0.0699572;6.99572
4660;0.000185183;5.94265;-0.0699572;6.99572
4661;0.000185183;5.94265;-0.0699572;6.99572
4662;0.000185183;5.94265;-0.0699572;6.99572
4663;0.000185183;5.94265;-0.0699572;6.99572
4664;0.000185183;5.94265;-0.0699572;6.99572
4665;0.000185183;5.94265;-0.0699572;6.99572
4666;0.000185183;5.94265;-0.0699572;6.99572
4667;0.000185183;5.94265;-0.0699572;6.99572
4668;0.000185183;5.94265;-0.0699572;6.99572
4669;0.000185183;5.94265;-0.0699572;6.99572
4670;0.000185183;5.94265;-0.0699572;6.99572
4671;0.000185183;5.94265;-0.0699572;6.99572
4672;0.000185183;5.94265;-0.0699572;6.99572
4673;0.000185183;5.94265;-0.0699572;6.99572
4674;0.000185183;5.94265;-0.0699572;6.99572
4675;0.000185183;5.94265;-0.0699572;6.99572
4676;0.000185183;5.94265;-0.0699572;6.99572
4677;0.000185183;5.94265;-0.0699572;6.99572
4678;0.000185183;5.94265;-0.0699572;6.99572
4679;0.000185183;5.94265;-0.0699572;6.99572
4680;0.000185183;5.94265;-0.0699572;6.99572
4681;0.000185183;5.94265;-0.0699572;6.99572
4682;0.000185183;5.94265;-0.0699572;6.99572
4683;0.000185183;5.94265;-0.0699572;6.99572
4684;0.000185183;5.94265;-0.0699572;6.99572
4685;0.000185183;5.94265;-0.0699572;6.99572
4686;0.000185183;5.94265;-0.0699572;6.99572
4687;0.000185183;5.94265;-0.0699572;6.99572
4688;0.000185183;5.94265;-0.0699572;6.99572
4689;0.000185183;5.94265;-0.0699572;6.99572
4690;0.000185183;5.94265;-0.0699572;6.99572
4691;0.000185183;5.94265;-0.0699572;6.99572
4692;0.000185183;5.94265;-0.0699572;6.99572
4693;0.000185183;5.94265;-0.0699572;6.99572
4694;0.000185183;5.94265;-0.0699572;6.99572
4695;0.000185183;5.94265;-0.0699572;6.99572
4696;0.000185183;5.94265;-0.0699572;6.99572
4697;0.000185183;5.94265;-0.0699572;6.99572
4698;0.000185183;5.94265;-0.0699572;6.99572
4699;0.000185183;5.94265;-0.0699572;6.99572
4700;0.000185183;5.94265;-0.0699572;6.99572
4701;0.000185183;5.94265;-0.0699572;6.99572
4702;0.000185183;5.94265;-0.0699572;6.99572
4703;0.000185183;5.94265;-0.0699572;6.99572
4704;0.000185183;5.94265;-0.0699572;6.99572
4705;0.000185183;5.94265;-0.0699572;6.99572
4706;0.000185183;5.94265;-0.0699572;6.99572
4707;0.000185183;5.94265;-0.0699572;6.99572
4708;0.000185183;5.94265;-0.0699572;6.99572
4709;0.000185183;5.94265;-0.0699572;6.99572
4710;0.000185183;5.94265;-0.0699572;6.99572
4711;0.000185183;5.94265;-0.0699572;6.99572
4712;0.000185183;5.94265;-0.0699572;6.99572
4713;0.000185183;5.94265;-0.0699572;6.99572
4714;0.000185183;5.94265;-0.0699572;6.99572
4715;0.000185183;5.94265;-0.0699572;6.99572
4716;0.000185183;5.94265;-0.0699572;6.99572
4717;0.000185183;5.94265;-0.0699572;6.99572
4718;0.000185183;5.94265;-0.0699572;6.99572
4719;0.000185183;5.94265;-0.0699572;6.99572
4720;0.000185183;5.94265;-0.0699572;6.99572
4721;0.000185183;5.94265;-0.0699572;6.99572
4722;0.000185183;5.94265;-0.0699572;6.99572
4723;0.000185183;5.94265;-0.0699572;6.99572
4724;0.000185183;5.94265;-0.0699572;6.99572
4725;0.000185183;5.94265;-0.0699572;6.99572
4726;0.000185183;5.94265;-0.0699572;6.99572
4727;0.000185183;5.94265;-0.0699572;6.99572
4728;0.000185183;5.94265;-0.0699572;6.99572
4729;0.000185183;5.94265;-0.0699572;6.99572
4730;0.000185183;5.94265;-0.0699572;6.99572
4731;0.000185183;5.94265;-0.0699572;6.99572
4732;0.000185183;5.94265;-0.0699572;6.99572
4733;0.000185183;5.94265;-0.0699572;6.99572
4734;0.000185183;5.94265;-0.0699572;6.99572
4735;0.000185183;5.94265;-0.0699572;6.99572
4736;0.000185183;5.94265;-0.0699572;6.99572
4737;0.000185183;5.94265;-0.0699572;6.99572
4738;0.000185183;5.94265;-0.0699572;6.99572
4739;0.000185183;5.94265;-0.0699572;6.99572
4740;0.000185183;5.94265;-0.0699572;6.99572
4741;0.000185183;5.94265;-0.0699572;6.99572
4742;0.000185183;5.94265;-0.0699572;6.99572
4743;0.000185183;5.94265;-0.0699572;6.99572
4744;0.000185183;5.94265;-0.0699572;6.99572
4745;0.000185183;5.94265;-0.0699572;6.99572
4746;0.000185183;5.94265;-0.0699572;6.99572
4747;0.000185183;5.94265;-0.0699572;6.99572
4748;0.000185183;5.94265;-0.0699572;6.99572
4749;0.000185183;5.94265;-0.0699572;6.99572
4750;0.000185183;5.94265;-0.0699572;6.99572
4751;0.000185183;5.94265;-0.0699572;6.99572
4752;0.000185183;5.94265;-0.0699572;6.99572
4753;0.000185183;5.94265;-0.0699572;6.99572
4754;0.000185183;5.94265;-0.0699572;6.99572
4755;0.000185183;5.94265;-0.0699572;6.99572
4756;0.000185183;5.94265;-0.0699572;6.99572
4757;0.000185183;5.94265;-0.0699572;6.99572
4758;0.000185183;5.94265;-0.0699572;6.99572
4759;0.000185183;5.94265;-0.0699572;6.99572
4760;0.000185183;5.94265;-0.0699572;6.99572
4761;0.000185183;5.94265;-0.0699572;6.99572
4762;0.000185183;5.94265;-0.0699572;6.99572
4763;0.000185183;5.94265;-0.0699572;6.99572
4764;0.000185183;5.94265;-0.0699572;6.99572
4765;0.000185183;5.94265;-0.0699572;6.99572
4766;0.000185183;5.94265;-0.0699572;6.99572
4767;0.000185183;5.94265;-0.0699572;6.99572
4768;0.000185183;5.94265;-0.0699572;6.99572
4769;0.000185183;5.94265;-0.0699572;6.99572
4770;0.000185183;5.94265;-0.0699572;6.99572
4771;0.000185183;5.94265;-0.0699572;6.99572
4772;0.000185183;5.94265;-0.0699572;6.99572
4773;0.000185183;5.94265;-0.0699572;6.99572
4774;0.000185183;5.94265;-0.0699572;6.99572
4775;0.000185183;5.94265;-0.0699572;6.99572
4776;0.000185183;5.94265;-0.0699572;6.99572
4777;0.000185183;5.94265;-0.0699572;6.99572
4778;0.000185183;5.94265;-0.0699572;6.99572
4779;0.000185183;5.94265;-0.0699572;6.99572
4780;0.000185183;5.94265;-0.0699572;6.99572
4781;0.000185183;5.94265;-0.0699572;6.99572
4782;0.000185183;5.94265;-0.0699572;6.99572
4783;0.000185183;5.94265;-0.0699572;6.99572
4784;0.000185183;5.94265;-0.0699572;6.99572
4785;0.000185183;5.94265;-0.0699572;6.99572
4786;0.000185183;5.94265;-0.0699572;6.99572
4787;0.000185183;5.94265;-0.0699572;6.99572
4788;0.000185183;5.94265;-0.0699572;6.99572
4789;0.000185183;5.94265;-0.0699572;6.99572
4790;0.000185183;5.94265;-0.0699572;6.99572
4791;0.000185183;5.94265;-0.0699572;6.99572
4792;0.000185183;5.94265;-0.0699572;6.99572
4793;0.000185183;5.94265;-0.0699572;6.99572
4794;0.000185183;5.94265;-0.0699572;6.99572
4795;0.000185183;5.94265;-0.0699572;6.99572
4796;0.000185183;5.94265;-0.0699572;6.99572
4797;0.000185183;5.94265;-0.0699572;6.99572
4798;0.000185183;5.94265;-0.0699572;6.99572
4799;0.000185183;5.94265;-0.0699572;6.99572
4800;0.000185183;5.94265;-0.0699572;6.99572
4801;0.000185183;5.94265;-0.0699572;6.99572
4802;0.000185183;5.94265;-0.0699572;6.99572
4803;0.000185183;5.94265;-0.0699572;6.99572
4804;0.000185183;5.94265;-0.0699572;6.99572
4805;0.000185183;5.94265;-0.0699572;6.99572
4806;0.000185183;5.94265;-0.0699572;6.99572
4807;0.000185183;5.94265;-0.0699572;6.99572
4808;0.000185183;5.94265;-0.0699572;6.99572
4809;0.000185183;5.94265;-0.0699572;6.99572
4810;0.000185183;5.94265;-0.0699572;6.99572
4811;0.000185183;5.94265;-0.0699572;6.99572
4812;0.000185183;5.94265;-0.0699572;6.99572
4813;0.000185183;5.94265;-0.0699572;6.99572
4814;0.000185183;5.94265;-0.0699572;6.99572
4815;0.000185183;5.94265;-0.0699572;6.99572
4816;0.000185183;5.94265;-0.0699572;6.99572
4817;0.000185183;5.94265;-0.0699572;6.99572
4818;0.000185183;5.94265;-0.0699572;6.99572
4819;0.000185183;5.94265;-0.0699572;6.99572
4820;0.000185183;5.94265;-0.0699572;6.99572
4821;0.000185183;5.94265;-0.0699572;6.99572
4822;0.000185183;5.94265;-0.0699572;6.99572
4823;0.000185183;5.94265;-0.0699572;6.99572
4824;0.000185183;5.94265;-0.0699572;6.99572
4825;0.000185183;5.94265;-0.0699572;6.99572
4826;0.000185183;5.94265;-0.0699572;6.99572
4827;0.000185183;5.94265;-0.0699572;6.99572
4828;0.000185183;5.94265;-0.0699572;6.99572
4829;0.000185183;5.94265;-0.0699572;6.99572
4830;0.000185183;5.94265;-0.0699572;6.99572
4831;0.000185183;5.94265;-0.0699572;6.99572
4832;0.000185183;5.94265;-0.0699572;6.99572
4833;0.000185183;5.94265;-0.0699572;6.99572
4834;0.000185183;5.94265;-0.0699572;6.99572
4835;0.000185183;5.94265;-0.0699572;6.99572
4836;0.000185183;5.94265;-0.0699572;6.99572
4837;0.000185183;5.94265;-0.0699572;6.99572
4838;0.000185183;5.94265;-0.0699572;6.99572
4839;0.000185183;5.94265;-0.0699572;6.99572
4840;0.000185183;5.94265;-0.0699572;6.99572
4841;0.000185183;5.94265;-0.0699572;6.99572
4842;0.000185183;5.94265;-0.0699572;6.99572
4843;0.000185183;5.94265;-0.0699572;6.99572
4844;0.000185183;5.94265;-0.0699572;6.99572
4845;0.000185183;5.94265;-0.0699572;6.99572
4846;0.000185183;5.94265;-0.0699572;6.99572
4847;0.000185183;5.94265;-0.0699572;6.99572
4848;0.000185183;5.94265;-0.0699572;6.99572
4849;0.000185183;5.94265;-0.0699572;6.99572
4850;0.000185183;5.94265;-0.0699572;6.99572
4851;0.000185183;5.94265;-0.0699572;6.99572
4852;0.000185183;5.94265;-0.0699572;6.99572
4853;0.000185183;5.94265;-0.0699572;6.99572
4854;0.000185183;5.94265;-0.0699572;6.99572
4855;0.000185183;5.94265;-0.0699572;6.99572
4856;0.000185183;5.94265;-0.0699572;6.99572
4857;0.000185183;5.94265;-0.0699572;6.99572
4858;0.000185183;5.94265;-0.0699572;6.99572
4859;0.000185183;5.94265;-0.0699572;6.99572
4860;0.000185183;5.94265;-0.0699572;6.99572
4861;0.000185183;5.94265;-0.0699572;6.99572
4862;0.000185183;5.94265;-0.0699572;6.99572
4863;0.000185183;5.94265;-0.0699572;6.99572
4864;0.000185183;5.94265;-0.0699572;6.99572
4865;0.000185183;5.94265;-0.0699572;6.99572
4866;0.000185183;5.94265;-0.0699572;6.99572
4867;0.000185183;5.94265;-0.0699572;6.99572
4868;0.000185183;5.94265;-0.0699572;6.99572
4869;0.000185183;5.94265;-0.0699572;6.99572
4870;0.000185183;5.94265;-0.0699572;6.99572
4871;0.000185183;5.94265;-0.0699572;6.99572
4872;0.000185183;5.94265;-0.0699572;6.99572
4873;0.000185183;5.94265;-0.0699572;6.99572
4874;0.000185183;5.94265;-0.0699572;6.99572
4875;0.000185183;5.94265;-0.0699572;6.99572
4876;0.000185183;5.94265;-0.0699572;6.99572
4877;0.000185183;5.94265;-0.0699572;6.99572
4878;0.000185183;5.94265;-0.0699572;6.99572
4879;0.000185183;5.94265;-0.0699572;6.99572
4880;0.000185183;5.94265;-0.0699572;6.99572
4881;0.000185183;5.94265;-0.0699572;6.99572
4882;0.000185183;5.94265;-0.0699572;6.99572
4883;0.000185183;5.94265;-0.0699572;6.99572
4884;0.000185183;5.94265;-0.0699572;6.99572
4885;0.000185183;5.94265;-0.0699572;6.99572
4886;0.000185183;5.94265;-0.0699572;6.99572
4887;0.000185183;5.94265;-0.0699572;6.99572
4888;0.000185183;5.94265;-0.0699572;6.99572
4889;0.000185183;5.94265;-0.0699572;6.99572
4890;0.000185183;5.94265;-0.0699572;6.99572
4891;0.000185183;5.94265;-0.0699572;6.99572
4892;0.000185183;5.94265;-0.0699572;6.99572
4893;0.000185183;5.94265;-0.0699572;6.99572
4894;0.000185183;5.94265;-0.0699572;6.99572
4895;0.000185183;5.94265;-0.0699572;6.99572
4896;0.000185183;5.94265;-0.0699572;6.99572
4897;0.000185183;5.94265;-0.0699572;6.99572
4898;0.000185183;5.94265;-0.0699572;6.99572
4899;0.000185183;5.94265;-0.0699572;6.99572
4900;0.000185183;5.94265;-0.0699572;6.99572
4901;0.000185183;5.94265;-0.0699572;6.99572
4902;0.000185183;5.94265;-0.0699572;6.99572
4903;0.000185183;5.94265;-0.0699572;6.99572
4904;0.000185183;5.94265;-0.0699572;6.99572
4905;0.000185183;5.94265;-0.0699572;6.99572
4906;0.000185183;5.94265;-0.0699572;6.99572
4907;0.000185183;5.94265;-0.0699572;6.99572
4908;0.000185183;5.94265;-0.0699572;6.99572
4909;0.000185183;5.94265;-0.0699572;6.99572
4910;0.000185183;5.94265;-0.0699572;6.99572
4911;0.000185183;5.94265;-0.0699572;6.99572
4912;0.000185183;5.94265;-0.0699572;6.99572
4913;0.000185183;5.94265;-0.0699572;6.99572
4914;0.000185183;5.94265;-0.0699572;6.99572
4915;0.000185183;5.94265;-0.0699572;6.99572
4916;0.000185183;5.94265;-0.0699572;6.99572
4917;0.000185183;5.94265;-0.0699572;6.99572
4918;0.000185183;5.94265;-0.0699572;6.99572
4919;0.000185183;5.94265;-0.0699572;6.99572
4920;0.000185183;5.94265;-0.0699572;6.99572
4921;0.000185183;5.94265;-0.0699572;6.99572
4922;0.000185183;5.94265;-0.0699572;6.99572
4923;0.000185183;5.94265;-0.0699572;6.99572
4924;0.000185183;5.94265;-0.0699572;6.99572
4925;0.000185183;5.94265;-0.0699572;6.99572
4926;0.000185183;5.94265;-0.0699572;6.99572
4927;0.000185183;5.94265;-0.0699572;6.99572
4928;0.000185183;5.94265;-0.0699572;6.99572
4929;0.000185183;5.94265;-0.0699572;6.99572
4930;0.000185183;5.94265;-0.0699572;6.99572
4931;0.000185183;5.94265;-0.0699572;6.99572
4932;0.000185183;5.94265;-0.0699572;6.99572
4933;0.000185183;5.94265;-0.0699572;6.99572
4934;0.000185183;5.94265;-0.0699572;6.99572
4935;0.000185183;5.94265;-0.0699572;6.99572
4936;0.000185183;5.94265;-0.0699572;6.99572
4937;0.000185183;5.94265;-0.0699572;6.99572
4938;0.000185183;5.94265;-0.0699572;6.99572
4939;0.000185183;5.94265;-0.0699572;6.99572
4940;0.000185183;5.94265;-0.0699572;6.99572
4941;0.000185183;5.94265;-0.0699572;6.99572
4942;0.000185183;5.94265;-0.0699572;6.99572
4943;0.000185183;5.94265;-0.0699572;6.99572
4944;0.000185183;5.94265;-0.0699572;6.99572
4945;0.000185183;5.94265;-0.0699572;6.99572
4946;0.000185183;5.94265;-0.0699572;6.99572
4947;0.000185183;5.94265;-0.0699572;6.99572
4948;0.000185183;5.94265;-0.0699572;6.99572
4949;0.000185183;5.94265;-0.0699572;6.99572
4950;0.000185183;5.94265;-0.0699572;6.99572
4951;0.000185183;5.94265;-0.0699572;6.99572
4952;0.000185183;5.94265;-0.0699572;6.99572
4953;0.000185183;5.94265;-0.0699572;6.99572
4954;0.000185183;5.94265;-0.0699572;6.99572
4955;0.000185183;5.94265;-0.0699572;6.99572
4956;0.000185183;5.94265;-0.0699572;6.99572
4957;0.000185183;5.94265;-0.0699572;6.99572
4958;0.000185183;5.94265;-0.0699572;6.99572
4959;0.000185183;5.94265;-0.0699572;6.99572
4960;0.000185183;5.94265;-0.0699572;6.99572
4961;0.000185183;5.94265;-0.0699572;6.99572
4962;0.000185183;5.94265;-0.0699572;6.99572
4963;0.000185183;5.94265;-0.0699572;6.99572
4964;0.000185183;5.94265;-0.0699572;6.99572
4965;0.000185183;5.94265;-0.0699572;6.99572
4966;0.000185183;5.94265;-0.0699572;6.99572
4967;0.000185183;5.94265;-0.0699572;6.99572
4968;0.000185183;5.94265;-0.0699572;6.99572
4969;0.000185183;5.94265;-0.0699572;6.99572
4970;0.000185183;5.94265;-0.0699572;6.99572
4971;0.000185183;5.94265;-0.0699572;6.99572
4972;0.000185183;5.94265;-0.0699572;6.99572
4973;0.000185183;5.94265;-0.0699572;6.99572
4974;0.000185183;5.94265;-0.0699572;6.99572
4975;0.000185183;5.94265;-0.0699572;6.99572
4976;0.000185183;5.94265;-0.0699572;6.99572
4977;0.000185183;5.94265;-0.0699572;6.99572
4978;0.000185183;5.94265;-0.0699572;6.99572
4979;0.000185183;5.94265;-0.0699572;6.99572
4980;0.000185183;5.94265;-0.0699572;6.99572
4981;0.000185183;5.94265;-0.0699572;6.99572
4982;0.000185183;5.94265;-0.0699572;6.99572
4983;0.000185183;5.94265;-0.0699572;6.99572
4984;0.000185183;5.94265;-0.0699572;6.99572
4985;0.000185183;5.94265;-0.0699572;6.99572
4986;0.000185183;5.94265;-0.0699572;6.99572
4987;0.000185183;5.94265;-0.0699572;6.99572
4988;0.000185183;5.94265;-0.0699572;6.99572
4989;0.000185183;5.94265;-0.0699572;6.99572
4990;0.000185183;5.94265;-0.0699572;6.99572
4991;0.000185183;5.94265;-0.0699572;6.99572
4992;0.000185183;5.94265;-0.0699572;6.99572
4993;0.000185183;5.94265;-0.0699572;6.99572
4994;0.000185183;5.94265;-0.0699572;6.99572
4995;0.000185183;5.94265;-0.0699572;6.99572
4996;0.000185183;5.94265;-0.0699572;6.99572
4997;0.000185183;5.94265;-0.0699572;6.99572
4998;0.000185183;5.94265;-0.0699572;6.99572
4999;0.000185183;5.94265;-0.0699572;6.99572
5000;0.000185183;5.94265;-0.0699572;6.99572
5001;0.000185183;5.94265;-0.0699572;6.99572
5002;0.000185183;5.94265;-0.0699572;6.99572
5003;0.000185183;5.94265;-0.0699572;6.99572
5004;0.000185183;5.94265;-0.0699572;6.99572
5005;0.000185183;5.94265;-0.0699572;6.99572
5006;0.000185183;5.94265;-0.0699572;6.99572
5007;0.000185183;5.94265;-0.0699572;6.99572
5008;0.000185183;5.94265;-0.0699572;6.99572
5009;0.000185183;5.94265;-0.0699572;6.99572
5010;0.000185183;5.94265;-0.0699572;6.99572
5011;0.000185183;5.94265;-0.0699572;6.99572
5012;0.000185183;5.94265;-0.0699572;6.99572
5013;0.000185183;5.94265;-0.0699572;6.99572
5014;0.000185183;5.94265;-0.0699572;6.99572
5015;0.000185183;5.94265;-0.0699572;6.99572
5016;0.000185183;5.94265;-0.0699572;6.99572
5017;0.000185183;5.94265;-0.0699572;6.99572
5018;0.000185183;5.94265;-0.0699572;6.99572
5019;0.000185183;5.94265;-0.0699572;6.99572
5020;0.000185183;5.94265;-0.0699572;6.99572
5021;0.000185183;5.94265;-0.0699572;6.99572
5022;0.000185183;5.94265;-0.0699572;6.99572
5023;0.000185183;5.94265;-0.0699572;6.99572
5024;0.000185183;5.94265;-0.0699572;6.99572
5025;0.000185183;5.94265;-0.0699572;6.99572
5026;0.000185183;5.94265;-0.0699572;6.99572
5027;0.000185183;5.94265;-0.0699572;6.99572
5028;0.000185183;5.94265;-0.0699572;6.99572
5029;0.000185183;5.94265;-0.0699572;6.99572
5030;0.000185183;5.94265;-0.0699572;6.99572
5031;0.000185183;5.94265;-0.0699572;6.99572
5032;0.000185183;5.94265;-0.0699572;6.99572
5033;0.000185183;5.94265;-0.0699572;6.99572
5034;0.000185183;5.94265;-0.0699572;6.99572
5035;0.000185183;5.94265;-0.0699572;6.99572
5036;0.000185183;5.94265;-0.0699572;6.99572
5037;0.000185183;5.94265;-0.0699572;6.99572
5038;0.000185183;5.94265;-0.0699572;6.99572
5039;0.000185183;5.94265;-0.0699572;6.99572
5040;0.000185183;5.94265;-0.0699572;6.99572
5041;0.000185183;5.94265;-0.0699572;6.99572
5042;0.000185183;5.94265;-0.0699572;6.99572
5043;0.000185183;5.94265;-0.0699572;6.99572
5044;0.000185183;5.94265;-0.0699572;6.99572
5045;0.000185183;5.94265;-0.0699572;6.99572
5046;0.000185183;5.94265;-0.0699572;6.99572
5047;0.000185183;5.94265;-0.0699572;6.99572
5048;0.000185183;5.94265;-0.0699572;6.99572
5049;0.000185183;5.94265;-0.0699572;6.99572
5050;0.000185183;5.94265;-0.0699572;6.99572
5051;0.000185183;5.94265;-0.0699572;6.99572
5052;0.000185183;5.94265;-0.0699572;6.99572
5053;0.000185183;5.94265;-0.0699572;6.99572
5054;0.000185183;5.94265;-0.0699572;6.99572
5055;0.000185183;5.94265;-0.0699572;6.99572
5056;0.000185183;5.94265;-0.0699572;6.99572
5057;0.000185183;5.94265;-0.0699572;6.99572
5058;0.000185183;5.94265;-0.0699572;6.99572
5059;0.000185183;5.94265;-0.0699572;6.99572
5060;0.000185183;5.94265;-0.0699572;6.99572
5061;0.000185183;5.94265;-0.0699572;6.99572
5062;0.000185183;5.94265;-0.0699572;6.99572
5063;0.000185183;5.94265;-0.0699572;6.99572
5064;0.000185183;5.94265;-0.0699572;6.99572
5065;0.000185183;5.94265;-0.0699572;6.99572
5066;0.000185183;5.94265;-0.0699572;6.99572
5067;0.000185183;5.94265;-0.0699572;6.99572
5068;0.000185183;5.94265;-0.0699572;6.99572
5069;0.000185183;5.94265;-0.0699572;6.99572
5070;0.000185183;5.94265;-0.0699572;6.99572
5071;0.000185183;5.94265;-0.0699572;6.99572
5072;0.000185183;5.94265;-0.0699572;6.99572
5073;0.000185183;5.94265;-0.0699572;6.99572
5074;0.000185183;5.94265;-0.0699572;6.99572
5075;0.000185183;5.94265;-0.0699572;6.99572
5076;0.000185183;5.94265;-0.0699572;6.99572
5077;0.000185183;5.94265;-0.0699572;6.99572
5078;0.000185183;5.94265;-0.0699572;6.99572
5079;0.000185183;5.94265;-0.0699572;6.99572
5080;0.000185183;5.94265;-0.0699572;6.99572
5081;0.000185183;5.94265;-0.0699572;6.99572
5082;0.000185183;5.94265;-0.0699572;6.99572
5083;0.000185183;5.94265;-0.0699572;6.99572
5084;0.000185183;5.94265;-0.0699572;6.99572
5085;0.000185183;5.94265;-0.0699572;6.99572
5086;0.000185183;5.94265;-0.0699572;6.99572
5087;0.000185183;5.94265;-0.0699572;6.99572
5088;0.000185183;5.94265;-0.0699572;6.99572
5089;0.000185183;5.94265;-0.0699572;6.99572
5090;0.000185183;5.94265;-0.0699572;6.99572
5091;0.000185183;5.94265;-0.0699572;6.99572
5092;0.000185183;5.94265;-0.0699572;6.99572
5093;0.000185183;5.94265;-0.0699572;6.99572
5094;0.000185183;5.94265;-0.0699572;6.99572
5095;0.000185183;5.94265;-0.0699572;6.99572
5096;0.000185183;5.94265;-0.0699572;6.99572
5097;0.000185183;5.94265;-0.0699572;6.99572
5098;0.000185183;5.94265;-0.0699572;6.99572
5099;0.000185183;5.94265;-0.0699572;6.99572
5100;0.000185183;5.94265;-0.0699572;6.99572
5101;0.000185183;5.94265;-0.0699572;6.99572
5102;0.000185183;5.94265;-0.0699572;6.99572
5103;0.000185183;5.94265;-0.0699572;6.99572
5104;0.000185183;5.94265;-0.0699572;6.99572
5105;0.000185183;5.94265;-0.0699572;6.99572
5106;0.000185183;5.94265;-0.0699572;6.99572
5107;0.000185183;5.94265;-0.0699572;6.99572
5108;0.000185183;5.94265;-0.0699572;6.99572
5109;0.000185183;5.94265;-0.0699572;6.99572
5110;0.000185183;5.94265;-0.0699572;6.99572
5111;0.000185183;5.94265;-0.0699572;6.99572
5112;0.000185183;5.94265;-0.0699572;6.99572
5113;0.000185183;5.94265;-0.0699572;6.99572
5114;0.000185183;5.94265;-0.0699572;6.99572
5115;0.000185183;5.94265;-0.0699572;6.99572
5116;0.000185183;5.94265;-0.0699572;6.99572
5117;0.000185183;5.94265;-0.0699572;6.99572
5118;0.000185183;5.94265;-0.0699572;6.99572
5119;0.000185183;5.94265;-0.0699572;6.99572
5120;0.000185183;5.94265;-0.0699572;6.99572
5121;0.000185183;5.94265;-0.0699572;6.99572
5122;0.000185183;5.94265;-0.0699572;6.99572
5123;0.000185183;5.94265;-0.0699572;6.99572
5124;0.000185183;5.94265;-0.0699572;6.99572
5125;0.000185183;5.94265;-0.0699572;6.99572
5126;0.000185183;5.94265;-0.0699572;6.99572
5127;0.000185183;5.94265;-0.0699572;6.99572
5128;0.000185183;5.94265;-0.0699572;6.99572
5129;0.000185183;5.94265;-0.0699572;6.99572
5130;0.000185183;5.94265;-0.0699572;6.99572
5131;0.000185183;5.94265;-0.0699572;6.99572
5132;0.000185183;5.94265;-0.0699572;6.99572
5133;0.000185183;5.94265;-0.0699572;6.99572
5134;0.000185183;5.94265;-0.0699572;6.99572
5135;0.000185183;5.94265;-0.0699572;6.99572
5136;0.000185183;5.94265;-0.0699572;6.99572
5137;0.000185183;5.94265;-0.0699572;6.99572
5138;0.000185183;5.94265;-0.0699572;6.99572
5139;0.000185183;5.94265;-0.0699572;6.99572
5140;0.000185183;5.94265;-0.0699572;6.99572
5141;0.000185183;5.94265;-0.0699572;6.99572
5142;0.000185183;5.94265;-0.0699572;6.99572
5143;0.000185183;5.94265;-0.0699572;6.99572
5144;0.000185183;5.94265;-0.0699572;6.99572
5145;0.000185183;5.94265;-0.0699572;6.99572
5146;0.000185183;5.94265;-0.0699572;6.99572
5147;0.000185183;5.94265;-0.0699572;6.99572
5148;0.000185183;5.94265;-0.0699572;6.99572
5149;0.000185183;5.94265;-0.0699572;6.99572
5150;0.000185183;5.94265;-0.0699572;6.99572
5151;0.000185183;5.94265;-0.0699572;6.99572
5152;0.000185183;5.94265;-0.0699572;6.99572
5153;0.000185183;5.94265;-0.0699572;6.99572
5154;0.000185183;5.94265;-0.0699572;6.99572
5155;0.000185183;5.94265;-0.0699572;6.99572
5156;0.000185183;5.94265;-0.0699572;6.99572
5157;0.000185183;5.94265;-0.0699572;6.99572
5158;0.000185183;5.94265;-0.0699572;6.99572
5159;0.000185183;5.94265;-0.0699572;6.99572
5160;0.000185183;5.94265;-0.0699572;6.99572
5161;0.000185183;5.94265;-0.0699572;6.99572
5162;0.000185183;5.94265;-0.0699572;6.99572
5163;0.000185183;5.94265;-0.0699572;6.99572
5164;0.000185183;5.94265;-0.0699572;6.99572
5165;0.000185183;5.94265;-0.0699572;6.99572
5166;0.000185183;5.94265;-0.0699572;6.99572
5167;0.000185183;5.94265;-0.0699572;6.99572
5168;0.000185183;5.94265;-0.0699572;6.99572
5169;0.000185183;5.94265;-0.0699572;6.99572
5170;0.000185183;5.94265;-0.0699572;6.99572
5171;0.000185183;5.94265;-0.0699572;6.99572
5172;0.000185183;5.94265;-0.0699572;6.99572
5173;0.000185183;5.94265;-0.0699572;6.99572
5174;0.000185183;5.94265;-0.0699572;6.99572
5175;0.000185183;5.94265;-0.0699572;6.99572
5176;0.000185183;5.94265;-0.0699572;6.99572
5177;0.000185183;5.94265;-0.0699572;6.99572
5178;0.000185183;5.94265;-0.0699572;6.99572
5179;0.000185183;5.94265;-0.0699572;6.99572
5180;0.000185183;5.94265;-0.0699572;6.99572
5181;0.000185183;5.94265;-0.0699572;6.99572
5182;0.000185183;5.94265;-0.0699572;6.99572
5183;0.000185183;5.94265;-0.0699572;6.99572
5184;0.000185183;5.94265;-0.0699572;6.99572
5185;0.000185183;5.94265;-0.0699572;6.99572
5186;0.000185183;5.94265;-0.0699572;6.99572
5187;0.000185183;5.94265;-0.0699572;6.99572
5188;0.000185183;5.94265;-0.0699572;6.99572
5189;0.000185183;5.94265;-0.0699572;6.99572
5190;0.000185183;5.94265;-0.0699572;6.99572
5191;0.000185183;5.94265;-0.0699572;6.99572
5192;0.000185183;5.94265;-0.0699572;6.99572
5193;0.000185183;5.94265;-0.0699572;6.99572
5194;0.000185183;5.94265;-0.0699572;6.99572
5195;0.000185183;5.94265;-0.0699572;6.99572
5196;0.000185183;5.94265;-0.0699572;6.99572
5197;0.000185183;5.94265;-0.0699572;6.99572
5198;0.000185183;5.94265;-0.0699572;6.99572
5199;0.000185183;5.94265;-0.0699572;6.99572
5200;0.000185183;5.94265;-0.0699572;6.99572
5201;0.000185183;5.94265;-0.0699572;6.99572
5202;0.000185183;5.94265;-0.0699572;6.99572
5203;0.000185183;5.94265;-0.0699572;6.99572
5204;0.000185183;5.94265;-0.0699572;6.99572
5205;0.000185183;5.94265;-0.0699572;6.99572
5206;0.000185183;5.94265;-0.0699572;6.99572
5207;0.000185183;5.94265;-0.0699572;6.99572
5208;0.000185183;5.94265;-0.0699572;6.99572
5209;0.000185183;5.94265;-0.0699572;6.99572
5210;0.000185183;5.94265;-0.0699572;6.99572
5211;0.000185183;5.94265;-0.0699572;6.99572
5212;0.000185183;5.94265;-0.0699572;6.99572
5213;0.000185183;5.94265;-0.0699572;6.99572
5214;0.000185183;5.94265;-0.0699572;6.99572
5215;0.000185183;5.94265;-0.0699572;6.99572
5216;0.000185183;5.94265;-0.0699572;6.99572
5217;0.000185183;5.94265;-0.0699572;6.99572
5218;0.000185183;5.94265;-0.0699572;6.99572
5219;0.000185183;5.94265;-0.0699572;6.99572
5220;0.000185183;5.94265;-0.0699572;6.99572
5221;0.000185183;5.94265;-0.0699572;6.99572
5222;0.000185183;5.94265;-0.0699572;6.99572
5223;0.000185183;5.94265;-0.0699572;6.99572
5224;0.000185183;5.94265;-0.0699572;6.99572
5225;0.000185183;5.94265;-0.0699572;6.99572
5226;0.000185183;5.94265;-0.0699572;6.99572
5227;0.000185183;5.94265;-0.0699572;6.99572
5228;0.000185183;5.94265;-0.0699572;6.99572
5229;0.000185183;5.94265;-0.0699572;6.99572
5230;0.000185183;5.94265;-0.0699572;6.99572
5231;0.000185183;5.94265;-0.0699572;6.99572
5232;0.000185183;5.94265;-0.0699572;6.99572
5233;0.000185183;5.94265;-0.0699572;6.99572
5234;0.000185183;5.94265;-0.0699572;6.99572
5235;0.000185183;5.94265;-0.0699572;6.99572
5236;0.000185183;5.94265;-0.0699572;6.99572
5237;0.000185183;5.94265;-0.0699572;6.99572
5238;0.000185183;5.94265;-0.0699572;6.99572
5239;0.000185183;5.94265;-0.0699572;6.99572
5240;0.000185183;5.94265;-0.0699572;6.99572
5241;0.000185183;5.94265;-0.0699572;6.99572
5242;0.000185183;5.94265;-0.0699572;6.99572
5243;0.000185183;5.94265;-0.0699572;6.99572
5244;0.000185183;5.94265;-0.0699572;6.99572
5245;0.000185183;5.94265;-0.0699572;6.99572
5246;0.000185183;5.94265;-0.0699572;6.99572
5247;0.000185183;5.94265;-0.0699572;6.99572
5248;0.000185183;5.94265;-0.0699572;6.99572
5249;0.000185183;5.94265;-0.0699572;6.99572
5250;0.000185183;5.94265;-0.0699572;6.99572
5251;0.000185183;5.94265;-0.0699572;6.99572
5252;0.000185183;5.94265;-0.0699572;6.99572
5253;0.000185183;5.94265;-0.0699572;6.99572
5254;0.000185183;5.94265;-0.0699572;6.99572
5255;0.000185183;5.94265;-0.0699572;6.99572
5256;0.000185183;5.94265;-0.0699572;6.99572
5257;0.000185183;5.94265;-0.0699572;6.99572
5258;0.000185183;5.94265;-0.0699572;6.99572
5259;0.000185183;5.94265;-0.0699572;6.99572
5260;0.000185183;5.94265;-0.0699572;6.99572
5261;0.000185183;5.94265;-0.0699572;6.99572
5262;0.000185183;5.94265;-0.0699572;6.99572
5263;0.000185183;5.94265;-0.0699572;6.99572
5264;0.000185183;5.94265;-0.0699572;6.99572
5265;0.000185183;5.94265;-0.0699572;6.99572
5266;0.000185183;5.94265;-0.0699572;6.99572
5267;0.000185183;5.94265;-0.0699572;6.99572
5268;0.000185183;5.94265;-0.0699572;6.99572
5269;0.000185183;5.94265;-0.0699572;6.99572
5270;0.000185183;5.94265;-0.0699572;6.99572
5271;0.000185183;5.94265;-0.0699572;6.99572
5272;0.000185183;5.94265;-0.0699572;6.99572
5273;0.000185183;5.94265;-0.0699572;6.99572
5274;0.000185183;5.94265;-0.0699572;6.99572
5275;0.000185183;5.94265;-0.0699572;6.99572
5276;0.000185183;5.94265;-0.0699572;6.99572
5277;0.000185183;5.94265;-0.0699572;6.99572
5278;0.000185183;5.94265;-0.0699572;6.99572
5279;0.000185183;5.94265;-0.0699572;6.99572
5280;0.000185183;5.94265;-0.0699572;6.99572
5281;0.000185183;5.94265;-0.0699572;6.99572
5282;0.000185183;5.94265;-0.0699572;6.99572
5283;0.000185183;5.94265;-0.0699572;6.99572
5284;0.000185183;5.94265;-0.0699572;6.99572
5285;0.000185183;5.94265;-0.0699572;6.99572
5286;0.000185183;5.94265;-0.0699572;6.99572
5287;0.000185183;5.94265;-0.0699572;6.99572
5288;0.000185183;5.94265;-0.0699572;6.99572
5289;0.000185183;5.94265;-0.0699572;6.99572
5290;0.000185183;5.94265;-0.0699572;6.99572
5291;0.000185183;5.94265;-0.0699572;6.99572
5292;0.000185183;5.94265;-0.0699572;6.99572
5293;0.000185183;5.94265;-0.0699572;6.99572
5294;0.000185183;5.94265;-0.0699572;6.99572
5295;0.000185183;5.94265;-0.0699572;6.99572
5296;0.000185183;5.94265;-0.0699572;6.99572
5297;0.000185183;5.94265;-0.0699572;6.99572
5298;0.000185183;5.94265;-0.0699572;6.99572
5299;0.000185183;5.94265;-0.0699572;6.99572
5300;0.000185183;5.94265;-0.0699572;6.99572
5301;0.000185183;5.94265;-0.0699572;6.99572
5302;0.000185183;5.94265;-0.0699572;6.99572
5303;0.000185183;5.94265;-0.0699572;6.99572
5304;0.000185183;5.94265;-0.0699572;6.99572
5305;0.000185183;5.94265;-0.0699572;6.99572
5306;0.000185183;5.94265;-0.0699572;6.99572
5307;0.000185183;5.94265;-0.0699572;6.99572
5308;0.000185183;5.94265;-0.0699572;6.99572
5309;0.000185183;5.94265;-0.0699572;6.99572
5310;0.000185183;5.94265;-0.0699572;6.99572
5311;0.000185183;5.94265;-0.0699572;6.99572
5312;0.000185183;5.94265;-0.0699572;6.99572
5313;0.000185183;5.94265;-0.0699572;6.99572
5314;0.000185183;5.94265;-0.0699572;6.99572
5315;0.000185183;5.94265;-0.0699572;6.99572
5316;0.000185183;5.94265;-0.0699572;6.99572
5317;0.000185183;5.94265;-0.0699572;6.99572
5318;0.000185183;5.94265;-0.0699572;6.99572
5319;0.000185183;5.94265;-0.0699572;6.99572
5320;0.000185183;5.94265;-0.0699572;6.99572
5321;0.000185183;5.94265;-0.0699572;6.99572
5322;0.000185183;5.94265;-0.0699572;6.99572
5323;0.000185183;5.94265;-0.0699572;6.99572
5324;0.000185183;5.94265;-0.0699572;6.99572
5325;0.000185183;5.94265;-0.0699572;6.99572
5326;0.000185183;5.94265;-0.0699572;6.99572
5327;0.000185183;5.94265;-0.0699572;6.99572
5328;0.000185183;5.94265;-0.0699572;6.99572
5329;0.000185183;5.94265;-0.0699572;6.99572
5330;0.000185183;5.94265;-0.0699572;6.99572
5331;0.000185183;5.94265;-0.0699572;6.99572
5332;0.000185183;5.94265;-0.0699572;6.99572
5333;0.000185183;5.94265;-0.0699572;6.99572
5334;0.000185183;5.94265;-0.0699572;6.99572
5335;0.000185183;5.94265;-0.0699572;6.99572
5336;0.000185183;5.94265;-0.0699572;6.99572
5337;0.000185183;5.94265;-0.0699572;6.99572
5338;0.000185183;5.94265;-0.0699572;6.99572
5339;0.000185183;5.94265;-0.0699572;6.99572
5340;0.000185183;5.94265;-0.0699572;6.99572
5341;0.000185183;5.94265;-0.0699572;6.99572
5342;0.000185183;5.94265;-0.0699572;6.99572
5343;0.000185183;5.94265;-0.0699572;6.99572
5344;0.000185183;5.94265;-0.0699572;6.99572
5345;0.000185183;5.94265;-0.0699572;6.99572
5346;0.000185183;5.94265;-0.0699572;6.99572
5347;0.000185183;5.94265;-0.0699572;6.99572
5348;0.000185183;5.94265;-0.0699572;6.99572
5349;0.000185183;5.94265;-0.0699572;6.99572
5350;0.000185183;5.94265;-0.0699572;6.99572
5351;0.000185183;5.94265;-0.0699572;6.99572
5352;0.000185183;5.94265;-0.0699572;6.99572
5353;0.000185183;5.94265;-0.0699572;6.99572
5354;0.000185183;5.94265;-0.0699572;6.99572
5355;0.000185183;5.94265;-0.0699572;6.99572
5356;0.000185183;5.94265;-0.0699572;6.99572
5357;0.000185183;5.94265;-0.0699572;6.99572
5358;0.000185183;5.94265;-0.0699572;6.99572
5359;0.000185183;5.94265;-0.0699572;6.99572
5360;0.000185183;5.94265;-0.0699572;6.99572
5361;0.000185183;5.94265;-0.0699572;6.99572
5362;0.000185183;5.94265;-0.0699572;6.99572
5363;0.000185183;5.94265;-0.0699572;6.99572
5364;0.000185183;5.94265;-0.0699572;6.99572
5365;0.000185183;5.94265;-0.0699572;6.99572
5366;0.000185183;5.94265;-0.0699572;6.99572
5367;0.000185183;5.94265;-0.0699572;6.99572
5368;0.000185183;5.94265;-0.0699572;6.99572
5369;0.000185183;5.94265;-0.0699572;6.99572
5370;0.000185183;5.94265;-0.0699572;6.99572
5371;0.000185183;5.94265;-0.0699572;6.99572
5372;0.000185183;5.94265;-0.0699572;6.99572
5373;0.000185183;5.94265;-0.0699572;6.99572
5374;0.000185183;5.94265;-0.0699572;6.99572
5375;0.000185183;5.94265;-0.0699572;6.99572
5376;0.000185183;5.94265;-0.0699572;6.99572
5377;0.000185183;5.94265;-0.0699572;6.99572
5378;0.000185183;5.94265;-0.0699572;6.99572
5379;0.000185183;5.94265;-0.0699572;6.99572
5380;0.000185183;5.94265;-0.0699572;6.99572
5381;0.000185183;5.94265;-0.0699572;6.99572
5382;0.000185183;5.94265;-0.0699572;6.99572
5383;0.000185183;5.94265;-0.0699572;6.99572
5384;0.000185183;5.94265;-0.0699572;6.99572
5385;0.000185183;5.94265;-0.0699572;6.99572
5386;0.000185183;5.94265;-0.0699572;6.99572
5387;0.000185183;5.94265;-0.0699572;6.99572
5388;0.000185183;5.94265;-0.0699572;6.99572
5389;0.000185183;5.94265;-0.0699572;6.99572
5390;0.000185183;5.94265;-0.0699572;6.99572
5391;0.000185183;5.94265;-0.0699572;6.99572
5392;0.000185183;5.94265;-0.0699572;6.99572
5393;0.000185183;5.94265;-0.0699572;6.99572
5394;0.000185183;5.94265;-0.0699572;6.99572
5395;0.000185183;5.94265;-0.0699572;6.99572
5396;0.000185183;5.94265;-0.0699572;6.99572
5397;0.000185183;5.94265;-0.0699572;6.99572
5398;0.000185183;5.94265;-0.0699572;6.99572
5399;0.000185183;5.94265;-0.0699572;6.99572
5400;0.000185183;5.94265;-0.0699572;6.99572
5401;0.000185183;5.94265;-0.0699572;6.99572
5402;0.000185183;5.94265;-0.0699572;6.99572
5403;0.000185183;5.94265;-0.0699572;6.99572
5404;0.000185183;5.94265;-0.0699572;6.99572
5405;0.000185183;5.94265;-0.0699572;6.99572
5406;0.000185183;5.94265;-0.0699572;6.99572
5407;0.000185183;5.94265;-0.0699572;6.99572
5408;0.000185183;5.94265;-0.0699572;6.99572
5409;0.000185183;5.94265;-0.0699572;6.99572
5410;0.000185183;5.94265;-0.0699572;6.99572
5411;0.000185183;5.94265;-0.0699572;6.99572
5412;0.000185183;5.94265;-0.0699572;6.99572
5413;0.000185183;5.94265;-0.0699572;6.99572
5414;0.000185183;5.94265;-0.0699572;6.99572
5415;0.000185183;5.94265;-0.0699572;6.99572
5416;0.000185183;5.94265;-0.0699572;6.99572
5417;0.000185183;5.94265;-0.0699572;6.99572
5418;0.000185183;5.94265;-0.0699572;6.99572
5419;0.000185183;5.94265;-0.0699572;6.99572
5420;0.000185183;5.94265;-0.0699572;6.99572
5421;0.000185183;5.94265;-0.0699572;6.99572
5422;0.000185183;5.94265;-0.0699572;6.99572
5423;0.000185183;5.94265;-0.0699572;6.99572
5424;0.000185183;5.94265;-0.0699572;6.99572
5425;0.000185183;5.94265;-0.0699572;6.99572
5426;0.000185183;5.94265;-0.0699572;6.99572
5427;0.000185183;5.94265;-0.0699572;6.99572
5428;0.000185183;5.94265;-0.0699572;6.99572
5429;0.000185183;5.94265;-0.0699572;6.99572
5430;0.000185183;5.94265;-0.0699572;6.99572
5431;0.000185183;5.94265;-0.0699572;6.99572
5432;0.000185183;5.94265;-0.0699572;6.99572
5433;0.000185183;5.94265;-0.0699572;6.99572
5434;0.000185183;5.94265;-0.0699572;6.99572
5435;0.000185183;5.94265;-0.0699572;6.99572
5436;0.000185183;5.94265;-0.0699572;6.99572
5437;0.000185183;5.94265;-0.0699572;6.99572
5438;0.000185183;5.94265;-0.0699572;6.99572
5439;0.000185183;5.94265;-0.0699572;6.99572
5440;0.000185183;5.94265;-0.0699572;6.99572
5441;0.000185183;5.94265;-0.0699572;6.99572
5442;0.000185183;5.94265;-0.0699572;6.99572
5443;0.000185183;5.94265;-0.0699572;6.99572
5444;0.000185183;5.94265;-0.0699572;6.99572
5445;0.000185183;5.94265;-0.0699572;6.99572
5446;0.000185183;5.94265;-0.0699572;6.99572
5447;0.000185183;5.94265;-0.0699572;6.99572
5448;0.000185183;5.94265;-0.0699572;6.99572
5449;0.000185183;5.94265;-0.0699572;6.99572
5450;0.000185183;5.94265;-0.0699572;6.99572
5451;0.000185183;5.94265;-0.0699572;6.99572
5452;0.000185183;5.94265;-0.0699572;6.99572
5453;0.000185183;5.94265;-0.0699572;6.99572
5454;0.000185183;5.94265;-0.0699572;6.99572
5455;0.000185183;5.94265;-0.0699572;6.99572
5456;0.000185183;5.94265;-0.0699572;6.99572
5457;0.000185183;5.94265;-0.0699572;6.99572
5458;0.000185183;5.94265;-0.0699572;6.99572
5459;0.000185183;5.94265;-0.0699572;6.99572
5460;0.000185183;5.94265;-0.0699572;6.99572
5461;0.000185183;5.94265;-0.0699572;6.99572
5462;0.000185183;5.94265;-0.0699572;6.99572
5463;0.000185183;5.94265;-0.0699572;6.99572
5464;0.000185183;5.94265;-0.0699572;6.99572
5465;0.000185183;5.94265;-0.0699572;6.99572
5466;0.000185183;5.94265;-0.0699572;6.99572
5467;0.000185183;5.94265;-0.0699572;6.99572
5468;0.000185183;5.94265;-0.0699572;6.99572
5469;0.000185183;5.94265;-0.0699572;6.99572
5470;0.000185183;5.94265;-0.0699572;6.99572
5471;0.000185183;5.94265;-0.0699572;6.99572
5472;0.000185183;5.94265;-0.0699572;6.99572
5473;0.000185183;5.94265;-0.0699572;6.99572
5474;0.000185183;5.94265;-0.0699572;6.99572
5475;0.000185183;5.94265;-0.0699572;6.99572
5476;0.000185183;5.94265;-0.0699572;6.99572
5477;0.000185183;5.94265;-0.0699572;6.99572
5478;0.000185183;5.94265;-0.0699572;6.99572
5479;0.000185183;5.94265;-0.0699572;6.99572
5480;0.000185183;5.94265;-0.0699572;6.99572
5481;0.000185183;5.94265;-0.0699572;6.99572
5482;0.000185183;5.94265;-0.0699572;6.99572
5483;0.000185183;5.94265;-0.0699572;6.99572
5484;0.000185183;5.94265;-0.0699572;6.99572
5485;0.000185183;5.94265;-0.0699572;6.99572
5486;0.000185183;5.94265;-0.0699572;6.99572
5487;0.000185183;5.94265;-0.0699572;6.99572
5488;0.000185183;5.94265;-0.0699572;6.99572
5489;0.000185183;5.94265;-0.0699572;6.99572
5490;0.000185183;5.94265;-0.0699572;6.99572
5491;0.000185183;5.94265;-0.0699572;6.99572
5492;0.000185183;5.94265;-0.0699572;6.99572
5493;0.000185183;5.94265;-0.0699572;6.99572
5494;0.000185183;5.94265;-0.0699572;6.99572
5495;0.000185183;5.94265;-0.0699572;6.99572
5496;0.000185183;5.94265;-0.0699572;6.99572
5497;0.000185183;5.94265;-0.0699572;6.99572
5498;0.000185183;5.94265;-0.0699572;6.99572
5499;0.000185183;5.94265;-0.0699572;6.99572
5500;0.000185183;5.94265;-0.0699572;6.99572
5501;0.000185183;5.94265;-0.0699572;6.99572
5502;0.000185183;5.94265;-0.0699572;6.99572
5503;0.000185183;5.94265;-0.0699572;6.99572
5504;0.000185183;5.94265;-0.0699572;6.99572
5505;0.000185183;5.94265;-0.0699572;6.99572
5506;0.000185183;5.94265;-0.0699572;6.99572
5507;0.000185183;5.94265;-0.0699572;6.99572
5508;0.000185183;5.94265;-0.0699572;6.99572
5509;0.000185183;5.94265;-0.0699572;6.99572
5510;0.000185183;5.94265;-0.0699572;6.99572
5511;0.000185183;5.94265;-0.0699572;6.99572
5512;0.000185183;5.94265;-0.0699572;6.99572
5513;0.000185183;5.94265;-0.0699572;6.99572
5514;0.000185183;5.94265;-0.0699572;6.99572
5515;0.000185183;5.94265;-0.0699572;6.99572
5516;0.000185183;5.94265;-0.0699572;6.99572
5517;0.000185183;5.94265;-0.0699572;6.99572
5518;0.000185183;5.94265;-0.0699572;6.99572
5519;0.000185183;5.94265;-0.0699572;6.99572
5520;0.000185183;5.94265;-0.0699572;6.99572
5521;0.000185183;5.94265;-0.0699572;6.99572
5522;0.000185183;5.94265;-0.0699572;6.99572
5523;0.000185183;5.94265;-0.0699572;6.99572
5524;0.000185183;5.94265;-0.0699572;6.99572
5525;0.000185183;5.94265;-0.0699572;6.99572
5526;0.000185183;5.94265;-0.0699572;6.99572
5527;0.000185183;5.94265;-0.0699572;6.99572
5528;0.000185183;5.94265;-0.0699572;6.99572
5529;0.000185183;5.94265;-0.0699572;6.99572
5530;0.000185183;5.94265;-0.0699572;6.99572
5531;0.000185183;5.94265;-0.0699572;6.99572
5532;0.000185183;5.94265;-0.0699572;6.99572
5533;0.000185183;5.94265;-0.0699572;6.99572
5534;0.000185183;5.94265;-0.0699572;6.99572
5535;0.000185183;5.94265;-0.0699572;6.99572
5536;0.000185183;5.94265;-0.0699572;6.99572
5537;0.000185183;5.94265;-0.0699572;6.99572
5538;0.000185183;5.94265;-0.0699572;6.99572
5539;0.000185183;5.94265;-0.0699572;6.99572
5540;0.000185183;5.94265;-0.0699572;6.99572
5541;0.000185183;5.94265;-0.0699572;6.99572
5542;0.000185183;5.94265;-0.0699572;6.99572
5543;0.000185183;5.94265;-0.0699572;6.99572
5544;0.000185183;5.94265;-0.0699572;6.99572
5545;0.000185183;5.94265;-0.0699572;6.99572
5546;0.000185183;5.94265;-0.0699572;6.99572
5547;0.000185183;5.94265;-0.0699572;6.99572
5548;0.000185183;5.94265;-0.0699572;6.99572
5549;0.000185183;5.94265;-0.0699572;6.99572
5550;0.000185183;5.94265;-0.0699572;6.99572
5551;0.000185183;5.94265;-0.0699572;6.99572
5552;0.000185183;5.94265;-0.0699572;6.99572
5553;0.000185183;5.94265;-0.0699572;6.99572
5554;0.000185183;5.94265;-0.0699572;6.99572
5555;0.000185183;5.94265;-0.0699572;6.99572
5556;0.000185183;5.94265;-0.0699572;6.99572
5557;0.000185183;5.94265;-0.0699572;6.99572
5558;0.000185183;5.94265;-0.0699572;6.99572
5559;0.000185183;5.94265;-0.0699572;6.99572
5560;0.000185183;5.94265;-0.0699572;6.99572
5561;0.000185183;5.94265;-0.0699572;6.99572
5562;0.000185183;5.94265;-0.0699572;6.99572
5563;0.000185183;5.94265;-0.0699572;6.99572
5564;0.000185183;5.94265;-0.0699572;6.99572
5565;0.000185183;5.94265;-0.0699572;6.99572
5566;0.000185183;5.94265;-0.0699572;6.99572
5567;0.000185183;5.94265;-0.0699572;6.99572
5568;0.000185183;5.94265;-0.0699572;6.99572
5569;0.000185183;5.94265;-0.0699572;6.99572
5570;0.000185183;5.94265;-0.0699572;6.99572
5571;0.000185183;5.94265;-0.0699572;6.99572
5572;0.000185183;5.94265;-0.0699572;6.99572
5573;0.000185183;5.94265;-0.0699572;6.99572
5574;0.000185183;5.94265;-0.0699572;6.99572
5575;0.000185183;5.94265;-0.0699572;6.99572
5576;0.000185183;5.94265;-0.0699572;6.99572
5577;0.000185183;5.94265;-0.0699572;6.99572
5578;0.000185183;5.94265;-0.0699572;6.99572
5579;0.000185183;5.94265;-0.0699572;6.99572
5580;0.000185183;5.94265;-0.0699572;6.99572
5581;0.000185183;5.94265;-0.0699572;6.99572
5582;0.000185183;5.94265;-0.0699572;6.99572
5583;0.000185183;5.94265;-0.0699572;6.99572
5584;0.000185183;5.94265;-0.0699572;6.99572
5585;0.000185183;5.94265;-0.0699572;6.99572
5586;0.000185183;5.94265;-0.0699572;6.99572
5587;0.000185183;5.94265;-0.0699572;6.99572
5588;0.000185183;5.94265;-0.0699572;6.99572
5589;0.000185183;5.94265;-0.0699572;6.99572
5590;0.000185183;5.94265;-0.0699572;6.99572
5591;0.000185183;5.94265;-0.0699572;6.99572
5592;0.000185183;5.94265;-0.0699572;6.99572
5593;0.000185183;5.94265;-0.0699572;6.99572
5594;0.000185183;5.94265;-0.0699572;6.99572
5595;0.000185183;5.94265;-0.0699572;6.99572
5596;0.000185183;5.94265;-0.0699572;6.99572
5597;0.000185183;5.94265;-0.0699572;6.99572
5598;0.000185183;5.94265;-0.0699572;6.99572
5599;0.000185183;5.94265;-0.0699572;6.99572
5600;0.000185183;5.94265;-0.0699572;6.99572
5601;0.000185183;5.94265;-0.0699572;6.99572
5602;0.000185183;5.94265;-0.0699572;6.99572
5603;0.000185183;5.94265;-0.0699572;6.99572
5604;0.000185183;5.94265;-0.0699572;6.99572
5605;0.000185183;5.94265;-0.0699572;6.99572
5606;0.000185183;5.94265;-0.0699572;6.99572
5607;0.000185183;5.94265;-0.0699572;6.99572
5608;0.000185183;5.94265;-0.0699572;6.99572
5609;0.000185183;5.94265;-0.0699572;6.99572
5610;0.000185183;5.94265;-0.0699572;6.99572
5611;0.000185183;5.94265;-0.0699572;6.99572
5612;0.000185183;5.94265;-0.0699572;6.99572
5613;0.000185183;5.94265;-0.0699572;6.99572
5614;0.000185183;5.94265;-0.0699572;6.99572
5615;0.000185183;5.94265;-0.0699572;6.99572
5616;0.000185183;5.94265;-0.0699572;6.99572
5617;0.000185183;5.94265;-0.0699572;6.99572
5618;0.000185183;5.94265;-0.0699572;6.99572
5619;0.000185183;5.94265;-0.0699572;6.99572
5620;0.000185183;5.94265;-0.0699572;6.99572
5621;0.000185183;5.94265;-0.0699572;6.99572
5622;0.000185183;5.94265;-0.0699572;6.99572
5623;0.000185183;5.94265;-0.0699572;6.99572
5624;0.000185183;5.94265;-0.0699572;6.99572
5625;0.000185183;5.94265;-0.0699572;6.99572
5626;0.000185183;5.94265;-0.0699572;6.99572
5627;0.000185183;5.94265;-0.0699572;6.99572
5628;0.000185183;5.94265;-0.0699572;6.99572
5629;0.000185183;5.94265;-0.0699572;6.99572
5630;0.000185183;5.94265;-0.0699572;6.99572
5631;0.000185183;5.94265;-0.0699572;6.99572
5632;0.000185183;5.94265;-0.0699572;6.99572
5633;0.000185183;5.94265;-0.0699572;6.99572
5634;0.000185183;5.94265;-0.0699572;6.99572
5635;0.000185183;5.94265;-0.0699572;6.99572
5636;0.000185183;5.94265;-0.0699572;6.99572
5637;0.000185183;5.94265;-0.0699572;6.99572
5638;0.000185183;5.94265;-0.0699572;6.99572
5639;0.000185183;5.94265;-0.0699572;6.99572
5640;0.000185183;5.94265;-0.0699572;6.99572
5641;0.000185183;5.94265;-0.0699572;6.99572
5642;0.000185183;5.94265;-0.0699572;6.99572
5643;0.000185183;5.94265;-0.0699572;6.99572
5644;0.000185183;5.94265;-0.0699572;6.99572
5645;0.000185183;5.94265;-0.0699572;6.99572
5646;0.000185183;5.94265;-0.0699572;6.99572
5647;0.000185183;5.94265;-0.0699572;6.99572
5648;0.000185183;5.94265;-0.0699572;6.99572
5649;0.000185183;5.94265;-0.0699572;6.99572
5650;0.000185183;5.94265;-0.0699572;6.99572
5651;0.000185183;5.94265;-0.0699572;6.99572
5652;0.000185183;5.94265;-0.0699572;6.99572
5653;0.000185183;5.94265;-0.0699572;6.99572
5654;0.000185183;5.94265;-0.0699572;6.99572
5655;0.000185183;5.94265;-0.0699572;6.99572
5656;0.000185183;5.94265;-0.0699572;6.99572
5657;0.000185183;5.94265;-0.0699572;6.99572
5658;0.000185183;5.94265;-0.0699572;6.99572
5659;0.000185183;5.94265;-0.0699572;6.99572
5660;0.000185183;5.94265;-0.0699572;6.99572
5661;0.000185183;5.94265;-0.0699572;6.99572
5662;0.000185183;5.94265;-0.0699572;6.99572
5663;0.000185183;5.94265;-0.0699572;6.99572
5664;0.000185183;5.94265;-0.0699572;6.99572
5665;0.000185183;5.94265;-0.0699572;6.99572
5666;0.000185183;5.94265;-0.0699572;6.99572
5667;0.000185183;5.94265;-0.0699572;6.99572
5668;0.000185183;5.94265;-0.0699572;6.99572
5669;0.000185183;5.94265;-0.0699572;6.99572
5670;0.000185183;5.94265;-0.0699572;6.99572
5671;0.000185183;5.94265;-0.0699572;6.99572
5672;0.000185183;5.94265;-0.0699572;6.99572
5673;0.000185183;5.94265;-0.0699572;6.99572
5674;0.000185183;5.94265;-0.0699572;6.99572
5675;0.000185183;5.94265;-0.0699572;6.99572
5676;0.000185183;5.94265;-0.0699572;6.99572
5677;0.000185183;5.94265;-0.0699572;6.99572
5678;0.000185183;5.94265;-0.0699572;6.99572
5679;0.000185183;5.94265;-0.0699572;6.99572
5680;0.000185183;5.94265;-0.0699572;6.99572
5681;0.000185183;5.94265;-0.0699572;6.99572
5682;0.000185183;5.94265;-0.0699572;6.99572
5683;0.000185183;5.94265;-0.0699572;6.99572
5684;0.000185183;5.94265;-0.0699572;6.99572
5685;0.000185183;5.94265;-0.0699572;6.99572
5686;0.000185183;5.94265;-0.0699572;6.99572
5687;0.000185183;5.94265;-0.0699572;6.99572
5688;0.000185183;5.94265;-0.0699572;6.99572
5689;0.000185183;5.94265;-0.0699572;6.99572
5690;0.000185183;5.94265;-0.0699572;6.99572
5691;0.000185183;5.94265;-0.0699572;6.99572
5692;0.000185183;5.94265;-0.0699572;6.99572
5693;0.000185183;5.94265;-0.0699572;6.99572
5694;0.000185183;5.94265;-0.0699572;6.99572
5695;0.000185183;5.94265;-0.0699572;6.99572
5696;0.000185183;5.94265;-0.0699572;6.99572
5697;0.000185183;5.94265;-0.0699572;6.99572
5698;0.000185183;5.94265;-0.0699572;6.99572
5699;0.000185183;5.94265;-0.0699572;6.99572
5700;0.000185183;5.94265;-0.0699572;6.99572
5701;0.000185183;5.94265;-0.0699572;6.99572
5702;0.000185183;5.94265;-0.0699572;6.99572
5703;0.000185183;5.94265;-0.0699572;6.99572
5704;0.000185183;5.94265;-0.0699572;6.99572
5705;0.000185183;5.94265;-0.0699572;6.99572
5706;0.000185183;5.94265;-0.0699572;6.99572
5707;0.000185183;5.94265;-0.0699572;6.99572
5708;0.000185183;5.94265;-0.0699572;6.99572
5709;0.000185183;5.94265;-0.0699572;6.99572
5710;0.000185183;5.94265;-0.0699572;6.99572
5711;0.000185183;5.94265;-0.0699572;6.99572
5712;0.000185183;5.94265;-0.0699572;6.99572
5713;0.000185183;5.94265;-0.0699572;6.99572
5714;0.000185183;5.94265;-0.0699572;6.99572
5715;0.000185183;5.94265;-0.0699572;6.99572
5716;0.000185183;5.94265;-0.0699572;6.99572
5717;0.000185183;5.94265;-0.0699572;6.99572
5718;0.000185183;5.94265;-0.0699572;6.99572
5719;0.000185183;5.94265;-0.0699572;6.99572
5720;0.000185183;5.94265;-0.0699572;6.99572
5721;0.000185183;5.94265;-0.0699572;6.99572
5722;0.000185183;5.94265;-0.0699572;6.99572
5723;0.000185183;5.94265;-0.0699572;6.99572
5724;0.000185183;5.94265;-0.0699572;6.99572
5725;0.000185183;5.94265;-0.0699572;6.99572
5726;0.000185183;5.94265;-0.0699572;6.99572
5727;0.000185183;5.94265;-0.0699572;6.99572
5728;0.000185183;5.94265;-0.0699572;6.99572
5729;0.000185183;5.94265;-0.0699572;6.99572
5730;0.000185183;5.94265;-0.0699572;6.99572
5731;0.000185183;5.94265;-0.0699572;6.99572
5732;0.000185183;5.94265;-0.0699572;6.99572
5733;0.000185183;5.94265;-0.0699572;6.99572
5734;0.000185183;5.94265;-0.0699572;6.99572
5735;0.000185183;5.94265;-0.0699572;6.99572
5736;0.000185183;5.94265;-0.0699572;6.99572
5737;0.000185183;5.94265;-0.0699572;6.99572
5738;0.000185183;5.94265;-0.0699572;6.99572
5739;0.000185183;5.94265;-0.0699572;6.99572
5740;0.000185183;5.94265;-0.0699572;6.99572
5741;0.000185183;5.94265;-0.0699572;6.99572
5742;0.000185183;5.94265;-0.0699572;6.99572
5743;0.000185183;5.94265;-0.0699572;6.99572
5744;0.000185183;5.94265;-0.0699572;6.99572
5745;0.000185183;5.94265;-0.0699572;6.99572
5746;0.000185183;5.94265;-0.0699572;6.99572
5747;0.000185183;5.94265;-0.0699572;6.99572
5748;0.000185183;5.94265;-0.0699572;6.99572
5749;0.000185183;5.94265;-0.0699572;6.99572
5750;0.000185183;5.94265;-0.0699572;6.99572
5751;0.000185183;5.94265;-0.0699572;6.99572
5752;0.000185183;5.94265;-0.0699572;6.99572
5753;0.000185183;5.94265;-0.0699572;6.99572
5754;0.000185183;5.94265;-0.0699572;6.99572
5755;0.000185183;5.94265;-0.0699572;6.99572
5756;0.000185183;5.94265;-0.0699572;6.99572
5757;0.000185183;5.94265;-0.0699572;6.99572
5758;0.000185183;5.94265;-0.0699572;6.99572
5759;0.000185183;5.94265;-0.0699572;6.99572
5760;0.000185183;5.94265;-0.0699572;6.99572
5761;0.000185183;5.94265;-0.0699572;6.99572
5762;0.000185183;5.94265;-0.0699572;6.99572
5763;0.000185183;5.94265;-0.0699572;6.99572
5764;0.000185183;5.94265;-0.0699572;6.99572
5765;0.000185183;5.94265;-0.0699572;6.99572
5766;0.000185183;5.94265;-0.0699572;6.99572
5767;0.000185183;5.94265;-0.0699572;6.99572
5768;0.000185183;5.94265;-0.0699572;6.99572
5769;0.000185183;5.94265;-0.0699572;6.99572
5770;0.000185183;5.94265;-0.0699572;6.99572
5771;0.000185183;5.94265;-0.0699572;6.99572
5772;0.000185183;5.94265;-0.0699572;6.99572
5773;0.000185183;5.94265;-0.0699572;6.99572
5774;0.000185183;5.94265;-0.0699572;6.99572
5775;0.000185183;5.94265;-0.0699572;6.99572
5776;0.000185183;5.94265;-0.0699572;6.99572
5777;0.000185183;5.94265;-0.0699572;6.99572
5778;0.000185183;5.94265;-0.0699572;6.99572
5779;0.000185183;5.94265;-0.0699572;6.99572
5780;0.000185183;5.94265;-0.0699572;6.99572
5781;0.000185183;5.94265;-0.0699572;6.99572
5782;0.000185183;5.94265;-0.0699572;6.99572
5783;0.000185183;5.94265;-0.0699572;6.99572
5784;0.000185183;5.94265;-0.0699572;6.99572
5785;0.000185183;5.94265;-0.0699572;6.99572
5786;0.000185183;5.94265;-0.0699572;6.99572
5787;0.000185183;5.94265;-0.0699572;6.99572
5788;0.000185183;5.94265;-0.0699572;6.99572
5789;0.000185183;5.94265;-0.0699572;6.99572
5790;0.000185183;5.94265;-0.0699572;6.99572
5791;0.000185183;5.94265;-0.0699572;6.99572
5792;0.000185183;5.94265;-0.0699572;6.99572
5793;0.000185183;5.94265;-0.0699572;6.99572
5794;0.000185183;5.94265;-0.0699572;6.99572
5795;0.000185183;5.94265;-0.0699572;6.99572
5796;0.000185183;5.94265;-0.0699572;6.99572
5797;0.000185183;5.94265;-0.0699572;6.99572
5798;0.000185183;5.94265;-0.0699572;6.99572
5799;0.000185183;5.94265;-0.0699572;6.99572
5800;0.000185183;5.94265;-0.0699572;6.99572
5801;0.000185183;5.94265;-0.0699572;6.99572
5802;0.000185183;5.94265;-0.0699572;6.99572
5803;0.000185183;5.94265;-0.0699572;6.99572
5804;0.000185183;5.94265;-0.0699572;6.99572
5805;0.000185183;5.94265;-0.0699572;6.99572
5806;0.000185183;5.94265;-0.0699572;6.99572
5807;0.000185183;5.94265;-0.0699572;6.99572
5808;0.000185183;5.94265;-0.0699572;6.99572
5809;0.000185183;5.94265;-0.0699572;6.99572
5810;0.000185183;5.94265;-0.0699572;6.99572
5811;0.000185183;5.94265;-0.0699572;6.99572
5812;0.000185183;5.94265;-0.0699572;6.99572
5813;0.000185183;5.94265;-0.0699572;6.99572
5814;0.000185183;5.94265;-0.0699572;6.99572
5815;0.000185183;5.94265;-0.0699572;6.99572
5816;0.000185183;5.94265;-0.0699572;6.99572
5817;0.000185183;5.94265;-0.0699572;6.99572
5818;0.000185183;5.94265;-0.0699572;6.99572
5819;0.000185183;5.94265;-0.0699572;6.99572
5820;0.000185183;5.94265;-0.0699572;6.99572
5821;0.000185183;5.94265;-0.0699572;6.99572
5822;0.000185183;5.94265;-0.0699572;6.99572
5823;0.000185183;5.94265;-0.0699572;6.99572
5824;0.000185183;5.94265;-0.0699572;6.99572
5825;0.000185183;5.94265;-0.0699572;6.99572
5826;0.000185183;5.94265;-0.0699572;6.99572
5827;0.000185183;5.94265;-0.0699572;6.99572
5828;0.000185183;5.94265;-0.0699572;6.99572
5829;0.000185183;5.94265;-0.0699572;6.99572
5830;0.000185183;5.94265;-0.0699572;6.99572
5831;0.000185183;5.94265;-0.0699572;6.99572
5832;0.000185183;5.94265;-0.0699572;6.99572
5833;0.000185183;5.94265;-0.0699572;6.99572
5834;0.000185183;5.94265;-0.0699572;6.99572
5835;0.000185183;5.94265;-0.0699572;6.99572
5836;0.000185183;5.94265;-0.0699572;6.99572
5837;0.000185183;5.94265;-0.0699572;6.99572
5838;0.000185183;5.94265;-0.0699572;6.99572
5839;0.000185183;5.94265;-0.0699572;6.99572
5840;0.000185183;5.94265;-0.0699572;6.99572
5841;0.000185183;5.94265;-0.0699572;6.99572
5842;0.000185183;5.94265;-0.0699572;6.99572
5843;0.000185183;5.94265;-0.0699572;6.99572
5844;0.000185183;5.94265;-0.0699572;6.99572
5845;0.000185183;5.94265;-0.0699572;6.99572
5846;0.000185183;5.94265;-0.0699572;6.99572
5847;0.000185183;5.94265;-0.0699572;6.99572
5848;0.000185183;5.94265;-0.0699572;6.99572
5849;0.000185183;5.94265;-0.0699572;6.99572
5850;0.000185183;5.94265;-0.0699572;6.99572
5851;0.000185183;5.94265;-0.0699572;6.99572
5852;0.000185183;5.94265;-0.0699572;6.99572
5853;0.000185183;5.94265;-0.0699572;6.99572
5854;0.000185183;5.94265;-0.0699572;6.99572
5855;0.000185183;5.94265;-0.0699572;6.99572
5856;0.000185183;5.94265;-0.0699572;6.99572
5857;0.000185183;5.94265;-0.0699572;6.99572
5858;0.000185183;5.94265;-0.0699572;6.99572
5859;0.000185183;5.94265;-0.0699572;6.99572
5860;0.000185183;5.94265;-0.0699572;6.99572
5861;0.000185183;5.94265;-0.0699572;6.99572
5862;0.000185183;5.94265;-0.0699572;6.99572
5863;0.000185183;5.94265;-0.0699572;6.99572
5864;0.000185183;5.94265;-0.0699572;6.99572
5865;0.000185183;5.94265;-0.0699572;6.99572
5866;0.000185183;5.94265;-0.0699572;6.99572
5867;0.000185183;5.94265;-0.0699572;6.99572
5868;0.000185183;5.94265;-0.0699572;6.99572
5869;0.000185183;5.94265;-0.0699572;6.99572
5870;0.000185183;5.94265;-0.0699572;6.99572
5871;0.000185183;5.94265;-0.0699572;6.99572
5872;0.000185183;5.94265;-0.0699572;6.99572
5873;0.000185183;5.94265;-0.0699572;6.99572
5874;0.000185183;5.94265;-0.0699572;6.99572
5875;0.000185183;5.94265;-0.0699572;6.99572
5876;0.000185183;5.94265;-0.0699572;6.99572
5877;0.000185183;5.94265;-0.0699572;6.99572
5878;0.000185183;5.94265;-0.0699572;6.99572
5879;0.000185183;5.94265;-0.0699572;6.99572
5880;0.000185183;5.94265;-0.0699572;6.99572
5881;0.000185183;5.94265;-0.0699572;6.99572
5882;0.000185183;5.94265;-0.0699572;6.99572
5883;0.000185183;5.94265;-0.0699572;6.99572
5884;0.000185183;5.94265;-0.0699572;6.99572
5885;0.000185183;5.94265;-0.0699572;6.99572
5886;0.000185183;5.94265;-0.0699572;6.99572
5887;0.000185183;5.94265;-0.0699572;6.99572
5888;0.000185183;5.94265;-0.0699572;6.99572
5889;0.000185183;5.94265;-0.0699572;6.99572
5890;0.000185183;5.94265;-0.0699572;6.99572
5891;0.000185183;5.94265;-0.0699572;6.99572
5892;0.000185183;5.94265;-0.0699572;6.99572
5893;0.000185183;5.94265;-0.0699572;6.99572
5894;0.000185183;5.94265;-0.0699572;6.99572
5895;0.000185183;5.94265;-0.0699572;6.99572
5896;0.000185183;5.94265;-0.0699572;6.99572
5897;0.000185183;5.94265;-0.0699572;6.99572
5898;0.000185183;5.94265;-0.0699572;6.99572
5899;0.000185183;5.94265;-0.0699572;6.99572
5900;0.000185183;5.94265;-0.0699572;6.99572
5901;0.000185183;5.94265;-0.0699572;6.99572
5902;0.000185183;5.94265;-0.0699572;6.99572
5903;0.000185183;5.94265;-0.0699572;6.99572
5904;0.000185183;5.94265;-0.0699572;6.99572
5905;0.000185183;5.94265;-0.0699572;6.99572
5906;0.000185183;5.94265;-0.0699572;6.99572
5907;0.000185183;5.94265;-0.0699572;6.99572
5908;0.000185183;5.94265;-0.0699572;6.99572
5909;0.000185183;5.94265;-0.0699572;6.99572
5910;0.000185183;5.94265;-0.0699572;6.99572
5911;0.000185183;5.94265;-0.0699572;6.99572
5912;0.000185183;5.94265;-0.0699572;6.99572
5913;0.000185183;5.94265;-0.0699572;6.99572
5914;0.000185183;5.94265;-0.0699572;6.99572
5915;0.000185183;5.94265;-0.0699572;6.99572
5916;0.000185183;5.94265;-0.0699572;6.99572
5917;0.000185183;5.94265;-0.0699572;6.99572
5918;0.000185183;5.94265;-0.0699572;6.99572
5919;0.000185183;5.94265;-0.0699572;6.99572
5920;0.000185183;5.94265;-0.0699572;6.99572
5921;0.000185183;5.94265;-0.0699572;6.99572
5922;0.000185183;5.94265;-0.0699572;6.99572
5923;0.000185183;5.94265;-0.0699572;6.99572
5924;0.000185183;5.94265;-0.0699572;6.99572
5925;0.000185183;5.94265;-0.0699572;6.99572
5926;0.000185183;5.94265;-0.0699572;6.99572
5927;0.000185183;5.94265;-0.0699572;6.99572
5928;0.000185183;5.94265;-0.0699572;6.99572
5929;0.000185183;5.94265;-0.0699572;6.99572
5930;0.000185183;5.94265;-0.0699572;6.99572
5931;0.000185183;5.94265;-0.0699572;6.99572
5932;0.000185183;5.94265;-0.0699572;6.99572
5933;0.000185183;5.94265;-0.0699572;6.99572
5934;0.000185183;5.94265;-0.0699572;6.99572
5935;0.000185183;5.94265;-0.0699572;6.99572
5936;0.000185183;5.94265;-0.0699572;6.99572
5937;0.000185183;5.94265;-0.0699572;6.99572
5938;0.000185183;5.94265;-0.0699572;6.99572
5939;0.000185183;5.94265;-0.0699572;6.99572
5940;0.000185183;5.94265;-0.0699572;6.99572
5941;0.000185183;5.94265;-0.0699572;6.99572
5942;0.000185183;5.94265;-0.0699572;6.99572
5943;0.000185183;5.94265;-0.0699572;6.99572
5944;0.000185183;5.94265;-0.0699572;6.99572
5945;0.000185183;5.94265;-0.0699572;6.99572
5946;0.000185183;5.94265;-0.0699572;6.99572
5947;0.000185183;5.94265;-0.0699572;6.99572
5948;0.000185183;5.94265;-0.0699572;6.99572
5949;0.000185183;5.94265;-0.0699572;6.99572
5950;0.000185183;5.94265;-0.0699572;6.99572
5951;0.000185183;5.94265;-0.0699572;6.99572
5952;0.000185183;5.94265;-0.0699572;6.99572
5953;0.000185183;5.94265;-0.0699572;6.99572
5954;0.000185183;5.94265;-0.0699572;6.99572
5955;0.000185183;5.94265;-0.0699572;6.99572
5956;0.000185183;5.94265;-0.0699572;6.99572
5957;0.000185183;5.94265;-0.0699572;6.99572
5958;0.000185183;5.94265;-0.0699572;6.99572
5959;0.000185183;5.94265;-0.0699572;6.99572
5960;0.000185183;5.94265;-0.0699572;6.99572
5961;0.000185183;5.94265;-0.0699572;6.99572
5962;0.000185183;5.94265;-0.0699572;6.99572
5963;0.000185183;5.94265;-0.0699572;6.99572
5964;0.000185183;5.94265;-0.0699572;6.99572
5965;0.000185183;5.94265;-0.0699572;6.99572
5966;0.000185183;5.94265;-0.0699572;6.99572
5967;0.000185183;5.94265;-0.0699572;6.99572
5968;0.000185183;5.94265;-0.0699572;6.99572
5969;0.000185183;5.94265;-0.0699572;6.99572
5970;0.000185183;5.94265;-0.0699572;6.99572
5971;0.000185183;5.94265;-0.0699572;6.99572
5972;0.000185183;5.94265;-0.0699572;6.99572
5973;0.000185183;5.94265;-0.0699572;6.99572
5974;0.000185183;5.94265;-0.0699572;6.99572
5975;0.000185183;5.94265;-0.0699572;6.99572
5976;0.000185183;5.94265;-0.0699572;6.99572
5977;0.000185183;5.94265;-0.0699572;6.99572
5978;0.000185183;5.94265;-0.0699572;6.99572
5979;0.000185183;5.94265;-0.0699572;6.99572
5980;0.000185183;5.94265;-0.0699572;6.99572
5981;0.000185183;5.94265;-0.0699572;6.99572
5982;0.000185183;5.94265;-0.0699572;6.99572
5983;0.000185183;5.94265;-0.0699572;6.99572
5984;0.000185183;5.94265;-0.0699572;6.99572
5985;0.000185183;5.94265;-0.0699572;6.99572
5986;0.000185183;5.94265;-0.0699572;6.99572
5987;0.000185183;5.94265;-0.0699572;6.99572
5988;0.000185183;5.94265;-0.0699572;6.99572
5989;0.000185183;5.94265;-0.0699572;6.99572
5990;0.000185183;5.94265;-0.0699572;6.99572
5991;0.000185183;5.94265;-0.0699572;6.99572
5992;0.000185183;5.94265;-0.0699572;6.99572
5993;0.000185183;5.94265;-0.0699572;6.99572
5994;0.000185183;5.94265;-0.0699572;6.99572
5995;0.000185183;5.94265;-0.0699572;6.99572
5996;0.000185183;5.94265;-0.0699572;6.99572
5997;0.000185183;5.94265;-0.0699572;6.99572
5998;0.000185183;5.94265;-0.0699572;6.99572
5999;0.000185183;5.94265;-0.0699572;6.99572
6000;0.000185183;5.94265;-0.0699572;6.99572
6001;0.000185183;5.94265;-0.0699572;6.99572
6002;0.000185183;5.94265;-0.0699572;6.99572
6003;0.000185183;5.94265;-0.0699572;6.99572
6004;0.000185183;5.94265;-0.0699572;6.99572
6005;0.000185183;5.94265;-0.0699572;6.99572
6006;0.000185183;5.94265;-0.0699572;6.99572
6007;0.000185183;5.94265;-0.0699572;6.99572
6008;0.000185183;5.94265;-0.0699572;6.99572
6009;0.000185183;5.94265;-0.0699572;6.99572
6010;0.000185183;5.94265;-0.0699572;6.99572
6011;0.000185183;5.94265;-0.0699572;6.99572
6012;0.000185183;5.94265;-0.0699572;6.99572
6013;0.000185183;5.94265;-0.0699572;6.99572
6014;0.000185183;5.94265;-0.0699572;6.99572
6015;0.000185183;5.94265;-0.0699572;6.99572
6016;0.000185183;5.94265;-0.0699572;6.99572
6017;0.000185183;5.94265;-0.0699572;6.99572
6018;0.000185183;5.94265;-0.0699572;6.99572
6019;0.000185183;5.94265;-0.0699572;6.99572
6020;0.000185183;5.94265;-0.0699572;6.99572
6021;0.000185183;5.94265;-0.0699572;6.99572
6022;0.000185183;5.94265;-0.0699572;6.99572
6023;0.000185183;5.94265;-0.0699572;6.99572
6024;0.000185183;5.94265;-0.0699572;6.99572
6025;0.000185183;5.94265;-0.0699572;6.99572
6026;0.000185183;5.94265;-0.0699572;6.99572
6027;0.000185183;5.94265;-0.0699572;6.99572
6028;0.000185183;5.94265;-0.0699572;6.99572
6029;0.000185183;5.94265;-0.0699572;6.99572
6030;0.000185183;5.94265;-0.0699572;6.99572
6031;0.000185183;5.94265;-0.0699572;6.99572
6032;0.000185183;5.94265;-0.0699572;6.99572
6033;0.000185183;5.94265;-0.0699572;6.99572
6034;0.000185183;5.94265;-0.0699572;6.99572
6035;0.000185183;5.94265;-0.0699572;6.99572
6036;0.000185183;5.94265;-0.0699572;6.99572
6037;0.000185183;5.94265;-0.0699572;6.99572
6038;0.000185183;5.94265;-0.0699572;6.99572
6039;0.000185183;5.94265;-0.0699572;6.99572
6040;0.000185183;5.94265;-0.0699572;6.99572
6041;0.000185183;5.94265;-0.0699572;6.99572
6042;0.000185183;5.94265;-0.0699572;6.99572
6043;0.000185183;5.94265;-0.0699572;6.99572
6044;0.000185183;5.94265;-0.0699572;6.99572
6045;0.000185183;5.94265;-0.0699572;6.99572
6046;0.000185183;5.94265;-0.0699572;6.99572
6047;0.000185183;5.94265;-0.0699572;6.99572
6048;0.000185183;5.94265;-0.0699572;6.99572
6049;0.000185183;5.94265;-0.0699572;6.99572
6050;0.000185183;5.94265;-0.0699572;6.99572
6051;0.000185183;5.94265;-0.0699572;6.99572
6052;0.000185183;5.94265;-0.0699572;6.99572
6053;0.000185183;5.94265;-0.0699572;6.99572
6054;0.000185183;5.94265;-0.0699572;6.99572
6055;0.000185183;5.94265;-0.0699572;6.99572
6056;0.000185183;5.94265;-0.0699572;6.99572
6057;0.000185183;5.94265;-0.0699572;6.99572
6058;0.000185183;5.94265;-0.0699572;6.99572
6059;0.000185183;5.94265;-0.0699572;6.99572
6060;0.000185183;5.94265;-0.0699572;6.99572
6061;0.000185183;5.94265;-0.0699572;6.99572
6062;0.000185183;5.94265;-0.0699572;6.99572
6063;0.000185183;5.94265;-0.0699572;6.99572
6064;0.000185183;5.94265;-0.0699572;6.99572
6065;0.000185183;5.94265;-0.0699572;6.99572
6066;0.000185183;5.94265;-0.0699572;6.99572
6067;0.000185183;5.94265;-0.0699572;6.99572
6068;0.000185183;5.94265;-0.0699572;6.99572
6069;0.000185183;5.94265;-0.0699572;6.99572
6070;0.000185183;5.94265;-0.0699572;6.99572
6071;0.000185183;5.94265;-0.0699572;6.99572
6072;0.000185183;5.94265;-0.0699572;6.99572
6073;0.000185183;5.94265;-0.0699572;6.99572
6074;0.000185183;5.94265;-0.0699572;6.99572
6075;0.000185183;5.94265;-0.0699572;6.99572
6076;0.000185183;5.94265;-0.0699572;6.99572
6077;0.000185183;5.94265;-0.0699572;6.99572
6078;0.000185183;5.94265;-0.0699572;6.99572
6079;0.000185183;5.94265;-0.0699572;6.99572
6080;0.000185183;5.94265;-0.0699572;6.99572
6081;0.000185183;5.94265;-0.0699572;6.99572
6082;0.000185183;5.94265;-0.0699572;6.99572
6083;0.000185183;5.94265;-0.0699572;6.99572
6084;0.000185183;5.94265;-0.0699572;6.99572
6085;0.000185183;5.94265;-0.0699572;6.99572
6086;0.000185183;5.94265;-0.0699572;6.99572
6087;0.000185183;5.94265;-0.0699572;6.99572
6088;0.000185183;5.94265;-0.0699572;6.99572
6089;0.000185183;5.94265;-0.0699572;6.99572
6090;0.000185183;5.94265;-0.0699572;6.99572
6091;0.000185183;5.94265;-0.0699572;6.99572
6092;0.000185183;5.94265;-0.0699572;6.99572
6093;0.000185183;5.94265;-0.0699572;6.99572
6094;0.000185183;5.94265;-0.0699572;6.99572
6095;0.000185183;5.94265;-0.0699572;6.99572
6096;0.000185183;5.94265;-0.0699572;6.99572
6097;0.000185183;5.94265;-0.0699572;6.99572
6098;0.000185183;5.94265;-0.0699572;6.99572
6099;0.000185183;5.94265;-0.0699572;6.99572
6100;0.000185183;5.94265;-0.0699572;6.99572
6101;0.000185183;5.94265;-0.0699572;6.99572
6102;0.000185183;5.94265;-0.0699572;6.99572
6103;0.000185183;5.94265;-0.0699572;6.99572
6104;0.000185183;5.94265;-0.0699572;6.99572
6105;0.000185183;5.94265;-0.0699572;6.99572
6106;0.000185183;5.94265;-0.0699572;6.99572
6107;0.000185183;5.94265;-0.0699572;6.99572
6108;0.000185183;5.94265;-0.0699572;6.99572
6109;0.000185183;5.94265;-0.0699572;6.99572
6110;0.000185183;5.94265;-0.0699572;6.99572
6111;0.000185183;5.94265;-0.0699572;6.99572
6112;0.000185183;5.94265;-0.0699572;6.99572
6113;0.000185183;5.94265;-0.0699572;6.99572
6114;0.000185183;5.94265;-0.0699572;6.99572
6115;0.000185183;5.94265;-0.0699572;6.99572
6116;0.000185183;5.94265;-0.0699572;6.99572
6117;0.000185183;5.94265;-0.0699572;6.99572
6118;0.000185183;5.94265;-0.0699572;6.99572
6119;0.000185183;5.94265;-0.0699572;6.99572
6120;0.000185183;5.94265;-0.0699572;6.99572
6121;0.000185183;5.94265;-0.0699572;6.99572
6122;0.000185183;5.94265;-0.0699572;6.99572
6123;0.000185183;5.94265;-0.0699572;6.99572
6124;0.000185183;5.94265;-0.0699572;6.99572
6125;0.000185183;5.94265;-0.0699572;6.99572
6126;0.000185183;5.94265;-0.0699572;6.99572
6127;0.000185183;5.94265;-0.0699572;6.99572
6128;0.000185183;5.94265;-0.0699572;6.99572
6129;0.000185183;5.94265;-0.0699572;6.99572
6130;0.000185183;5.94265;-0.0699572;6.99572
6131;0.000185183;5.94265;-0.0699572;6.99572
6132;0.000185183;5.94265;-0.0699572;6.99572
6133;0.000185183;5.94265;-0.0699572;6.99572
6134;0.000185183;5.94265;-0.0699572;6.99572
6135;0.000185183;5.94265;-0.0699572;6.99572
6136;0.000185183;5.94265;-0.0699572;6.99572
6137;0.000185183;5.94265;-0.0699572;6.99572
6138;0.000185183;5.94265;-0.0699572;6.99572
6139;0.000185183;5.94265;-0.0699572;6.99572
6140;0.000185183;5.94265;-0.0699572;6.99572
6141;0.000185183;5.94265;-0.0699572;6.99572
6142;0.000185183;5.94265;-0.0699572;6.99572
6143;0.000185183;5.94265;-0.0699572;6.99572
6144;0.000185183;5.94265;-0.0699572;6.99572
6145;0.000185183;5.94265;-0.0699572;6.99572
6146;0.000185183;5.94265;-0.0699572;6.99572
6147;0.000185183;5.94265;-0.0699572;6.99572
6148;0.000185183;5.94265;-0.0699572;6.99572
6149;0.000185183;5.94265;-0.0699572;6.99572
6150;0.000185183;5.94265;-0.0699572;6.99572
6151;0.000185183;5.94265;-0.0699572;6.99572
6152;0.000185183;5.94265;-0.0699572;6.99572
6153;0.000185183;5.94265;-0.0699572;6.99572
6154;0.000185183;5.94265;-0.0699572;6.99572
6155;0.000185183;5.94265;-0.0699572;6.99572
6156;0.000185183;5.94265;-0.0699572;6.99572
6157;0.000185183;5.94265;-0.0699572;6.99572
6158;0.000185183;5.94265;-0.0699572;6.99572
6159;0.000185183;5.94265;-0.0699572;6.99572
6160;0.000185183;5.94265;-0.0699572;6.99572
6161;0.000185183;5.94265;-0.0699572;6.99572
6162;0.000185183;5.94265;-0.0699572;6.99572
6163;0.000185183;5.94265;-0.0699572;6.99572
6164;0.000185183;5.94265;-0.0699572;6.99572
6165;0.000185183;5.94265;-0.0699572;6.99572
6166;0.000185183;5.94265;-0.0699572;6.99572
6167;0.000185183;5.94265;-0.0699572;6.99572
6168;0.000185183;5.94265;-0.0699572;6.99572
6169;0.000185183;5.94265;-0.0699572;6.99572
6170;0.000185183;5.94265;-0.0699572;6.99572
6171;0.000185183;5.94265;-0.0699572;6.99572
6172;0.000185183;5.94265;-0.0699572;6.99572
6173;0.000185183;5.94265;-0.0699572;6.99572
6174;0.000185183;5.94265;-0.0699572;6.99572
6175;0.000185183;5.94265;-0.0699572;6.99572
6176;0.000185183;5.94265;-0.0699572;6.99572
6177;0.000185183;5.94265;-0.0699572;6.99572
6178;0.000185183;5.94265;-0.0699572;6.99572
6179;0.000185183;5.94265;-0.0699572;6.99572
6180;0.000185183;5.94265;-0.0699572;6.99572
6181;0.000185183;5.94265;-0.0699572;6.99572
6182;0.000185183;5.94265;-0.0699572;6.99572
6183;0.000185183;5.94265;-0.0699572;6.99572
6184;0.000185183;5.94265;-0.0699572;6.99572
6185;0.000185183;5.94265;-0.0699572;6.99572
6186;0.000185183;5.94265;-0.0699572;6.99572
6187;0.000185183;5.94265;-0.0699572;6.99572
6188;0.000185183;5.94265;-0.0699572;6.99572
6189;0.000185183;5.94265;-0.0699572;6.99572
6190;0.000185183;5.94265;-0.0699572;6.99572
6191;0.000185183;5.94265;-0.0699572;6.99572
6192;0.000185183;5.94265;-0.0699572;6.99572
6193;0.000185183;5.94265;-0.0699572;6.99572
6194;0.000185183;5.94265;-0.0699572;6.99572
6195;0.000185183;5.94265;-0.0699572;6.99572
6196;0.000185183;5.94265;-0.0699572;6.99572
6197;0.000185183;5.94265;-0.0699572;6.99572
6198;0.000185183;5.94265;-0.0699572;6.99572
6199;0.000185183;5.94265;-0.0699572;6.99572
6200;0.000185183;5.94265;-0.0699572;6.99572
6201;0.000185183;5.94265;-0.0699572;6.99572
6202;0.000185183;5.94265;-0.0699572;6.99572
6203;0.000185183;5.94265;-0.0699572;6.99572
6204;0.000185183;5.94265;-0.0699572;6.99572
6205;0.000185183;5.94265;-0.0699572;6.99572
6206;0.000185183;5.94265;-0.0699572;6.99572
6207;0.000185183;5.94265;-0.0699572;6.99572
6208;0.000185183;5.94265;-0.0699572;6.99572
6209;0.000185183;5.94265;-0.0699572;6.99572
6210;0.000185183;5.94265;-0.0699572;6.99572
6211;0.000185183;5.94265;-0.0699572;6.99572
6212;0.000185183;5.94265;-0.0699572;6.99572
6213;0.000185183;5.94265;-0.0699572;6.99572
6214;0.000185183;5.94265;-0.0699572;6.99572
6215;0.000185183;5.94265;-0.0699572;6.99572
6216;0.000185183;5.94265;-0.0699572;6.99572
6217;0.000185183;5.94265;-0.0699572;6.99572
6218;0.000185183;5.94265;-0.0699572;6.99572
6219;0.000185183;5.94265;-0.0699572;6.99572
6220;0.000185183;5.94265;-0.0699572;6.99572
6221;0.000185183;5.94265;-0.0699572;6.99572
6222;0.000185183;5.94265;-0.0699572;6.99572
6223;0.000185183;5.94265;-0.0699572;6.99572
6224;0.000185183;5.94265;-0.0699572;6.99572
6225;0.000185183;5.94265;-0.0699572;6.99572
6226;0.000185183;5.94265;-0.0699572;6.99572
6227;0.000185183;5.94265;-0.0699572;6.99572
6228;0.000185183;5.94265;-0.0699572;6.99572
6229;0.000185183;5.94265;-0.0699572;6.99572
6230;0.000185183;5.94265;-0.0699572;6.99572
6231;0.000185183;5.94265;-0.0699572;6.99572
6232;0.000185183;5.94265;-0.0699572;6.99572
6233;0.000185183;5.94265;-0.0699572;6.99572
6234;0.000185183;5.94265;-0.0699572;6.99572
6235;0.000185183;5.94265;-0.0699572;6.99572
6236;0.000185183;5.94265;-0.0699572;6.99572
6237;0.000185183;5.94265;-0.0699572;6.99572
6238;0.000185183;5.94265;-0.0699572;6.99572
6239;0.000185183;5.94265;-0.0699572;6.99572
6240;0.000185183;5.94265;-0.0699572;6.99572
6241;0.000185183;5.94265;-0.0699572;6.99572
6242;0.000185183;5.94265;-0.0699572;6.99572
6243;0.000185183;5.94265;-0.0699572;6.99572
6244;0.000185183;5.94265;-0.0699572;6.99572
6245;0.000185183;5.94265;-0.0699572;6.99572
6246;0.000185183;5.94265;-0.0699572;6.99572
6247;0.000185183;5.94265;-0.0699572;6.99572
6248;0.000185183;5.94265;-0.0699572;6.99572
6249;0.000185183;5.94265;-0.0699572;6.99572
6250;0.000185183;5.94265;-0.0699572;6.99572
6251;0.000185183;5.94265;-0.0699572;6.99572
6252;0.000185183;5.94265;-0.0699572;6.99572
6253;0.000185183;5.94265;-0.0699572;6.99572
6254;0.000185183;5.94265;-0.0699572;6.99572
6255;0.000185183;5.94265;-0.0699572;6.99572
6256;0.000185183;5.94265;-0.0699572;6.99572
6257;0.000185183;5.94265;-0.0699572;6.99572
6258;0.000185183;5.94265;-0.0699572;6.99572
6259;0.000185183;5.94265;-0.0699572;6.99572
6260;0.000185183;5.94265;-0.0699572;6.99572
6261;0.000185183;5.94265;-0.0699572;6.99572
6262;0.000185183;5.94265;-0.0699572;6.99572
6263;0.000185183;5.94265;-0.0699572;6.99572
6264;0.000185183;5.94265;-0.0699572;6.99572
6265;0.000185183;5.94265;-0.0699572;6.99572
6266;0.000185183;5.94265;-0.0699572;6.99572
6267;0.000185183;5.94265;-0.0699572;6.99572
6268;0.000185183;5.94265;-0.0699572;6.99572
6269;0.000185183;5.94265;-0.0699572;6.99572
6270;0.000185183;5.94265;-0.0699572;6.99572
6271;0.000185183;5.94265;-0.0699572;6.99572
6272;0.000185183;5.94265;-0.0699572;6.99572
6273;0.000185183;5.94265;-0.0699572;6.99572
6274;0.000185183;5.94265;-0.0699572;6.99572
6275;0.000185183;5.94265;-0.0699572;6.99572
6276;0.000185183;5.94265;-0.0699572;6.99572
6277;0.000185183;5.94265;-0.0699572;6.99572
6278;0.000185183;5.94265;-0.0699572;6.99572
6279;0.000185183;5.94265;-0.0699572;6.99572
6280;0.000185183;5.94265;-0.0699572;6.99572
6281;0.000185183;5.94265;-0.0699572;6.99572
6282;0.000185183;5.94265;-0.0699572;6.99572
6283;0.000185183;5.94265;-0.0699572;6.99572
6284;0.000185183;5.94265;-0.0699572;6.99572
6285;0.000185183;5.94265;-0.0699572;6.99572
6286;0.000185183;5.94265;-0.0699572;6.99572
6287;0.000185183;5.94265;-0.0699572;6.99572
6288;0.000185183;5.94265;-0.0699572;6.99572
6289;0.000185183;5.94265;-0.0699572;6.99572
6290;0.000185183;5.94265;-0.0699572;6.99572
6291;0.000185183;5.94265;-0.0699572;6.99572
6292;0.000185183;5.94265;-0.0699572;6.99572
6293;0.000185183;5.94265;-0.0699572;6.99572
6294;0.000185183;5.94265;-0.0699572;6.99572
6295;0.000185183;5.94265;-0.0699572;6.99572
6296;0.000185183;5.94265;-0.0699572;6.99572
6297;0.000185183;5.94265;-0.0699572;6.99572
6298;0.000185183;5.94265;-0.0699572;6.99572
6299;0.000185183;5.94265;-0.0699572;6.99572
6300;0.000185183;5.94265;-0.0699572;6.99572
6301;0.000185183;5.94265;-0.0699572;6.99572
6302;0.000185183;5.94265;-0.0699572;6.99572
6303;0.000185183;5.94265;-0.0699572;6.99572
6304;0.000185183;5.94265;-0.0699572;6.99572
6305;0.000185183;5.94265;-0.0699572;6.99572
6306;0.000185183;5.94265;-0.0699572;6.99572
6307;0.000185183;5.94265;-0.0699572;6.99572
6308;0.000185183;5.94265;-0.0699572;6.99572
6309;0.000185183;5.94265;-0.0699572;6.99572
6310;0.000185183;5.94265;-0.0699572;6.99572
6311;0.000185183;5.94265;-0.0699572;6.99572
6312;0.000185183;5.94265;-0.0699572;6.99572
6313;0.000185183;5.94265;-0.0699572;6.99572
6314;0.000185183;5.94265;-0.0699572;6.99572
6315;0.000185183;5.94265;-0.0699572;6.99572
6316;0.000185183;5.94265;-0.0699572;6.99572
6317;0.000185183;5.94265;-0.0699572;6.99572
6318;0.000185183;5.94265;-0.0699572;6.99572
6319;0.000185183;5.94265;-0.0699572;6.99572
6320;0.000185183;5.94265;-0.0699572;6.99572
6321;0.000185183;5.94265;-0.0699572;6.99572
6322;0.000185183;5.94265;-0.0699572;6.99572
6323;0.000185183;5.94265;-0.0699572;6.99572
6324;0.000185183;5.94265;-0.0699572;6.99572
6325;0.000185183;5.94265;-0.0699572;6.99572
6326;0.000185183;5.94265;-0.0699572;6.99572
6327;0.000185183;5.94265;-0.0699572;6.99572
6328;0.000185183;5.94265;-0.0699572;6.99572
6329;0.000185183;5.94265;-0.0699572;6.99572
6330;0.000185183;5.94265;-0.0699572;6.99572
6331;0.000185183;5.94265;-0.0699572;6.99572
6332;0.000185183;5.94265;-0.0699572;6.99572
6333;0.000185183;5.94265;-0.0699572;6.99572
6334;0.000185183;5.94265;-0.0699572;6.99572
6335;0.000185183;5.94265;-0.0699572;6.99572
6336;0.000185183;5.94265;-0.0699572;6.99572
6337;0.000185183;5.94265;-0.0699572;6.99572
6338;0.000185183;5.94265;-0.0699572;6.99572
6339;0.000185183;5.94265;-0.0699572;6.99572
6340;0.000185183;5.94265;-0.0699572;6.99572
6341;0.000185183;5.94265;-0.0699572;6.99572
6342;0.000185183;5.94265;-0.0699572;6.99572
6343;0.000185183;5.94265;-0.0699572;6.99572
6344;0.000185183;5.94265;-0.0699572;6.99572
6345;0.000185183;5.94265;-0.0699572;6.99572
6346;0.000185183;5.94265;-0.0699572;6.99572
6347;0.000185183;5.94265;-0.0699572;6.99572
6348;0.000185183;5.94265;-0.0699572;6.99572
6349;0.000185183;5.94265;-0.0699572;6.99572
6350;0.000185183;5.94265;-0.0699572;6.99572
6351;0.000185183;5.94265;-0.0699572;6.99572
6352;0.000185183;5.94265;-0.0699572;6.99572
6353;0.000185183;5.94265;-0.0699572;6.99572
6354;0.000185183;5.94265;-0.0699572;6.99572
6355;0.000185183;5.94265;-0.0699572;6.99572
6356;0.000185183;5.94265;-0.0699572;6.99572
6357;0.000185183;5.94265;-0.0699572;6.99572
6358;0.000185183;5.94265;-0.0699572;6.99572
6359;0.000185183;5.94265;-0.0699572;6.99572
6360;0.000185183;5.94265;-0.0699572;6.99572
6361;0.000185183;5.94265;-0.0699572;6.99572
6362;0.000185183;5.94265;-0.0699572;6.99572
6363;0.000185183;5.94265;-0.0699572;6.99572
6364;0.000185183;5.94265;-0.0699572;6.99572
6365;0.000185183;5.94265;-0.0699572;6.99572
6366;0.000185183;5.94265;-0.0699572;6.99572
6367;0.000185183;5.94265;-0.0699572;6.99572
6368;0.000185183;5.94265;-0.0699572;6.99572
6369;0.000185183;5.94265;-0.0699572;6.99572
6370;0.000185183;5.94265;-0.0699572;6.99572
6371;0.000185183;5.94265;-0.0699572;6.99572
6372;0.000185183;5.94265;-0.0699572;6.99572
6373;0.000185183;5.94265;-0.0699572;6.99572
6374;0.000185183;5.94265;-0.0699572;6.99572
6375;0.000185183;5.94265;-0.0699572;6.99572
6376;0.000185183;5.94265;-0.0699572;6.99572
6377;0.000185183;5.94265;-0.0699572;6.99572
6378;0.000185183;5.94265;-0.0699572;6.99572
6379;0.000185183;5.94265;-0.0699572;6.99572
6380;0.000185183;5.94265;-0.0699572;6.99572
6381;0.000185183;5.94265;-0.0699572;6.99572
6382;0.000185183;5.94265;-0.0699572;6.99572
6383;0.000185183;5.94265;-0.0699572;6.99572
6384;0.000185183;5.94265;-0.0699572;6.99572
6385;0.000185183;5.94265;-0.0699572;6.99572
6386;0.000185183;5.94265;-0.0699572;6.99572
6387;0.000185183;5.94265;-0.0699572;6.99572
6388;0.000185183;5.94265;-0.0699572;6.99572
6389;0.000185183;5.94265;-0.0699572;6.99572
6390;0.000185183;5.94265;-0.0699572;6.99572
6391;0.000185183;5.94265;-0.0699572;6.99572
6392;0.000185183;5.94265;-0.0699572;6.99572
6393;0.000185183;5.94265;-0.0699572;6.99572
6394;0.000185183;5.94265;-0.0699572;6.99572
6395;0.000185183;5.94265;-0.0699572;6.99572
6396;0.000185183;5.94265;-0.0699572;6.99572
6397;0.000185183;5.94265;-0.0699572;6.99572
6398;0.000185183;5.94265;-0.0699572;6.99572
6399;0.000185183;5.94265;-0.0699572;6.99572
6400;0.000185183;5.94265;-0.0699572;6.99572
6401;0.000185183;5.94265;-0.0699572;6.99572
6402;0.000185183;5.94265;-0.0699572;6.99572
6403;0.000185183;5.94265;-0.0699572;6.99572
6404;0.000185183;5.94265;-0.0699572;6.99572
6405;0.000185183;5.94265;-0.0699572;6.99572
6406;0.000185183;5.94265;-0.0699572;6.99572
6407;0.000185183;5.94265;-0.0699572;6.99572
6408;0.000185183;5.94265;-0.0699572;6.99572
6409;0.000185183;5.94265;-0.0699572;6.99572
6410;0.000185183;5.94265;-0.0699572;6.99572
6411;0.000185183;5.94265;-0.0699572;6.99572
6412;0.000185183;5.94265;-0.0699572;6.99572
6413;0.000185183;5.94265;-0.0699572;6.99572
6414;0.000185183;5.94265;-0.0699572;6.99572
6415;0.000185183;5.94265;-0.0699572;6.99572
6416;0.000185183;5.94265;-0.0699572;6.99572
6417;0.000185183;5.94265;-0.0699572;6.99572
6418;0.000185183;5.94265;-0.0699572;6.99572
6419;0.000185183;5.94265;-0.0699572;6.99572
6420;0.000185183;5.94265;-0.0699572;6.99572
6421;0.000185183;5.94265;-0.0699572;6.99572
6422;0.000185183;5.94265;-0.0699572;6.99572
6423;0.000185183;5.94265;-0.0699572;6.99572
6424;0.000185183;5.94265;-0.0699572;6.99572
6425;0.000185183;5.94265;-0.0699572;6.99572
6426;0.000185183;5.94265;-0.0699572;6.99572
6427;0.000185183;5.94265;-0.0699572;6.99572
6428;0.000185183;5.94265;-0.0699572;6.99572
6429;0.000185183;5.94265;-0.0699572;6.99572
6430;0.000185183;5.94265;-0.0699572;6.99572
6431;0.000185183;5.94265;-0.0699572;6.99572
6432;0.000185183;5.94265;-0.0699572;6.99572
6433;0.000185183;5.94265;-0.0699572;6.99572
6434;0.000185183;5.94265;-0.0699572;6.99572
6435;0.000185183;5.94265;-0.0699572;6.99572
6436;0.000185183;5.94265;-0.0699572;6.99572
6437;0.000185183;5.94265;-0.0699572;6.99572
6438;0.000185183;5.94265;-0.0699572;6.99572
6439;0.000185183;5.94265;-0.0699572;6.99572
6440;0.000185183;5.94265;-0.0699572;6.99572
6441;0.000185183;5.94265;-0.0699572;6.99572
6442;0.000185183;5.94265;-0.0699572;6.99572
6443;0.000185183;5.94265;-0.0699572;6.99572
6444;0.000185183;5.94265;-0.0699572;6.99572
6445;0.000185183;5.94265;-0.0699572;6.99572
6446;0.000185183;5.94265;-0.0699572;6.99572
6447;0.000185183;5.94265;-0.0699572;6.99572
6448;0.000185183;5.94265;-0.0699572;6.99572
6449;0.000185183;5.94265;-0.0699572;6.99572
6450;0.000185183;5.94265;-0.0699572;6.99572
6451;0.000185183;5.94265;-0.0699572;6.99572
6452;0.000185183;5.94265;-0.0699572;6.99572
6453;0.000185183;5.94265;-0.0699572;6.99572
6454;0.000185183;5.94265;-0.0699572;6.99572
6455;0.000185183;5.94265;-0.0699572;6.99572
6456;0.000185183;5.94265;-0.0699572;6.99572
6457;0.000185183;5.94265;-0.0699572;6.99572
6458;0.000185183;5.94265;-0.0699572;6.99572
6459;0.000185183;5.94265;-0.0699572;6.99572
6460;0.000185183;5.94265;-0.0699572;6.99572
6461;0.000185183;5.94265;-0.0699572;6.99572
6462;0.000185183;5.94265;-0.0699572;6.99572
6463;0.000185183;5.94265;-0.0699572;6.99572
6464;0.000185183;5.94265;-0.0699572;6.99572
6465;0.000185183;5.94265;-0.0699572;6.99572
6466;0.000185183;5.94265;-0.0699572;6.99572
6467;0.000185183;5.94265;-0.0699572;6.99572
6468;0.000185183;5.94265;-0.0699572;6.99572
6469;0.000185183;5.94265;-0.0699572;6.99572
6470;0.000185183;5.94265;-0.0699572;6.99572
6471;0.000185183;5.94265;-0.0699572;6.99572
6472;0.000185183;5.94265;-0.0699572;6.99572
6473;0.000185183;5.94265;-0.0699572;6.99572
6474;0.000185183;5.94265;-0.0699572;6.99572
6475;0.000185183;5.94265;-0.0699572;6.99572
6476;0.000185183;5.94265;-0.0699572;6.99572
6477;0.000185183;5.94265;-0.0699572;6.99572
6478;0.000185183;5.94265;-0.0699572;6.99572
6479;0.000185183;5.94265;-0.0699572;6.99572
6480;0.000185183;5.94265;-0.0699572;6.99572
6481;0.000185183;5.94265;-0.0699572;6.99572
6482;0.000185183;5.94265;-0.0699572;6.99572
6483;0.000185183;5.94265;-0.0699572;6.99572
6484;0.000185183;5.94265;-0.0699572;6.99572
6485;0.000185183;5.94265;-0.0699572;6.99572
6486;0.000185183;5.94265;-0.0699572;6.99572
6487;0.000185183;5.94265;-0.0699572;6.99572
6488;0.000185183;5.94265;-0.0699572;6.99572
6489;0.000185183;5.94265;-0.0699572;6.99572
6490;0.000185183;5.94265;-0.0699572;6.99572
6491;0.000185183;5.94265;-0.0699572;6.99572
6492;0.000185183;5.94265;-0.0699572;6.99572
6493;0.000185183;5.94265;-0.0699572;6.99572
6494;0.000185183;5.94265;-0.0699572;6.99572
6495;0.000185183;5.94265;-0.0699572;6.99572
6496;0.000185183;5.94265;-0.0699572;6.99572
6497;0.000185183;5.94265;-0.0699572;6.99572
6498;0.000185183;5.94265;-0.0699572;6.99572
6499;0.000185183;5.94265;-0.0699572;6.99572
6500;0.000185183;5.94265;-0.0699572;6.99572
6501;0.000185183;5.94265;-0.0699572;6.99572
6502;0.000185183;5.94265;-0.0699572;6.99572
6503;0.000185183;5.94265;-0.0699572;6.99572
6504;0.000185183;5.94265;-0.0699572;6.99572
6505;0.000185183;5.94265;-0.0699572;6.99572
6506;0.000185183;5.94265;-0.0699572;6.99572
6507;0.000185183;5.94265;-0.0699572;6.99572
6508;0.000185183;5.94265;-0.0699572;6.99572
6509;0.000185183;5.94265;-0.0699572;6.99572
6510;0.000185183;5.94265;-0.0699572;6.99572
6511;0.000185183;5.94265;-0.0699572;6.99572
6512;0.000185183;5.94265;-0.0699572;6.99572
6513;0.000185183;5.94265;-0.0699572;6.99572
6514;0.000185183;5.94265;-0.0699572;6.99572
6515;0.000185183;5.94265;-0.0699572;6.99572
6516;0.000185183;5.94265;-0.0699572;6.99572
6517;0.000185183;5.94265;-0.0699572;6.99572
6518;0.000185183;5.94265;-0.0699572;6.99572
6519;0.000185183;5.94265;-0.0699572;6.99572
6520;0.000185183;5.94265;-0.0699572;6.99572
6521;0.000185183;5.94265;-0.0699572;6.99572
6522;0.000185183;5.94265;-0.0699572;6.99572
6523;0.000185183;5.94265;-0.0699572;6.99572
6524;0.000185183;5.94265;-0.0699572;6.99572
6525;0.000185183;5.94265;-0.0699572;6.99572
6526;0.000185183;5.94265;-0.0699572;6.99572
6527;0.000185183;5.94265;-0.0699572;6.99572
6528;0.000185183;5.94265;-0.0699572;6.99572
6529;0.000185183;5.94265;-0.0699572;6.99572
6530;0.000185183;5.94265;-0.0699572;6.99572
6531;0.000185183;5.94265;-0.0699572;6.99572
6532;0.000185183;5.94265;-0.0699572;6.99572
6533;0.000185183;5.94265;-0.0699572;6.99572
6534;0.000185183;5.94265;-0.0699572;6.99572
6535;0.000185183;5.94265;-0.0699572;6.99572
6536;0.000185183;5.94265;-0.0699572;6.99572
6537;0.000185183;5.94265;-0.0699572;6.99572
6538;0.000185183;5.94265;-0.0699572;6.99572
6539;0.000185183;5.94265;-0.0699572;6.99572
6540;0.000185183;5.94265;-0.0699572;6.99572
6541;0.000185183;5.94265;-0.0699572;6.99572
6542;0.000185183;5.94265;-0.0699572;6.99572
6543;0.000185183;5.94265;-0.0699572;6.99572
6544;0.000185183;5.94265;-0.0699572;6.99572
6545;0.000185183;5.94265;-0.0699572;6.99572
6546;0.000185183;5.94265;-0.0699572;6.99572
6547;0.000185183;5.94265;-0.0699572;6.99572
6548;0.000185183;5.94265;-0.0699572;6.99572
6549;0.000185183;5.94265;-0.0699572;6.99572
6550;0.000185183;5.94265;-0.0699572;6.99572
6551;0.000185183;5.94265;-0.0699572;6.99572
6552;0.000185183;5.94265;-0.0699572;6.99572
6553;0.000185183;5.94265;-0.0699572;6.99572
6554;0.000185183;5.94265;-0.0699572;6.99572
6555;0.000185183;5.94265;-0.0699572;6.99572
6556;0.000185183;5.94265;-0.0699572;6.99572
6557;0.000185183;5.94265;-0.0699572;6.99572
6558;0.000185183;5.94265;-0.0699572;6.99572
6559;0.000185183;5.94265;-0.0699572;6.99572
6560;0.000185183;5.94265;-0.0699572;6.99572
6561;0.000185183;5.94265;-0.0699572;6.99572
6562;0.000185183;5.94265;-0.0699572;6.99572
6563;0.000185183;5.94265;-0.0699572;6.99572
6564;0.000185183;5.94265;-0.0699572;6.99572
6565;0.000185183;5.94265;-0.0699572;6.99572
6566;0.000185183;5.94265;-0.0699572;6.99572
6567;0.000185183;5.94265;-0.0699572;6.99572
6568;0.000185183;5.94265;-0.0699572;6.99572
6569;0.000185183;5.94265;-0.0699572;6.99572
6570;0.000185183;5.94265;-0.0699572;6.99572
6571;0.000185183;5.94265;-0.0699572;6.99572
6572;0.000185183;5.94265;-0.0699572;6.99572
6573;0.000185183;5.94265;-0.0699572;6.99572
6574;0.000185183;5.94265;-0.0699572;6.99572
6575;0.000185183;5.94265;-0.0699572;6.99572
6576;0.000185183;5.94265;-0.0699572;6.99572
6577;0.000185183;5.94265;-0.0699572;6.99572
6578;0.000185183;5.94265;-0.0699572;6.99572
6579;0.000185183;5.94265;-0.0699572;6.99572
6580;0.000185183;5.94265;-0.0699572;6.99572
6581;0.000185183;5.94265;-0.0699572;6.99572
6582;0.000185183;5.94265;-0.0699572;6.99572
6583;0.000185183;5.94265;-0.0699572;6.99572
6584;0.000185183;5.94265;-0.0699572;6.99572
6585;0.000185183;5.94265;-0.0699572;6.99572
6586;0.000185183;5.94265;-0.0699572;6.99572
6587;0.000185183;5.94265;-0.0699572;6.99572
6588;0.000185183;5.94265;-0.0699572;6.99572
6589;0.000185183;5.94265;-0.0699572;6.99572
6590;0.000185183;5.94265;-0.0699572;6.99572
6591;0.000185183;5.94265;-0.0699572;6.99572
6592;0.000185183;5.94265;-0.0699572;6.99572
6593;0.000185183;5.94265;-0.0699572;6.99572
6594;0.000185183;5.94265;-0.0699572;6.99572
6595;0.000185183;5.94265;-0.0699572;6.99572
6596;0.000185183;5.94265;-0.0699572;6.99572
6597;0.000185183;5.94265;-0.0699572;6.99572
6598;0.000185183;5.94265;-0.0699572;6.99572
6599;0.000185183;5.94265;-0.0699572;6.99572
6600;0.000185183;5.94265;-0.0699572;6.99572
6601;0.000185183;5.94265;-0.0699572;6.99572
6602;0.000185183;5.94265;-0.0699572;6.99572
6603;0.000185183;5.94265;-0.0699572;6.99572
6604;0.000185183;5.94265;-0.0699572;6.99572
6605;0.000185183;5.94265;-0.0699572;6.99572
6606;0.000185183;5.94265;-0.0699572;6.99572
6607;0.000185183;5.94265;-0.0699572;6.99572
6608;0.000185183;5.94265;-0.0699572;6.99572
6609;0.000185183;5.94265;-0.0699572;6.99572
6610;0.000185183;5.94265;-0.0699572;6.99572
6611;0.000185183;5.94265;-0.0699572;6.99572
6612;0.000185183;5.94265;-0.0699572;6.99572
6613;0.000185183;5.94265;-0.0699572;6.99572
6614;0.000185183;5.94265;-0.0699572;6.99572
6615;0.000185183;5.94265;-0.0699572;6.99572
6616;0.000185183;5.94265;-0.0699572;6.99572
6617;0.000185183;5.94265;-0.0699572;6.99572
6618;0.000185183;5.94265;-0.0699572;6.99572
6619;0.000185183;5.94265;-0.0699572;6.99572
6620;0.000185183;5.94265;-0.0699572;6.99572
6621;0.000185183;5.94265;-0.0699572;6.99572
6622;0.000185183;5.94265;-0.0699572;6.99572
6623;0.000185183;5.94265;-0.0699572;6.99572
6624;0.000185183;5.94265;-0.0699572;6.99572
6625;0.000185183;5.94265;-0.0699572;6.99572
6626;0.000185183;5.94265;-0.0699572;6.99572
6627;0.000185183;5.94265;-0.0699572;6.99572
6628;0.000185183;5.94265;-0.0699572;6.99572
6629;0.000185183;5.94265;-0.0699572;6.99572
6630;0.000185183;5.94265;-0.0699572;6.99572
6631;0.000185183;5.94265;-0.0699572;6.99572
6632;0.000185183;5.94265;-0.0699572;6.99572
6633;0.000185183;5.94265;-0.0699572;6.99572
6634;0.000185183;5.94265;-0.0699572;6.99572
6635;0.000185183;5.94265;-0.0699572;6.99572
6636;0.000185183;5.94265;-0.0699572;6.99572
6637;0.000185183;5.94265;-0.0699572;6.99572
6638;0.000185183;5.94265;-0.0699572;6.99572
6639;0.000185183;5.94265;-0.0699572;6.99572
6640;0.000185183;5.94265;-0.0699572;6.99572
6641;0.000185183;5.94265;-0.0699572;6.99572
6642;0.000185183;5.94265;-0.0699572;6.99572
6643;0.000185183;5.94265;-0.0699572;6.99572
6644;0.000185183;5.94265;-0.0699572;6.99572
6645;0.000185183;5.94265;-0.0699572;6.99572
6646;0.000185183;5.94265;-0.0699572;6.99572
6647;0.000185183;5.94265;-0.0699572;6.99572
6648;0.000185183;5.94265;-0.0699572;6.99572
6649;0.000185183;5.94265;-0.0699572;6.99572
6650;0.000185183;5.94265;-0.0699572;6.99572
6651;0.000185183;5.94265;-0.0699572;6.99572
6652;0.000185183;5.94265;-0.0699572;6.99572
6653;0.000185183;5.94265;-0.0699572;6.99572
6654;0.000185183;5.94265;-0.0699572;6.99572
6655;0.000185183;5.94265;-0.0699572;6.99572
6656;0.000185183;5.94265;-0.0699572;6.99572
6657;0.000185183;5.94265;-0.0699572;6.99572
6658;0.000185183;5.94265;-0.0699572;6.99572
6659;0.000185183;5.94265;-0.0699572;6.99572
6660;0.000185183;5.94265;-0.0699572;6.99572
6661;0.000185183;5.94265;-0.0699572;6.99572
6662;0.000185183;5.94265;-0.0699572;6.99572
6663;0.000185183;5.94265;-0.0699572;6.99572
6664;0.000185183;5.94265;-0.0699572;6.99572
6665;0.000185183;5.94265;-0.0699572;6.99572
6666;0.000185183;5.94265;-0.0699572;6.99572
6667;0.000185183;5.94265;-0.0699572;6.99572
6668;0.000185183;5.94265;-0.0699572;6.99572
6669;0.000185183;5.94265;-0.0699572;6.99572
6670;0.000185183;5.94265;-0.0699572;6.99572
6671;0.000185183;5.94265;-0.0699572;6.99572
6672;0.000185183;5.94265;-0.0699572;6.99572
6673;0.000185183;5.94265;-0.0699572;6.99572
6674;0.000185183;5.94265;-0.0699572;6.99572
6675;0.000185183;5.94265;-0.0699572;6.99572
6676;0.000185183;5.94265;-0.0699572;6.99572
6677;0.000185183;5.94265;-0.0699572;6.99572
6678;0.000185183;5.94265;-0.0699572;6.99572
6679;0.000185183;5.94265;-0.0699572;6.99572
6680;0.000185183;5.94265;-0.0699572;6.99572
6681;0.000185183;5.94265;-0.0699572;6.99572
6682;0.000185183;5.94265;-0.0699572;6.99572
6683;0.000185183;5.94265;-0.0699572;6.99572
6684;0.000185183;5.94265;-0.0699572;6.99572
6685;0.000185183;5.94265;-0.0699572;6.99572
6686;0.000185183;5.94265;-0.0699572;6.99572
6687;0.000185183;5.94265;-0.0699572;6.99572
6688;0.000185183;5.94265;-0.0699572;6.99572
6689;0.000185183;5.94265;-0.0699572;6.99572
6690;0.000185183;5.94265;-0.0699572;6.99572
6691;0.000185183;5.94265;-0.0699572;6.99572
6692;0.000185183;5.94265;-0.0699572;6.99572
6693;0.000185183;5.94265;-0.0699572;6.99572
6694;0.000185183;5.94265;-0.0699572;6.99572
6695;0.000185183;5.94265;-0.0699572;6.99572
6696;0.000185183;5.94265;-0.0699572;6.99572
6697;0.000185183;5.94265;-0.0699572;6.99572
6698;0.000185183;5.94265;-0.0699572;6.99572
6699;0.000185183;5.94265;-0.0699572;6.99572
6700;0.000185183;5.94265;-0.0699572;6.99572
6701;0.000185183;5.94265;-0.0699572;6.99572
6702;0.000185183;5.94265;-0.0699572;6.99572
6703;0.000185183;5.94265;-0.0699572;6.99572
6704;0.000185183;5.94265;-0.0699572;6.99572
6705;0.000185183;5.94265;-0.0699572;6.99572
6706;0.000185183;5.94265;-0.0699572;6.99572
6707;0.000185183;5.94265;-0.0699572;6.99572
6708;0.000185183;5.94265;-0.0699572;6.99572
6709;0.000185183;5.94265;-0.0699572;6.99572
6710;0.000185183;5.94265;-0.0699572;6.99572
6711;0.000185183;5.94265;-0.0699572;6.99572
6712;0.000185183;5.94265;-0.0699572;6.99572
6713;0.000185183;5.94265;-0.0699572;6.99572
6714;0.000185183;5.94265;-0.0699572;6.99572
6715;0.000185183;5.94265;-0.0699572;6.99572
6716;0.000185183;5.94265;-0.0699572;6.99572
6717;0.000185183;5.94265;-0.0699572;6.99572
6718;0.000185183;5.94265;-0.0699572;6.99572
6719;0.000185183;5.94265;-0.0699572;6.99572
6720;0.000185183;5.94265;-0.0699572;6.99572
6721;0.000185183;5.94265;-0.0699572;6.99572
6722;0.000185183;5.94265;-0.0699572;6.99572
6723;0.000185183;5.94265;-0.0699572;6.99572
6724;0.000185183;5.94265;-0.0699572;6.99572
6725;0.000185183;5.94265;-0.0699572;6.99572
6726;0.000185183;5.94265;-0.0699572;6.99572
6727;0.000185183;5.94265;-0.0699572;6.99572
6728;0.000185183;5.94265;-0.0699572;6.99572
6729;0.000185183;5.94265;-0.0699572;6.99572
6730;0.000185183;5.94265;-0.0699572;6.99572
6731;0.000185183;5.94265;-0.0699572;6.99572
6732;0.000185183;5.94265;-0.0699572;6.99572
6733;0.000185183;5.94265;-0.0699572;6.99572
6734;0.000185183;5.94265;-0.0699572;6.99572
6735;0.000185183;5.94265;-0.0699572;6.99572
6736;0.000185183;5.94265;-0.0699572;6.99572
6737;0.000185183;5.94265;-0.0699572;6.99572
6738;0.000185183;5.94265;-0.0699572;6.99572
6739;0.000185183;5.94265;-0.0699572;6.99572
6740;0.000185183;5.94265;-0.0699572;6.99572
6741;0.000185183;5.94265;-0.0699572;6.99572
6742;0.000185183;5.94265;-0.0699572;6.99572
6743;0.000185183;5.94265;-0.0699572;6.99572
6744;0.000185183;5.94265;-0.0699572;6.99572
6745;0.000185183;5.94265;-0.0699572;6.99572
6746;0.000185183;5.94265;-0.0699572;6.99572
6747;0.000185183;5.94265;-0.0699572;6.99572
6748;0.000185183;5.94265;-0.0699572;6.99572
6749;0.000185183;5.94265;-0.0699572;6.99572
6750;0.000185183;5.94265;-0.0699572;6.99572
6751;0.000185183;5.94265;-0.0699572;6.99572
6752;0.000185183;5.94265;-0.0699572;6.99572
6753;0.000185183;5.94265;-0.0699572;6.99572
6754;0.000185183;5.94265;-0.0699572;6.99572
6755;0.000185183;5.94265;-0.0699572;6.99572
6756;0.000185183;5.94265;-0.0699572;6.99572
6757;0.000185183;5.94265;-0.0699572;6.99572
6758;0.000185183;5.94265;-0.0699572;6.99572
6759;0.000185183;5.94265;-0.0699572;6.99572
6760;0.000185183;5.94265;-0.0699572;6.99572
6761;0.000185183;5.94265;-0.0699572;6.99572
6762;0.000185183;5.94265;-0.0699572;6.99572
6763;0.000185183;5.94265;-0.0699572;6.99572
6764;0.000185183;5.94265;-0.0699572;6.99572
6765;0.000185183;5.94265;-0.0699572;6.99572
6766;0.000185183;5.94265;-0.0699572;6.99572
6767;0.000185183;5.94265;-0.0699572;6.99572
6768;0.000185183;5.94265;-0.0699572;6.99572
6769;0.000185183;5.94265;-0.0699572;6.99572
6770;0.000185183;5.94265;-0.0699572;6.99572
6771;0.000185183;5.94265;-0.0699572;6.99572
6772;0.000185183;5.94265;-0.0699572;6.99572
6773;0.000185183;5.94265;-0.0699572;6.99572
6774;0.000185183;5.94265;-0.0699572;6.99572
6775;0.000185183;5.94265;-0.0699572;6.99572
6776;0.000185183;5.94265;-0.0699572;6.99572
6777;0.000185183;5.94265;-0.0699572;6.99572
6778;0.000185183;5.94265;-0.0699572;6.99572
6779;0.000185183;5.94265;-0.0699572;6.99572
6780;0.000185183;5.94265;-0.0699572;6.99572
6781;0.000185183;5.94265;-0.0699572;6.99572
6782;0.000185183;5.94265;-0.0699572;6.99572
6783;0.000185183;5.94265;-0.0699572;6.99572
6784;0.000185183;5.94265;-0.0699572;6.99572
6785;0.000185183;5.94265;-0.0699572;6.99572
6786;0.000185183;5.94265;-0.0699572;6.99572
6787;0.000185183;5.94265;-0.0699572;6.99572
6788;0.000185183;5.94265;-0.0699572;6.99572
6789;0.000185183;5.94265;-0.0699572;6.99572
6790;0.000185183;5.94265;-0.0699572;6.99572
6791;0.000185183;5.94265;-0.0699572;6.99572
6792;0.000185183;5.94265;-0.0699572;6.99572
6793;0.000185183;5.94265;-0.0699572;6.99572
6794;0.000185183;5.94265;-0.0699572;6.99572
6795;0.000185183;5.94265;-0.0699572;6.99572
6796;0.000185183;5.94265;-0.0699572;6.99572
6797;0.000185183;5.94265;-0.0699572;6.99572
6798;0.000185183;5.94265;-0.0699572;6.99572
6799;0.000185183;5.94265;-0.0699572;6.99572
6800;0.000185183;5.94265;-0.0699572;6.99572
6801;0.000185183;5.94265;-0.0699572;6.99572
6802;0.000185183;5.94265;-0.0699572;6.99572
6803;0.000185183;5.94265;-0.0699572;6.99572
6804;0.000185183;5.94265;-0.0699572;6.99572
6805;0.000185183;5.94265;-0.0699572;6.99572
6806;0.000185183;5.94265;-0.0699572;6.99572
6807;0.000185183;5.94265;-0.0699572;6.99572
6808;0.000185183;5.94265;-0.0699572;6.99572
6809;0.000185183;5.94265;-0.0699572;6.99572
6810;0.000185183;5.94265;-0.0699572;6.99572
6811;0.000185183;5.94265;-0.0699572;6.99572
6812;0.000185183;5.94265;-0.0699572;6.99572
6813;0.000185183;5.94265;-0.0699572;6.99572
6814;0.000185183;5.94265;-0.0699572;6.99572
6815;0.000185183;5.94265;-0.0699572;6.99572
6816;0.000185183;5.94265;-0.0699572;6.99572
6817;0.000185183;5.94265;-0.0699572;6.99572
6818;0.000185183;5.94265;-0.0699572;6.99572
6819;0.000185183;5.94265;-0.0699572;6.99572
6820;0.000185183;5.94265;-0.0699572;6.99572
6821;0.000185183;5.94265;-0.0699572;6.99572
6822;0.000185183;5.94265;-0.0699572;6.99572
6823;0.000185183;5.94265;-0.0699572;6.99572
6824;0.000185183;5.94265;-0.0699572;6.99572
6825;0.000185183;5.94265;-0.0699572;6.99572
6826;0.000185183;5.94265;-0.0699572;6.99572
6827;0.000185183;5.94265;-0.0699572;6.99572
6828;0.000185183;5.94265;-0.0699572;6.99572
6829;0.000185183;5.94265;-0.0699572;6.99572
6830;0.000185183;5.94265;-0.0699572;6.99572
6831;0.000185183;5.94265;-0.0699572;6.99572
6832;0.000185183;5.94265;-0.0699572;6.99572
6833;0.000185183;5.94265;-0.0699572;6.99572
6834;0.000185183;5.94265;-0.0699572;6.99572
6835;0.000185183;5.94265;-0.0699572;6.99572
6836;0.000185183;5.94265;-0.0699572;6.99572
6837;0.000185183;5.94265;-0.0699572;6.99572
6838;0.000185183;5.94265;-0.0699572;6.99572
6839;0.000185183;5.94265;-0.0699572;6.99572
6840;0.000185183;5.94265;-0.0699572;6.99572
6841;0.000185183;5.94265;-0.0699572;6.99572
6842;0.000185183;5.94265;-0.0699572;6.99572
6843;0.000185183;5.94265;-0.0699572;6.99572
6844;0.000185183;5.94265;-0.0699572;6.99572
6845;0.000185183;5.94265;-0.0699572;6.99572
6846;0.000185183;5.94265;-0.0699572;6.99572
6847;0.000185183;5.94265;-0.0699572;6.99572
6848;0.000185183;5.94265;-0.0699572;6.99572
6849;0.000185183;5.94265;-0.0699572;6.99572
6850;0.000185183;5.94265;-0.0699572;6.99572
6851;0.000185183;5.94265;-0.0699572;6.99572
6852;0.000185183;5.94265;-0.0699572;6.99572
6853;0.000185183;5.94265;-0.0699572;6.99572
6854;0.000185183;5.94265;-0.0699572;6.99572
6855;0.000185183;5.94265;-0.0699572;6.99572
6856;0.000185183;5.94265;-0.0699572;6.99572
6857;0.000185183;5.94265;-0.0699572;6.99572
6858;0.000185183;5.94265;-0.0699572;6.99572
6859;0.000185183;5.94265;-0.0699572;6.99572
6860;0.000185183;5.94265;-0.0699572;6.99572
6861;0.000185183;5.94265;-0.0699572;6.99572
6862;0.000185183;5.94265;-0.0699572;6.99572
6863;0.000185183;5.94265;-0.0699572;6.99572
6864;0.000185183;5.94265;-0.0699572;6.99572
6865;0.000185183;5.94265;-0.0699572;6.99572
6866;0.000185183;5.94265;-0.0699572;6.99572
6867;0.000185183;5.94265;-0.0699572;6.99572
6868;0.000185183;5.94265;-0.0699572;6.99572
6869;0.000185183;5.94265;-0.0699572;6.99572
6870;0.000185183;5.94265;-0.0699572;6.99572
6871;0.000185183;5.94265;-0.0699572;6.99572
6872;0.000185183;5.94265;-0.0699572;6.99572
6873;0.000185183;5.94265;-0.0699572;6.99572
6874;0.000185183;5.94265;-0.0699572;6.99572
6875;0.000185183;5.94265;-0.0699572;6.99572
6876;0.000185183;5.94265;-0.0699572;6.99572
6877;0.000185183;5.94265;-0.0699572;6.99572
6878;0.000185183;5.94265;-0.0699572;6.99572
6879;0.000185183;5.94265;-0.0699572;6.99572
6880;0.000185183;5.94265;-0.0699572;6.99572
6881;0.000185183;5.94265;-0.0699572;6.99572
6882;0.000185183;5.94265;-0.0699572;6.99572
6883;0.000185183;5.94265;-0.0699572;6.99572
6884;0.000185183;5.94265;-0.0699572;6.99572
6885;0.000185183;5.94265;-0.0699572;6.99572
6886;0.000185183;5.94265;-0.0699572;6.99572
6887;0.000185183;5.94265;-0.0699572;6.99572
6888;0.000185183;5.94265;-0.0699572;6.99572
6889;0.000185183;5.94265;-0.0699572;6.99572
6890;0.000185183;5.94265;-0.0699572;6.99572
6891;0.000185183;5.94265;-0.0699572;6.99572
6892;0.000185183;5.94265;-0.0699572;6.99572
6893;0.000185183;5.94265;-0.0699572;6.99572
6894;0.000185183;5.94265;-0.0699572;6.99572
6895;0.000185183;5.94265;-0.0699572;6.99572
6896;0.000185183;5.94265;-0.0699572;6.99572
6897;0.000185183;5.94265;-0.0699572;6.99572
6898;0.000185183;5.94265;-0.0699572;6.99572
6899;0.000185183;5.94265;-0.0699572;6.99572
6900;0.000185183;5.94265;-0.0699572;6.99572
6901;0.000185183;5.94265;-0.0699572;6.99572
6902;0.000185183;5.94265;-0.0699572;6.99572
6903;0.000185183;5.94265;-0.0699572;6.99572
6904;0.000185183;5.94265;-0.0699572;6.99572
6905;0.000185183;5.94265;-0.0699572;6.99572
6906;0.000185183;5.94265;-0.0699572;6.99572
6907;0.000185183;5.94265;-0.0699572;6.99572
6908;0.000185183;5.94265;-0.0699572;6.99572
6909;0.000185183;5.94265;-0.0699572;6.99572
6910;0.000185183;5.94265;-0.0699572;6.99572
6911;0.000185183;5.94265;-0.0699572;6.99572
6912;0.000185183;5.94265;-0.0699572;6.99572
6913;0.000185183;5.94265;-0.0699572;6.99572
6914;0.000185183;5.94265;-0.0699572;6.99572
6915;0.000185183;5.94265;-0.0699572;6.99572
6916;0.000185183;5.94265;-0.0699572;6.99572
6917;0.000185183;5.94265;-0.0699572;6.99572
6918;0.000185183;5.94265;-0.0699572;6.99572
6919;0.000185183;5.94265;-0.0699572;6.99572
6920;0.000185183;5.94265;-0.0699572;6.99572
6921;0.000185183;5.94265;-0.0699572;6.99572
6922;0.000185183;5.94265;-0.0699572;6.99572
6923;0.000185183;5.94265;-0.0699572;6.99572
6924;0.000185183;5.94265;-0.0699572;6.99572
6925;0.000185183;5.94265;-0.0699572;6.99572
6926;0.000185183;5.94265;-0.0699572;6.99572
6927;0.000185183;5.94265;-0.0699572;6.99572
6928;0.000185183;5.94265;-0.0699572;6.99572
6929;0.000185183;5.94265;-0.0699572;6.99572
6930;0.000185183;5.94265;-0.0699572;6.99572
6931;0.000185183;5.94265;-0.0699572;6.99572
6932;0.000185183;5.94265;-0.0699572;6.99572
6933;0.000185183;5.94265;-0.0699572;6.99572
6934;0.000185183;5.94265;-0.0699572;6.99572
6935;0.000185183;5.94265;-0.0699572;6.99572
6936;0.000185183;5.94265;-0.0699572;6.99572
6937;0.000185183;5.94265;-0.0699572;6.99572
6938;0.000185183;5.94265;-0.0699572;6.99572
6939;0.000185183;5.94265;-0.0699572;6.99572
6940;0.000185183;5.94265;-0.0699572;6.99572
6941;0.000185183;5.94265;-0.0699572;6.99572
6942;0.000185183;5.94265;-0.0699572;6.99572
6943;0.000185183;5.94265;-0.0699572;6.99572
6944;0.000185183;5.94265;-0.0699572;6.99572
6945;0.000185183;5.94265;-0.0699572;6.99572
6946;0.000185183;5.94265;-0.0699572;6.99572
6947;0.000185183;5.94265;-0.0699572;6.99572
6948;0.000185183;5.94265;-0.0699572;6.99572
6949;0.000185183;5.94265;-0.0699572;6.99572
6950;0.000185183;5.94265;-0.0699572;6.99572
6951;0.000185183;5.94265;-0.0699572;6.99572
6952;0.000185183;5.94265;-0.0699572;6.99572
6953;0.000185183;5.94265;-0.0699572;6.99572
6954;0.000185183;5.94265;-0.0699572;6.99572
6955;0.000185183;5.94265;-0.0699572;6.99572
6956;0.000185183;5.94265;-0.0699572;6.99572
6957;0.000185183;5.94265;-0.0699572;6.99572
6958;0.000185183;5.94265;-0.0699572;6.99572
6959;0.000185183;5.94265;-0.0699572;6.99572
6960;0.000185183;5.94265;-0.0699572;6.99572
6961;0.000185183;5.94265;-0.0699572;6.99572
6962;0.000185183;5.94265;-0.0699572;6.99572
6963;0.000185183;5.94265;-0.0699572;6.99572
6964;0.000185183;5.94265;-0.0699572;6.99572
6965;0.000185183;5.94265;-0.0699572;6.99572
6966;0.000185183;5.94265;-0.0699572;6.99572
6967;0.000185183;5.94265;-0.0699572;6.99572
6968;0.000185183;5.94265;-0.0699572;6.99572
6969;0.000185183;5.94265;-0.0699572;6.99572
6970;0.000185183;5.94265;-0.0699572;6.99572
6971;0.000185183;5.94265;-0.0699572;6.99572
6972;0.000185183;5.94265;-0.0699572;6.99572
6973;0.000185183;5.94265;-0.0699572;6.99572
6974;0.000185183;5.94265;-0.0699572;6.99572
6975;0.000185183;5.94265;-0.0699572;6.99572
6976;0.000185183;5.94265;-0.0699572;6.99572
6977;0.000185183;5.94265;-0.0699572;6.99572
6978;0.000185183;5.94265;-0.0699572;6.99572
6979;0.000185183;5.94265;-0.0699572;6.99572
6980;0.000185183;5.94265;-0.0699572;6.99572
6981;0.000185183;5.94265;-0.0699572;6.99572
6982;0.000185183;5.94265;-0.0699572;6.99572
6983;0.000185183;5.94265;-0.0699572;6.99572
6984;0.000185183;5.94265;-0.0699572;6.99572
6985;0.000185183;5.94265;-0.0699572;6.99572
6986;0.000185183;5.94265;-0.0699572;6.99572
6987;0.000185183;5.94265;-0.0699572;6.99572
6988;0.000185183;5.94265;-0.0699572;6.99572
6989;0.000185183;5.94265;-0.0699572;6.99572
6990;0.000185183;5.94265;-0.0699572;6.99572
6991;0.000185183;5.94265;-0.0699572;6.99572
6992;0.000185183;5.94265;-0.0699572;6.99572
6993;0.000185183;5.94265;-0.0699572;6.99572
6994;0.000185183;5.94265;-0.0699572;6.99572
6995;0.000185183;5.94265;-0.0699572;6.99572
6996;0.000185183;5.94265;-0.0699572;6.99572
6997;0.000185183;5.94265;-0.0699572;6.99572
6998;0.000185183;5.94265;-0.0699572;6.99572
6999;0.000185183;5.94265;-0.0699572;6.99572
7000;0.000185183;5.94265;-0.0699572;6.99572
7001;0.000185183;5.94265;-0.0699572;6.99572
7002;0.000185183;5.94265;-0.0699572;6.99572
7003;0.000185183;5.94265;-0.0699572;6.99572
7004;0.000185183;5.94265;-0.0699572;6.99572
7005;0.000185183;5.94265;-0.0699572;6.99572
7006;0.000185183;5.94265;-0.0699572;6.99572
7007;0.000185183;5.94265;-0.0699572;6.99572
7008;0.000185183;5.94265;-0.0699572;6.99572
7009;0.000185183;5.94265;-0.0699572;6.99572
7010;0.000185183;5.94265;-0.0699572;6.99572
7011;0.000185183;5.94265;-0.0699572;6.99572
7012;0.000185183;5.94265;-0.0699572;6.99572
7013;0.000185183;5.94265;-0.0699572;6.99572
7014;0.000185183;5.94265;-0.0699572;6.99572
7015;0.000185183;5.94265;-0.0699572;6.99572
7016;0.000185183;5.94265;-0.0699572;6.99572
7017;0.000185183;5.94265;-0.0699572;6.99572
7018;0.000185183;5.94265;-0.0699572;6.99572
7019;0.000185183;5.94265;-0.0699572;6.99572
7020;0.000185183;5.94265;-0.0699572;6.99572
7021;0.000185183;5.94265;-0.0699572;6.99572
7022;0.000185183;5.94265;-0.0699572;6.99572
7023;0.000185183;5.94265;-0.0699572;6.99572
7024;0.000185183;5.94265;-0.0699572;6.99572
7025;0.000185183;5.94265;-0.0699572;6.99572
7026;0.000185183;5.94265;-0.0699572;6.99572
7027;0.000185183;5.94265;-0.0699572;6.99572
7028;0.000185183;5.94265;-0.0699572;6.99572
7029;0.000185183;5.94265;-0.0699572;6.99572
7030;0.000185183;5.94265;-0.0699572;6.99572
7031;0.000185183;5.94265;-0.0699572;6.99572
7032;0.000185183;5.94265;-0.0699572;6.99572
7033;0.000185183;5.94265;-0.0699572;6.99572
7034;0.000185183;5.94265;-0.0699572;6.99572
7035;0.000185183;5.94265;-0.0699572;6.99572
7036;0.000185183;5.94265;-0.0699572;6.99572
7037;0.000185183;5.94265;-0.0699572;6.99572
7038;0.000185183;5.94265;-0.0699572;6.99572
7039;0.000185183;5.94265;-0.0699572;6.99572
7040;0.000185183;5.94265;-0.0699572;6.99572
7041;0.000185183;5.94265;-0.0699572;6.99572
7042;0.000185183;5.94265;-0.0699572;6.99572
7043;0.000185183;5.94265;-0.0699572;6.99572
7044;0.000185183;5.94265;-0.0699572;6.99572
7045;0.000185183;5.94265;-0.0699572;6.99572
7046;0.000185183;5.94265;-0.0699572;6.99572
7047;0.000185183;5.94265;-0.0699572;6.99572
7048;0.000185183;5.94265;-0.0699572;6.99572
7049;0.000185183;5.94265;-0.0699572;6.99572
7050;0.000185183;5.94265;-0.0699572;6.99572
7051;0.000185183;5.94265;-0.0699572;6.99572
7052;0.000185183;5.94265;-0.0699572;6.99572
7053;0.000185183;5.94265;-0.0699572;6.99572
7054;0.000185183;5.94265;-0.0699572;6.99572
7055;0.000185183;5.94265;-0.0699572;6.99572
7056;0.000185183;5.94265;-0.0699572;6.99572
7057;0.000185183;5.94265;-0.0699572;6.99572
7058;0.000185183;5.94265;-0.0699572;6.99572
7059;0.000185183;5.94265;-0.0699572;6.99572
7060;0.000185183;5.94265;-0.0699572;6.99572
7061;0.000185183;5.94265;-0.0699572;6.99572
7062;0.000185183;5.94265;-0.0699572;6.99572
7063;0.000185183;5.94265;-0.0699572;6.99572
7064;0.000185183;5.94265;-0.0699572;6.99572
7065;0.000185183;5.94265;-0.0699572;6.99572
7066;0.000185183;5.94265;-0.0699572;6.99572
7067;0.000185183;5.94265;-0.0699572;6.99572
7068;0.000185183;5.94265;-0.0699572;6.99572
7069;0.000185183;5.94265;-0.0699572;6.99572
7070;0.000185183;5.94265;-0.0699572;6.99572
7071;0.000185183;5.94265;-0.0699572;6.99572
7072;0.000185183;5.94265;-0.0699572;6.99572
7073;0.000185183;5.94265;-0.0699572;6.99572
7074;0.000185183;5.94265;-0.0699572;6.99572
7075;0.000185183;5.94265;-0.0699572;6.99572
7076;0.000185183;5.94265;-0.0699572;6.99572
7077;0.000185183;5.94265;-0.0699572;6.99572
7078;0.000185183;5.94265;-0.0699572;6.99572
7079;0.000185183;5.94265;-0.0699572;6.99572
7080;0.000185183;5.94265;-0.0699572;6.99572
7081;0.000185183;5.94265;-0.0699572;6.99572
7082;0.000185183;5.94265;-0.0699572;6.99572
7083;0.000185183;5.94265;-0.0699572;6.99572
7084;0.000185183;5.94265;-0.0699572;6.99572
7085;0.000185183;5.94265;-0.0699572;6.99572
7086;0.000185183;5.94265;-0.0699572;6.99572
7087;0.000185183;5.94265;-0.0699572;6.99572
7088;0.000185183;5.94265;-0.0699572;6.99572
7089;0.000185183;5.94265;-0.0699572;6.99572
7090;0.000185183;5.94265;-0.0699572;6.99572
7091;0.000185183;5.94265;-0.0699572;6.99572
7092;0.000185183;5.94265;-0.0699572;6.99572
7093;0.000185183;5.94265;-0.0699572;6.99572
7094;0.000185183;5.94265;-0.0699572;6.99572
7095;0.000185183;5.94265;-0.0699572;6.99572
7096;0.000185183;5.94265;-0.0699572;6.99572
7097;0.000185183;5.94265;-0.0699572;6.99572
7098;0.000185183;5.94265;-0.0699572;6.99572
7099;0.000185183;5.94265;-0.0699572;6.99572
7100;0.000185183;5.94265;-0.0699572;6.99572
7101;0.000185183;5.94265;-0.0699572;6.99572
7102;0.000185183;5.94265;-0.0699572;6.99572
7103;0.000185183;5.94265;-0.0699572;6.99572
7104;0.000185183;5.94265;-0.0699572;6.99572
7105;0.000185183;5.94265;-0.0699572;6.99572
7106;0.000185183;5.94265;-0.0699572;6.99572
7107;0.000185183;5.94265;-0.0699572;6.99572
7108;0.000185183;5.94265;-0.0699572;6.99572
7109;0.000185183;5.94265;-0.0699572;6.99572
7110;0.000185183;5.94265;-0.0699572;6.99572
7111;0.000185183;5.94265;-0.0699572;6.99572
7112;0.000185183;5.94265;-0.0699572;6.99572
7113;0.000185183;5.94265;-0.0699572;6.99572
7114;0.000185183;5.94265;-0.0699572;6.99572
7115;0.000185183;5.94265;-0.0699572;6.99572
7116;0.000185183;5.94265;-0.0699572;6.99572
7117;0.000185183;5.94265;-0.0699572;6.99572
7118;0.000185183;5.94265;-0.0699572;6.99572
7119;0.000185183;5.94265;-0.0699572;6.99572
7120;0.000185183;5.94265;-0.0699572;6.99572
7121;0.000185183;5.94265;-0.0699572;6.99572
7122;0.000185183;5.94265;-0.0699572;6.99572
7123;0.000185183;5.94265;-0.0699572;6.99572
7124;0.000185183;5.94265;-0.0699572;6.99572
7125;0.000185183;5.94265;-0.0699572;6.99572
7126;0.000185183;5.94265;-0.0699572;6.99572
7127;0.000185183;5.94265;-0.0699572;6.99572
7128;0.000185183;5.94265;-0.0699572;6.99572
7129;0.000185183;5.94265;-0.0699572;6.99572
7130;0.000185183;5.94265;-0.0699572;6.99572
7131;0.000185183;5.94265;-0.0699572;6.99572
7132;0.000185183;5.94265;-0.0699572;6.99572
7133;0.000185183;5.94265;-0.0699572;6.99572
7134;0.000185183;5.94265;-0.0699572;6.99572
7135;0.000185183;5.94265;-0.0699572;6.99572
7136;0.000185183;5.94265;-0.0699572;6.99572
7137;0.000185183;5.94265;-0.0699572;6.99572
7138;0.000185183;5.94265;-0.0699572;6.99572
7139;0.000185183;5.94265;-0.0699572;6.99572
7140;0.000185183;5.94265;-0.0699572;6.99572
7141;0.000185183;5.94265;-0.0699572;6.99572
7142;0.000185183;5.94265;-0.0699572;6.99572
7143;0.000185183;5.94265;-0.0699572;6.99572
7144;0.000185183;5.94265;-0.0699572;6.99572
7145;0.000185183;5.94265;-0.0699572;6.99572
7146;0.000185183;5.94265;-0.0699572;6.99572
7147;0.000185183;5.94265;-0.0699572;6.99572
7148;0.000185183;5.94265;-0.0699572;6.99572
7149;0.000185183;5.94265;-0.0699572;6.99572
7150;0.000185183;5.94265;-0.0699572;6.99572
7151;0.000185183;5.94265;-0.0699572;6.99572
7152;0.000185183;5.94265;-0.0699572;6.99572
7153;0.000185183;5.94265;-0.0699572;6.99572
7154;0.000185183;5.94265;-0.0699572;6.99572
7155;0.000185183;5.94265;-0.0699572;6.99572
7156;0.000185183;5.94265;-0.0699572;6.99572
7157;0.000185183;5.94265;-0.0699572;6.99572
7158;0.000185183;5.94265;-0.0699572;6.99572
7159;0.000185183;5.94265;-0.0699572;6.99572
7160;0.000185183;5.94265;-0.0699572;6.99572
7161;0.000185183;5.94265;-0.0699572;6.99572
7162;0.000185183;5.94265;-0.0699572;6.99572
7163;0.000185183;5.94265;-0.0699572;6.99572
7164;0.000185183;5.94265;-0.0699572;6.99572
7165;0.000185183;5.94265;-0.0699572;6.99572
7166;0.000185183;5.94265;-0.0699572;6.99572
7167;0.000185183;5.94265;-0.0699572;6.99572
7168;0.000185183;5.94265;-0.0699572;6.99572
7169;0.000185183;5.94265;-0.0699572;6.99572
7170;0.000185183;5.94265;-0.0699572;6.99572
7171;0.000185183;5.94265;-0.0699572;6.99572
7172;0.000185183;5.94265;-0.0699572;6.99572
7173;0.000185183;5.94265;-0.0699572;6.99572
7174;0.000185183;5.94265;-0.0699572;6.99572
7175;0.000185183;5.94265;-0.0699572;6.99572
7176;0.000185183;5.94265;-0.0699572;6.99572
7177;0.000185183;5.94265;-0.0699572;6.99572
7178;0.000185183;5.94265;-0.0699572;6.99572
7179;0.000185183;5.94265;-0.0699572;6.99572
7180;0.000185183;5.94265;-0.0699572;6.99572
7181;0.000185183;5.94265;-0.0699572;6.99572
7182;0.000185183;5.94265;-0.0699572;6.99572
7183;0.000185183;5.94265;-0.0699572;6.99572
7184;0.000185183;5.94265;-0.0699572;6.99572
7185;0.000185183;5.94265;-0.0699572;6.99572
7186;0.000185183;5.94265;-0.0699572;6.99572
7187;0.000185183;5.94265;-0.0699572;6.99572
7188;0.000185183;5.94265;-0.0699572;6.99572
7189;0.000185183;5.94265;-0.0699572;6.99572
7190;0.000185183;5.94265;-0.0699572;6.99572
7191;0.000185183;5.94265;-0.0699572;6.99572
7192;0.000185183;5.94265;-0.0699572;6.99572
7193;0.000185183;5.94265;-0.0699572;6.99572
7194;0.000185183;5.94265;-0.0699572;6.99572
7195;0.000185183;5.94265;-0.0699572;6.99572
7196;0.000185183;5.94265;-0.0699572;6.99572
7197;0.000185183;5.94265;-0.0699572;6.99572
7198;0.000185183;5.94265;-0.0699572;6.99572
7199;0.000185183;5.94265;-0.0699572;6.99572
7200;0.000185183;5.94265;-0.0699572;6.99572
7201;0.000185183;5.94265;-0.0699572;6.99572
7202;0.000185183;5.94265;-0.0699572;6.99572
7203;0.000185183;5.94265;-0.0699572;6.99572
7204;0.000185183;5.94265;-0.0699572;6.99572
7205;0.000185183;5.94265;-0.0699572;6.99572
7206;0.000185183;5.94265;-0.0699572;6.99572
7207;0.000185183;5.94265;-0.0699572;6.99572
7208;0.000185183;5.94265;-0.0699572;6.99572
7209;0.000185183;5.94265;-0.0699572;6.99572
7210;0.000185183;5.94265;-0.0699572;6.99572
7211;0.000185183;5.94265;-0.0699572;6.99572
7212;0.000185183;5.94265;-0.0699572;6.99572
7213;0.000185183;5.94265;-0.0699572;6.99572
7214;0.000185183;5.94265;-0.0699572;6.99572
7215;0.000185183;5.94265;-0.0699572;6.99572
7216;0.000185183;5.94265;-0.0699572;6.99572
7217;0.000185183;5.94265;-0.0699572;6.99572
7218;0.000185183;5.94265;-0.0699572;6.99572
7219;0.000185183;5.94265;-0.0699572;6.99572
7220;0.000185183;5.94265;-0.0699572;6.99572
7221;0.000185183;5.94265;-0.0699572;6.99572
7222;0.000185183;5.94265;-0.0699572;6.99572
7223;0.000185183;5.94265;-0.0699572;6.99572
7224;0.000185183;5.94265;-0.0699572;6.99572
7225;0.000185183;5.94265;-0.0699572;6.99572
7226;0.000185183;5.94265;-0.0699572;6.99572
7227;0.000185183;5.94265;-0.0699572;6.99572
7228;0.000185183;5.94265;-0.0699572;6.99572
7229;0.000185183;5.94265;-0.0699572;6.99572
7230;0.000185183;5.94265;-0.0699572;6.99572
7231;0.000185183;5.94265;-0.0699572;6.99572
7232;0.000185183;5.94265;-0.0699572;6.99572
7233;0.000185183;5.94265;-0.0699572;6.99572
7234;0.000185183;5.94265;-0.0699572;6.99572
7235;0.000185183;5.94265;-0.0699572;6.99572
7236;0.000185183;5.94265;-0.0699572;6.99572
7237;0.000185183;5.94265;-0.0699572;6.99572
7238;0.000185183;5.94265;-0.0699572;6.99572
7239;0.000185183;5.94265;-0.0699572;6.99572
7240;0.000185183;5.94265;-0.0699572;6.99572
7241;0.000185183;5.94265;-0.0699572;6.99572
7242;0.000185183;5.94265;-0.0699572;6.99572
7243;0.000185183;5.94265;-0.0699572;6.99572
7244;0.000185183;5.94265;-0.0699572;6.99572
7245;0.000185183;5.94265;-0.0699572;6.99572
7246;0.000185183;5.94265;-0.0699572;6.99572
7247;0.000185183;5.94265;-0.0699572;6.99572
7248;0.000185183;5.94265;-0.0699572;6.99572
7249;0.000185183;5.94265;-0.0699572;6.99572
7250;0.000185183;5.94265;-0.0699572;6.99572
7251;0.000185183;5.94265;-0.0699572;6.99572
7252;0.000185183;5.94265;-0.0699572;6.99572
7253;0.000185183;5.94265;-0.0699572;6.99572
7254;0.000185183;5.94265;-0.0699572;6.99572
7255;0.000185183;5.94265;-0.0699572;6.99572
7256;0.000185183;5.94265;-0.0699572;6.99572
7257;0.000185183;5.94265;-0.0699572;6.99572
7258;0.000185183;5.94265;-0.0699572;6.99572
7259;0.000185183;5.94265;-0.0699572;6.99572
7260;0.000185183;5.94265;-0.0699572;6.99572
7261;0.000185183;5.94265;-0.0699572;6.99572
7262;0.000185183;5.94265;-0.0699572;6.99572
7263;0.000185183;5.94265;-0.0699572;6.99572
7264;0.000185183;5.94265;-0.0699572;6.99572
7265;0.000185183;5.94265;-0.0699572;6.99572
7266;0.000185183;5.94265;-0.0699572;6.99572
7267;0.000185183;5.94265;-0.0699572;6.99572
7268;0.000185183;5.94265;-0.0699572;6.99572
7269;0.000185183;5.94265;-0.0699572;6.99572
7270;0.000185183;5.94265;-0.0699572;6.99572
7271;0.000185183;5.94265;-0.0699572;6.99572
7272;0.000185183;5.94265;-0.0699572;6.99572
7273;0.000185183;5.94265;-0.0699572;6.99572
7274;0.000185183;5.94265;-0.0699572;6.99572
7275;0.000185183;5.94265;-0.0699572;6.99572
7276;0.000185183;5.94265;-0.0699572;6.99572
7277;0.000185183;5.94265;-0.0699572;6.99572
7278;0.000185183;5.94265;-0.0699572;6.99572
7279;0.000185183;5.94265;-0.0699572;6.99572
7280;0.000185183;5.94265;-0.0699572;6.99572
7281;0.000185183;5.94265;-0.0699572;6.99572
7282;0.000185183;5.94265;-0.0699572;6.99572
7283;0.000185183;5.94265;-0.0699572;6.99572
7284;0.000185183;5.94265;-0.0699572;6.99572
7285;0.000185183;5.94265;-0.0699572;6.99572
7286;0.000185183;5.94265;-0.0699572;6.99572
7287;0.000185183;5.94265;-0.0699572;6.99572
7288;0.000185183;5.94265;-0.0699572;6.99572
7289;0.000185183;5.94265;-0.0699572;6.99572
7290;0.000185183;5.94265;-0.0699572;6.99572
7291;0.000185183;5.94265;-0.0699572;6.99572
7292;0.000185183;5.94265;-0.0699572;6.99572
7293;0.000185183;5.94265;-0.0699572;6.99572
7294;0.000185183;5.94265;-0.0699572;6.99572
7295;0.000185183;5.94265;-0.0699572;6.99572
7296;0.000185183;5.94265;-0.0699572;6.99572
7297;0.000185183;5.94265;-0.0699572;6.99572
7298;0.000185183;5.94265;-0.0699572;6.99572
7299;0.000185183;5.94265;-0.0699572;6.99572
7300;0.000185183;5.94265;-0.0699572;6.99572
7301;0.000185183;5.94265;-0.0699572;6.99572
7302;0.000185183;5.94265;-0.0699572;6.99572
7303;0.000185183;5.94265;-0.0699572;6.99572
7304;0.000185183;5.94265;-0.0699572;6.99572
7305;0.000185183;5.94265;-0.0699572;6.99572
7306;0.000185183;5.94265;-0.0699572;6.99572
7307;0.000185183;5.94265;-0.0699572;6.99572
7308;0.000185183;5.94265;-0.0699572;6.99572
7309;0.000185183;5.94265;-0.0699572;6.99572
7310;0.000185183;5.94265;-0.0699572;6.99572
7311;0.000185183;5.94265;-0.0699572;6.99572
7312;0.000185183;5.94265;-0.0699572;6.99572
7313;0.000185183;5.94265;-0.0699572;6.99572
7314;0.000185183;5.94265;-0.0699572;6.99572
7315;0.000185183;5.94265;-0.0699572;6.99572
7316;0.000185183;5.94265;-0.0699572;6.99572
7317;0.000185183;5.94265;-0.0699572;6.99572
7318;0.000185183;5.94265;-0.0699572;6.99572
7319;0.000185183;5.94265;-0.0699572;6.99572
7320;0.000185183;5.94265;-0.0699572;6.99572
7321;0.000185183;5.94265;-0.0699572;6.99572
7322;0.000185183;5.94265;-0.0699572;6.99572
7323;0.000185183;5.94265;-0.0699572;6.99572
7324;0.000185183;5.94265;-0.0699572;6.99572
7325;0.000185183;5.94265;-0.0699572;6.99572
7326;0.000185183;5.94265;-0.0699572;6.99572
7327;0.000185183;5.94265;-0.0699572;6.99572
7328;0.000185183;5.94265;-0.0699572;6.99572
7329;0.000185183;5.94265;-0.0699572;6.99572
7330;0.000185183;5.94265;-0.0699572;6.99572
7331;0.000185183;5.94265;-0.0699572;6.99572
7332;0.000185183;5.94265;-0.0699572;6.99572
7333;0.000185183;5.94265;-0.0699572;6.99572
7334;0.000185183;5.94265;-0.0699572;6.99572
7335;0.000185183;5.94265;-0.0699572;6.99572
7336;0.000185183;5.94265;-0.0699572;6.99572
7337;0.000185183;5.94265;-0.0699572;6.99572
7338;0.000185183;5.94265;-0.0699572;6.99572
7339;0.000185183;5.94265;-0.0699572;6.99572
7340;0.000185183;5.94265;-0.0699572;6.99572
7341;0.000185183;5.94265;-0.0699572;6.99572
7342;0.000185183;5.94265;-0.0699572;6.99572
7343;0.000185183;5.94265;-0.0699572;6.99572
7344;0.000185183;5.94265;-0.0699572;6.99572
7345;0.000185183;5.94265;-0.0699572;6.99572
7346;0.000185183;5.94265;-0.0699572;6.99572
7347;0.000185183;5.94265;-0.0699572;6.99572
7348;0.000185183;5.94265;-0.0699572;6.99572
7349;0.000185183;5.94265;-0.0699572;6.99572
7350;0.000185183;5.94265;-0.0699572;6.99572
7351;0.000185183;5.94265;-0.0699572;6.99572
7352;0.000185183;5.94265;-0.0699572;6.99572
7353;0.000185183;5.94265;-0.0699572;6.99572
7354;0.000185183;5.94265;-0.0699572;6.99572
7355;0.000185183;5.94265;-0.0699572;6.99572
7356;0.000185183;5.94265;-0.0699572;6.99572
7357;0.000185183;5.94265;-0.0699572;6.99572
7358;0.000185183;5.94265;-0.0699572;6.99572
7359;0.000185183;5.94265;-0.0699572;6.99572
7360;0.000185183;5.94265;-0.0699572;6.99572
7361;0.000185183;5.94265;-0.0699572;6.99572
7362;0.000185183;5.94265;-0.0699572;6.99572
7363;0.000185183;5.94265;-0.0699572;6.99572
7364;0.000185183;5.94265;-0.0699572;6.99572
7365;0.000185183;5.94265;-0.0699572;6.99572
7366;0.000185183;5.94265;-0.0699572;6.99572
7367;0.000185183;5.94265;-0.0699572;6.99572
7368;0.000185183;5.94265;-0.0699572;6.99572
7369;0.000185183;5.94265;-0.0699572;6.99572
7370;0.000185183;5.94265;-0.0699572;6.99572
7371;0.000185183;5.94265;-0.0699572;6.99572
7372;0.000185183;5.94265;-0.0699572;6.99572
7373;0.000185183;5.94265;-0.0699572;6.99572
7374;0.000185183;5.94265;-0.0699572;6.99572
7375;0.000185183;5.94265;-0.0699572;6.99572
7376;0.000185183;5.94265;-0.0699572;6.99572
7377;0.000185183;5.94265;-0.0699572;6.99572
7378;0.000185183;5.94265;-0.0699572;6.99572
7379;0.000185183;5.94265;-0.0699572;6.99572
7380;0.000185183;5.94265;-0.0699572;6.99572
7381;0.000185183;5.94265;-0.0699572;6.99572
7382;0.000185183;5.94265;-0.0699572;6.99572
7383;0.000185183;5.94265;-0.0699572;6.99572
7384;0.000185183;5.94265;-0.0699572;6.99572
7385;0.000185183;5.94265;-0.0699572;6.99572
7386;0.000185183;5.94265;-0.0699572;6.99572
7387;0.000185183;5.94265;-0.0699572;6.99572
7388;0.000185183;5.94265;-0.0699572;6.99572
7389;0.000185183;5.94265;-0.0699572;6.99572
7390;0.000185183;5.94265;-0.0699572;6.99572
7391;0.000185183;5.94265;-0.0699572;6.99572
7392;0.000185183;5.94265;-0.0699572;6.99572
7393;0.000185183;5.94265;-0.0699572;6.99572
7394;0.000185183;5.94265;-0.0699572;6.99572
7395;0.000185183;5.94265;-0.0699572;6.99572
7396;0.000185183;5.94265;-0.0699572;6.99572
7397;0.000185183;5.94265;-0.0699572;6.99572
7398;0.000185183;5.94265;-0.0699572;6.99572
7399;0.000185183;5.94265;-0.0699572;6.99572
7400;0.000185183;5.94265;-0.0699572;6.99572
7401;0.000185183;5.94265;-0.0699572;6.99572
7402;0.000185183;5.94265;-0.0699572;6.99572
7403;0.000185183;5.94265;-0.0699572;6.99572
7404;0.000185183;5.94265;-0.0699572;6.99572
7405;0.000185183;5.94265;-0.0699572;6.99572
7406;0.000185183;5.94265;-0.0699572;6.99572
7407;0.000185183;5.94265;-0.0699572;6.99572
7408;0.000185183;5.94265;-0.0699572;6.99572
7409;0.000185183;5.94265;-0.0699572;6.99572
7410;0.000185183;5.94265;-0.0699572;6.99572
7411;0.000185183;5.94265;-0.0699572;6.99572
7412;0.000185183;5.94265;-0.0699572;6.99572
7413;0.000185183;5.94265;-0.0699572;6.99572
7414;0.000185183;5.94265;-0.0699572;6.99572
7415;0.000185183;5.94265;-0.0699572;6.99572
7416;0.000185183;5.94265;-0.0699572;6.99572
7417;0.000185183;5.94265;-0.0699572;6.99572
7418;0.000185183;5.94265;-0.0699572;6.99572
7419;0.000185183;5.94265;-0.0699572;6.99572
7420;0.000185183;5.94265;-0.0699572;6.99572
7421;0.000185183;5.94265;-0.0699572;6.99572
7422;0.000185183;5.94265;-0.0699572;6.99572
7423;0.000185183;5.94265;-0.0699572;6.99572
7424;0.000185183;5.94265;-0.0699572;6.99572
7425;0.000185183;5.94265;-0.0699572;6.99572
7426;0.000185183;5.94265;-0.0699572;6.99572
7427;0.000185183;5.94265;-0.0699572;6.99572
7428;0.000185183;5.94265;-0.0699572;6.99572
7429;0.000185183;5.94265;-0.0699572;6.99572
7430;0.000185183;5.94265;-0.0699572;6.99572
7431;0.000185183;5.94265;-0.0699572;6.99572
7432;0.000185183;5.94265;-0.0699572;6.99572
7433;0.000185183;5.94265;-0.0699572;6.99572
7434;0.000185183;5.94265;-0.0699572;6.99572
7435;0.000185183;5.94265;-0.0699572;6.99572
7436;0.000185183;5.94265;-0.0699572;6.99572
7437;0.000185183;5.94265;-0.0699572;6.99572
7438;0.000185183;5.94265;-0.0699572;6.99572
7439;0.000185183;5.94265;-0.0699572;6.99572
7440;0.000185183;5.94265;-0.0699572;6.99572
7441;0.000185183;5.94265;-0.0699572;6.99572
7442;0.000185183;5.94265;-0.0699572;6.99572
7443;0.000185183;5.94265;-0.0699572;6.99572
7444;0.000185183;5.94265;-0.0699572;6.99572
7445;0.000185183;5.94265;-0.0699572;6.99572
7446;0.000185183;5.94265;-0.0699572;6.99572
7447;0.000185183;5.94265;-0.0699572;6.99572
7448;0.000185183;5.94265;-0.0699572;6.99572
7449;0.000185183;5.94265;-0.0699572;6.99572
7450;0.000185183;5.94265;-0.0699572;6.99572
7451;0.000185183;5.94265;-0.0699572;6.99572
7452;0.000185183;5.94265;-0.0699572;6.99572
7453;0.000185183;5.94265;-0.0699572;6.99572
7454;0.000185183;5.94265;-0.0699572;6.99572
7455;0.000185183;5.94265;-0.0699572;6.99572
7456;0.000185183;5.94265;-0.0699572;6.99572
7457;0.000185183;5.94265;-0.0699572;6.99572
7458;0.000185183;5.94265;-0.0699572;6.99572
7459;0.000185183;5.94265;-0.0699572;6.99572
7460;0.000185183;5.94265;-0.0699572;6.99572
7461;0.000185183;5.94265;-0.0699572;6.99572
7462;0.000185183;5.94265;-0.0699572;6.99572
7463;0.000185183;5.94265;-0.0699572;6.99572
7464;0.000185183;5.94265;-0.0699572;6.99572
7465;0.000185183;5.94265;-0.0699572;6.99572
7466;0.000185183;5.94265;-0.0699572;6.99572
7467;0.000185183;5.94265;-0.0699572;6.99572
7468;0.000185183;5.94265;-0.0699572;6.99572
7469;0.000185183;5.94265;-0.0699572;6.99572
7470;0.000185183;5.94265;-0.0699572;6.99572
7471;0.000185183;5.94265;-0.0699572;6.99572
7472;0.000185183;5.94265;-0.0699572;6.99572
7473;0.000185183;5.94265;-0.0699572;6.99572
7474;0.000185183;5.94265;-0.0699572;6.99572
7475;0.000185183;5.94265;-0.0699572;6.99572
7476;0.000185183;5.94265;-0.0699572;6.99572
7477;0.000185183;5.94265;-0.0699572;6.99572
7478;0.000185183;5.94265;-0.0699572;6.99572
7479;0.000185183;5.94265;-0.0699572;6.99572
7480;0.000185183;5.94265;-0.0699572;6.99572
7481;0.000185183;5.94265;-0.0699572;6.99572
7482;0.000185183;5.94265;-0.0699572;6.99572
7483;0.000185183;5.94265;-0.0699572;6.99572
7484;0.000185183;5.94265;-0.0699572;6.99572
7485;0.000185183;5.94265;-0.0699572;6.99572
7486;0.000185183;5.94265;-0.0699572;6.99572
7487;0.000185183;5.94265;-0.0699572;6.99572
7488;0.000185183;5.94265;-0.0699572;6.99572
7489;0.000185183;5.94265;-0.0699572;6.99572
7490;0.000185183;5.94265;-0.0699572;6.99572
7491;0.000185183;5.94265;-0.0699572;6.99572
7492;0.000185183;5.94265;-0.0699572;6.99572
7493;0.000185183;5.94265;-0.0699572;6.99572
7494;0.000185183;5.94265;-0.0699572;6.99572
7495;0.000185183;5.94265;-0.0699572;6.99572
7496;0.000185183;5.94265;-0.0699572;6.99572
7497;0.000185183;5.94265;-0.0699572;6.99572
7498;0.000185183;5.94265;-0.0699572;6.99572
7499;0.000185183;5.94265;-0.0699572;6.99572
7500;0.000185183;5.94265;-0.0699572;6.99572
7501;0.000185183;5.94265;-0.0699572;6.99572
7502;0.000185183;5.94265;-0.0699572;6.99572
7503;0.000185183;5.94265;-0.0699572;6.99572
7504;0.000185183;5.94265;-0.0699572;6.99572
7505;0.000185183;5.94265;-0.0699572;6.99572
7506;0.000185183;5.94265;-0.0699572;6.99572
7507;0.000185183;5.94265;-0.0699572;6.99572
7508;0.000185183;5.94265;-0.0699572;6.99572
7509;0.000185183;5.94265;-0.0699572;6.99572
7510;0.000185183;5.94265;-0.0699572;6.99572
7511;0.000185183;5.94265;-0.0699572;6.99572
7512;0.000185183;5.94265;-0.0699572;6.99572
7513;0.000185183;5.94265;-0.0699572;6.99572
7514;0.000185183;5.94265;-0.0699572;6.99572
7515;0.000185183;5.94265;-0.0699572;6.99572
7516;0.000185183;5.94265;-0.0699572;6.99572
7517;0.000185183;5.94265;-0.0699572;6.99572
7518;0.000185183;5.94265;-0.0699572;6.99572
7519;0.000185183;5.94265;-0.0699572;6.99572
7520;0.000185183;5.94265;-0.0699572;6.99572
7521;0.000185183;5.94265;-0.0699572;6.99572
7522;0.000185183;5.94265;-0.0699572;6.99572
7523;0.000185183;5.94265;-0.0699572;6.99572
7524;0.000185183;5.94265;-0.0699572;6.99572
7525;0.000185183;5.94265;-0.0699572;6.99572
7526;0.000185183;5.94265;-0.0699572;6.99572
7527;0.000185183;5.94265;-0.0699572;6.99572
7528;0.000185183;5.94265;-0.0699572;6.99572
7529;0.000185183;5.94265;-0.0699572;6.99572
7530;0.000185183;5.94265;-0.0699572;6.99572
7531;0.000185183;5.94265;-0.0699572;6.99572
7532;0.000185183;5.94265;-0.0699572;6.99572
7533;0.000185183;5.94265;-0.0699572;6.99572
7534;0.000185183;5.94265;-0.0699572;6.99572
7535;0.000185183;5.94265;-0.0699572;6.99572
7536;0.000185183;5.94265;-0.0699572;6.99572
7537;0.000185183;5.94265;-0.0699572;6.99572
7538;0.000185183;5.94265;-0.0699572;6.99572
7539;0.000185183;5.94265;-0.0699572;6.99572
7540;0.000185183;5.94265;-0.0699572;6.99572
7541;0.000185183;5.94265;-0.0699572;6.99572
7542;0.000185183;5.94265;-0.0699572;6.99572
7543;0.000185183;5.94265;-0.0699572;6.99572
7544;0.000185183;5.94265;-0.0699572;6.99572
7545;0.000185183;5.94265;-0.0699572;6.99572
7546;0.000185183;5.94265;-0.0699572;6.99572
7547;0.000185183;5.94265;-0.0699572;6.99572
7548;0.000185183;5.94265;-0.0699572;6.99572
7549;0.000185183;5.94265;-0.0699572;6.99572
7550;0.000185183;5.94265;-0.0699572;6.99572
7551;0.000185183;5.94265;-0.0699572;6.99572
7552;0.000185183;5.94265;-0.0699572;6.99572
7553;0.000185183;5.94265;-0.0699572;6.99572
7554;0.000185183;5.94265;-0.0699572;6.99572
7555;0.000185183;5.94265;-0.0699572;6.99572
7556;0.000185183;5.94265;-0.0699572;6.99572
7557;0.000185183;5.94265;-0.0699572;6.99572
7558;0.000185183;5.94265;-0.0699572;6.99572
7559;0.000185183;5.94265;-0.0699572;6.99572
7560;0.000185183;5.94265;-0.0699572;6.99572
7561;0.000185183;5.94265;-0.0699572;6.99572
7562;0.000185183;5.94265;-0.0699572;6.99572
7563;0.000185183;5.94265;-0.0699572;6.99572
7564;0.000185183;5.94265;-0.0699572;6.99572
7565;0.000185183;5.94265;-0.0699572;6.99572
7566;0.000185183;5.94265;-0.0699572;6.99572
7567;0.000185183;5.94265;-0.0699572;6.99572
7568;0.000185183;5.94265;-0.0699572;6.99572
7569;0.000185183;5.94265;-0.0699572;6.99572
7570;0.000185183;5.94265;-0.0699572;6.99572
7571;0.000185183;5.94265;-0.0699572;6.99572
7572;0.000185183;5.94265;-0.0699572;6.99572
7573;0.000185183;5.94265;-0.0699572;6.99572
7574;0.000185183;5.94265;-0.0699572;6.99572
7575;0.000185183;5.94265;-0.0699572;6.99572
7576;0.000185183;5.94265;-0.0699572;6.99572
7577;0.000185183;5.94265;-0.0699572;6.99572
7578;0.000185183;5.94265;-0.0699572;6.99572
7579;0.000185183;5.94265;-0.0699572;6.99572
7580;0.000185183;5.94265;-0.0699572;6.99572
7581;0.000185183;5.94265;-0.0699572;6.99572
7582;0.000185183;5.94265;-0.0699572;6.99572
7583;0.000185183;5.94265;-0.0699572;6.99572
7584;0.000185183;5.94265;-0.0699572;6.99572
7585;0.000185183;5.94265;-0.0699572;6.99572
7586;0.000185183;5.94265;-0.0699572;6.99572
7587;0.000185183;5.94265;-0.0699572;6.99572
7588;0.000185183;5.94265;-0.0699572;6.99572
7589;0.000185183;5.94265;-0.0699572;6.99572
7590;0.000185183;5.94265;-0.0699572;6.99572
7591;0.000185183;5.94265;-0.0699572;6.99572
7592;0.000185183;5.94265;-0.0699572;6.99572
7593;0.000185183;5.94265;-0.0699572;6.99572
7594;0.000185183;5.94265;-0.0699572;6.99572
7595;0.000185183;5.94265;-0.0699572;6.99572
7596;0.000185183;5.94265;-0.0699572;6.99572
7597;0.000185183;5.94265;-0.0699572;6.99572
7598;0.000185183;5.94265;-0.0699572;6.99572
7599;0.000185183;5.94265;-0.0699572;6.99572
7600;0.000185183;5.94265;-0.0699572;6.99572
7601;0.000185183;5.94265;-0.0699572;6.99572
7602;0.000185183;5.94265;-0.0699572;6.99572
7603;0.000185183;5.94265;-0.0699572;6.99572
7604;0.000185183;5.94265;-0.0699572;6.99572
7605;0.000185183;5.94265;-0.0699572;6.99572
7606;0.000185183;5.94265;-0.0699572;6.99572
7607;0.000185183;5.94265;-0.0699572;6.99572
7608;0.000185183;5.94265;-0.0699572;6.99572
7609;0.000185183;5.94265;-0.0699572;6.99572
7610;0.000185183;5.94265;-0.0699572;6.99572
7611;0.000185183;5.94265;-0.0699572;6.99572
7612;0.000185183;5.94265;-0.0699572;6.99572
7613;0.000185183;5.94265;-0.0699572;6.99572
7614;0.000185183;5.94265;-0.0699572;6.99572
7615;0.000185183;5.94265;-0.0699572;6.99572
7616;0.000185183;5.94265;-0.0699572;6.99572
7617;0.000185183;5.94265;-0.0699572;6.99572
7618;0.000185183;5.94265;-0.0699572;6.99572
7619;0.000185183;5.94265;-0.0699572;6.99572
7620;0.000185183;5.94265;-0.0699572;6.99572
7621;0.000185183;5.94265;-0.0699572;6.99572
7622;0.000185183;5.94265;-0.0699572;6.99572
7623;0.000185183;5.94265;-0.0699572;6.99572
7624;0.000185183;5.94265;-0.0699572;6.99572
7625;0.000185183;5.94265;-0.0699572;6.99572
7626;0.000185183;5.94265;-0.0699572;6.99572
7627;0.000185183;5.94265;-0.0699572;6.99572
7628;0.000185183;5.94265;-0.0699572;6.99572
7629;0.000185183;5.94265;-0.0699572;6.99572
7630;0.000185183;5.94265;-0.0699572;6.99572
7631;0.000185183;5.94265;-0.0699572;6.99572
7632;0.000185183;5.94265;-0.0699572;6.99572
7633;0.000185183;5.94265;-0.0699572;6.99572
7634;0.000185183;5.94265;-0.0699572;6.99572
7635;0.000185183;5.94265;-0.0699572;6.99572
7636;0.000185183;5.94265;-0.0699572;6.99572
7637;0.000185183;5.94265;-0.0699572;6.99572
7638;0.000185183;5.94265;-0.0699572;6.99572
7639;0.000185183;5.94265;-0.0699572;6.99572
7640;0.000185183;5.94265;-0.0699572;6.99572
7641;0.000185183;5.94265;-0.0699572;6.99572
7642;0.000185183;5.94265;-0.0699572;6.99572
7643;0.000185183;5.94265;-0.0699572;6.99572
7644;0.000185183;5.94265;-0.0699572;6.99572
7645;0.000185183;5.94265;-0.0699572;6.99572
7646;0.000185183;5.94265;-0.0699572;6.99572
7647;0.000185183;5.94265;-0.0699572;6.99572
7648;0.000185183;5.94265;-0.0699572;6.99572
7649;0.000185183;5.94265;-0.0699572;6.99572
7650;0.000185183;5.94265;-0.0699572;6.99572
7651;0.000185183;5.94265;-0.0699572;6.99572
7652;0.000185183;5.94265;-0.0699572;6.99572
7653;0.000185183;5.94265;-0.0699572;6.99572
7654;0.000185183;5.94265;-0.0699572;6.99572
7655;0.000185183;5.94265;-0.0699572;6.99572
7656;0.000185183;5.94265;-0.0699572;6.99572
7657;0.000185183;5.94265;-0.0699572;6.99572
7658;0.000185183;5.94265;-0.0699572;6.99572
7659;0.000185183;5.94265;-0.0699572;6.99572
7660;0.000185183;5.94265;-0.0699572;6.99572
7661;0.000185183;5.94265;-0.0699572;6.99572
7662;0.000185183;5.94265;-0.0699572;6.99572
7663;0.000185183;5.94265;-0.0699572;6.99572
7664;0.000185183;5.94265;-0.0699572;6.99572
7665;0.000185183;5.94265;-0.0699572;6.99572
7666;0.000185183;5.94265;-0.0699572;6.99572
7667;0.000185183;5.94265;-0.0699572;6.99572
7668;0.000185183;5.94265;-0.0699572;6.99572
7669;0.000185183;5.94265;-0.0699572;6.99572
7670;0.000185183;5.94265;-0.0699572;6.99572
7671;0.000185183;5.94265;-0.0699572;6.99572
7672;0.000185183;5.94265;-0.0699572;6.99572
7673;0.000185183;5.94265;-0.0699572;6.99572
7674;0.000185183;5.94265;-0.0699572;6.99572
7675;0.000185183;5.94265;-0.0699572;6.99572
7676;0.000185183;5.94265;-0.0699572;6.99572
7677;0.000185183;5.94265;-0.0699572;6.99572
7678;0.000185183;5.94265;-0.0699572;6.99572
7679;0.000185183;5.94265;-0.0699572;6.99572
7680;0.000185183;5.94265;-0.0699572;6.99572
7681;0.000185183;5.94265;-0.0699572;6.99572
7682;0.000185183;5.94265;-0.0699572;6.99572
7683;0.000185183;5.94265;-0.0699572;6.99572
7684;0.000185183;5.94265;-0.0699572;6.99572
7685;0.000185183;5.94265;-0.0699572;6.99572
7686;0.000185183;5.94265;-0.0699572;6.99572
7687;0.000185183;5.94265;-0.0699572;6.99572
7688;0.000185183;5.94265;-0.0699572;6.99572
7689;0.000185183;5.94265;-0.0699572;6.99572
7690;0.000185183;5.94265;-0.0699572;6.99572
7691;0.000185183;5.94265;-0.0699572;6.99572
7692;0.000185183;5.94265;-0.0699572;6.99572
7693;0.000185183;5.94265;-0.0699572;6.99572
7694;0.000185183;5.94265;-0.0699572;6.99572
7695;0.000185183;5.94265;-0.0699572;6.99572
7696;0.000185183;5.94265;-0.0699572;6.99572
7697;0.000185183;5.94265;-0.0699572;6.99572
7698;0.000185183;5.94265;-0.0699572;6.99572
7699;0.000185183;5.94265;-0.0699572;6.99572
7700;0.000185183;5.94265;-0.0699572;6.99572
7701;0.000185183;5.94265;-0.0699572;6.99572
7702;0.000185183;5.94265;-0.0699572;6.99572
7703;0.000185183;5.94265;-0.0699572;6.99572
7704;0.000185183;5.94265;-0.0699572;6.99572
7705;0.000185183;5.94265;-0.0699572;6.99572
7706;0.000185183;5.94265;-0.0699572;6.99572
7707;0.000185183;5.94265;-0.0699572;6.99572
7708;0.000185183;5.94265;-0.0699572;6.99572
7709;0.000185183;5.94265;-0.0699572;6.99572
7710;0.000185183;5.94265;-0.0699572;6.99572
7711;0.000185183;5.94265;-0.0699572;6.99572
7712;0.000185183;5.94265;-0.0699572;6.99572
7713;0.000185183;5.94265;-0.0699572;6.99572
7714;0.000185183;5.94265;-0.0699572;6.99572
7715;0.000185183;5.94265;-0.0699572;6.99572
7716;0.000185183;5.94265;-0.0699572;6.99572
7717;0.000185183;5.94265;-0.0699572;6.99572
7718;0.000185183;5.94265;-0.0699572;6.99572
7719;0.000185183;5.94265;-0.0699572;6.99572
7720;0.000185183;5.94265;-0.0699572;6.99572
7721;0.000185183;5.94265;-0.0699572;6.99572
7722;0.000185183;5.94265;-0.0699572;6.99572
7723;0.000185183;5.94265;-0.0699572;6.99572
7724;0.000185183;5.94265;-0.0699572;6.99572
7725;0.000185183;5.94265;-0.0699572;6.99572
7726;0.000185183;5.94265;-0.0699572;6.99572
7727;0.000185183;5.94265;-0.0699572;6.99572
7728;0.000185183;5.94265;-0.0699572;6.99572
7729;0.000185183;5.94265;-0.0699572;6.99572
7730;0.000185183;5.94265;-0.0699572;6.99572
7731;0.000185183;5.94265;-0.0699572;6.99572
7732;0.000185183;5.94265;-0.0699572;6.99572
7733;0.000185183;5.94265;-0.0699572;6.99572
7734;0.000185183;5.94265;-0.0699572;6.99572
7735;0.000185183;5.94265;-0.0699572;6.99572
7736;0.000185183;5.94265;-0.0699572;6.99572
7737;0.000185183;5.94265;-0.0699572;6.99572
7738;0.000185183;5.94265;-0.0699572;6.99572
7739;0.000185183;5.94265;-0.0699572;6.99572
7740;0.000185183;5.94265;-0.0699572;6.99572
7741;0.000185183;5.94265;-0.0699572;6.99572
7742;0.000185183;5.94265;-0.0699572;6.99572
7743;0.000185183;5.94265;-0.0699572;6.99572
7744;0.000185183;5.94265;-0.0699572;6.99572
7745;0.000185183;5.94265;-0.0699572;6.99572
7746;0.000185183;5.94265;-0.0699572;6.99572
7747;0.000185183;5.94265;-0.0699572;6.99572
7748;0.000185183;5.94265;-0.0699572;6.99572
7749;0.000185183;5.94265;-0.0699572;6.99572
7750;0.000185183;5.94265;-0.0699572;6.99572
7751;0.000185183;5.94265;-0.0699572;6.99572
7752;0.000185183;5.94265;-0.0699572;6.99572
7753;0.000185183;5.94265;-0.0699572;6.99572
7754;0.000185183;5.94265;-0.0699572;6.99572
7755;0.000185183;5.94265;-0.0699572;6.99572
7756;0.000185183;5.94265;-0.0699572;6.99572
7757;0.000185183;5.94265;-0.0699572;6.99572
7758;0.000185183;5.94265;-0.0699572;6.99572
7759;0.000185183;5.94265;-0.0699572;6.99572
7760;0.000185183;5.94265;-0.0699572;6.99572
7761;0.000185183;5.94265;-0.0699572;6.99572
7762;0.000185183;5.94265;-0.0699572;6.99572
7763;0.000185183;5.94265;-0.0699572;6.99572
7764;0.000185183;5.94265;-0.0699572;6.99572
7765;0.000185183;5.94265;-0.0699572;6.99572
7766;0.000185183;5.94265;-0.0699572;6.99572
7767;0.000185183;5.94265;-0.0699572;6.99572
7768;0.000185183;5.94265;-0.0699572;6.99572
7769;0.000185183;5.94265;-0.0699572;6.99572
7770;0.000185183;5.94265;-0.0699572;6.99572
7771;0.000185183;5.94265;-0.0699572;6.99572
7772;0.000185183;5.94265;-0.0699572;6.99572
7773;0.000185183;5.94265;-0.0699572;6.99572
7774;0.000185183;5.94265;-0.0699572;6.99572
7775;0.000185183;5.94265;-0.0699572;6.99572
7776;0.000185183;5.94265;-0.0699572;6.99572
7777;0.000185183;5.94265;-0.0699572;6.99572
7778;0.000185183;5.94265;-0.0699572;6.99572
7779;0.000185183;5.94265;-0.0699572;6.99572
7780;0.000185183;5.94265;-0.0699572;6.99572
7781;0.000185183;5.94265;-0.0699572;6.99572
7782;0.000185183;5.94265;-0.0699572;6.99572
7783;0.000185183;5.94265;-0.0699572;6.99572
7784;0.000185183;5.94265;-0.0699572;6.99572
7785;0.000185183;5.94265;-0.0699572;6.99572
7786;0.000185183;5.94265;-0.0699572;6.99572
7787;0.000185183;5.94265;-0.0699572;6.99572
7788;0.000185183;5.94265;-0.0699572;6.99572
7789;0.000185183;5.94265;-0.0699572;6.99572
7790;0.000185183;5.94265;-0.0699572;6.99572
7791;0.000185183;5.94265;-0.0699572;6.99572
7792;0.000185183;5.94265;-0.0699572;6.99572
7793;0.000185183;5.94265;-0.0699572;6.99572
7794;0.000185183;5.94265;-0.0699572;6.99572
7795;0.000185183;5.94265;-0.0699572;6.99572
7796;0.000185183;5.94265;-0.0699572;6.99572
7797;0.000185183;5.94265;-0.0699572;6.99572
7798;0.000185183;5.94265;-0.0699572;6.99572
7799;0.000185183;5.94265;-0.0699572;6.99572
7800;0.000185183;5.94265;-0.0699572;6.99572
7801;0.000185183;5.94265;-0.0699572;6.99572
7802;0.000185183;5.94265;-0.0699572;6.99572
7803;0.000185183;5.94265;-0.0699572;6.99572
7804;0.000185183;5.94265;-0.0699572;6.99572
7805;0.000185183;5.94265;-0.0699572;6.99572
7806;0.000185183;5.94265;-0.0699572;6.99572
7807;0.000185183;5.94265;-0.0699572;6.99572
7808;0.000185183;5.94265;-0.0699572;6.99572
7809;0.000185183;5.94265;-0.0699572;6.99572
7810;0.000185183;5.94265;-0.0699572;6.99572
7811;0.000185183;5.94265;-0.0699572;6.99572
7812;0.000185183;5.94265;-0.0699572;6.99572
7813;0.000185183;5.94265;-0.0699572;6.99572
7814;0.000185183;5.94265;-0.0699572;6.99572
7815;0.000185183;5.94265;-0.0699572;6.99572
7816;0.000185183;5.94265;-0.0699572;6.99572
7817;0.000185183;5.94265;-0.0699572;6.99572
7818;0.000185183;5.94265;-0.0699572;6.99572
7819;0.000185183;5.94265;-0.0699572;6.99572
7820;0.000185183;5.94265;-0.0699572;6.99572
7821;0.000185183;5.94265;-0.0699572;6.99572
7822;0.000185183;5.94265;-0.0699572;6.99572
7823;0.000185183;5.94265;-0.0699572;6.99572
7824;0.000185183;5.94265;-0.0699572;6.99572
7825;0.000185183;5.94265;-0.0699572;6.99572
7826;0.000185183;5.94265;-0.0699572;6.99572
7827;0.000185183;5.94265;-0.0699572;6.99572
7828;0.000185183;5.94265;-0.0699572;6.99572
7829;0.000185183;5.94265;-0.0699572;6.99572
7830;0.000185183;5.94265;-0.0699572;6.99572
7831;0.000185183;5.94265;-0.0699572;6.99572
7832;0.000185183;5.94265;-0.0699572;6.99572
7833;0.000185183;5.94265;-0.0699572;6.99572
7834;0.000185183;5.94265;-0.0699572;6.99572
7835;0.000185183;5.94265;-0.0699572;6.99572
7836;0.000185183;5.94265;-0.0699572;6.99572
7837;0.000185183;5.94265;-0.0699572;6.99572
7838;0.000185183;5.94265;-0.0699572;6.99572
7839;0.000185183;5.94265;-0.0699572;6.99572
7840;0.000185183;5.94265;-0.0699572;6.99572
7841;0.000185183;5.94265;-0.0699572;6.99572
7842;0.000185183;5.94265;-0.0699572;6.99572
7843;0.000185183;5.94265;-0.0699572;6.99572
7844;0.000185183;5.94265;-0.0699572;6.99572
7845;0.000185183;5.94265;-0.0699572;6.99572
7846;0.000185183;5.94265;-0.0699572;6.99572
7847;0.000185183;5.94265;-0.0699572;6.99572
7848;0.000185183;5.94265;-0.0699572;6.99572
7849;0.000185183;5.94265;-0.0699572;6.99572
7850;0.000185183;5.94265;-0.0699572;6.99572
7851;0.000185183;5.94265;-0.0699572;6.99572
7852;0.000185183;5.94265;-0.0699572;6.99572
7853;0.000185183;5.94265;-0.0699572;6.99572
7854;0.000185183;5.94265;-0.0699572;6.99572
7855;0.000185183;5.94265;-0.0699572;6.99572
7856;0.000185183;5.94265;-0.0699572;6.99572
7857;0.000185183;5.94265;-0.0699572;6.99572
7858;0.000185183;5.94265;-0.0699572;6.99572
7859;0.000185183;5.94265;-0.0699572;6.99572
7860;0.000185183;5.94265;-0.0699572;6.99572
7861;0.000185183;5.94265;-0.0699572;6.99572
7862;0.000185183;5.94265;-0.0699572;6.99572
7863;0.000185183;5.94265;-0.0699572;6.99572
7864;0.000185183;5.94265;-0.0699572;6.99572
7865;0.000185183;5.94265;-0.0699572;6.99572
7866;0.000185183;5.94265;-0.0699572;6.99572
7867;0.000185183;5.94265;-0.0699572;6.99572
7868;0.000185183;5.94265;-0.0699572;6.99572
7869;0.000185183;5.94265;-0.0699572;6.99572
7870;0.000185183;5.94265;-0.0699572;6.99572
7871;0.000185183;5.94265;-0.0699572;6.99572
7872;0.000185183;5.94265;-0.0699572;6.99572
7873;0.000185183;5.94265;-0.0699572;6.99572
7874;0.000185183;5.94265;-0.0699572;6.99572
7875;0.000185183;5.94265;-0.0699572;6.99572
7876;0.000185183;5.94265;-0.0699572;6.99572
7877;0.000185183;5.94265;-0.0699572;6.99572
7878;0.000185183;5.94265;-0.0699572;6.99572
7879;0.000185183;5.94265;-0.0699572;6.99572
7880;0.000185183;5.94265;-0.0699572;6.99572
7881;0.000185183;5.94265;-0.0699572;6.99572
7882;0.000185183;5.94265;-0.0699572;6.99572
7883;0.000185183;5.94265;-0.0699572;6.99572
7884;0.000185183;5.94265;-0.0699572;6.99572
7885;0.000185183;5.94265;-0.0699572;6.99572
7886;0.000185183;5.94265;-0.0699572;6.99572
7887;0.000185183;5.94265;-0.0699572;6.99572
7888;0.000185183;5.94265;-0.0699572;6.99572
7889;0.000185183;5.94265;-0.0699572;6.99572
7890;0.000185183;5.94265;-0.0699572;6.99572
7891;0.000185183;5.94265;-0.0699572;6.99572
7892;0.000185183;5.94265;-0.0699572;6.99572
7893;0.000185183;5.94265;-0.0699572;6.99572
7894;0.000185183;5.94265;-0.0699572;6.99572
7895;0.000185183;5.94265;-0.0699572;6.99572
7896;0.000185183;5.94265;-0.0699572;6.99572
7897;0.000185183;5.94265;-0.0699572;6.99572
7898;0.000185183;5.94265;-0.0699572;6.99572
7899;0.000185183;5.94265;-0.0699572;6.99572
7900;0.000185183;5.94265;-0.0699572;6.99572
7901;0.000185183;5.94265;-0.0699572;6.99572
7902;0.000185183;5.94265;-0.0699572;6.99572
7903;0.000185183;5.94265;-0.0699572;6.99572
7904;0.000185183;5.94265;-0.0699572;6.99572
7905;0.000185183;5.94265;-0.0699572;6.99572
7906;0.000185183;5.94265;-0.0699572;6.99572
7907;0.000185183;5.94265;-0.0699572;6.99572
7908;0.000185183;5.94265;-0.0699572;6.99572
7909;0.000185183;5.94265;-0.0699572;6.99572
7910;0.000185183;5.94265;-0.0699572;6.99572
7911;0.000185183;5.94265;-0.0699572;6.99572
7912;0.000185183;5.94265;-0.0699572;6.99572
7913;0.000185183;5.94265;-0.0699572;6.99572
7914;0.000185183;5.94265;-0.0699572;6.99572
7915;0.000185183;5.94265;-0.0699572;6.99572
7916;0.000185183;5.94265;-0.0699572;6.99572
7917;0.000185183;5.94265;-0.0699572;6.99572
7918;0.000185183;5.94265;-0.0699572;6.99572
7919;0.000185183;5.94265;-0.0699572;6.99572
7920;0.000185183;5.94265;-0.0699572;6.99572
7921;0.000185183;5.94265;-0.0699572;6.99572
7922;0.000185183;5.94265;-0.0699572;6.99572
7923;0.000185183;5.94265;-0.0699572;6.99572
7924;0.000185183;5.94265;-0.0699572;6.99572
7925;0.000185183;5.94265;-0.0699572;6.99572
7926;0.000185183;5.94265;-0.0699572;6.99572
7927;0.000185183;5.94265;-0.0699572;6.99572
7928;0.000185183;5.94265;-0.0699572;6.99572
7929;0.000185183;5.94265;-0.0699572;6.99572
7930;0.000185183;5.94265;-0.0699572;6.99572
7931;0.000185183;5.94265;-0.0699572;6.99572
7932;0.000185183;5.94265;-0.0699572;6.99572
7933;0.000185183;5.94265;-0.0699572;6.99572
7934;0.000185183;5.94265;-0.0699572;6.99572
7935;0.000185183;5.94265;-0.0699572;6.99572
7936;0.000185183;5.94265;-0.0699572;6.99572
7937;0.000185183;5.94265;-0.0699572;6.99572
7938;0.000185183;5.94265;-0.0699572;6.99572
7939;0.000185183;5.94265;-0.0699572;6.99572
7940;0.000185183;5.94265;-0.0699572;6.99572
7941;0.000185183;5.94265;-0.0699572;6.99572
7942;0.000185183;5.94265;-0.0699572;6.99572
7943;0.000185183;5.94265;-0.0699572;6.99572
7944;0.000185183;5.94265;-0.0699572;6.99572
7945;0.000185183;5.94265;-0.0699572;6.99572
7946;0.000185183;5.94265;-0.0699572;6.99572
7947;0.000185183;5.94265;-0.0699572;6.99572
7948;0.000185183;5.94265;-0.0699572;6.99572
7949;0.000185183;5.94265;-0.0699572;6.99572
7950;0.000185183;5.94265;-0.0699572;6.99572
7951;0.000185183;5.94265;-0.0699572;6.99572
7952;0.000185183;5.94265;-0.0699572;6.99572
7953;0.000185183;5.94265;-0.0699572;6.99572
7954;0.000185183;5.94265;-0.0699572;6.99572
7955;0.000185183;5.94265;-0.0699572;6.99572
7956;0.000185183;5.94265;-0.0699572;6.99572
7957;0.000185183;5.94265;-0.0699572;6.99572
7958;0.000185183;5.94265;-0.0699572;6.99572
7959;0.000185183;5.94265;-0.0699572;6.99572
7960;0.000185183;5.94265;-0.0699572;6.99572
7961;0.000185183;5.94265;-0.0699572;6.99572
7962;0.000185183;5.94265;-0.0699572;6.99572
7963;0.000185183;5.94265;-0.0699572;6.99572
7964;0.000185183;5.94265;-0.0699572;6.99572
7965;0.000185183;5.94265;-0.0699572;6.99572
7966;0.000185183;5.94265;-0.0699572;6.99572
7967;0.000185183;5.94265;-0.0699572;6.99572
7968;0.000185183;5.94265;-0.0699572;6.99572
7969;0.000185183;5.94265;-0.0699572;6.99572
7970;0.000185183;5.94265;-0.0699572;6.99572
7971;0.000185183;5.94265;-0.0699572;6.99572
7972;0.000185183;5.94265;-0.0699572;6.99572
7973;0.000185183;5.94265;-0.0699572;6.99572
7974;0.000185183;5.94265;-0.0699572;6.99572
7975;0.000185183;5.94265;-0.0699572;6.99572
7976;0.000185183;5.94265;-0.0699572;6.99572
7977;0.000185183;5.94265;-0.0699572;6.99572
7978;0.000185183;5.94265;-0.0699572;6.99572
7979;0.000185183;5.94265;-0.0699572;6.99572
7980;0.000185183;5.94265;-0.0699572;6.99572
7981;0.000185183;5.94265;-0.0699572;6.99572
7982;0.000185183;5.94265;-0.0699572;6.99572
7983;0.000185183;5.94265;-0.0699572;6.99572
7984;0.000185183;5.94265;-0.0699572;6.99572
7985;0.000185183;5.94265;-0.0699572;6.99572
7986;0.000185183;5.94265;-0.0699572;6.99572
7987;0.000185183;5.94265;-0.0699572;6.99572
7988;0.000185183;5.94265;-0.0699572;6.99572
7989;0.000185183;5.94265;-0.0699572;6.99572
7990;0.000185183;5.94265;-0.0699572;6.99572
7991;0.000185183;5.94265;-0.0699572;6.99572
7992;0.000185183;5.94265;-0.0699572;6.99572
7993;0.000185183;5.94265;-0.0699572;6.99572
7994;0.000185183;5.94265;-0.0699572;6.99572
7995;0.000185183;5.94265;-0.0699572;6.99572
7996;0.000185183;5.94265;-0.0699572;6.99572
7997;0.000185183;5.94265;-0.0699572;6.99572
7998;0.000185183;5.94265;-0.0699572;6.99572
7999;0.000185183;5.94265;-0.0699572;6.99572
8000;0.000185183;5.94265;-0.0699572;6.99572
8001;0.000185183;5.94265;-0.0699572;6.99572
8002;0.000185183;5.94265;-0.0699572;6.99572
8003;0.000185183;5.94265;-0.0699572;6.99572
8004;0.000185183;5.94265;-0.0699572;6.99572
8005;0.000185183;5.94265;-0.0699572;6.99572
8006;0.000185183;5.94265;-0.0699572;6.99572
8007;0.000185183;5.94265;-0.0699572;6.99572
8008;0.000185183;5.94265;-0.0699572;6.99572
8009;0.000185183;5.94265;-0.0699572;6.99572
8010;0.000185183;5.94265;-0.0699572;6.99572
8011;0.000185183;5.94265;-0.0699572;6.99572
8012;0.000185183;5.94265;-0.0699572;6.99572
8013;0.000185183;5.94265;-0.0699572;6.99572
8014;0.000185183;5.94265;-0.0699572;6.99572
8015;0.000185183;5.94265;-0.0699572;6.99572
8016;0.000185183;5.94265;-0.0699572;6.99572
8017;0.000185183;5.94265;-0.0699572;6.99572
8018;0.000185183;5.94265;-0.0699572;6.99572
8019;0.000185183;5.94265;-0.0699572;6.99572
8020;0.000185183;5.94265;-0.0699572;6.99572
8021;0.000185183;5.94265;-0.0699572;6.99572
8022;0.000185183;5.94265;-0.0699572;6.99572
8023;0.000185183;5.94265;-0.0699572;6.99572
8024;0.000185183;5.94265;-0.0699572;6.99572
8025;0.000185183;5.94265;-0.0699572;6.99572
8026;0.000185183;5.94265;-0.0699572;6.99572
8027;0.000185183;5.94265;-0.0699572;6.99572
8028;0.000185183;5.94265;-0.0699572;6.99572
8029;0.000185183;5.94265;-0.0699572;6.99572
8030;0.000185183;5.94265;-0.0699572;6.99572
8031;0.000185183;5.94265;-0.0699572;6.99572
8032;0.000185183;5.94265;-0.0699572;6.99572
8033;0.000185183;5.94265;-0.0699572;6.99572
8034;0.000185183;5.94265;-0.0699572;6.99572
8035;0.000185183;5.94265;-0.0699572;6.99572
8036;0.000185183;5.94265;-0.0699572;6.99572
8037;0.000185183;5.94265;-0.0699572;6.99572
8038;0.000185183;5.94265;-0.0699572;6.99572
8039;0.000185183;5.94265;-0.0699572;6.99572
8040;0.000185183;5.94265;-0.0699572;6.99572
8041;0.000185183;5.94265;-0.0699572;6.99572
8042;0.000185183;5.94265;-0.0699572;6.99572
8043;0.000185183;5.94265;-0.0699572;6.99572
8044;0.000185183;5.94265;-0.0699572;6.99572
8045;0.000185183;5.94265;-0.0699572;6.99572
8046;0.000185183;5.94265;-0.0699572;6.99572
8047;0.000185183;5.94265;-0.0699572;6.99572
8048;0.000185183;5.94265;-0.0699572;6.99572
8049;0.000185183;5.94265;-0.0699572;6.99572
8050;0.000185183;5.94265;-0.0699572;6.99572
8051;0.000185183;5.94265;-0.0699572;6.99572
8052;0.000185183;5.94265;-0.0699572;6.99572
8053;0.000185183;5.94265;-0.0699572;6.99572
8054;0.000185183;5.94265;-0.0699572;6.99572
8055;0.000185183;5.94265;-0.0699572;6.99572
8056;0.000185183;5.94265;-0.0699572;6.99572
8057;0.000185183;5.94265;-0.0699572;6.99572
8058;0.000185183;5.94265;-0.0699572;6.99572
8059;0.000185183;5.94265;-0.0699572;6.99572
8060;0.000185183;5.94265;-0.0699572;6.99572
8061;0.000185183;5.94265;-0.0699572;6.99572
8062;0.000185183;5.94265;-0.0699572;6.99572
8063;0.000185183;5.94265;-0.0699572;6.99572
8064;0.000185183;5.94265;-0.0699572;6.99572
8065;0.000185183;5.94265;-0.0699572;6.99572
8066;0.000185183;5.94265;-0.0699572;6.99572
8067;0.000185183;5.94265;-0.0699572;6.99572
8068;0.000185183;5.94265;-0.0699572;6.99572
8069;0.000185183;5.94265;-0.0699572;6.99572
8070;0.000185183;5.94265;-0.0699572;6.99572
8071;0.000185183;5.94265;-0.0699572;6.99572
8072;0.000185183;5.94265;-0.0699572;6.99572
8073;0.000185183;5.94265;-0.0699572;6.99572
8074;0.000185183;5.94265;-0.0699572;6.99572
8075;0.000185183;5.94265;-0.0699572;6.99572
8076;0.000185183;5.94265;-0.0699572;6.99572
8077;0.000185183;5.94265;-0.0699572;6.99572
8078;0.000185183;5.94265;-0.0699572;6.99572
8079;0.000185183;5.94265;-0.0699572;6.99572
8080;0.000185183;5.94265;-0.0699572;6.99572
8081;0.000185183;5.94265;-0.0699572;6.99572
8082;0.000185183;5.94265;-0.0699572;6.99572
8083;0.000185183;5.94265;-0.0699572;6.99572
8084;0.000185183;5.94265;-0.0699572;6.99572
8085;0.000185183;5.94265;-0.0699572;6.99572
8086;0.000185183;5.94265;-0.0699572;6.99572
8087;0.000185183;5.94265;-0.0699572;6.99572
8088;0.000185183;5.94265;-0.0699572;6.99572
8089;0.000185183;5.94265;-0.0699572;6.99572
8090;0.000185183;5.94265;-0.0699572;6.99572
8091;0.000185183;5.94265;-0.0699572;6.99572
8092;0.000185183;5.94265;-0.0699572;6.99572
8093;0.000185183;5.94265;-0.0699572;6.99572
8094;0.000185183;5.94265;-0.0699572;6.99572
8095;0.000185183;5.94265;-0.0699572;6.99572
8096;0.000185183;5.94265;-0.0699572;6.99572
8097;0.000185183;5.94265;-0.0699572;6.99572
8098;0.000185183;5.94265;-0.0699572;6.99572
8099;0.000185183;5.94265;-0.0699572;6.99572
8100;0.000185183;5.94265;-0.0699572;6.99572
8101;0.000185183;5.94265;-0.0699572;6.99572
8102;0.000185183;5.94265;-0.0699572;6.99572
8103;0.000185183;5.94265;-0.0699572;6.99572
8104;0.000185183;5.94265;-0.0699572;6.99572
8105;0.000185183;5.94265;-0.0699572;6.99572
8106;0.000185183;5.94265;-0.0699572;6.99572
8107;0.000185183;5.94265;-0.0699572;6.99572
8108;0.000185183;5.94265;-0.0699572;6.99572
8109;0.000185183;5.94265;-0.0699572;6.99572
8110;0.000185183;5.94265;-0.0699572;6.99572
8111;0.000185183;5.94265;-0.0699572;6.99572
8112;0.000185183;5.94265;-0.0699572;6.99572
8113;0.000185183;5.94265;-0.0699572;6.99572
8114;0.000185183;5.94265;-0.0699572;6.99572
8115;0.000185183;5.94265;-0.0699572;6.99572
8116;0.000185183;5.94265;-0.0699572;6.99572
8117;0.000185183;5.94265;-0.0699572;6.99572
8118;0.000185183;5.94265;-0.0699572;6.99572
8119;0.000185183;5.94265;-0.0699572;6.99572
8120;0.000185183;5.94265;-0.0699572;6.99572
8121;0.000185183;5.94265;-0.0699572;6.99572
8122;0.000185183;5.94265;-0.0699572;6.99572
8123;0.000185183;5.94265;-0.0699572;6.99572
8124;0.000185183;5.94265;-0.0699572;6.99572
8125;0.000185183;5.94265;-0.0699572;6.99572
8126;0.000185183;5.94265;-0.0699572;6.99572
8127;0.000185183;5.94265;-0.0699572;6.99572
8128;0.000185183;5.94265;-0.0699572;6.99572
8129;0.000185183;5.94265;-0.0699572;6.99572
8130;0.000185183;5.94265;-0.0699572;6.99572
8131;0.000185183;5.94265;-0.0699572;6.99572
8132;0.000185183;5.94265;-0.0699572;6.99572
8133;0.000185183;5.94265;-0.0699572;6.99572
8134;0.000185183;5.94265;-0.0699572;6.99572
8135;0.000185183;5.94265;-0.0699572;6.99572
8136;0.000185183;5.94265;-0.0699572;6.99572
8137;0.000185183;5.94265;-0.0699572;6.99572
8138;0.000185183;5.94265;-0.0699572;6.99572
8139;0.000185183;5.94265;-0.0699572;6.99572
8140;0.000185183;5.94265;-0.0699572;6.99572
8141;0.000185183;5.94265;-0.0699572;6.99572
8142;0.000185183;5.94265;-0.0699572;6.99572
8143;0.000185183;5.94265;-0.0699572;6.99572
8144;0.000185183;5.94265;-0.0699572;6.99572
8145;0.000185183;5.94265;-0.0699572;6.99572
8146;0.000185183;5.94265;-0.0699572;6.99572
8147;0.000185183;5.94265;-0.0699572;6.99572
8148;0.000185183;5.94265;-0.0699572;6.99572
8149;0.000185183;5.94265;-0.0699572;6.99572
8150;0.000185183;5.94265;-0.0699572;6.99572
8151;0.000185183;5.94265;-0.0699572;6.99572
8152;0.000185183;5.94265;-0.0699572;6.99572
8153;0.000185183;5.94265;-0.0699572;6.99572
8154;0.000185183;5.94265;-0.0699572;6.99572
8155;0.000185183;5.94265;-0.0699572;6.99572
8156;0.000185183;5.94265;-0.0699572;6.99572
8157;0.000185183;5.94265;-0.0699572;6.99572
8158;0.000185183;5.94265;-0.0699572;6.99572
8159;0.000185183;5.94265;-0.0699572;6.99572
8160;0.000185183;5.94265;-0.0699572;6.99572
8161;0.000185183;5.94265;-0.0699572;6.99572
8162;0.000185183;5.94265;-0.0699572;6.99572
8163;0.000185183;5.94265;-0.0699572;6.99572
8164;0.000185183;5.94265;-0.0699572;6.99572
8165;0.000185183;5.94265;-0.0699572;6.99572
8166;0.000185183;5.94265;-0.0699572;6.99572
8167;0.000185183;5.94265;-0.0699572;6.99572
8168;0.000185183;5.94265;-0.0699572;6.99572
8169;0.000185183;5.94265;-0.0699572;6.99572
8170;0.000185183;5.94265;-0.0699572;6.99572
8171;0.000185183;5.94265;-0.0699572;6.99572
8172;0.000185183;5.94265;-0.0699572;6.99572
8173;0.000185183;5.94265;-0.0699572;6.99572
8174;0.000185183;5.94265;-0.0699572;6.99572
8175;0.000185183;5.94265;-0.0699572;6.99572
8176;0.000185183;5.94265;-0.0699572;6.99572
8177;0.000185183;5.94265;-0.0699572;6.99572
8178;0.000185183;5.94265;-0.0699572;6.99572
8179;0.000185183;5.94265;-0.0699572;6.99572
8180;0.000185183;5.94265;-0.0699572;6.99572
8181;0.000185183;5.94265;-0.0699572;6.99572
8182;0.000185183;5.94265;-0.0699572;6.99572
8183;0.000185183;5.94265;-0.0699572;6.99572
8184;0.000185183;5.94265;-0.0699572;6.99572
8185;0.000185183;5.94265;-0.0699572;6.99572
8186;0.000185183;5.94265;-0.0699572;6.99572
8187;0.000185183;5.94265;-0.0699572;6.99572
8188;0.000185183;5.94265;-0.0699572;6.99572
8189;0.000185183;5.94265;-0.0699572;6.99572
8190;0.000185183;5.94265;-0.0699572;6.99572
8191;0.000185183;5.94265;-0.0699572;6.99572
8192;0.000185183;5.94265;-0.0699572;6.99572
8193;0.000185183;5.94265;-0.0699572;6.99572
8194;0.000185183;5.94265;-0.0699572;6.99572
8195;0.000185183;5.94265;-0.0699572;6.99572
8196;0.000185183;5.94265;-0.0699572;6.99572
8197;0.000185183;5.94265;-0.0699572;6.99572
8198;0.000185183;5.94265;-0.0699572;6.99572
8199;0.000185183;5.94265;-0.0699572;6.99572
8200;0.000185183;5.94265;-0.0699572;6.99572
8201;0.000185183;5.94265;-0.0699572;6.99572
8202;0.000185183;5.94265;-0.0699572;6.99572
8203;0.000185183;5.94265;-0.0699572;6.99572
8204;0.000185183;5.94265;-0.0699572;6.99572
8205;0.000185183;5.94265;-0.0699572;6.99572
8206;0.000185183;5.94265;-0.0699572;6.99572
8207;0.000185183;5.94265;-0.0699572;6.99572
8208;0.000185183;5.94265;-0.0699572;6.99572
8209;0.000185183;5.94265;-0.0699572;6.99572
8210;0.000185183;5.94265;-0.0699572;6.99572
8211;0.000185183;5.94265;-0.0699572;6.99572
8212;0.000185183;5.94265;-0.0699572;6.99572
8213;0.000185183;5.94265;-0.0699572;6.99572
8214;0.000185183;5.94265;-0.0699572;6.99572
8215;0.000185183;5.94265;-0.0699572;6.99572
8216;0.000185183;5.94265;-0.0699572;6.99572
8217;0.000185183;5.94265;-0.0699572;6.99572
8218;0.000185183;5.94265;-0.0699572;6.99572
8219;0.000185183;5.94265;-0.0699572;6.99572
8220;0.000185183;5.94265;-0.0699572;6.99572
8221;0.000185183;5.94265;-0.0699572;6.99572
8222;0.000185183;5.94265;-0.0699572;6.99572
8223;0.000185183;5.94265;-0.0699572;6.99572
8224;0.000185183;5.94265;-0.0699572;6.99572
8225;0.000185183;5.94265;-0.0699572;6.99572
8226;0.000185183;5.94265;-0.0699572;6.99572
8227;0.000185183;5.94265;-0.0699572;6.99572
8228;0.000185183;5.94265;-0.0699572;6.99572
8229;0.000185183;5.94265;-0.0699572;6.99572
8230;0.000185183;5.94265;-0.0699572;6.99572
8231;0.000185183;5.94265;-0.0699572;6.99572
8232;0.000185183;5.94265;-0.0699572;6.99572
8233;0.000185183;5.94265;-0.0699572;6.99572
8234;0.000185183;5.94265;-0.0699572;6.99572
8235;0.000185183;5.94265;-0.0699572;6.99572
8236;0.000185183;5.94265;-0.0699572;6.99572
8237;0.000185183;5.94265;-0.0699572;6.99572
8238;0.000185183;5.94265;-0.0699572;6.99572
8239;0.000185183;5.94265;-0.0699572;6.99572
8240;0.000185183;5.94265;-0.0699572;6.99572
8241;0.000185183;5.94265;-0.0699572;6.99572
8242;0.000185183;5.94265;-0.0699572;6.99572
8243;0.000185183;5.94265;-0.0699572;6.99572
8244;0.000185183;5.94265;-0.0699572;6.99572
8245;0.000185183;5.94265;-0.0699572;6.99572
8246;0.000185183;5.94265;-0.0699572;6.99572
8247;0.000185183;5.94265;-0.0699572;6.99572
8248;0.000185183;5.94265;-0.0699572;6.99572
8249;0.000185183;5.94265;-0.0699572;6.99572
8250;0.000185183;5.94265;-0.0699572;6.99572
8251;0.000185183;5.94265;-0.0699572;6.99572
8252;0.000185183;5.94265;-0.0699572;6.99572
8253;0.000185183;5.94265;-0.0699572;6.99572
8254;0.000185183;5.94265;-0.0699572;6.99572
8255;0.000185183;5.94265;-0.0699572;6.99572
8256;0.000185183;5.94265;-0.0699572;6.99572
8257;0.000185183;5.94265;-0.0699572;6.99572
8258;0.000185183;5.94265;-0.0699572;6.99572
8259;0.000185183;5.94265;-0.0699572;6.99572
8260;0.000185183;5.94265;-0.0699572;6.99572
8261;0.000185183;5.94265;-0.0699572;6.99572
8262;0.000185183;5.94265;-0.0699572;6.99572
8263;0.000185183;5.94265;-0.0699572;6.99572
8264;0.000185183;5.94265;-0.0699572;6.99572
8265;0.000185183;5.94265;-0.0699572;6.99572
8266;0.000185183;5.94265;-0.0699572;6.99572
8267;0.000185183;5.94265;-0.0699572;6.99572
8268;0.000185183;5.94265;-0.0699572;6.99572
8269;0.000185183;5.94265;-0.0699572;6.99572
8270;0.000185183;5.94265;-0.0699572;6.99572
8271;0.000185183;5.94265;-0.0699572;6.99572
8272;0.000185183;5.94265;-0.0699572;6.99572
8273;0.000185183;5.94265;-0.0699572;6.99572
8274;0.000185183;5.94265;-0.0699572;6.99572
8275;0.000185183;5.94265;-0.0699572;6.99572
8276;0.000185183;5.94265;-0.0699572;6.99572
8277;0.000185183;5.94265;-0.0699572;6.99572
8278;0.000185183;5.94265;-0.0699572;6.99572
8279;0.000185183;5.94265;-0.0699572;6.99572
8280;0.000185183;5.94265;-0.0699572;6.99572
8281;0.000185183;5.94265;-0.0699572;6.99572
8282;0.000185183;5.94265;-0.0699572;6.99572
8283;0.000185183;5.94265;-0.0699572;6.99572
8284;0.000185183;5.94265;-0.0699572;6.99572
8285;0.000185183;5.94265;-0.0699572;6.99572
8286;0.000185183;5.94265;-0.0699572;6.99572
8287;0.000185183;5.94265;-0.0699572;6.99572
8288;0.000185183;5.94265;-0.0699572;6.99572
8289;0.000185183;5.94265;-0.0699572;6.99572
8290;0.000185183;5.94265;-0.0699572;6.99572
8291;0.000185183;5.94265;-0.0699572;6.99572
8292;0.000185183;5.94265;-0.0699572;6.99572
8293;0.000185183;5.94265;-0.0699572;6.99572
8294;0.000185183;5.94265;-0.0699572;6.99572
8295;0.000185183;5.94265;-0.0699572;6.99572
8296;0.000185183;5.94265;-0.0699572;6.99572
8297;0.000185183;5.94265;-0.0699572;6.99572
8298;0.000185183;5.94265;-0.0699572;6.99572
8299;0.000185183;5.94265;-0.0699572;6.99572
8300;0.000185183;5.94265;-0.0699572;6.99572
8301;0.000185183;5.94265;-0.0699572;6.99572
8302;0.000185183;5.94265;-0.0699572;6.99572
8303;0.000185183;5.94265;-0.0699572;6.99572
8304;0.000185183;5.94265;-0.0699572;6.99572
8305;0.000185183;5.94265;-0.0699572;6.99572
8306;0.000185183;5.94265;-0.0699572;6.99572
8307;0.000185183;5.94265;-0.0699572;6.99572
8308;0.000185183;5.94265;-0.0699572;6.99572
8309;0.000185183;5.94265;-0.0699572;6.99572
8310;0.000185183;5.94265;-0.0699572;6.99572
8311;0.000185183;5.94265;-0.0699572;6.99572
8312;0.000185183;5.94265;-0.0699572;6.99572
8313;0.000185183;5.94265;-0.0699572;6.99572
8314;0.000185183;5.94265;-0.0699572;6.99572
8315;0.000185183;5.94265;-0.0699572;6.99572
8316;0.000185183;5.94265;-0.0699572;6.99572
8317;0.000185183;5.94265;-0.0699572;6.99572
8318;0.000185183;5.94265;-0.0699572;6.99572
8319;0.000185183;5.94265;-0.0699572;6.99572
8320;0.000185183;5.94265;-0.0699572;6.99572
8321;0.000185183;5.94265;-0.0699572;6.99572
8322;0.000185183;5.94265;-0.0699572;6.99572
8323;0.000185183;5.94265;-0.0699572;6.99572
8324;0.000185183;5.94265;-0.0699572;6.99572
8325;0.000185183;5.94265;-0.0699572;6.99572
8326;0.000185183;5.94265;-0.0699572;6.99572
8327;0.000185183;5.94265;-0.0699572;6.99572
8328;0.000185183;5.94265;-0.0699572;6.99572
8329;0.000185183;5.94265;-0.0699572;6.99572
8330;0.000185183;5.94265;-0.0699572;6.99572
8331;0.000185183;5.94265;-0.0699572;6.99572
8332;0.000185183;5.94265;-0.0699572;6.99572
8333;0.000185183;5.94265;-0.0699572;6.99572
8334;0.000185183;5.94265;-0.0699572;6.99572
8335;0.000185183;5.94265;-0.0699572;6.99572
8336;0.000185183;5.94265;-0.0699572;6.99572
8337;0.000185183;5.94265;-0.0699572;6.99572
8338;0.000185183;5.94265;-0.0699572;6.99572
8339;0.000185183;5.94265;-0.0699572;6.99572
8340;0.000185183;5.94265;-0.0699572;6.99572
8341;0.000185183;5.94265;-0.0699572;6.99572
8342;0.000185183;5.94265;-0.0699572;6.99572
8343;0.000185183;5.94265;-0.0699572;6.99572
8344;0.000185183;5.94265;-0.0699572;6.99572
8345;0.000185183;5.94265;-0.0699572;6.99572
8346;0.000185183;5.94265;-0.0699572;6.99572
8347;0.000185183;5.94265;-0.0699572;6.99572
8348;0.000185183;5.94265;-0.0699572;6.99572
8349;0.000185183;5.94265;-0.0699572;6.99572
8350;0.000185183;5.94265;-0.0699572;6.99572
8351;0.000185183;5.94265;-0.0699572;6.99572
8352;0.000185183;5.94265;-0.0699572;6.99572
8353;0.000185183;5.94265;-0.0699572;6.99572
8354;0.000185183;5.94265;-0.0699572;6.99572
8355;0.000185183;5.94265;-0.0699572;6.99572
8356;0.000185183;5.94265;-0.0699572;6.99572
8357;0.000185183;5.94265;-0.0699572;6.99572
8358;0.000185183;5.94265;-0.0699572;6.99572
8359;0.000185183;5.94265;-0.0699572;6.99572
8360;0.000185183;5.94265;-0.0699572;6.99572
8361;0.000185183;5.94265;-0.0699572;6.99572
8362;0.000185183;5.94265;-0.0699572;6.99572
8363;0.000185183;5.94265;-0.0699572;6.99572
8364;0.000185183;5.94265;-0.0699572;6.99572
8365;0.000185183;5.94265;-0.0699572;6.99572
8366;0.000185183;5.94265;-0.0699572;6.99572
8367;0.000185183;5.94265;-0.0699572;6.99572
8368;0.000185183;5.94265;-0.0699572;6.99572
8369;0.000185183;5.94265;-0.0699572;6.99572
8370;0.000185183;5.94265;-0.0699572;6.99572
8371;0.000185183;5.94265;-0.0699572;6.99572
8372;0.000185183;5.94265;-0.0699572;6.99572
8373;0.000185183;5.94265;-0.0699572;6.99572
8374;0.000185183;5.94265;-0.0699572;6.99572
8375;0.000185183;5.94265;-0.0699572;6.99572
8376;0.000185183;5.94265;-0.0699572;6.99572
8377;0.000185183;5.94265;-0.0699572;6.99572
8378;0.000185183;5.94265;-0.0699572;6.99572
8379;0.000185183;5.94265;-0.0699572;6.99572
8380;0.000185183;5.94265;-0.0699572;6.99572
8381;0.000185183;5.94265;-0.0699572;6.99572
8382;0.000185183;5.94265;-0.0699572;6.99572
8383;0.000185183;5.94265;-0.0699572;6.99572
8384;0.000185183;5.94265;-0.0699572;6.99572
8385;0.000185183;5.94265;-0.0699572;6.99572
8386;0.000185183;5.94265;-0.0699572;6.99572
8387;0.000185183;5.94265;-0.0699572;6.99572
8388;0.000185183;5.94265;-0.0699572;6.99572
8389;0.000185183;5.94265;-0.0699572;6.99572
8390;0.000185183;5.94265;-0.0699572;6.99572
8391;0.000185183;5.94265;-0.0699572;6.99572
8392;0.000185183;5.94265;-0.0699572;6.99572
8393;0.000185183;5.94265;-0.0699572;6.99572
8394;0.000185183;5.94265;-0.0699572;6.99572
8395;0.000185183;5.94265;-0.0699572;6.99572
8396;0.000185183;5.94265;-0.0699572;6.99572
8397;0.000185183;5.94265;-0.0699572;6.99572
8398;0.000185183;5.94265;-0.0699572;6.99572
8399;0.000185183;5.94265;-0.0699572;6.99572
8400;0.000185183;5.94265;-0.0699572;6.99572
8401;0.000185183;5.94265;-0.0699572;6.99572
8402;0.000185183;5.94265;-0.0699572;6.99572
8403;0.000185183;5.94265;-0.0699572;6.99572
8404;0.000185183;5.94265;-0.0699572;6.99572
8405;0.000185183;5.94265;-0.0699572;6.99572
8406;0.000185183;5.94265;-0.0699572;6.99572
8407;0.000185183;5.94265;-0.0699572;6.99572
8408;0.000185183;5.94265;-0.0699572;6.99572
8409;0.000185183;5.94265;-0.0699572;6.99572
8410;0.000185183;5.94265;-0.0699572;6.99572
8411;0.000185183;5.94265;-0.0699572;6.99572
8412;0.000185183;5.94265;-0.0699572;6.99572
8413;0.000185183;5.94265;-0.0699572;6.99572
8414;0.000185183;5.94265;-0.0699572;6.99572
8415;0.000185183;5.94265;-0.0699572;6.99572
8416;0.000185183;5.94265;-0.0699572;6.99572
8417;0.000185183;5.94265;-0.0699572;6.99572
8418;0.000185183;5.94265;-0.0699572;6.99572
8419;0.000185183;5.94265;-0.0699572;6.99572
8420;0.000185183;5.94265;-0.0699572;6.99572
8421;0.000185183;5.94265;-0.0699572;6.99572
8422;0.000185183;5.94265;-0.0699572;6.99572
8423;0.000185183;5.94265;-0.0699572;6.99572
8424;0.000185183;5.94265;-0.0699572;6.99572
8425;0.000185183;5.94265;-0.0699572;6.99572
8426;0.000185183;5.94265;-0.0699572;6.99572
8427;0.000185183;5.94265;-0.0699572;6.99572
8428;0.000185183;5.94265;-0.0699572;6.99572
8429;0.000185183;5.94265;-0.0699572;6.99572
8430;0.000185183;5.94265;-0.0699572;6.99572
8431;0.000185183;5.94265;-0.0699572;6.99572
8432;0.000185183;5.94265;-0.0699572;6.99572
8433;0.000185183;5.94265;-0.0699572;6.99572
8434;0.000185183;5.94265;-0.0699572;6.99572
8435;0.000185183;5.94265;-0.0699572;6.99572
8436;0.000185183;5.94265;-0.0699572;6.99572
8437;0.000185183;5.94265;-0.0699572;6.99572
8438;0.000185183;5.94265;-0.0699572;6.99572
8439;0.000185183;5.94265;-0.0699572;6.99572
8440;0.000185183;5.94265;-0.0699572;6.99572
8441;0.000185183;5.94265;-0.0699572;6.99572
8442;0.000185183;5.94265;-0.0699572;6.99572
8443;0.000185183;5.94265;-0.0699572;6.99572
8444;0.000185183;5.94265;-0.0699572;6.99572
8445;0.000185183;5.94265;-0.0699572;6.99572
8446;0.000185183;5.94265;-0.0699572;6.99572
8447;0.000185183;5.94265;-0.0699572;6.99572
8448;0.000185183;5.94265;-0.0699572;6.99572
8449;0.000185183;5.94265;-0.0699572;6.99572
8450;0.000185183;5.94265;-0.0699572;6.99572
8451;0.000185183;5.94265;-0.0699572;6.99572
8452;0.000185183;5.94265;-0.0699572;6.99572
8453;0.000185183;5.94265;-0.0699572;6.99572
8454;0.000185183;5.94265;-0.0699572;6.99572
8455;0.000185183;5.94265;-0.0699572;6.99572
8456;0.000185183;5.94265;-0.0699572;6.99572
8457;0.000185183;5.94265;-0.0699572;6.99572
8458;0.000185183;5.94265;-0.0699572;6.99572
8459;0.000185183;5.94265;-0.0699572;6.99572
8460;0.000185183;5.94265;-0.0699572;6.99572
8461;0.000185183;5.94265;-0.0699572;6.99572
8462;0.000185183;5.94265;-0.0699572;6.99572
8463;0.000185183;5.94265;-0.0699572;6.99572
8464;0.000185183;5.94265;-0.0699572;6.99572
8465;0.000185183;5.94265;-0.0699572;6.99572
8466;0.000185183;5.94265;-0.0699572;6.99572
8467;0.000185183;5.94265;-0.0699572;6.99572
8468;0.000185183;5.94265;-0.0699572;6.99572
8469;0.000185183;5.94265;-0.0699572;6.99572
8470;0.000185183;5.94265;-0.0699572;6.99572
8471;0.000185183;5.94265;-0.0699572;6.99572
8472;0.000185183;5.94265;-0.0699572;6.99572
8473;0.000185183;5.94265;-0.0699572;6.99572
8474;0.000185183;5.94265;-0.0699572;6.99572
8475;0.000185183;5.94265;-0.0699572;6.99572
8476;0.000185183;5.94265;-0.0699572;6.99572
8477;0.000185183;5.94265;-0.0699572;6.99572
8478;0.000185183;5.94265;-0.0699572;6.99572
8479;0.000185183;5.94265;-0.0699572;6.99572
8480;0.000185183;5.94265;-0.0699572;6.99572
8481;0.000185183;5.94265;-0.0699572;6.99572
8482;0.000185183;5.94265;-0.0699572;6.99572
8483;0.000185183;5.94265;-0.0699572;6.99572
8484;0.000185183;5.94265;-0.0699572;6.99572
8485;0.000185183;5.94265;-0.0699572;6.99572
8486;0.000185183;5.94265;-0.0699572;6.99572
8487;0.000185183;5.94265;-0.0699572;6.99572
8488;0.000185183;5.94265;-0.0699572;6.99572
8489;0.000185183;5.94265;-0.0699572;6.99572
8490;0.000185183;5.94265;-0.0699572;6.99572
8491;0.000185183;5.94265;-0.0699572;6.99572
8492;0.000185183;5.94265;-0.0699572;6.99572
8493;0.000185183;5.94265;-0.0699572;6.99572
8494;0.000185183;5.94265;-0.0699572;6.99572
8495;0.000185183;5.94265;-0.0699572;6.99572
8496;0.000185183;5.94265;-0.0699572;6.99572
8497;0.000185183;5.94265;-0.0699572;6.99572
8498;0.000185183;5.94265;-0.0699572;6.99572
8499;0.000185183;5.94265;-0.0699572;6.99572
8500;0.000185183;5.94265;-0.0699572;6.99572
8501;0.000185183;5.94265;-0.0699572;6.99572
8502;0.000185183;5.94265;-0.0699572;6.99572
8503;0.000185183;5.94265;-0.0699572;6.99572
8504;0.000185183;5.94265;-0.0699572;6.99572
8505;0.000185183;5.94265;-0.0699572;6.99572
8506;0.000185183;5.94265;-0.0699572;6.99572
8507;0.000185183;5.94265;-0.0699572;6.99572
8508;0.000185183;5.94265;-0.0699572;6.99572
8509;0.000185183;5.94265;-0.0699572;6.99572
8510;0.000185183;5.94265;-0.0699572;6.99572
8511;0.000185183;5.94265;-0.0699572;6.99572
8512;0.000185183;5.94265;-0.0699572;6.99572
8513;0.000185183;5.94265;-0.0699572;6.99572
8514;0.000185183;5.94265;-0.0699572;6.99572
8515;0.000185183;5.94265;-0.0699572;6.99572
8516;0.000185183;5.94265;-0.0699572;6.99572
8517;0.000185183;5.94265;-0.0699572;6.99572
8518;0.000185183;5.94265;-0.0699572;6.99572
8519;0.000185183;5.94265;-0.0699572;6.99572
8520;0.000185183;5.94265;-0.0699572;6.99572
8521;0.000185183;5.94265;-0.0699572;6.99572
8522;0.000185183;5.94265;-0.0699572;6.99572
8523;0.000185183;5.94265;-0.0699572;6.99572
8524;0.000185183;5.94265;-0.0699572;6.99572
8525;0.000185183;5.94265;-0.0699572;6.99572
8526;0.000185183;5.94265;-0.0699572;6.99572
8527;0.000185183;5.94265;-0.0699572;6.99572
8528;0.000185183;5.94265;-0.0699572;6.99572
8529;0.000185183;5.94265;-0.0699572;6.99572
8530;0.000185183;5.94265;-0.0699572;6.99572
8531;0.000185183;5.94265;-0.0699572;6.99572
8532;0.000185183;5.94265;-0.0699572;6.99572
8533;0.000185183;5.94265;-0.0699572;6.99572
8534;0.000185183;5.94265;-0.0699572;6.99572
8535;0.000185183;5.94265;-0.0699572;6.99572
8536;0.000185183;5.94265;-0.0699572;6.99572
8537;0.000185183;5.94265;-0.0699572;6.99572
8538;0.000185183;5.94265;-0.0699572;6.99572
8539;0.000185183;5.94265;-0.0699572;6.99572
8540;0.000185183;5.94265;-0.0699572;6.99572
8541;0.000185183;5.94265;-0.0699572;6.99572
8542;0.000185183;5.94265;-0.0699572;6.99572
8543;0.000185183;5.94265;-0.0699572;6.99572
8544;0.000185183;5.94265;-0.0699572;6.99572
8545;0.000185183;5.94265;-0.0699572;6.99572
8546;0.000185183;5.94265;-0.0699572;6.99572
8547;0.000185183;5.94265;-0.0699572;6.99572
8548;0.000185183;5.94265;-0.0699572;6.99572
8549;0.000185183;5.94265;-0.0699572;6.99572
8550;0.000185183;5.94265;-0.0699572;6.99572
8551;0.000185183;5.94265;-0.0699572;6.99572
8552;0.000185183;5.94265;-0.0699572;6.99572
8553;0.000185183;5.94265;-0.0699572;6.99572
8554;0.000185183;5.94265;-0.0699572;6.99572
8555;0.000185183;5.94265;-0.0699572;6.99572
8556;0.000185183;5.94265;-0.0699572;6.99572
8557;0.000185183;5.94265;-0.0699572;6.99572
8558;0.000185183;5.94265;-0.0699572;6.99572
8559;0.000185183;5.94265;-0.0699572;6.99572
8560;0.000185183;5.94265;-0.0699572;6.99572
8561;0.000185183;5.94265;-0.0699572;6.99572
8562;0.000185183;5.94265;-0.0699572;6.99572
8563;0.000185183;5.94265;-0.0699572;6.99572
8564;0.000185183;5.94265;-0.0699572;6.99572
8565;0.000185183;5.94265;-0.0699572;6.99572
8566;0.000185183;5.94265;-0.0699572;6.99572
8567;0.000185183;5.94265;-0.0699572;6.99572
8568;0.000185183;5.94265;-0.0699572;6.99572
8569;0.000185183;5.94265;-0.0699572;6.99572
8570;0.000185183;5.94265;-0.0699572;6.99572
8571;0.000185183;5.94265;-0.0699572;6.99572
8572;0.000185183;5.94265;-0.0699572;6.99572
8573;0.000185183;5.94265;-0.0699572;6.99572
8574;0.000185183;5.94265;-0.0699572;6.99572
8575;0.000185183;5.94265;-0.0699572;6.99572
8576;0.000185183;5.94265;-0.0699572;6.99572
8577;0.000185183;5.94265;-0.0699572;6.99572
8578;0.000185183;5.94265;-0.0699572;6.99572
8579;0.000185183;5.94265;-0.0699572;6.99572
8580;0.000185183;5.94265;-0.0699572;6.99572
8581;0.000185183;5.94265;-0.0699572;6.99572
8582;0.000185183;5.94265;-0.0699572;6.99572
8583;0.000185183;5.94265;-0.0699572;6.99572
8584;0.000185183;5.94265;-0.0699572;6.99572
8585;0.000185183;5.94265;-0.0699572;6.99572
8586;0.000185183;5.94265;-0.0699572;6.99572
8587;0.000185183;5.94265;-0.0699572;6.99572
8588;0.000185183;5.94265;-0.0699572;6.99572
8589;0.000185183;5.94265;-0.0699572;6.99572
8590;0.000185183;5.94265;-0.0699572;6.99572
8591;0.000185183;5.94265;-0.0699572;6.99572
8592;0.000185183;5.94265;-0.0699572;6.99572
8593;0.000185183;5.94265;-0.0699572;6.99572
8594;0.000185183;5.94265;-0.0699572;6.99572
8595;0.000185183;5.94265;-0.0699572;6.99572
8596;0.000185183;5.94265;-0.0699572;6.99572
8597;0.000185183;5.94265;-0.0699572;6.99572
8598;0.000185183;5.94265;-0.0699572;6.99572
8599;0.000185183;5.94265;-0.0699572;6.99572
8600;0.000185183;5.94265;-0.0699572;6.99572
8601;0.000185183;5.94265;-0.0699572;6.99572
8602;0.000185183;5.94265;-0.0699572;6.99572
8603;0.000185183;5.94265;-0.0699572;6.99572
8604;0.000185183;5.94265;-0.0699572;6.99572
8605;0.000185183;5.94265;-0.0699572;6.99572
8606;0.000185183;5.94265;-0.0699572;6.99572
8607;0.000185183;5.94265;-0.0699572;6.99572
8608;0.000185183;5.94265;-0.0699572;6.99572
8609;0.000185183;5.94265;-0.0699572;6.99572
8610;0.000185183;5.94265;-0.0699572;6.99572
8611;0.000185183;5.94265;-0.0699572;6.99572
8612;0.000185183;5.94265;-0.0699572;6.99572
8613;0.000185183;5.94265;-0.0699572;6.99572
8614;0.000185183;5.94265;-0.0699572;6.99572
8615;0.000185183;5.94265;-0.0699572;6.99572
8616;0.000185183;5.94265;-0.0699572;6.99572
8617;0.000185183;5.94265;-0.0699572;6.99572
8618;0.000185183;5.94265;-0.0699572;6.99572
8619;0.000185183;5.94265;-0.0699572;6.99572
8620;0.000185183;5.94265;-0.0699572;6.99572
8621;0.000185183;5.94265;-0.0699572;6.99572
8622;0.000185183;5.94265;-0.0699572;6.99572
8623;0.000185183;5.94265;-0.0699572;6.99572
8624;0.000185183;5.94265;-0.0699572;6.99572
8625;0.000185183;5.94265;-0.0699572;6.99572
8626;0.000185183;5.94265;-0.0699572;6.99572
8627;0.000185183;5.94265;-0.0699572;6.99572
8628;0.000185183;5.94265;-0.0699572;6.99572
8629;0.000185183;5.94265;-0.0699572;6.99572
8630;0.000185183;5.94265;-0.0699572;6.99572
8631;0.000185183;5.94265;-0.0699572;6.99572
8632;0.000185183;5.94265;-0.0699572;6.99572
8633;0.000185183;5.94265;-0.0699572;6.99572
8634;0.000185183;5.94265;-0.0699572;6.99572
8635;0.000185183;5.94265;-0.0699572;6.99572
8636;0.000185183;5.94265;-0.0699572;6.99572
8637;0.000185183;5.94265;-0.0699572;6.99572
8638;0.000185183;5.94265;-0.0699572;6.99572
8639;0.000185183;5.94265;-0.0699572;6.99572
8640;0.000185183;5.94265;-0.0699572;6.99572
8641;0.000185183;5.94265;-0.0699572;6.99572
8642;0.000185183;5.94265;-0.0699572;6.99572
8643;0.000185183;5.94265;-0.0699572;6.99572
8644;0.000185183;5.94265;-0.0699572;6.99572
8645;0.000185183;5.94265;-0.0699572;6.99572
8646;0.000185183;5.94265;-0.0699572;6.99572
8647;0.000185183;5.94265;-0.0699572;6.99572
8648;0.000185183;5.94265;-0.0699572;6.99572
8649;0.000185183;5.94265;-0.0699572;6.99572
8650;0.000185183;5.94265;-0.0699572;6.99572
8651;0.000185183;5.94265;-0.0699572;6.99572
8652;0.000185183;5.94265;-0.0699572;6.99572
8653;0.000185183;5.94265;-0.0699572;6.99572
8654;0.000185183;5.94265;-0.0699572;6.99572
8655;0.000185183;5.94265;-0.0699572;6.99572
8656;0.000185183;5.94265;-0.0699572;6.99572
8657;0.000185183;5.94265;-0.0699572;6.99572
8658;0.000185183;5.94265;-0.0699572;6.99572
8659;0.000185183;5.94265;-0.0699572;6.99572
8660;0.000185183;5.94265;-0.0699572;6.99572
8661;0.000185183;5.94265;-0.0699572;6.99572
8662;0.000185183;5.94265;-0.0699572;6.99572
8663;0.000185183;5.94265;-0.0699572;6.99572
8664;0.000185183;5.94265;-0.0699572;6.99572
8665;0.000185183;5.94265;-0.0699572;6.99572
8666;0.000185183;5.94265;-0.0699572;6.99572
8667;0.000185183;5.94265;-0.0699572;6.99572
8668;0.000185183;5.94265;-0.0699572;6.99572
8669;0.000185183;5.94265;-0.0699572;6.99572
8670;0.000185183;5.94265;-0.0699572;6.99572
8671;0.000185183;5.94265;-0.0699572;6.99572
8672;0.000185183;5.94265;-0.0699572;6.99572
8673;0.000185183;5.94265;-0.0699572;6.99572
8674;0.000185183;5.94265;-0.0699572;6.99572
8675;0.000185183;5.94265;-0.0699572;6.99572
8676;0.000185183;5.94265;-0.0699572;6.99572
8677;0.000185183;5.94265;-0.0699572;6.99572
8678;0.000185183;5.94265;-0.0699572;6.99572
8679;0.000185183;5.94265;-0.0699572;6.99572
8680;0.000185183;5.94265;-0.0699572;6.99572
8681;0.000185183;5.94265;-0.0699572;6.99572
8682;0.000185183;5.94265;-0.0699572;6.99572
8683;0.000185183;5.94265;-0.0699572;6.99572
8684;0.000185183;5.94265;-0.0699572;6.99572
8685;0.000185183;5.94265;-0.0699572;6.99572
8686;0.000185183;5.94265;-0.0699572;6.99572
8687;0.000185183;5.94265;-0.0699572;6.99572
8688;0.000185183;5.94265;-0.0699572;6.99572
8689;0.000185183;5.94265;-0.0699572;6.99572
8690;0.000185183;5.94265;-0.0699572;6.99572
8691;0.000185183;5.94265;-0.0699572;6.99572
8692;0.000185183;5.94265;-0.0699572;6.99572
8693;0.000185183;5.94265;-0.0699572;6.99572
8694;0.000185183;5.94265;-0.0699572;6.99572
8695;0.000185183;5.94265;-0.0699572;6.99572
8696;0.000185183;5.94265;-0.0699572;6.99572
8697;0.000185183;5.94265;-0.0699572;6.99572
8698;0.000185183;5.94265;-0.0699572;6.99572
8699;0.000185183;5.94265;-0.0699572;6.99572
8700;0.000185183;5.94265;-0.0699572;6.99572
8701;0.000185183;5.94265;-0.0699572;6.99572
8702;0.000185183;5.94265;-0.0699572;6.99572
8703;0.000185183;5.94265;-0.0699572;6.99572
8704;0.000185183;5.94265;-0.0699572;6.99572
8705;0.000185183;5.94265;-0.0699572;6.99572
8706;0.000185183;5.94265;-0.0699572;6.99572
8707;0.000185183;5.94265;-0.0699572;6.99572
8708;0.000185183;5.94265;-0.0699572;6.99572
8709;0.000185183;5.94265;-0.0699572;6.99572
8710;0.000185183;5.94265;-0.0699572;6.99572
8711;0.000185183;5.94265;-0.0699572;6.99572
8712;0.000185183;5.94265;-0.0699572;6.99572
8713;0.000185183;5.94265;-0.0699572;6.99572
8714;0.000185183;5.94265;-0.0699572;6.99572
8715;0.000185183;5.94265;-0.0699572;6.99572
8716;0.000185183;5.94265;-0.0699572;6.99572
8717;0.000185183;5.94265;-0.0699572;6.99572
8718;0.000185183;5.94265;-0.0699572;6.99572
8719;0.000185183;5.94265;-0.0699572;6.99572
8720;0.000185183;5.94265;-0.0699572;6.99572
8721;0.000185183;5.94265;-0.0699572;6.99572
8722;0.000185183;5.94265;-0.0699572;6.99572
8723;0.000185183;5.94265;-0.0699572;6.99572
8724;0.000185183;5.94265;-0.0699572;6.99572
8725;0.000185183;5.94265;-0.0699572;6.99572
8726;0.000185183;5.94265;-0.0699572;6.99572
8727;0.000185183;5.94265;-0.0699572;6.99572
8728;0.000185183;5.94265;-0.0699572;6.99572
8729;0.000185183;5.94265;-0.0699572;6.99572
8730;0.000185183;5.94265;-0.0699572;6.99572
8731;0.000185183;5.94265;-0.0699572;6.99572
8732;0.000185183;5.94265;-0.0699572;6.99572
8733;0.000185183;5.94265;-0.0699572;6.99572
8734;0.000185183;5.94265;-0.0699572;6.99572
8735;0.000185183;5.94265;-0.0699572;6.99572
8736;0.000185183;5.94265;-0.0699572;6.99572
8737;0.000185183;5.94265;-0.0699572;6.99572
8738;0.000185183;5.94265;-0.0699572;6.99572
8739;0.000185183;5.94265;-0.0699572;6.99572
8740;0.000185183;5.94265;-0.0699572;6.99572
8741;0.000185183;5.94265;-0.0699572;6.99572
8742;0.000185183;5.94265;-0.0699572;6.99572
8743;0.000185183;5.94265;-0.0699572;6.99572
8744;0.000185183;5.94265;-0.0699572;6.99572
8745;0.000185183;5.94265;-0.0699572;6.99572
8746;0.000185183;5.94265;-0.0699572;6.99572
8747;0.000185183;5.94265;-0.0699572;6.99572
8748;0.000185183;5.94265;-0.0699572;6.99572
8749;0.000185183;5.94265;-0.0699572;6.99572
8750;0.000185183;5.94265;-0.0699572;6.99572
8751;0.000185183;5.94265;-0.0699572;6.99572
8752;0.000185183;5.94265;-0.0699572;6.99572
8753;0.000185183;5.94265;-0.0699572;6.99572
8754;0.000185183;5.94265;-0.0699572;6.99572
8755;0.000185183;5.94265;-0.0699572;6.99572
8756;0.000185183;5.94265;-0.0699572;6.99572
8757;0.000185183;5.94265;-0.0699572;6.99572
8758;0.000185183;5.94265;-0.0699572;6.99572
8759;0.000185183;5.94265;-0.0699572;6.99572
8760;0.000185183;5.94265;-0.0699572;6.99572
8761;0.000185183;5.94265;-0.0699572;6.99572
8762;0.000185183;5.94265;-0.0699572;6.99572
8763;0.000185183;5.94265;-0.0699572;6.99572
8764;0.000185183;5.94265;-0.0699572;6.99572
8765;0.000185183;5.94265;-0.0699572;6.99572
8766;0.000185183;5.94265;-0.0699572;6.99572
8767;0.000185183;5.94265;-0.0699572;6.99572
8768;0.000185183;5.94265;-0.0699572;6.99572
8769;0.000185183;5.94265;-0.0699572;6.99572
8770;0.000185183;5.94265;-0.0699572;6.99572
8771;0.000185183;5.94265;-0.0699572;6.99572
8772;0.000185183;5.94265;-0.0699572;6.99572
8773;0.000185183;5.94265;-0.0699572;6.99572
8774;0.000185183;5.94265;-0.0699572;6.99572
8775;0.000185183;5.94265;-0.0699572;6.99572
8776;0.000185183;5.94265;-0.0699572;6.99572
8777;0.000185183;5.94265;-0.0699572;6.99572
8778;0.000185183;5.94265;-0.0699572;6.99572
8779;0.000185183;5.94265;-0.0699572;6.99572
8780;0.000185183;5.94265;-0.0699572;6.99572
8781;0.000185183;5.94265;-0.0699572;6.99572
8782;0.000185183;5.94265;-0.0699572;6.99572
8783;0.000185183;5.94265;-0.0699572;6.99572
8784;0.000185183;5.94265;-0.0699572;6.99572
8785;0.000185183;5.94265;-0.0699572;6.99572
8786;0.000185183;5.94265;-0.0699572;6.99572
8787;0.000185183;5.94265;-0.0699572;6.99572
8788;0.000185183;5.94265;-0.0699572;6.99572
8789;0.000185183;5.94265;-0.0699572;6.99572
8790;0.000185183;5.94265;-0.0699572;6.99572
8791;0.000185183;5.94265;-0.0699572;6.99572
8792;0.000185183;5.94265;-0.0699572;6.99572
8793;0.000185183;5.94265;-0.0699572;6.99572
8794;0.000185183;5.94265;-0.0699572;6.99572
8795;0.000185183;5.94265;-0.0699572;6.99572
8796;0.000185183;5.94265;-0.0699572;6.99572
8797;0.000185183;5.94265;-0.0699572;6.99572
8798;0.000185183;5.94265;-0.0699572;6.99572
8799;0.000185183;5.94265;-0.0699572;6.99572
8800;0.000185183;5.94265;-0.0699572;6.99572
8801;0.000185183;5.94265;-0.0699572;6.99572
8802;0.000185183;5.94265;-0.0699572;6.99572
8803;0.000185183;5.94265;-0.0699572;6.99572
8804;0.000185183;5.94265;-0.0699572;6.99572
8805;0.000185183;5.94265;-0.0699572;6.99572
8806;0.000185183;5.94265;-0.0699572;6.99572
8807;0.000185183;5.94265;-0.0699572;6.99572
8808;0.000185183;5.94265;-0.0699572;6.99572
8809;0.000185183;5.94265;-0.0699572;6.99572
8810;0.000185183;5.94265;-0.0699572;6.99572
8811;0.000185183;5.94265;-0.0699572;6.99572
8812;0.000185183;5.94265;-0.0699572;6.99572
8813;0.000185183;5.94265;-0.0699572;6.99572
8814;0.000185183;5.94265;-0.0699572;6.99572
8815;0.000185183;5.94265;-0.0699572;6.99572
8816;0.000185183;5.94265;-0.0699572;6.99572
8817;0.000185183;5.94265;-0.0699572;6.99572
8818;0.000185183;5.94265;-0.0699572;6.99572
8819;0.000185183;5.94265;-0.0699572;6.99572
8820;0.000185183;5.94265;-0.0699572;6.99572
8821;0.000185183;5.94265;-0.0699572;6.99572
8822;0.000185183;5.94265;-0.0699572;6.99572
8823;0.000185183;5.94265;-0.0699572;6.99572
8824;0.000185183;5.94265;-0.0699572;6.99572
8825;0.000185183;5.94265;-0.0699572;6.99572
8826;0.000185183;5.94265;-0.0699572;6.99572
8827;0.000185183;5.94265;-0.0699572;6.99572
8828;0.000185183;5.94265;-0.0699572;6.99572
8829;0.000185183;5.94265;-0.0699572;6.99572
8830;0.000185183;5.94265;-0.0699572;6.99572
8831;0.000185183;5.94265;-0.0699572;6.99572
8832;0.000185183;5.94265;-0.0699572;6.99572
8833;0.000185183;5.94265;-0.0699572;6.99572
8834;0.000185183;5.94265;-0.0699572;6.99572
8835;0.000185183;5.94265;-0.0699572;6.99572
8836;0.000185183;5.94265;-0.0699572;6.99572
8837;0.000185183;5.94265;-0.0699572;6.99572
8838;0.000185183;5.94265;-0.0699572;6.99572
8839;0.000185183;5.94265;-0.0699572;6.99572
8840;0.000185183;5.94265;-0.0699572;6.99572
8841;0.000185183;5.94265;-0.0699572;6.99572
8842;0.000185183;5.94265;-0.0699572;6.99572
8843;0.000185183;5.94265;-0.0699572;6.99572
8844;0.000185183;5.94265;-0.0699572;6.99572
8845;0.000185183;5.94265;-0.0699572;6.99572
8846;0.000185183;5.94265;-0.0699572;6.99572
8847;0.000185183;5.94265;-0.0699572;6.99572
8848;0.000185183;5.94265;-0.0699572;6.99572
8849;0.000185183;5.94265;-0.0699572;6.99572
8850;0.000185183;5.94265;-0.0699572;6.99572
8851;0.000185183;5.94265;-0.0699572;6.99572
8852;0.000185183;5.94265;-0.0699572;6.99572
8853;0.000185183;5.94265;-0.0699572;6.99572
8854;0.000185183;5.94265;-0.0699572;6.99572
8855;0.000185183;5.94265;-0.0699572;6.99572
8856;0.000185183;5.94265;-0.0699572;6.99572
8857;0.000185183;5.94265;-0.0699572;6.99572
8858;0.000185183;5.94265;-0.0699572;6.99572
8859;0.000185183;5.94265;-0.0699572;6.99572
8860;0.000185183;5.94265;-0.0699572;6.99572
8861;0.000185183;5.94265;-0.0699572;6.99572
8862;0.000185183;5.94265;-0.0699572;6.99572
8863;0.000185183;5.94265;-0.0699572;6.99572
8864;0.000185183;5.94265;-0.0699572;6.99572
8865;0.000185183;5.94265;-0.0699572;6.99572
8866;0.000185183;5.94265;-0.0699572;6.99572
8867;0.000185183;5.94265;-0.0699572;6.99572
8868;0.000185183;5.94265;-0.0699572;6.99572
8869;0.000185183;5.94265;-0.0699572;6.99572
8870;0.000185183;5.94265;-0.0699572;6.99572
8871;0.000185183;5.94265;-0.0699572;6.99572
8872;0.000185183;5.94265;-0.0699572;6.99572
8873;0.000185183;5.94265;-0.0699572;6.99572
8874;0.000185183;5.94265;-0.0699572;6.99572
8875;0.000185183;5.94265;-0.0699572;6.99572
8876;0.000185183;5.94265;-0.0699572;6.99572
8877;0.000185183;5.94265;-0.0699572;6.99572
8878;0.000185183;5.94265;-0.0699572;6.99572
8879;0.000185183;5.94265;-0.0699572;6.99572
8880;0.000185183;5.94265;-0.0699572;6.99572
8881;0.000185183;5.94265;-0.0699572;6.99572
8882;0.000185183;5.94265;-0.0699572;6.99572
8883;0.000185183;5.94265;-0.0699572;6.99572
8884;0.000185183;5.94265;-0.0699572;6.99572
8885;0.000185183;5.94265;-0.0699572;6.99572
8886;0.000185183;5.94265;-0.0699572;6.99572
8887;0.000185183;5.94265;-0.0699572;6.99572
8888;0.000185183;5.94265;-0.0699572;6.99572
8889;0.000185183;5.94265;-0.0699572;6.99572
8890;0.000185183;5.94265;-0.0699572;6.99572
8891;0.000185183;5.94265;-0.0699572;6.99572
8892;0.000185183;5.94265;-0.0699572;6.99572
8893;0.000185183;5.94265;-0.0699572;6.99572
8894;0.000185183;5.94265;-0.0699572;6.99572
8895;0.000185183;5.94265;-0.0699572;6.99572
8896;0.000185183;5.94265;-0.0699572;6.99572
8897;0.000185183;5.94265;-0.0699572;6.99572
8898;0.000185183;5.94265;-0.0699572;6.99572
8899;0.000185183;5.94265;-0.0699572;6.99572
8900;0.000185183;5.94265;-0.0699572;6.99572
8901;0.000185183;5.94265;-0.0699572;6.99572
8902;0.000185183;5.94265;-0.0699572;6.99572
8903;0.000185183;5.94265;-0.0699572;6.99572
8904;0.000185183;5.94265;-0.0699572;6.99572
8905;0.000185183;5.94265;-0.0699572;6.99572
8906;0.000185183;5.94265;-0.0699572;6.99572
8907;0.000185183;5.94265;-0.0699572;6.99572
8908;0.000185183;5.94265;-0.0699572;6.99572
8909;0.000185183;5.94265;-0.0699572;6.99572
8910;0.000185183;5.94265;-0.0699572;6.99572
8911;0.000185183;5.94265;-0.0699572;6.99572
8912;0.000185183;5.94265;-0.0699572;6.99572
8913;0.000185183;5.94265;-0.0699572;6.99572
8914;0.000185183;5.94265;-0.0699572;6.99572
8915;0.000185183;5.94265;-0.0699572;6.99572
8916;0.000185183;5.94265;-0.0699572;6.99572
8917;0.000185183;5.94265;-0.0699572;6.99572
8918;0.000185183;5.94265;-0.0699572;6.99572
8919;0.000185183;5.94265;-0.0699572;6.99572
8920;0.000185183;5.94265;-0.0699572;6.99572
8921;0.000185183;5.94265;-0.0699572;6.99572
8922;0.000185183;5.94265;-0.0699572;6.99572
8923;0.000185183;5.94265;-0.0699572;6.99572
8924;0.000185183;5.94265;-0.0699572;6.99572
8925;0.000185183;5.94265;-0.0699572;6.99572
8926;0.000185183;5.94265;-0.0699572;6.99572
8927;0.000185183;5.94265;-0.0699572;6.99572
8928;0.000185183;5.94265;-0.0699572;6.99572
8929;0.000185183;5.94265;-0.0699572;6.99572
8930;0.000185183;5.94265;-0.0699572;6.99572
8931;0.000185183;5.94265;-0.0699572;6.99572
8932;0.000185183;5.94265;-0.0699572;6.99572
8933;0.000185183;5.94265;-0.0699572;6.99572
8934;0.000185183;5.94265;-0.0699572;6.99572
8935;0.000185183;5.94265;-0.0699572;6.99572
8936;0.000185183;5.94265;-0.0699572;6.99572
8937;0.000185183;5.94265;-0.0699572;6.99572
8938;0.000185183;5.94265;-0.0699572;6.99572
8939;0.000185183;5.94265;-0.0699572;6.99572
8940;0.000185183;5.94265;-0.0699572;6.99572
8941;0.000185183;5.94265;-0.0699572;6.99572
8942;0.000185183;5.94265;-0.0699572;6.99572
8943;0.000185183;5.94265;-0.0699572;6.99572
8944;0.000185183;5.94265;-0.0699572;6.99572
8945;0.000185183;5.94265;-0.0699572;6.99572
8946;0.000185183;5.94265;-0.0699572;6.99572
8947;0.000185183;5.94265;-0.0699572;6.99572
8948;0.000185183;5.94265;-0.0699572;6.99572
8949;0.000185183;5.94265;-0.0699572;6.99572
8950;0.000185183;5.94265;-0.0699572;6.99572
8951;0.000185183;5.94265;-0.0699572;6.99572
8952;0.000185183;5.94265;-0.0699572;6.99572
8953;0.000185183;5.94265;-0.0699572;6.99572
8954;0.000185183;5.94265;-0.0699572;6.99572
8955;0.000185183;5.94265;-0.0699572;6.99572
8956;0.000185183;5.94265;-0.0699572;6.99572
8957;0.000185183;5.94265;-0.0699572;6.99572
8958;0.000185183;5.94265;-0.0699572;6.99572
8959;0.000185183;5.94265;-0.0699572;6.99572
8960;0.000185183;5.94265;-0.0699572;6.99572
8961;0.000185183;5.94265;-0.0699572;6.99572
8962;0.000185183;5.94265;-0.0699572;6.99572
8963;0.000185183;5.94265;-0.0699572;6.99572
8964;0.000185183;5.94265;-0.0699572;6.99572
8965;0.000185183;5.94265;-0.0699572;6.99572
8966;0.000185183;5.94265;-0.0699572;6.99572
8967;0.000185183;5.94265;-0.0699572;6.99572
8968;0.000185183;5.94265;-0.0699572;6.99572
8969;0.000185183;5.94265;-0.0699572;6.99572
8970;0.000185183;5.94265;-0.0699572;6.99572
8971;0.000185183;5.94265;-0.0699572;6.99572
8972;0.000185183;5.94265;-0.0699572;6.99572
8973;0.000185183;5.94265;-0.0699572;6.99572
8974;0.000185183;5.94265;-0.0699572;6.99572
8975;0.000185183;5.94265;-0.0699572;6.99572
8976;0.000185183;5.94265;-0.0699572;6.99572
8977;0.000185183;5.94265;-0.0699572;6.99572
8978;0.000185183;5.94265;-0.0699572;6.99572
8979;0.000185183;5.94265;-0.0699572;6.99572
8980;0.000185183;5.94265;-0.0699572;6.99572
8981;0.000185183;5.94265;-0.0699572;6.99572
8982;0.000185183;5.94265;-0.0699572;6.99572
8983;0.000185183;5.94265;-0.0699572;6.99572
8984;0.000185183;5.94265;-0.0699572;6.99572
8985;0.000185183;5.94265;-0.0699572;6.99572
8986;0.000185183;5.94265;-0.0699572;6.99572
8987;0.000185183;5.94265;-0.0699572;6.99572
8988;0.000185183;5.94265;-0.0699572;6.99572
8989;0.000185183;5.94265;-0.0699572;6.99572
8990;0.000185183;5.94265;-0.0699572;6.99572
8991;0.000185183;5.94265;-0.0699572;6.99572
8992;0.000185183;5.94265;-0.0699572;6.99572
8993;0.000185183;5.94265;-0.0699572;6.99572
8994;0.000185183;5.94265;-0.0699572;6.99572
8995;0.000185183;5.94265;-0.0699572;6.99572
8996;0.000185183;5.94265;-0.0699572;6.99572
8997;0.000185183;5.94265;-0.0699572;6.99572
8998;0.000185183;5.94265;-0.0699572;6.99572
8999;0.000185183;5.94265;-0.0699572;6.99572
9000;0.000185183;5.94265;-0.0699572;6.99572
9001;0.000185183;5.94265;-0.0699572;6.99572
9002;0.000185183;5.94265;-0.0699572;6.99572
9003;0.000185183;5.94265;-0.0699572;6.99572
9004;0.000185183;5.94265;-0.0699572;6.99572
9005;0.000185183;5.94265;-0.0699572;6.99572
9006;0.000185183;5.94265;-0.0699572;6.99572
9007;0.000185183;5.94265;-0.0699572;6.99572
9008;0.000185183;5.94265;-0.0699572;6.99572
9009;0.000185183;5.94265;-0.0699572;6.99572
9010;0.000185183;5.94265;-0.0699572;6.99572
9011;0.000185183;5.94265;-0.0699572;6.99572
9012;0.000185183;5.94265;-0.0699572;6.99572
9013;0.000185183;5.94265;-0.0699572;6.99572
9014;0.000185183;5.94265;-0.0699572;6.99572
9015;0.000185183;5.94265;-0.0699572;6.99572
9016;0.000185183;5.94265;-0.0699572;6.99572
9017;0.000185183;5.94265;-0.0699572;6.99572
9018;0.000185183;5.94265;-0.0699572;6.99572
9019;0.000185183;5.94265;-0.0699572;6.99572
9020;0.000185183;5.94265;-0.0699572;6.99572
9021;0.000185183;5.94265;-0.0699572;6.99572
9022;0.000185183;5.94265;-0.0699572;6.99572
9023;0.000185183;5.94265;-0.0699572;6.99572
9024;0.000185183;5.94265;-0.0699572;6.99572
9025;0.000185183;5.94265;-0.0699572;6.99572
9026;0.000185183;5.94265;-0.0699572;6.99572
9027;0.000185183;5.94265;-0.0699572;6.99572
9028;0.000185183;5.94265;-0.0699572;6.99572
9029;0.000185183;5.94265;-0.0699572;6.99572
9030;0.000185183;5.94265;-0.0699572;6.99572
9031;0.000185183;5.94265;-0.0699572;6.99572
9032;0.000185183;5.94265;-0.0699572;6.99572
9033;0.000185183;5.94265;-0.0699572;6.99572
9034;0.000185183;5.94265;-0.0699572;6.99572
9035;0.000185183;5.94265;-0.0699572;6.99572
9036;0.000185183;5.94265;-0.0699572;6.99572
9037;0.000185183;5.94265;-0.0699572;6.99572
9038;0.000185183;5.94265;-0.0699572;6.99572
9039;0.000185183;5.94265;-0.0699572;6.99572
9040;0.000185183;5.94265;-0.0699572;6.99572
9041;0.000185183;5.94265;-0.0699572;6.99572
9042;0.000185183;5.94265;-0.0699572;6.99572
9043;0.000185183;5.94265;-0.0699572;6.99572
9044;0.000185183;5.94265;-0.0699572;6.99572
9045;0.000185183;5.94265;-0.0699572;6.99572
9046;0.000185183;5.94265;-0.0699572;6.99572
9047;0.000185183;5.94265;-0.0699572;6.99572
9048;0.000185183;5.94265;-0.0699572;6.99572
9049;0.000185183;5.94265;-0.0699572;6.99572
9050;0.000185183;5.94265;-0.0699572;6.99572
9051;0.000185183;5.94265;-0.0699572;6.99572
9052;0.000185183;5.94265;-0.0699572;6.99572
9053;0.000185183;5.94265;-0.0699572;6.99572
9054;0.000185183;5.94265;-0.0699572;6.99572
9055;0.000185183;5.94265;-0.0699572;6.99572
9056;0.000185183;5.94265;-0.0699572;6.99572
9057;0.000185183;5.94265;-0.0699572;6.99572
9058;0.000185183;5.94265;-0.0699572;6.99572
9059;0.000185183;5.94265;-0.0699572;6.99572
9060;0.000185183;5.94265;-0.0699572;6.99572
9061;0.000185183;5.94265;-0.0699572;6.99572
9062;0.000185183;5.94265;-0.0699572;6.99572
9063;0.000185183;5.94265;-0.0699572;6.99572
9064;0.000185183;5.94265;-0.0699572;6.99572
9065;0.000185183;5.94265;-0.0699572;6.99572
9066;0.000185183;5.94265;-0.0699572;6.99572
9067;0.000185183;5.94265;-0.0699572;6.99572
9068;0.000185183;5.94265;-0.0699572;6.99572
9069;0.000185183;5.94265;-0.0699572;6.99572
9070;0.000185183;5.94265;-0.0699572;6.99572
9071;0.000185183;5.94265;-0.0699572;6.99572
9072;0.000185183;5.94265;-0.0699572;6.99572
9073;0.000185183;5.94265;-0.0699572;6.99572
9074;0.000185183;5.94265;-0.0699572;6.99572
9075;0.000185183;5.94265;-0.0699572;6.99572
9076;0.000185183;5.94265;-0.0699572;6.99572
9077;0.000185183;5.94265;-0.0699572;6.99572
9078;0.000185183;5.94265;-0.0699572;6.99572
9079;0.000185183;5.94265;-0.0699572;6.99572
9080;0.000185183;5.94265;-0.0699572;6.99572
9081;0.000185183;5.94265;-0.0699572;6.99572
9082;0.000185183;5.94265;-0.0699572;6.99572
9083;0.000185183;5.94265;-0.0699572;6.99572
9084;0.000185183;5.94265;-0.0699572;6.99572
9085;0.000185183;5.94265;-0.0699572;6.99572
9086;0.000185183;5.94265;-0.0699572;6.99572
9087;0.000185183;5.94265;-0.0699572;6.99572
9088;0.000185183;5.94265;-0.0699572;6.99572
9089;0.000185183;5.94265;-0.0699572;6.99572
9090;0.000185183;5.94265;-0.0699572;6.99572
9091;0.000185183;5.94265;-0.0699572;6.99572
9092;0.000185183;5.94265;-0.0699572;6.99572
9093;0.000185183;5.94265;-0.0699572;6.99572
9094;0.000185183;5.94265;-0.0699572;6.99572
9095;0.000185183;5.94265;-0.0699572;6.99572
9096;0.000185183;5.94265;-0.0699572;6.99572
9097;0.000185183;5.94265;-0.0699572;6.99572
9098;0.000185183;5.94265;-0.0699572;6.99572
9099;0.000185183;5.94265;-0.0699572;6.99572
9100;0.000185183;5.94265;-0.0699572;6.99572
9101;0.000185183;5.94265;-0.0699572;6.99572
9102;0.000185183;5.94265;-0.0699572;6.99572
9103;0.000185183;5.94265;-0.0699572;6.99572
9104;0.000185183;5.94265;-0.0699572;6.99572
9105;0.000185183;5.94265;-0.0699572;6.99572
9106;0.000185183;5.94265;-0.0699572;6.99572
9107;0.000185183;5.94265;-0.0699572;6.99572
9108;0.000185183;5.94265;-0.0699572;6.99572
9109;0.000185183;5.94265;-0.0699572;6.99572
9110;0.000185183;5.94265;-0.0699572;6.99572
9111;0.000185183;5.94265;-0.0699572;6.99572
9112;0.000185183;5.94265;-0.0699572;6.99572
9113;0.000185183;5.94265;-0.0699572;6.99572
9114;0.000185183;5.94265;-0.0699572;6.99572
9115;0.000185183;5.94265;-0.0699572;6.99572
9116;0.000185183;5.94265;-0.0699572;6.99572
9117;0.000185183;5.94265;-0.0699572;6.99572
9118;0.000185183;5.94265;-0.0699572;6.99572
9119;0.000185183;5.94265;-0.0699572;6.99572
9120;0.000185183;5.94265;-0.0699572;6.99572
9121;0.000185183;5.94265;-0.0699572;6.99572
9122;0.000185183;5.94265;-0.0699572;6.99572
9123;0.000185183;5.94265;-0.0699572;6.99572
9124;0.000185183;5.94265;-0.0699572;6.99572
9125;0.000185183;5.94265;-0.0699572;6.99572
9126;0.000185183;5.94265;-0.0699572;6.99572
9127;0.000185183;5.94265;-0.0699572;6.99572
9128;0.000185183;5.94265;-0.0699572;6.99572
9129;0.000185183;5.94265;-0.0699572;6.99572
9130;0.000185183;5.94265;-0.0699572;6.99572
9131;0.000185183;5.94265;-0.0699572;6.99572
9132;0.000185183;5.94265;-0.0699572;6.99572
9133;0.000185183;5.94265;-0.0699572;6.99572
9134;0.000185183;5.94265;-0.0699572;6.99572
9135;0.000185183;5.94265;-0.0699572;6.99572
9136;0.000185183;5.94265;-0.0699572;6.99572
9137;0.000185183;5.94265;-0.0699572;6.99572
9138;0.000185183;5.94265;-0.0699572;6.99572
9139;0.000185183;5.94265;-0.0699572;6.99572
9140;0.000185183;5.94265;-0.0699572;6.99572
9141;0.000185183;5.94265;-0.0699572;6.99572
9142;0.000185183;5.94265;-0.0699572;6.99572
9143;0.000185183;5.94265;-0.0699572;6.99572
9144;0.000185183;5.94265;-0.0699572;6.99572
9145;0.000185183;5.94265;-0.0699572;6.99572
9146;0.000185183;5.94265;-0.0699572;6.99572
9147;0.000185183;5.94265;-0.0699572;6.99572
9148;0.000185183;5.94265;-0.0699572;6.99572
9149;0.000185183;5.94265;-0.0699572;6.99572
9150;0.000185183;5.94265;-0.0699572;6.99572
9151;0.000185183;5.94265;-0.0699572;6.99572
9152;0.000185183;5.94265;-0.0699572;6.99572
9153;0.000185183;5.94265;-0.0699572;6.99572
9154;0.000185183;5.94265;-0.0699572;6.99572
9155;0.000185183;5.94265;-0.0699572;6.99572
9156;0.000185183;5.94265;-0.0699572;6.99572
9157;0.000185183;5.94265;-0.0699572;6.99572
9158;0.000185183;5.94265;-0.0699572;6.99572
9159;0.000185183;5.94265;-0.0699572;6.99572
9160;0.000185183;5.94265;-0.0699572;6.99572
9161;0.000185183;5.94265;-0.0699572;6.99572
9162;0.000185183;5.94265;-0.0699572;6.99572
9163;0.000185183;5.94265;-0.0699572;6.99572
9164;0.000185183;5.94265;-0.0699572;6.99572
9165;0.000185183;5.94265;-0.0699572;6.99572
9166;0.000185183;5.94265;-0.0699572;6.99572
9167;0.000185183;5.94265;-0.0699572;6.99572
9168;0.000185183;5.94265;-0.0699572;6.99572
9169;0.000185183;5.94265;-0.0699572;6.99572
9170;0.000185183;5.94265;-0.0699572;6.99572
9171;0.000185183;5.94265;-0.0699572;6.99572
9172;0.000185183;5.94265;-0.0699572;6.99572
9173;0.000185183;5.94265;-0.0699572;6.99572
9174;0.000185183;5.94265;-0.0699572;6.99572
9175;0.000185183;5.94265;-0.0699572;6.99572
9176;0.000185183;5.94265;-0.0699572;6.99572
9177;0.000185183;5.94265;-0.0699572;6.99572
9178;0.000185183;5.94265;-0.0699572;6.99572
9179;0.000185183;5.94265;-0.0699572;6.99572
9180;0.000185183;5.94265;-0.0699572;6.99572
9181;0.000185183;5.94265;-0.0699572;6.99572
9182;0.000185183;5.94265;-0.0699572;6.99572
9183;0.000185183;5.94265;-0.0699572;6.99572
9184;0.000185183;5.94265;-0.0699572;6.99572
9185;0.000185183;5.94265;-0.0699572;6.99572
9186;0.000185183;5.94265;-0.0699572;6.99572
9187;0.000185183;5.94265;-0.0699572;6.99572
9188;0.000185183;5.94265;-0.0699572;6.99572
9189;0.000185183;5.94265;-0.0699572;6.99572
9190;0.000185183;5.94265;-0.0699572;6.99572
9191;0.000185183;5.94265;-0.0699572;6.99572
9192;0.000185183;5.94265;-0.0699572;6.99572
9193;0.000185183;5.94265;-0.0699572;6.99572
9194;0.000185183;5.94265;-0.0699572;6.99572
9195;0.000185183;5.94265;-0.0699572;6.99572
9196;0.000185183;5.94265;-0.0699572;6.99572
9197;0.000185183;5.94265;-0.0699572;6.99572
9198;0.000185183;5.94265;-0.0699572;6.99572
9199;0.000185183;5.94265;-0.0699572;6.99572
9200;0.000185183;5.94265;-0.0699572;6.99572
9201;0.000185183;5.94265;-0.0699572;6.99572
9202;0.000185183;5.94265;-0.0699572;6.99572
9203;0.000185183;5.94265;-0.0699572;6.99572
9204;0.000185183;5.94265;-0.0699572;6.99572
9205;0.000185183;5.94265;-0.0699572;6.99572
9206;0.000185183;5.94265;-0.0699572;6.99572
9207;0.000185183;5.94265;-0.0699572;6.99572
9208;0.000185183;5.94265;-0.0699572;6.99572
9209;0.000185183;5.94265;-0.0699572;6.99572
9210;0.000185183;5.94265;-0.0699572;6.99572
9211;0.000185183;5.94265;-0.0699572;6.99572
9212;0.000185183;5.94265;-0.0699572;6.99572
9213;0.000185183;5.94265;-0.0699572;6.99572
9214;0.000185183;5.94265;-0.0699572;6.99572
9215;0.000185183;5.94265;-0.0699572;6.99572
9216;0.000185183;5.94265;-0.0699572;6.99572
9217;0.000185183;5.94265;-0.0699572;6.99572
9218;0.000185183;5.94265;-0.0699572;6.99572
9219;0.000185183;5.94265;-0.0699572;6.99572
9220;0.000185183;5.94265;-0.0699572;6.99572
9221;0.000185183;5.94265;-0.0699572;6.99572
9222;0.000185183;5.94265;-0.0699572;6.99572
9223;0.000185183;5.94265;-0.0699572;6.99572
9224;0.000185183;5.94265;-0.0699572;6.99572
9225;0.000185183;5.94265;-0.0699572;6.99572
9226;0.000185183;5.94265;-0.0699572;6.99572
9227;0.000185183;5.94265;-0.0699572;6.99572
9228;0.000185183;5.94265;-0.0699572;6.99572
9229;0.000185183;5.94265;-0.0699572;6.99572
9230;0.000185183;5.94265;-0.0699572;6.99572
9231;0.000185183;5.94265;-0.0699572;6.99572
9232;0.000185183;5.94265;-0.0699572;6.99572
9233;0.000185183;5.94265;-0.0699572;6.99572
9234;0.000185183;5.94265;-0.0699572;6.99572
9235;0.000185183;5.94265;-0.0699572;6.99572
9236;0.000185183;5.94265;-0.0699572;6.99572
9237;0.000185183;5.94265;-0.0699572;6.99572
9238;0.000185183;5.94265;-0.0699572;6.99572
9239;0.000185183;5.94265;-0.0699572;6.99572
9240;0.000185183;5.94265;-0.0699572;6.99572
9241;0.000185183;5.94265;-0.0699572;6.99572
9242;0.000185183;5.94265;-0.0699572;6.99572
9243;0.000185183;5.94265;-0.0699572;6.99572
9244;0.000185183;5.94265;-0.0699572;6.99572
9245;0.000185183;5.94265;-0.0699572;6.99572
9246;0.000185183;5.94265;-0.0699572;6.99572
9247;0.000185183;5.94265;-0.0699572;6.99572
9248;0.000185183;5.94265;-0.0699572;6.99572
9249;0.000185183;5.94265;-0.0699572;6.99572
9250;0.000185183;5.94265;-0.0699572;6.99572
9251;0.000185183;5.94265;-0.0699572;6.99572
9252;0.000185183;5.94265;-0.0699572;6.99572
9253;0.000185183;5.94265;-0.0699572;6.99572
9254;0.000185183;5.94265;-0.0699572;6.99572
9255;0.000185183;5.94265;-0.0699572;6.99572
9256;0.000185183;5.94265;-0.0699572;6.99572
9257;0.000185183;5.94265;-0.0699572;6.99572
9258;0.000185183;5.94265;-0.0699572;6.99572
9259;0.000185183;5.94265;-0.0699572;6.99572
9260;0.000185183;5.94265;-0.0699572;6.99572
9261;0.000185183;5.94265;-0.0699572;6.99572
9262;0.000185183;5.94265;-0.0699572;6.99572
9263;0.000185183;5.94265;-0.0699572;6.99572
9264;0.000185183;5.94265;-0.0699572;6.99572
9265;0.000185183;5.94265;-0.0699572;6.99572
9266;0.000185183;5.94265;-0.0699572;6.99572
9267;0.000185183;5.94265;-0.0699572;6.99572
9268;0.000185183;5.94265;-0.0699572;6.99572
9269;0.000185183;5.94265;-0.0699572;6.99572
9270;0.000185183;5.94265;-0.0699572;6.99572
9271;0.000185183;5.94265;-0.0699572;6.99572
9272;0.000185183;5.94265;-0.0699572;6.99572
9273;0.000185183;5.94265;-0.0699572;6.99572
9274;0.000185183;5.94265;-0.0699572;6.99572
9275;0.000185183;5.94265;-0.0699572;6.99572
9276;0.000185183;5.94265;-0.0699572;6.99572
9277;0.000185183;5.94265;-0.0699572;6.99572
9278;0.000185183;5.94265;-0.0699572;6.99572
9279;0.000185183;5.94265;-0.0699572;6.99572
9280;0.000185183;5.94265;-0.0699572;6.99572
9281;0.000185183;5.94265;-0.0699572;6.99572
9282;0.000185183;5.94265;-0.0699572;6.99572
9283;0.000185183;5.94265;-0.0699572;6.99572
9284;0.000185183;5.94265;-0.0699572;6.99572
9285;0.000185183;5.94265;-0.0699572;6.99572
9286;0.000185183;5.94265;-0.0699572;6.99572
9287;0.000185183;5.94265;-0.0699572;6.99572
9288;0.000185183;5.94265;-0.0699572;6.99572
9289;0.000185183;5.94265;-0.0699572;6.99572
9290;0.000185183;5.94265;-0.0699572;6.99572
9291;0.000185183;5.94265;-0.0699572;6.99572
9292;0.000185183;5.94265;-0.0699572;6.99572
9293;0.000185183;5.94265;-0.0699572;6.99572
9294;0.000185183;5.94265;-0.0699572;6.99572
9295;0.000185183;5.94265;-0.0699572;6.99572
9296;0.000185183;5.94265;-0.0699572;6.99572
9297;0.000185183;5.94265;-0.0699572;6.99572
9298;0.000185183;5.94265;-0.0699572;6.99572
9299;0.000185183;5.94265;-0.0699572;6.99572
9300;0.000185183;5.94265;-0.0699572;6.99572
9301;0.000185183;5.94265;-0.0699572;6.99572
9302;0.000185183;5.94265;-0.0699572;6.99572
9303;0.000185183;5.94265;-0.0699572;6.99572
9304;0.000185183;5.94265;-0.0699572;6.99572
9305;0.000185183;5.94265;-0.0699572;6.99572
9306;0.000185183;5.94265;-0.0699572;6.99572
9307;0.000185183;5.94265;-0.0699572;6.99572
9308;0.000185183;5.94265;-0.0699572;6.99572
9309;0.000185183;5.94265;-0.0699572;6.99572
9310;0.000185183;5.94265;-0.0699572;6.99572
9311;0.000185183;5.94265;-0.0699572;6.99572
9312;0.000185183;5.94265;-0.0699572;6.99572
9313;0.000185183;5.94265;-0.0699572;6.99572
9314;0.000185183;5.94265;-0.0699572;6.99572
9315;0.000185183;5.94265;-0.0699572;6.99572
9316;0.000185183;5.94265;-0.0699572;6.99572
9317;0.000185183;5.94265;-0.0699572;6.99572
9318;0.000185183;5.94265;-0.0699572;6.99572
9319;0.000185183;5.94265;-0.0699572;6.99572
9320;0.000185183;5.94265;-0.0699572;6.99572
9321;0.000185183;5.94265;-0.0699572;6.99572
9322;0.000185183;5.94265;-0.0699572;6.99572
9323;0.000185183;5.94265;-0.0699572;6.99572
9324;0.000185183;5.94265;-0.0699572;6.99572
9325;0.000185183;5.94265;-0.0699572;6.99572
9326;0.000185183;5.94265;-0.0699572;6.99572
9327;0.000185183;5.94265;-0.0699572;6.99572
9328;0.000185183;5.94265;-0.0699572;6.99572
9329;0.000185183;5.94265;-0.0699572;6.99572
9330;0.000185183;5.94265;-0.0699572;6.99572
9331;0.000185183;5.94265;-0.0699572;6.99572
9332;0.000185183;5.94265;-0.0699572;6.99572
9333;0.000185183;5.94265;-0.0699572;6.99572
9334;0.000185183;5.94265;-0.0699572;6.99572
9335;0.000185183;5.94265;-0.0699572;6.99572
9336;0.000185183;5.94265;-0.0699572;6.99572
9337;0.000185183;5.94265;-0.0699572;6.99572
9338;0.000185183;5.94265;-0.0699572;6.99572
9339;0.000185183;5.94265;-0.0699572;6.99572
9340;0.000185183;5.94265;-0.0699572;6.99572
9341;0.000185183;5.94265;-0.0699572;6.99572
9342;0.000185183;5.94265;-0.0699572;6.99572
9343;0.000185183;5.94265;-0.0699572;6.99572
9344;0.000185183;5.94265;-0.0699572;6.99572
9345;0.000185183;5.94265;-0.0699572;6.99572
9346;0.000185183;5.94265;-0.0699572;6.99572
9347;0.000185183;5.94265;-0.0699572;6.99572
9348;0.000185183;5.94265;-0.0699572;6.99572
9349;0.000185183;5.94265;-0.0699572;6.99572
9350;0.000185183;5.94265;-0.0699572;6.99572
9351;0.000185183;5.94265;-0.0699572;6.99572
9352;0.000185183;5.94265;-0.0699572;6.99572
9353;0.000185183;5.94265;-0.0699572;6.99572
9354;0.000185183;5.94265;-0.0699572;6.99572
9355;0.000185183;5.94265;-0.0699572;6.99572
9356;0.000185183;5.94265;-0.0699572;6.99572
9357;0.000185183;5.94265;-0.0699572;6.99572
9358;0.000185183;5.94265;-0.0699572;6.99572
9359;0.000185183;5.94265;-0.0699572;6.99572
9360;0.000185183;5.94265;-0.0699572;6.99572
9361;0.000185183;5.94265;-0.0699572;6.99572
9362;0.000185183;5.94265;-0.0699572;6.99572
9363;0.000185183;5.94265;-0.0699572;6.99572
9364;0.000185183;5.94265;-0.0699572;6.99572
9365;0.000185183;5.94265;-0.0699572;6.99572
9366;0.000185183;5.94265;-0.0699572;6.99572
9367;0.000185183;5.94265;-0.0699572;6.99572
9368;0.000185183;5.94265;-0.0699572;6.99572
9369;0.000185183;5.94265;-0.0699572;6.99572
9370;0.000185183;5.94265;-0.0699572;6.99572
9371;0.000185183;5.94265;-0.0699572;6.99572
9372;0.000185183;5.94265;-0.0699572;6.99572
9373;0.000185183;5.94265;-0.0699572;6.99572
9374;0.000185183;5.94265;-0.0699572;6.99572
9375;0.000185183;5.94265;-0.0699572;6.99572
9376;0.000185183;5.94265;-0.0699572;6.99572
9377;0.000185183;5.94265;-0.0699572;6.99572
9378;0.000185183;5.94265;-0.0699572;6.99572
9379;0.000185183;5.94265;-0.0699572;6.99572
9380;0.000185183;5.94265;-0.0699572;6.99572
9381;0.000185183;5.94265;-0.0699572;6.99572
9382;0.000185183;5.94265;-0.0699572;6.99572
9383;0.000185183;5.94265;-0.0699572;6.99572
9384;0.000185183;5.94265;-0.0699572;6.99572
9385;0.000185183;5.94265;-0.0699572;6.99572
9386;0.000185183;5.94265;-0.0699572;6.99572
9387;0.000185183;5.94265;-0.0699572;6.99572
9388;0.000185183;5.94265;-0.0699572;6.99572
9389;0.000185183;5.94265;-0.0699572;6.99572
9390;0.000185183;5.94265;-0.0699572;6.99572
9391;0.000185183;5.94265;-0.0699572;6.99572
9392;0.000185183;5.94265;-0.0699572;6.99572
9393;0.000185183;5.94265;-0.0699572;6.99572
9394;0.000185183;5.94265;-0.0699572;6.99572
9395;0.000185183;5.94265;-0.0699572;6.99572
9396;0.000185183;5.94265;-0.0699572;6.99572
9397;0.000185183;5.94265;-0.0699572;6.99572
9398;0.000185183;5.94265;-0.0699572;6.99572
9399;0.000185183;5.94265;-0.0699572;6.99572
9400;0.000185183;5.94265;-0.0699572;6.99572
9401;0.000185183;5.94265;-0.0699572;6.99572
9402;0.000185183;5.94265;-0.0699572;6.99572
9403;0.000185183;5.94265;-0.0699572;6.99572
9404;0.000185183;5.94265;-0.0699572;6.99572
9405;0.000185183;5.94265;-0.0699572;6.99572
9406;0.000185183;5.94265;-0.0699572;6.99572
9407;0.000185183;5.94265;-0.0699572;6.99572
9408;0.000185183;5.94265;-0.0699572;6.99572
9409;0.000185183;5.94265;-0.0699572;6.99572
9410;0.000185183;5.94265;-0.0699572;6.99572
9411;0.000185183;5.94265;-0.0699572;6.99572
9412;0.000185183;5.94265;-0.0699572;6.99572
9413;0.000185183;5.94265;-0.0699572;6.99572
9414;0.000185183;5.94265;-0.0699572;6.99572
9415;0.000185183;5.94265;-0.0699572;6.99572
9416;0.000185183;5.94265;-0.0699572;6.99572
9417;0.000185183;5.94265;-0.0699572;6.99572
9418;0.000185183;5.94265;-0.0699572;6.99572
9419;0.000185183;5.94265;-0.0699572;6.99572
9420;0.000185183;5.94265;-0.0699572;6.99572
9421;0.000185183;5.94265;-0.0699572;6.99572
9422;0.000185183;5.94265;-0.0699572;6.99572
9423;0.000185183;5.94265;-0.0699572;6.99572
9424;0.000185183;5.94265;-0.0699572;6.99572
9425;0.000185183;5.94265;-0.0699572;6.99572
9426;0.000185183;5.94265;-0.0699572;6.99572
9427;0.000185183;5.94265;-0.0699572;6.99572
9428;0.000185183;5.94265;-0.0699572;6.99572
9429;0.000185183;5.94265;-0.0699572;6.99572
9430;0.000185183;5.94265;-0.0699572;6.99572
9431;0.000185183;5.94265;-0.0699572;6.99572
9432;0.000185183;5.94265;-0.0699572;6.99572
9433;0.000185183;5.94265;-0.0699572;6.99572
9434;0.000185183;5.94265;-0.0699572;6.99572
9435;0.000185183;5.94265;-0.0699572;6.99572
9436;0.000185183;5.94265;-0.0699572;6.99572
9437;0.000185183;5.94265;-0.0699572;6.99572
9438;0.000185183;5.94265;-0.0699572;6.99572
9439;0.000185183;5.94265;-0.0699572;6.99572
9440;0.000185183;5.94265;-0.0699572;6.99572
9441;0.000185183;5.94265;-0.0699572;6.99572
9442;0.000185183;5.94265;-0.0699572;6.99572
9443;0.000185183;5.94265;-0.0699572;6.99572
9444;0.000185183;5.94265;-0.0699572;6.99572
9445;0.000185183;5.94265;-0.0699572;6.99572
9446;0.000185183;5.94265;-0.0699572;6.99572
9447;0.000185183;5.94265;-0.0699572;6.99572
9448;0.000185183;5.94265;-0.0699572;6.99572
9449;0.000185183;5.94265;-0.0699572;6.99572
9450;0.000185183;5.94265;-0.0699572;6.99572
9451;0.000185183;5.94265;-0.0699572;6.99572
9452;0.000185183;5.94265;-0.0699572;6.99572
9453;0.000185183;5.94265;-0.0699572;6.99572
9454;0.000185183;5.94265;-0.0699572;6.99572
9455;0.000185183;5.94265;-0.0699572;6.99572
9456;0.000185183;5.94265;-0.0699572;6.99572
9457;0.000185183;5.94265;-0.0699572;6.99572
9458;0.000185183;5.94265;-0.0699572;6.99572
9459;0.000185183;5.94265;-0.0699572;6.99572
9460;0.000185183;5.94265;-0.0699572;6.99572
9461;0.000185183;5.94265;-0.0699572;6.99572
9462;0.000185183;5.94265;-0.0699572;6.99572
9463;0.000185183;5.94265;-0.0699572;6.99572
9464;0.000185183;5.94265;-0.0699572;6.99572
9465;0.000185183;5.94265;-0.0699572;6.99572
9466;0.000185183;5.94265;-0.0699572;6.99572
9467;0.000185183;5.94265;-0.0699572;6.99572
9468;0.000185183;5.94265;-0.0699572;6.99572
9469;0.000185183;5.94265;-0.0699572;6.99572
9470;0.000185183;5.94265;-0.0699572;6.99572
9471;0.000185183;5.94265;-0.0699572;6.99572
9472;0.000185183;5.94265;-0.0699572;6.99572
9473;0.000185183;5.94265;-0.0699572;6.99572
9474;0.000185183;5.94265;-0.0699572;6.99572
9475;0.000185183;5.94265;-0.0699572;6.99572
9476;0.000185183;5.94265;-0.0699572;6.99572
9477;0.000185183;5.94265;-0.0699572;6.99572
9478;0.000185183;5.94265;-0.0699572;6.99572
9479;0.000185183;5.94265;-0.0699572;6.99572
9480;0.000185183;5.94265;-0.0699572;6.99572
9481;0.000185183;5.94265;-0.0699572;6.99572
9482;0.000185183;5.94265;-0.0699572;6.99572
9483;0.000185183;5.94265;-0.0699572;6.99572
9484;0.000185183;5.94265;-0.0699572;6.99572
9485;0.000185183;5.94265;-0.0699572;6.99572
9486;0.000185183;5.94265;-0.0699572;6.99572
9487;0.000185183;5.94265;-0.0699572;6.99572
9488;0.000185183;5.94265;-0.0699572;6.99572
9489;0.000185183;5.94265;-0.0699572;6.99572
9490;0.000185183;5.94265;-0.0699572;6.99572
9491;0.000185183;5.94265;-0.0699572;6.99572
9492;0.000185183;5.94265;-0.0699572;6.99572
9493;0.000185183;5.94265;-0.0699572;6.99572
9494;0.000185183;5.94265;-0.0699572;6.99572
9495;0.000185183;5.94265;-0.0699572;6.99572
9496;0.000185183;5.94265;-0.0699572;6.99572
9497;0.000185183;5.94265;-0.0699572;6.99572
9498;0.000185183;5.94265;-0.0699572;6.99572
9499;0.000185183;5.94265;-0.0699572;6.99572
9500;0.000185183;5.94265;-0.0699572;6.99572
9501;0.000185183;5.94265;-0.0699572;6.99572
9502;0.000185183;5.94265;-0.0699572;6.99572
9503;0.000185183;5.94265;-0.0699572;6.99572
9504;0.000185183;5.94265;-0.0699572;6.99572
9505;0.000185183;5.94265;-0.0699572;6.99572
9506;0.000185183;5.94265;-0.0699572;6.99572
9507;0.000185183;5.94265;-0.0699572;6.99572
9508;0.000185183;5.94265;-0.0699572;6.99572
9509;0.000185183;5.94265;-0.0699572;6.99572
9510;0.000185183;5.94265;-0.0699572;6.99572
9511;0.000185183;5.94265;-0.0699572;6.99572
9512;0.000185183;5.94265;-0.0699572;6.99572
9513;0.000185183;5.94265;-0.0699572;6.99572
9514;0.000185183;5.94265;-0.0699572;6.99572
9515;0.000185183;5.94265;-0.0699572;6.99572
9516;0.000185183;5.94265;-0.0699572;6.99572
9517;0.000185183;5.94265;-0.0699572;6.99572
9518;0.000185183;5.94265;-0.0699572;6.99572
9519;0.000185183;5.94265;-0.0699572;6.99572
9520;0.000185183;5.94265;-0.0699572;6.99572
9521;0.000185183;5.94265;-0.0699572;6.99572
9522;0.000185183;5.94265;-0.0699572;6.99572
9523;0.000185183;5.94265;-0.0699572;6.99572
9524;0.000185183;5.94265;-0.0699572;6.99572
9525;0.000185183;5.94265;-0.0699572;6.99572
9526;0.000185183;5.94265;-0.0699572;6.99572
9527;0.000185183;5.94265;-0.0699572;6.99572
9528;0.000185183;5.94265;-0.0699572;6.99572
9529;0.000185183;5.94265;-0.0699572;6.99572
9530;0.000185183;5.94265;-0.0699572;6.99572
9531;0.000185183;5.94265;-0.0699572;6.99572
9532;0.000185183;5.94265;-0.0699572;6.99572
9533;0.000185183;5.94265;-0.0699572;6.99572
9534;0.000185183;5.94265;-0.0699572;6.99572
9535;0.000185183;5.94265;-0.0699572;6.99572
9536;0.000185183;5.94265;-0.0699572;6.99572
9537;0.000185183;5.94265;-0.0699572;6.99572
9538;0.000185183;5.94265;-0.0699572;6.99572
9539;0.000185183;5.94265;-0.0699572;6.99572
9540;0.000185183;5.94265;-0.0699572;6.99572
9541;0.000185183;5.94265;-0.0699572;6.99572
9542;0.000185183;5.94265;-0.0699572;6.99572
9543;0.000185183;5.94265;-0.0699572;6.99572
9544;0.000185183;5.94265;-0.0699572;6.99572
9545;0.000185183;5.94265;-0.0699572;6.99572
9546;0.000185183;5.94265;-0.0699572;6.99572
9547;0.000185183;5.94265;-0.0699572;6.99572
9548;0.000185183;5.94265;-0.0699572;6.99572
9549;0.000185183;5.94265;-0.0699572;6.99572
9550;0.000185183;5.94265;-0.0699572;6.99572
9551;0.000185183;5.94265;-0.0699572;6.99572
9552;0.000185183;5.94265;-0.0699572;6.99572
9553;0.000185183;5.94265;-0.0699572;6.99572
9554;0.000185183;5.94265;-0.0699572;6.99572
9555;0.000185183;5.94265;-0.0699572;6.99572
9556;0.000185183;5.94265;-0.0699572;6.99572
9557;0.000185183;5.94265;-0.0699572;6.99572
9558;0.000185183;5.94265;-0.0699572;6.99572
9559;0.000185183;5.94265;-0.0699572;6.99572
9560;0.000185183;5.94265;-0.0699572;6.99572
9561;0.000185183;5.94265;-0.0699572;6.99572
9562;0.000185183;5.94265;-0.0699572;6.99572
9563;0.000185183;5.94265;-0.0699572;6.99572
9564;0.000185183;5.94265;-0.0699572;6.99572
9565;0.000185183;5.94265;-0.0699572;6.99572
9566;0.000185183;5.94265;-0.0699572;6.99572
9567;0.000185183;5.94265;-0.0699572;6.99572
9568;0.000185183;5.94265;-0.0699572;6.99572
9569;0.000185183;5.94265;-0.0699572;6.99572
9570;0.000185183;5.94265;-0.0699572;6.99572
9571;0.000185183;5.94265;-0.0699572;6.99572
9572;0.000185183;5.94265;-0.0699572;6.99572
9573;0.000185183;5.94265;-0.0699572;6.99572
9574;0.000185183;5.94265;-0.0699572;6.99572
9575;0.000185183;5.94265;-0.0699572;6.99572
9576;0.000185183;5.94265;-0.0699572;6.99572
9577;0.000185183;5.94265;-0.0699572;6.99572
9578;0.000185183;5.94265;-0.0699572;6.99572
9579;0.000185183;5.94265;-0.0699572;6.99572
9580;0.000185183;5.94265;-0.0699572;6.99572
9581;0.000185183;5.94265;-0.0699572;6.99572
9582;0.000185183;5.94265;-0.0699572;6.99572
9583;0.000185183;5.94265;-0.0699572;6.99572
9584;0.000185183;5.94265;-0.0699572;6.99572
9585;0.000185183;5.94265;-0.0699572;6.99572
9586;0.000185183;5.94265;-0.0699572;6.99572
9587;0.000185183;5.94265;-0.0699572;6.99572
9588;0.000185183;5.94265;-0.0699572;6.99572
9589;0.000185183;5.94265;-0.0699572;6.99572
9590;0.000185183;5.94265;-0.0699572;6.99572
9591;0.000185183;5.94265;-0.0699572;6.99572
9592;0.000185183;5.94265;-0.0699572;6.99572
9593;0.000185183;5.94265;-0.0699572;6.99572
9594;0.000185183;5.94265;-0.0699572;6.99572
9595;0.000185183;5.94265;-0.0699572;6.99572
9596;0.000185183;5.94265;-0.0699572;6.99572
9597;0.000185183;5.94265;-0.0699572;6.99572
9598;0.000185183;5.94265;-0.0699572;6.99572
9599;0.000185183;5.94265;-0.0699572;6.99572
9600;0.000185183;5.94265;-0.0699572;6.99572
9601;0.000185183;5.94265;-0.0699572;6.99572
9602;0.000185183;5.94265;-0.0699572;6.99572
9603;0.000185183;5.94265;-0.0699572;6.99572
9604;0.000185183;5.94265;-0.0699572;6.99572
9605;0.000185183;5.94265;-0.0699572;6.99572
9606;0.000185183;5.94265;-0.0699572;6.99572
9607;0.000185183;5.94265;-0.0699572;6.99572
9608;0.000185183;5.94265;-0.0699572;6.99572
9609;0.000185183;5.94265;-0.0699572;6.99572
9610;0.000185183;5.94265;-0.0699572;6.99572
9611;0.000185183;5.94265;-0.0699572;6.99572
9612;0.000185183;5.94265;-0.0699572;6.99572
9613;0.000185183;5.94265;-0.0699572;6.99572
9614;0.000185183;5.94265;-0.0699572;6.99572
9615;0.000185183;5.94265;-0.0699572;6.99572
9616;0.000185183;5.94265;-0.0699572;6.99572
9617;0.000185183;5.94265;-0.0699572;6.99572
9618;0.000185183;5.94265;-0.0699572;6.99572
9619;0.000185183;5.94265;-0.0699572;6.99572
9620;0.000185183;5.94265;-0.0699572;6.99572
9621;0.000185183;5.94265;-0.0699572;6.99572
9622;0.000185183;5.94265;-0.0699572;6.99572
9623;0.000185183;5.94265;-0.0699572;6.99572
9624;0.000185183;5.94265;-0.0699572;6.99572
9625;0.000185183;5.94265;-0.0699572;6.99572
9626;0.000185183;5.94265;-0.0699572;6.99572
9627;0.000185183;5.94265;-0.0699572;6.99572
9628;0.000185183;5.94265;-0.0699572;6.99572
9629;0.000185183;5.94265;-0.0699572;6.99572
9630;0.000185183;5.94265;-0.0699572;6.99572
9631;0.000185183;5.94265;-0.0699572;6.99572
9632;0.000185183;5.94265;-0.0699572;6.99572
9633;0.000185183;5.94265;-0.0699572;6.99572
9634;0.000185183;5.94265;-0.0699572;6.99572
9635;0.000185183;5.94265;-0.0699572;6.99572
9636;0.000185183;5.94265;-0.0699572;6.99572
9637;0.000185183;5.94265;-0.0699572;6.99572
9638;0.000185183;5.94265;-0.0699572;6.99572
9639;0.000185183;5.94265;-0.0699572;6.99572
9640;0.000185183;5.94265;-0.0699572;6.99572
9641;0.000185183;5.94265;-0.0699572;6.99572
9642;0.000185183;5.94265;-0.0699572;6.99572
9643;0.000185183;5.94265;-0.0699572;6.99572
9644;0.000185183;5.94265;-0.0699572;6.99572
9645;0.000185183;5.94265;-0.0699572;6.99572
9646;0.000185183;5.94265;-0.0699572;6.99572
9647;0.000185183;5.94265;-0.0699572;6.99572
9648;0.000185183;5.94265;-0.0699572;6.99572
9649;0.000185183;5.94265;-0.0699572;6.99572
9650;0.000185183;5.94265;-0.0699572;6.99572
9651;0.000185183;5.94265;-0.0699572;6.99572
9652;0.000185183;5.94265;-0.0699572;6.99572
9653;0.000185183;5.94265;-0.0699572;6.99572
9654;0.000185183;5.94265;-0.0699572;6.99572
9655;0.000185183;5.94265;-0.0699572;6.99572
9656;0.000185183;5.94265;-0.0699572;6.99572
9657;0.000185183;5.94265;-0.0699572;6.99572
9658;0.000185183;5.94265;-0.0699572;6.99572
9659;0.000185183;5.94265;-0.0699572;6.99572
9660;0.000185183;5.94265;-0.0699572;6.99572
9661;0.000185183;5.94265;-0.0699572;6.99572
9662;0.000185183;5.94265;-0.0699572;6.99572
9663;0.000185183;5.94265;-0.0699572;6.99572
9664;0.000185183;5.94265;-0.0699572;6.99572
9665;0.000185183;5.94265;-0.0699572;6.99572
9666;0.000185183;5.94265;-0.0699572;6.99572
9667;0.000185183;5.94265;-0.0699572;6.99572
9668;0.000185183;5.94265;-0.0699572;6.99572
9669;0.000185183;5.94265;-0.0699572;6.99572
9670;0.000185183;5.94265;-0.0699572;6.99572
9671;0.000185183;5.94265;-0.0699572;6.99572
9672;0.000185183;5.94265;-0.0699572;6.99572
9673;0.000185183;5.94265;-0.0699572;6.99572
9674;0.000185183;5.94265;-0.0699572;6.99572
9675;0.000185183;5.94265;-0.0699572;6.99572
9676;0.000185183;5.94265;-0.0699572;6.99572
9677;0.000185183;5.94265;-0.0699572;6.99572
9678;0.000185183;5.94265;-0.0699572;6.99572
9679;0.000185183;5.94265;-0.0699572;6.99572
9680;0.000185183;5.94265;-0.0699572;6.99572
9681;0.000185183;5.94265;-0.0699572;6.99572
9682;0.000185183;5.94265;-0.0699572;6.99572
9683;0.000185183;5.94265;-0.0699572;6.99572
9684;0.000185183;5.94265;-0.0699572;6.99572
9685;0.000185183;5.94265;-0.0699572;6.99572
9686;0.000185183;5.94265;-0.0699572;6.99572
9687;0.000185183;5.94265;-0.0699572;6.99572
9688;0.000185183;5.94265;-0.0699572;6.99572
9689;0.000185183;5.94265;-0.0699572;6.99572
9690;0.000185183;5.94265;-0.0699572;6.99572
9691;0.000185183;5.94265;-0.0699572;6.99572
9692;0.000185183;5.94265;-0.0699572;6.99572
9693;0.000185183;5.94265;-0.0699572;6.99572
9694;0.000185183;5.94265;-0.0699572;6.99572
9695;0.000185183;5.94265;-0.0699572;6.99572
9696;0.000185183;5.94265;-0.0699572;6.99572
9697;0.000185183;5.94265;-0.0699572;6.99572
9698;0.000185183;5.94265;-0.0699572;6.99572
9699;0.000185183;5.94265;-0.0699572;6.99572
9700;0.000185183;5.94265;-0.0699572;6.99572
9701;0.000185183;5.94265;-0.0699572;6.99572
9702;0.000185183;5.94265;-0.0699572;6.99572
9703;0.000185183;5.94265;-0.0699572;6.99572
9704;0.000185183;5.94265;-0.0699572;6.99572
9705;0.000185183;5.94265;-0.0699572;6.99572
9706;0.000185183;5.94265;-0.0699572;6.99572
9707;0.000185183;5.94265;-0.0699572;6.99572
9708;0.000185183;5.94265;-0.0699572;6.99572
9709;0.000185183;5.94265;-0.0699572;6.99572
9710;0.000185183;5.94265;-0.0699572;6.99572
9711;0.000185183;5.94265;-0.0699572;6.99572
9712;0.000185183;5.94265;-0.0699572;6.99572
9713;0.000185183;5.94265;-0.0699572;6.99572
9714;0.000185183;5.94265;-0.0699572;6.99572
9715;0.000185183;5.94265;-0.0699572;6.99572
9716;0.000185183;5.94265;-0.0699572;6.99572
9717;0.000185183;5.94265;-0.0699572;6.99572
9718;0.000185183;5.94265;-0.0699572;6.99572
9719;0.000185183;5.94265;-0.0699572;6.99572
9720;0.000185183;5.94265;-0.0699572;6.99572
9721;0.000185183;5.94265;-0.0699572;6.99572
9722;0.000185183;5.94265;-0.0699572;6.99572
9723;0.000185183;5.94265;-0.0699572;6.99572
9724;0.000185183;5.94265;-0.0699572;6.99572
9725;0.000185183;5.94265;-0.0699572;6.99572
9726;0.000185183;5.94265;-0.0699572;6.99572
9727;0.000185183;5.94265;-0.0699572;6.99572
9728;0.000185183;5.94265;-0.0699572;6.99572
9729;0.000185183;5.94265;-0.0699572;6.99572
9730;0.000185183;5.94265;-0.0699572;6.99572
9731;0.000185183;5.94265;-0.0699572;6.99572
9732;0.000185183;5.94265;-0.0699572;6.99572
9733;0.000185183;5.94265;-0.0699572;6.99572
9734;0.000185183;5.94265;-0.0699572;6.99572
9735;0.000185183;5.94265;-0.0699572;6.99572
9736;0.000185183;5.94265;-0.0699572;6.99572
9737;0.000185183;5.94265;-0.0699572;6.99572
9738;0.000185183;5.94265;-0.0699572;6.99572
9739;0.000185183;5.94265;-0.0699572;6.99572
9740;0.000185183;5.94265;-0.0699572;6.99572
9741;0.000185183;5.94265;-0.0699572;6.99572
9742;0.000185183;5.94265;-0.0699572;6.99572
9743;0.000185183;5.94265;-0.0699572;6.99572
9744;0.000185183;5.94265;-0.0699572;6.99572
9745;0.000185183;5.94265;-0.0699572;6.99572
9746;0.000185183;5.94265;-0.0699572;6.99572
9747;0.000185183;5.94265;-0.0699572;6.99572
9748;0.000185183;5.94265;-0.0699572;6.99572
9749;0.000185183;5.94265;-0.0699572;6.99572
9750;0.000185183;5.94265;-0.0699572;6.99572
9751;0.000185183;5.94265;-0.0699572;6.99572
9752;0.000185183;5.94265;-0.0699572;6.99572
9753;0.000185183;5.94265;-0.0699572;6.99572
9754;0.000185183;5.94265;-0.0699572;6.99572
9755;0.000185183;5.94265;-0.0699572;6.99572
9756;0.000185183;5.94265;-0.0699572;6.99572
9757;0.000185183;5.94265;-0.0699572;6.99572
9758;0.000185183;5.94265;-0.0699572;6.99572
9759;0.000185183;5.94265;-0.0699572;6.99572
9760;0.000185183;5.94265;-0.0699572;6.99572
9761;0.000185183;5.94265;-0.0699572;6.99572
9762;0.000185183;5.94265;-0.0699572;6.99572
9763;0.000185183;5.94265;-0.0699572;6.99572
9764;0.000185183;5.94265;-0.0699572;6.99572
9765;0.000185183;5.94265;-0.0699572;6.99572
9766;0.000185183;5.94265;-0.0699572;6.99572
9767;0.000185183;5.94265;-0.0699572;6.99572
9768;0.000185183;5.94265;-0.0699572;6.99572
9769;0.000185183;5.94265;-0.0699572;6.99572
9770;0.000185183;5.94265;-0.0699572;6.99572
9771;0.000185183;5.94265;-0.0699572;6.99572
9772;0.000185183;5.94265;-0.0699572;6.99572
9773;0.000185183;5.94265;-0.0699572;6.99572
9774;0.000185183;5.94265;-0.0699572;6.99572
9775;0.000185183;5.94265;-0.0699572;6.99572
9776;0.000185183;5.94265;-0.0699572;6.99572
9777;0.000185183;5.94265;-0.0699572;6.99572
9778;0.000185183;5.94265;-0.0699572;6.99572
9779;0.000185183;5.94265;-0.0699572;6.99572
9780;0.000185183;5.94265;-0.0699572;6.99572
9781;0.000185183;5.94265;-0.0699572;6.99572
9782;0.000185183;5.94265;-0.0699572;6.99572
9783;0.000185183;5.94265;-0.0699572;6.99572
9784;0.000185183;5.94265;-0.0699572;6.99572
9785;0.000185183;5.94265;-0.0699572;6.99572
9786;0.000185183;5.94265;-0.0699572;6.99572
9787;0.000185183;5.94265;-0.0699572;6.99572
9788;0.000185183;5.94265;-0.0699572;6.99572
9789;0.000185183;5.94265;-0.0699572;6.99572
9790;0.000185183;5.94265;-0.0699572;6.99572
9791;0.000185183;5.94265;-0.0699572;6.99572
9792;0.000185183;5.94265;-0.0699572;6.99572
9793;0.000185183;5.94265;-0.0699572;6.99572
9794;0.000185183;5.94265;-0.0699572;6.99572
9795;0.000185183;5.94265;-0.0699572;6.99572
9796;0.000185183;5.94265;-0.0699572;6.99572
9797;0.000185183;5.94265;-0.0699572;6.99572
9798;0.000185183;5.94265;-0.0699572;6.99572
9799;0.000185183;5.94265;-0.0699572;6.99572
9800;0.000185183;5.94265;-0.0699572;6.99572
9801;0.000185183;5.94265;-0.0699572;6.99572
9802;0.000185183;5.94265;-0.0699572;6.99572
9803;0.000185183;5.94265;-0.0699572;6.99572
9804;0.000185183;5.94265;-0.0699572;6.99572
9805;0.000185183;5.94265;-0.0699572;6.99572
9806;0.000185183;5.94265;-0.0699572;6.99572
9807;0.000185183;5.94265;-0.0699572;6.99572
9808;0.000185183;5.94265;-0.0699572;6.99572
9809;0.000185183;5.94265;-0.0699572;6.99572
9810;0.000185183;5.94265;-0.0699572;6.99572
9811;0.000185183;5.94265;-0.0699572;6.99572
9812;0.000185183;5.94265;-0.0699572;6.99572
9813;0.000185183;5.94265;-0.0699572;6.99572
9814;0.000185183;5.94265;-0.0699572;6.99572
9815;0.000185183;5.94265;-0.0699572;6.99572
9816;0.000185183;5.94265;-0.0699572;6.99572
9817;0.000185183;5.94265;-0.0699572;6.99572
9818;0.000185183;5.94265;-0.0699572;6.99572
9819;0.000185183;5.94265;-0.0699572;6.99572
9820;0.000185183;5.94265;-0.0699572;6.99572
9821;0.000185183;5.94265;-0.0699572;6.99572
9822;0.000185183;5.94265;-0.0699572;6.99572
9823;0.000185183;5.94265;-0.0699572;6.99572
9824;0.000185183;5.94265;-0.0699572;6.99572
9825;0.000185183;5.94265;-0.0699572;6.99572
9826;0.000185183;5.94265;-0.0699572;6.99572
9827;0.000185183;5.94265;-0.0699572;6.99572
9828;0.000185183;5.94265;-0.0699572;6.99572
9829;0.000185183;5.94265;-0.0699572;6.99572
9830;0.000185183;5.94265;-0.0699572;6.99572
9831;0.000185183;5.94265;-0.0699572;6.99572
9832;0.000185183;5.94265;-0.0699572;6.99572
9833;0.000185183;5.94265;-0.0699572;6.99572
9834;0.000185183;5.94265;-0.0699572;6.99572
9835;0.000185183;5.94265;-0.0699572;6.99572
9836;0.000185183;5.94265;-0.0699572;6.99572
9837;0.000185183;5.94265;-0.0699572;6.99572
9838;0.000185183;5.94265;-0.0699572;6.99572
9839;0.000185183;5.94265;-0.0699572;6.99572
9840;0.000185183;5.94265;-0.0699572;6.99572
9841;0.000185183;5.94265;-0.0699572;6.99572
9842;0.000185183;5.94265;-0.0699572;6.99572
9843;0.000185183;5.94265;-0.0699572;6.99572
9844;0.000185183;5.94265;-0.0699572;6.99572
9845;0.000185183;5.94265;-0.0699572;6.99572
9846;0.000185183;5.94265;-0.0699572;6.99572
9847;0.000185183;5.94265;-0.0699572;6.99572
9848;0.000185183;5.94265;-0.0699572;6.99572
9849;0.000185183;5.94265;-0.0699572;6.99572
9850;0.000185183;5.94265;-0.0699572;6.99572
9851;0.000185183;5.94265;-0.0699572;6.99572
9852;0.000185183;5.94265;-0.0699572;6.99572
9853;0.000185183;5.94265;-0.0699572;6.99572
9854;0.000185183;5.94265;-0.0699572;6.99572
9855;0.000185183;5.94265;-0.0699572;6.99572
9856;0.000185183;5.94265;-0.0699572;6.99572
9857;0.000185183;5.94265;-0.0699572;6.99572
9858;0.000185183;5.94265;-0.0699572;6.99572
9859;0.000185183;5.94265;-0.0699572;6.99572
9860;0.000185183;5.94265;-0.0699572;6.99572
9861;0.000185183;5.94265;-0.0699572;6.99572
9862;0.000185183;5.94265;-0.0699572;6.99572
9863;0.000185183;5.94265;-0.0699572;6.99572
9864;0.000185183;5.94265;-0.0699572;6.99572
9865;0.000185183;5.94265;-0.0699572;6.99572
9866;0.000185183;5.94265;-0.0699572;6.99572
9867;0.000185183;5.94265;-0.0699572;6.99572
9868;0.000185183;5.94265;-0.0699572;6.99572
9869;0.000185183;5.94265;-0.0699572;6.99572
9870;0.000185183;5.94265;-0.0699572;6.99572
9871;0.000185183;5.94265;-0.0699572;6.99572
9872;0.000185183;5.94265;-0.0699572;6.99572
9873;0.000185183;5.94265;-0.0699572;6.99572
9874;0.000185183;5.94265;-0.0699572;6.99572
9875;0.000185183;5.94265;-0.0699572;6.99572
9876;0.000185183;5.94265;-0.0699572;6.99572
9877;0.000185183;5.94265;-0.0699572;6.99572
9878;0.000185183;5.94265;-0.0699572;6.99572
9879;0.000185183;5.94265;-0.0699572;6.99572
9880;0.000185183;5.94265;-0.0699572;6.99572
9881;0.000185183;5.94265;-0.0699572;6.99572
9882;0.000185183;5.94265;-0.0699572;6.99572
9883;0.000185183;5.94265;-0.0699572;6.99572
9884;0.000185183;5.94265;-0.0699572;6.99572
9885;0.000185183;5.94265;-0.0699572;6.99572
9886;0.000185183;5.94265;-0.0699572;6.99572
9887;0.000185183;5.94265;-0.0699572;6.99572
9888;0.000185183;5.94265;-0.0699572;6.99572
9889;0.000185183;5.94265;-0.0699572;6.99572
9890;0.000185183;5.94265;-0.0699572;6.99572
9891;0.000185183;5.94265;-0.0699572;6.99572
9892;0.000185183;5.94265;-0.0699572;6.99572
9893;0.000185183;5.94265;-0.0699572;6.99572
9894;0.000185183;5.94265;-0.0699572;6.99572
9895;0.000185183;5.94265;-0.0699572;6.99572
9896;0.000185183;5.94265;-0.0699572;6.99572
9897;0.000185183;5.94265;-0.0699572;6.99572
9898;0.000185183;5.94265;-0.0699572;6.99572
9899;0.000185183;5.94265;-0.0699572;6.99572
9900;0.000185183;5.94265;-0.0699572;6.99572
9901;0.000185183;5.94265;-0.0699572;6.99572
9902;0.000185183;5.94265;-0.0699572;6.99572
9903;0.000185183;5.94265;-0.0699572;6.99572
9904;0.000185183;5.94265;-0.0699572;6.99572
9905;0.000185183;5.94265;-0.0699572;6.99572
9906;0.000185183;5.94265;-0.0699572;6.99572
9907;0.000185183;5.94265;-0.0699572;6.99572
9908;0.000185183;5.94265;-0.0699572;6.99572
9909;0.000185183;5.94265;-0.0699572;6.99572
9910;0.000185183;5.94265;-0.0699572;6.99572
9911;0.000185183;5.94265;-0.0699572;6.99572
9912;0.000185183;5.94265;-0.0699572;6.99572
9913;0.000185183;5.94265;-0.0699572;6.99572
9914;0.000185183;5.94265;-0.0699572;6.99572
9915;0.000185183;5.94265;-0.0699572;6.99572
9916;0.000185183;5.94265;-0.0699572;6.99572
9917;0.000185183;5.94265;-0.0699572;6.99572
9918;0.000185183;5.94265;-0.0699572;6.99572
9919;0.000185183;5.94265;-0.0699572;6.99572
9920;0.000185183;5.94265;-0.0699572;6.99572
9921;0.000185183;5.94265;-0.0699572;6.99572
9922;0.000185183;5.94265;-0.0699572;6.99572
9923;0.000185183;5.94265;-0.0699572;6.99572
9924;0.000185183;5.94265;-0.0699572;6.99572
9925;0.000185183;5.94265;-0.0699572;6.99572
9926;0.000185183;5.94265;-0.0699572;6.99572
9927;0.000185183;5.94265;-0.0699572;6.99572
9928;0.000185183;5.94265;-0.0699572;6.99572
9929;0.000185183;5.94265;-0.0699572;6.99572
9930;0.000185183;5.94265;-0.0699572;6.99572
9931;0.000185183;5.94265;-0.0699572;6.99572
9932;0.000185183;5.94265;-0.0699572;6.99572
9933;0.000185183;5.94265;-0.0699572;6.99572
9934;0.000185183;5.94265;-0.0699572;6.99572
9935;0.000185183;5.94265;-0.0699572;6.99572
9936;0.000185183;5.94265;-0.0699572;6.99572
9937;0.000185183;5.94265;-0.0699572;6.99572
9938;0.000185183;5.94265;-0.0699572;6.99572
9939;0.000185183;5.94265;-0.0699572;6.99572
9940;0.000185183;5.94265;-0.0699572;6.99572
9941;0.000185183;5.94265;-0.0699572;6.99572
9942;0.000185183;5.94265;-0.0699572;6.99572
9943;0.000185183;5.94265;-0.0699572;6.99572
9944;0.000185183;5.94265;-0.0699572;6.99572
9945;0.000185183;5.94265;-0.0699572;6.99572
9946;0.000185183;5.94265;-0.0699572;6.99572
9947;0.000185183;5.94265;-0.0699572;6.99572
9948;0.000185183;5.94265;-0.0699572;6.99572
9949;0.000185183;5.94265;-0.0699572;6.99572
9950;0.000185183;5.94265;-0.0699572;6.99572
9951;0.000185183;5.94265;-0.0699572;6.99572
9952;0.000185183;5.94265;-0.0699572;6.99572
9953;0.000185183;5.94265;-0.0699572;6.99572
9954;0.000185183;5.94265;-0.0699572;6.99572
9955;0.000185183;5.94265;-0.0699572;6.99572
9956;0.000185183;5.94265;-0.0699572;6.99572
9957;0.000185183;5.94265;-0.0699572;6.99572
9958;0.000185183;5.94265;-0.0699572;6.99572
9959;0.000185183;5.94265;-0.0699572;6.99572
9960;0.000185183;5.94265;-0.0699572;6.99572
9961;0.000185183;5.94265;-0.0699572;6.99572
9962;0.000185183;5.94265;-0.0699572;6.99572
9963;0.000185183;5.94265;-0.0699572;6.99572
9964;0.000185183;5.94265;-0.0699572;6.99572
9965;0.000185183;5.94265;-0.0699572;6.99572
9966;0.000185183;5.94265;-0.0699572;6.99572
9967;0.000185183;5.94265;-0.0699572;6.99572
9968;0.000185183;5.94265;-0.0699572;6.99572
9969;0.000185183;5.94265;-0.0699572;6.99572
9970;0.000185183;5.94265;-0.0699572;6.99572
9971;0.000185183;5.94265;-0.0699572;6.99572
9972;0.000185183;5.94265;-0.0699572;6.99572
9973;0.000185183;5.94265;-0.0699572;6.99572
9974;0.000185183;5.94265;-0.0699572;6.99572
9975;0.000185183;5.94265;-0.0699572;6.99572
9976;0.000185183;5.94265;-0.0699572;6.99572
9977;0.000185183;5.94265;-0.0699572;6.99572
9978;0.000185183;5.94265;-0.0699572;6.99572
9979;0.000185183;5.94265;-0.0699572;6.99572
9980;0.000185183;5.94265;-0.0699572;6.99572
9981;0.000185183;5.94265;-0.0699572;6.99572
9982;0.000185183;5.94265;-0.0699572;6.99572
9983;0.000185183;5.94265;-0.0699572;6.99572
9984;0.000185183;5.94265;-0.0699572;6.99572
9985;0.000185183;5.94265;-0.0699572;6.99572
9986;0.000185183;5.94265;-0.0699572;6.99572
9987;0.000185183;5.94265;-0.0699572;6.99572
9988;0.000185183;5.94265;-0.0699572;6.99572
9989;0.000185183;5.94265;-0.0699572;6.99572
9990;0.000185183;5.94265;-0.0699572;6.99572
9991;0.000185183;5.94265;-0.0699572;6.99572
9992;0.000185183;5.94265;-0.0699572;6.99572
9993;0.000185183;5.94265;-0.0699572;6.99572
9994;0.000185183;5.94265;-0.0699572;6.99572
9995;0.000185183;5.94265;-0.0699572;6.99572
9996;0.000185183;5.94265;-0.0699572;6.99572
9997;0.000185183;5.94265;-0.0699572;6.99572
9998;0.000185183;5.94265;-0.0699572;6.99572
9999;0.000185183;5.94265;-0.0699572;6.99572
