Epoch;ErrorScore;w1;b1;b2
0;49.9222;-0.274066;0.00702026;0.702026
1;38.1741;0.347965;0.013179;1.3179
2;29.8567;0.899572;0.0186404;1.86404
3;24.2355;1.3966;0.0235615;2.35615
4;19.7947;1.84579;0.0280089;2.80089
5;16.1706;2.25178;0.0320286;3.20286
6;13.2106;2.61873;0.0356618;3.56618
7;10.7943;2.95042;0.0389459;3.89459
8;8.82155;3.25028;0.0419148;4.19148
9;7.21054;3.52137;0.0445989;4.45989
10;5.89451;3.76648;0.0470257;4.70257
11;4.81917;3.98811;0.04922;4.922
12;3.94031;4.18851;0.0512041;5.12041
13;3.22192;4.36972;0.0529983;5.29983
14;2.63463;4.53358;0.0546207;5.46207
15;2.15448;4.68176;0.0560879;5.60879
16;1.76188;4.81576;0.0574146;5.74146
17;1.44087;4.93694;0.0586143;5.86143
18;1.17837;5.04652;0.0596993;5.96993
19;0.963711;5.14562;0.0606805;6.06805
20;0.788173;5.23523;0.0615678;6.15678
21;0.644622;5.31628;0.0623702;6.23702
22;0.527227;5.38957;0.0630959;6.30959
23;0.431221;5.45585;0.0637521;6.37521
24;0.352706;5.51579;0.0643456;6.43456
25;0.288494;5.57;0.0648823;6.48823
26;0.23598;5.61902;0.0653676;6.53676
27;0.193032;5.66335;0.0658065;6.58065
28;0.157907;5.70344;0.0662035;6.62035
29;0.129181;5.7397;0.0665625;6.65625
30;0.105687;5.77249;0.0668871;6.68871
31;0.0864721;5.80214;0.0671807;6.71807
32;0.0707573;5.82896;0.0674462;6.74462
33;0.0579048;5.85321;0.0676864;6.76864
34;0.0473933;5.87514;0.0679035;6.79035
35;0.0387963;5.89498;0.0680999;6.80999
36;0.0317651;5.91292;0.0682775;6.82775
37;0.0260145;5.92914;0.0684381;6.84381
38;0.0213112;5.94381;0.0685834;6.85834
39;0.0174645;5.95708;0.0687147;6.87147
40;0.0143184;5.96907;0.0688335;6.88335
41;0.0117453;5.97993;0.068941;6.8941
42;0.00964074;5.98974;0.0690381;6.90381
43;0.00791949;5.99861;0.069126;6.9126
44;0.0065117;6.00664;0.0692055;6.92055
45;0.00536028;6.0139;0.0692773;6.92773
46;0.00441854;6.02046;0.0693423;6.93423
47;0.00364829;6.0264;0.0694011;6.94011
48;0.00301831;6.03177;0.0694542;6.94542
49;0.00250304;6.03662;0.0695023;6.95023
50;0.0020816;6.04101;0.0695458;6.95458
51;0.0017369;6.04498;0.0695851;6.95851
52;0.00145496;6.04857;0.0696207;6.96207
53;0.00122436;6.05182;0.0696528;6.96528
54;0.00103574;6.05476;0.0696819;6.96819
55;0.000881462;6.05741;0.0697082;6.97082
56;0.000755271;6.05982;0.069732;6.9732
57;0.000652053;6.06199;0.0697535;6.97535
58;0.000567624;6.06395;0.0697729;6.97729
59;0.000498564;6.06573;0.0697905;6.97905
60;0.000442074;6.06734;0.0698064;6.98064
61;0.000395865;6.06879;0.0698208;6.98208
62;0.000358066;6.0701;0.0698338;6.98338
63;0.000327145;6.07129;0.0698456;6.98456
64;0.000301851;6.07237;0.0698562;6.98562
65;0.000281159;6.07334;0.0698659;6.98659
66;0.000264231;6.07422;0.0698746;6.98746
67;0.000250382;6.07501;0.0698824;6.98824
68;0.000239052;6.07573;0.0698896;6.98896
69;0.000229782;6.07638;0.069896;6.9896
70;0.000222198;6.07697;0.0699018;6.99018
71;0.000215992;6.0775;0.0699071;6.99071
72;0.000210915;6.07798;0.0699118;6.99118
73;0.000206759;6.07842;0.0699161;6.99161
74;0.000203359;6.07881;0.06992;6.992
75;0.000200576;6.07917;0.0699236;6.99236
76;0.000198299;6.07949;0.0699268;6.99268
77;0.000196435;6.07978;0.0699296;6.99296
78;0.000194909;6.08004;0.0699322;6.99322
79;0.00019366;6.08028;0.0699346;6.99346
80;0.000192637;6.0805;0.0699367;6.99367
81;0.000191799;6.08069;0.0699386;6.99386
82;0.000191114;6.08087;0.0699404;6.99404
83;0.000190552;6.08103;0.069942;6.9942
84;0.000190092;6.08117;0.0699434;6.99434
85;0.000189715;6.0813;0.0699447;6.99447
86;0.000189406;6.08142;0.0699458;6.99458
87;0.000189153;6.08152;0.0699469;6.99469
88;0.000188945;6.08162;0.0699479;6.99479
89;0.000188775;6.08171;0.0699487;6.99487
90;0.000188636;6.08179;0.0699495;6.99495
91;0.000188521;6.08186;0.0699502;6.99502
92;0.000188427;6.08192;0.0699508;6.99508
93;0.00018835;6.08198;0.0699514;6.99514
94;0.000188287;6.08203;0.0699519;6.99519
95;0.000188235;6.08208;0.0699524;6.99524
96;0.000188192;6.08212;0.0699528;6.99528
97;0.000188157;6.08216;0.0699532;6.99532
98;0.000188128;6.0822;0.0699536;6.99536
99;0.000188104;6.08223;0.0699539;6.99539
100;0.000188084;6.08226;0.0699542;6.99542
101;0.000188068;6.08228;0.0699544;6.99544
102;0.000188055;6.08231;0.0699547;6.99547
103;0.000188044;6.08233;0.0699549;6.99549
104;0.000188035;6.08235;0.0699551;6.99551
105;0.000188027;6.08237;0.0699552;6.99552
106;0.000188021;6.08238;0.0699554;6.99554
107;0.000188016;6.0824;0.0699555;6.99555
108;0.000188011;6.08241;0.0699557;6.99557
109;0.000188008;6.08242;0.0699558;6.99558
110;0.000188005;6.08243;0.0699559;6.99559
111;0.000188002;6.08244;0.069956;6.9956
112;0.000188;6.08245;0.0699561;6.99561
113;0.000187999;6.08246;0.0699561;6.99561
114;0.000187997;6.08246;0.0699562;6.99562
115;0.000187996;6.08247;0.0699563;6.99563
116;0.000187995;6.08248;0.0699563;6.99563
117;0.000187994;6.08248;0.0699564;6.99564
118;0.000187993;6.08249;0.0699564;6.99564
119;0.000187993;6.08249;0.0699565;6.99565
120;0.000187992;6.08249;0.0699565;6.99565
121;0.000187992;6.0825;0.0699565;6.99565
122;0.000187991;6.0825;0.0699566;6.99566
123;0.000187991;6.0825;0.0699566;6.99566
124;0.000187991;6.08251;0.0699566;6.99566
125;0.00018799;6.08251;0.0699566;6.99566
126;0.00018799;6.08251;0.0699567;6.99567
127;0.00018799;6.08251;0.0699567;6.99567
128;0.00018799;6.08251;0.0699567;6.99567
129;0.00018799;6.08252;0.0699567;6.99567
130;0.00018799;6.08252;0.0699567;6.99567
131;0.00018799;6.08252;0.0699567;6.99567
132;0.000187989;6.08252;0.0699568;6.99568
133;0.000187989;6.08252;0.0699568;6.99568
134;0.000187989;6.08252;0.0699568;6.99568
135;0.000187989;6.08252;0.0699568;6.99568
136;0.000187989;6.08252;0.0699568;6.99568
137;0.000187989;6.08252;0.0699568;6.99568
138;0.000187989;6.08253;0.0699568;6.99568
139;0.000187989;6.08253;0.0699568;6.99568
140;0.000187989;6.08253;0.0699568;6.99568
141;0.000187989;6.08253;0.0699568;6.99568
142;0.000187989;6.08253;0.0699568;6.99568
143;0.000187989;6.08253;0.0699568;6.99568
144;0.000187989;6.08253;0.0699568;6.99568
145;0.000187989;6.08253;0.0699568;6.99568
146;0.000187989;6.08253;0.0699568;6.99568
147;0.000187989;6.08253;0.0699568;6.99568
148;0.000187989;6.08253;0.0699568;6.99568
149;0.000187989;6.08253;0.0699568;6.99568
150;0.000187989;6.08253;0.0699568;6.99568
151;0.000187989;6.08253;0.0699569;6.99569
152;0.000187989;6.08253;0.0699569;6.99569
153;0.000187989;6.08253;0.0699569;6.99569
154;0.000187989;6.08253;0.0699569;6.99569
155;0.000187989;6.08253;0.0699569;6.99569
156;0.000187989;6.08253;0.0699569;6.99569
157;0.000187989;6.08253;0.0699569;6.99569
158;0.000187989;6.08253;0.0699569;6.99569
159;0.000187989;6.08253;0.0699569;6.99569
160;0.000187989;6.08253;0.0699569;6.99569
161;0.000187989;6.08253;0.0699569;6.99569
162;0.000187989;6.08253;0.0699569;6.99569
163;0.000187989;6.08253;0.0699569;6.99569
164;0.000187989;6.08253;0.0699569;6.99569
165;0.000187989;6.08253;0.0699569;6.99569
166;0.000187989;6.08253;0.0699569;6.99569
167;0.000187989;6.08253;0.0699569;6.99569
168;0.000187989;6.08253;0.0699569;6.99569
169;0.000187989;6.08253;0.0699569;6.99569
170;0.000187989;6.08253;0.0699569;6.99569
171;0.000187989;6.08253;0.0699569;6.99569
172;0.000187989;6.08253;0.0699569;6.99569
173;0.000187989;6.08253;0.0699569;6.99569
174;0.000187989;6.08253;0.0699569;6.99569
175;0.000187989;6.08253;0.0699569;6.99569
176;0.000187989;6.08253;0.0699569;6.99569
177;0.000187989;6.08253;0.0699569;6.99569
178;0.000187989;6.08253;0.0699569;6.99569
179;0.000187989;6.08253;0.0699569;6.99569
180;0.000187989;6.08253;0.0699569;6.99569
181;0.000187989;6.08253;0.0699569;6.99569
182;0.000187989;6.08253;0.0699569;6.99569
183;0.000187989;6.08253;0.0699569;6.99569
184;0.000187989;6.08253;0.0699569;6.99569
185;0.000187989;6.08253;0.0699569;6.99569
186;0.000187989;6.08253;0.0699569;6.99569
187;0.000187989;6.08253;0.0699569;6.99569
188;0.000187989;6.08253;0.0699569;6.99569
189;0.000187989;6.08253;0.0699569;6.99569
190;0.000187989;6.08253;0.0699569;6.99569
191;0.000187989;6.08253;0.0699569;6.99569
192;0.000187989;6.08253;0.0699569;6.99569
193;0.000187989;6.08253;0.0699569;6.99569
194;0.000187989;6.08253;0.0699569;6.99569
195;0.000187989;6.08253;0.0699569;6.99569
196;0.000187989;6.08253;0.0699569;6.99569
197;0.000187989;6.08253;0.0699569;6.99569
198;0.000187989;6.08253;0.0699569;6.99569
199;0.000187989;6.08253;0.0699569;6.99569
200;0.000187989;6.08253;0.0699569;6.99569
201;0.000187989;6.08253;0.0699569;6.99569
202;0.000187989;6.08253;0.0699569;6.99569
203;0.000187989;6.08253;0.0699569;6.99569
204;0.000187989;6.08253;0.0699569;6.99569
205;0.000187989;6.08253;0.0699569;6.99569
206;0.000187989;6.08253;0.0699569;6.99569
207;0.000187989;6.08253;0.0699569;6.99569
208;0.000187989;6.08253;0.0699569;6.99569
209;0.000187989;6.08253;0.0699569;6.99569
210;0.000187989;6.08253;0.0699569;6.99569
211;0.000187989;6.08253;0.0699569;6.99569
212;0.000187989;6.08253;0.0699569;6.99569
213;0.000187989;6.08253;0.0699569;6.99569
214;0.000187989;6.08253;0.0699569;6.99569
215;0.000187989;6.08253;0.0699569;6.99569
216;0.000187989;6.08253;0.0699569;6.99569
217;0.000187989;6.08253;0.0699569;6.99569
218;0.000187989;6.08253;0.0699569;6.99569
219;0.000187989;6.08253;0.0699569;6.99569
220;0.000187989;6.08253;0.0699569;6.99569
221;0.000187989;6.08253;0.0699569;6.99569
222;0.000187989;6.08253;0.0699569;6.99569
223;0.000187989;6.08253;0.0699569;6.99569
224;0.000187989;6.08253;0.0699569;6.99569
225;0.000187989;6.08253;0.0699569;6.99569
226;0.000187989;6.08253;0.0699569;6.99569
227;0.000187989;6.08253;0.0699569;6.99569
228;0.000187989;6.08253;0.0699569;6.99569
229;0.000187989;6.08253;0.0699569;6.99569
230;0.000187989;6.08253;0.0699569;6.99569
231;0.000187989;6.08253;0.0699569;6.99569
232;0.000187989;6.08253;0.0699569;6.99569
233;0.000187989;6.08253;0.0699569;6.99569
234;0.000187989;6.08253;0.0699569;6.99569
235;0.000187989;6.08253;0.0699569;6.99569
236;0.000187989;6.08253;0.0699569;6.99569
237;0.000187989;6.08253;0.0699569;6.99569
238;0.000187989;6.08253;0.0699569;6.99569
239;0.000187989;6.08253;0.0699569;6.99569
240;0.000187989;6.08253;0.0699569;6.99569
241;0.000187989;6.08253;0.0699569;6.99569
242;0.000187989;6.08253;0.0699569;6.99569
243;0.000187989;6.08253;0.0699569;6.99569
244;0.000187989;6.08253;0.0699569;6.99569
245;0.000187989;6.08253;0.0699569;6.99569
246;0.000187989;6.08253;0.0699569;6.99569
247;0.000187989;6.08253;0.0699569;6.99569
248;0.000187989;6.08253;0.0699569;6.99569
249;0.000187989;6.08253;0.0699569;6.99569
250;0.000187989;6.08253;0.0699569;6.99569
251;0.000187989;6.08253;0.0699569;6.99569
252;0.000187989;6.08253;0.0699569;6.99569
253;0.000187989;6.08253;0.0699569;6.99569
254;0.000187989;6.08253;0.0699569;6.99569
255;0.000187989;6.08253;0.0699569;6.99569
256;0.000187989;6.08253;0.0699569;6.99569
257;0.000187989;6.08253;0.0699569;6.99569
258;0.000187989;6.08253;0.0699569;6.99569
259;0.000187989;6.08253;0.0699569;6.99569
260;0.000187989;6.08253;0.0699569;6.99569
261;0.000187989;6.08253;0.0699569;6.99569
262;0.000187989;6.08253;0.0699569;6.99569
263;0.000187989;6.08253;0.0699569;6.99569
264;0.000187989;6.08253;0.0699569;6.99569
265;0.000187989;6.08253;0.0699569;6.99569
266;0.000187989;6.08253;0.0699569;6.99569
267;0.000187989;6.08253;0.0699569;6.99569
268;0.000187989;6.08253;0.0699569;6.99569
269;0.000187989;6.08253;0.0699569;6.99569
270;0.000187989;6.08253;0.0699569;6.99569
271;0.000187989;6.08253;0.0699569;6.99569
272;0.000187989;6.08253;0.0699569;6.99569
273;0.000187989;6.08253;0.0699569;6.99569
274;0.000187989;6.08253;0.0699569;6.99569
275;0.000187989;6.08253;0.0699569;6.99569
276;0.000187989;6.08253;0.0699569;6.99569
277;0.000187989;6.08253;0.0699569;6.99569
278;0.000187989;6.08253;0.0699569;6.99569
279;0.000187989;6.08253;0.0699569;6.99569
280;0.000187989;6.08253;0.0699569;6.99569
281;0.000187989;6.08253;0.0699569;6.99569
282;0.000187989;6.08253;0.0699569;6.99569
283;0.000187989;6.08253;0.0699569;6.99569
284;0.000187989;6.08253;0.0699569;6.99569
285;0.000187989;6.08253;0.0699569;6.99569
286;0.000187989;6.08253;0.0699569;6.99569
287;0.000187989;6.08253;0.0699569;6.99569
288;0.000187989;6.08253;0.0699569;6.99569
289;0.000187989;6.08253;0.0699569;6.99569
290;0.000187989;6.08253;0.0699569;6.99569
291;0.000187989;6.08253;0.0699569;6.99569
292;0.000187989;6.08253;0.0699569;6.99569
293;0.000187989;6.08253;0.0699569;6.99569
294;0.000187989;6.08253;0.0699569;6.99569
295;0.000187989;6.08253;0.0699569;6.99569
296;0.000187989;6.08253;0.0699569;6.99569
297;0.000187989;6.08253;0.0699569;6.99569
298;0.000187989;6.08253;0.0699569;6.99569
299;0.000187989;6.08253;0.0699569;6.99569
300;0.000187989;6.08253;0.0699569;6.99569
301;0.000187989;6.08253;0.0699569;6.99569
302;0.000187989;6.08253;0.0699569;6.99569
303;0.000187989;6.08253;0.0699569;6.99569
304;0.000187989;6.08253;0.0699569;6.99569
305;0.000187989;6.08253;0.0699569;6.99569
306;0.000187989;6.08253;0.0699569;6.99569
307;0.000187989;6.08253;0.0699569;6.99569
308;0.000187989;6.08253;0.0699569;6.99569
309;0.000187989;6.08253;0.0699569;6.99569
310;0.000187989;6.08253;0.0699569;6.99569
311;0.000187989;6.08253;0.0699569;6.99569
312;0.000187989;6.08253;0.0699569;6.99569
313;0.000187989;6.08253;0.0699569;6.99569
314;0.000187989;6.08253;0.0699569;6.99569
315;0.000187989;6.08253;0.0699569;6.99569
316;0.000187989;6.08253;0.0699569;6.99569
317;0.000187989;6.08253;0.0699569;6.99569
318;0.000187989;6.08253;0.0699569;6.99569
319;0.000187989;6.08253;0.0699569;6.99569
320;0.000187989;6.08253;0.0699569;6.99569
321;0.000187989;6.08253;0.0699569;6.99569
322;0.000187989;6.08253;0.0699569;6.99569
323;0.000187989;6.08253;0.0699569;6.99569
324;0.000187989;6.08253;0.0699569;6.99569
325;0.000187989;6.08253;0.0699569;6.99569
326;0.000187989;6.08253;0.0699569;6.99569
327;0.000187989;6.08253;0.0699569;6.99569
328;0.000187989;6.08253;0.0699569;6.99569
329;0.000187989;6.08253;0.0699569;6.99569
330;0.000187989;6.08253;0.0699569;6.99569
331;0.000187989;6.08253;0.0699569;6.99569
332;0.000187989;6.08253;0.0699569;6.99569
333;0.000187989;6.08253;0.0699569;6.99569
334;0.000187989;6.08253;0.0699569;6.99569
335;0.000187989;6.08253;0.0699569;6.99569
336;0.000187989;6.08253;0.0699569;6.99569
337;0.000187989;6.08253;0.0699569;6.99569
338;0.000187989;6.08253;0.0699569;6.99569
339;0.000187989;6.08253;0.0699569;6.99569
340;0.000187989;6.08253;0.0699569;6.99569
341;0.000187989;6.08253;0.0699569;6.99569
342;0.000187989;6.08253;0.0699569;6.99569
343;0.000187989;6.08253;0.0699569;6.99569
344;0.000187989;6.08253;0.0699569;6.99569
345;0.000187989;6.08253;0.0699569;6.99569
346;0.000187989;6.08253;0.0699569;6.99569
347;0.000187989;6.08253;0.0699569;6.99569
348;0.000187989;6.08253;0.0699569;6.99569
349;0.000187989;6.08253;0.0699569;6.99569
350;0.000187989;6.08253;0.0699569;6.99569
351;0.000187989;6.08253;0.0699569;6.99569
352;0.000187989;6.08253;0.0699569;6.99569
353;0.000187989;6.08253;0.0699569;6.99569
354;0.000187989;6.08253;0.0699569;6.99569
355;0.000187989;6.08253;0.0699569;6.99569
356;0.000187989;6.08253;0.0699569;6.99569
357;0.000187989;6.08253;0.0699569;6.99569
358;0.000187989;6.08253;0.0699569;6.99569
359;0.000187989;6.08253;0.0699569;6.99569
360;0.000187989;6.08253;0.0699569;6.99569
361;0.000187989;6.08253;0.0699569;6.99569
362;0.000187989;6.08253;0.0699569;6.99569
363;0.000187989;6.08253;0.0699569;6.99569
364;0.000187989;6.08253;0.0699569;6.99569
365;0.000187989;6.08253;0.0699569;6.99569
366;0.000187989;6.08253;0.0699569;6.99569
367;0.000187989;6.08253;0.0699569;6.99569
368;0.000187989;6.08253;0.0699569;6.99569
369;0.000187989;6.08253;0.0699569;6.99569
370;0.000187989;6.08253;0.0699569;6.99569
371;0.000187989;6.08253;0.0699569;6.99569
372;0.000187989;6.08253;0.0699569;6.99569
373;0.000187989;6.08253;0.0699569;6.99569
374;0.000187989;6.08253;0.0699569;6.99569
375;0.000187989;6.08253;0.0699569;6.99569
376;0.000187989;6.08253;0.0699569;6.99569
377;0.000187989;6.08253;0.0699569;6.99569
378;0.000187989;6.08253;0.0699569;6.99569
379;0.000187989;6.08253;0.0699569;6.99569
380;0.000187989;6.08253;0.0699569;6.99569
381;0.000187989;6.08253;0.0699569;6.99569
382;0.000187989;6.08253;0.0699569;6.99569
383;0.000187989;6.08253;0.0699569;6.99569
384;0.000187989;6.08253;0.0699569;6.99569
385;0.000187989;6.08253;0.0699569;6.99569
386;0.000187989;6.08253;0.0699569;6.99569
387;0.000187989;6.08253;0.0699569;6.99569
388;0.000187989;6.08253;0.0699569;6.99569
389;0.000187989;6.08253;0.0699569;6.99569
390;0.000187989;6.08253;0.0699569;6.99569
391;0.000187989;6.08253;0.0699569;6.99569
392;0.000187989;6.08253;0.0699569;6.99569
393;0.000187989;6.08253;0.0699569;6.99569
394;0.000187989;6.08253;0.0699569;6.99569
395;0.000187989;6.08253;0.0699569;6.99569
396;0.000187989;6.08253;0.0699569;6.99569
397;0.000187989;6.08253;0.0699569;6.99569
398;0.000187989;6.08253;0.0699569;6.99569
399;0.000187989;6.08253;0.0699569;6.99569
400;0.000187989;6.08253;0.0699569;6.99569
401;0.000187989;6.08253;0.0699569;6.99569
402;0.000187989;6.08253;0.0699569;6.99569
403;0.000187989;6.08253;0.0699569;6.99569
404;0.000187989;6.08253;0.0699569;6.99569
405;0.000187989;6.08253;0.0699569;6.99569
406;0.000187989;6.08253;0.0699569;6.99569
407;0.000187989;6.08253;0.0699569;6.99569
408;0.000187989;6.08253;0.0699569;6.99569
409;0.000187989;6.08253;0.0699569;6.99569
410;0.000187989;6.08253;0.0699569;6.99569
411;0.000187989;6.08253;0.0699569;6.99569
412;0.000187989;6.08253;0.0699569;6.99569
413;0.000187989;6.08253;0.0699569;6.99569
414;0.000187989;6.08253;0.0699569;6.99569
415;0.000187989;6.08253;0.0699569;6.99569
416;0.000187989;6.08253;0.0699569;6.99569
417;0.000187989;6.08253;0.0699569;6.99569
418;0.000187989;6.08253;0.0699569;6.99569
419;0.000187989;6.08253;0.0699569;6.99569
420;0.000187989;6.08253;0.0699569;6.99569
421;0.000187989;6.08253;0.0699569;6.99569
422;0.000187989;6.08253;0.0699569;6.99569
423;0.000187989;6.08253;0.0699569;6.99569
424;0.000187989;6.08253;0.0699569;6.99569
425;0.000187989;6.08253;0.0699569;6.99569
426;0.000187989;6.08253;0.0699569;6.99569
427;0.000187989;6.08253;0.0699569;6.99569
428;0.000187989;6.08253;0.0699569;6.99569
429;0.000187989;6.08253;0.0699569;6.99569
430;0.000187989;6.08253;0.0699569;6.99569
431;0.000187989;6.08253;0.0699569;6.99569
432;0.000187989;6.08253;0.0699569;6.99569
433;0.000187989;6.08253;0.0699569;6.99569
434;0.000187989;6.08253;0.0699569;6.99569
435;0.000187989;6.08253;0.0699569;6.99569
436;0.000187989;6.08253;0.0699569;6.99569
437;0.000187989;6.08253;0.0699569;6.99569
438;0.000187989;6.08253;0.0699569;6.99569
439;0.000187989;6.08253;0.0699569;6.99569
440;0.000187989;6.08253;0.0699569;6.99569
441;0.000187989;6.08253;0.0699569;6.99569
442;0.000187989;6.08253;0.0699569;6.99569
443;0.000187989;6.08253;0.0699569;6.99569
444;0.000187989;6.08253;0.0699569;6.99569
445;0.000187989;6.08253;0.0699569;6.99569
446;0.000187989;6.08253;0.0699569;6.99569
447;0.000187989;6.08253;0.0699569;6.99569
448;0.000187989;6.08253;0.0699569;6.99569
449;0.000187989;6.08253;0.0699569;6.99569
450;0.000187989;6.08253;0.0699569;6.99569
451;0.000187989;6.08253;0.0699569;6.99569
452;0.000187989;6.08253;0.0699569;6.99569
453;0.000187989;6.08253;0.0699569;6.99569
454;0.000187989;6.08253;0.0699569;6.99569
455;0.000187989;6.08253;0.0699569;6.99569
456;0.000187989;6.08253;0.0699569;6.99569
457;0.000187989;6.08253;0.0699569;6.99569
458;0.000187989;6.08253;0.0699569;6.99569
459;0.000187989;6.08253;0.0699569;6.99569
460;0.000187989;6.08253;0.0699569;6.99569
461;0.000187989;6.08253;0.0699569;6.99569
462;0.000187989;6.08253;0.0699569;6.99569
463;0.000187989;6.08253;0.0699569;6.99569
464;0.000187989;6.08253;0.0699569;6.99569
465;0.000187989;6.08253;0.0699569;6.99569
466;0.000187989;6.08253;0.0699569;6.99569
467;0.000187989;6.08253;0.0699569;6.99569
468;0.000187989;6.08253;0.0699569;6.99569
469;0.000187989;6.08253;0.0699569;6.99569
470;0.000187989;6.08253;0.0699569;6.99569
471;0.000187989;6.08253;0.0699569;6.99569
472;0.000187989;6.08253;0.0699569;6.99569
473;0.000187989;6.08253;0.0699569;6.99569
474;0.000187989;6.08253;0.0699569;6.99569
475;0.000187989;6.08253;0.0699569;6.99569
476;0.000187989;6.08253;0.0699569;6.99569
477;0.000187989;6.08253;0.0699569;6.99569
478;0.000187989;6.08253;0.0699569;6.99569
479;0.000187989;6.08253;0.0699569;6.99569
480;0.000187989;6.08253;0.0699569;6.99569
481;0.000187989;6.08253;0.0699569;6.99569
482;0.000187989;6.08253;0.0699569;6.99569
483;0.000187989;6.08253;0.0699569;6.99569
484;0.000187989;6.08253;0.0699569;6.99569
485;0.000187989;6.08253;0.0699569;6.99569
486;0.000187989;6.08253;0.0699569;6.99569
487;0.000187989;6.08253;0.0699569;6.99569
488;0.000187989;6.08253;0.0699569;6.99569
489;0.000187989;6.08253;0.0699569;6.99569
490;0.000187989;6.08253;0.0699569;6.99569
491;0.000187989;6.08253;0.0699569;6.99569
492;0.000187989;6.08253;0.0699569;6.99569
493;0.000187989;6.08253;0.0699569;6.99569
494;0.000187989;6.08253;0.0699569;6.99569
495;0.000187989;6.08253;0.0699569;6.99569
496;0.000187989;6.08253;0.0699569;6.99569
497;0.000187989;6.08253;0.0699569;6.99569
498;0.000187989;6.08253;0.0699569;6.99569
499;0.000187989;6.08253;0.0699569;6.99569
500;0.000187989;6.08253;0.0699569;6.99569
501;0.000187989;6.08253;0.0699569;6.99569
502;0.000187989;6.08253;0.0699569;6.99569
503;0.000187989;6.08253;0.0699569;6.99569
504;0.000187989;6.08253;0.0699569;6.99569
505;0.000187989;6.08253;0.0699569;6.99569
506;0.000187989;6.08253;0.0699569;6.99569
507;0.000187989;6.08253;0.0699569;6.99569
508;0.000187989;6.08253;0.0699569;6.99569
509;0.000187989;6.08253;0.0699569;6.99569
510;0.000187989;6.08253;0.0699569;6.99569
511;0.000187989;6.08253;0.0699569;6.99569
512;0.000187989;6.08253;0.0699569;6.99569
513;0.000187989;6.08253;0.0699569;6.99569
514;0.000187989;6.08253;0.0699569;6.99569
515;0.000187989;6.08253;0.0699569;6.99569
516;0.000187989;6.08253;0.0699569;6.99569
517;0.000187989;6.08253;0.0699569;6.99569
518;0.000187989;6.08253;0.0699569;6.99569
519;0.000187989;6.08253;0.0699569;6.99569
520;0.000187989;6.08253;0.0699569;6.99569
521;0.000187989;6.08253;0.0699569;6.99569
522;0.000187989;6.08253;0.0699569;6.99569
523;0.000187989;6.08253;0.0699569;6.99569
524;0.000187989;6.08253;0.0699569;6.99569
525;0.000187989;6.08253;0.0699569;6.99569
526;0.000187989;6.08253;0.0699569;6.99569
527;0.000187989;6.08253;0.0699569;6.99569
528;0.000187989;6.08253;0.0699569;6.99569
529;0.000187989;6.08253;0.0699569;6.99569
530;0.000187989;6.08253;0.0699569;6.99569
531;0.000187989;6.08253;0.0699569;6.99569
532;0.000187989;6.08253;0.0699569;6.99569
533;0.000187989;6.08253;0.0699569;6.99569
534;0.000187989;6.08253;0.0699569;6.99569
535;0.000187989;6.08253;0.0699569;6.99569
536;0.000187989;6.08253;0.0699569;6.99569
537;0.000187989;6.08253;0.0699569;6.99569
538;0.000187989;6.08253;0.0699569;6.99569
539;0.000187989;6.08253;0.0699569;6.99569
540;0.000187989;6.08253;0.0699569;6.99569
541;0.000187989;6.08253;0.0699569;6.99569
542;0.000187989;6.08253;0.0699569;6.99569
543;0.000187989;6.08253;0.0699569;6.99569
544;0.000187989;6.08253;0.0699569;6.99569
545;0.000187989;6.08253;0.0699569;6.99569
546;0.000187989;6.08253;0.0699569;6.99569
547;0.000187989;6.08253;0.0699569;6.99569
548;0.000187989;6.08253;0.0699569;6.99569
549;0.000187989;6.08253;0.0699569;6.99569
550;0.000187989;6.08253;0.0699569;6.99569
551;0.000187989;6.08253;0.0699569;6.99569
552;0.000187989;6.08253;0.0699569;6.99569
553;0.000187989;6.08253;0.0699569;6.99569
554;0.000187989;6.08253;0.0699569;6.99569
555;0.000187989;6.08253;0.0699569;6.99569
556;0.000187989;6.08253;0.0699569;6.99569
557;0.000187989;6.08253;0.0699569;6.99569
558;0.000187989;6.08253;0.0699569;6.99569
559;0.000187989;6.08253;0.0699569;6.99569
560;0.000187989;6.08253;0.0699569;6.99569
561;0.000187989;6.08253;0.0699569;6.99569
562;0.000187989;6.08253;0.0699569;6.99569
563;0.000187989;6.08253;0.0699569;6.99569
564;0.000187989;6.08253;0.0699569;6.99569
565;0.000187989;6.08253;0.0699569;6.99569
566;0.000187989;6.08253;0.0699569;6.99569
567;0.000187989;6.08253;0.0699569;6.99569
568;0.000187989;6.08253;0.0699569;6.99569
569;0.000187989;6.08253;0.0699569;6.99569
570;0.000187989;6.08253;0.0699569;6.99569
571;0.000187989;6.08253;0.0699569;6.99569
572;0.000187989;6.08253;0.0699569;6.99569
573;0.000187989;6.08253;0.0699569;6.99569
574;0.000187989;6.08253;0.0699569;6.99569
575;0.000187989;6.08253;0.0699569;6.99569
576;0.000187989;6.08253;0.0699569;6.99569
577;0.000187989;6.08253;0.0699569;6.99569
578;0.000187989;6.08253;0.0699569;6.99569
579;0.000187989;6.08253;0.0699569;6.99569
580;0.000187989;6.08253;0.0699569;6.99569
581;0.000187989;6.08253;0.0699569;6.99569
582;0.000187989;6.08253;0.0699569;6.99569
583;0.000187989;6.08253;0.0699569;6.99569
584;0.000187989;6.08253;0.0699569;6.99569
585;0.000187989;6.08253;0.0699569;6.99569
586;0.000187989;6.08253;0.0699569;6.99569
587;0.000187989;6.08253;0.0699569;6.99569
588;0.000187989;6.08253;0.0699569;6.99569
589;0.000187989;6.08253;0.0699569;6.99569
590;0.000187989;6.08253;0.0699569;6.99569
591;0.000187989;6.08253;0.0699569;6.99569
592;0.000187989;6.08253;0.0699569;6.99569
593;0.000187989;6.08253;0.0699569;6.99569
594;0.000187989;6.08253;0.0699569;6.99569
595;0.000187989;6.08253;0.0699569;6.99569
596;0.000187989;6.08253;0.0699569;6.99569
597;0.000187989;6.08253;0.0699569;6.99569
598;0.000187989;6.08253;0.0699569;6.99569
599;0.000187989;6.08253;0.0699569;6.99569
600;0.000187989;6.08253;0.0699569;6.99569
601;0.000187989;6.08253;0.0699569;6.99569
602;0.000187989;6.08253;0.0699569;6.99569
603;0.000187989;6.08253;0.0699569;6.99569
604;0.000187989;6.08253;0.0699569;6.99569
605;0.000187989;6.08253;0.0699569;6.99569
606;0.000187989;6.08253;0.0699569;6.99569
607;0.000187989;6.08253;0.0699569;6.99569
608;0.000187989;6.08253;0.0699569;6.99569
609;0.000187989;6.08253;0.0699569;6.99569
610;0.000187989;6.08253;0.0699569;6.99569
611;0.000187989;6.08253;0.0699569;6.99569
612;0.000187989;6.08253;0.0699569;6.99569
613;0.000187989;6.08253;0.0699569;6.99569
614;0.000187989;6.08253;0.0699569;6.99569
615;0.000187989;6.08253;0.0699569;6.99569
616;0.000187989;6.08253;0.0699569;6.99569
617;0.000187989;6.08253;0.0699569;6.99569
618;0.000187989;6.08253;0.0699569;6.99569
619;0.000187989;6.08253;0.0699569;6.99569
620;0.000187989;6.08253;0.0699569;6.99569
621;0.000187989;6.08253;0.0699569;6.99569
622;0.000187989;6.08253;0.0699569;6.99569
623;0.000187989;6.08253;0.0699569;6.99569
624;0.000187989;6.08253;0.0699569;6.99569
625;0.000187989;6.08253;0.0699569;6.99569
626;0.000187989;6.08253;0.0699569;6.99569
627;0.000187989;6.08253;0.0699569;6.99569
628;0.000187989;6.08253;0.0699569;6.99569
629;0.000187989;6.08253;0.0699569;6.99569
630;0.000187989;6.08253;0.0699569;6.99569
631;0.000187989;6.08253;0.0699569;6.99569
632;0.000187989;6.08253;0.0699569;6.99569
633;0.000187989;6.08253;0.0699569;6.99569
634;0.000187989;6.08253;0.0699569;6.99569
635;0.000187989;6.08253;0.0699569;6.99569
636;0.000187989;6.08253;0.0699569;6.99569
637;0.000187989;6.08253;0.0699569;6.99569
638;0.000187989;6.08253;0.0699569;6.99569
639;0.000187989;6.08253;0.0699569;6.99569
640;0.000187989;6.08253;0.0699569;6.99569
641;0.000187989;6.08253;0.0699569;6.99569
642;0.000187989;6.08253;0.0699569;6.99569
643;0.000187989;6.08253;0.0699569;6.99569
644;0.000187989;6.08253;0.0699569;6.99569
645;0.000187989;6.08253;0.0699569;6.99569
646;0.000187989;6.08253;0.0699569;6.99569
647;0.000187989;6.08253;0.0699569;6.99569
648;0.000187989;6.08253;0.0699569;6.99569
649;0.000187989;6.08253;0.0699569;6.99569
650;0.000187989;6.08253;0.0699569;6.99569
651;0.000187989;6.08253;0.0699569;6.99569
652;0.000187989;6.08253;0.0699569;6.99569
653;0.000187989;6.08253;0.0699569;6.99569
654;0.000187989;6.08253;0.0699569;6.99569
655;0.000187989;6.08253;0.0699569;6.99569
656;0.000187989;6.08253;0.0699569;6.99569
657;0.000187989;6.08253;0.0699569;6.99569
658;0.000187989;6.08253;0.0699569;6.99569
659;0.000187989;6.08253;0.0699569;6.99569
660;0.000187989;6.08253;0.0699569;6.99569
661;0.000187989;6.08253;0.0699569;6.99569
662;0.000187989;6.08253;0.0699569;6.99569
663;0.000187989;6.08253;0.0699569;6.99569
664;0.000187989;6.08253;0.0699569;6.99569
665;0.000187989;6.08253;0.0699569;6.99569
666;0.000187989;6.08253;0.0699569;6.99569
667;0.000187989;6.08253;0.0699569;6.99569
668;0.000187989;6.08253;0.0699569;6.99569
669;0.000187989;6.08253;0.0699569;6.99569
670;0.000187989;6.08253;0.0699569;6.99569
671;0.000187989;6.08253;0.0699569;6.99569
672;0.000187989;6.08253;0.0699569;6.99569
673;0.000187989;6.08253;0.0699569;6.99569
674;0.000187989;6.08253;0.0699569;6.99569
675;0.000187989;6.08253;0.0699569;6.99569
676;0.000187989;6.08253;0.0699569;6.99569
677;0.000187989;6.08253;0.0699569;6.99569
678;0.000187989;6.08253;0.0699569;6.99569
679;0.000187989;6.08253;0.0699569;6.99569
680;0.000187989;6.08253;0.0699569;6.99569
681;0.000187989;6.08253;0.0699569;6.99569
682;0.000187989;6.08253;0.0699569;6.99569
683;0.000187989;6.08253;0.0699569;6.99569
684;0.000187989;6.08253;0.0699569;6.99569
685;0.000187989;6.08253;0.0699569;6.99569
686;0.000187989;6.08253;0.0699569;6.99569
687;0.000187989;6.08253;0.0699569;6.99569
688;0.000187989;6.08253;0.0699569;6.99569
689;0.000187989;6.08253;0.0699569;6.99569
690;0.000187989;6.08253;0.0699569;6.99569
691;0.000187989;6.08253;0.0699569;6.99569
692;0.000187989;6.08253;0.0699569;6.99569
693;0.000187989;6.08253;0.0699569;6.99569
694;0.000187989;6.08253;0.0699569;6.99569
695;0.000187989;6.08253;0.0699569;6.99569
696;0.000187989;6.08253;0.0699569;6.99569
697;0.000187989;6.08253;0.0699569;6.99569
698;0.000187989;6.08253;0.0699569;6.99569
699;0.000187989;6.08253;0.0699569;6.99569
700;0.000187989;6.08253;0.0699569;6.99569
701;0.000187989;6.08253;0.0699569;6.99569
702;0.000187989;6.08253;0.0699569;6.99569
703;0.000187989;6.08253;0.0699569;6.99569
704;0.000187989;6.08253;0.0699569;6.99569
705;0.000187989;6.08253;0.0699569;6.99569
706;0.000187989;6.08253;0.0699569;6.99569
707;0.000187989;6.08253;0.0699569;6.99569
708;0.000187989;6.08253;0.0699569;6.99569
709;0.000187989;6.08253;0.0699569;6.99569
710;0.000187989;6.08253;0.0699569;6.99569
711;0.000187989;6.08253;0.0699569;6.99569
712;0.000187989;6.08253;0.0699569;6.99569
713;0.000187989;6.08253;0.0699569;6.99569
714;0.000187989;6.08253;0.0699569;6.99569
715;0.000187989;6.08253;0.0699569;6.99569
716;0.000187989;6.08253;0.0699569;6.99569
717;0.000187989;6.08253;0.0699569;6.99569
718;0.000187989;6.08253;0.0699569;6.99569
719;0.000187989;6.08253;0.0699569;6.99569
720;0.000187989;6.08253;0.0699569;6.99569
721;0.000187989;6.08253;0.0699569;6.99569
722;0.000187989;6.08253;0.0699569;6.99569
723;0.000187989;6.08253;0.0699569;6.99569
724;0.000187989;6.08253;0.0699569;6.99569
725;0.000187989;6.08253;0.0699569;6.99569
726;0.000187989;6.08253;0.0699569;6.99569
727;0.000187989;6.08253;0.0699569;6.99569
728;0.000187989;6.08253;0.0699569;6.99569
729;0.000187989;6.08253;0.0699569;6.99569
730;0.000187989;6.08253;0.0699569;6.99569
731;0.000187989;6.08253;0.0699569;6.99569
732;0.000187989;6.08253;0.0699569;6.99569
733;0.000187989;6.08253;0.0699569;6.99569
734;0.000187989;6.08253;0.0699569;6.99569
735;0.000187989;6.08253;0.0699569;6.99569
736;0.000187989;6.08253;0.0699569;6.99569
737;0.000187989;6.08253;0.0699569;6.99569
738;0.000187989;6.08253;0.0699569;6.99569
739;0.000187989;6.08253;0.0699569;6.99569
740;0.000187989;6.08253;0.0699569;6.99569
741;0.000187989;6.08253;0.0699569;6.99569
742;0.000187989;6.08253;0.0699569;6.99569
743;0.000187989;6.08253;0.0699569;6.99569
744;0.000187989;6.08253;0.0699569;6.99569
745;0.000187989;6.08253;0.0699569;6.99569
746;0.000187989;6.08253;0.0699569;6.99569
747;0.000187989;6.08253;0.0699569;6.99569
748;0.000187989;6.08253;0.0699569;6.99569
749;0.000187989;6.08253;0.0699569;6.99569
750;0.000187989;6.08253;0.0699569;6.99569
751;0.000187989;6.08253;0.0699569;6.99569
752;0.000187989;6.08253;0.0699569;6.99569
753;0.000187989;6.08253;0.0699569;6.99569
754;0.000187989;6.08253;0.0699569;6.99569
755;0.000187989;6.08253;0.0699569;6.99569
756;0.000187989;6.08253;0.0699569;6.99569
757;0.000187989;6.08253;0.0699569;6.99569
758;0.000187989;6.08253;0.0699569;6.99569
759;0.000187989;6.08253;0.0699569;6.99569
760;0.000187989;6.08253;0.0699569;6.99569
761;0.000187989;6.08253;0.0699569;6.99569
762;0.000187989;6.08253;0.0699569;6.99569
763;0.000187989;6.08253;0.0699569;6.99569
764;0.000187989;6.08253;0.0699569;6.99569
765;0.000187989;6.08253;0.0699569;6.99569
766;0.000187989;6.08253;0.0699569;6.99569
767;0.000187989;6.08253;0.0699569;6.99569
768;0.000187989;6.08253;0.0699569;6.99569
769;0.000187989;6.08253;0.0699569;6.99569
770;0.000187989;6.08253;0.0699569;6.99569
771;0.000187989;6.08253;0.0699569;6.99569
772;0.000187989;6.08253;0.0699569;6.99569
773;0.000187989;6.08253;0.0699569;6.99569
774;0.000187989;6.08253;0.0699569;6.99569
775;0.000187989;6.08253;0.0699569;6.99569
776;0.000187989;6.08253;0.0699569;6.99569
777;0.000187989;6.08253;0.0699569;6.99569
778;0.000187989;6.08253;0.0699569;6.99569
779;0.000187989;6.08253;0.0699569;6.99569
780;0.000187989;6.08253;0.0699569;6.99569
781;0.000187989;6.08253;0.0699569;6.99569
782;0.000187989;6.08253;0.0699569;6.99569
783;0.000187989;6.08253;0.0699569;6.99569
784;0.000187989;6.08253;0.0699569;6.99569
785;0.000187989;6.08253;0.0699569;6.99569
786;0.000187989;6.08253;0.0699569;6.99569
787;0.000187989;6.08253;0.0699569;6.99569
788;0.000187989;6.08253;0.0699569;6.99569
789;0.000187989;6.08253;0.0699569;6.99569
790;0.000187989;6.08253;0.0699569;6.99569
791;0.000187989;6.08253;0.0699569;6.99569
792;0.000187989;6.08253;0.0699569;6.99569
793;0.000187989;6.08253;0.0699569;6.99569
794;0.000187989;6.08253;0.0699569;6.99569
795;0.000187989;6.08253;0.0699569;6.99569
796;0.000187989;6.08253;0.0699569;6.99569
797;0.000187989;6.08253;0.0699569;6.99569
798;0.000187989;6.08253;0.0699569;6.99569
799;0.000187989;6.08253;0.0699569;6.99569
800;0.000187989;6.08253;0.0699569;6.99569
801;0.000187989;6.08253;0.0699569;6.99569
802;0.000187989;6.08253;0.0699569;6.99569
803;0.000187989;6.08253;0.0699569;6.99569
804;0.000187989;6.08253;0.0699569;6.99569
805;0.000187989;6.08253;0.0699569;6.99569
806;0.000187989;6.08253;0.0699569;6.99569
807;0.000187989;6.08253;0.0699569;6.99569
808;0.000187989;6.08253;0.0699569;6.99569
809;0.000187989;6.08253;0.0699569;6.99569
810;0.000187989;6.08253;0.0699569;6.99569
811;0.000187989;6.08253;0.0699569;6.99569
812;0.000187989;6.08253;0.0699569;6.99569
813;0.000187989;6.08253;0.0699569;6.99569
814;0.000187989;6.08253;0.0699569;6.99569
815;0.000187989;6.08253;0.0699569;6.99569
816;0.000187989;6.08253;0.0699569;6.99569
817;0.000187989;6.08253;0.0699569;6.99569
818;0.000187989;6.08253;0.0699569;6.99569
819;0.000187989;6.08253;0.0699569;6.99569
820;0.000187989;6.08253;0.0699569;6.99569
821;0.000187989;6.08253;0.0699569;6.99569
822;0.000187989;6.08253;0.0699569;6.99569
823;0.000187989;6.08253;0.0699569;6.99569
824;0.000187989;6.08253;0.0699569;6.99569
825;0.000187989;6.08253;0.0699569;6.99569
826;0.000187989;6.08253;0.0699569;6.99569
827;0.000187989;6.08253;0.0699569;6.99569
828;0.000187989;6.08253;0.0699569;6.99569
829;0.000187989;6.08253;0.0699569;6.99569
830;0.000187989;6.08253;0.0699569;6.99569
831;0.000187989;6.08253;0.0699569;6.99569
832;0.000187989;6.08253;0.0699569;6.99569
833;0.000187989;6.08253;0.0699569;6.99569
834;0.000187989;6.08253;0.0699569;6.99569
835;0.000187989;6.08253;0.0699569;6.99569
836;0.000187989;6.08253;0.0699569;6.99569
837;0.000187989;6.08253;0.0699569;6.99569
838;0.000187989;6.08253;0.0699569;6.99569
839;0.000187989;6.08253;0.0699569;6.99569
840;0.000187989;6.08253;0.0699569;6.99569
841;0.000187989;6.08253;0.0699569;6.99569
842;0.000187989;6.08253;0.0699569;6.99569
843;0.000187989;6.08253;0.0699569;6.99569
844;0.000187989;6.08253;0.0699569;6.99569
845;0.000187989;6.08253;0.0699569;6.99569
846;0.000187989;6.08253;0.0699569;6.99569
847;0.000187989;6.08253;0.0699569;6.99569
848;0.000187989;6.08253;0.0699569;6.99569
849;0.000187989;6.08253;0.0699569;6.99569
850;0.000187989;6.08253;0.0699569;6.99569
851;0.000187989;6.08253;0.0699569;6.99569
852;0.000187989;6.08253;0.0699569;6.99569
853;0.000187989;6.08253;0.0699569;6.99569
854;0.000187989;6.08253;0.0699569;6.99569
855;0.000187989;6.08253;0.0699569;6.99569
856;0.000187989;6.08253;0.0699569;6.99569
857;0.000187989;6.08253;0.0699569;6.99569
858;0.000187989;6.08253;0.0699569;6.99569
859;0.000187989;6.08253;0.0699569;6.99569
860;0.000187989;6.08253;0.0699569;6.99569
861;0.000187989;6.08253;0.0699569;6.99569
862;0.000187989;6.08253;0.0699569;6.99569
863;0.000187989;6.08253;0.0699569;6.99569
864;0.000187989;6.08253;0.0699569;6.99569
865;0.000187989;6.08253;0.0699569;6.99569
866;0.000187989;6.08253;0.0699569;6.99569
867;0.000187989;6.08253;0.0699569;6.99569
868;0.000187989;6.08253;0.0699569;6.99569
869;0.000187989;6.08253;0.0699569;6.99569
870;0.000187989;6.08253;0.0699569;6.99569
871;0.000187989;6.08253;0.0699569;6.99569
872;0.000187989;6.08253;0.0699569;6.99569
873;0.000187989;6.08253;0.0699569;6.99569
874;0.000187989;6.08253;0.0699569;6.99569
875;0.000187989;6.08253;0.0699569;6.99569
876;0.000187989;6.08253;0.0699569;6.99569
877;0.000187989;6.08253;0.0699569;6.99569
878;0.000187989;6.08253;0.0699569;6.99569
879;0.000187989;6.08253;0.0699569;6.99569
880;0.000187989;6.08253;0.0699569;6.99569
881;0.000187989;6.08253;0.0699569;6.99569
882;0.000187989;6.08253;0.0699569;6.99569
883;0.000187989;6.08253;0.0699569;6.99569
884;0.000187989;6.08253;0.0699569;6.99569
885;0.000187989;6.08253;0.0699569;6.99569
886;0.000187989;6.08253;0.0699569;6.99569
887;0.000187989;6.08253;0.0699569;6.99569
888;0.000187989;6.08253;0.0699569;6.99569
889;0.000187989;6.08253;0.0699569;6.99569
890;0.000187989;6.08253;0.0699569;6.99569
891;0.000187989;6.08253;0.0699569;6.99569
892;0.000187989;6.08253;0.0699569;6.99569
893;0.000187989;6.08253;0.0699569;6.99569
894;0.000187989;6.08253;0.0699569;6.99569
895;0.000187989;6.08253;0.0699569;6.99569
896;0.000187989;6.08253;0.0699569;6.99569
897;0.000187989;6.08253;0.0699569;6.99569
898;0.000187989;6.08253;0.0699569;6.99569
899;0.000187989;6.08253;0.0699569;6.99569
900;0.000187989;6.08253;0.0699569;6.99569
901;0.000187989;6.08253;0.0699569;6.99569
902;0.000187989;6.08253;0.0699569;6.99569
903;0.000187989;6.08253;0.0699569;6.99569
904;0.000187989;6.08253;0.0699569;6.99569
905;0.000187989;6.08253;0.0699569;6.99569
906;0.000187989;6.08253;0.0699569;6.99569
907;0.000187989;6.08253;0.0699569;6.99569
908;0.000187989;6.08253;0.0699569;6.99569
909;0.000187989;6.08253;0.0699569;6.99569
910;0.000187989;6.08253;0.0699569;6.99569
911;0.000187989;6.08253;0.0699569;6.99569
912;0.000187989;6.08253;0.0699569;6.99569
913;0.000187989;6.08253;0.0699569;6.99569
914;0.000187989;6.08253;0.0699569;6.99569
915;0.000187989;6.08253;0.0699569;6.99569
916;0.000187989;6.08253;0.0699569;6.99569
917;0.000187989;6.08253;0.0699569;6.99569
918;0.000187989;6.08253;0.0699569;6.99569
919;0.000187989;6.08253;0.0699569;6.99569
920;0.000187989;6.08253;0.0699569;6.99569
921;0.000187989;6.08253;0.0699569;6.99569
922;0.000187989;6.08253;0.0699569;6.99569
923;0.000187989;6.08253;0.0699569;6.99569
924;0.000187989;6.08253;0.0699569;6.99569
925;0.000187989;6.08253;0.0699569;6.99569
926;0.000187989;6.08253;0.0699569;6.99569
927;0.000187989;6.08253;0.0699569;6.99569
928;0.000187989;6.08253;0.0699569;6.99569
929;0.000187989;6.08253;0.0699569;6.99569
930;0.000187989;6.08253;0.0699569;6.99569
931;0.000187989;6.08253;0.0699569;6.99569
932;0.000187989;6.08253;0.0699569;6.99569
933;0.000187989;6.08253;0.0699569;6.99569
934;0.000187989;6.08253;0.0699569;6.99569
935;0.000187989;6.08253;0.0699569;6.99569
936;0.000187989;6.08253;0.0699569;6.99569
937;0.000187989;6.08253;0.0699569;6.99569
938;0.000187989;6.08253;0.0699569;6.99569
939;0.000187989;6.08253;0.0699569;6.99569
940;0.000187989;6.08253;0.0699569;6.99569
941;0.000187989;6.08253;0.0699569;6.99569
942;0.000187989;6.08253;0.0699569;6.99569
943;0.000187989;6.08253;0.0699569;6.99569
944;0.000187989;6.08253;0.0699569;6.99569
945;0.000187989;6.08253;0.0699569;6.99569
946;0.000187989;6.08253;0.0699569;6.99569
947;0.000187989;6.08253;0.0699569;6.99569
948;0.000187989;6.08253;0.0699569;6.99569
949;0.000187989;6.08253;0.0699569;6.99569
950;0.000187989;6.08253;0.0699569;6.99569
951;0.000187989;6.08253;0.0699569;6.99569
952;0.000187989;6.08253;0.0699569;6.99569
953;0.000187989;6.08253;0.0699569;6.99569
954;0.000187989;6.08253;0.0699569;6.99569
955;0.000187989;6.08253;0.0699569;6.99569
956;0.000187989;6.08253;0.0699569;6.99569
957;0.000187989;6.08253;0.0699569;6.99569
958;0.000187989;6.08253;0.0699569;6.99569
959;0.000187989;6.08253;0.0699569;6.99569
960;0.000187989;6.08253;0.0699569;6.99569
961;0.000187989;6.08253;0.0699569;6.99569
962;0.000187989;6.08253;0.0699569;6.99569
963;0.000187989;6.08253;0.0699569;6.99569
964;0.000187989;6.08253;0.0699569;6.99569
965;0.000187989;6.08253;0.0699569;6.99569
966;0.000187989;6.08253;0.0699569;6.99569
967;0.000187989;6.08253;0.0699569;6.99569
968;0.000187989;6.08253;0.0699569;6.99569
969;0.000187989;6.08253;0.0699569;6.99569
970;0.000187989;6.08253;0.0699569;6.99569
971;0.000187989;6.08253;0.0699569;6.99569
972;0.000187989;6.08253;0.0699569;6.99569
973;0.000187989;6.08253;0.0699569;6.99569
974;0.000187989;6.08253;0.0699569;6.99569
975;0.000187989;6.08253;0.0699569;6.99569
976;0.000187989;6.08253;0.0699569;6.99569
977;0.000187989;6.08253;0.0699569;6.99569
978;0.000187989;6.08253;0.0699569;6.99569
979;0.000187989;6.08253;0.0699569;6.99569
980;0.000187989;6.08253;0.0699569;6.99569
981;0.000187989;6.08253;0.0699569;6.99569
982;0.000187989;6.08253;0.0699569;6.99569
983;0.000187989;6.08253;0.0699569;6.99569
984;0.000187989;6.08253;0.0699569;6.99569
985;0.000187989;6.08253;0.0699569;6.99569
986;0.000187989;6.08253;0.0699569;6.99569
987;0.000187989;6.08253;0.0699569;6.99569
988;0.000187989;6.08253;0.0699569;6.99569
989;0.000187989;6.08253;0.0699569;6.99569
990;0.000187989;6.08253;0.0699569;6.99569
991;0.000187989;6.08253;0.0699569;6.99569
992;0.000187989;6.08253;0.0699569;6.99569
993;0.000187989;6.08253;0.0699569;6.99569
994;0.000187989;6.08253;0.0699569;6.99569
995;0.000187989;6.08253;0.0699569;6.99569
996;0.000187989;6.08253;0.0699569;6.99569
997;0.000187989;6.08253;0.0699569;6.99569
998;0.000187989;6.08253;0.0699569;6.99569
999;0.000187989;6.08253;0.0699569;6.99569
1000;0.000187989;6.08253;0.0699569;6.99569
1001;0.000187989;6.08253;0.0699569;6.99569
1002;0.000187989;6.08253;0.0699569;6.99569
1003;0.000187989;6.08253;0.0699569;6.99569
1004;0.000187989;6.08253;0.0699569;6.99569
1005;0.000187989;6.08253;0.0699569;6.99569
1006;0.000187989;6.08253;0.0699569;6.99569
1007;0.000187989;6.08253;0.0699569;6.99569
1008;0.000187989;6.08253;0.0699569;6.99569
1009;0.000187989;6.08253;0.0699569;6.99569
1010;0.000187989;6.08253;0.0699569;6.99569
1011;0.000187989;6.08253;0.0699569;6.99569
1012;0.000187989;6.08253;0.0699569;6.99569
1013;0.000187989;6.08253;0.0699569;6.99569
1014;0.000187989;6.08253;0.0699569;6.99569
1015;0.000187989;6.08253;0.0699569;6.99569
1016;0.000187989;6.08253;0.0699569;6.99569
1017;0.000187989;6.08253;0.0699569;6.99569
1018;0.000187989;6.08253;0.0699569;6.99569
1019;0.000187989;6.08253;0.0699569;6.99569
1020;0.000187989;6.08253;0.0699569;6.99569
1021;0.000187989;6.08253;0.0699569;6.99569
1022;0.000187989;6.08253;0.0699569;6.99569
1023;0.000187989;6.08253;0.0699569;6.99569
1024;0.000187989;6.08253;0.0699569;6.99569
1025;0.000187989;6.08253;0.0699569;6.99569
1026;0.000187989;6.08253;0.0699569;6.99569
1027;0.000187989;6.08253;0.0699569;6.99569
1028;0.000187989;6.08253;0.0699569;6.99569
1029;0.000187989;6.08253;0.0699569;6.99569
1030;0.000187989;6.08253;0.0699569;6.99569
1031;0.000187989;6.08253;0.0699569;6.99569
1032;0.000187989;6.08253;0.0699569;6.99569
1033;0.000187989;6.08253;0.0699569;6.99569
1034;0.000187989;6.08253;0.0699569;6.99569
1035;0.000187989;6.08253;0.0699569;6.99569
1036;0.000187989;6.08253;0.0699569;6.99569
1037;0.000187989;6.08253;0.0699569;6.99569
1038;0.000187989;6.08253;0.0699569;6.99569
1039;0.000187989;6.08253;0.0699569;6.99569
1040;0.000187989;6.08253;0.0699569;6.99569
1041;0.000187989;6.08253;0.0699569;6.99569
1042;0.000187989;6.08253;0.0699569;6.99569
1043;0.000187989;6.08253;0.0699569;6.99569
1044;0.000187989;6.08253;0.0699569;6.99569
1045;0.000187989;6.08253;0.0699569;6.99569
1046;0.000187989;6.08253;0.0699569;6.99569
1047;0.000187989;6.08253;0.0699569;6.99569
1048;0.000187989;6.08253;0.0699569;6.99569
1049;0.000187989;6.08253;0.0699569;6.99569
1050;0.000187989;6.08253;0.0699569;6.99569
1051;0.000187989;6.08253;0.0699569;6.99569
1052;0.000187989;6.08253;0.0699569;6.99569
1053;0.000187989;6.08253;0.0699569;6.99569
1054;0.000187989;6.08253;0.0699569;6.99569
1055;0.000187989;6.08253;0.0699569;6.99569
1056;0.000187989;6.08253;0.0699569;6.99569
1057;0.000187989;6.08253;0.0699569;6.99569
1058;0.000187989;6.08253;0.0699569;6.99569
1059;0.000187989;6.08253;0.0699569;6.99569
1060;0.000187989;6.08253;0.0699569;6.99569
1061;0.000187989;6.08253;0.0699569;6.99569
1062;0.000187989;6.08253;0.0699569;6.99569
1063;0.000187989;6.08253;0.0699569;6.99569
1064;0.000187989;6.08253;0.0699569;6.99569
1065;0.000187989;6.08253;0.0699569;6.99569
1066;0.000187989;6.08253;0.0699569;6.99569
1067;0.000187989;6.08253;0.0699569;6.99569
1068;0.000187989;6.08253;0.0699569;6.99569
1069;0.000187989;6.08253;0.0699569;6.99569
1070;0.000187989;6.08253;0.0699569;6.99569
1071;0.000187989;6.08253;0.0699569;6.99569
1072;0.000187989;6.08253;0.0699569;6.99569
1073;0.000187989;6.08253;0.0699569;6.99569
1074;0.000187989;6.08253;0.0699569;6.99569
1075;0.000187989;6.08253;0.0699569;6.99569
1076;0.000187989;6.08253;0.0699569;6.99569
1077;0.000187989;6.08253;0.0699569;6.99569
1078;0.000187989;6.08253;0.0699569;6.99569
1079;0.000187989;6.08253;0.0699569;6.99569
1080;0.000187989;6.08253;0.0699569;6.99569
1081;0.000187989;6.08253;0.0699569;6.99569
1082;0.000187989;6.08253;0.0699569;6.99569
1083;0.000187989;6.08253;0.0699569;6.99569
1084;0.000187989;6.08253;0.0699569;6.99569
1085;0.000187989;6.08253;0.0699569;6.99569
1086;0.000187989;6.08253;0.0699569;6.99569
1087;0.000187989;6.08253;0.0699569;6.99569
1088;0.000187989;6.08253;0.0699569;6.99569
1089;0.000187989;6.08253;0.0699569;6.99569
1090;0.000187989;6.08253;0.0699569;6.99569
1091;0.000187989;6.08253;0.0699569;6.99569
1092;0.000187989;6.08253;0.0699569;6.99569
1093;0.000187989;6.08253;0.0699569;6.99569
1094;0.000187989;6.08253;0.0699569;6.99569
1095;0.000187989;6.08253;0.0699569;6.99569
1096;0.000187989;6.08253;0.0699569;6.99569
1097;0.000187989;6.08253;0.0699569;6.99569
1098;0.000187989;6.08253;0.0699569;6.99569
1099;0.000187989;6.08253;0.0699569;6.99569
1100;0.000187989;6.08253;0.0699569;6.99569
1101;0.000187989;6.08253;0.0699569;6.99569
1102;0.000187989;6.08253;0.0699569;6.99569
1103;0.000187989;6.08253;0.0699569;6.99569
1104;0.000187989;6.08253;0.0699569;6.99569
1105;0.000187989;6.08253;0.0699569;6.99569
1106;0.000187989;6.08253;0.0699569;6.99569
1107;0.000187989;6.08253;0.0699569;6.99569
1108;0.000187989;6.08253;0.0699569;6.99569
1109;0.000187989;6.08253;0.0699569;6.99569
1110;0.000187989;6.08253;0.0699569;6.99569
1111;0.000187989;6.08253;0.0699569;6.99569
1112;0.000187989;6.08253;0.0699569;6.99569
1113;0.000187989;6.08253;0.0699569;6.99569
1114;0.000187989;6.08253;0.0699569;6.99569
1115;0.000187989;6.08253;0.0699569;6.99569
1116;0.000187989;6.08253;0.0699569;6.99569
1117;0.000187989;6.08253;0.0699569;6.99569
1118;0.000187989;6.08253;0.0699569;6.99569
1119;0.000187989;6.08253;0.0699569;6.99569
1120;0.000187989;6.08253;0.0699569;6.99569
1121;0.000187989;6.08253;0.0699569;6.99569
1122;0.000187989;6.08253;0.0699569;6.99569
1123;0.000187989;6.08253;0.0699569;6.99569
1124;0.000187989;6.08253;0.0699569;6.99569
1125;0.000187989;6.08253;0.0699569;6.99569
1126;0.000187989;6.08253;0.0699569;6.99569
1127;0.000187989;6.08253;0.0699569;6.99569
1128;0.000187989;6.08253;0.0699569;6.99569
1129;0.000187989;6.08253;0.0699569;6.99569
1130;0.000187989;6.08253;0.0699569;6.99569
1131;0.000187989;6.08253;0.0699569;6.99569
1132;0.000187989;6.08253;0.0699569;6.99569
1133;0.000187989;6.08253;0.0699569;6.99569
1134;0.000187989;6.08253;0.0699569;6.99569
1135;0.000187989;6.08253;0.0699569;6.99569
1136;0.000187989;6.08253;0.0699569;6.99569
1137;0.000187989;6.08253;0.0699569;6.99569
1138;0.000187989;6.08253;0.0699569;6.99569
1139;0.000187989;6.08253;0.0699569;6.99569
1140;0.000187989;6.08253;0.0699569;6.99569
1141;0.000187989;6.08253;0.0699569;6.99569
1142;0.000187989;6.08253;0.0699569;6.99569
1143;0.000187989;6.08253;0.0699569;6.99569
1144;0.000187989;6.08253;0.0699569;6.99569
1145;0.000187989;6.08253;0.0699569;6.99569
1146;0.000187989;6.08253;0.0699569;6.99569
1147;0.000187989;6.08253;0.0699569;6.99569
1148;0.000187989;6.08253;0.0699569;6.99569
1149;0.000187989;6.08253;0.0699569;6.99569
1150;0.000187989;6.08253;0.0699569;6.99569
1151;0.000187989;6.08253;0.0699569;6.99569
1152;0.000187989;6.08253;0.0699569;6.99569
1153;0.000187989;6.08253;0.0699569;6.99569
1154;0.000187989;6.08253;0.0699569;6.99569
1155;0.000187989;6.08253;0.0699569;6.99569
1156;0.000187989;6.08253;0.0699569;6.99569
1157;0.000187989;6.08253;0.0699569;6.99569
1158;0.000187989;6.08253;0.0699569;6.99569
1159;0.000187989;6.08253;0.0699569;6.99569
1160;0.000187989;6.08253;0.0699569;6.99569
1161;0.000187989;6.08253;0.0699569;6.99569
1162;0.000187989;6.08253;0.0699569;6.99569
1163;0.000187989;6.08253;0.0699569;6.99569
1164;0.000187989;6.08253;0.0699569;6.99569
1165;0.000187989;6.08253;0.0699569;6.99569
1166;0.000187989;6.08253;0.0699569;6.99569
1167;0.000187989;6.08253;0.0699569;6.99569
1168;0.000187989;6.08253;0.0699569;6.99569
1169;0.000187989;6.08253;0.0699569;6.99569
1170;0.000187989;6.08253;0.0699569;6.99569
1171;0.000187989;6.08253;0.0699569;6.99569
1172;0.000187989;6.08253;0.0699569;6.99569
1173;0.000187989;6.08253;0.0699569;6.99569
1174;0.000187989;6.08253;0.0699569;6.99569
1175;0.000187989;6.08253;0.0699569;6.99569
1176;0.000187989;6.08253;0.0699569;6.99569
1177;0.000187989;6.08253;0.0699569;6.99569
1178;0.000187989;6.08253;0.0699569;6.99569
1179;0.000187989;6.08253;0.0699569;6.99569
1180;0.000187989;6.08253;0.0699569;6.99569
1181;0.000187989;6.08253;0.0699569;6.99569
1182;0.000187989;6.08253;0.0699569;6.99569
1183;0.000187989;6.08253;0.0699569;6.99569
1184;0.000187989;6.08253;0.0699569;6.99569
1185;0.000187989;6.08253;0.0699569;6.99569
1186;0.000187989;6.08253;0.0699569;6.99569
1187;0.000187989;6.08253;0.0699569;6.99569
1188;0.000187989;6.08253;0.0699569;6.99569
1189;0.000187989;6.08253;0.0699569;6.99569
1190;0.000187989;6.08253;0.0699569;6.99569
1191;0.000187989;6.08253;0.0699569;6.99569
1192;0.000187989;6.08253;0.0699569;6.99569
1193;0.000187989;6.08253;0.0699569;6.99569
1194;0.000187989;6.08253;0.0699569;6.99569
1195;0.000187989;6.08253;0.0699569;6.99569
1196;0.000187989;6.08253;0.0699569;6.99569
1197;0.000187989;6.08253;0.0699569;6.99569
1198;0.000187989;6.08253;0.0699569;6.99569
1199;0.000187989;6.08253;0.0699569;6.99569
1200;0.000187989;6.08253;0.0699569;6.99569
1201;0.000187989;6.08253;0.0699569;6.99569
1202;0.000187989;6.08253;0.0699569;6.99569
1203;0.000187989;6.08253;0.0699569;6.99569
1204;0.000187989;6.08253;0.0699569;6.99569
1205;0.000187989;6.08253;0.0699569;6.99569
1206;0.000187989;6.08253;0.0699569;6.99569
1207;0.000187989;6.08253;0.0699569;6.99569
1208;0.000187989;6.08253;0.0699569;6.99569
1209;0.000187989;6.08253;0.0699569;6.99569
1210;0.000187989;6.08253;0.0699569;6.99569
1211;0.000187989;6.08253;0.0699569;6.99569
1212;0.000187989;6.08253;0.0699569;6.99569
1213;0.000187989;6.08253;0.0699569;6.99569
1214;0.000187989;6.08253;0.0699569;6.99569
1215;0.000187989;6.08253;0.0699569;6.99569
1216;0.000187989;6.08253;0.0699569;6.99569
1217;0.000187989;6.08253;0.0699569;6.99569
1218;0.000187989;6.08253;0.0699569;6.99569
1219;0.000187989;6.08253;0.0699569;6.99569
1220;0.000187989;6.08253;0.0699569;6.99569
1221;0.000187989;6.08253;0.0699569;6.99569
1222;0.000187989;6.08253;0.0699569;6.99569
1223;0.000187989;6.08253;0.0699569;6.99569
1224;0.000187989;6.08253;0.0699569;6.99569
1225;0.000187989;6.08253;0.0699569;6.99569
1226;0.000187989;6.08253;0.0699569;6.99569
1227;0.000187989;6.08253;0.0699569;6.99569
1228;0.000187989;6.08253;0.0699569;6.99569
1229;0.000187989;6.08253;0.0699569;6.99569
1230;0.000187989;6.08253;0.0699569;6.99569
1231;0.000187989;6.08253;0.0699569;6.99569
1232;0.000187989;6.08253;0.0699569;6.99569
1233;0.000187989;6.08253;0.0699569;6.99569
1234;0.000187989;6.08253;0.0699569;6.99569
1235;0.000187989;6.08253;0.0699569;6.99569
1236;0.000187989;6.08253;0.0699569;6.99569
1237;0.000187989;6.08253;0.0699569;6.99569
1238;0.000187989;6.08253;0.0699569;6.99569
1239;0.000187989;6.08253;0.0699569;6.99569
1240;0.000187989;6.08253;0.0699569;6.99569
1241;0.000187989;6.08253;0.0699569;6.99569
1242;0.000187989;6.08253;0.0699569;6.99569
1243;0.000187989;6.08253;0.0699569;6.99569
1244;0.000187989;6.08253;0.0699569;6.99569
1245;0.000187989;6.08253;0.0699569;6.99569
1246;0.000187989;6.08253;0.0699569;6.99569
1247;0.000187989;6.08253;0.0699569;6.99569
1248;0.000187989;6.08253;0.0699569;6.99569
1249;0.000187989;6.08253;0.0699569;6.99569
1250;0.000187989;6.08253;0.0699569;6.99569
1251;0.000187989;6.08253;0.0699569;6.99569
1252;0.000187989;6.08253;0.0699569;6.99569
1253;0.000187989;6.08253;0.0699569;6.99569
1254;0.000187989;6.08253;0.0699569;6.99569
1255;0.000187989;6.08253;0.0699569;6.99569
1256;0.000187989;6.08253;0.0699569;6.99569
1257;0.000187989;6.08253;0.0699569;6.99569
1258;0.000187989;6.08253;0.0699569;6.99569
1259;0.000187989;6.08253;0.0699569;6.99569
1260;0.000187989;6.08253;0.0699569;6.99569
1261;0.000187989;6.08253;0.0699569;6.99569
1262;0.000187989;6.08253;0.0699569;6.99569
1263;0.000187989;6.08253;0.0699569;6.99569
1264;0.000187989;6.08253;0.0699569;6.99569
1265;0.000187989;6.08253;0.0699569;6.99569
1266;0.000187989;6.08253;0.0699569;6.99569
1267;0.000187989;6.08253;0.0699569;6.99569
1268;0.000187989;6.08253;0.0699569;6.99569
1269;0.000187989;6.08253;0.0699569;6.99569
1270;0.000187989;6.08253;0.0699569;6.99569
1271;0.000187989;6.08253;0.0699569;6.99569
1272;0.000187989;6.08253;0.0699569;6.99569
1273;0.000187989;6.08253;0.0699569;6.99569
1274;0.000187989;6.08253;0.0699569;6.99569
1275;0.000187989;6.08253;0.0699569;6.99569
1276;0.000187989;6.08253;0.0699569;6.99569
1277;0.000187989;6.08253;0.0699569;6.99569
1278;0.000187989;6.08253;0.0699569;6.99569
1279;0.000187989;6.08253;0.0699569;6.99569
1280;0.000187989;6.08253;0.0699569;6.99569
1281;0.000187989;6.08253;0.0699569;6.99569
1282;0.000187989;6.08253;0.0699569;6.99569
1283;0.000187989;6.08253;0.0699569;6.99569
1284;0.000187989;6.08253;0.0699569;6.99569
1285;0.000187989;6.08253;0.0699569;6.99569
1286;0.000187989;6.08253;0.0699569;6.99569
1287;0.000187989;6.08253;0.0699569;6.99569
1288;0.000187989;6.08253;0.0699569;6.99569
1289;0.000187989;6.08253;0.0699569;6.99569
1290;0.000187989;6.08253;0.0699569;6.99569
1291;0.000187989;6.08253;0.0699569;6.99569
1292;0.000187989;6.08253;0.0699569;6.99569
1293;0.000187989;6.08253;0.0699569;6.99569
1294;0.000187989;6.08253;0.0699569;6.99569
1295;0.000187989;6.08253;0.0699569;6.99569
1296;0.000187989;6.08253;0.0699569;6.99569
1297;0.000187989;6.08253;0.0699569;6.99569
1298;0.000187989;6.08253;0.0699569;6.99569
1299;0.000187989;6.08253;0.0699569;6.99569
1300;0.000187989;6.08253;0.0699569;6.99569
1301;0.000187989;6.08253;0.0699569;6.99569
1302;0.000187989;6.08253;0.0699569;6.99569
1303;0.000187989;6.08253;0.0699569;6.99569
1304;0.000187989;6.08253;0.0699569;6.99569
1305;0.000187989;6.08253;0.0699569;6.99569
1306;0.000187989;6.08253;0.0699569;6.99569
1307;0.000187989;6.08253;0.0699569;6.99569
1308;0.000187989;6.08253;0.0699569;6.99569
1309;0.000187989;6.08253;0.0699569;6.99569
1310;0.000187989;6.08253;0.0699569;6.99569
1311;0.000187989;6.08253;0.0699569;6.99569
1312;0.000187989;6.08253;0.0699569;6.99569
1313;0.000187989;6.08253;0.0699569;6.99569
1314;0.000187989;6.08253;0.0699569;6.99569
1315;0.000187989;6.08253;0.0699569;6.99569
1316;0.000187989;6.08253;0.0699569;6.99569
1317;0.000187989;6.08253;0.0699569;6.99569
1318;0.000187989;6.08253;0.0699569;6.99569
1319;0.000187989;6.08253;0.0699569;6.99569
1320;0.000187989;6.08253;0.0699569;6.99569
1321;0.000187989;6.08253;0.0699569;6.99569
1322;0.000187989;6.08253;0.0699569;6.99569
1323;0.000187989;6.08253;0.0699569;6.99569
1324;0.000187989;6.08253;0.0699569;6.99569
1325;0.000187989;6.08253;0.0699569;6.99569
1326;0.000187989;6.08253;0.0699569;6.99569
1327;0.000187989;6.08253;0.0699569;6.99569
1328;0.000187989;6.08253;0.0699569;6.99569
1329;0.000187989;6.08253;0.0699569;6.99569
1330;0.000187989;6.08253;0.0699569;6.99569
1331;0.000187989;6.08253;0.0699569;6.99569
1332;0.000187989;6.08253;0.0699569;6.99569
1333;0.000187989;6.08253;0.0699569;6.99569
1334;0.000187989;6.08253;0.0699569;6.99569
1335;0.000187989;6.08253;0.0699569;6.99569
1336;0.000187989;6.08253;0.0699569;6.99569
1337;0.000187989;6.08253;0.0699569;6.99569
1338;0.000187989;6.08253;0.0699569;6.99569
1339;0.000187989;6.08253;0.0699569;6.99569
1340;0.000187989;6.08253;0.0699569;6.99569
1341;0.000187989;6.08253;0.0699569;6.99569
1342;0.000187989;6.08253;0.0699569;6.99569
1343;0.000187989;6.08253;0.0699569;6.99569
1344;0.000187989;6.08253;0.0699569;6.99569
1345;0.000187989;6.08253;0.0699569;6.99569
1346;0.000187989;6.08253;0.0699569;6.99569
1347;0.000187989;6.08253;0.0699569;6.99569
1348;0.000187989;6.08253;0.0699569;6.99569
1349;0.000187989;6.08253;0.0699569;6.99569
1350;0.000187989;6.08253;0.0699569;6.99569
1351;0.000187989;6.08253;0.0699569;6.99569
1352;0.000187989;6.08253;0.0699569;6.99569
1353;0.000187989;6.08253;0.0699569;6.99569
1354;0.000187989;6.08253;0.0699569;6.99569
1355;0.000187989;6.08253;0.0699569;6.99569
1356;0.000187989;6.08253;0.0699569;6.99569
1357;0.000187989;6.08253;0.0699569;6.99569
1358;0.000187989;6.08253;0.0699569;6.99569
1359;0.000187989;6.08253;0.0699569;6.99569
1360;0.000187989;6.08253;0.0699569;6.99569
1361;0.000187989;6.08253;0.0699569;6.99569
1362;0.000187989;6.08253;0.0699569;6.99569
1363;0.000187989;6.08253;0.0699569;6.99569
1364;0.000187989;6.08253;0.0699569;6.99569
1365;0.000187989;6.08253;0.0699569;6.99569
1366;0.000187989;6.08253;0.0699569;6.99569
1367;0.000187989;6.08253;0.0699569;6.99569
1368;0.000187989;6.08253;0.0699569;6.99569
1369;0.000187989;6.08253;0.0699569;6.99569
1370;0.000187989;6.08253;0.0699569;6.99569
1371;0.000187989;6.08253;0.0699569;6.99569
1372;0.000187989;6.08253;0.0699569;6.99569
1373;0.000187989;6.08253;0.0699569;6.99569
1374;0.000187989;6.08253;0.0699569;6.99569
1375;0.000187989;6.08253;0.0699569;6.99569
1376;0.000187989;6.08253;0.0699569;6.99569
1377;0.000187989;6.08253;0.0699569;6.99569
1378;0.000187989;6.08253;0.0699569;6.99569
1379;0.000187989;6.08253;0.0699569;6.99569
1380;0.000187989;6.08253;0.0699569;6.99569
1381;0.000187989;6.08253;0.0699569;6.99569
1382;0.000187989;6.08253;0.0699569;6.99569
1383;0.000187989;6.08253;0.0699569;6.99569
1384;0.000187989;6.08253;0.0699569;6.99569
1385;0.000187989;6.08253;0.0699569;6.99569
1386;0.000187989;6.08253;0.0699569;6.99569
1387;0.000187989;6.08253;0.0699569;6.99569
1388;0.000187989;6.08253;0.0699569;6.99569
1389;0.000187989;6.08253;0.0699569;6.99569
1390;0.000187989;6.08253;0.0699569;6.99569
1391;0.000187989;6.08253;0.0699569;6.99569
1392;0.000187989;6.08253;0.0699569;6.99569
1393;0.000187989;6.08253;0.0699569;6.99569
1394;0.000187989;6.08253;0.0699569;6.99569
1395;0.000187989;6.08253;0.0699569;6.99569
1396;0.000187989;6.08253;0.0699569;6.99569
1397;0.000187989;6.08253;0.0699569;6.99569
1398;0.000187989;6.08253;0.0699569;6.99569
1399;0.000187989;6.08253;0.0699569;6.99569
1400;0.000187989;6.08253;0.0699569;6.99569
1401;0.000187989;6.08253;0.0699569;6.99569
1402;0.000187989;6.08253;0.0699569;6.99569
1403;0.000187989;6.08253;0.0699569;6.99569
1404;0.000187989;6.08253;0.0699569;6.99569
1405;0.000187989;6.08253;0.0699569;6.99569
1406;0.000187989;6.08253;0.0699569;6.99569
1407;0.000187989;6.08253;0.0699569;6.99569
1408;0.000187989;6.08253;0.0699569;6.99569
1409;0.000187989;6.08253;0.0699569;6.99569
1410;0.000187989;6.08253;0.0699569;6.99569
1411;0.000187989;6.08253;0.0699569;6.99569
1412;0.000187989;6.08253;0.0699569;6.99569
1413;0.000187989;6.08253;0.0699569;6.99569
1414;0.000187989;6.08253;0.0699569;6.99569
1415;0.000187989;6.08253;0.0699569;6.99569
1416;0.000187989;6.08253;0.0699569;6.99569
1417;0.000187989;6.08253;0.0699569;6.99569
1418;0.000187989;6.08253;0.0699569;6.99569
1419;0.000187989;6.08253;0.0699569;6.99569
1420;0.000187989;6.08253;0.0699569;6.99569
1421;0.000187989;6.08253;0.0699569;6.99569
1422;0.000187989;6.08253;0.0699569;6.99569
1423;0.000187989;6.08253;0.0699569;6.99569
1424;0.000187989;6.08253;0.0699569;6.99569
1425;0.000187989;6.08253;0.0699569;6.99569
1426;0.000187989;6.08253;0.0699569;6.99569
1427;0.000187989;6.08253;0.0699569;6.99569
1428;0.000187989;6.08253;0.0699569;6.99569
1429;0.000187989;6.08253;0.0699569;6.99569
1430;0.000187989;6.08253;0.0699569;6.99569
1431;0.000187989;6.08253;0.0699569;6.99569
1432;0.000187989;6.08253;0.0699569;6.99569
1433;0.000187989;6.08253;0.0699569;6.99569
1434;0.000187989;6.08253;0.0699569;6.99569
1435;0.000187989;6.08253;0.0699569;6.99569
1436;0.000187989;6.08253;0.0699569;6.99569
1437;0.000187989;6.08253;0.0699569;6.99569
1438;0.000187989;6.08253;0.0699569;6.99569
1439;0.000187989;6.08253;0.0699569;6.99569
1440;0.000187989;6.08253;0.0699569;6.99569
1441;0.000187989;6.08253;0.0699569;6.99569
1442;0.000187989;6.08253;0.0699569;6.99569
1443;0.000187989;6.08253;0.0699569;6.99569
1444;0.000187989;6.08253;0.0699569;6.99569
1445;0.000187989;6.08253;0.0699569;6.99569
1446;0.000187989;6.08253;0.0699569;6.99569
1447;0.000187989;6.08253;0.0699569;6.99569
1448;0.000187989;6.08253;0.0699569;6.99569
1449;0.000187989;6.08253;0.0699569;6.99569
1450;0.000187989;6.08253;0.0699569;6.99569
1451;0.000187989;6.08253;0.0699569;6.99569
1452;0.000187989;6.08253;0.0699569;6.99569
1453;0.000187989;6.08253;0.0699569;6.99569
1454;0.000187989;6.08253;0.0699569;6.99569
1455;0.000187989;6.08253;0.0699569;6.99569
1456;0.000187989;6.08253;0.0699569;6.99569
1457;0.000187989;6.08253;0.0699569;6.99569
1458;0.000187989;6.08253;0.0699569;6.99569
1459;0.000187989;6.08253;0.0699569;6.99569
1460;0.000187989;6.08253;0.0699569;6.99569
1461;0.000187989;6.08253;0.0699569;6.99569
1462;0.000187989;6.08253;0.0699569;6.99569
1463;0.000187989;6.08253;0.0699569;6.99569
1464;0.000187989;6.08253;0.0699569;6.99569
1465;0.000187989;6.08253;0.0699569;6.99569
1466;0.000187989;6.08253;0.0699569;6.99569
1467;0.000187989;6.08253;0.0699569;6.99569
1468;0.000187989;6.08253;0.0699569;6.99569
1469;0.000187989;6.08253;0.0699569;6.99569
1470;0.000187989;6.08253;0.0699569;6.99569
1471;0.000187989;6.08253;0.0699569;6.99569
1472;0.000187989;6.08253;0.0699569;6.99569
1473;0.000187989;6.08253;0.0699569;6.99569
1474;0.000187989;6.08253;0.0699569;6.99569
1475;0.000187989;6.08253;0.0699569;6.99569
1476;0.000187989;6.08253;0.0699569;6.99569
1477;0.000187989;6.08253;0.0699569;6.99569
1478;0.000187989;6.08253;0.0699569;6.99569
1479;0.000187989;6.08253;0.0699569;6.99569
1480;0.000187989;6.08253;0.0699569;6.99569
1481;0.000187989;6.08253;0.0699569;6.99569
1482;0.000187989;6.08253;0.0699569;6.99569
1483;0.000187989;6.08253;0.0699569;6.99569
1484;0.000187989;6.08253;0.0699569;6.99569
1485;0.000187989;6.08253;0.0699569;6.99569
1486;0.000187989;6.08253;0.0699569;6.99569
1487;0.000187989;6.08253;0.0699569;6.99569
1488;0.000187989;6.08253;0.0699569;6.99569
1489;0.000187989;6.08253;0.0699569;6.99569
1490;0.000187989;6.08253;0.0699569;6.99569
1491;0.000187989;6.08253;0.0699569;6.99569
1492;0.000187989;6.08253;0.0699569;6.99569
1493;0.000187989;6.08253;0.0699569;6.99569
1494;0.000187989;6.08253;0.0699569;6.99569
1495;0.000187989;6.08253;0.0699569;6.99569
1496;0.000187989;6.08253;0.0699569;6.99569
1497;0.000187989;6.08253;0.0699569;6.99569
1498;0.000187989;6.08253;0.0699569;6.99569
1499;0.000187989;6.08253;0.0699569;6.99569
1500;0.000187989;6.08253;0.0699569;6.99569
1501;0.000187989;6.08253;0.0699569;6.99569
1502;0.000187989;6.08253;0.0699569;6.99569
1503;0.000187989;6.08253;0.0699569;6.99569
1504;0.000187989;6.08253;0.0699569;6.99569
1505;0.000187989;6.08253;0.0699569;6.99569
1506;0.000187989;6.08253;0.0699569;6.99569
1507;0.000187989;6.08253;0.0699569;6.99569
1508;0.000187989;6.08253;0.0699569;6.99569
1509;0.000187989;6.08253;0.0699569;6.99569
1510;0.000187989;6.08253;0.0699569;6.99569
1511;0.000187989;6.08253;0.0699569;6.99569
1512;0.000187989;6.08253;0.0699569;6.99569
1513;0.000187989;6.08253;0.0699569;6.99569
1514;0.000187989;6.08253;0.0699569;6.99569
1515;0.000187989;6.08253;0.0699569;6.99569
1516;0.000187989;6.08253;0.0699569;6.99569
1517;0.000187989;6.08253;0.0699569;6.99569
1518;0.000187989;6.08253;0.0699569;6.99569
1519;0.000187989;6.08253;0.0699569;6.99569
1520;0.000187989;6.08253;0.0699569;6.99569
1521;0.000187989;6.08253;0.0699569;6.99569
1522;0.000187989;6.08253;0.0699569;6.99569
1523;0.000187989;6.08253;0.0699569;6.99569
1524;0.000187989;6.08253;0.0699569;6.99569
1525;0.000187989;6.08253;0.0699569;6.99569
1526;0.000187989;6.08253;0.0699569;6.99569
1527;0.000187989;6.08253;0.0699569;6.99569
1528;0.000187989;6.08253;0.0699569;6.99569
1529;0.000187989;6.08253;0.0699569;6.99569
1530;0.000187989;6.08253;0.0699569;6.99569
1531;0.000187989;6.08253;0.0699569;6.99569
1532;0.000187989;6.08253;0.0699569;6.99569
1533;0.000187989;6.08253;0.0699569;6.99569
1534;0.000187989;6.08253;0.0699569;6.99569
1535;0.000187989;6.08253;0.0699569;6.99569
1536;0.000187989;6.08253;0.0699569;6.99569
1537;0.000187989;6.08253;0.0699569;6.99569
1538;0.000187989;6.08253;0.0699569;6.99569
1539;0.000187989;6.08253;0.0699569;6.99569
1540;0.000187989;6.08253;0.0699569;6.99569
1541;0.000187989;6.08253;0.0699569;6.99569
1542;0.000187989;6.08253;0.0699569;6.99569
1543;0.000187989;6.08253;0.0699569;6.99569
1544;0.000187989;6.08253;0.0699569;6.99569
1545;0.000187989;6.08253;0.0699569;6.99569
1546;0.000187989;6.08253;0.0699569;6.99569
1547;0.000187989;6.08253;0.0699569;6.99569
1548;0.000187989;6.08253;0.0699569;6.99569
1549;0.000187989;6.08253;0.0699569;6.99569
1550;0.000187989;6.08253;0.0699569;6.99569
1551;0.000187989;6.08253;0.0699569;6.99569
1552;0.000187989;6.08253;0.0699569;6.99569
1553;0.000187989;6.08253;0.0699569;6.99569
1554;0.000187989;6.08253;0.0699569;6.99569
1555;0.000187989;6.08253;0.0699569;6.99569
1556;0.000187989;6.08253;0.0699569;6.99569
1557;0.000187989;6.08253;0.0699569;6.99569
1558;0.000187989;6.08253;0.0699569;6.99569
1559;0.000187989;6.08253;0.0699569;6.99569
1560;0.000187989;6.08253;0.0699569;6.99569
1561;0.000187989;6.08253;0.0699569;6.99569
1562;0.000187989;6.08253;0.0699569;6.99569
1563;0.000187989;6.08253;0.0699569;6.99569
1564;0.000187989;6.08253;0.0699569;6.99569
1565;0.000187989;6.08253;0.0699569;6.99569
1566;0.000187989;6.08253;0.0699569;6.99569
1567;0.000187989;6.08253;0.0699569;6.99569
1568;0.000187989;6.08253;0.0699569;6.99569
1569;0.000187989;6.08253;0.0699569;6.99569
1570;0.000187989;6.08253;0.0699569;6.99569
1571;0.000187989;6.08253;0.0699569;6.99569
1572;0.000187989;6.08253;0.0699569;6.99569
1573;0.000187989;6.08253;0.0699569;6.99569
1574;0.000187989;6.08253;0.0699569;6.99569
1575;0.000187989;6.08253;0.0699569;6.99569
1576;0.000187989;6.08253;0.0699569;6.99569
1577;0.000187989;6.08253;0.0699569;6.99569
1578;0.000187989;6.08253;0.0699569;6.99569
1579;0.000187989;6.08253;0.0699569;6.99569
1580;0.000187989;6.08253;0.0699569;6.99569
1581;0.000187989;6.08253;0.0699569;6.99569
1582;0.000187989;6.08253;0.0699569;6.99569
1583;0.000187989;6.08253;0.0699569;6.99569
1584;0.000187989;6.08253;0.0699569;6.99569
1585;0.000187989;6.08253;0.0699569;6.99569
1586;0.000187989;6.08253;0.0699569;6.99569
1587;0.000187989;6.08253;0.0699569;6.99569
1588;0.000187989;6.08253;0.0699569;6.99569
1589;0.000187989;6.08253;0.0699569;6.99569
1590;0.000187989;6.08253;0.0699569;6.99569
1591;0.000187989;6.08253;0.0699569;6.99569
1592;0.000187989;6.08253;0.0699569;6.99569
1593;0.000187989;6.08253;0.0699569;6.99569
1594;0.000187989;6.08253;0.0699569;6.99569
1595;0.000187989;6.08253;0.0699569;6.99569
1596;0.000187989;6.08253;0.0699569;6.99569
1597;0.000187989;6.08253;0.0699569;6.99569
1598;0.000187989;6.08253;0.0699569;6.99569
1599;0.000187989;6.08253;0.0699569;6.99569
1600;0.000187989;6.08253;0.0699569;6.99569
1601;0.000187989;6.08253;0.0699569;6.99569
1602;0.000187989;6.08253;0.0699569;6.99569
1603;0.000187989;6.08253;0.0699569;6.99569
1604;0.000187989;6.08253;0.0699569;6.99569
1605;0.000187989;6.08253;0.0699569;6.99569
1606;0.000187989;6.08253;0.0699569;6.99569
1607;0.000187989;6.08253;0.0699569;6.99569
1608;0.000187989;6.08253;0.0699569;6.99569
1609;0.000187989;6.08253;0.0699569;6.99569
1610;0.000187989;6.08253;0.0699569;6.99569
1611;0.000187989;6.08253;0.0699569;6.99569
1612;0.000187989;6.08253;0.0699569;6.99569
1613;0.000187989;6.08253;0.0699569;6.99569
1614;0.000187989;6.08253;0.0699569;6.99569
1615;0.000187989;6.08253;0.0699569;6.99569
1616;0.000187989;6.08253;0.0699569;6.99569
1617;0.000187989;6.08253;0.0699569;6.99569
1618;0.000187989;6.08253;0.0699569;6.99569
1619;0.000187989;6.08253;0.0699569;6.99569
1620;0.000187989;6.08253;0.0699569;6.99569
1621;0.000187989;6.08253;0.0699569;6.99569
1622;0.000187989;6.08253;0.0699569;6.99569
1623;0.000187989;6.08253;0.0699569;6.99569
1624;0.000187989;6.08253;0.0699569;6.99569
1625;0.000187989;6.08253;0.0699569;6.99569
1626;0.000187989;6.08253;0.0699569;6.99569
1627;0.000187989;6.08253;0.0699569;6.99569
1628;0.000187989;6.08253;0.0699569;6.99569
1629;0.000187989;6.08253;0.0699569;6.99569
1630;0.000187989;6.08253;0.0699569;6.99569
1631;0.000187989;6.08253;0.0699569;6.99569
1632;0.000187989;6.08253;0.0699569;6.99569
1633;0.000187989;6.08253;0.0699569;6.99569
1634;0.000187989;6.08253;0.0699569;6.99569
1635;0.000187989;6.08253;0.0699569;6.99569
1636;0.000187989;6.08253;0.0699569;6.99569
1637;0.000187989;6.08253;0.0699569;6.99569
1638;0.000187989;6.08253;0.0699569;6.99569
1639;0.000187989;6.08253;0.0699569;6.99569
1640;0.000187989;6.08253;0.0699569;6.99569
1641;0.000187989;6.08253;0.0699569;6.99569
1642;0.000187989;6.08253;0.0699569;6.99569
1643;0.000187989;6.08253;0.0699569;6.99569
1644;0.000187989;6.08253;0.0699569;6.99569
1645;0.000187989;6.08253;0.0699569;6.99569
1646;0.000187989;6.08253;0.0699569;6.99569
1647;0.000187989;6.08253;0.0699569;6.99569
1648;0.000187989;6.08253;0.0699569;6.99569
1649;0.000187989;6.08253;0.0699569;6.99569
1650;0.000187989;6.08253;0.0699569;6.99569
1651;0.000187989;6.08253;0.0699569;6.99569
1652;0.000187989;6.08253;0.0699569;6.99569
1653;0.000187989;6.08253;0.0699569;6.99569
1654;0.000187989;6.08253;0.0699569;6.99569
1655;0.000187989;6.08253;0.0699569;6.99569
1656;0.000187989;6.08253;0.0699569;6.99569
1657;0.000187989;6.08253;0.0699569;6.99569
1658;0.000187989;6.08253;0.0699569;6.99569
1659;0.000187989;6.08253;0.0699569;6.99569
1660;0.000187989;6.08253;0.0699569;6.99569
1661;0.000187989;6.08253;0.0699569;6.99569
1662;0.000187989;6.08253;0.0699569;6.99569
1663;0.000187989;6.08253;0.0699569;6.99569
1664;0.000187989;6.08253;0.0699569;6.99569
1665;0.000187989;6.08253;0.0699569;6.99569
1666;0.000187989;6.08253;0.0699569;6.99569
1667;0.000187989;6.08253;0.0699569;6.99569
1668;0.000187989;6.08253;0.0699569;6.99569
1669;0.000187989;6.08253;0.0699569;6.99569
1670;0.000187989;6.08253;0.0699569;6.99569
1671;0.000187989;6.08253;0.0699569;6.99569
1672;0.000187989;6.08253;0.0699569;6.99569
1673;0.000187989;6.08253;0.0699569;6.99569
1674;0.000187989;6.08253;0.0699569;6.99569
1675;0.000187989;6.08253;0.0699569;6.99569
1676;0.000187989;6.08253;0.0699569;6.99569
1677;0.000187989;6.08253;0.0699569;6.99569
1678;0.000187989;6.08253;0.0699569;6.99569
1679;0.000187989;6.08253;0.0699569;6.99569
1680;0.000187989;6.08253;0.0699569;6.99569
1681;0.000187989;6.08253;0.0699569;6.99569
1682;0.000187989;6.08253;0.0699569;6.99569
1683;0.000187989;6.08253;0.0699569;6.99569
1684;0.000187989;6.08253;0.0699569;6.99569
1685;0.000187989;6.08253;0.0699569;6.99569
1686;0.000187989;6.08253;0.0699569;6.99569
1687;0.000187989;6.08253;0.0699569;6.99569
1688;0.000187989;6.08253;0.0699569;6.99569
1689;0.000187989;6.08253;0.0699569;6.99569
1690;0.000187989;6.08253;0.0699569;6.99569
1691;0.000187989;6.08253;0.0699569;6.99569
1692;0.000187989;6.08253;0.0699569;6.99569
1693;0.000187989;6.08253;0.0699569;6.99569
1694;0.000187989;6.08253;0.0699569;6.99569
1695;0.000187989;6.08253;0.0699569;6.99569
1696;0.000187989;6.08253;0.0699569;6.99569
1697;0.000187989;6.08253;0.0699569;6.99569
1698;0.000187989;6.08253;0.0699569;6.99569
1699;0.000187989;6.08253;0.0699569;6.99569
1700;0.000187989;6.08253;0.0699569;6.99569
1701;0.000187989;6.08253;0.0699569;6.99569
1702;0.000187989;6.08253;0.0699569;6.99569
1703;0.000187989;6.08253;0.0699569;6.99569
1704;0.000187989;6.08253;0.0699569;6.99569
1705;0.000187989;6.08253;0.0699569;6.99569
1706;0.000187989;6.08253;0.0699569;6.99569
1707;0.000187989;6.08253;0.0699569;6.99569
1708;0.000187989;6.08253;0.0699569;6.99569
1709;0.000187989;6.08253;0.0699569;6.99569
1710;0.000187989;6.08253;0.0699569;6.99569
1711;0.000187989;6.08253;0.0699569;6.99569
1712;0.000187989;6.08253;0.0699569;6.99569
1713;0.000187989;6.08253;0.0699569;6.99569
1714;0.000187989;6.08253;0.0699569;6.99569
1715;0.000187989;6.08253;0.0699569;6.99569
1716;0.000187989;6.08253;0.0699569;6.99569
1717;0.000187989;6.08253;0.0699569;6.99569
1718;0.000187989;6.08253;0.0699569;6.99569
1719;0.000187989;6.08253;0.0699569;6.99569
1720;0.000187989;6.08253;0.0699569;6.99569
1721;0.000187989;6.08253;0.0699569;6.99569
1722;0.000187989;6.08253;0.0699569;6.99569
1723;0.000187989;6.08253;0.0699569;6.99569
1724;0.000187989;6.08253;0.0699569;6.99569
1725;0.000187989;6.08253;0.0699569;6.99569
1726;0.000187989;6.08253;0.0699569;6.99569
1727;0.000187989;6.08253;0.0699569;6.99569
1728;0.000187989;6.08253;0.0699569;6.99569
1729;0.000187989;6.08253;0.0699569;6.99569
1730;0.000187989;6.08253;0.0699569;6.99569
1731;0.000187989;6.08253;0.0699569;6.99569
1732;0.000187989;6.08253;0.0699569;6.99569
1733;0.000187989;6.08253;0.0699569;6.99569
1734;0.000187989;6.08253;0.0699569;6.99569
1735;0.000187989;6.08253;0.0699569;6.99569
1736;0.000187989;6.08253;0.0699569;6.99569
1737;0.000187989;6.08253;0.0699569;6.99569
1738;0.000187989;6.08253;0.0699569;6.99569
1739;0.000187989;6.08253;0.0699569;6.99569
1740;0.000187989;6.08253;0.0699569;6.99569
1741;0.000187989;6.08253;0.0699569;6.99569
1742;0.000187989;6.08253;0.0699569;6.99569
1743;0.000187989;6.08253;0.0699569;6.99569
1744;0.000187989;6.08253;0.0699569;6.99569
1745;0.000187989;6.08253;0.0699569;6.99569
1746;0.000187989;6.08253;0.0699569;6.99569
1747;0.000187989;6.08253;0.0699569;6.99569
1748;0.000187989;6.08253;0.0699569;6.99569
1749;0.000187989;6.08253;0.0699569;6.99569
1750;0.000187989;6.08253;0.0699569;6.99569
1751;0.000187989;6.08253;0.0699569;6.99569
1752;0.000187989;6.08253;0.0699569;6.99569
1753;0.000187989;6.08253;0.0699569;6.99569
1754;0.000187989;6.08253;0.0699569;6.99569
1755;0.000187989;6.08253;0.0699569;6.99569
1756;0.000187989;6.08253;0.0699569;6.99569
1757;0.000187989;6.08253;0.0699569;6.99569
1758;0.000187989;6.08253;0.0699569;6.99569
1759;0.000187989;6.08253;0.0699569;6.99569
1760;0.000187989;6.08253;0.0699569;6.99569
1761;0.000187989;6.08253;0.0699569;6.99569
1762;0.000187989;6.08253;0.0699569;6.99569
1763;0.000187989;6.08253;0.0699569;6.99569
1764;0.000187989;6.08253;0.0699569;6.99569
1765;0.000187989;6.08253;0.0699569;6.99569
1766;0.000187989;6.08253;0.0699569;6.99569
1767;0.000187989;6.08253;0.0699569;6.99569
1768;0.000187989;6.08253;0.0699569;6.99569
1769;0.000187989;6.08253;0.0699569;6.99569
1770;0.000187989;6.08253;0.0699569;6.99569
1771;0.000187989;6.08253;0.0699569;6.99569
1772;0.000187989;6.08253;0.0699569;6.99569
1773;0.000187989;6.08253;0.0699569;6.99569
1774;0.000187989;6.08253;0.0699569;6.99569
1775;0.000187989;6.08253;0.0699569;6.99569
1776;0.000187989;6.08253;0.0699569;6.99569
1777;0.000187989;6.08253;0.0699569;6.99569
1778;0.000187989;6.08253;0.0699569;6.99569
1779;0.000187989;6.08253;0.0699569;6.99569
1780;0.000187989;6.08253;0.0699569;6.99569
1781;0.000187989;6.08253;0.0699569;6.99569
1782;0.000187989;6.08253;0.0699569;6.99569
1783;0.000187989;6.08253;0.0699569;6.99569
1784;0.000187989;6.08253;0.0699569;6.99569
1785;0.000187989;6.08253;0.0699569;6.99569
1786;0.000187989;6.08253;0.0699569;6.99569
1787;0.000187989;6.08253;0.0699569;6.99569
1788;0.000187989;6.08253;0.0699569;6.99569
1789;0.000187989;6.08253;0.0699569;6.99569
1790;0.000187989;6.08253;0.0699569;6.99569
1791;0.000187989;6.08253;0.0699569;6.99569
1792;0.000187989;6.08253;0.0699569;6.99569
1793;0.000187989;6.08253;0.0699569;6.99569
1794;0.000187989;6.08253;0.0699569;6.99569
1795;0.000187989;6.08253;0.0699569;6.99569
1796;0.000187989;6.08253;0.0699569;6.99569
1797;0.000187989;6.08253;0.0699569;6.99569
1798;0.000187989;6.08253;0.0699569;6.99569
1799;0.000187989;6.08253;0.0699569;6.99569
1800;0.000187989;6.08253;0.0699569;6.99569
1801;0.000187989;6.08253;0.0699569;6.99569
1802;0.000187989;6.08253;0.0699569;6.99569
1803;0.000187989;6.08253;0.0699569;6.99569
1804;0.000187989;6.08253;0.0699569;6.99569
1805;0.000187989;6.08253;0.0699569;6.99569
1806;0.000187989;6.08253;0.0699569;6.99569
1807;0.000187989;6.08253;0.0699569;6.99569
1808;0.000187989;6.08253;0.0699569;6.99569
1809;0.000187989;6.08253;0.0699569;6.99569
1810;0.000187989;6.08253;0.0699569;6.99569
1811;0.000187989;6.08253;0.0699569;6.99569
1812;0.000187989;6.08253;0.0699569;6.99569
1813;0.000187989;6.08253;0.0699569;6.99569
1814;0.000187989;6.08253;0.0699569;6.99569
1815;0.000187989;6.08253;0.0699569;6.99569
1816;0.000187989;6.08253;0.0699569;6.99569
1817;0.000187989;6.08253;0.0699569;6.99569
1818;0.000187989;6.08253;0.0699569;6.99569
1819;0.000187989;6.08253;0.0699569;6.99569
1820;0.000187989;6.08253;0.0699569;6.99569
1821;0.000187989;6.08253;0.0699569;6.99569
1822;0.000187989;6.08253;0.0699569;6.99569
1823;0.000187989;6.08253;0.0699569;6.99569
1824;0.000187989;6.08253;0.0699569;6.99569
1825;0.000187989;6.08253;0.0699569;6.99569
1826;0.000187989;6.08253;0.0699569;6.99569
1827;0.000187989;6.08253;0.0699569;6.99569
1828;0.000187989;6.08253;0.0699569;6.99569
1829;0.000187989;6.08253;0.0699569;6.99569
1830;0.000187989;6.08253;0.0699569;6.99569
1831;0.000187989;6.08253;0.0699569;6.99569
1832;0.000187989;6.08253;0.0699569;6.99569
1833;0.000187989;6.08253;0.0699569;6.99569
1834;0.000187989;6.08253;0.0699569;6.99569
1835;0.000187989;6.08253;0.0699569;6.99569
1836;0.000187989;6.08253;0.0699569;6.99569
1837;0.000187989;6.08253;0.0699569;6.99569
1838;0.000187989;6.08253;0.0699569;6.99569
1839;0.000187989;6.08253;0.0699569;6.99569
1840;0.000187989;6.08253;0.0699569;6.99569
1841;0.000187989;6.08253;0.0699569;6.99569
1842;0.000187989;6.08253;0.0699569;6.99569
1843;0.000187989;6.08253;0.0699569;6.99569
1844;0.000187989;6.08253;0.0699569;6.99569
1845;0.000187989;6.08253;0.0699569;6.99569
1846;0.000187989;6.08253;0.0699569;6.99569
1847;0.000187989;6.08253;0.0699569;6.99569
1848;0.000187989;6.08253;0.0699569;6.99569
1849;0.000187989;6.08253;0.0699569;6.99569
1850;0.000187989;6.08253;0.0699569;6.99569
1851;0.000187989;6.08253;0.0699569;6.99569
1852;0.000187989;6.08253;0.0699569;6.99569
1853;0.000187989;6.08253;0.0699569;6.99569
1854;0.000187989;6.08253;0.0699569;6.99569
1855;0.000187989;6.08253;0.0699569;6.99569
1856;0.000187989;6.08253;0.0699569;6.99569
1857;0.000187989;6.08253;0.0699569;6.99569
1858;0.000187989;6.08253;0.0699569;6.99569
1859;0.000187989;6.08253;0.0699569;6.99569
1860;0.000187989;6.08253;0.0699569;6.99569
1861;0.000187989;6.08253;0.0699569;6.99569
1862;0.000187989;6.08253;0.0699569;6.99569
1863;0.000187989;6.08253;0.0699569;6.99569
1864;0.000187989;6.08253;0.0699569;6.99569
1865;0.000187989;6.08253;0.0699569;6.99569
1866;0.000187989;6.08253;0.0699569;6.99569
1867;0.000187989;6.08253;0.0699569;6.99569
1868;0.000187989;6.08253;0.0699569;6.99569
1869;0.000187989;6.08253;0.0699569;6.99569
1870;0.000187989;6.08253;0.0699569;6.99569
1871;0.000187989;6.08253;0.0699569;6.99569
1872;0.000187989;6.08253;0.0699569;6.99569
1873;0.000187989;6.08253;0.0699569;6.99569
1874;0.000187989;6.08253;0.0699569;6.99569
1875;0.000187989;6.08253;0.0699569;6.99569
1876;0.000187989;6.08253;0.0699569;6.99569
1877;0.000187989;6.08253;0.0699569;6.99569
1878;0.000187989;6.08253;0.0699569;6.99569
1879;0.000187989;6.08253;0.0699569;6.99569
1880;0.000187989;6.08253;0.0699569;6.99569
1881;0.000187989;6.08253;0.0699569;6.99569
1882;0.000187989;6.08253;0.0699569;6.99569
1883;0.000187989;6.08253;0.0699569;6.99569
1884;0.000187989;6.08253;0.0699569;6.99569
1885;0.000187989;6.08253;0.0699569;6.99569
1886;0.000187989;6.08253;0.0699569;6.99569
1887;0.000187989;6.08253;0.0699569;6.99569
1888;0.000187989;6.08253;0.0699569;6.99569
1889;0.000187989;6.08253;0.0699569;6.99569
1890;0.000187989;6.08253;0.0699569;6.99569
1891;0.000187989;6.08253;0.0699569;6.99569
1892;0.000187989;6.08253;0.0699569;6.99569
1893;0.000187989;6.08253;0.0699569;6.99569
1894;0.000187989;6.08253;0.0699569;6.99569
1895;0.000187989;6.08253;0.0699569;6.99569
1896;0.000187989;6.08253;0.0699569;6.99569
1897;0.000187989;6.08253;0.0699569;6.99569
1898;0.000187989;6.08253;0.0699569;6.99569
1899;0.000187989;6.08253;0.0699569;6.99569
1900;0.000187989;6.08253;0.0699569;6.99569
1901;0.000187989;6.08253;0.0699569;6.99569
1902;0.000187989;6.08253;0.0699569;6.99569
1903;0.000187989;6.08253;0.0699569;6.99569
1904;0.000187989;6.08253;0.0699569;6.99569
1905;0.000187989;6.08253;0.0699569;6.99569
1906;0.000187989;6.08253;0.0699569;6.99569
1907;0.000187989;6.08253;0.0699569;6.99569
1908;0.000187989;6.08253;0.0699569;6.99569
1909;0.000187989;6.08253;0.0699569;6.99569
1910;0.000187989;6.08253;0.0699569;6.99569
1911;0.000187989;6.08253;0.0699569;6.99569
1912;0.000187989;6.08253;0.0699569;6.99569
1913;0.000187989;6.08253;0.0699569;6.99569
1914;0.000187989;6.08253;0.0699569;6.99569
1915;0.000187989;6.08253;0.0699569;6.99569
1916;0.000187989;6.08253;0.0699569;6.99569
1917;0.000187989;6.08253;0.0699569;6.99569
1918;0.000187989;6.08253;0.0699569;6.99569
1919;0.000187989;6.08253;0.0699569;6.99569
1920;0.000187989;6.08253;0.0699569;6.99569
1921;0.000187989;6.08253;0.0699569;6.99569
1922;0.000187989;6.08253;0.0699569;6.99569
1923;0.000187989;6.08253;0.0699569;6.99569
1924;0.000187989;6.08253;0.0699569;6.99569
1925;0.000187989;6.08253;0.0699569;6.99569
1926;0.000187989;6.08253;0.0699569;6.99569
1927;0.000187989;6.08253;0.0699569;6.99569
1928;0.000187989;6.08253;0.0699569;6.99569
1929;0.000187989;6.08253;0.0699569;6.99569
1930;0.000187989;6.08253;0.0699569;6.99569
1931;0.000187989;6.08253;0.0699569;6.99569
1932;0.000187989;6.08253;0.0699569;6.99569
1933;0.000187989;6.08253;0.0699569;6.99569
1934;0.000187989;6.08253;0.0699569;6.99569
1935;0.000187989;6.08253;0.0699569;6.99569
1936;0.000187989;6.08253;0.0699569;6.99569
1937;0.000187989;6.08253;0.0699569;6.99569
1938;0.000187989;6.08253;0.0699569;6.99569
1939;0.000187989;6.08253;0.0699569;6.99569
1940;0.000187989;6.08253;0.0699569;6.99569
1941;0.000187989;6.08253;0.0699569;6.99569
1942;0.000187989;6.08253;0.0699569;6.99569
1943;0.000187989;6.08253;0.0699569;6.99569
1944;0.000187989;6.08253;0.0699569;6.99569
1945;0.000187989;6.08253;0.0699569;6.99569
1946;0.000187989;6.08253;0.0699569;6.99569
1947;0.000187989;6.08253;0.0699569;6.99569
1948;0.000187989;6.08253;0.0699569;6.99569
1949;0.000187989;6.08253;0.0699569;6.99569
1950;0.000187989;6.08253;0.0699569;6.99569
1951;0.000187989;6.08253;0.0699569;6.99569
1952;0.000187989;6.08253;0.0699569;6.99569
1953;0.000187989;6.08253;0.0699569;6.99569
1954;0.000187989;6.08253;0.0699569;6.99569
1955;0.000187989;6.08253;0.0699569;6.99569
1956;0.000187989;6.08253;0.0699569;6.99569
1957;0.000187989;6.08253;0.0699569;6.99569
1958;0.000187989;6.08253;0.0699569;6.99569
1959;0.000187989;6.08253;0.0699569;6.99569
1960;0.000187989;6.08253;0.0699569;6.99569
1961;0.000187989;6.08253;0.0699569;6.99569
1962;0.000187989;6.08253;0.0699569;6.99569
1963;0.000187989;6.08253;0.0699569;6.99569
1964;0.000187989;6.08253;0.0699569;6.99569
1965;0.000187989;6.08253;0.0699569;6.99569
1966;0.000187989;6.08253;0.0699569;6.99569
1967;0.000187989;6.08253;0.0699569;6.99569
1968;0.000187989;6.08253;0.0699569;6.99569
1969;0.000187989;6.08253;0.0699569;6.99569
1970;0.000187989;6.08253;0.0699569;6.99569
1971;0.000187989;6.08253;0.0699569;6.99569
1972;0.000187989;6.08253;0.0699569;6.99569
1973;0.000187989;6.08253;0.0699569;6.99569
1974;0.000187989;6.08253;0.0699569;6.99569
1975;0.000187989;6.08253;0.0699569;6.99569
1976;0.000187989;6.08253;0.0699569;6.99569
1977;0.000187989;6.08253;0.0699569;6.99569
1978;0.000187989;6.08253;0.0699569;6.99569
1979;0.000187989;6.08253;0.0699569;6.99569
1980;0.000187989;6.08253;0.0699569;6.99569
1981;0.000187989;6.08253;0.0699569;6.99569
1982;0.000187989;6.08253;0.0699569;6.99569
1983;0.000187989;6.08253;0.0699569;6.99569
1984;0.000187989;6.08253;0.0699569;6.99569
1985;0.000187989;6.08253;0.0699569;6.99569
1986;0.000187989;6.08253;0.0699569;6.99569
1987;0.000187989;6.08253;0.0699569;6.99569
1988;0.000187989;6.08253;0.0699569;6.99569
1989;0.000187989;6.08253;0.0699569;6.99569
1990;0.000187989;6.08253;0.0699569;6.99569
1991;0.000187989;6.08253;0.0699569;6.99569
1992;0.000187989;6.08253;0.0699569;6.99569
1993;0.000187989;6.08253;0.0699569;6.99569
1994;0.000187989;6.08253;0.0699569;6.99569
1995;0.000187989;6.08253;0.0699569;6.99569
1996;0.000187989;6.08253;0.0699569;6.99569
1997;0.000187989;6.08253;0.0699569;6.99569
1998;0.000187989;6.08253;0.0699569;6.99569
1999;0.000187989;6.08253;0.0699569;6.99569
2000;0.000187989;6.08253;0.0699569;6.99569
2001;0.000187989;6.08253;0.0699569;6.99569
2002;0.000187989;6.08253;0.0699569;6.99569
2003;0.000187989;6.08253;0.0699569;6.99569
2004;0.000187989;6.08253;0.0699569;6.99569
2005;0.000187989;6.08253;0.0699569;6.99569
2006;0.000187989;6.08253;0.0699569;6.99569
2007;0.000187989;6.08253;0.0699569;6.99569
2008;0.000187989;6.08253;0.0699569;6.99569
2009;0.000187989;6.08253;0.0699569;6.99569
2010;0.000187989;6.08253;0.0699569;6.99569
2011;0.000187989;6.08253;0.0699569;6.99569
2012;0.000187989;6.08253;0.0699569;6.99569
2013;0.000187989;6.08253;0.0699569;6.99569
2014;0.000187989;6.08253;0.0699569;6.99569
2015;0.000187989;6.08253;0.0699569;6.99569
2016;0.000187989;6.08253;0.0699569;6.99569
2017;0.000187989;6.08253;0.0699569;6.99569
2018;0.000187989;6.08253;0.0699569;6.99569
2019;0.000187989;6.08253;0.0699569;6.99569
2020;0.000187989;6.08253;0.0699569;6.99569
2021;0.000187989;6.08253;0.0699569;6.99569
2022;0.000187989;6.08253;0.0699569;6.99569
2023;0.000187989;6.08253;0.0699569;6.99569
2024;0.000187989;6.08253;0.0699569;6.99569
2025;0.000187989;6.08253;0.0699569;6.99569
2026;0.000187989;6.08253;0.0699569;6.99569
2027;0.000187989;6.08253;0.0699569;6.99569
2028;0.000187989;6.08253;0.0699569;6.99569
2029;0.000187989;6.08253;0.0699569;6.99569
2030;0.000187989;6.08253;0.0699569;6.99569
2031;0.000187989;6.08253;0.0699569;6.99569
2032;0.000187989;6.08253;0.0699569;6.99569
2033;0.000187989;6.08253;0.0699569;6.99569
2034;0.000187989;6.08253;0.0699569;6.99569
2035;0.000187989;6.08253;0.0699569;6.99569
2036;0.000187989;6.08253;0.0699569;6.99569
2037;0.000187989;6.08253;0.0699569;6.99569
2038;0.000187989;6.08253;0.0699569;6.99569
2039;0.000187989;6.08253;0.0699569;6.99569
2040;0.000187989;6.08253;0.0699569;6.99569
2041;0.000187989;6.08253;0.0699569;6.99569
2042;0.000187989;6.08253;0.0699569;6.99569
2043;0.000187989;6.08253;0.0699569;6.99569
2044;0.000187989;6.08253;0.0699569;6.99569
2045;0.000187989;6.08253;0.0699569;6.99569
2046;0.000187989;6.08253;0.0699569;6.99569
2047;0.000187989;6.08253;0.0699569;6.99569
2048;0.000187989;6.08253;0.0699569;6.99569
2049;0.000187989;6.08253;0.0699569;6.99569
2050;0.000187989;6.08253;0.0699569;6.99569
2051;0.000187989;6.08253;0.0699569;6.99569
2052;0.000187989;6.08253;0.0699569;6.99569
2053;0.000187989;6.08253;0.0699569;6.99569
2054;0.000187989;6.08253;0.0699569;6.99569
2055;0.000187989;6.08253;0.0699569;6.99569
2056;0.000187989;6.08253;0.0699569;6.99569
2057;0.000187989;6.08253;0.0699569;6.99569
2058;0.000187989;6.08253;0.0699569;6.99569
2059;0.000187989;6.08253;0.0699569;6.99569
2060;0.000187989;6.08253;0.0699569;6.99569
2061;0.000187989;6.08253;0.0699569;6.99569
2062;0.000187989;6.08253;0.0699569;6.99569
2063;0.000187989;6.08253;0.0699569;6.99569
2064;0.000187989;6.08253;0.0699569;6.99569
2065;0.000187989;6.08253;0.0699569;6.99569
2066;0.000187989;6.08253;0.0699569;6.99569
2067;0.000187989;6.08253;0.0699569;6.99569
2068;0.000187989;6.08253;0.0699569;6.99569
2069;0.000187989;6.08253;0.0699569;6.99569
2070;0.000187989;6.08253;0.0699569;6.99569
2071;0.000187989;6.08253;0.0699569;6.99569
2072;0.000187989;6.08253;0.0699569;6.99569
2073;0.000187989;6.08253;0.0699569;6.99569
2074;0.000187989;6.08253;0.0699569;6.99569
2075;0.000187989;6.08253;0.0699569;6.99569
2076;0.000187989;6.08253;0.0699569;6.99569
2077;0.000187989;6.08253;0.0699569;6.99569
2078;0.000187989;6.08253;0.0699569;6.99569
2079;0.000187989;6.08253;0.0699569;6.99569
2080;0.000187989;6.08253;0.0699569;6.99569
2081;0.000187989;6.08253;0.0699569;6.99569
2082;0.000187989;6.08253;0.0699569;6.99569
2083;0.000187989;6.08253;0.0699569;6.99569
2084;0.000187989;6.08253;0.0699569;6.99569
2085;0.000187989;6.08253;0.0699569;6.99569
2086;0.000187989;6.08253;0.0699569;6.99569
2087;0.000187989;6.08253;0.0699569;6.99569
2088;0.000187989;6.08253;0.0699569;6.99569
2089;0.000187989;6.08253;0.0699569;6.99569
2090;0.000187989;6.08253;0.0699569;6.99569
2091;0.000187989;6.08253;0.0699569;6.99569
2092;0.000187989;6.08253;0.0699569;6.99569
2093;0.000187989;6.08253;0.0699569;6.99569
2094;0.000187989;6.08253;0.0699569;6.99569
2095;0.000187989;6.08253;0.0699569;6.99569
2096;0.000187989;6.08253;0.0699569;6.99569
2097;0.000187989;6.08253;0.0699569;6.99569
2098;0.000187989;6.08253;0.0699569;6.99569
2099;0.000187989;6.08253;0.0699569;6.99569
2100;0.000187989;6.08253;0.0699569;6.99569
2101;0.000187989;6.08253;0.0699569;6.99569
2102;0.000187989;6.08253;0.0699569;6.99569
2103;0.000187989;6.08253;0.0699569;6.99569
2104;0.000187989;6.08253;0.0699569;6.99569
2105;0.000187989;6.08253;0.0699569;6.99569
2106;0.000187989;6.08253;0.0699569;6.99569
2107;0.000187989;6.08253;0.0699569;6.99569
2108;0.000187989;6.08253;0.0699569;6.99569
2109;0.000187989;6.08253;0.0699569;6.99569
2110;0.000187989;6.08253;0.0699569;6.99569
2111;0.000187989;6.08253;0.0699569;6.99569
2112;0.000187989;6.08253;0.0699569;6.99569
2113;0.000187989;6.08253;0.0699569;6.99569
2114;0.000187989;6.08253;0.0699569;6.99569
2115;0.000187989;6.08253;0.0699569;6.99569
2116;0.000187989;6.08253;0.0699569;6.99569
2117;0.000187989;6.08253;0.0699569;6.99569
2118;0.000187989;6.08253;0.0699569;6.99569
2119;0.000187989;6.08253;0.0699569;6.99569
2120;0.000187989;6.08253;0.0699569;6.99569
2121;0.000187989;6.08253;0.0699569;6.99569
2122;0.000187989;6.08253;0.0699569;6.99569
2123;0.000187989;6.08253;0.0699569;6.99569
2124;0.000187989;6.08253;0.0699569;6.99569
2125;0.000187989;6.08253;0.0699569;6.99569
2126;0.000187989;6.08253;0.0699569;6.99569
2127;0.000187989;6.08253;0.0699569;6.99569
2128;0.000187989;6.08253;0.0699569;6.99569
2129;0.000187989;6.08253;0.0699569;6.99569
2130;0.000187989;6.08253;0.0699569;6.99569
2131;0.000187989;6.08253;0.0699569;6.99569
2132;0.000187989;6.08253;0.0699569;6.99569
2133;0.000187989;6.08253;0.0699569;6.99569
2134;0.000187989;6.08253;0.0699569;6.99569
2135;0.000187989;6.08253;0.0699569;6.99569
2136;0.000187989;6.08253;0.0699569;6.99569
2137;0.000187989;6.08253;0.0699569;6.99569
2138;0.000187989;6.08253;0.0699569;6.99569
2139;0.000187989;6.08253;0.0699569;6.99569
2140;0.000187989;6.08253;0.0699569;6.99569
2141;0.000187989;6.08253;0.0699569;6.99569
2142;0.000187989;6.08253;0.0699569;6.99569
2143;0.000187989;6.08253;0.0699569;6.99569
2144;0.000187989;6.08253;0.0699569;6.99569
2145;0.000187989;6.08253;0.0699569;6.99569
2146;0.000187989;6.08253;0.0699569;6.99569
2147;0.000187989;6.08253;0.0699569;6.99569
2148;0.000187989;6.08253;0.0699569;6.99569
2149;0.000187989;6.08253;0.0699569;6.99569
2150;0.000187989;6.08253;0.0699569;6.99569
2151;0.000187989;6.08253;0.0699569;6.99569
2152;0.000187989;6.08253;0.0699569;6.99569
2153;0.000187989;6.08253;0.0699569;6.99569
2154;0.000187989;6.08253;0.0699569;6.99569
2155;0.000187989;6.08253;0.0699569;6.99569
2156;0.000187989;6.08253;0.0699569;6.99569
2157;0.000187989;6.08253;0.0699569;6.99569
2158;0.000187989;6.08253;0.0699569;6.99569
2159;0.000187989;6.08253;0.0699569;6.99569
2160;0.000187989;6.08253;0.0699569;6.99569
2161;0.000187989;6.08253;0.0699569;6.99569
2162;0.000187989;6.08253;0.0699569;6.99569
2163;0.000187989;6.08253;0.0699569;6.99569
2164;0.000187989;6.08253;0.0699569;6.99569
2165;0.000187989;6.08253;0.0699569;6.99569
2166;0.000187989;6.08253;0.0699569;6.99569
2167;0.000187989;6.08253;0.0699569;6.99569
2168;0.000187989;6.08253;0.0699569;6.99569
2169;0.000187989;6.08253;0.0699569;6.99569
2170;0.000187989;6.08253;0.0699569;6.99569
2171;0.000187989;6.08253;0.0699569;6.99569
2172;0.000187989;6.08253;0.0699569;6.99569
2173;0.000187989;6.08253;0.0699569;6.99569
2174;0.000187989;6.08253;0.0699569;6.99569
2175;0.000187989;6.08253;0.0699569;6.99569
2176;0.000187989;6.08253;0.0699569;6.99569
2177;0.000187989;6.08253;0.0699569;6.99569
2178;0.000187989;6.08253;0.0699569;6.99569
2179;0.000187989;6.08253;0.0699569;6.99569
2180;0.000187989;6.08253;0.0699569;6.99569
2181;0.000187989;6.08253;0.0699569;6.99569
2182;0.000187989;6.08253;0.0699569;6.99569
2183;0.000187989;6.08253;0.0699569;6.99569
2184;0.000187989;6.08253;0.0699569;6.99569
2185;0.000187989;6.08253;0.0699569;6.99569
2186;0.000187989;6.08253;0.0699569;6.99569
2187;0.000187989;6.08253;0.0699569;6.99569
2188;0.000187989;6.08253;0.0699569;6.99569
2189;0.000187989;6.08253;0.0699569;6.99569
2190;0.000187989;6.08253;0.0699569;6.99569
2191;0.000187989;6.08253;0.0699569;6.99569
2192;0.000187989;6.08253;0.0699569;6.99569
2193;0.000187989;6.08253;0.0699569;6.99569
2194;0.000187989;6.08253;0.0699569;6.99569
2195;0.000187989;6.08253;0.0699569;6.99569
2196;0.000187989;6.08253;0.0699569;6.99569
2197;0.000187989;6.08253;0.0699569;6.99569
2198;0.000187989;6.08253;0.0699569;6.99569
2199;0.000187989;6.08253;0.0699569;6.99569
2200;0.000187989;6.08253;0.0699569;6.99569
2201;0.000187989;6.08253;0.0699569;6.99569
2202;0.000187989;6.08253;0.0699569;6.99569
2203;0.000187989;6.08253;0.0699569;6.99569
2204;0.000187989;6.08253;0.0699569;6.99569
2205;0.000187989;6.08253;0.0699569;6.99569
2206;0.000187989;6.08253;0.0699569;6.99569
2207;0.000187989;6.08253;0.0699569;6.99569
2208;0.000187989;6.08253;0.0699569;6.99569
2209;0.000187989;6.08253;0.0699569;6.99569
2210;0.000187989;6.08253;0.0699569;6.99569
2211;0.000187989;6.08253;0.0699569;6.99569
2212;0.000187989;6.08253;0.0699569;6.99569
2213;0.000187989;6.08253;0.0699569;6.99569
2214;0.000187989;6.08253;0.0699569;6.99569
2215;0.000187989;6.08253;0.0699569;6.99569
2216;0.000187989;6.08253;0.0699569;6.99569
2217;0.000187989;6.08253;0.0699569;6.99569
2218;0.000187989;6.08253;0.0699569;6.99569
2219;0.000187989;6.08253;0.0699569;6.99569
2220;0.000187989;6.08253;0.0699569;6.99569
2221;0.000187989;6.08253;0.0699569;6.99569
2222;0.000187989;6.08253;0.0699569;6.99569
2223;0.000187989;6.08253;0.0699569;6.99569
2224;0.000187989;6.08253;0.0699569;6.99569
2225;0.000187989;6.08253;0.0699569;6.99569
2226;0.000187989;6.08253;0.0699569;6.99569
2227;0.000187989;6.08253;0.0699569;6.99569
2228;0.000187989;6.08253;0.0699569;6.99569
2229;0.000187989;6.08253;0.0699569;6.99569
2230;0.000187989;6.08253;0.0699569;6.99569
2231;0.000187989;6.08253;0.0699569;6.99569
2232;0.000187989;6.08253;0.0699569;6.99569
2233;0.000187989;6.08253;0.0699569;6.99569
2234;0.000187989;6.08253;0.0699569;6.99569
2235;0.000187989;6.08253;0.0699569;6.99569
2236;0.000187989;6.08253;0.0699569;6.99569
2237;0.000187989;6.08253;0.0699569;6.99569
2238;0.000187989;6.08253;0.0699569;6.99569
2239;0.000187989;6.08253;0.0699569;6.99569
2240;0.000187989;6.08253;0.0699569;6.99569
2241;0.000187989;6.08253;0.0699569;6.99569
2242;0.000187989;6.08253;0.0699569;6.99569
2243;0.000187989;6.08253;0.0699569;6.99569
2244;0.000187989;6.08253;0.0699569;6.99569
2245;0.000187989;6.08253;0.0699569;6.99569
2246;0.000187989;6.08253;0.0699569;6.99569
2247;0.000187989;6.08253;0.0699569;6.99569
2248;0.000187989;6.08253;0.0699569;6.99569
2249;0.000187989;6.08253;0.0699569;6.99569
2250;0.000187989;6.08253;0.0699569;6.99569
2251;0.000187989;6.08253;0.0699569;6.99569
2252;0.000187989;6.08253;0.0699569;6.99569
2253;0.000187989;6.08253;0.0699569;6.99569
2254;0.000187989;6.08253;0.0699569;6.99569
2255;0.000187989;6.08253;0.0699569;6.99569
2256;0.000187989;6.08253;0.0699569;6.99569
2257;0.000187989;6.08253;0.0699569;6.99569
2258;0.000187989;6.08253;0.0699569;6.99569
2259;0.000187989;6.08253;0.0699569;6.99569
2260;0.000187989;6.08253;0.0699569;6.99569
2261;0.000187989;6.08253;0.0699569;6.99569
2262;0.000187989;6.08253;0.0699569;6.99569
2263;0.000187989;6.08253;0.0699569;6.99569
2264;0.000187989;6.08253;0.0699569;6.99569
2265;0.000187989;6.08253;0.0699569;6.99569
2266;0.000187989;6.08253;0.0699569;6.99569
2267;0.000187989;6.08253;0.0699569;6.99569
2268;0.000187989;6.08253;0.0699569;6.99569
2269;0.000187989;6.08253;0.0699569;6.99569
2270;0.000187989;6.08253;0.0699569;6.99569
2271;0.000187989;6.08253;0.0699569;6.99569
2272;0.000187989;6.08253;0.0699569;6.99569
2273;0.000187989;6.08253;0.0699569;6.99569
2274;0.000187989;6.08253;0.0699569;6.99569
2275;0.000187989;6.08253;0.0699569;6.99569
2276;0.000187989;6.08253;0.0699569;6.99569
2277;0.000187989;6.08253;0.0699569;6.99569
2278;0.000187989;6.08253;0.0699569;6.99569
2279;0.000187989;6.08253;0.0699569;6.99569
2280;0.000187989;6.08253;0.0699569;6.99569
2281;0.000187989;6.08253;0.0699569;6.99569
2282;0.000187989;6.08253;0.0699569;6.99569
2283;0.000187989;6.08253;0.0699569;6.99569
2284;0.000187989;6.08253;0.0699569;6.99569
2285;0.000187989;6.08253;0.0699569;6.99569
2286;0.000187989;6.08253;0.0699569;6.99569
2287;0.000187989;6.08253;0.0699569;6.99569
2288;0.000187989;6.08253;0.0699569;6.99569
2289;0.000187989;6.08253;0.0699569;6.99569
2290;0.000187989;6.08253;0.0699569;6.99569
2291;0.000187989;6.08253;0.0699569;6.99569
2292;0.000187989;6.08253;0.0699569;6.99569
2293;0.000187989;6.08253;0.0699569;6.99569
2294;0.000187989;6.08253;0.0699569;6.99569
2295;0.000187989;6.08253;0.0699569;6.99569
2296;0.000187989;6.08253;0.0699569;6.99569
2297;0.000187989;6.08253;0.0699569;6.99569
2298;0.000187989;6.08253;0.0699569;6.99569
2299;0.000187989;6.08253;0.0699569;6.99569
2300;0.000187989;6.08253;0.0699569;6.99569
2301;0.000187989;6.08253;0.0699569;6.99569
2302;0.000187989;6.08253;0.0699569;6.99569
2303;0.000187989;6.08253;0.0699569;6.99569
2304;0.000187989;6.08253;0.0699569;6.99569
2305;0.000187989;6.08253;0.0699569;6.99569
2306;0.000187989;6.08253;0.0699569;6.99569
2307;0.000187989;6.08253;0.0699569;6.99569
2308;0.000187989;6.08253;0.0699569;6.99569
2309;0.000187989;6.08253;0.0699569;6.99569
2310;0.000187989;6.08253;0.0699569;6.99569
2311;0.000187989;6.08253;0.0699569;6.99569
2312;0.000187989;6.08253;0.0699569;6.99569
2313;0.000187989;6.08253;0.0699569;6.99569
2314;0.000187989;6.08253;0.0699569;6.99569
2315;0.000187989;6.08253;0.0699569;6.99569
2316;0.000187989;6.08253;0.0699569;6.99569
2317;0.000187989;6.08253;0.0699569;6.99569
2318;0.000187989;6.08253;0.0699569;6.99569
2319;0.000187989;6.08253;0.0699569;6.99569
2320;0.000187989;6.08253;0.0699569;6.99569
2321;0.000187989;6.08253;0.0699569;6.99569
2322;0.000187989;6.08253;0.0699569;6.99569
2323;0.000187989;6.08253;0.0699569;6.99569
2324;0.000187989;6.08253;0.0699569;6.99569
2325;0.000187989;6.08253;0.0699569;6.99569
2326;0.000187989;6.08253;0.0699569;6.99569
2327;0.000187989;6.08253;0.0699569;6.99569
2328;0.000187989;6.08253;0.0699569;6.99569
2329;0.000187989;6.08253;0.0699569;6.99569
2330;0.000187989;6.08253;0.0699569;6.99569
2331;0.000187989;6.08253;0.0699569;6.99569
2332;0.000187989;6.08253;0.0699569;6.99569
2333;0.000187989;6.08253;0.0699569;6.99569
2334;0.000187989;6.08253;0.0699569;6.99569
2335;0.000187989;6.08253;0.0699569;6.99569
2336;0.000187989;6.08253;0.0699569;6.99569
2337;0.000187989;6.08253;0.0699569;6.99569
2338;0.000187989;6.08253;0.0699569;6.99569
2339;0.000187989;6.08253;0.0699569;6.99569
2340;0.000187989;6.08253;0.0699569;6.99569
2341;0.000187989;6.08253;0.0699569;6.99569
2342;0.000187989;6.08253;0.0699569;6.99569
2343;0.000187989;6.08253;0.0699569;6.99569
2344;0.000187989;6.08253;0.0699569;6.99569
2345;0.000187989;6.08253;0.0699569;6.99569
2346;0.000187989;6.08253;0.0699569;6.99569
2347;0.000187989;6.08253;0.0699569;6.99569
2348;0.000187989;6.08253;0.0699569;6.99569
2349;0.000187989;6.08253;0.0699569;6.99569
2350;0.000187989;6.08253;0.0699569;6.99569
2351;0.000187989;6.08253;0.0699569;6.99569
2352;0.000187989;6.08253;0.0699569;6.99569
2353;0.000187989;6.08253;0.0699569;6.99569
2354;0.000187989;6.08253;0.0699569;6.99569
2355;0.000187989;6.08253;0.0699569;6.99569
2356;0.000187989;6.08253;0.0699569;6.99569
2357;0.000187989;6.08253;0.0699569;6.99569
2358;0.000187989;6.08253;0.0699569;6.99569
2359;0.000187989;6.08253;0.0699569;6.99569
2360;0.000187989;6.08253;0.0699569;6.99569
2361;0.000187989;6.08253;0.0699569;6.99569
2362;0.000187989;6.08253;0.0699569;6.99569
2363;0.000187989;6.08253;0.0699569;6.99569
2364;0.000187989;6.08253;0.0699569;6.99569
2365;0.000187989;6.08253;0.0699569;6.99569
2366;0.000187989;6.08253;0.0699569;6.99569
2367;0.000187989;6.08253;0.0699569;6.99569
2368;0.000187989;6.08253;0.0699569;6.99569
2369;0.000187989;6.08253;0.0699569;6.99569
2370;0.000187989;6.08253;0.0699569;6.99569
2371;0.000187989;6.08253;0.0699569;6.99569
2372;0.000187989;6.08253;0.0699569;6.99569
2373;0.000187989;6.08253;0.0699569;6.99569
2374;0.000187989;6.08253;0.0699569;6.99569
2375;0.000187989;6.08253;0.0699569;6.99569
2376;0.000187989;6.08253;0.0699569;6.99569
2377;0.000187989;6.08253;0.0699569;6.99569
2378;0.000187989;6.08253;0.0699569;6.99569
2379;0.000187989;6.08253;0.0699569;6.99569
2380;0.000187989;6.08253;0.0699569;6.99569
2381;0.000187989;6.08253;0.0699569;6.99569
2382;0.000187989;6.08253;0.0699569;6.99569
2383;0.000187989;6.08253;0.0699569;6.99569
2384;0.000187989;6.08253;0.0699569;6.99569
2385;0.000187989;6.08253;0.0699569;6.99569
2386;0.000187989;6.08253;0.0699569;6.99569
2387;0.000187989;6.08253;0.0699569;6.99569
2388;0.000187989;6.08253;0.0699569;6.99569
2389;0.000187989;6.08253;0.0699569;6.99569
2390;0.000187989;6.08253;0.0699569;6.99569
2391;0.000187989;6.08253;0.0699569;6.99569
2392;0.000187989;6.08253;0.0699569;6.99569
2393;0.000187989;6.08253;0.0699569;6.99569
2394;0.000187989;6.08253;0.0699569;6.99569
2395;0.000187989;6.08253;0.0699569;6.99569
2396;0.000187989;6.08253;0.0699569;6.99569
2397;0.000187989;6.08253;0.0699569;6.99569
2398;0.000187989;6.08253;0.0699569;6.99569
2399;0.000187989;6.08253;0.0699569;6.99569
2400;0.000187989;6.08253;0.0699569;6.99569
2401;0.000187989;6.08253;0.0699569;6.99569
2402;0.000187989;6.08253;0.0699569;6.99569
2403;0.000187989;6.08253;0.0699569;6.99569
2404;0.000187989;6.08253;0.0699569;6.99569
2405;0.000187989;6.08253;0.0699569;6.99569
2406;0.000187989;6.08253;0.0699569;6.99569
2407;0.000187989;6.08253;0.0699569;6.99569
2408;0.000187989;6.08253;0.0699569;6.99569
2409;0.000187989;6.08253;0.0699569;6.99569
2410;0.000187989;6.08253;0.0699569;6.99569
2411;0.000187989;6.08253;0.0699569;6.99569
2412;0.000187989;6.08253;0.0699569;6.99569
2413;0.000187989;6.08253;0.0699569;6.99569
2414;0.000187989;6.08253;0.0699569;6.99569
2415;0.000187989;6.08253;0.0699569;6.99569
2416;0.000187989;6.08253;0.0699569;6.99569
2417;0.000187989;6.08253;0.0699569;6.99569
2418;0.000187989;6.08253;0.0699569;6.99569
2419;0.000187989;6.08253;0.0699569;6.99569
2420;0.000187989;6.08253;0.0699569;6.99569
2421;0.000187989;6.08253;0.0699569;6.99569
2422;0.000187989;6.08253;0.0699569;6.99569
2423;0.000187989;6.08253;0.0699569;6.99569
2424;0.000187989;6.08253;0.0699569;6.99569
2425;0.000187989;6.08253;0.0699569;6.99569
2426;0.000187989;6.08253;0.0699569;6.99569
2427;0.000187989;6.08253;0.0699569;6.99569
2428;0.000187989;6.08253;0.0699569;6.99569
2429;0.000187989;6.08253;0.0699569;6.99569
2430;0.000187989;6.08253;0.0699569;6.99569
2431;0.000187989;6.08253;0.0699569;6.99569
2432;0.000187989;6.08253;0.0699569;6.99569
2433;0.000187989;6.08253;0.0699569;6.99569
2434;0.000187989;6.08253;0.0699569;6.99569
2435;0.000187989;6.08253;0.0699569;6.99569
2436;0.000187989;6.08253;0.0699569;6.99569
2437;0.000187989;6.08253;0.0699569;6.99569
2438;0.000187989;6.08253;0.0699569;6.99569
2439;0.000187989;6.08253;0.0699569;6.99569
2440;0.000187989;6.08253;0.0699569;6.99569
2441;0.000187989;6.08253;0.0699569;6.99569
2442;0.000187989;6.08253;0.0699569;6.99569
2443;0.000187989;6.08253;0.0699569;6.99569
2444;0.000187989;6.08253;0.0699569;6.99569
2445;0.000187989;6.08253;0.0699569;6.99569
2446;0.000187989;6.08253;0.0699569;6.99569
2447;0.000187989;6.08253;0.0699569;6.99569
2448;0.000187989;6.08253;0.0699569;6.99569
2449;0.000187989;6.08253;0.0699569;6.99569
2450;0.000187989;6.08253;0.0699569;6.99569
2451;0.000187989;6.08253;0.0699569;6.99569
2452;0.000187989;6.08253;0.0699569;6.99569
2453;0.000187989;6.08253;0.0699569;6.99569
2454;0.000187989;6.08253;0.0699569;6.99569
2455;0.000187989;6.08253;0.0699569;6.99569
2456;0.000187989;6.08253;0.0699569;6.99569
2457;0.000187989;6.08253;0.0699569;6.99569
2458;0.000187989;6.08253;0.0699569;6.99569
2459;0.000187989;6.08253;0.0699569;6.99569
2460;0.000187989;6.08253;0.0699569;6.99569
2461;0.000187989;6.08253;0.0699569;6.99569
2462;0.000187989;6.08253;0.0699569;6.99569
2463;0.000187989;6.08253;0.0699569;6.99569
2464;0.000187989;6.08253;0.0699569;6.99569
2465;0.000187989;6.08253;0.0699569;6.99569
2466;0.000187989;6.08253;0.0699569;6.99569
2467;0.000187989;6.08253;0.0699569;6.99569
2468;0.000187989;6.08253;0.0699569;6.99569
2469;0.000187989;6.08253;0.0699569;6.99569
2470;0.000187989;6.08253;0.0699569;6.99569
2471;0.000187989;6.08253;0.0699569;6.99569
2472;0.000187989;6.08253;0.0699569;6.99569
2473;0.000187989;6.08253;0.0699569;6.99569
2474;0.000187989;6.08253;0.0699569;6.99569
2475;0.000187989;6.08253;0.0699569;6.99569
2476;0.000187989;6.08253;0.0699569;6.99569
2477;0.000187989;6.08253;0.0699569;6.99569
2478;0.000187989;6.08253;0.0699569;6.99569
2479;0.000187989;6.08253;0.0699569;6.99569
2480;0.000187989;6.08253;0.0699569;6.99569
2481;0.000187989;6.08253;0.0699569;6.99569
2482;0.000187989;6.08253;0.0699569;6.99569
2483;0.000187989;6.08253;0.0699569;6.99569
2484;0.000187989;6.08253;0.0699569;6.99569
2485;0.000187989;6.08253;0.0699569;6.99569
2486;0.000187989;6.08253;0.0699569;6.99569
2487;0.000187989;6.08253;0.0699569;6.99569
2488;0.000187989;6.08253;0.0699569;6.99569
2489;0.000187989;6.08253;0.0699569;6.99569
2490;0.000187989;6.08253;0.0699569;6.99569
2491;0.000187989;6.08253;0.0699569;6.99569
2492;0.000187989;6.08253;0.0699569;6.99569
2493;0.000187989;6.08253;0.0699569;6.99569
2494;0.000187989;6.08253;0.0699569;6.99569
2495;0.000187989;6.08253;0.0699569;6.99569
2496;0.000187989;6.08253;0.0699569;6.99569
2497;0.000187989;6.08253;0.0699569;6.99569
2498;0.000187989;6.08253;0.0699569;6.99569
2499;0.000187989;6.08253;0.0699569;6.99569
2500;0.000187989;6.08253;0.0699569;6.99569
2501;0.000187989;6.08253;0.0699569;6.99569
2502;0.000187989;6.08253;0.0699569;6.99569
2503;0.000187989;6.08253;0.0699569;6.99569
2504;0.000187989;6.08253;0.0699569;6.99569
2505;0.000187989;6.08253;0.0699569;6.99569
2506;0.000187989;6.08253;0.0699569;6.99569
2507;0.000187989;6.08253;0.0699569;6.99569
2508;0.000187989;6.08253;0.0699569;6.99569
2509;0.000187989;6.08253;0.0699569;6.99569
2510;0.000187989;6.08253;0.0699569;6.99569
2511;0.000187989;6.08253;0.0699569;6.99569
2512;0.000187989;6.08253;0.0699569;6.99569
2513;0.000187989;6.08253;0.0699569;6.99569
2514;0.000187989;6.08253;0.0699569;6.99569
2515;0.000187989;6.08253;0.0699569;6.99569
2516;0.000187989;6.08253;0.0699569;6.99569
2517;0.000187989;6.08253;0.0699569;6.99569
2518;0.000187989;6.08253;0.0699569;6.99569
2519;0.000187989;6.08253;0.0699569;6.99569
2520;0.000187989;6.08253;0.0699569;6.99569
2521;0.000187989;6.08253;0.0699569;6.99569
2522;0.000187989;6.08253;0.0699569;6.99569
2523;0.000187989;6.08253;0.0699569;6.99569
2524;0.000187989;6.08253;0.0699569;6.99569
2525;0.000187989;6.08253;0.0699569;6.99569
2526;0.000187989;6.08253;0.0699569;6.99569
2527;0.000187989;6.08253;0.0699569;6.99569
2528;0.000187989;6.08253;0.0699569;6.99569
2529;0.000187989;6.08253;0.0699569;6.99569
2530;0.000187989;6.08253;0.0699569;6.99569
2531;0.000187989;6.08253;0.0699569;6.99569
2532;0.000187989;6.08253;0.0699569;6.99569
2533;0.000187989;6.08253;0.0699569;6.99569
2534;0.000187989;6.08253;0.0699569;6.99569
2535;0.000187989;6.08253;0.0699569;6.99569
2536;0.000187989;6.08253;0.0699569;6.99569
2537;0.000187989;6.08253;0.0699569;6.99569
2538;0.000187989;6.08253;0.0699569;6.99569
2539;0.000187989;6.08253;0.0699569;6.99569
2540;0.000187989;6.08253;0.0699569;6.99569
2541;0.000187989;6.08253;0.0699569;6.99569
2542;0.000187989;6.08253;0.0699569;6.99569
2543;0.000187989;6.08253;0.0699569;6.99569
2544;0.000187989;6.08253;0.0699569;6.99569
2545;0.000187989;6.08253;0.0699569;6.99569
2546;0.000187989;6.08253;0.0699569;6.99569
2547;0.000187989;6.08253;0.0699569;6.99569
2548;0.000187989;6.08253;0.0699569;6.99569
2549;0.000187989;6.08253;0.0699569;6.99569
2550;0.000187989;6.08253;0.0699569;6.99569
2551;0.000187989;6.08253;0.0699569;6.99569
2552;0.000187989;6.08253;0.0699569;6.99569
2553;0.000187989;6.08253;0.0699569;6.99569
2554;0.000187989;6.08253;0.0699569;6.99569
2555;0.000187989;6.08253;0.0699569;6.99569
2556;0.000187989;6.08253;0.0699569;6.99569
2557;0.000187989;6.08253;0.0699569;6.99569
2558;0.000187989;6.08253;0.0699569;6.99569
2559;0.000187989;6.08253;0.0699569;6.99569
2560;0.000187989;6.08253;0.0699569;6.99569
2561;0.000187989;6.08253;0.0699569;6.99569
2562;0.000187989;6.08253;0.0699569;6.99569
2563;0.000187989;6.08253;0.0699569;6.99569
2564;0.000187989;6.08253;0.0699569;6.99569
2565;0.000187989;6.08253;0.0699569;6.99569
2566;0.000187989;6.08253;0.0699569;6.99569
2567;0.000187989;6.08253;0.0699569;6.99569
2568;0.000187989;6.08253;0.0699569;6.99569
2569;0.000187989;6.08253;0.0699569;6.99569
2570;0.000187989;6.08253;0.0699569;6.99569
2571;0.000187989;6.08253;0.0699569;6.99569
2572;0.000187989;6.08253;0.0699569;6.99569
2573;0.000187989;6.08253;0.0699569;6.99569
2574;0.000187989;6.08253;0.0699569;6.99569
2575;0.000187989;6.08253;0.0699569;6.99569
2576;0.000187989;6.08253;0.0699569;6.99569
2577;0.000187989;6.08253;0.0699569;6.99569
2578;0.000187989;6.08253;0.0699569;6.99569
2579;0.000187989;6.08253;0.0699569;6.99569
2580;0.000187989;6.08253;0.0699569;6.99569
2581;0.000187989;6.08253;0.0699569;6.99569
2582;0.000187989;6.08253;0.0699569;6.99569
2583;0.000187989;6.08253;0.0699569;6.99569
2584;0.000187989;6.08253;0.0699569;6.99569
2585;0.000187989;6.08253;0.0699569;6.99569
2586;0.000187989;6.08253;0.0699569;6.99569
2587;0.000187989;6.08253;0.0699569;6.99569
2588;0.000187989;6.08253;0.0699569;6.99569
2589;0.000187989;6.08253;0.0699569;6.99569
2590;0.000187989;6.08253;0.0699569;6.99569
2591;0.000187989;6.08253;0.0699569;6.99569
2592;0.000187989;6.08253;0.0699569;6.99569
2593;0.000187989;6.08253;0.0699569;6.99569
2594;0.000187989;6.08253;0.0699569;6.99569
2595;0.000187989;6.08253;0.0699569;6.99569
2596;0.000187989;6.08253;0.0699569;6.99569
2597;0.000187989;6.08253;0.0699569;6.99569
2598;0.000187989;6.08253;0.0699569;6.99569
2599;0.000187989;6.08253;0.0699569;6.99569
2600;0.000187989;6.08253;0.0699569;6.99569
2601;0.000187989;6.08253;0.0699569;6.99569
2602;0.000187989;6.08253;0.0699569;6.99569
2603;0.000187989;6.08253;0.0699569;6.99569
2604;0.000187989;6.08253;0.0699569;6.99569
2605;0.000187989;6.08253;0.0699569;6.99569
2606;0.000187989;6.08253;0.0699569;6.99569
2607;0.000187989;6.08253;0.0699569;6.99569
2608;0.000187989;6.08253;0.0699569;6.99569
2609;0.000187989;6.08253;0.0699569;6.99569
2610;0.000187989;6.08253;0.0699569;6.99569
2611;0.000187989;6.08253;0.0699569;6.99569
2612;0.000187989;6.08253;0.0699569;6.99569
2613;0.000187989;6.08253;0.0699569;6.99569
2614;0.000187989;6.08253;0.0699569;6.99569
2615;0.000187989;6.08253;0.0699569;6.99569
2616;0.000187989;6.08253;0.0699569;6.99569
2617;0.000187989;6.08253;0.0699569;6.99569
2618;0.000187989;6.08253;0.0699569;6.99569
2619;0.000187989;6.08253;0.0699569;6.99569
2620;0.000187989;6.08253;0.0699569;6.99569
2621;0.000187989;6.08253;0.0699569;6.99569
2622;0.000187989;6.08253;0.0699569;6.99569
2623;0.000187989;6.08253;0.0699569;6.99569
2624;0.000187989;6.08253;0.0699569;6.99569
2625;0.000187989;6.08253;0.0699569;6.99569
2626;0.000187989;6.08253;0.0699569;6.99569
2627;0.000187989;6.08253;0.0699569;6.99569
2628;0.000187989;6.08253;0.0699569;6.99569
2629;0.000187989;6.08253;0.0699569;6.99569
2630;0.000187989;6.08253;0.0699569;6.99569
2631;0.000187989;6.08253;0.0699569;6.99569
2632;0.000187989;6.08253;0.0699569;6.99569
2633;0.000187989;6.08253;0.0699569;6.99569
2634;0.000187989;6.08253;0.0699569;6.99569
2635;0.000187989;6.08253;0.0699569;6.99569
2636;0.000187989;6.08253;0.0699569;6.99569
2637;0.000187989;6.08253;0.0699569;6.99569
2638;0.000187989;6.08253;0.0699569;6.99569
2639;0.000187989;6.08253;0.0699569;6.99569
2640;0.000187989;6.08253;0.0699569;6.99569
2641;0.000187989;6.08253;0.0699569;6.99569
2642;0.000187989;6.08253;0.0699569;6.99569
2643;0.000187989;6.08253;0.0699569;6.99569
2644;0.000187989;6.08253;0.0699569;6.99569
2645;0.000187989;6.08253;0.0699569;6.99569
2646;0.000187989;6.08253;0.0699569;6.99569
2647;0.000187989;6.08253;0.0699569;6.99569
2648;0.000187989;6.08253;0.0699569;6.99569
2649;0.000187989;6.08253;0.0699569;6.99569
2650;0.000187989;6.08253;0.0699569;6.99569
2651;0.000187989;6.08253;0.0699569;6.99569
2652;0.000187989;6.08253;0.0699569;6.99569
2653;0.000187989;6.08253;0.0699569;6.99569
2654;0.000187989;6.08253;0.0699569;6.99569
2655;0.000187989;6.08253;0.0699569;6.99569
2656;0.000187989;6.08253;0.0699569;6.99569
2657;0.000187989;6.08253;0.0699569;6.99569
2658;0.000187989;6.08253;0.0699569;6.99569
2659;0.000187989;6.08253;0.0699569;6.99569
2660;0.000187989;6.08253;0.0699569;6.99569
2661;0.000187989;6.08253;0.0699569;6.99569
2662;0.000187989;6.08253;0.0699569;6.99569
2663;0.000187989;6.08253;0.0699569;6.99569
2664;0.000187989;6.08253;0.0699569;6.99569
2665;0.000187989;6.08253;0.0699569;6.99569
2666;0.000187989;6.08253;0.0699569;6.99569
2667;0.000187989;6.08253;0.0699569;6.99569
2668;0.000187989;6.08253;0.0699569;6.99569
2669;0.000187989;6.08253;0.0699569;6.99569
2670;0.000187989;6.08253;0.0699569;6.99569
2671;0.000187989;6.08253;0.0699569;6.99569
2672;0.000187989;6.08253;0.0699569;6.99569
2673;0.000187989;6.08253;0.0699569;6.99569
2674;0.000187989;6.08253;0.0699569;6.99569
2675;0.000187989;6.08253;0.0699569;6.99569
2676;0.000187989;6.08253;0.0699569;6.99569
2677;0.000187989;6.08253;0.0699569;6.99569
2678;0.000187989;6.08253;0.0699569;6.99569
2679;0.000187989;6.08253;0.0699569;6.99569
2680;0.000187989;6.08253;0.0699569;6.99569
2681;0.000187989;6.08253;0.0699569;6.99569
2682;0.000187989;6.08253;0.0699569;6.99569
2683;0.000187989;6.08253;0.0699569;6.99569
2684;0.000187989;6.08253;0.0699569;6.99569
2685;0.000187989;6.08253;0.0699569;6.99569
2686;0.000187989;6.08253;0.0699569;6.99569
2687;0.000187989;6.08253;0.0699569;6.99569
2688;0.000187989;6.08253;0.0699569;6.99569
2689;0.000187989;6.08253;0.0699569;6.99569
2690;0.000187989;6.08253;0.0699569;6.99569
2691;0.000187989;6.08253;0.0699569;6.99569
2692;0.000187989;6.08253;0.0699569;6.99569
2693;0.000187989;6.08253;0.0699569;6.99569
2694;0.000187989;6.08253;0.0699569;6.99569
2695;0.000187989;6.08253;0.0699569;6.99569
2696;0.000187989;6.08253;0.0699569;6.99569
2697;0.000187989;6.08253;0.0699569;6.99569
2698;0.000187989;6.08253;0.0699569;6.99569
2699;0.000187989;6.08253;0.0699569;6.99569
2700;0.000187989;6.08253;0.0699569;6.99569
2701;0.000187989;6.08253;0.0699569;6.99569
2702;0.000187989;6.08253;0.0699569;6.99569
2703;0.000187989;6.08253;0.0699569;6.99569
2704;0.000187989;6.08253;0.0699569;6.99569
2705;0.000187989;6.08253;0.0699569;6.99569
2706;0.000187989;6.08253;0.0699569;6.99569
2707;0.000187989;6.08253;0.0699569;6.99569
2708;0.000187989;6.08253;0.0699569;6.99569
2709;0.000187989;6.08253;0.0699569;6.99569
2710;0.000187989;6.08253;0.0699569;6.99569
2711;0.000187989;6.08253;0.0699569;6.99569
2712;0.000187989;6.08253;0.0699569;6.99569
2713;0.000187989;6.08253;0.0699569;6.99569
2714;0.000187989;6.08253;0.0699569;6.99569
2715;0.000187989;6.08253;0.0699569;6.99569
2716;0.000187989;6.08253;0.0699569;6.99569
2717;0.000187989;6.08253;0.0699569;6.99569
2718;0.000187989;6.08253;0.0699569;6.99569
2719;0.000187989;6.08253;0.0699569;6.99569
2720;0.000187989;6.08253;0.0699569;6.99569
2721;0.000187989;6.08253;0.0699569;6.99569
2722;0.000187989;6.08253;0.0699569;6.99569
2723;0.000187989;6.08253;0.0699569;6.99569
2724;0.000187989;6.08253;0.0699569;6.99569
2725;0.000187989;6.08253;0.0699569;6.99569
2726;0.000187989;6.08253;0.0699569;6.99569
2727;0.000187989;6.08253;0.0699569;6.99569
2728;0.000187989;6.08253;0.0699569;6.99569
2729;0.000187989;6.08253;0.0699569;6.99569
2730;0.000187989;6.08253;0.0699569;6.99569
2731;0.000187989;6.08253;0.0699569;6.99569
2732;0.000187989;6.08253;0.0699569;6.99569
2733;0.000187989;6.08253;0.0699569;6.99569
2734;0.000187989;6.08253;0.0699569;6.99569
2735;0.000187989;6.08253;0.0699569;6.99569
2736;0.000187989;6.08253;0.0699569;6.99569
2737;0.000187989;6.08253;0.0699569;6.99569
2738;0.000187989;6.08253;0.0699569;6.99569
2739;0.000187989;6.08253;0.0699569;6.99569
2740;0.000187989;6.08253;0.0699569;6.99569
2741;0.000187989;6.08253;0.0699569;6.99569
2742;0.000187989;6.08253;0.0699569;6.99569
2743;0.000187989;6.08253;0.0699569;6.99569
2744;0.000187989;6.08253;0.0699569;6.99569
2745;0.000187989;6.08253;0.0699569;6.99569
2746;0.000187989;6.08253;0.0699569;6.99569
2747;0.000187989;6.08253;0.0699569;6.99569
2748;0.000187989;6.08253;0.0699569;6.99569
2749;0.000187989;6.08253;0.0699569;6.99569
2750;0.000187989;6.08253;0.0699569;6.99569
2751;0.000187989;6.08253;0.0699569;6.99569
2752;0.000187989;6.08253;0.0699569;6.99569
2753;0.000187989;6.08253;0.0699569;6.99569
2754;0.000187989;6.08253;0.0699569;6.99569
2755;0.000187989;6.08253;0.0699569;6.99569
2756;0.000187989;6.08253;0.0699569;6.99569
2757;0.000187989;6.08253;0.0699569;6.99569
2758;0.000187989;6.08253;0.0699569;6.99569
2759;0.000187989;6.08253;0.0699569;6.99569
2760;0.000187989;6.08253;0.0699569;6.99569
2761;0.000187989;6.08253;0.0699569;6.99569
2762;0.000187989;6.08253;0.0699569;6.99569
2763;0.000187989;6.08253;0.0699569;6.99569
2764;0.000187989;6.08253;0.0699569;6.99569
2765;0.000187989;6.08253;0.0699569;6.99569
2766;0.000187989;6.08253;0.0699569;6.99569
2767;0.000187989;6.08253;0.0699569;6.99569
2768;0.000187989;6.08253;0.0699569;6.99569
2769;0.000187989;6.08253;0.0699569;6.99569
2770;0.000187989;6.08253;0.0699569;6.99569
2771;0.000187989;6.08253;0.0699569;6.99569
2772;0.000187989;6.08253;0.0699569;6.99569
2773;0.000187989;6.08253;0.0699569;6.99569
2774;0.000187989;6.08253;0.0699569;6.99569
2775;0.000187989;6.08253;0.0699569;6.99569
2776;0.000187989;6.08253;0.0699569;6.99569
2777;0.000187989;6.08253;0.0699569;6.99569
2778;0.000187989;6.08253;0.0699569;6.99569
2779;0.000187989;6.08253;0.0699569;6.99569
2780;0.000187989;6.08253;0.0699569;6.99569
2781;0.000187989;6.08253;0.0699569;6.99569
2782;0.000187989;6.08253;0.0699569;6.99569
2783;0.000187989;6.08253;0.0699569;6.99569
2784;0.000187989;6.08253;0.0699569;6.99569
2785;0.000187989;6.08253;0.0699569;6.99569
2786;0.000187989;6.08253;0.0699569;6.99569
2787;0.000187989;6.08253;0.0699569;6.99569
2788;0.000187989;6.08253;0.0699569;6.99569
2789;0.000187989;6.08253;0.0699569;6.99569
2790;0.000187989;6.08253;0.0699569;6.99569
2791;0.000187989;6.08253;0.0699569;6.99569
2792;0.000187989;6.08253;0.0699569;6.99569
2793;0.000187989;6.08253;0.0699569;6.99569
2794;0.000187989;6.08253;0.0699569;6.99569
2795;0.000187989;6.08253;0.0699569;6.99569
2796;0.000187989;6.08253;0.0699569;6.99569
2797;0.000187989;6.08253;0.0699569;6.99569
2798;0.000187989;6.08253;0.0699569;6.99569
2799;0.000187989;6.08253;0.0699569;6.99569
2800;0.000187989;6.08253;0.0699569;6.99569
2801;0.000187989;6.08253;0.0699569;6.99569
2802;0.000187989;6.08253;0.0699569;6.99569
2803;0.000187989;6.08253;0.0699569;6.99569
2804;0.000187989;6.08253;0.0699569;6.99569
2805;0.000187989;6.08253;0.0699569;6.99569
2806;0.000187989;6.08253;0.0699569;6.99569
2807;0.000187989;6.08253;0.0699569;6.99569
2808;0.000187989;6.08253;0.0699569;6.99569
2809;0.000187989;6.08253;0.0699569;6.99569
2810;0.000187989;6.08253;0.0699569;6.99569
2811;0.000187989;6.08253;0.0699569;6.99569
2812;0.000187989;6.08253;0.0699569;6.99569
2813;0.000187989;6.08253;0.0699569;6.99569
2814;0.000187989;6.08253;0.0699569;6.99569
2815;0.000187989;6.08253;0.0699569;6.99569
2816;0.000187989;6.08253;0.0699569;6.99569
2817;0.000187989;6.08253;0.0699569;6.99569
2818;0.000187989;6.08253;0.0699569;6.99569
2819;0.000187989;6.08253;0.0699569;6.99569
2820;0.000187989;6.08253;0.0699569;6.99569
2821;0.000187989;6.08253;0.0699569;6.99569
2822;0.000187989;6.08253;0.0699569;6.99569
2823;0.000187989;6.08253;0.0699569;6.99569
2824;0.000187989;6.08253;0.0699569;6.99569
2825;0.000187989;6.08253;0.0699569;6.99569
2826;0.000187989;6.08253;0.0699569;6.99569
2827;0.000187989;6.08253;0.0699569;6.99569
2828;0.000187989;6.08253;0.0699569;6.99569
2829;0.000187989;6.08253;0.0699569;6.99569
2830;0.000187989;6.08253;0.0699569;6.99569
2831;0.000187989;6.08253;0.0699569;6.99569
2832;0.000187989;6.08253;0.0699569;6.99569
2833;0.000187989;6.08253;0.0699569;6.99569
2834;0.000187989;6.08253;0.0699569;6.99569
2835;0.000187989;6.08253;0.0699569;6.99569
2836;0.000187989;6.08253;0.0699569;6.99569
2837;0.000187989;6.08253;0.0699569;6.99569
2838;0.000187989;6.08253;0.0699569;6.99569
2839;0.000187989;6.08253;0.0699569;6.99569
2840;0.000187989;6.08253;0.0699569;6.99569
2841;0.000187989;6.08253;0.0699569;6.99569
2842;0.000187989;6.08253;0.0699569;6.99569
2843;0.000187989;6.08253;0.0699569;6.99569
2844;0.000187989;6.08253;0.0699569;6.99569
2845;0.000187989;6.08253;0.0699569;6.99569
2846;0.000187989;6.08253;0.0699569;6.99569
2847;0.000187989;6.08253;0.0699569;6.99569
2848;0.000187989;6.08253;0.0699569;6.99569
2849;0.000187989;6.08253;0.0699569;6.99569
2850;0.000187989;6.08253;0.0699569;6.99569
2851;0.000187989;6.08253;0.0699569;6.99569
2852;0.000187989;6.08253;0.0699569;6.99569
2853;0.000187989;6.08253;0.0699569;6.99569
2854;0.000187989;6.08253;0.0699569;6.99569
2855;0.000187989;6.08253;0.0699569;6.99569
2856;0.000187989;6.08253;0.0699569;6.99569
2857;0.000187989;6.08253;0.0699569;6.99569
2858;0.000187989;6.08253;0.0699569;6.99569
2859;0.000187989;6.08253;0.0699569;6.99569
2860;0.000187989;6.08253;0.0699569;6.99569
2861;0.000187989;6.08253;0.0699569;6.99569
2862;0.000187989;6.08253;0.0699569;6.99569
2863;0.000187989;6.08253;0.0699569;6.99569
2864;0.000187989;6.08253;0.0699569;6.99569
2865;0.000187989;6.08253;0.0699569;6.99569
2866;0.000187989;6.08253;0.0699569;6.99569
2867;0.000187989;6.08253;0.0699569;6.99569
2868;0.000187989;6.08253;0.0699569;6.99569
2869;0.000187989;6.08253;0.0699569;6.99569
2870;0.000187989;6.08253;0.0699569;6.99569
2871;0.000187989;6.08253;0.0699569;6.99569
2872;0.000187989;6.08253;0.0699569;6.99569
2873;0.000187989;6.08253;0.0699569;6.99569
2874;0.000187989;6.08253;0.0699569;6.99569
2875;0.000187989;6.08253;0.0699569;6.99569
2876;0.000187989;6.08253;0.0699569;6.99569
2877;0.000187989;6.08253;0.0699569;6.99569
2878;0.000187989;6.08253;0.0699569;6.99569
2879;0.000187989;6.08253;0.0699569;6.99569
2880;0.000187989;6.08253;0.0699569;6.99569
2881;0.000187989;6.08253;0.0699569;6.99569
2882;0.000187989;6.08253;0.0699569;6.99569
2883;0.000187989;6.08253;0.0699569;6.99569
2884;0.000187989;6.08253;0.0699569;6.99569
2885;0.000187989;6.08253;0.0699569;6.99569
2886;0.000187989;6.08253;0.0699569;6.99569
2887;0.000187989;6.08253;0.0699569;6.99569
2888;0.000187989;6.08253;0.0699569;6.99569
2889;0.000187989;6.08253;0.0699569;6.99569
2890;0.000187989;6.08253;0.0699569;6.99569
2891;0.000187989;6.08253;0.0699569;6.99569
2892;0.000187989;6.08253;0.0699569;6.99569
2893;0.000187989;6.08253;0.0699569;6.99569
2894;0.000187989;6.08253;0.0699569;6.99569
2895;0.000187989;6.08253;0.0699569;6.99569
2896;0.000187989;6.08253;0.0699569;6.99569
2897;0.000187989;6.08253;0.0699569;6.99569
2898;0.000187989;6.08253;0.0699569;6.99569
2899;0.000187989;6.08253;0.0699569;6.99569
2900;0.000187989;6.08253;0.0699569;6.99569
2901;0.000187989;6.08253;0.0699569;6.99569
2902;0.000187989;6.08253;0.0699569;6.99569
2903;0.000187989;6.08253;0.0699569;6.99569
2904;0.000187989;6.08253;0.0699569;6.99569
2905;0.000187989;6.08253;0.0699569;6.99569
2906;0.000187989;6.08253;0.0699569;6.99569
2907;0.000187989;6.08253;0.0699569;6.99569
2908;0.000187989;6.08253;0.0699569;6.99569
2909;0.000187989;6.08253;0.0699569;6.99569
2910;0.000187989;6.08253;0.0699569;6.99569
2911;0.000187989;6.08253;0.0699569;6.99569
2912;0.000187989;6.08253;0.0699569;6.99569
2913;0.000187989;6.08253;0.0699569;6.99569
2914;0.000187989;6.08253;0.0699569;6.99569
2915;0.000187989;6.08253;0.0699569;6.99569
2916;0.000187989;6.08253;0.0699569;6.99569
2917;0.000187989;6.08253;0.0699569;6.99569
2918;0.000187989;6.08253;0.0699569;6.99569
2919;0.000187989;6.08253;0.0699569;6.99569
2920;0.000187989;6.08253;0.0699569;6.99569
2921;0.000187989;6.08253;0.0699569;6.99569
2922;0.000187989;6.08253;0.0699569;6.99569
2923;0.000187989;6.08253;0.0699569;6.99569
2924;0.000187989;6.08253;0.0699569;6.99569
2925;0.000187989;6.08253;0.0699569;6.99569
2926;0.000187989;6.08253;0.0699569;6.99569
2927;0.000187989;6.08253;0.0699569;6.99569
2928;0.000187989;6.08253;0.0699569;6.99569
2929;0.000187989;6.08253;0.0699569;6.99569
2930;0.000187989;6.08253;0.0699569;6.99569
2931;0.000187989;6.08253;0.0699569;6.99569
2932;0.000187989;6.08253;0.0699569;6.99569
2933;0.000187989;6.08253;0.0699569;6.99569
2934;0.000187989;6.08253;0.0699569;6.99569
2935;0.000187989;6.08253;0.0699569;6.99569
2936;0.000187989;6.08253;0.0699569;6.99569
2937;0.000187989;6.08253;0.0699569;6.99569
2938;0.000187989;6.08253;0.0699569;6.99569
2939;0.000187989;6.08253;0.0699569;6.99569
2940;0.000187989;6.08253;0.0699569;6.99569
2941;0.000187989;6.08253;0.0699569;6.99569
2942;0.000187989;6.08253;0.0699569;6.99569
2943;0.000187989;6.08253;0.0699569;6.99569
2944;0.000187989;6.08253;0.0699569;6.99569
2945;0.000187989;6.08253;0.0699569;6.99569
2946;0.000187989;6.08253;0.0699569;6.99569
2947;0.000187989;6.08253;0.0699569;6.99569
2948;0.000187989;6.08253;0.0699569;6.99569
2949;0.000187989;6.08253;0.0699569;6.99569
2950;0.000187989;6.08253;0.0699569;6.99569
2951;0.000187989;6.08253;0.0699569;6.99569
2952;0.000187989;6.08253;0.0699569;6.99569
2953;0.000187989;6.08253;0.0699569;6.99569
2954;0.000187989;6.08253;0.0699569;6.99569
2955;0.000187989;6.08253;0.0699569;6.99569
2956;0.000187989;6.08253;0.0699569;6.99569
2957;0.000187989;6.08253;0.0699569;6.99569
2958;0.000187989;6.08253;0.0699569;6.99569
2959;0.000187989;6.08253;0.0699569;6.99569
2960;0.000187989;6.08253;0.0699569;6.99569
2961;0.000187989;6.08253;0.0699569;6.99569
2962;0.000187989;6.08253;0.0699569;6.99569
2963;0.000187989;6.08253;0.0699569;6.99569
2964;0.000187989;6.08253;0.0699569;6.99569
2965;0.000187989;6.08253;0.0699569;6.99569
2966;0.000187989;6.08253;0.0699569;6.99569
2967;0.000187989;6.08253;0.0699569;6.99569
2968;0.000187989;6.08253;0.0699569;6.99569
2969;0.000187989;6.08253;0.0699569;6.99569
2970;0.000187989;6.08253;0.0699569;6.99569
2971;0.000187989;6.08253;0.0699569;6.99569
2972;0.000187989;6.08253;0.0699569;6.99569
2973;0.000187989;6.08253;0.0699569;6.99569
2974;0.000187989;6.08253;0.0699569;6.99569
2975;0.000187989;6.08253;0.0699569;6.99569
2976;0.000187989;6.08253;0.0699569;6.99569
2977;0.000187989;6.08253;0.0699569;6.99569
2978;0.000187989;6.08253;0.0699569;6.99569
2979;0.000187989;6.08253;0.0699569;6.99569
2980;0.000187989;6.08253;0.0699569;6.99569
2981;0.000187989;6.08253;0.0699569;6.99569
2982;0.000187989;6.08253;0.0699569;6.99569
2983;0.000187989;6.08253;0.0699569;6.99569
2984;0.000187989;6.08253;0.0699569;6.99569
2985;0.000187989;6.08253;0.0699569;6.99569
2986;0.000187989;6.08253;0.0699569;6.99569
2987;0.000187989;6.08253;0.0699569;6.99569
2988;0.000187989;6.08253;0.0699569;6.99569
2989;0.000187989;6.08253;0.0699569;6.99569
2990;0.000187989;6.08253;0.0699569;6.99569
2991;0.000187989;6.08253;0.0699569;6.99569
2992;0.000187989;6.08253;0.0699569;6.99569
2993;0.000187989;6.08253;0.0699569;6.99569
2994;0.000187989;6.08253;0.0699569;6.99569
2995;0.000187989;6.08253;0.0699569;6.99569
2996;0.000187989;6.08253;0.0699569;6.99569
2997;0.000187989;6.08253;0.0699569;6.99569
2998;0.000187989;6.08253;0.0699569;6.99569
2999;0.000187989;6.08253;0.0699569;6.99569
3000;0.000187989;6.08253;0.0699569;6.99569
3001;0.000187989;6.08253;0.0699569;6.99569
3002;0.000187989;6.08253;0.0699569;6.99569
3003;0.000187989;6.08253;0.0699569;6.99569
3004;0.000187989;6.08253;0.0699569;6.99569
3005;0.000187989;6.08253;0.0699569;6.99569
3006;0.000187989;6.08253;0.0699569;6.99569
3007;0.000187989;6.08253;0.0699569;6.99569
3008;0.000187989;6.08253;0.0699569;6.99569
3009;0.000187989;6.08253;0.0699569;6.99569
3010;0.000187989;6.08253;0.0699569;6.99569
3011;0.000187989;6.08253;0.0699569;6.99569
3012;0.000187989;6.08253;0.0699569;6.99569
3013;0.000187989;6.08253;0.0699569;6.99569
3014;0.000187989;6.08253;0.0699569;6.99569
3015;0.000187989;6.08253;0.0699569;6.99569
3016;0.000187989;6.08253;0.0699569;6.99569
3017;0.000187989;6.08253;0.0699569;6.99569
3018;0.000187989;6.08253;0.0699569;6.99569
3019;0.000187989;6.08253;0.0699569;6.99569
3020;0.000187989;6.08253;0.0699569;6.99569
3021;0.000187989;6.08253;0.0699569;6.99569
3022;0.000187989;6.08253;0.0699569;6.99569
3023;0.000187989;6.08253;0.0699569;6.99569
3024;0.000187989;6.08253;0.0699569;6.99569
3025;0.000187989;6.08253;0.0699569;6.99569
3026;0.000187989;6.08253;0.0699569;6.99569
3027;0.000187989;6.08253;0.0699569;6.99569
3028;0.000187989;6.08253;0.0699569;6.99569
3029;0.000187989;6.08253;0.0699569;6.99569
3030;0.000187989;6.08253;0.0699569;6.99569
3031;0.000187989;6.08253;0.0699569;6.99569
3032;0.000187989;6.08253;0.0699569;6.99569
3033;0.000187989;6.08253;0.0699569;6.99569
3034;0.000187989;6.08253;0.0699569;6.99569
3035;0.000187989;6.08253;0.0699569;6.99569
3036;0.000187989;6.08253;0.0699569;6.99569
3037;0.000187989;6.08253;0.0699569;6.99569
3038;0.000187989;6.08253;0.0699569;6.99569
3039;0.000187989;6.08253;0.0699569;6.99569
3040;0.000187989;6.08253;0.0699569;6.99569
3041;0.000187989;6.08253;0.0699569;6.99569
3042;0.000187989;6.08253;0.0699569;6.99569
3043;0.000187989;6.08253;0.0699569;6.99569
3044;0.000187989;6.08253;0.0699569;6.99569
3045;0.000187989;6.08253;0.0699569;6.99569
3046;0.000187989;6.08253;0.0699569;6.99569
3047;0.000187989;6.08253;0.0699569;6.99569
3048;0.000187989;6.08253;0.0699569;6.99569
3049;0.000187989;6.08253;0.0699569;6.99569
3050;0.000187989;6.08253;0.0699569;6.99569
3051;0.000187989;6.08253;0.0699569;6.99569
3052;0.000187989;6.08253;0.0699569;6.99569
3053;0.000187989;6.08253;0.0699569;6.99569
3054;0.000187989;6.08253;0.0699569;6.99569
3055;0.000187989;6.08253;0.0699569;6.99569
3056;0.000187989;6.08253;0.0699569;6.99569
3057;0.000187989;6.08253;0.0699569;6.99569
3058;0.000187989;6.08253;0.0699569;6.99569
3059;0.000187989;6.08253;0.0699569;6.99569
3060;0.000187989;6.08253;0.0699569;6.99569
3061;0.000187989;6.08253;0.0699569;6.99569
3062;0.000187989;6.08253;0.0699569;6.99569
3063;0.000187989;6.08253;0.0699569;6.99569
3064;0.000187989;6.08253;0.0699569;6.99569
3065;0.000187989;6.08253;0.0699569;6.99569
3066;0.000187989;6.08253;0.0699569;6.99569
3067;0.000187989;6.08253;0.0699569;6.99569
3068;0.000187989;6.08253;0.0699569;6.99569
3069;0.000187989;6.08253;0.0699569;6.99569
3070;0.000187989;6.08253;0.0699569;6.99569
3071;0.000187989;6.08253;0.0699569;6.99569
3072;0.000187989;6.08253;0.0699569;6.99569
3073;0.000187989;6.08253;0.0699569;6.99569
3074;0.000187989;6.08253;0.0699569;6.99569
3075;0.000187989;6.08253;0.0699569;6.99569
3076;0.000187989;6.08253;0.0699569;6.99569
3077;0.000187989;6.08253;0.0699569;6.99569
3078;0.000187989;6.08253;0.0699569;6.99569
3079;0.000187989;6.08253;0.0699569;6.99569
3080;0.000187989;6.08253;0.0699569;6.99569
3081;0.000187989;6.08253;0.0699569;6.99569
3082;0.000187989;6.08253;0.0699569;6.99569
3083;0.000187989;6.08253;0.0699569;6.99569
3084;0.000187989;6.08253;0.0699569;6.99569
3085;0.000187989;6.08253;0.0699569;6.99569
3086;0.000187989;6.08253;0.0699569;6.99569
3087;0.000187989;6.08253;0.0699569;6.99569
3088;0.000187989;6.08253;0.0699569;6.99569
3089;0.000187989;6.08253;0.0699569;6.99569
3090;0.000187989;6.08253;0.0699569;6.99569
3091;0.000187989;6.08253;0.0699569;6.99569
3092;0.000187989;6.08253;0.0699569;6.99569
3093;0.000187989;6.08253;0.0699569;6.99569
3094;0.000187989;6.08253;0.0699569;6.99569
3095;0.000187989;6.08253;0.0699569;6.99569
3096;0.000187989;6.08253;0.0699569;6.99569
3097;0.000187989;6.08253;0.0699569;6.99569
3098;0.000187989;6.08253;0.0699569;6.99569
3099;0.000187989;6.08253;0.0699569;6.99569
3100;0.000187989;6.08253;0.0699569;6.99569
3101;0.000187989;6.08253;0.0699569;6.99569
3102;0.000187989;6.08253;0.0699569;6.99569
3103;0.000187989;6.08253;0.0699569;6.99569
3104;0.000187989;6.08253;0.0699569;6.99569
3105;0.000187989;6.08253;0.0699569;6.99569
3106;0.000187989;6.08253;0.0699569;6.99569
3107;0.000187989;6.08253;0.0699569;6.99569
3108;0.000187989;6.08253;0.0699569;6.99569
3109;0.000187989;6.08253;0.0699569;6.99569
3110;0.000187989;6.08253;0.0699569;6.99569
3111;0.000187989;6.08253;0.0699569;6.99569
3112;0.000187989;6.08253;0.0699569;6.99569
3113;0.000187989;6.08253;0.0699569;6.99569
3114;0.000187989;6.08253;0.0699569;6.99569
3115;0.000187989;6.08253;0.0699569;6.99569
3116;0.000187989;6.08253;0.0699569;6.99569
3117;0.000187989;6.08253;0.0699569;6.99569
3118;0.000187989;6.08253;0.0699569;6.99569
3119;0.000187989;6.08253;0.0699569;6.99569
3120;0.000187989;6.08253;0.0699569;6.99569
3121;0.000187989;6.08253;0.0699569;6.99569
3122;0.000187989;6.08253;0.0699569;6.99569
3123;0.000187989;6.08253;0.0699569;6.99569
3124;0.000187989;6.08253;0.0699569;6.99569
3125;0.000187989;6.08253;0.0699569;6.99569
3126;0.000187989;6.08253;0.0699569;6.99569
3127;0.000187989;6.08253;0.0699569;6.99569
3128;0.000187989;6.08253;0.0699569;6.99569
3129;0.000187989;6.08253;0.0699569;6.99569
3130;0.000187989;6.08253;0.0699569;6.99569
3131;0.000187989;6.08253;0.0699569;6.99569
3132;0.000187989;6.08253;0.0699569;6.99569
3133;0.000187989;6.08253;0.0699569;6.99569
3134;0.000187989;6.08253;0.0699569;6.99569
3135;0.000187989;6.08253;0.0699569;6.99569
3136;0.000187989;6.08253;0.0699569;6.99569
3137;0.000187989;6.08253;0.0699569;6.99569
3138;0.000187989;6.08253;0.0699569;6.99569
3139;0.000187989;6.08253;0.0699569;6.99569
3140;0.000187989;6.08253;0.0699569;6.99569
3141;0.000187989;6.08253;0.0699569;6.99569
3142;0.000187989;6.08253;0.0699569;6.99569
3143;0.000187989;6.08253;0.0699569;6.99569
3144;0.000187989;6.08253;0.0699569;6.99569
3145;0.000187989;6.08253;0.0699569;6.99569
3146;0.000187989;6.08253;0.0699569;6.99569
3147;0.000187989;6.08253;0.0699569;6.99569
3148;0.000187989;6.08253;0.0699569;6.99569
3149;0.000187989;6.08253;0.0699569;6.99569
3150;0.000187989;6.08253;0.0699569;6.99569
3151;0.000187989;6.08253;0.0699569;6.99569
3152;0.000187989;6.08253;0.0699569;6.99569
3153;0.000187989;6.08253;0.0699569;6.99569
3154;0.000187989;6.08253;0.0699569;6.99569
3155;0.000187989;6.08253;0.0699569;6.99569
3156;0.000187989;6.08253;0.0699569;6.99569
3157;0.000187989;6.08253;0.0699569;6.99569
3158;0.000187989;6.08253;0.0699569;6.99569
3159;0.000187989;6.08253;0.0699569;6.99569
3160;0.000187989;6.08253;0.0699569;6.99569
3161;0.000187989;6.08253;0.0699569;6.99569
3162;0.000187989;6.08253;0.0699569;6.99569
3163;0.000187989;6.08253;0.0699569;6.99569
3164;0.000187989;6.08253;0.0699569;6.99569
3165;0.000187989;6.08253;0.0699569;6.99569
3166;0.000187989;6.08253;0.0699569;6.99569
3167;0.000187989;6.08253;0.0699569;6.99569
3168;0.000187989;6.08253;0.0699569;6.99569
3169;0.000187989;6.08253;0.0699569;6.99569
3170;0.000187989;6.08253;0.0699569;6.99569
3171;0.000187989;6.08253;0.0699569;6.99569
3172;0.000187989;6.08253;0.0699569;6.99569
3173;0.000187989;6.08253;0.0699569;6.99569
3174;0.000187989;6.08253;0.0699569;6.99569
3175;0.000187989;6.08253;0.0699569;6.99569
3176;0.000187989;6.08253;0.0699569;6.99569
3177;0.000187989;6.08253;0.0699569;6.99569
3178;0.000187989;6.08253;0.0699569;6.99569
3179;0.000187989;6.08253;0.0699569;6.99569
3180;0.000187989;6.08253;0.0699569;6.99569
3181;0.000187989;6.08253;0.0699569;6.99569
3182;0.000187989;6.08253;0.0699569;6.99569
3183;0.000187989;6.08253;0.0699569;6.99569
3184;0.000187989;6.08253;0.0699569;6.99569
3185;0.000187989;6.08253;0.0699569;6.99569
3186;0.000187989;6.08253;0.0699569;6.99569
3187;0.000187989;6.08253;0.0699569;6.99569
3188;0.000187989;6.08253;0.0699569;6.99569
3189;0.000187989;6.08253;0.0699569;6.99569
3190;0.000187989;6.08253;0.0699569;6.99569
3191;0.000187989;6.08253;0.0699569;6.99569
3192;0.000187989;6.08253;0.0699569;6.99569
3193;0.000187989;6.08253;0.0699569;6.99569
3194;0.000187989;6.08253;0.0699569;6.99569
3195;0.000187989;6.08253;0.0699569;6.99569
3196;0.000187989;6.08253;0.0699569;6.99569
3197;0.000187989;6.08253;0.0699569;6.99569
3198;0.000187989;6.08253;0.0699569;6.99569
3199;0.000187989;6.08253;0.0699569;6.99569
3200;0.000187989;6.08253;0.0699569;6.99569
3201;0.000187989;6.08253;0.0699569;6.99569
3202;0.000187989;6.08253;0.0699569;6.99569
3203;0.000187989;6.08253;0.0699569;6.99569
3204;0.000187989;6.08253;0.0699569;6.99569
3205;0.000187989;6.08253;0.0699569;6.99569
3206;0.000187989;6.08253;0.0699569;6.99569
3207;0.000187989;6.08253;0.0699569;6.99569
3208;0.000187989;6.08253;0.0699569;6.99569
3209;0.000187989;6.08253;0.0699569;6.99569
3210;0.000187989;6.08253;0.0699569;6.99569
3211;0.000187989;6.08253;0.0699569;6.99569
3212;0.000187989;6.08253;0.0699569;6.99569
3213;0.000187989;6.08253;0.0699569;6.99569
3214;0.000187989;6.08253;0.0699569;6.99569
3215;0.000187989;6.08253;0.0699569;6.99569
3216;0.000187989;6.08253;0.0699569;6.99569
3217;0.000187989;6.08253;0.0699569;6.99569
3218;0.000187989;6.08253;0.0699569;6.99569
3219;0.000187989;6.08253;0.0699569;6.99569
3220;0.000187989;6.08253;0.0699569;6.99569
3221;0.000187989;6.08253;0.0699569;6.99569
3222;0.000187989;6.08253;0.0699569;6.99569
3223;0.000187989;6.08253;0.0699569;6.99569
3224;0.000187989;6.08253;0.0699569;6.99569
3225;0.000187989;6.08253;0.0699569;6.99569
3226;0.000187989;6.08253;0.0699569;6.99569
3227;0.000187989;6.08253;0.0699569;6.99569
3228;0.000187989;6.08253;0.0699569;6.99569
3229;0.000187989;6.08253;0.0699569;6.99569
3230;0.000187989;6.08253;0.0699569;6.99569
3231;0.000187989;6.08253;0.0699569;6.99569
3232;0.000187989;6.08253;0.0699569;6.99569
3233;0.000187989;6.08253;0.0699569;6.99569
3234;0.000187989;6.08253;0.0699569;6.99569
3235;0.000187989;6.08253;0.0699569;6.99569
3236;0.000187989;6.08253;0.0699569;6.99569
3237;0.000187989;6.08253;0.0699569;6.99569
3238;0.000187989;6.08253;0.0699569;6.99569
3239;0.000187989;6.08253;0.0699569;6.99569
3240;0.000187989;6.08253;0.0699569;6.99569
3241;0.000187989;6.08253;0.0699569;6.99569
3242;0.000187989;6.08253;0.0699569;6.99569
3243;0.000187989;6.08253;0.0699569;6.99569
3244;0.000187989;6.08253;0.0699569;6.99569
3245;0.000187989;6.08253;0.0699569;6.99569
3246;0.000187989;6.08253;0.0699569;6.99569
3247;0.000187989;6.08253;0.0699569;6.99569
3248;0.000187989;6.08253;0.0699569;6.99569
3249;0.000187989;6.08253;0.0699569;6.99569
3250;0.000187989;6.08253;0.0699569;6.99569
3251;0.000187989;6.08253;0.0699569;6.99569
3252;0.000187989;6.08253;0.0699569;6.99569
3253;0.000187989;6.08253;0.0699569;6.99569
3254;0.000187989;6.08253;0.0699569;6.99569
3255;0.000187989;6.08253;0.0699569;6.99569
3256;0.000187989;6.08253;0.0699569;6.99569
3257;0.000187989;6.08253;0.0699569;6.99569
3258;0.000187989;6.08253;0.0699569;6.99569
3259;0.000187989;6.08253;0.0699569;6.99569
3260;0.000187989;6.08253;0.0699569;6.99569
3261;0.000187989;6.08253;0.0699569;6.99569
3262;0.000187989;6.08253;0.0699569;6.99569
3263;0.000187989;6.08253;0.0699569;6.99569
3264;0.000187989;6.08253;0.0699569;6.99569
3265;0.000187989;6.08253;0.0699569;6.99569
3266;0.000187989;6.08253;0.0699569;6.99569
3267;0.000187989;6.08253;0.0699569;6.99569
3268;0.000187989;6.08253;0.0699569;6.99569
3269;0.000187989;6.08253;0.0699569;6.99569
3270;0.000187989;6.08253;0.0699569;6.99569
3271;0.000187989;6.08253;0.0699569;6.99569
3272;0.000187989;6.08253;0.0699569;6.99569
3273;0.000187989;6.08253;0.0699569;6.99569
3274;0.000187989;6.08253;0.0699569;6.99569
3275;0.000187989;6.08253;0.0699569;6.99569
3276;0.000187989;6.08253;0.0699569;6.99569
3277;0.000187989;6.08253;0.0699569;6.99569
3278;0.000187989;6.08253;0.0699569;6.99569
3279;0.000187989;6.08253;0.0699569;6.99569
3280;0.000187989;6.08253;0.0699569;6.99569
3281;0.000187989;6.08253;0.0699569;6.99569
3282;0.000187989;6.08253;0.0699569;6.99569
3283;0.000187989;6.08253;0.0699569;6.99569
3284;0.000187989;6.08253;0.0699569;6.99569
3285;0.000187989;6.08253;0.0699569;6.99569
3286;0.000187989;6.08253;0.0699569;6.99569
3287;0.000187989;6.08253;0.0699569;6.99569
3288;0.000187989;6.08253;0.0699569;6.99569
3289;0.000187989;6.08253;0.0699569;6.99569
3290;0.000187989;6.08253;0.0699569;6.99569
3291;0.000187989;6.08253;0.0699569;6.99569
3292;0.000187989;6.08253;0.0699569;6.99569
3293;0.000187989;6.08253;0.0699569;6.99569
3294;0.000187989;6.08253;0.0699569;6.99569
3295;0.000187989;6.08253;0.0699569;6.99569
3296;0.000187989;6.08253;0.0699569;6.99569
3297;0.000187989;6.08253;0.0699569;6.99569
3298;0.000187989;6.08253;0.0699569;6.99569
3299;0.000187989;6.08253;0.0699569;6.99569
3300;0.000187989;6.08253;0.0699569;6.99569
3301;0.000187989;6.08253;0.0699569;6.99569
3302;0.000187989;6.08253;0.0699569;6.99569
3303;0.000187989;6.08253;0.0699569;6.99569
3304;0.000187989;6.08253;0.0699569;6.99569
3305;0.000187989;6.08253;0.0699569;6.99569
3306;0.000187989;6.08253;0.0699569;6.99569
3307;0.000187989;6.08253;0.0699569;6.99569
3308;0.000187989;6.08253;0.0699569;6.99569
3309;0.000187989;6.08253;0.0699569;6.99569
3310;0.000187989;6.08253;0.0699569;6.99569
3311;0.000187989;6.08253;0.0699569;6.99569
3312;0.000187989;6.08253;0.0699569;6.99569
3313;0.000187989;6.08253;0.0699569;6.99569
3314;0.000187989;6.08253;0.0699569;6.99569
3315;0.000187989;6.08253;0.0699569;6.99569
3316;0.000187989;6.08253;0.0699569;6.99569
3317;0.000187989;6.08253;0.0699569;6.99569
3318;0.000187989;6.08253;0.0699569;6.99569
3319;0.000187989;6.08253;0.0699569;6.99569
3320;0.000187989;6.08253;0.0699569;6.99569
3321;0.000187989;6.08253;0.0699569;6.99569
3322;0.000187989;6.08253;0.0699569;6.99569
3323;0.000187989;6.08253;0.0699569;6.99569
3324;0.000187989;6.08253;0.0699569;6.99569
3325;0.000187989;6.08253;0.0699569;6.99569
3326;0.000187989;6.08253;0.0699569;6.99569
3327;0.000187989;6.08253;0.0699569;6.99569
3328;0.000187989;6.08253;0.0699569;6.99569
3329;0.000187989;6.08253;0.0699569;6.99569
3330;0.000187989;6.08253;0.0699569;6.99569
3331;0.000187989;6.08253;0.0699569;6.99569
3332;0.000187989;6.08253;0.0699569;6.99569
3333;0.000187989;6.08253;0.0699569;6.99569
3334;0.000187989;6.08253;0.0699569;6.99569
3335;0.000187989;6.08253;0.0699569;6.99569
3336;0.000187989;6.08253;0.0699569;6.99569
3337;0.000187989;6.08253;0.0699569;6.99569
3338;0.000187989;6.08253;0.0699569;6.99569
3339;0.000187989;6.08253;0.0699569;6.99569
3340;0.000187989;6.08253;0.0699569;6.99569
3341;0.000187989;6.08253;0.0699569;6.99569
3342;0.000187989;6.08253;0.0699569;6.99569
3343;0.000187989;6.08253;0.0699569;6.99569
3344;0.000187989;6.08253;0.0699569;6.99569
3345;0.000187989;6.08253;0.0699569;6.99569
3346;0.000187989;6.08253;0.0699569;6.99569
3347;0.000187989;6.08253;0.0699569;6.99569
3348;0.000187989;6.08253;0.0699569;6.99569
3349;0.000187989;6.08253;0.0699569;6.99569
3350;0.000187989;6.08253;0.0699569;6.99569
3351;0.000187989;6.08253;0.0699569;6.99569
3352;0.000187989;6.08253;0.0699569;6.99569
3353;0.000187989;6.08253;0.0699569;6.99569
3354;0.000187989;6.08253;0.0699569;6.99569
3355;0.000187989;6.08253;0.0699569;6.99569
3356;0.000187989;6.08253;0.0699569;6.99569
3357;0.000187989;6.08253;0.0699569;6.99569
3358;0.000187989;6.08253;0.0699569;6.99569
3359;0.000187989;6.08253;0.0699569;6.99569
3360;0.000187989;6.08253;0.0699569;6.99569
3361;0.000187989;6.08253;0.0699569;6.99569
3362;0.000187989;6.08253;0.0699569;6.99569
3363;0.000187989;6.08253;0.0699569;6.99569
3364;0.000187989;6.08253;0.0699569;6.99569
3365;0.000187989;6.08253;0.0699569;6.99569
3366;0.000187989;6.08253;0.0699569;6.99569
3367;0.000187989;6.08253;0.0699569;6.99569
3368;0.000187989;6.08253;0.0699569;6.99569
3369;0.000187989;6.08253;0.0699569;6.99569
3370;0.000187989;6.08253;0.0699569;6.99569
3371;0.000187989;6.08253;0.0699569;6.99569
3372;0.000187989;6.08253;0.0699569;6.99569
3373;0.000187989;6.08253;0.0699569;6.99569
3374;0.000187989;6.08253;0.0699569;6.99569
3375;0.000187989;6.08253;0.0699569;6.99569
3376;0.000187989;6.08253;0.0699569;6.99569
3377;0.000187989;6.08253;0.0699569;6.99569
3378;0.000187989;6.08253;0.0699569;6.99569
3379;0.000187989;6.08253;0.0699569;6.99569
3380;0.000187989;6.08253;0.0699569;6.99569
3381;0.000187989;6.08253;0.0699569;6.99569
3382;0.000187989;6.08253;0.0699569;6.99569
3383;0.000187989;6.08253;0.0699569;6.99569
3384;0.000187989;6.08253;0.0699569;6.99569
3385;0.000187989;6.08253;0.0699569;6.99569
3386;0.000187989;6.08253;0.0699569;6.99569
3387;0.000187989;6.08253;0.0699569;6.99569
3388;0.000187989;6.08253;0.0699569;6.99569
3389;0.000187989;6.08253;0.0699569;6.99569
3390;0.000187989;6.08253;0.0699569;6.99569
3391;0.000187989;6.08253;0.0699569;6.99569
3392;0.000187989;6.08253;0.0699569;6.99569
3393;0.000187989;6.08253;0.0699569;6.99569
3394;0.000187989;6.08253;0.0699569;6.99569
3395;0.000187989;6.08253;0.0699569;6.99569
3396;0.000187989;6.08253;0.0699569;6.99569
3397;0.000187989;6.08253;0.0699569;6.99569
3398;0.000187989;6.08253;0.0699569;6.99569
3399;0.000187989;6.08253;0.0699569;6.99569
3400;0.000187989;6.08253;0.0699569;6.99569
3401;0.000187989;6.08253;0.0699569;6.99569
3402;0.000187989;6.08253;0.0699569;6.99569
3403;0.000187989;6.08253;0.0699569;6.99569
3404;0.000187989;6.08253;0.0699569;6.99569
3405;0.000187989;6.08253;0.0699569;6.99569
3406;0.000187989;6.08253;0.0699569;6.99569
3407;0.000187989;6.08253;0.0699569;6.99569
3408;0.000187989;6.08253;0.0699569;6.99569
3409;0.000187989;6.08253;0.0699569;6.99569
3410;0.000187989;6.08253;0.0699569;6.99569
3411;0.000187989;6.08253;0.0699569;6.99569
3412;0.000187989;6.08253;0.0699569;6.99569
3413;0.000187989;6.08253;0.0699569;6.99569
3414;0.000187989;6.08253;0.0699569;6.99569
3415;0.000187989;6.08253;0.0699569;6.99569
3416;0.000187989;6.08253;0.0699569;6.99569
3417;0.000187989;6.08253;0.0699569;6.99569
3418;0.000187989;6.08253;0.0699569;6.99569
3419;0.000187989;6.08253;0.0699569;6.99569
3420;0.000187989;6.08253;0.0699569;6.99569
3421;0.000187989;6.08253;0.0699569;6.99569
3422;0.000187989;6.08253;0.0699569;6.99569
3423;0.000187989;6.08253;0.0699569;6.99569
3424;0.000187989;6.08253;0.0699569;6.99569
3425;0.000187989;6.08253;0.0699569;6.99569
3426;0.000187989;6.08253;0.0699569;6.99569
3427;0.000187989;6.08253;0.0699569;6.99569
3428;0.000187989;6.08253;0.0699569;6.99569
3429;0.000187989;6.08253;0.0699569;6.99569
3430;0.000187989;6.08253;0.0699569;6.99569
3431;0.000187989;6.08253;0.0699569;6.99569
3432;0.000187989;6.08253;0.0699569;6.99569
3433;0.000187989;6.08253;0.0699569;6.99569
3434;0.000187989;6.08253;0.0699569;6.99569
3435;0.000187989;6.08253;0.0699569;6.99569
3436;0.000187989;6.08253;0.0699569;6.99569
3437;0.000187989;6.08253;0.0699569;6.99569
3438;0.000187989;6.08253;0.0699569;6.99569
3439;0.000187989;6.08253;0.0699569;6.99569
3440;0.000187989;6.08253;0.0699569;6.99569
3441;0.000187989;6.08253;0.0699569;6.99569
3442;0.000187989;6.08253;0.0699569;6.99569
3443;0.000187989;6.08253;0.0699569;6.99569
3444;0.000187989;6.08253;0.0699569;6.99569
3445;0.000187989;6.08253;0.0699569;6.99569
3446;0.000187989;6.08253;0.0699569;6.99569
3447;0.000187989;6.08253;0.0699569;6.99569
3448;0.000187989;6.08253;0.0699569;6.99569
3449;0.000187989;6.08253;0.0699569;6.99569
3450;0.000187989;6.08253;0.0699569;6.99569
3451;0.000187989;6.08253;0.0699569;6.99569
3452;0.000187989;6.08253;0.0699569;6.99569
3453;0.000187989;6.08253;0.0699569;6.99569
3454;0.000187989;6.08253;0.0699569;6.99569
3455;0.000187989;6.08253;0.0699569;6.99569
3456;0.000187989;6.08253;0.0699569;6.99569
3457;0.000187989;6.08253;0.0699569;6.99569
3458;0.000187989;6.08253;0.0699569;6.99569
3459;0.000187989;6.08253;0.0699569;6.99569
3460;0.000187989;6.08253;0.0699569;6.99569
3461;0.000187989;6.08253;0.0699569;6.99569
3462;0.000187989;6.08253;0.0699569;6.99569
3463;0.000187989;6.08253;0.0699569;6.99569
3464;0.000187989;6.08253;0.0699569;6.99569
3465;0.000187989;6.08253;0.0699569;6.99569
3466;0.000187989;6.08253;0.0699569;6.99569
3467;0.000187989;6.08253;0.0699569;6.99569
3468;0.000187989;6.08253;0.0699569;6.99569
3469;0.000187989;6.08253;0.0699569;6.99569
3470;0.000187989;6.08253;0.0699569;6.99569
3471;0.000187989;6.08253;0.0699569;6.99569
3472;0.000187989;6.08253;0.0699569;6.99569
3473;0.000187989;6.08253;0.0699569;6.99569
3474;0.000187989;6.08253;0.0699569;6.99569
3475;0.000187989;6.08253;0.0699569;6.99569
3476;0.000187989;6.08253;0.0699569;6.99569
3477;0.000187989;6.08253;0.0699569;6.99569
3478;0.000187989;6.08253;0.0699569;6.99569
3479;0.000187989;6.08253;0.0699569;6.99569
3480;0.000187989;6.08253;0.0699569;6.99569
3481;0.000187989;6.08253;0.0699569;6.99569
3482;0.000187989;6.08253;0.0699569;6.99569
3483;0.000187989;6.08253;0.0699569;6.99569
3484;0.000187989;6.08253;0.0699569;6.99569
3485;0.000187989;6.08253;0.0699569;6.99569
3486;0.000187989;6.08253;0.0699569;6.99569
3487;0.000187989;6.08253;0.0699569;6.99569
3488;0.000187989;6.08253;0.0699569;6.99569
3489;0.000187989;6.08253;0.0699569;6.99569
3490;0.000187989;6.08253;0.0699569;6.99569
3491;0.000187989;6.08253;0.0699569;6.99569
3492;0.000187989;6.08253;0.0699569;6.99569
3493;0.000187989;6.08253;0.0699569;6.99569
3494;0.000187989;6.08253;0.0699569;6.99569
3495;0.000187989;6.08253;0.0699569;6.99569
3496;0.000187989;6.08253;0.0699569;6.99569
3497;0.000187989;6.08253;0.0699569;6.99569
3498;0.000187989;6.08253;0.0699569;6.99569
3499;0.000187989;6.08253;0.0699569;6.99569
3500;0.000187989;6.08253;0.0699569;6.99569
3501;0.000187989;6.08253;0.0699569;6.99569
3502;0.000187989;6.08253;0.0699569;6.99569
3503;0.000187989;6.08253;0.0699569;6.99569
3504;0.000187989;6.08253;0.0699569;6.99569
3505;0.000187989;6.08253;0.0699569;6.99569
3506;0.000187989;6.08253;0.0699569;6.99569
3507;0.000187989;6.08253;0.0699569;6.99569
3508;0.000187989;6.08253;0.0699569;6.99569
3509;0.000187989;6.08253;0.0699569;6.99569
3510;0.000187989;6.08253;0.0699569;6.99569
3511;0.000187989;6.08253;0.0699569;6.99569
3512;0.000187989;6.08253;0.0699569;6.99569
3513;0.000187989;6.08253;0.0699569;6.99569
3514;0.000187989;6.08253;0.0699569;6.99569
3515;0.000187989;6.08253;0.0699569;6.99569
3516;0.000187989;6.08253;0.0699569;6.99569
3517;0.000187989;6.08253;0.0699569;6.99569
3518;0.000187989;6.08253;0.0699569;6.99569
3519;0.000187989;6.08253;0.0699569;6.99569
3520;0.000187989;6.08253;0.0699569;6.99569
3521;0.000187989;6.08253;0.0699569;6.99569
3522;0.000187989;6.08253;0.0699569;6.99569
3523;0.000187989;6.08253;0.0699569;6.99569
3524;0.000187989;6.08253;0.0699569;6.99569
3525;0.000187989;6.08253;0.0699569;6.99569
3526;0.000187989;6.08253;0.0699569;6.99569
3527;0.000187989;6.08253;0.0699569;6.99569
3528;0.000187989;6.08253;0.0699569;6.99569
3529;0.000187989;6.08253;0.0699569;6.99569
3530;0.000187989;6.08253;0.0699569;6.99569
3531;0.000187989;6.08253;0.0699569;6.99569
3532;0.000187989;6.08253;0.0699569;6.99569
3533;0.000187989;6.08253;0.0699569;6.99569
3534;0.000187989;6.08253;0.0699569;6.99569
3535;0.000187989;6.08253;0.0699569;6.99569
3536;0.000187989;6.08253;0.0699569;6.99569
3537;0.000187989;6.08253;0.0699569;6.99569
3538;0.000187989;6.08253;0.0699569;6.99569
3539;0.000187989;6.08253;0.0699569;6.99569
3540;0.000187989;6.08253;0.0699569;6.99569
3541;0.000187989;6.08253;0.0699569;6.99569
3542;0.000187989;6.08253;0.0699569;6.99569
3543;0.000187989;6.08253;0.0699569;6.99569
3544;0.000187989;6.08253;0.0699569;6.99569
3545;0.000187989;6.08253;0.0699569;6.99569
3546;0.000187989;6.08253;0.0699569;6.99569
3547;0.000187989;6.08253;0.0699569;6.99569
3548;0.000187989;6.08253;0.0699569;6.99569
3549;0.000187989;6.08253;0.0699569;6.99569
3550;0.000187989;6.08253;0.0699569;6.99569
3551;0.000187989;6.08253;0.0699569;6.99569
3552;0.000187989;6.08253;0.0699569;6.99569
3553;0.000187989;6.08253;0.0699569;6.99569
3554;0.000187989;6.08253;0.0699569;6.99569
3555;0.000187989;6.08253;0.0699569;6.99569
3556;0.000187989;6.08253;0.0699569;6.99569
3557;0.000187989;6.08253;0.0699569;6.99569
3558;0.000187989;6.08253;0.0699569;6.99569
3559;0.000187989;6.08253;0.0699569;6.99569
3560;0.000187989;6.08253;0.0699569;6.99569
3561;0.000187989;6.08253;0.0699569;6.99569
3562;0.000187989;6.08253;0.0699569;6.99569
3563;0.000187989;6.08253;0.0699569;6.99569
3564;0.000187989;6.08253;0.0699569;6.99569
3565;0.000187989;6.08253;0.0699569;6.99569
3566;0.000187989;6.08253;0.0699569;6.99569
3567;0.000187989;6.08253;0.0699569;6.99569
3568;0.000187989;6.08253;0.0699569;6.99569
3569;0.000187989;6.08253;0.0699569;6.99569
3570;0.000187989;6.08253;0.0699569;6.99569
3571;0.000187989;6.08253;0.0699569;6.99569
3572;0.000187989;6.08253;0.0699569;6.99569
3573;0.000187989;6.08253;0.0699569;6.99569
3574;0.000187989;6.08253;0.0699569;6.99569
3575;0.000187989;6.08253;0.0699569;6.99569
3576;0.000187989;6.08253;0.0699569;6.99569
3577;0.000187989;6.08253;0.0699569;6.99569
3578;0.000187989;6.08253;0.0699569;6.99569
3579;0.000187989;6.08253;0.0699569;6.99569
3580;0.000187989;6.08253;0.0699569;6.99569
3581;0.000187989;6.08253;0.0699569;6.99569
3582;0.000187989;6.08253;0.0699569;6.99569
3583;0.000187989;6.08253;0.0699569;6.99569
3584;0.000187989;6.08253;0.0699569;6.99569
3585;0.000187989;6.08253;0.0699569;6.99569
3586;0.000187989;6.08253;0.0699569;6.99569
3587;0.000187989;6.08253;0.0699569;6.99569
3588;0.000187989;6.08253;0.0699569;6.99569
3589;0.000187989;6.08253;0.0699569;6.99569
3590;0.000187989;6.08253;0.0699569;6.99569
3591;0.000187989;6.08253;0.0699569;6.99569
3592;0.000187989;6.08253;0.0699569;6.99569
3593;0.000187989;6.08253;0.0699569;6.99569
3594;0.000187989;6.08253;0.0699569;6.99569
3595;0.000187989;6.08253;0.0699569;6.99569
3596;0.000187989;6.08253;0.0699569;6.99569
3597;0.000187989;6.08253;0.0699569;6.99569
3598;0.000187989;6.08253;0.0699569;6.99569
3599;0.000187989;6.08253;0.0699569;6.99569
3600;0.000187989;6.08253;0.0699569;6.99569
3601;0.000187989;6.08253;0.0699569;6.99569
3602;0.000187989;6.08253;0.0699569;6.99569
3603;0.000187989;6.08253;0.0699569;6.99569
3604;0.000187989;6.08253;0.0699569;6.99569
3605;0.000187989;6.08253;0.0699569;6.99569
3606;0.000187989;6.08253;0.0699569;6.99569
3607;0.000187989;6.08253;0.0699569;6.99569
3608;0.000187989;6.08253;0.0699569;6.99569
3609;0.000187989;6.08253;0.0699569;6.99569
3610;0.000187989;6.08253;0.0699569;6.99569
3611;0.000187989;6.08253;0.0699569;6.99569
3612;0.000187989;6.08253;0.0699569;6.99569
3613;0.000187989;6.08253;0.0699569;6.99569
3614;0.000187989;6.08253;0.0699569;6.99569
3615;0.000187989;6.08253;0.0699569;6.99569
3616;0.000187989;6.08253;0.0699569;6.99569
3617;0.000187989;6.08253;0.0699569;6.99569
3618;0.000187989;6.08253;0.0699569;6.99569
3619;0.000187989;6.08253;0.0699569;6.99569
3620;0.000187989;6.08253;0.0699569;6.99569
3621;0.000187989;6.08253;0.0699569;6.99569
3622;0.000187989;6.08253;0.0699569;6.99569
3623;0.000187989;6.08253;0.0699569;6.99569
3624;0.000187989;6.08253;0.0699569;6.99569
3625;0.000187989;6.08253;0.0699569;6.99569
3626;0.000187989;6.08253;0.0699569;6.99569
3627;0.000187989;6.08253;0.0699569;6.99569
3628;0.000187989;6.08253;0.0699569;6.99569
3629;0.000187989;6.08253;0.0699569;6.99569
3630;0.000187989;6.08253;0.0699569;6.99569
3631;0.000187989;6.08253;0.0699569;6.99569
3632;0.000187989;6.08253;0.0699569;6.99569
3633;0.000187989;6.08253;0.0699569;6.99569
3634;0.000187989;6.08253;0.0699569;6.99569
3635;0.000187989;6.08253;0.0699569;6.99569
3636;0.000187989;6.08253;0.0699569;6.99569
3637;0.000187989;6.08253;0.0699569;6.99569
3638;0.000187989;6.08253;0.0699569;6.99569
3639;0.000187989;6.08253;0.0699569;6.99569
3640;0.000187989;6.08253;0.0699569;6.99569
3641;0.000187989;6.08253;0.0699569;6.99569
3642;0.000187989;6.08253;0.0699569;6.99569
3643;0.000187989;6.08253;0.0699569;6.99569
3644;0.000187989;6.08253;0.0699569;6.99569
3645;0.000187989;6.08253;0.0699569;6.99569
3646;0.000187989;6.08253;0.0699569;6.99569
3647;0.000187989;6.08253;0.0699569;6.99569
3648;0.000187989;6.08253;0.0699569;6.99569
3649;0.000187989;6.08253;0.0699569;6.99569
3650;0.000187989;6.08253;0.0699569;6.99569
3651;0.000187989;6.08253;0.0699569;6.99569
3652;0.000187989;6.08253;0.0699569;6.99569
3653;0.000187989;6.08253;0.0699569;6.99569
3654;0.000187989;6.08253;0.0699569;6.99569
3655;0.000187989;6.08253;0.0699569;6.99569
3656;0.000187989;6.08253;0.0699569;6.99569
3657;0.000187989;6.08253;0.0699569;6.99569
3658;0.000187989;6.08253;0.0699569;6.99569
3659;0.000187989;6.08253;0.0699569;6.99569
3660;0.000187989;6.08253;0.0699569;6.99569
3661;0.000187989;6.08253;0.0699569;6.99569
3662;0.000187989;6.08253;0.0699569;6.99569
3663;0.000187989;6.08253;0.0699569;6.99569
3664;0.000187989;6.08253;0.0699569;6.99569
3665;0.000187989;6.08253;0.0699569;6.99569
3666;0.000187989;6.08253;0.0699569;6.99569
3667;0.000187989;6.08253;0.0699569;6.99569
3668;0.000187989;6.08253;0.0699569;6.99569
3669;0.000187989;6.08253;0.0699569;6.99569
3670;0.000187989;6.08253;0.0699569;6.99569
3671;0.000187989;6.08253;0.0699569;6.99569
3672;0.000187989;6.08253;0.0699569;6.99569
3673;0.000187989;6.08253;0.0699569;6.99569
3674;0.000187989;6.08253;0.0699569;6.99569
3675;0.000187989;6.08253;0.0699569;6.99569
3676;0.000187989;6.08253;0.0699569;6.99569
3677;0.000187989;6.08253;0.0699569;6.99569
3678;0.000187989;6.08253;0.0699569;6.99569
3679;0.000187989;6.08253;0.0699569;6.99569
3680;0.000187989;6.08253;0.0699569;6.99569
3681;0.000187989;6.08253;0.0699569;6.99569
3682;0.000187989;6.08253;0.0699569;6.99569
3683;0.000187989;6.08253;0.0699569;6.99569
3684;0.000187989;6.08253;0.0699569;6.99569
3685;0.000187989;6.08253;0.0699569;6.99569
3686;0.000187989;6.08253;0.0699569;6.99569
3687;0.000187989;6.08253;0.0699569;6.99569
3688;0.000187989;6.08253;0.0699569;6.99569
3689;0.000187989;6.08253;0.0699569;6.99569
3690;0.000187989;6.08253;0.0699569;6.99569
3691;0.000187989;6.08253;0.0699569;6.99569
3692;0.000187989;6.08253;0.0699569;6.99569
3693;0.000187989;6.08253;0.0699569;6.99569
3694;0.000187989;6.08253;0.0699569;6.99569
3695;0.000187989;6.08253;0.0699569;6.99569
3696;0.000187989;6.08253;0.0699569;6.99569
3697;0.000187989;6.08253;0.0699569;6.99569
3698;0.000187989;6.08253;0.0699569;6.99569
3699;0.000187989;6.08253;0.0699569;6.99569
3700;0.000187989;6.08253;0.0699569;6.99569
3701;0.000187989;6.08253;0.0699569;6.99569
3702;0.000187989;6.08253;0.0699569;6.99569
3703;0.000187989;6.08253;0.0699569;6.99569
3704;0.000187989;6.08253;0.0699569;6.99569
3705;0.000187989;6.08253;0.0699569;6.99569
3706;0.000187989;6.08253;0.0699569;6.99569
3707;0.000187989;6.08253;0.0699569;6.99569
3708;0.000187989;6.08253;0.0699569;6.99569
3709;0.000187989;6.08253;0.0699569;6.99569
3710;0.000187989;6.08253;0.0699569;6.99569
3711;0.000187989;6.08253;0.0699569;6.99569
3712;0.000187989;6.08253;0.0699569;6.99569
3713;0.000187989;6.08253;0.0699569;6.99569
3714;0.000187989;6.08253;0.0699569;6.99569
3715;0.000187989;6.08253;0.0699569;6.99569
3716;0.000187989;6.08253;0.0699569;6.99569
3717;0.000187989;6.08253;0.0699569;6.99569
3718;0.000187989;6.08253;0.0699569;6.99569
3719;0.000187989;6.08253;0.0699569;6.99569
3720;0.000187989;6.08253;0.0699569;6.99569
3721;0.000187989;6.08253;0.0699569;6.99569
3722;0.000187989;6.08253;0.0699569;6.99569
3723;0.000187989;6.08253;0.0699569;6.99569
3724;0.000187989;6.08253;0.0699569;6.99569
3725;0.000187989;6.08253;0.0699569;6.99569
3726;0.000187989;6.08253;0.0699569;6.99569
3727;0.000187989;6.08253;0.0699569;6.99569
3728;0.000187989;6.08253;0.0699569;6.99569
3729;0.000187989;6.08253;0.0699569;6.99569
3730;0.000187989;6.08253;0.0699569;6.99569
3731;0.000187989;6.08253;0.0699569;6.99569
3732;0.000187989;6.08253;0.0699569;6.99569
3733;0.000187989;6.08253;0.0699569;6.99569
3734;0.000187989;6.08253;0.0699569;6.99569
3735;0.000187989;6.08253;0.0699569;6.99569
3736;0.000187989;6.08253;0.0699569;6.99569
3737;0.000187989;6.08253;0.0699569;6.99569
3738;0.000187989;6.08253;0.0699569;6.99569
3739;0.000187989;6.08253;0.0699569;6.99569
3740;0.000187989;6.08253;0.0699569;6.99569
3741;0.000187989;6.08253;0.0699569;6.99569
3742;0.000187989;6.08253;0.0699569;6.99569
3743;0.000187989;6.08253;0.0699569;6.99569
3744;0.000187989;6.08253;0.0699569;6.99569
3745;0.000187989;6.08253;0.0699569;6.99569
3746;0.000187989;6.08253;0.0699569;6.99569
3747;0.000187989;6.08253;0.0699569;6.99569
3748;0.000187989;6.08253;0.0699569;6.99569
3749;0.000187989;6.08253;0.0699569;6.99569
3750;0.000187989;6.08253;0.0699569;6.99569
3751;0.000187989;6.08253;0.0699569;6.99569
3752;0.000187989;6.08253;0.0699569;6.99569
3753;0.000187989;6.08253;0.0699569;6.99569
3754;0.000187989;6.08253;0.0699569;6.99569
3755;0.000187989;6.08253;0.0699569;6.99569
3756;0.000187989;6.08253;0.0699569;6.99569
3757;0.000187989;6.08253;0.0699569;6.99569
3758;0.000187989;6.08253;0.0699569;6.99569
3759;0.000187989;6.08253;0.0699569;6.99569
3760;0.000187989;6.08253;0.0699569;6.99569
3761;0.000187989;6.08253;0.0699569;6.99569
3762;0.000187989;6.08253;0.0699569;6.99569
3763;0.000187989;6.08253;0.0699569;6.99569
3764;0.000187989;6.08253;0.0699569;6.99569
3765;0.000187989;6.08253;0.0699569;6.99569
3766;0.000187989;6.08253;0.0699569;6.99569
3767;0.000187989;6.08253;0.0699569;6.99569
3768;0.000187989;6.08253;0.0699569;6.99569
3769;0.000187989;6.08253;0.0699569;6.99569
3770;0.000187989;6.08253;0.0699569;6.99569
3771;0.000187989;6.08253;0.0699569;6.99569
3772;0.000187989;6.08253;0.0699569;6.99569
3773;0.000187989;6.08253;0.0699569;6.99569
3774;0.000187989;6.08253;0.0699569;6.99569
3775;0.000187989;6.08253;0.0699569;6.99569
3776;0.000187989;6.08253;0.0699569;6.99569
3777;0.000187989;6.08253;0.0699569;6.99569
3778;0.000187989;6.08253;0.0699569;6.99569
3779;0.000187989;6.08253;0.0699569;6.99569
3780;0.000187989;6.08253;0.0699569;6.99569
3781;0.000187989;6.08253;0.0699569;6.99569
3782;0.000187989;6.08253;0.0699569;6.99569
3783;0.000187989;6.08253;0.0699569;6.99569
3784;0.000187989;6.08253;0.0699569;6.99569
3785;0.000187989;6.08253;0.0699569;6.99569
3786;0.000187989;6.08253;0.0699569;6.99569
3787;0.000187989;6.08253;0.0699569;6.99569
3788;0.000187989;6.08253;0.0699569;6.99569
3789;0.000187989;6.08253;0.0699569;6.99569
3790;0.000187989;6.08253;0.0699569;6.99569
3791;0.000187989;6.08253;0.0699569;6.99569
3792;0.000187989;6.08253;0.0699569;6.99569
3793;0.000187989;6.08253;0.0699569;6.99569
3794;0.000187989;6.08253;0.0699569;6.99569
3795;0.000187989;6.08253;0.0699569;6.99569
3796;0.000187989;6.08253;0.0699569;6.99569
3797;0.000187989;6.08253;0.0699569;6.99569
3798;0.000187989;6.08253;0.0699569;6.99569
3799;0.000187989;6.08253;0.0699569;6.99569
3800;0.000187989;6.08253;0.0699569;6.99569
3801;0.000187989;6.08253;0.0699569;6.99569
3802;0.000187989;6.08253;0.0699569;6.99569
3803;0.000187989;6.08253;0.0699569;6.99569
3804;0.000187989;6.08253;0.0699569;6.99569
3805;0.000187989;6.08253;0.0699569;6.99569
3806;0.000187989;6.08253;0.0699569;6.99569
3807;0.000187989;6.08253;0.0699569;6.99569
3808;0.000187989;6.08253;0.0699569;6.99569
3809;0.000187989;6.08253;0.0699569;6.99569
3810;0.000187989;6.08253;0.0699569;6.99569
3811;0.000187989;6.08253;0.0699569;6.99569
3812;0.000187989;6.08253;0.0699569;6.99569
3813;0.000187989;6.08253;0.0699569;6.99569
3814;0.000187989;6.08253;0.0699569;6.99569
3815;0.000187989;6.08253;0.0699569;6.99569
3816;0.000187989;6.08253;0.0699569;6.99569
3817;0.000187989;6.08253;0.0699569;6.99569
3818;0.000187989;6.08253;0.0699569;6.99569
3819;0.000187989;6.08253;0.0699569;6.99569
3820;0.000187989;6.08253;0.0699569;6.99569
3821;0.000187989;6.08253;0.0699569;6.99569
3822;0.000187989;6.08253;0.0699569;6.99569
3823;0.000187989;6.08253;0.0699569;6.99569
3824;0.000187989;6.08253;0.0699569;6.99569
3825;0.000187989;6.08253;0.0699569;6.99569
3826;0.000187989;6.08253;0.0699569;6.99569
3827;0.000187989;6.08253;0.0699569;6.99569
3828;0.000187989;6.08253;0.0699569;6.99569
3829;0.000187989;6.08253;0.0699569;6.99569
3830;0.000187989;6.08253;0.0699569;6.99569
3831;0.000187989;6.08253;0.0699569;6.99569
3832;0.000187989;6.08253;0.0699569;6.99569
3833;0.000187989;6.08253;0.0699569;6.99569
3834;0.000187989;6.08253;0.0699569;6.99569
3835;0.000187989;6.08253;0.0699569;6.99569
3836;0.000187989;6.08253;0.0699569;6.99569
3837;0.000187989;6.08253;0.0699569;6.99569
3838;0.000187989;6.08253;0.0699569;6.99569
3839;0.000187989;6.08253;0.0699569;6.99569
3840;0.000187989;6.08253;0.0699569;6.99569
3841;0.000187989;6.08253;0.0699569;6.99569
3842;0.000187989;6.08253;0.0699569;6.99569
3843;0.000187989;6.08253;0.0699569;6.99569
3844;0.000187989;6.08253;0.0699569;6.99569
3845;0.000187989;6.08253;0.0699569;6.99569
3846;0.000187989;6.08253;0.0699569;6.99569
3847;0.000187989;6.08253;0.0699569;6.99569
3848;0.000187989;6.08253;0.0699569;6.99569
3849;0.000187989;6.08253;0.0699569;6.99569
3850;0.000187989;6.08253;0.0699569;6.99569
3851;0.000187989;6.08253;0.0699569;6.99569
3852;0.000187989;6.08253;0.0699569;6.99569
3853;0.000187989;6.08253;0.0699569;6.99569
3854;0.000187989;6.08253;0.0699569;6.99569
3855;0.000187989;6.08253;0.0699569;6.99569
3856;0.000187989;6.08253;0.0699569;6.99569
3857;0.000187989;6.08253;0.0699569;6.99569
3858;0.000187989;6.08253;0.0699569;6.99569
3859;0.000187989;6.08253;0.0699569;6.99569
3860;0.000187989;6.08253;0.0699569;6.99569
3861;0.000187989;6.08253;0.0699569;6.99569
3862;0.000187989;6.08253;0.0699569;6.99569
3863;0.000187989;6.08253;0.0699569;6.99569
3864;0.000187989;6.08253;0.0699569;6.99569
3865;0.000187989;6.08253;0.0699569;6.99569
3866;0.000187989;6.08253;0.0699569;6.99569
3867;0.000187989;6.08253;0.0699569;6.99569
3868;0.000187989;6.08253;0.0699569;6.99569
3869;0.000187989;6.08253;0.0699569;6.99569
3870;0.000187989;6.08253;0.0699569;6.99569
3871;0.000187989;6.08253;0.0699569;6.99569
3872;0.000187989;6.08253;0.0699569;6.99569
3873;0.000187989;6.08253;0.0699569;6.99569
3874;0.000187989;6.08253;0.0699569;6.99569
3875;0.000187989;6.08253;0.0699569;6.99569
3876;0.000187989;6.08253;0.0699569;6.99569
3877;0.000187989;6.08253;0.0699569;6.99569
3878;0.000187989;6.08253;0.0699569;6.99569
3879;0.000187989;6.08253;0.0699569;6.99569
3880;0.000187989;6.08253;0.0699569;6.99569
3881;0.000187989;6.08253;0.0699569;6.99569
3882;0.000187989;6.08253;0.0699569;6.99569
3883;0.000187989;6.08253;0.0699569;6.99569
3884;0.000187989;6.08253;0.0699569;6.99569
3885;0.000187989;6.08253;0.0699569;6.99569
3886;0.000187989;6.08253;0.0699569;6.99569
3887;0.000187989;6.08253;0.0699569;6.99569
3888;0.000187989;6.08253;0.0699569;6.99569
3889;0.000187989;6.08253;0.0699569;6.99569
3890;0.000187989;6.08253;0.0699569;6.99569
3891;0.000187989;6.08253;0.0699569;6.99569
3892;0.000187989;6.08253;0.0699569;6.99569
3893;0.000187989;6.08253;0.0699569;6.99569
3894;0.000187989;6.08253;0.0699569;6.99569
3895;0.000187989;6.08253;0.0699569;6.99569
3896;0.000187989;6.08253;0.0699569;6.99569
3897;0.000187989;6.08253;0.0699569;6.99569
3898;0.000187989;6.08253;0.0699569;6.99569
3899;0.000187989;6.08253;0.0699569;6.99569
3900;0.000187989;6.08253;0.0699569;6.99569
3901;0.000187989;6.08253;0.0699569;6.99569
3902;0.000187989;6.08253;0.0699569;6.99569
3903;0.000187989;6.08253;0.0699569;6.99569
3904;0.000187989;6.08253;0.0699569;6.99569
3905;0.000187989;6.08253;0.0699569;6.99569
3906;0.000187989;6.08253;0.0699569;6.99569
3907;0.000187989;6.08253;0.0699569;6.99569
3908;0.000187989;6.08253;0.0699569;6.99569
3909;0.000187989;6.08253;0.0699569;6.99569
3910;0.000187989;6.08253;0.0699569;6.99569
3911;0.000187989;6.08253;0.0699569;6.99569
3912;0.000187989;6.08253;0.0699569;6.99569
3913;0.000187989;6.08253;0.0699569;6.99569
3914;0.000187989;6.08253;0.0699569;6.99569
3915;0.000187989;6.08253;0.0699569;6.99569
3916;0.000187989;6.08253;0.0699569;6.99569
3917;0.000187989;6.08253;0.0699569;6.99569
3918;0.000187989;6.08253;0.0699569;6.99569
3919;0.000187989;6.08253;0.0699569;6.99569
3920;0.000187989;6.08253;0.0699569;6.99569
3921;0.000187989;6.08253;0.0699569;6.99569
3922;0.000187989;6.08253;0.0699569;6.99569
3923;0.000187989;6.08253;0.0699569;6.99569
3924;0.000187989;6.08253;0.0699569;6.99569
3925;0.000187989;6.08253;0.0699569;6.99569
3926;0.000187989;6.08253;0.0699569;6.99569
3927;0.000187989;6.08253;0.0699569;6.99569
3928;0.000187989;6.08253;0.0699569;6.99569
3929;0.000187989;6.08253;0.0699569;6.99569
3930;0.000187989;6.08253;0.0699569;6.99569
3931;0.000187989;6.08253;0.0699569;6.99569
3932;0.000187989;6.08253;0.0699569;6.99569
3933;0.000187989;6.08253;0.0699569;6.99569
3934;0.000187989;6.08253;0.0699569;6.99569
3935;0.000187989;6.08253;0.0699569;6.99569
3936;0.000187989;6.08253;0.0699569;6.99569
3937;0.000187989;6.08253;0.0699569;6.99569
3938;0.000187989;6.08253;0.0699569;6.99569
3939;0.000187989;6.08253;0.0699569;6.99569
3940;0.000187989;6.08253;0.0699569;6.99569
3941;0.000187989;6.08253;0.0699569;6.99569
3942;0.000187989;6.08253;0.0699569;6.99569
3943;0.000187989;6.08253;0.0699569;6.99569
3944;0.000187989;6.08253;0.0699569;6.99569
3945;0.000187989;6.08253;0.0699569;6.99569
3946;0.000187989;6.08253;0.0699569;6.99569
3947;0.000187989;6.08253;0.0699569;6.99569
3948;0.000187989;6.08253;0.0699569;6.99569
3949;0.000187989;6.08253;0.0699569;6.99569
3950;0.000187989;6.08253;0.0699569;6.99569
3951;0.000187989;6.08253;0.0699569;6.99569
3952;0.000187989;6.08253;0.0699569;6.99569
3953;0.000187989;6.08253;0.0699569;6.99569
3954;0.000187989;6.08253;0.0699569;6.99569
3955;0.000187989;6.08253;0.0699569;6.99569
3956;0.000187989;6.08253;0.0699569;6.99569
3957;0.000187989;6.08253;0.0699569;6.99569
3958;0.000187989;6.08253;0.0699569;6.99569
3959;0.000187989;6.08253;0.0699569;6.99569
3960;0.000187989;6.08253;0.0699569;6.99569
3961;0.000187989;6.08253;0.0699569;6.99569
3962;0.000187989;6.08253;0.0699569;6.99569
3963;0.000187989;6.08253;0.0699569;6.99569
3964;0.000187989;6.08253;0.0699569;6.99569
3965;0.000187989;6.08253;0.0699569;6.99569
3966;0.000187989;6.08253;0.0699569;6.99569
3967;0.000187989;6.08253;0.0699569;6.99569
3968;0.000187989;6.08253;0.0699569;6.99569
3969;0.000187989;6.08253;0.0699569;6.99569
3970;0.000187989;6.08253;0.0699569;6.99569
3971;0.000187989;6.08253;0.0699569;6.99569
3972;0.000187989;6.08253;0.0699569;6.99569
3973;0.000187989;6.08253;0.0699569;6.99569
3974;0.000187989;6.08253;0.0699569;6.99569
3975;0.000187989;6.08253;0.0699569;6.99569
3976;0.000187989;6.08253;0.0699569;6.99569
3977;0.000187989;6.08253;0.0699569;6.99569
3978;0.000187989;6.08253;0.0699569;6.99569
3979;0.000187989;6.08253;0.0699569;6.99569
3980;0.000187989;6.08253;0.0699569;6.99569
3981;0.000187989;6.08253;0.0699569;6.99569
3982;0.000187989;6.08253;0.0699569;6.99569
3983;0.000187989;6.08253;0.0699569;6.99569
3984;0.000187989;6.08253;0.0699569;6.99569
3985;0.000187989;6.08253;0.0699569;6.99569
3986;0.000187989;6.08253;0.0699569;6.99569
3987;0.000187989;6.08253;0.0699569;6.99569
3988;0.000187989;6.08253;0.0699569;6.99569
3989;0.000187989;6.08253;0.0699569;6.99569
3990;0.000187989;6.08253;0.0699569;6.99569
3991;0.000187989;6.08253;0.0699569;6.99569
3992;0.000187989;6.08253;0.0699569;6.99569
3993;0.000187989;6.08253;0.0699569;6.99569
3994;0.000187989;6.08253;0.0699569;6.99569
3995;0.000187989;6.08253;0.0699569;6.99569
3996;0.000187989;6.08253;0.0699569;6.99569
3997;0.000187989;6.08253;0.0699569;6.99569
3998;0.000187989;6.08253;0.0699569;6.99569
3999;0.000187989;6.08253;0.0699569;6.99569
4000;0.000187989;6.08253;0.0699569;6.99569
4001;0.000187989;6.08253;0.0699569;6.99569
4002;0.000187989;6.08253;0.0699569;6.99569
4003;0.000187989;6.08253;0.0699569;6.99569
4004;0.000187989;6.08253;0.0699569;6.99569
4005;0.000187989;6.08253;0.0699569;6.99569
4006;0.000187989;6.08253;0.0699569;6.99569
4007;0.000187989;6.08253;0.0699569;6.99569
4008;0.000187989;6.08253;0.0699569;6.99569
4009;0.000187989;6.08253;0.0699569;6.99569
4010;0.000187989;6.08253;0.0699569;6.99569
4011;0.000187989;6.08253;0.0699569;6.99569
4012;0.000187989;6.08253;0.0699569;6.99569
4013;0.000187989;6.08253;0.0699569;6.99569
4014;0.000187989;6.08253;0.0699569;6.99569
4015;0.000187989;6.08253;0.0699569;6.99569
4016;0.000187989;6.08253;0.0699569;6.99569
4017;0.000187989;6.08253;0.0699569;6.99569
4018;0.000187989;6.08253;0.0699569;6.99569
4019;0.000187989;6.08253;0.0699569;6.99569
4020;0.000187989;6.08253;0.0699569;6.99569
4021;0.000187989;6.08253;0.0699569;6.99569
4022;0.000187989;6.08253;0.0699569;6.99569
4023;0.000187989;6.08253;0.0699569;6.99569
4024;0.000187989;6.08253;0.0699569;6.99569
4025;0.000187989;6.08253;0.0699569;6.99569
4026;0.000187989;6.08253;0.0699569;6.99569
4027;0.000187989;6.08253;0.0699569;6.99569
4028;0.000187989;6.08253;0.0699569;6.99569
4029;0.000187989;6.08253;0.0699569;6.99569
4030;0.000187989;6.08253;0.0699569;6.99569
4031;0.000187989;6.08253;0.0699569;6.99569
4032;0.000187989;6.08253;0.0699569;6.99569
4033;0.000187989;6.08253;0.0699569;6.99569
4034;0.000187989;6.08253;0.0699569;6.99569
4035;0.000187989;6.08253;0.0699569;6.99569
4036;0.000187989;6.08253;0.0699569;6.99569
4037;0.000187989;6.08253;0.0699569;6.99569
4038;0.000187989;6.08253;0.0699569;6.99569
4039;0.000187989;6.08253;0.0699569;6.99569
4040;0.000187989;6.08253;0.0699569;6.99569
4041;0.000187989;6.08253;0.0699569;6.99569
4042;0.000187989;6.08253;0.0699569;6.99569
4043;0.000187989;6.08253;0.0699569;6.99569
4044;0.000187989;6.08253;0.0699569;6.99569
4045;0.000187989;6.08253;0.0699569;6.99569
4046;0.000187989;6.08253;0.0699569;6.99569
4047;0.000187989;6.08253;0.0699569;6.99569
4048;0.000187989;6.08253;0.0699569;6.99569
4049;0.000187989;6.08253;0.0699569;6.99569
4050;0.000187989;6.08253;0.0699569;6.99569
4051;0.000187989;6.08253;0.0699569;6.99569
4052;0.000187989;6.08253;0.0699569;6.99569
4053;0.000187989;6.08253;0.0699569;6.99569
4054;0.000187989;6.08253;0.0699569;6.99569
4055;0.000187989;6.08253;0.0699569;6.99569
4056;0.000187989;6.08253;0.0699569;6.99569
4057;0.000187989;6.08253;0.0699569;6.99569
4058;0.000187989;6.08253;0.0699569;6.99569
4059;0.000187989;6.08253;0.0699569;6.99569
4060;0.000187989;6.08253;0.0699569;6.99569
4061;0.000187989;6.08253;0.0699569;6.99569
4062;0.000187989;6.08253;0.0699569;6.99569
4063;0.000187989;6.08253;0.0699569;6.99569
4064;0.000187989;6.08253;0.0699569;6.99569
4065;0.000187989;6.08253;0.0699569;6.99569
4066;0.000187989;6.08253;0.0699569;6.99569
4067;0.000187989;6.08253;0.0699569;6.99569
4068;0.000187989;6.08253;0.0699569;6.99569
4069;0.000187989;6.08253;0.0699569;6.99569
4070;0.000187989;6.08253;0.0699569;6.99569
4071;0.000187989;6.08253;0.0699569;6.99569
4072;0.000187989;6.08253;0.0699569;6.99569
4073;0.000187989;6.08253;0.0699569;6.99569
4074;0.000187989;6.08253;0.0699569;6.99569
4075;0.000187989;6.08253;0.0699569;6.99569
4076;0.000187989;6.08253;0.0699569;6.99569
4077;0.000187989;6.08253;0.0699569;6.99569
4078;0.000187989;6.08253;0.0699569;6.99569
4079;0.000187989;6.08253;0.0699569;6.99569
4080;0.000187989;6.08253;0.0699569;6.99569
4081;0.000187989;6.08253;0.0699569;6.99569
4082;0.000187989;6.08253;0.0699569;6.99569
4083;0.000187989;6.08253;0.0699569;6.99569
4084;0.000187989;6.08253;0.0699569;6.99569
4085;0.000187989;6.08253;0.0699569;6.99569
4086;0.000187989;6.08253;0.0699569;6.99569
4087;0.000187989;6.08253;0.0699569;6.99569
4088;0.000187989;6.08253;0.0699569;6.99569
4089;0.000187989;6.08253;0.0699569;6.99569
4090;0.000187989;6.08253;0.0699569;6.99569
4091;0.000187989;6.08253;0.0699569;6.99569
4092;0.000187989;6.08253;0.0699569;6.99569
4093;0.000187989;6.08253;0.0699569;6.99569
4094;0.000187989;6.08253;0.0699569;6.99569
4095;0.000187989;6.08253;0.0699569;6.99569
4096;0.000187989;6.08253;0.0699569;6.99569
4097;0.000187989;6.08253;0.0699569;6.99569
4098;0.000187989;6.08253;0.0699569;6.99569
4099;0.000187989;6.08253;0.0699569;6.99569
4100;0.000187989;6.08253;0.0699569;6.99569
4101;0.000187989;6.08253;0.0699569;6.99569
4102;0.000187989;6.08253;0.0699569;6.99569
4103;0.000187989;6.08253;0.0699569;6.99569
4104;0.000187989;6.08253;0.0699569;6.99569
4105;0.000187989;6.08253;0.0699569;6.99569
4106;0.000187989;6.08253;0.0699569;6.99569
4107;0.000187989;6.08253;0.0699569;6.99569
4108;0.000187989;6.08253;0.0699569;6.99569
4109;0.000187989;6.08253;0.0699569;6.99569
4110;0.000187989;6.08253;0.0699569;6.99569
4111;0.000187989;6.08253;0.0699569;6.99569
4112;0.000187989;6.08253;0.0699569;6.99569
4113;0.000187989;6.08253;0.0699569;6.99569
4114;0.000187989;6.08253;0.0699569;6.99569
4115;0.000187989;6.08253;0.0699569;6.99569
4116;0.000187989;6.08253;0.0699569;6.99569
4117;0.000187989;6.08253;0.0699569;6.99569
4118;0.000187989;6.08253;0.0699569;6.99569
4119;0.000187989;6.08253;0.0699569;6.99569
4120;0.000187989;6.08253;0.0699569;6.99569
4121;0.000187989;6.08253;0.0699569;6.99569
4122;0.000187989;6.08253;0.0699569;6.99569
4123;0.000187989;6.08253;0.0699569;6.99569
4124;0.000187989;6.08253;0.0699569;6.99569
4125;0.000187989;6.08253;0.0699569;6.99569
4126;0.000187989;6.08253;0.0699569;6.99569
4127;0.000187989;6.08253;0.0699569;6.99569
4128;0.000187989;6.08253;0.0699569;6.99569
4129;0.000187989;6.08253;0.0699569;6.99569
4130;0.000187989;6.08253;0.0699569;6.99569
4131;0.000187989;6.08253;0.0699569;6.99569
4132;0.000187989;6.08253;0.0699569;6.99569
4133;0.000187989;6.08253;0.0699569;6.99569
4134;0.000187989;6.08253;0.0699569;6.99569
4135;0.000187989;6.08253;0.0699569;6.99569
4136;0.000187989;6.08253;0.0699569;6.99569
4137;0.000187989;6.08253;0.0699569;6.99569
4138;0.000187989;6.08253;0.0699569;6.99569
4139;0.000187989;6.08253;0.0699569;6.99569
4140;0.000187989;6.08253;0.0699569;6.99569
4141;0.000187989;6.08253;0.0699569;6.99569
4142;0.000187989;6.08253;0.0699569;6.99569
4143;0.000187989;6.08253;0.0699569;6.99569
4144;0.000187989;6.08253;0.0699569;6.99569
4145;0.000187989;6.08253;0.0699569;6.99569
4146;0.000187989;6.08253;0.0699569;6.99569
4147;0.000187989;6.08253;0.0699569;6.99569
4148;0.000187989;6.08253;0.0699569;6.99569
4149;0.000187989;6.08253;0.0699569;6.99569
4150;0.000187989;6.08253;0.0699569;6.99569
4151;0.000187989;6.08253;0.0699569;6.99569
4152;0.000187989;6.08253;0.0699569;6.99569
4153;0.000187989;6.08253;0.0699569;6.99569
4154;0.000187989;6.08253;0.0699569;6.99569
4155;0.000187989;6.08253;0.0699569;6.99569
4156;0.000187989;6.08253;0.0699569;6.99569
4157;0.000187989;6.08253;0.0699569;6.99569
4158;0.000187989;6.08253;0.0699569;6.99569
4159;0.000187989;6.08253;0.0699569;6.99569
4160;0.000187989;6.08253;0.0699569;6.99569
4161;0.000187989;6.08253;0.0699569;6.99569
4162;0.000187989;6.08253;0.0699569;6.99569
4163;0.000187989;6.08253;0.0699569;6.99569
4164;0.000187989;6.08253;0.0699569;6.99569
4165;0.000187989;6.08253;0.0699569;6.99569
4166;0.000187989;6.08253;0.0699569;6.99569
4167;0.000187989;6.08253;0.0699569;6.99569
4168;0.000187989;6.08253;0.0699569;6.99569
4169;0.000187989;6.08253;0.0699569;6.99569
4170;0.000187989;6.08253;0.0699569;6.99569
4171;0.000187989;6.08253;0.0699569;6.99569
4172;0.000187989;6.08253;0.0699569;6.99569
4173;0.000187989;6.08253;0.0699569;6.99569
4174;0.000187989;6.08253;0.0699569;6.99569
4175;0.000187989;6.08253;0.0699569;6.99569
4176;0.000187989;6.08253;0.0699569;6.99569
4177;0.000187989;6.08253;0.0699569;6.99569
4178;0.000187989;6.08253;0.0699569;6.99569
4179;0.000187989;6.08253;0.0699569;6.99569
4180;0.000187989;6.08253;0.0699569;6.99569
4181;0.000187989;6.08253;0.0699569;6.99569
4182;0.000187989;6.08253;0.0699569;6.99569
4183;0.000187989;6.08253;0.0699569;6.99569
4184;0.000187989;6.08253;0.0699569;6.99569
4185;0.000187989;6.08253;0.0699569;6.99569
4186;0.000187989;6.08253;0.0699569;6.99569
4187;0.000187989;6.08253;0.0699569;6.99569
4188;0.000187989;6.08253;0.0699569;6.99569
4189;0.000187989;6.08253;0.0699569;6.99569
4190;0.000187989;6.08253;0.0699569;6.99569
4191;0.000187989;6.08253;0.0699569;6.99569
4192;0.000187989;6.08253;0.0699569;6.99569
4193;0.000187989;6.08253;0.0699569;6.99569
4194;0.000187989;6.08253;0.0699569;6.99569
4195;0.000187989;6.08253;0.0699569;6.99569
4196;0.000187989;6.08253;0.0699569;6.99569
4197;0.000187989;6.08253;0.0699569;6.99569
4198;0.000187989;6.08253;0.0699569;6.99569
4199;0.000187989;6.08253;0.0699569;6.99569
4200;0.000187989;6.08253;0.0699569;6.99569
4201;0.000187989;6.08253;0.0699569;6.99569
4202;0.000187989;6.08253;0.0699569;6.99569
4203;0.000187989;6.08253;0.0699569;6.99569
4204;0.000187989;6.08253;0.0699569;6.99569
4205;0.000187989;6.08253;0.0699569;6.99569
4206;0.000187989;6.08253;0.0699569;6.99569
4207;0.000187989;6.08253;0.0699569;6.99569
4208;0.000187989;6.08253;0.0699569;6.99569
4209;0.000187989;6.08253;0.0699569;6.99569
4210;0.000187989;6.08253;0.0699569;6.99569
4211;0.000187989;6.08253;0.0699569;6.99569
4212;0.000187989;6.08253;0.0699569;6.99569
4213;0.000187989;6.08253;0.0699569;6.99569
4214;0.000187989;6.08253;0.0699569;6.99569
4215;0.000187989;6.08253;0.0699569;6.99569
4216;0.000187989;6.08253;0.0699569;6.99569
4217;0.000187989;6.08253;0.0699569;6.99569
4218;0.000187989;6.08253;0.0699569;6.99569
4219;0.000187989;6.08253;0.0699569;6.99569
4220;0.000187989;6.08253;0.0699569;6.99569
4221;0.000187989;6.08253;0.0699569;6.99569
4222;0.000187989;6.08253;0.0699569;6.99569
4223;0.000187989;6.08253;0.0699569;6.99569
4224;0.000187989;6.08253;0.0699569;6.99569
4225;0.000187989;6.08253;0.0699569;6.99569
4226;0.000187989;6.08253;0.0699569;6.99569
4227;0.000187989;6.08253;0.0699569;6.99569
4228;0.000187989;6.08253;0.0699569;6.99569
4229;0.000187989;6.08253;0.0699569;6.99569
4230;0.000187989;6.08253;0.0699569;6.99569
4231;0.000187989;6.08253;0.0699569;6.99569
4232;0.000187989;6.08253;0.0699569;6.99569
4233;0.000187989;6.08253;0.0699569;6.99569
4234;0.000187989;6.08253;0.0699569;6.99569
4235;0.000187989;6.08253;0.0699569;6.99569
4236;0.000187989;6.08253;0.0699569;6.99569
4237;0.000187989;6.08253;0.0699569;6.99569
4238;0.000187989;6.08253;0.0699569;6.99569
4239;0.000187989;6.08253;0.0699569;6.99569
4240;0.000187989;6.08253;0.0699569;6.99569
4241;0.000187989;6.08253;0.0699569;6.99569
4242;0.000187989;6.08253;0.0699569;6.99569
4243;0.000187989;6.08253;0.0699569;6.99569
4244;0.000187989;6.08253;0.0699569;6.99569
4245;0.000187989;6.08253;0.0699569;6.99569
4246;0.000187989;6.08253;0.0699569;6.99569
4247;0.000187989;6.08253;0.0699569;6.99569
4248;0.000187989;6.08253;0.0699569;6.99569
4249;0.000187989;6.08253;0.0699569;6.99569
4250;0.000187989;6.08253;0.0699569;6.99569
4251;0.000187989;6.08253;0.0699569;6.99569
4252;0.000187989;6.08253;0.0699569;6.99569
4253;0.000187989;6.08253;0.0699569;6.99569
4254;0.000187989;6.08253;0.0699569;6.99569
4255;0.000187989;6.08253;0.0699569;6.99569
4256;0.000187989;6.08253;0.0699569;6.99569
4257;0.000187989;6.08253;0.0699569;6.99569
4258;0.000187989;6.08253;0.0699569;6.99569
4259;0.000187989;6.08253;0.0699569;6.99569
4260;0.000187989;6.08253;0.0699569;6.99569
4261;0.000187989;6.08253;0.0699569;6.99569
4262;0.000187989;6.08253;0.0699569;6.99569
4263;0.000187989;6.08253;0.0699569;6.99569
4264;0.000187989;6.08253;0.0699569;6.99569
4265;0.000187989;6.08253;0.0699569;6.99569
4266;0.000187989;6.08253;0.0699569;6.99569
4267;0.000187989;6.08253;0.0699569;6.99569
4268;0.000187989;6.08253;0.0699569;6.99569
4269;0.000187989;6.08253;0.0699569;6.99569
4270;0.000187989;6.08253;0.0699569;6.99569
4271;0.000187989;6.08253;0.0699569;6.99569
4272;0.000187989;6.08253;0.0699569;6.99569
4273;0.000187989;6.08253;0.0699569;6.99569
4274;0.000187989;6.08253;0.0699569;6.99569
4275;0.000187989;6.08253;0.0699569;6.99569
4276;0.000187989;6.08253;0.0699569;6.99569
4277;0.000187989;6.08253;0.0699569;6.99569
4278;0.000187989;6.08253;0.0699569;6.99569
4279;0.000187989;6.08253;0.0699569;6.99569
4280;0.000187989;6.08253;0.0699569;6.99569
4281;0.000187989;6.08253;0.0699569;6.99569
4282;0.000187989;6.08253;0.0699569;6.99569
4283;0.000187989;6.08253;0.0699569;6.99569
4284;0.000187989;6.08253;0.0699569;6.99569
4285;0.000187989;6.08253;0.0699569;6.99569
4286;0.000187989;6.08253;0.0699569;6.99569
4287;0.000187989;6.08253;0.0699569;6.99569
4288;0.000187989;6.08253;0.0699569;6.99569
4289;0.000187989;6.08253;0.0699569;6.99569
4290;0.000187989;6.08253;0.0699569;6.99569
4291;0.000187989;6.08253;0.0699569;6.99569
4292;0.000187989;6.08253;0.0699569;6.99569
4293;0.000187989;6.08253;0.0699569;6.99569
4294;0.000187989;6.08253;0.0699569;6.99569
4295;0.000187989;6.08253;0.0699569;6.99569
4296;0.000187989;6.08253;0.0699569;6.99569
4297;0.000187989;6.08253;0.0699569;6.99569
4298;0.000187989;6.08253;0.0699569;6.99569
4299;0.000187989;6.08253;0.0699569;6.99569
4300;0.000187989;6.08253;0.0699569;6.99569
4301;0.000187989;6.08253;0.0699569;6.99569
4302;0.000187989;6.08253;0.0699569;6.99569
4303;0.000187989;6.08253;0.0699569;6.99569
4304;0.000187989;6.08253;0.0699569;6.99569
4305;0.000187989;6.08253;0.0699569;6.99569
4306;0.000187989;6.08253;0.0699569;6.99569
4307;0.000187989;6.08253;0.0699569;6.99569
4308;0.000187989;6.08253;0.0699569;6.99569
4309;0.000187989;6.08253;0.0699569;6.99569
4310;0.000187989;6.08253;0.0699569;6.99569
4311;0.000187989;6.08253;0.0699569;6.99569
4312;0.000187989;6.08253;0.0699569;6.99569
4313;0.000187989;6.08253;0.0699569;6.99569
4314;0.000187989;6.08253;0.0699569;6.99569
4315;0.000187989;6.08253;0.0699569;6.99569
4316;0.000187989;6.08253;0.0699569;6.99569
4317;0.000187989;6.08253;0.0699569;6.99569
4318;0.000187989;6.08253;0.0699569;6.99569
4319;0.000187989;6.08253;0.0699569;6.99569
4320;0.000187989;6.08253;0.0699569;6.99569
4321;0.000187989;6.08253;0.0699569;6.99569
4322;0.000187989;6.08253;0.0699569;6.99569
4323;0.000187989;6.08253;0.0699569;6.99569
4324;0.000187989;6.08253;0.0699569;6.99569
4325;0.000187989;6.08253;0.0699569;6.99569
4326;0.000187989;6.08253;0.0699569;6.99569
4327;0.000187989;6.08253;0.0699569;6.99569
4328;0.000187989;6.08253;0.0699569;6.99569
4329;0.000187989;6.08253;0.0699569;6.99569
4330;0.000187989;6.08253;0.0699569;6.99569
4331;0.000187989;6.08253;0.0699569;6.99569
4332;0.000187989;6.08253;0.0699569;6.99569
4333;0.000187989;6.08253;0.0699569;6.99569
4334;0.000187989;6.08253;0.0699569;6.99569
4335;0.000187989;6.08253;0.0699569;6.99569
4336;0.000187989;6.08253;0.0699569;6.99569
4337;0.000187989;6.08253;0.0699569;6.99569
4338;0.000187989;6.08253;0.0699569;6.99569
4339;0.000187989;6.08253;0.0699569;6.99569
4340;0.000187989;6.08253;0.0699569;6.99569
4341;0.000187989;6.08253;0.0699569;6.99569
4342;0.000187989;6.08253;0.0699569;6.99569
4343;0.000187989;6.08253;0.0699569;6.99569
4344;0.000187989;6.08253;0.0699569;6.99569
4345;0.000187989;6.08253;0.0699569;6.99569
4346;0.000187989;6.08253;0.0699569;6.99569
4347;0.000187989;6.08253;0.0699569;6.99569
4348;0.000187989;6.08253;0.0699569;6.99569
4349;0.000187989;6.08253;0.0699569;6.99569
4350;0.000187989;6.08253;0.0699569;6.99569
4351;0.000187989;6.08253;0.0699569;6.99569
4352;0.000187989;6.08253;0.0699569;6.99569
4353;0.000187989;6.08253;0.0699569;6.99569
4354;0.000187989;6.08253;0.0699569;6.99569
4355;0.000187989;6.08253;0.0699569;6.99569
4356;0.000187989;6.08253;0.0699569;6.99569
4357;0.000187989;6.08253;0.0699569;6.99569
4358;0.000187989;6.08253;0.0699569;6.99569
4359;0.000187989;6.08253;0.0699569;6.99569
4360;0.000187989;6.08253;0.0699569;6.99569
4361;0.000187989;6.08253;0.0699569;6.99569
4362;0.000187989;6.08253;0.0699569;6.99569
4363;0.000187989;6.08253;0.0699569;6.99569
4364;0.000187989;6.08253;0.0699569;6.99569
4365;0.000187989;6.08253;0.0699569;6.99569
4366;0.000187989;6.08253;0.0699569;6.99569
4367;0.000187989;6.08253;0.0699569;6.99569
4368;0.000187989;6.08253;0.0699569;6.99569
4369;0.000187989;6.08253;0.0699569;6.99569
4370;0.000187989;6.08253;0.0699569;6.99569
4371;0.000187989;6.08253;0.0699569;6.99569
4372;0.000187989;6.08253;0.0699569;6.99569
4373;0.000187989;6.08253;0.0699569;6.99569
4374;0.000187989;6.08253;0.0699569;6.99569
4375;0.000187989;6.08253;0.0699569;6.99569
4376;0.000187989;6.08253;0.0699569;6.99569
4377;0.000187989;6.08253;0.0699569;6.99569
4378;0.000187989;6.08253;0.0699569;6.99569
4379;0.000187989;6.08253;0.0699569;6.99569
4380;0.000187989;6.08253;0.0699569;6.99569
4381;0.000187989;6.08253;0.0699569;6.99569
4382;0.000187989;6.08253;0.0699569;6.99569
4383;0.000187989;6.08253;0.0699569;6.99569
4384;0.000187989;6.08253;0.0699569;6.99569
4385;0.000187989;6.08253;0.0699569;6.99569
4386;0.000187989;6.08253;0.0699569;6.99569
4387;0.000187989;6.08253;0.0699569;6.99569
4388;0.000187989;6.08253;0.0699569;6.99569
4389;0.000187989;6.08253;0.0699569;6.99569
4390;0.000187989;6.08253;0.0699569;6.99569
4391;0.000187989;6.08253;0.0699569;6.99569
4392;0.000187989;6.08253;0.0699569;6.99569
4393;0.000187989;6.08253;0.0699569;6.99569
4394;0.000187989;6.08253;0.0699569;6.99569
4395;0.000187989;6.08253;0.0699569;6.99569
4396;0.000187989;6.08253;0.0699569;6.99569
4397;0.000187989;6.08253;0.0699569;6.99569
4398;0.000187989;6.08253;0.0699569;6.99569
4399;0.000187989;6.08253;0.0699569;6.99569
4400;0.000187989;6.08253;0.0699569;6.99569
4401;0.000187989;6.08253;0.0699569;6.99569
4402;0.000187989;6.08253;0.0699569;6.99569
4403;0.000187989;6.08253;0.0699569;6.99569
4404;0.000187989;6.08253;0.0699569;6.99569
4405;0.000187989;6.08253;0.0699569;6.99569
4406;0.000187989;6.08253;0.0699569;6.99569
4407;0.000187989;6.08253;0.0699569;6.99569
4408;0.000187989;6.08253;0.0699569;6.99569
4409;0.000187989;6.08253;0.0699569;6.99569
4410;0.000187989;6.08253;0.0699569;6.99569
4411;0.000187989;6.08253;0.0699569;6.99569
4412;0.000187989;6.08253;0.0699569;6.99569
4413;0.000187989;6.08253;0.0699569;6.99569
4414;0.000187989;6.08253;0.0699569;6.99569
4415;0.000187989;6.08253;0.0699569;6.99569
4416;0.000187989;6.08253;0.0699569;6.99569
4417;0.000187989;6.08253;0.0699569;6.99569
4418;0.000187989;6.08253;0.0699569;6.99569
4419;0.000187989;6.08253;0.0699569;6.99569
4420;0.000187989;6.08253;0.0699569;6.99569
4421;0.000187989;6.08253;0.0699569;6.99569
4422;0.000187989;6.08253;0.0699569;6.99569
4423;0.000187989;6.08253;0.0699569;6.99569
4424;0.000187989;6.08253;0.0699569;6.99569
4425;0.000187989;6.08253;0.0699569;6.99569
4426;0.000187989;6.08253;0.0699569;6.99569
4427;0.000187989;6.08253;0.0699569;6.99569
4428;0.000187989;6.08253;0.0699569;6.99569
4429;0.000187989;6.08253;0.0699569;6.99569
4430;0.000187989;6.08253;0.0699569;6.99569
4431;0.000187989;6.08253;0.0699569;6.99569
4432;0.000187989;6.08253;0.0699569;6.99569
4433;0.000187989;6.08253;0.0699569;6.99569
4434;0.000187989;6.08253;0.0699569;6.99569
4435;0.000187989;6.08253;0.0699569;6.99569
4436;0.000187989;6.08253;0.0699569;6.99569
4437;0.000187989;6.08253;0.0699569;6.99569
4438;0.000187989;6.08253;0.0699569;6.99569
4439;0.000187989;6.08253;0.0699569;6.99569
4440;0.000187989;6.08253;0.0699569;6.99569
4441;0.000187989;6.08253;0.0699569;6.99569
4442;0.000187989;6.08253;0.0699569;6.99569
4443;0.000187989;6.08253;0.0699569;6.99569
4444;0.000187989;6.08253;0.0699569;6.99569
4445;0.000187989;6.08253;0.0699569;6.99569
4446;0.000187989;6.08253;0.0699569;6.99569
4447;0.000187989;6.08253;0.0699569;6.99569
4448;0.000187989;6.08253;0.0699569;6.99569
4449;0.000187989;6.08253;0.0699569;6.99569
4450;0.000187989;6.08253;0.0699569;6.99569
4451;0.000187989;6.08253;0.0699569;6.99569
4452;0.000187989;6.08253;0.0699569;6.99569
4453;0.000187989;6.08253;0.0699569;6.99569
4454;0.000187989;6.08253;0.0699569;6.99569
4455;0.000187989;6.08253;0.0699569;6.99569
4456;0.000187989;6.08253;0.0699569;6.99569
4457;0.000187989;6.08253;0.0699569;6.99569
4458;0.000187989;6.08253;0.0699569;6.99569
4459;0.000187989;6.08253;0.0699569;6.99569
4460;0.000187989;6.08253;0.0699569;6.99569
4461;0.000187989;6.08253;0.0699569;6.99569
4462;0.000187989;6.08253;0.0699569;6.99569
4463;0.000187989;6.08253;0.0699569;6.99569
4464;0.000187989;6.08253;0.0699569;6.99569
4465;0.000187989;6.08253;0.0699569;6.99569
4466;0.000187989;6.08253;0.0699569;6.99569
4467;0.000187989;6.08253;0.0699569;6.99569
4468;0.000187989;6.08253;0.0699569;6.99569
4469;0.000187989;6.08253;0.0699569;6.99569
4470;0.000187989;6.08253;0.0699569;6.99569
4471;0.000187989;6.08253;0.0699569;6.99569
4472;0.000187989;6.08253;0.0699569;6.99569
4473;0.000187989;6.08253;0.0699569;6.99569
4474;0.000187989;6.08253;0.0699569;6.99569
4475;0.000187989;6.08253;0.0699569;6.99569
4476;0.000187989;6.08253;0.0699569;6.99569
4477;0.000187989;6.08253;0.0699569;6.99569
4478;0.000187989;6.08253;0.0699569;6.99569
4479;0.000187989;6.08253;0.0699569;6.99569
4480;0.000187989;6.08253;0.0699569;6.99569
4481;0.000187989;6.08253;0.0699569;6.99569
4482;0.000187989;6.08253;0.0699569;6.99569
4483;0.000187989;6.08253;0.0699569;6.99569
4484;0.000187989;6.08253;0.0699569;6.99569
4485;0.000187989;6.08253;0.0699569;6.99569
4486;0.000187989;6.08253;0.0699569;6.99569
4487;0.000187989;6.08253;0.0699569;6.99569
4488;0.000187989;6.08253;0.0699569;6.99569
4489;0.000187989;6.08253;0.0699569;6.99569
4490;0.000187989;6.08253;0.0699569;6.99569
4491;0.000187989;6.08253;0.0699569;6.99569
4492;0.000187989;6.08253;0.0699569;6.99569
4493;0.000187989;6.08253;0.0699569;6.99569
4494;0.000187989;6.08253;0.0699569;6.99569
4495;0.000187989;6.08253;0.0699569;6.99569
4496;0.000187989;6.08253;0.0699569;6.99569
4497;0.000187989;6.08253;0.0699569;6.99569
4498;0.000187989;6.08253;0.0699569;6.99569
4499;0.000187989;6.08253;0.0699569;6.99569
4500;0.000187989;6.08253;0.0699569;6.99569
4501;0.000187989;6.08253;0.0699569;6.99569
4502;0.000187989;6.08253;0.0699569;6.99569
4503;0.000187989;6.08253;0.0699569;6.99569
4504;0.000187989;6.08253;0.0699569;6.99569
4505;0.000187989;6.08253;0.0699569;6.99569
4506;0.000187989;6.08253;0.0699569;6.99569
4507;0.000187989;6.08253;0.0699569;6.99569
4508;0.000187989;6.08253;0.0699569;6.99569
4509;0.000187989;6.08253;0.0699569;6.99569
4510;0.000187989;6.08253;0.0699569;6.99569
4511;0.000187989;6.08253;0.0699569;6.99569
4512;0.000187989;6.08253;0.0699569;6.99569
4513;0.000187989;6.08253;0.0699569;6.99569
4514;0.000187989;6.08253;0.0699569;6.99569
4515;0.000187989;6.08253;0.0699569;6.99569
4516;0.000187989;6.08253;0.0699569;6.99569
4517;0.000187989;6.08253;0.0699569;6.99569
4518;0.000187989;6.08253;0.0699569;6.99569
4519;0.000187989;6.08253;0.0699569;6.99569
4520;0.000187989;6.08253;0.0699569;6.99569
4521;0.000187989;6.08253;0.0699569;6.99569
4522;0.000187989;6.08253;0.0699569;6.99569
4523;0.000187989;6.08253;0.0699569;6.99569
4524;0.000187989;6.08253;0.0699569;6.99569
4525;0.000187989;6.08253;0.0699569;6.99569
4526;0.000187989;6.08253;0.0699569;6.99569
4527;0.000187989;6.08253;0.0699569;6.99569
4528;0.000187989;6.08253;0.0699569;6.99569
4529;0.000187989;6.08253;0.0699569;6.99569
4530;0.000187989;6.08253;0.0699569;6.99569
4531;0.000187989;6.08253;0.0699569;6.99569
4532;0.000187989;6.08253;0.0699569;6.99569
4533;0.000187989;6.08253;0.0699569;6.99569
4534;0.000187989;6.08253;0.0699569;6.99569
4535;0.000187989;6.08253;0.0699569;6.99569
4536;0.000187989;6.08253;0.0699569;6.99569
4537;0.000187989;6.08253;0.0699569;6.99569
4538;0.000187989;6.08253;0.0699569;6.99569
4539;0.000187989;6.08253;0.0699569;6.99569
4540;0.000187989;6.08253;0.0699569;6.99569
4541;0.000187989;6.08253;0.0699569;6.99569
4542;0.000187989;6.08253;0.0699569;6.99569
4543;0.000187989;6.08253;0.0699569;6.99569
4544;0.000187989;6.08253;0.0699569;6.99569
4545;0.000187989;6.08253;0.0699569;6.99569
4546;0.000187989;6.08253;0.0699569;6.99569
4547;0.000187989;6.08253;0.0699569;6.99569
4548;0.000187989;6.08253;0.0699569;6.99569
4549;0.000187989;6.08253;0.0699569;6.99569
4550;0.000187989;6.08253;0.0699569;6.99569
4551;0.000187989;6.08253;0.0699569;6.99569
4552;0.000187989;6.08253;0.0699569;6.99569
4553;0.000187989;6.08253;0.0699569;6.99569
4554;0.000187989;6.08253;0.0699569;6.99569
4555;0.000187989;6.08253;0.0699569;6.99569
4556;0.000187989;6.08253;0.0699569;6.99569
4557;0.000187989;6.08253;0.0699569;6.99569
4558;0.000187989;6.08253;0.0699569;6.99569
4559;0.000187989;6.08253;0.0699569;6.99569
4560;0.000187989;6.08253;0.0699569;6.99569
4561;0.000187989;6.08253;0.0699569;6.99569
4562;0.000187989;6.08253;0.0699569;6.99569
4563;0.000187989;6.08253;0.0699569;6.99569
4564;0.000187989;6.08253;0.0699569;6.99569
4565;0.000187989;6.08253;0.0699569;6.99569
4566;0.000187989;6.08253;0.0699569;6.99569
4567;0.000187989;6.08253;0.0699569;6.99569
4568;0.000187989;6.08253;0.0699569;6.99569
4569;0.000187989;6.08253;0.0699569;6.99569
4570;0.000187989;6.08253;0.0699569;6.99569
4571;0.000187989;6.08253;0.0699569;6.99569
4572;0.000187989;6.08253;0.0699569;6.99569
4573;0.000187989;6.08253;0.0699569;6.99569
4574;0.000187989;6.08253;0.0699569;6.99569
4575;0.000187989;6.08253;0.0699569;6.99569
4576;0.000187989;6.08253;0.0699569;6.99569
4577;0.000187989;6.08253;0.0699569;6.99569
4578;0.000187989;6.08253;0.0699569;6.99569
4579;0.000187989;6.08253;0.0699569;6.99569
4580;0.000187989;6.08253;0.0699569;6.99569
4581;0.000187989;6.08253;0.0699569;6.99569
4582;0.000187989;6.08253;0.0699569;6.99569
4583;0.000187989;6.08253;0.0699569;6.99569
4584;0.000187989;6.08253;0.0699569;6.99569
4585;0.000187989;6.08253;0.0699569;6.99569
4586;0.000187989;6.08253;0.0699569;6.99569
4587;0.000187989;6.08253;0.0699569;6.99569
4588;0.000187989;6.08253;0.0699569;6.99569
4589;0.000187989;6.08253;0.0699569;6.99569
4590;0.000187989;6.08253;0.0699569;6.99569
4591;0.000187989;6.08253;0.0699569;6.99569
4592;0.000187989;6.08253;0.0699569;6.99569
4593;0.000187989;6.08253;0.0699569;6.99569
4594;0.000187989;6.08253;0.0699569;6.99569
4595;0.000187989;6.08253;0.0699569;6.99569
4596;0.000187989;6.08253;0.0699569;6.99569
4597;0.000187989;6.08253;0.0699569;6.99569
4598;0.000187989;6.08253;0.0699569;6.99569
4599;0.000187989;6.08253;0.0699569;6.99569
4600;0.000187989;6.08253;0.0699569;6.99569
4601;0.000187989;6.08253;0.0699569;6.99569
4602;0.000187989;6.08253;0.0699569;6.99569
4603;0.000187989;6.08253;0.0699569;6.99569
4604;0.000187989;6.08253;0.0699569;6.99569
4605;0.000187989;6.08253;0.0699569;6.99569
4606;0.000187989;6.08253;0.0699569;6.99569
4607;0.000187989;6.08253;0.0699569;6.99569
4608;0.000187989;6.08253;0.0699569;6.99569
4609;0.000187989;6.08253;0.0699569;6.99569
4610;0.000187989;6.08253;0.0699569;6.99569
4611;0.000187989;6.08253;0.0699569;6.99569
4612;0.000187989;6.08253;0.0699569;6.99569
4613;0.000187989;6.08253;0.0699569;6.99569
4614;0.000187989;6.08253;0.0699569;6.99569
4615;0.000187989;6.08253;0.0699569;6.99569
4616;0.000187989;6.08253;0.0699569;6.99569
4617;0.000187989;6.08253;0.0699569;6.99569
4618;0.000187989;6.08253;0.0699569;6.99569
4619;0.000187989;6.08253;0.0699569;6.99569
4620;0.000187989;6.08253;0.0699569;6.99569
4621;0.000187989;6.08253;0.0699569;6.99569
4622;0.000187989;6.08253;0.0699569;6.99569
4623;0.000187989;6.08253;0.0699569;6.99569
4624;0.000187989;6.08253;0.0699569;6.99569
4625;0.000187989;6.08253;0.0699569;6.99569
4626;0.000187989;6.08253;0.0699569;6.99569
4627;0.000187989;6.08253;0.0699569;6.99569
4628;0.000187989;6.08253;0.0699569;6.99569
4629;0.000187989;6.08253;0.0699569;6.99569
4630;0.000187989;6.08253;0.0699569;6.99569
4631;0.000187989;6.08253;0.0699569;6.99569
4632;0.000187989;6.08253;0.0699569;6.99569
4633;0.000187989;6.08253;0.0699569;6.99569
4634;0.000187989;6.08253;0.0699569;6.99569
4635;0.000187989;6.08253;0.0699569;6.99569
4636;0.000187989;6.08253;0.0699569;6.99569
4637;0.000187989;6.08253;0.0699569;6.99569
4638;0.000187989;6.08253;0.0699569;6.99569
4639;0.000187989;6.08253;0.0699569;6.99569
4640;0.000187989;6.08253;0.0699569;6.99569
4641;0.000187989;6.08253;0.0699569;6.99569
4642;0.000187989;6.08253;0.0699569;6.99569
4643;0.000187989;6.08253;0.0699569;6.99569
4644;0.000187989;6.08253;0.0699569;6.99569
4645;0.000187989;6.08253;0.0699569;6.99569
4646;0.000187989;6.08253;0.0699569;6.99569
4647;0.000187989;6.08253;0.0699569;6.99569
4648;0.000187989;6.08253;0.0699569;6.99569
4649;0.000187989;6.08253;0.0699569;6.99569
4650;0.000187989;6.08253;0.0699569;6.99569
4651;0.000187989;6.08253;0.0699569;6.99569
4652;0.000187989;6.08253;0.0699569;6.99569
4653;0.000187989;6.08253;0.0699569;6.99569
4654;0.000187989;6.08253;0.0699569;6.99569
4655;0.000187989;6.08253;0.0699569;6.99569
4656;0.000187989;6.08253;0.0699569;6.99569
4657;0.000187989;6.08253;0.0699569;6.99569
4658;0.000187989;6.08253;0.0699569;6.99569
4659;0.000187989;6.08253;0.0699569;6.99569
4660;0.000187989;6.08253;0.0699569;6.99569
4661;0.000187989;6.08253;0.0699569;6.99569
4662;0.000187989;6.08253;0.0699569;6.99569
4663;0.000187989;6.08253;0.0699569;6.99569
4664;0.000187989;6.08253;0.0699569;6.99569
4665;0.000187989;6.08253;0.0699569;6.99569
4666;0.000187989;6.08253;0.0699569;6.99569
4667;0.000187989;6.08253;0.0699569;6.99569
4668;0.000187989;6.08253;0.0699569;6.99569
4669;0.000187989;6.08253;0.0699569;6.99569
4670;0.000187989;6.08253;0.0699569;6.99569
4671;0.000187989;6.08253;0.0699569;6.99569
4672;0.000187989;6.08253;0.0699569;6.99569
4673;0.000187989;6.08253;0.0699569;6.99569
4674;0.000187989;6.08253;0.0699569;6.99569
4675;0.000187989;6.08253;0.0699569;6.99569
4676;0.000187989;6.08253;0.0699569;6.99569
4677;0.000187989;6.08253;0.0699569;6.99569
4678;0.000187989;6.08253;0.0699569;6.99569
4679;0.000187989;6.08253;0.0699569;6.99569
4680;0.000187989;6.08253;0.0699569;6.99569
4681;0.000187989;6.08253;0.0699569;6.99569
4682;0.000187989;6.08253;0.0699569;6.99569
4683;0.000187989;6.08253;0.0699569;6.99569
4684;0.000187989;6.08253;0.0699569;6.99569
4685;0.000187989;6.08253;0.0699569;6.99569
4686;0.000187989;6.08253;0.0699569;6.99569
4687;0.000187989;6.08253;0.0699569;6.99569
4688;0.000187989;6.08253;0.0699569;6.99569
4689;0.000187989;6.08253;0.0699569;6.99569
4690;0.000187989;6.08253;0.0699569;6.99569
4691;0.000187989;6.08253;0.0699569;6.99569
4692;0.000187989;6.08253;0.0699569;6.99569
4693;0.000187989;6.08253;0.0699569;6.99569
4694;0.000187989;6.08253;0.0699569;6.99569
4695;0.000187989;6.08253;0.0699569;6.99569
4696;0.000187989;6.08253;0.0699569;6.99569
4697;0.000187989;6.08253;0.0699569;6.99569
4698;0.000187989;6.08253;0.0699569;6.99569
4699;0.000187989;6.08253;0.0699569;6.99569
4700;0.000187989;6.08253;0.0699569;6.99569
4701;0.000187989;6.08253;0.0699569;6.99569
4702;0.000187989;6.08253;0.0699569;6.99569
4703;0.000187989;6.08253;0.0699569;6.99569
4704;0.000187989;6.08253;0.0699569;6.99569
4705;0.000187989;6.08253;0.0699569;6.99569
4706;0.000187989;6.08253;0.0699569;6.99569
4707;0.000187989;6.08253;0.0699569;6.99569
4708;0.000187989;6.08253;0.0699569;6.99569
4709;0.000187989;6.08253;0.0699569;6.99569
4710;0.000187989;6.08253;0.0699569;6.99569
4711;0.000187989;6.08253;0.0699569;6.99569
4712;0.000187989;6.08253;0.0699569;6.99569
4713;0.000187989;6.08253;0.0699569;6.99569
4714;0.000187989;6.08253;0.0699569;6.99569
4715;0.000187989;6.08253;0.0699569;6.99569
4716;0.000187989;6.08253;0.0699569;6.99569
4717;0.000187989;6.08253;0.0699569;6.99569
4718;0.000187989;6.08253;0.0699569;6.99569
4719;0.000187989;6.08253;0.0699569;6.99569
4720;0.000187989;6.08253;0.0699569;6.99569
4721;0.000187989;6.08253;0.0699569;6.99569
4722;0.000187989;6.08253;0.0699569;6.99569
4723;0.000187989;6.08253;0.0699569;6.99569
4724;0.000187989;6.08253;0.0699569;6.99569
4725;0.000187989;6.08253;0.0699569;6.99569
4726;0.000187989;6.08253;0.0699569;6.99569
4727;0.000187989;6.08253;0.0699569;6.99569
4728;0.000187989;6.08253;0.0699569;6.99569
4729;0.000187989;6.08253;0.0699569;6.99569
4730;0.000187989;6.08253;0.0699569;6.99569
4731;0.000187989;6.08253;0.0699569;6.99569
4732;0.000187989;6.08253;0.0699569;6.99569
4733;0.000187989;6.08253;0.0699569;6.99569
4734;0.000187989;6.08253;0.0699569;6.99569
4735;0.000187989;6.08253;0.0699569;6.99569
4736;0.000187989;6.08253;0.0699569;6.99569
4737;0.000187989;6.08253;0.0699569;6.99569
4738;0.000187989;6.08253;0.0699569;6.99569
4739;0.000187989;6.08253;0.0699569;6.99569
4740;0.000187989;6.08253;0.0699569;6.99569
4741;0.000187989;6.08253;0.0699569;6.99569
4742;0.000187989;6.08253;0.0699569;6.99569
4743;0.000187989;6.08253;0.0699569;6.99569
4744;0.000187989;6.08253;0.0699569;6.99569
4745;0.000187989;6.08253;0.0699569;6.99569
4746;0.000187989;6.08253;0.0699569;6.99569
4747;0.000187989;6.08253;0.0699569;6.99569
4748;0.000187989;6.08253;0.0699569;6.99569
4749;0.000187989;6.08253;0.0699569;6.99569
4750;0.000187989;6.08253;0.0699569;6.99569
4751;0.000187989;6.08253;0.0699569;6.99569
4752;0.000187989;6.08253;0.0699569;6.99569
4753;0.000187989;6.08253;0.0699569;6.99569
4754;0.000187989;6.08253;0.0699569;6.99569
4755;0.000187989;6.08253;0.0699569;6.99569
4756;0.000187989;6.08253;0.0699569;6.99569
4757;0.000187989;6.08253;0.0699569;6.99569
4758;0.000187989;6.08253;0.0699569;6.99569
4759;0.000187989;6.08253;0.0699569;6.99569
4760;0.000187989;6.08253;0.0699569;6.99569
4761;0.000187989;6.08253;0.0699569;6.99569
4762;0.000187989;6.08253;0.0699569;6.99569
4763;0.000187989;6.08253;0.0699569;6.99569
4764;0.000187989;6.08253;0.0699569;6.99569
4765;0.000187989;6.08253;0.0699569;6.99569
4766;0.000187989;6.08253;0.0699569;6.99569
4767;0.000187989;6.08253;0.0699569;6.99569
4768;0.000187989;6.08253;0.0699569;6.99569
4769;0.000187989;6.08253;0.0699569;6.99569
4770;0.000187989;6.08253;0.0699569;6.99569
4771;0.000187989;6.08253;0.0699569;6.99569
4772;0.000187989;6.08253;0.0699569;6.99569
4773;0.000187989;6.08253;0.0699569;6.99569
4774;0.000187989;6.08253;0.0699569;6.99569
4775;0.000187989;6.08253;0.0699569;6.99569
4776;0.000187989;6.08253;0.0699569;6.99569
4777;0.000187989;6.08253;0.0699569;6.99569
4778;0.000187989;6.08253;0.0699569;6.99569
4779;0.000187989;6.08253;0.0699569;6.99569
4780;0.000187989;6.08253;0.0699569;6.99569
4781;0.000187989;6.08253;0.0699569;6.99569
4782;0.000187989;6.08253;0.0699569;6.99569
4783;0.000187989;6.08253;0.0699569;6.99569
4784;0.000187989;6.08253;0.0699569;6.99569
4785;0.000187989;6.08253;0.0699569;6.99569
4786;0.000187989;6.08253;0.0699569;6.99569
4787;0.000187989;6.08253;0.0699569;6.99569
4788;0.000187989;6.08253;0.0699569;6.99569
4789;0.000187989;6.08253;0.0699569;6.99569
4790;0.000187989;6.08253;0.0699569;6.99569
4791;0.000187989;6.08253;0.0699569;6.99569
4792;0.000187989;6.08253;0.0699569;6.99569
4793;0.000187989;6.08253;0.0699569;6.99569
4794;0.000187989;6.08253;0.0699569;6.99569
4795;0.000187989;6.08253;0.0699569;6.99569
4796;0.000187989;6.08253;0.0699569;6.99569
4797;0.000187989;6.08253;0.0699569;6.99569
4798;0.000187989;6.08253;0.0699569;6.99569
4799;0.000187989;6.08253;0.0699569;6.99569
4800;0.000187989;6.08253;0.0699569;6.99569
4801;0.000187989;6.08253;0.0699569;6.99569
4802;0.000187989;6.08253;0.0699569;6.99569
4803;0.000187989;6.08253;0.0699569;6.99569
4804;0.000187989;6.08253;0.0699569;6.99569
4805;0.000187989;6.08253;0.0699569;6.99569
4806;0.000187989;6.08253;0.0699569;6.99569
4807;0.000187989;6.08253;0.0699569;6.99569
4808;0.000187989;6.08253;0.0699569;6.99569
4809;0.000187989;6.08253;0.0699569;6.99569
4810;0.000187989;6.08253;0.0699569;6.99569
4811;0.000187989;6.08253;0.0699569;6.99569
4812;0.000187989;6.08253;0.0699569;6.99569
4813;0.000187989;6.08253;0.0699569;6.99569
4814;0.000187989;6.08253;0.0699569;6.99569
4815;0.000187989;6.08253;0.0699569;6.99569
4816;0.000187989;6.08253;0.0699569;6.99569
4817;0.000187989;6.08253;0.0699569;6.99569
4818;0.000187989;6.08253;0.0699569;6.99569
4819;0.000187989;6.08253;0.0699569;6.99569
4820;0.000187989;6.08253;0.0699569;6.99569
4821;0.000187989;6.08253;0.0699569;6.99569
4822;0.000187989;6.08253;0.0699569;6.99569
4823;0.000187989;6.08253;0.0699569;6.99569
4824;0.000187989;6.08253;0.0699569;6.99569
4825;0.000187989;6.08253;0.0699569;6.99569
4826;0.000187989;6.08253;0.0699569;6.99569
4827;0.000187989;6.08253;0.0699569;6.99569
4828;0.000187989;6.08253;0.0699569;6.99569
4829;0.000187989;6.08253;0.0699569;6.99569
4830;0.000187989;6.08253;0.0699569;6.99569
4831;0.000187989;6.08253;0.0699569;6.99569
4832;0.000187989;6.08253;0.0699569;6.99569
4833;0.000187989;6.08253;0.0699569;6.99569
4834;0.000187989;6.08253;0.0699569;6.99569
4835;0.000187989;6.08253;0.0699569;6.99569
4836;0.000187989;6.08253;0.0699569;6.99569
4837;0.000187989;6.08253;0.0699569;6.99569
4838;0.000187989;6.08253;0.0699569;6.99569
4839;0.000187989;6.08253;0.0699569;6.99569
4840;0.000187989;6.08253;0.0699569;6.99569
4841;0.000187989;6.08253;0.0699569;6.99569
4842;0.000187989;6.08253;0.0699569;6.99569
4843;0.000187989;6.08253;0.0699569;6.99569
4844;0.000187989;6.08253;0.0699569;6.99569
4845;0.000187989;6.08253;0.0699569;6.99569
4846;0.000187989;6.08253;0.0699569;6.99569
4847;0.000187989;6.08253;0.0699569;6.99569
4848;0.000187989;6.08253;0.0699569;6.99569
4849;0.000187989;6.08253;0.0699569;6.99569
4850;0.000187989;6.08253;0.0699569;6.99569
4851;0.000187989;6.08253;0.0699569;6.99569
4852;0.000187989;6.08253;0.0699569;6.99569
4853;0.000187989;6.08253;0.0699569;6.99569
4854;0.000187989;6.08253;0.0699569;6.99569
4855;0.000187989;6.08253;0.0699569;6.99569
4856;0.000187989;6.08253;0.0699569;6.99569
4857;0.000187989;6.08253;0.0699569;6.99569
4858;0.000187989;6.08253;0.0699569;6.99569
4859;0.000187989;6.08253;0.0699569;6.99569
4860;0.000187989;6.08253;0.0699569;6.99569
4861;0.000187989;6.08253;0.0699569;6.99569
4862;0.000187989;6.08253;0.0699569;6.99569
4863;0.000187989;6.08253;0.0699569;6.99569
4864;0.000187989;6.08253;0.0699569;6.99569
4865;0.000187989;6.08253;0.0699569;6.99569
4866;0.000187989;6.08253;0.0699569;6.99569
4867;0.000187989;6.08253;0.0699569;6.99569
4868;0.000187989;6.08253;0.0699569;6.99569
4869;0.000187989;6.08253;0.0699569;6.99569
4870;0.000187989;6.08253;0.0699569;6.99569
4871;0.000187989;6.08253;0.0699569;6.99569
4872;0.000187989;6.08253;0.0699569;6.99569
4873;0.000187989;6.08253;0.0699569;6.99569
4874;0.000187989;6.08253;0.0699569;6.99569
4875;0.000187989;6.08253;0.0699569;6.99569
4876;0.000187989;6.08253;0.0699569;6.99569
4877;0.000187989;6.08253;0.0699569;6.99569
4878;0.000187989;6.08253;0.0699569;6.99569
4879;0.000187989;6.08253;0.0699569;6.99569
4880;0.000187989;6.08253;0.0699569;6.99569
4881;0.000187989;6.08253;0.0699569;6.99569
4882;0.000187989;6.08253;0.0699569;6.99569
4883;0.000187989;6.08253;0.0699569;6.99569
4884;0.000187989;6.08253;0.0699569;6.99569
4885;0.000187989;6.08253;0.0699569;6.99569
4886;0.000187989;6.08253;0.0699569;6.99569
4887;0.000187989;6.08253;0.0699569;6.99569
4888;0.000187989;6.08253;0.0699569;6.99569
4889;0.000187989;6.08253;0.0699569;6.99569
4890;0.000187989;6.08253;0.0699569;6.99569
4891;0.000187989;6.08253;0.0699569;6.99569
4892;0.000187989;6.08253;0.0699569;6.99569
4893;0.000187989;6.08253;0.0699569;6.99569
4894;0.000187989;6.08253;0.0699569;6.99569
4895;0.000187989;6.08253;0.0699569;6.99569
4896;0.000187989;6.08253;0.0699569;6.99569
4897;0.000187989;6.08253;0.0699569;6.99569
4898;0.000187989;6.08253;0.0699569;6.99569
4899;0.000187989;6.08253;0.0699569;6.99569
4900;0.000187989;6.08253;0.0699569;6.99569
4901;0.000187989;6.08253;0.0699569;6.99569
4902;0.000187989;6.08253;0.0699569;6.99569
4903;0.000187989;6.08253;0.0699569;6.99569
4904;0.000187989;6.08253;0.0699569;6.99569
4905;0.000187989;6.08253;0.0699569;6.99569
4906;0.000187989;6.08253;0.0699569;6.99569
4907;0.000187989;6.08253;0.0699569;6.99569
4908;0.000187989;6.08253;0.0699569;6.99569
4909;0.000187989;6.08253;0.0699569;6.99569
4910;0.000187989;6.08253;0.0699569;6.99569
4911;0.000187989;6.08253;0.0699569;6.99569
4912;0.000187989;6.08253;0.0699569;6.99569
4913;0.000187989;6.08253;0.0699569;6.99569
4914;0.000187989;6.08253;0.0699569;6.99569
4915;0.000187989;6.08253;0.0699569;6.99569
4916;0.000187989;6.08253;0.0699569;6.99569
4917;0.000187989;6.08253;0.0699569;6.99569
4918;0.000187989;6.08253;0.0699569;6.99569
4919;0.000187989;6.08253;0.0699569;6.99569
4920;0.000187989;6.08253;0.0699569;6.99569
4921;0.000187989;6.08253;0.0699569;6.99569
4922;0.000187989;6.08253;0.0699569;6.99569
4923;0.000187989;6.08253;0.0699569;6.99569
4924;0.000187989;6.08253;0.0699569;6.99569
4925;0.000187989;6.08253;0.0699569;6.99569
4926;0.000187989;6.08253;0.0699569;6.99569
4927;0.000187989;6.08253;0.0699569;6.99569
4928;0.000187989;6.08253;0.0699569;6.99569
4929;0.000187989;6.08253;0.0699569;6.99569
4930;0.000187989;6.08253;0.0699569;6.99569
4931;0.000187989;6.08253;0.0699569;6.99569
4932;0.000187989;6.08253;0.0699569;6.99569
4933;0.000187989;6.08253;0.0699569;6.99569
4934;0.000187989;6.08253;0.0699569;6.99569
4935;0.000187989;6.08253;0.0699569;6.99569
4936;0.000187989;6.08253;0.0699569;6.99569
4937;0.000187989;6.08253;0.0699569;6.99569
4938;0.000187989;6.08253;0.0699569;6.99569
4939;0.000187989;6.08253;0.0699569;6.99569
4940;0.000187989;6.08253;0.0699569;6.99569
4941;0.000187989;6.08253;0.0699569;6.99569
4942;0.000187989;6.08253;0.0699569;6.99569
4943;0.000187989;6.08253;0.0699569;6.99569
4944;0.000187989;6.08253;0.0699569;6.99569
4945;0.000187989;6.08253;0.0699569;6.99569
4946;0.000187989;6.08253;0.0699569;6.99569
4947;0.000187989;6.08253;0.0699569;6.99569
4948;0.000187989;6.08253;0.0699569;6.99569
4949;0.000187989;6.08253;0.0699569;6.99569
4950;0.000187989;6.08253;0.0699569;6.99569
4951;0.000187989;6.08253;0.0699569;6.99569
4952;0.000187989;6.08253;0.0699569;6.99569
4953;0.000187989;6.08253;0.0699569;6.99569
4954;0.000187989;6.08253;0.0699569;6.99569
4955;0.000187989;6.08253;0.0699569;6.99569
4956;0.000187989;6.08253;0.0699569;6.99569
4957;0.000187989;6.08253;0.0699569;6.99569
4958;0.000187989;6.08253;0.0699569;6.99569
4959;0.000187989;6.08253;0.0699569;6.99569
4960;0.000187989;6.08253;0.0699569;6.99569
4961;0.000187989;6.08253;0.0699569;6.99569
4962;0.000187989;6.08253;0.0699569;6.99569
4963;0.000187989;6.08253;0.0699569;6.99569
4964;0.000187989;6.08253;0.0699569;6.99569
4965;0.000187989;6.08253;0.0699569;6.99569
4966;0.000187989;6.08253;0.0699569;6.99569
4967;0.000187989;6.08253;0.0699569;6.99569
4968;0.000187989;6.08253;0.0699569;6.99569
4969;0.000187989;6.08253;0.0699569;6.99569
4970;0.000187989;6.08253;0.0699569;6.99569
4971;0.000187989;6.08253;0.0699569;6.99569
4972;0.000187989;6.08253;0.0699569;6.99569
4973;0.000187989;6.08253;0.0699569;6.99569
4974;0.000187989;6.08253;0.0699569;6.99569
4975;0.000187989;6.08253;0.0699569;6.99569
4976;0.000187989;6.08253;0.0699569;6.99569
4977;0.000187989;6.08253;0.0699569;6.99569
4978;0.000187989;6.08253;0.0699569;6.99569
4979;0.000187989;6.08253;0.0699569;6.99569
4980;0.000187989;6.08253;0.0699569;6.99569
4981;0.000187989;6.08253;0.0699569;6.99569
4982;0.000187989;6.08253;0.0699569;6.99569
4983;0.000187989;6.08253;0.0699569;6.99569
4984;0.000187989;6.08253;0.0699569;6.99569
4985;0.000187989;6.08253;0.0699569;6.99569
4986;0.000187989;6.08253;0.0699569;6.99569
4987;0.000187989;6.08253;0.0699569;6.99569
4988;0.000187989;6.08253;0.0699569;6.99569
4989;0.000187989;6.08253;0.0699569;6.99569
4990;0.000187989;6.08253;0.0699569;6.99569
4991;0.000187989;6.08253;0.0699569;6.99569
4992;0.000187989;6.08253;0.0699569;6.99569
4993;0.000187989;6.08253;0.0699569;6.99569
4994;0.000187989;6.08253;0.0699569;6.99569
4995;0.000187989;6.08253;0.0699569;6.99569
4996;0.000187989;6.08253;0.0699569;6.99569
4997;0.000187989;6.08253;0.0699569;6.99569
4998;0.000187989;6.08253;0.0699569;6.99569
4999;0.000187989;6.08253;0.0699569;6.99569
5000;0.000187989;6.08253;0.0699569;6.99569
5001;0.000187989;6.08253;0.0699569;6.99569
5002;0.000187989;6.08253;0.0699569;6.99569
5003;0.000187989;6.08253;0.0699569;6.99569
5004;0.000187989;6.08253;0.0699569;6.99569
5005;0.000187989;6.08253;0.0699569;6.99569
5006;0.000187989;6.08253;0.0699569;6.99569
5007;0.000187989;6.08253;0.0699569;6.99569
5008;0.000187989;6.08253;0.0699569;6.99569
5009;0.000187989;6.08253;0.0699569;6.99569
5010;0.000187989;6.08253;0.0699569;6.99569
5011;0.000187989;6.08253;0.0699569;6.99569
5012;0.000187989;6.08253;0.0699569;6.99569
5013;0.000187989;6.08253;0.0699569;6.99569
5014;0.000187989;6.08253;0.0699569;6.99569
5015;0.000187989;6.08253;0.0699569;6.99569
5016;0.000187989;6.08253;0.0699569;6.99569
5017;0.000187989;6.08253;0.0699569;6.99569
5018;0.000187989;6.08253;0.0699569;6.99569
5019;0.000187989;6.08253;0.0699569;6.99569
5020;0.000187989;6.08253;0.0699569;6.99569
5021;0.000187989;6.08253;0.0699569;6.99569
5022;0.000187989;6.08253;0.0699569;6.99569
5023;0.000187989;6.08253;0.0699569;6.99569
5024;0.000187989;6.08253;0.0699569;6.99569
5025;0.000187989;6.08253;0.0699569;6.99569
5026;0.000187989;6.08253;0.0699569;6.99569
5027;0.000187989;6.08253;0.0699569;6.99569
5028;0.000187989;6.08253;0.0699569;6.99569
5029;0.000187989;6.08253;0.0699569;6.99569
5030;0.000187989;6.08253;0.0699569;6.99569
5031;0.000187989;6.08253;0.0699569;6.99569
5032;0.000187989;6.08253;0.0699569;6.99569
5033;0.000187989;6.08253;0.0699569;6.99569
5034;0.000187989;6.08253;0.0699569;6.99569
5035;0.000187989;6.08253;0.0699569;6.99569
5036;0.000187989;6.08253;0.0699569;6.99569
5037;0.000187989;6.08253;0.0699569;6.99569
5038;0.000187989;6.08253;0.0699569;6.99569
5039;0.000187989;6.08253;0.0699569;6.99569
5040;0.000187989;6.08253;0.0699569;6.99569
5041;0.000187989;6.08253;0.0699569;6.99569
5042;0.000187989;6.08253;0.0699569;6.99569
5043;0.000187989;6.08253;0.0699569;6.99569
5044;0.000187989;6.08253;0.0699569;6.99569
5045;0.000187989;6.08253;0.0699569;6.99569
5046;0.000187989;6.08253;0.0699569;6.99569
5047;0.000187989;6.08253;0.0699569;6.99569
5048;0.000187989;6.08253;0.0699569;6.99569
5049;0.000187989;6.08253;0.0699569;6.99569
5050;0.000187989;6.08253;0.0699569;6.99569
5051;0.000187989;6.08253;0.0699569;6.99569
5052;0.000187989;6.08253;0.0699569;6.99569
5053;0.000187989;6.08253;0.0699569;6.99569
5054;0.000187989;6.08253;0.0699569;6.99569
5055;0.000187989;6.08253;0.0699569;6.99569
5056;0.000187989;6.08253;0.0699569;6.99569
5057;0.000187989;6.08253;0.0699569;6.99569
5058;0.000187989;6.08253;0.0699569;6.99569
5059;0.000187989;6.08253;0.0699569;6.99569
5060;0.000187989;6.08253;0.0699569;6.99569
5061;0.000187989;6.08253;0.0699569;6.99569
5062;0.000187989;6.08253;0.0699569;6.99569
5063;0.000187989;6.08253;0.0699569;6.99569
5064;0.000187989;6.08253;0.0699569;6.99569
5065;0.000187989;6.08253;0.0699569;6.99569
5066;0.000187989;6.08253;0.0699569;6.99569
5067;0.000187989;6.08253;0.0699569;6.99569
5068;0.000187989;6.08253;0.0699569;6.99569
5069;0.000187989;6.08253;0.0699569;6.99569
5070;0.000187989;6.08253;0.0699569;6.99569
5071;0.000187989;6.08253;0.0699569;6.99569
5072;0.000187989;6.08253;0.0699569;6.99569
5073;0.000187989;6.08253;0.0699569;6.99569
5074;0.000187989;6.08253;0.0699569;6.99569
5075;0.000187989;6.08253;0.0699569;6.99569
5076;0.000187989;6.08253;0.0699569;6.99569
5077;0.000187989;6.08253;0.0699569;6.99569
5078;0.000187989;6.08253;0.0699569;6.99569
5079;0.000187989;6.08253;0.0699569;6.99569
5080;0.000187989;6.08253;0.0699569;6.99569
5081;0.000187989;6.08253;0.0699569;6.99569
5082;0.000187989;6.08253;0.0699569;6.99569
5083;0.000187989;6.08253;0.0699569;6.99569
5084;0.000187989;6.08253;0.0699569;6.99569
5085;0.000187989;6.08253;0.0699569;6.99569
5086;0.000187989;6.08253;0.0699569;6.99569
5087;0.000187989;6.08253;0.0699569;6.99569
5088;0.000187989;6.08253;0.0699569;6.99569
5089;0.000187989;6.08253;0.0699569;6.99569
5090;0.000187989;6.08253;0.0699569;6.99569
5091;0.000187989;6.08253;0.0699569;6.99569
5092;0.000187989;6.08253;0.0699569;6.99569
5093;0.000187989;6.08253;0.0699569;6.99569
5094;0.000187989;6.08253;0.0699569;6.99569
5095;0.000187989;6.08253;0.0699569;6.99569
5096;0.000187989;6.08253;0.0699569;6.99569
5097;0.000187989;6.08253;0.0699569;6.99569
5098;0.000187989;6.08253;0.0699569;6.99569
5099;0.000187989;6.08253;0.0699569;6.99569
5100;0.000187989;6.08253;0.0699569;6.99569
5101;0.000187989;6.08253;0.0699569;6.99569
5102;0.000187989;6.08253;0.0699569;6.99569
5103;0.000187989;6.08253;0.0699569;6.99569
5104;0.000187989;6.08253;0.0699569;6.99569
5105;0.000187989;6.08253;0.0699569;6.99569
5106;0.000187989;6.08253;0.0699569;6.99569
5107;0.000187989;6.08253;0.0699569;6.99569
5108;0.000187989;6.08253;0.0699569;6.99569
5109;0.000187989;6.08253;0.0699569;6.99569
5110;0.000187989;6.08253;0.0699569;6.99569
5111;0.000187989;6.08253;0.0699569;6.99569
5112;0.000187989;6.08253;0.0699569;6.99569
5113;0.000187989;6.08253;0.0699569;6.99569
5114;0.000187989;6.08253;0.0699569;6.99569
5115;0.000187989;6.08253;0.0699569;6.99569
5116;0.000187989;6.08253;0.0699569;6.99569
5117;0.000187989;6.08253;0.0699569;6.99569
5118;0.000187989;6.08253;0.0699569;6.99569
5119;0.000187989;6.08253;0.0699569;6.99569
5120;0.000187989;6.08253;0.0699569;6.99569
5121;0.000187989;6.08253;0.0699569;6.99569
5122;0.000187989;6.08253;0.0699569;6.99569
5123;0.000187989;6.08253;0.0699569;6.99569
5124;0.000187989;6.08253;0.0699569;6.99569
5125;0.000187989;6.08253;0.0699569;6.99569
5126;0.000187989;6.08253;0.0699569;6.99569
5127;0.000187989;6.08253;0.0699569;6.99569
5128;0.000187989;6.08253;0.0699569;6.99569
5129;0.000187989;6.08253;0.0699569;6.99569
5130;0.000187989;6.08253;0.0699569;6.99569
5131;0.000187989;6.08253;0.0699569;6.99569
5132;0.000187989;6.08253;0.0699569;6.99569
5133;0.000187989;6.08253;0.0699569;6.99569
5134;0.000187989;6.08253;0.0699569;6.99569
5135;0.000187989;6.08253;0.0699569;6.99569
5136;0.000187989;6.08253;0.0699569;6.99569
5137;0.000187989;6.08253;0.0699569;6.99569
5138;0.000187989;6.08253;0.0699569;6.99569
5139;0.000187989;6.08253;0.0699569;6.99569
5140;0.000187989;6.08253;0.0699569;6.99569
5141;0.000187989;6.08253;0.0699569;6.99569
5142;0.000187989;6.08253;0.0699569;6.99569
5143;0.000187989;6.08253;0.0699569;6.99569
5144;0.000187989;6.08253;0.0699569;6.99569
5145;0.000187989;6.08253;0.0699569;6.99569
5146;0.000187989;6.08253;0.0699569;6.99569
5147;0.000187989;6.08253;0.0699569;6.99569
5148;0.000187989;6.08253;0.0699569;6.99569
5149;0.000187989;6.08253;0.0699569;6.99569
5150;0.000187989;6.08253;0.0699569;6.99569
5151;0.000187989;6.08253;0.0699569;6.99569
5152;0.000187989;6.08253;0.0699569;6.99569
5153;0.000187989;6.08253;0.0699569;6.99569
5154;0.000187989;6.08253;0.0699569;6.99569
5155;0.000187989;6.08253;0.0699569;6.99569
5156;0.000187989;6.08253;0.0699569;6.99569
5157;0.000187989;6.08253;0.0699569;6.99569
5158;0.000187989;6.08253;0.0699569;6.99569
5159;0.000187989;6.08253;0.0699569;6.99569
5160;0.000187989;6.08253;0.0699569;6.99569
5161;0.000187989;6.08253;0.0699569;6.99569
5162;0.000187989;6.08253;0.0699569;6.99569
5163;0.000187989;6.08253;0.0699569;6.99569
5164;0.000187989;6.08253;0.0699569;6.99569
5165;0.000187989;6.08253;0.0699569;6.99569
5166;0.000187989;6.08253;0.0699569;6.99569
5167;0.000187989;6.08253;0.0699569;6.99569
5168;0.000187989;6.08253;0.0699569;6.99569
5169;0.000187989;6.08253;0.0699569;6.99569
5170;0.000187989;6.08253;0.0699569;6.99569
5171;0.000187989;6.08253;0.0699569;6.99569
5172;0.000187989;6.08253;0.0699569;6.99569
5173;0.000187989;6.08253;0.0699569;6.99569
5174;0.000187989;6.08253;0.0699569;6.99569
5175;0.000187989;6.08253;0.0699569;6.99569
5176;0.000187989;6.08253;0.0699569;6.99569
5177;0.000187989;6.08253;0.0699569;6.99569
5178;0.000187989;6.08253;0.0699569;6.99569
5179;0.000187989;6.08253;0.0699569;6.99569
5180;0.000187989;6.08253;0.0699569;6.99569
5181;0.000187989;6.08253;0.0699569;6.99569
5182;0.000187989;6.08253;0.0699569;6.99569
5183;0.000187989;6.08253;0.0699569;6.99569
5184;0.000187989;6.08253;0.0699569;6.99569
5185;0.000187989;6.08253;0.0699569;6.99569
5186;0.000187989;6.08253;0.0699569;6.99569
5187;0.000187989;6.08253;0.0699569;6.99569
5188;0.000187989;6.08253;0.0699569;6.99569
5189;0.000187989;6.08253;0.0699569;6.99569
5190;0.000187989;6.08253;0.0699569;6.99569
5191;0.000187989;6.08253;0.0699569;6.99569
5192;0.000187989;6.08253;0.0699569;6.99569
5193;0.000187989;6.08253;0.0699569;6.99569
5194;0.000187989;6.08253;0.0699569;6.99569
5195;0.000187989;6.08253;0.0699569;6.99569
5196;0.000187989;6.08253;0.0699569;6.99569
5197;0.000187989;6.08253;0.0699569;6.99569
5198;0.000187989;6.08253;0.0699569;6.99569
5199;0.000187989;6.08253;0.0699569;6.99569
5200;0.000187989;6.08253;0.0699569;6.99569
5201;0.000187989;6.08253;0.0699569;6.99569
5202;0.000187989;6.08253;0.0699569;6.99569
5203;0.000187989;6.08253;0.0699569;6.99569
5204;0.000187989;6.08253;0.0699569;6.99569
5205;0.000187989;6.08253;0.0699569;6.99569
5206;0.000187989;6.08253;0.0699569;6.99569
5207;0.000187989;6.08253;0.0699569;6.99569
5208;0.000187989;6.08253;0.0699569;6.99569
5209;0.000187989;6.08253;0.0699569;6.99569
5210;0.000187989;6.08253;0.0699569;6.99569
5211;0.000187989;6.08253;0.0699569;6.99569
5212;0.000187989;6.08253;0.0699569;6.99569
5213;0.000187989;6.08253;0.0699569;6.99569
5214;0.000187989;6.08253;0.0699569;6.99569
5215;0.000187989;6.08253;0.0699569;6.99569
5216;0.000187989;6.08253;0.0699569;6.99569
5217;0.000187989;6.08253;0.0699569;6.99569
5218;0.000187989;6.08253;0.0699569;6.99569
5219;0.000187989;6.08253;0.0699569;6.99569
5220;0.000187989;6.08253;0.0699569;6.99569
5221;0.000187989;6.08253;0.0699569;6.99569
5222;0.000187989;6.08253;0.0699569;6.99569
5223;0.000187989;6.08253;0.0699569;6.99569
5224;0.000187989;6.08253;0.0699569;6.99569
5225;0.000187989;6.08253;0.0699569;6.99569
5226;0.000187989;6.08253;0.0699569;6.99569
5227;0.000187989;6.08253;0.0699569;6.99569
5228;0.000187989;6.08253;0.0699569;6.99569
5229;0.000187989;6.08253;0.0699569;6.99569
5230;0.000187989;6.08253;0.0699569;6.99569
5231;0.000187989;6.08253;0.0699569;6.99569
5232;0.000187989;6.08253;0.0699569;6.99569
5233;0.000187989;6.08253;0.0699569;6.99569
5234;0.000187989;6.08253;0.0699569;6.99569
5235;0.000187989;6.08253;0.0699569;6.99569
5236;0.000187989;6.08253;0.0699569;6.99569
5237;0.000187989;6.08253;0.0699569;6.99569
5238;0.000187989;6.08253;0.0699569;6.99569
5239;0.000187989;6.08253;0.0699569;6.99569
5240;0.000187989;6.08253;0.0699569;6.99569
5241;0.000187989;6.08253;0.0699569;6.99569
5242;0.000187989;6.08253;0.0699569;6.99569
5243;0.000187989;6.08253;0.0699569;6.99569
5244;0.000187989;6.08253;0.0699569;6.99569
5245;0.000187989;6.08253;0.0699569;6.99569
5246;0.000187989;6.08253;0.0699569;6.99569
5247;0.000187989;6.08253;0.0699569;6.99569
5248;0.000187989;6.08253;0.0699569;6.99569
5249;0.000187989;6.08253;0.0699569;6.99569
5250;0.000187989;6.08253;0.0699569;6.99569
5251;0.000187989;6.08253;0.0699569;6.99569
5252;0.000187989;6.08253;0.0699569;6.99569
5253;0.000187989;6.08253;0.0699569;6.99569
5254;0.000187989;6.08253;0.0699569;6.99569
5255;0.000187989;6.08253;0.0699569;6.99569
5256;0.000187989;6.08253;0.0699569;6.99569
5257;0.000187989;6.08253;0.0699569;6.99569
5258;0.000187989;6.08253;0.0699569;6.99569
5259;0.000187989;6.08253;0.0699569;6.99569
5260;0.000187989;6.08253;0.0699569;6.99569
5261;0.000187989;6.08253;0.0699569;6.99569
5262;0.000187989;6.08253;0.0699569;6.99569
5263;0.000187989;6.08253;0.0699569;6.99569
5264;0.000187989;6.08253;0.0699569;6.99569
5265;0.000187989;6.08253;0.0699569;6.99569
5266;0.000187989;6.08253;0.0699569;6.99569
5267;0.000187989;6.08253;0.0699569;6.99569
5268;0.000187989;6.08253;0.0699569;6.99569
5269;0.000187989;6.08253;0.0699569;6.99569
5270;0.000187989;6.08253;0.0699569;6.99569
5271;0.000187989;6.08253;0.0699569;6.99569
5272;0.000187989;6.08253;0.0699569;6.99569
5273;0.000187989;6.08253;0.0699569;6.99569
5274;0.000187989;6.08253;0.0699569;6.99569
5275;0.000187989;6.08253;0.0699569;6.99569
5276;0.000187989;6.08253;0.0699569;6.99569
5277;0.000187989;6.08253;0.0699569;6.99569
5278;0.000187989;6.08253;0.0699569;6.99569
5279;0.000187989;6.08253;0.0699569;6.99569
5280;0.000187989;6.08253;0.0699569;6.99569
5281;0.000187989;6.08253;0.0699569;6.99569
5282;0.000187989;6.08253;0.0699569;6.99569
5283;0.000187989;6.08253;0.0699569;6.99569
5284;0.000187989;6.08253;0.0699569;6.99569
5285;0.000187989;6.08253;0.0699569;6.99569
5286;0.000187989;6.08253;0.0699569;6.99569
5287;0.000187989;6.08253;0.0699569;6.99569
5288;0.000187989;6.08253;0.0699569;6.99569
5289;0.000187989;6.08253;0.0699569;6.99569
5290;0.000187989;6.08253;0.0699569;6.99569
5291;0.000187989;6.08253;0.0699569;6.99569
5292;0.000187989;6.08253;0.0699569;6.99569
5293;0.000187989;6.08253;0.0699569;6.99569
5294;0.000187989;6.08253;0.0699569;6.99569
5295;0.000187989;6.08253;0.0699569;6.99569
5296;0.000187989;6.08253;0.0699569;6.99569
5297;0.000187989;6.08253;0.0699569;6.99569
5298;0.000187989;6.08253;0.0699569;6.99569
5299;0.000187989;6.08253;0.0699569;6.99569
5300;0.000187989;6.08253;0.0699569;6.99569
5301;0.000187989;6.08253;0.0699569;6.99569
5302;0.000187989;6.08253;0.0699569;6.99569
5303;0.000187989;6.08253;0.0699569;6.99569
5304;0.000187989;6.08253;0.0699569;6.99569
5305;0.000187989;6.08253;0.0699569;6.99569
5306;0.000187989;6.08253;0.0699569;6.99569
5307;0.000187989;6.08253;0.0699569;6.99569
5308;0.000187989;6.08253;0.0699569;6.99569
5309;0.000187989;6.08253;0.0699569;6.99569
5310;0.000187989;6.08253;0.0699569;6.99569
5311;0.000187989;6.08253;0.0699569;6.99569
5312;0.000187989;6.08253;0.0699569;6.99569
5313;0.000187989;6.08253;0.0699569;6.99569
5314;0.000187989;6.08253;0.0699569;6.99569
5315;0.000187989;6.08253;0.0699569;6.99569
5316;0.000187989;6.08253;0.0699569;6.99569
5317;0.000187989;6.08253;0.0699569;6.99569
5318;0.000187989;6.08253;0.0699569;6.99569
5319;0.000187989;6.08253;0.0699569;6.99569
5320;0.000187989;6.08253;0.0699569;6.99569
5321;0.000187989;6.08253;0.0699569;6.99569
5322;0.000187989;6.08253;0.0699569;6.99569
5323;0.000187989;6.08253;0.0699569;6.99569
5324;0.000187989;6.08253;0.0699569;6.99569
5325;0.000187989;6.08253;0.0699569;6.99569
5326;0.000187989;6.08253;0.0699569;6.99569
5327;0.000187989;6.08253;0.0699569;6.99569
5328;0.000187989;6.08253;0.0699569;6.99569
5329;0.000187989;6.08253;0.0699569;6.99569
5330;0.000187989;6.08253;0.0699569;6.99569
5331;0.000187989;6.08253;0.0699569;6.99569
5332;0.000187989;6.08253;0.0699569;6.99569
5333;0.000187989;6.08253;0.0699569;6.99569
5334;0.000187989;6.08253;0.0699569;6.99569
5335;0.000187989;6.08253;0.0699569;6.99569
5336;0.000187989;6.08253;0.0699569;6.99569
5337;0.000187989;6.08253;0.0699569;6.99569
5338;0.000187989;6.08253;0.0699569;6.99569
5339;0.000187989;6.08253;0.0699569;6.99569
5340;0.000187989;6.08253;0.0699569;6.99569
5341;0.000187989;6.08253;0.0699569;6.99569
5342;0.000187989;6.08253;0.0699569;6.99569
5343;0.000187989;6.08253;0.0699569;6.99569
5344;0.000187989;6.08253;0.0699569;6.99569
5345;0.000187989;6.08253;0.0699569;6.99569
5346;0.000187989;6.08253;0.0699569;6.99569
5347;0.000187989;6.08253;0.0699569;6.99569
5348;0.000187989;6.08253;0.0699569;6.99569
5349;0.000187989;6.08253;0.0699569;6.99569
5350;0.000187989;6.08253;0.0699569;6.99569
5351;0.000187989;6.08253;0.0699569;6.99569
5352;0.000187989;6.08253;0.0699569;6.99569
5353;0.000187989;6.08253;0.0699569;6.99569
5354;0.000187989;6.08253;0.0699569;6.99569
5355;0.000187989;6.08253;0.0699569;6.99569
5356;0.000187989;6.08253;0.0699569;6.99569
5357;0.000187989;6.08253;0.0699569;6.99569
5358;0.000187989;6.08253;0.0699569;6.99569
5359;0.000187989;6.08253;0.0699569;6.99569
5360;0.000187989;6.08253;0.0699569;6.99569
5361;0.000187989;6.08253;0.0699569;6.99569
5362;0.000187989;6.08253;0.0699569;6.99569
5363;0.000187989;6.08253;0.0699569;6.99569
5364;0.000187989;6.08253;0.0699569;6.99569
5365;0.000187989;6.08253;0.0699569;6.99569
5366;0.000187989;6.08253;0.0699569;6.99569
5367;0.000187989;6.08253;0.0699569;6.99569
5368;0.000187989;6.08253;0.0699569;6.99569
5369;0.000187989;6.08253;0.0699569;6.99569
5370;0.000187989;6.08253;0.0699569;6.99569
5371;0.000187989;6.08253;0.0699569;6.99569
5372;0.000187989;6.08253;0.0699569;6.99569
5373;0.000187989;6.08253;0.0699569;6.99569
5374;0.000187989;6.08253;0.0699569;6.99569
5375;0.000187989;6.08253;0.0699569;6.99569
5376;0.000187989;6.08253;0.0699569;6.99569
5377;0.000187989;6.08253;0.0699569;6.99569
5378;0.000187989;6.08253;0.0699569;6.99569
5379;0.000187989;6.08253;0.0699569;6.99569
5380;0.000187989;6.08253;0.0699569;6.99569
5381;0.000187989;6.08253;0.0699569;6.99569
5382;0.000187989;6.08253;0.0699569;6.99569
5383;0.000187989;6.08253;0.0699569;6.99569
5384;0.000187989;6.08253;0.0699569;6.99569
5385;0.000187989;6.08253;0.0699569;6.99569
5386;0.000187989;6.08253;0.0699569;6.99569
5387;0.000187989;6.08253;0.0699569;6.99569
5388;0.000187989;6.08253;0.0699569;6.99569
5389;0.000187989;6.08253;0.0699569;6.99569
5390;0.000187989;6.08253;0.0699569;6.99569
5391;0.000187989;6.08253;0.0699569;6.99569
5392;0.000187989;6.08253;0.0699569;6.99569
5393;0.000187989;6.08253;0.0699569;6.99569
5394;0.000187989;6.08253;0.0699569;6.99569
5395;0.000187989;6.08253;0.0699569;6.99569
5396;0.000187989;6.08253;0.0699569;6.99569
5397;0.000187989;6.08253;0.0699569;6.99569
5398;0.000187989;6.08253;0.0699569;6.99569
5399;0.000187989;6.08253;0.0699569;6.99569
5400;0.000187989;6.08253;0.0699569;6.99569
5401;0.000187989;6.08253;0.0699569;6.99569
5402;0.000187989;6.08253;0.0699569;6.99569
5403;0.000187989;6.08253;0.0699569;6.99569
5404;0.000187989;6.08253;0.0699569;6.99569
5405;0.000187989;6.08253;0.0699569;6.99569
5406;0.000187989;6.08253;0.0699569;6.99569
5407;0.000187989;6.08253;0.0699569;6.99569
5408;0.000187989;6.08253;0.0699569;6.99569
5409;0.000187989;6.08253;0.0699569;6.99569
5410;0.000187989;6.08253;0.0699569;6.99569
5411;0.000187989;6.08253;0.0699569;6.99569
5412;0.000187989;6.08253;0.0699569;6.99569
5413;0.000187989;6.08253;0.0699569;6.99569
5414;0.000187989;6.08253;0.0699569;6.99569
5415;0.000187989;6.08253;0.0699569;6.99569
5416;0.000187989;6.08253;0.0699569;6.99569
5417;0.000187989;6.08253;0.0699569;6.99569
5418;0.000187989;6.08253;0.0699569;6.99569
5419;0.000187989;6.08253;0.0699569;6.99569
5420;0.000187989;6.08253;0.0699569;6.99569
5421;0.000187989;6.08253;0.0699569;6.99569
5422;0.000187989;6.08253;0.0699569;6.99569
5423;0.000187989;6.08253;0.0699569;6.99569
5424;0.000187989;6.08253;0.0699569;6.99569
5425;0.000187989;6.08253;0.0699569;6.99569
5426;0.000187989;6.08253;0.0699569;6.99569
5427;0.000187989;6.08253;0.0699569;6.99569
5428;0.000187989;6.08253;0.0699569;6.99569
5429;0.000187989;6.08253;0.0699569;6.99569
5430;0.000187989;6.08253;0.0699569;6.99569
5431;0.000187989;6.08253;0.0699569;6.99569
5432;0.000187989;6.08253;0.0699569;6.99569
5433;0.000187989;6.08253;0.0699569;6.99569
5434;0.000187989;6.08253;0.0699569;6.99569
5435;0.000187989;6.08253;0.0699569;6.99569
5436;0.000187989;6.08253;0.0699569;6.99569
5437;0.000187989;6.08253;0.0699569;6.99569
5438;0.000187989;6.08253;0.0699569;6.99569
5439;0.000187989;6.08253;0.0699569;6.99569
5440;0.000187989;6.08253;0.0699569;6.99569
5441;0.000187989;6.08253;0.0699569;6.99569
5442;0.000187989;6.08253;0.0699569;6.99569
5443;0.000187989;6.08253;0.0699569;6.99569
5444;0.000187989;6.08253;0.0699569;6.99569
5445;0.000187989;6.08253;0.0699569;6.99569
5446;0.000187989;6.08253;0.0699569;6.99569
5447;0.000187989;6.08253;0.0699569;6.99569
5448;0.000187989;6.08253;0.0699569;6.99569
5449;0.000187989;6.08253;0.0699569;6.99569
5450;0.000187989;6.08253;0.0699569;6.99569
5451;0.000187989;6.08253;0.0699569;6.99569
5452;0.000187989;6.08253;0.0699569;6.99569
5453;0.000187989;6.08253;0.0699569;6.99569
5454;0.000187989;6.08253;0.0699569;6.99569
5455;0.000187989;6.08253;0.0699569;6.99569
5456;0.000187989;6.08253;0.0699569;6.99569
5457;0.000187989;6.08253;0.0699569;6.99569
5458;0.000187989;6.08253;0.0699569;6.99569
5459;0.000187989;6.08253;0.0699569;6.99569
5460;0.000187989;6.08253;0.0699569;6.99569
5461;0.000187989;6.08253;0.0699569;6.99569
5462;0.000187989;6.08253;0.0699569;6.99569
5463;0.000187989;6.08253;0.0699569;6.99569
5464;0.000187989;6.08253;0.0699569;6.99569
5465;0.000187989;6.08253;0.0699569;6.99569
5466;0.000187989;6.08253;0.0699569;6.99569
5467;0.000187989;6.08253;0.0699569;6.99569
5468;0.000187989;6.08253;0.0699569;6.99569
5469;0.000187989;6.08253;0.0699569;6.99569
5470;0.000187989;6.08253;0.0699569;6.99569
5471;0.000187989;6.08253;0.0699569;6.99569
5472;0.000187989;6.08253;0.0699569;6.99569
5473;0.000187989;6.08253;0.0699569;6.99569
5474;0.000187989;6.08253;0.0699569;6.99569
5475;0.000187989;6.08253;0.0699569;6.99569
5476;0.000187989;6.08253;0.0699569;6.99569
5477;0.000187989;6.08253;0.0699569;6.99569
5478;0.000187989;6.08253;0.0699569;6.99569
5479;0.000187989;6.08253;0.0699569;6.99569
5480;0.000187989;6.08253;0.0699569;6.99569
5481;0.000187989;6.08253;0.0699569;6.99569
5482;0.000187989;6.08253;0.0699569;6.99569
5483;0.000187989;6.08253;0.0699569;6.99569
5484;0.000187989;6.08253;0.0699569;6.99569
5485;0.000187989;6.08253;0.0699569;6.99569
5486;0.000187989;6.08253;0.0699569;6.99569
5487;0.000187989;6.08253;0.0699569;6.99569
5488;0.000187989;6.08253;0.0699569;6.99569
5489;0.000187989;6.08253;0.0699569;6.99569
5490;0.000187989;6.08253;0.0699569;6.99569
5491;0.000187989;6.08253;0.0699569;6.99569
5492;0.000187989;6.08253;0.0699569;6.99569
5493;0.000187989;6.08253;0.0699569;6.99569
5494;0.000187989;6.08253;0.0699569;6.99569
5495;0.000187989;6.08253;0.0699569;6.99569
5496;0.000187989;6.08253;0.0699569;6.99569
5497;0.000187989;6.08253;0.0699569;6.99569
5498;0.000187989;6.08253;0.0699569;6.99569
5499;0.000187989;6.08253;0.0699569;6.99569
5500;0.000187989;6.08253;0.0699569;6.99569
5501;0.000187989;6.08253;0.0699569;6.99569
5502;0.000187989;6.08253;0.0699569;6.99569
5503;0.000187989;6.08253;0.0699569;6.99569
5504;0.000187989;6.08253;0.0699569;6.99569
5505;0.000187989;6.08253;0.0699569;6.99569
5506;0.000187989;6.08253;0.0699569;6.99569
5507;0.000187989;6.08253;0.0699569;6.99569
5508;0.000187989;6.08253;0.0699569;6.99569
5509;0.000187989;6.08253;0.0699569;6.99569
5510;0.000187989;6.08253;0.0699569;6.99569
5511;0.000187989;6.08253;0.0699569;6.99569
5512;0.000187989;6.08253;0.0699569;6.99569
5513;0.000187989;6.08253;0.0699569;6.99569
5514;0.000187989;6.08253;0.0699569;6.99569
5515;0.000187989;6.08253;0.0699569;6.99569
5516;0.000187989;6.08253;0.0699569;6.99569
5517;0.000187989;6.08253;0.0699569;6.99569
5518;0.000187989;6.08253;0.0699569;6.99569
5519;0.000187989;6.08253;0.0699569;6.99569
5520;0.000187989;6.08253;0.0699569;6.99569
5521;0.000187989;6.08253;0.0699569;6.99569
5522;0.000187989;6.08253;0.0699569;6.99569
5523;0.000187989;6.08253;0.0699569;6.99569
5524;0.000187989;6.08253;0.0699569;6.99569
5525;0.000187989;6.08253;0.0699569;6.99569
5526;0.000187989;6.08253;0.0699569;6.99569
5527;0.000187989;6.08253;0.0699569;6.99569
5528;0.000187989;6.08253;0.0699569;6.99569
5529;0.000187989;6.08253;0.0699569;6.99569
5530;0.000187989;6.08253;0.0699569;6.99569
5531;0.000187989;6.08253;0.0699569;6.99569
5532;0.000187989;6.08253;0.0699569;6.99569
5533;0.000187989;6.08253;0.0699569;6.99569
5534;0.000187989;6.08253;0.0699569;6.99569
5535;0.000187989;6.08253;0.0699569;6.99569
5536;0.000187989;6.08253;0.0699569;6.99569
5537;0.000187989;6.08253;0.0699569;6.99569
5538;0.000187989;6.08253;0.0699569;6.99569
5539;0.000187989;6.08253;0.0699569;6.99569
5540;0.000187989;6.08253;0.0699569;6.99569
5541;0.000187989;6.08253;0.0699569;6.99569
5542;0.000187989;6.08253;0.0699569;6.99569
5543;0.000187989;6.08253;0.0699569;6.99569
5544;0.000187989;6.08253;0.0699569;6.99569
5545;0.000187989;6.08253;0.0699569;6.99569
5546;0.000187989;6.08253;0.0699569;6.99569
5547;0.000187989;6.08253;0.0699569;6.99569
5548;0.000187989;6.08253;0.0699569;6.99569
5549;0.000187989;6.08253;0.0699569;6.99569
5550;0.000187989;6.08253;0.0699569;6.99569
5551;0.000187989;6.08253;0.0699569;6.99569
5552;0.000187989;6.08253;0.0699569;6.99569
5553;0.000187989;6.08253;0.0699569;6.99569
5554;0.000187989;6.08253;0.0699569;6.99569
5555;0.000187989;6.08253;0.0699569;6.99569
5556;0.000187989;6.08253;0.0699569;6.99569
5557;0.000187989;6.08253;0.0699569;6.99569
5558;0.000187989;6.08253;0.0699569;6.99569
5559;0.000187989;6.08253;0.0699569;6.99569
5560;0.000187989;6.08253;0.0699569;6.99569
5561;0.000187989;6.08253;0.0699569;6.99569
5562;0.000187989;6.08253;0.0699569;6.99569
5563;0.000187989;6.08253;0.0699569;6.99569
5564;0.000187989;6.08253;0.0699569;6.99569
5565;0.000187989;6.08253;0.0699569;6.99569
5566;0.000187989;6.08253;0.0699569;6.99569
5567;0.000187989;6.08253;0.0699569;6.99569
5568;0.000187989;6.08253;0.0699569;6.99569
5569;0.000187989;6.08253;0.0699569;6.99569
5570;0.000187989;6.08253;0.0699569;6.99569
5571;0.000187989;6.08253;0.0699569;6.99569
5572;0.000187989;6.08253;0.0699569;6.99569
5573;0.000187989;6.08253;0.0699569;6.99569
5574;0.000187989;6.08253;0.0699569;6.99569
5575;0.000187989;6.08253;0.0699569;6.99569
5576;0.000187989;6.08253;0.0699569;6.99569
5577;0.000187989;6.08253;0.0699569;6.99569
5578;0.000187989;6.08253;0.0699569;6.99569
5579;0.000187989;6.08253;0.0699569;6.99569
5580;0.000187989;6.08253;0.0699569;6.99569
5581;0.000187989;6.08253;0.0699569;6.99569
5582;0.000187989;6.08253;0.0699569;6.99569
5583;0.000187989;6.08253;0.0699569;6.99569
5584;0.000187989;6.08253;0.0699569;6.99569
5585;0.000187989;6.08253;0.0699569;6.99569
5586;0.000187989;6.08253;0.0699569;6.99569
5587;0.000187989;6.08253;0.0699569;6.99569
5588;0.000187989;6.08253;0.0699569;6.99569
5589;0.000187989;6.08253;0.0699569;6.99569
5590;0.000187989;6.08253;0.0699569;6.99569
5591;0.000187989;6.08253;0.0699569;6.99569
5592;0.000187989;6.08253;0.0699569;6.99569
5593;0.000187989;6.08253;0.0699569;6.99569
5594;0.000187989;6.08253;0.0699569;6.99569
5595;0.000187989;6.08253;0.0699569;6.99569
5596;0.000187989;6.08253;0.0699569;6.99569
5597;0.000187989;6.08253;0.0699569;6.99569
5598;0.000187989;6.08253;0.0699569;6.99569
5599;0.000187989;6.08253;0.0699569;6.99569
5600;0.000187989;6.08253;0.0699569;6.99569
5601;0.000187989;6.08253;0.0699569;6.99569
5602;0.000187989;6.08253;0.0699569;6.99569
5603;0.000187989;6.08253;0.0699569;6.99569
5604;0.000187989;6.08253;0.0699569;6.99569
5605;0.000187989;6.08253;0.0699569;6.99569
5606;0.000187989;6.08253;0.0699569;6.99569
5607;0.000187989;6.08253;0.0699569;6.99569
5608;0.000187989;6.08253;0.0699569;6.99569
5609;0.000187989;6.08253;0.0699569;6.99569
5610;0.000187989;6.08253;0.0699569;6.99569
5611;0.000187989;6.08253;0.0699569;6.99569
5612;0.000187989;6.08253;0.0699569;6.99569
5613;0.000187989;6.08253;0.0699569;6.99569
5614;0.000187989;6.08253;0.0699569;6.99569
5615;0.000187989;6.08253;0.0699569;6.99569
5616;0.000187989;6.08253;0.0699569;6.99569
5617;0.000187989;6.08253;0.0699569;6.99569
5618;0.000187989;6.08253;0.0699569;6.99569
5619;0.000187989;6.08253;0.0699569;6.99569
5620;0.000187989;6.08253;0.0699569;6.99569
5621;0.000187989;6.08253;0.0699569;6.99569
5622;0.000187989;6.08253;0.0699569;6.99569
5623;0.000187989;6.08253;0.0699569;6.99569
5624;0.000187989;6.08253;0.0699569;6.99569
5625;0.000187989;6.08253;0.0699569;6.99569
5626;0.000187989;6.08253;0.0699569;6.99569
5627;0.000187989;6.08253;0.0699569;6.99569
5628;0.000187989;6.08253;0.0699569;6.99569
5629;0.000187989;6.08253;0.0699569;6.99569
5630;0.000187989;6.08253;0.0699569;6.99569
5631;0.000187989;6.08253;0.0699569;6.99569
5632;0.000187989;6.08253;0.0699569;6.99569
5633;0.000187989;6.08253;0.0699569;6.99569
5634;0.000187989;6.08253;0.0699569;6.99569
5635;0.000187989;6.08253;0.0699569;6.99569
5636;0.000187989;6.08253;0.0699569;6.99569
5637;0.000187989;6.08253;0.0699569;6.99569
5638;0.000187989;6.08253;0.0699569;6.99569
5639;0.000187989;6.08253;0.0699569;6.99569
5640;0.000187989;6.08253;0.0699569;6.99569
5641;0.000187989;6.08253;0.0699569;6.99569
5642;0.000187989;6.08253;0.0699569;6.99569
5643;0.000187989;6.08253;0.0699569;6.99569
5644;0.000187989;6.08253;0.0699569;6.99569
5645;0.000187989;6.08253;0.0699569;6.99569
5646;0.000187989;6.08253;0.0699569;6.99569
5647;0.000187989;6.08253;0.0699569;6.99569
5648;0.000187989;6.08253;0.0699569;6.99569
5649;0.000187989;6.08253;0.0699569;6.99569
5650;0.000187989;6.08253;0.0699569;6.99569
5651;0.000187989;6.08253;0.0699569;6.99569
5652;0.000187989;6.08253;0.0699569;6.99569
5653;0.000187989;6.08253;0.0699569;6.99569
5654;0.000187989;6.08253;0.0699569;6.99569
5655;0.000187989;6.08253;0.0699569;6.99569
5656;0.000187989;6.08253;0.0699569;6.99569
5657;0.000187989;6.08253;0.0699569;6.99569
5658;0.000187989;6.08253;0.0699569;6.99569
5659;0.000187989;6.08253;0.0699569;6.99569
5660;0.000187989;6.08253;0.0699569;6.99569
5661;0.000187989;6.08253;0.0699569;6.99569
5662;0.000187989;6.08253;0.0699569;6.99569
5663;0.000187989;6.08253;0.0699569;6.99569
5664;0.000187989;6.08253;0.0699569;6.99569
5665;0.000187989;6.08253;0.0699569;6.99569
5666;0.000187989;6.08253;0.0699569;6.99569
5667;0.000187989;6.08253;0.0699569;6.99569
5668;0.000187989;6.08253;0.0699569;6.99569
5669;0.000187989;6.08253;0.0699569;6.99569
5670;0.000187989;6.08253;0.0699569;6.99569
5671;0.000187989;6.08253;0.0699569;6.99569
5672;0.000187989;6.08253;0.0699569;6.99569
5673;0.000187989;6.08253;0.0699569;6.99569
5674;0.000187989;6.08253;0.0699569;6.99569
5675;0.000187989;6.08253;0.0699569;6.99569
5676;0.000187989;6.08253;0.0699569;6.99569
5677;0.000187989;6.08253;0.0699569;6.99569
5678;0.000187989;6.08253;0.0699569;6.99569
5679;0.000187989;6.08253;0.0699569;6.99569
5680;0.000187989;6.08253;0.0699569;6.99569
5681;0.000187989;6.08253;0.0699569;6.99569
5682;0.000187989;6.08253;0.0699569;6.99569
5683;0.000187989;6.08253;0.0699569;6.99569
5684;0.000187989;6.08253;0.0699569;6.99569
5685;0.000187989;6.08253;0.0699569;6.99569
5686;0.000187989;6.08253;0.0699569;6.99569
5687;0.000187989;6.08253;0.0699569;6.99569
5688;0.000187989;6.08253;0.0699569;6.99569
5689;0.000187989;6.08253;0.0699569;6.99569
5690;0.000187989;6.08253;0.0699569;6.99569
5691;0.000187989;6.08253;0.0699569;6.99569
5692;0.000187989;6.08253;0.0699569;6.99569
5693;0.000187989;6.08253;0.0699569;6.99569
5694;0.000187989;6.08253;0.0699569;6.99569
5695;0.000187989;6.08253;0.0699569;6.99569
5696;0.000187989;6.08253;0.0699569;6.99569
5697;0.000187989;6.08253;0.0699569;6.99569
5698;0.000187989;6.08253;0.0699569;6.99569
5699;0.000187989;6.08253;0.0699569;6.99569
5700;0.000187989;6.08253;0.0699569;6.99569
5701;0.000187989;6.08253;0.0699569;6.99569
5702;0.000187989;6.08253;0.0699569;6.99569
5703;0.000187989;6.08253;0.0699569;6.99569
5704;0.000187989;6.08253;0.0699569;6.99569
5705;0.000187989;6.08253;0.0699569;6.99569
5706;0.000187989;6.08253;0.0699569;6.99569
5707;0.000187989;6.08253;0.0699569;6.99569
5708;0.000187989;6.08253;0.0699569;6.99569
5709;0.000187989;6.08253;0.0699569;6.99569
5710;0.000187989;6.08253;0.0699569;6.99569
5711;0.000187989;6.08253;0.0699569;6.99569
5712;0.000187989;6.08253;0.0699569;6.99569
5713;0.000187989;6.08253;0.0699569;6.99569
5714;0.000187989;6.08253;0.0699569;6.99569
5715;0.000187989;6.08253;0.0699569;6.99569
5716;0.000187989;6.08253;0.0699569;6.99569
5717;0.000187989;6.08253;0.0699569;6.99569
5718;0.000187989;6.08253;0.0699569;6.99569
5719;0.000187989;6.08253;0.0699569;6.99569
5720;0.000187989;6.08253;0.0699569;6.99569
5721;0.000187989;6.08253;0.0699569;6.99569
5722;0.000187989;6.08253;0.0699569;6.99569
5723;0.000187989;6.08253;0.0699569;6.99569
5724;0.000187989;6.08253;0.0699569;6.99569
5725;0.000187989;6.08253;0.0699569;6.99569
5726;0.000187989;6.08253;0.0699569;6.99569
5727;0.000187989;6.08253;0.0699569;6.99569
5728;0.000187989;6.08253;0.0699569;6.99569
5729;0.000187989;6.08253;0.0699569;6.99569
5730;0.000187989;6.08253;0.0699569;6.99569
5731;0.000187989;6.08253;0.0699569;6.99569
5732;0.000187989;6.08253;0.0699569;6.99569
5733;0.000187989;6.08253;0.0699569;6.99569
5734;0.000187989;6.08253;0.0699569;6.99569
5735;0.000187989;6.08253;0.0699569;6.99569
5736;0.000187989;6.08253;0.0699569;6.99569
5737;0.000187989;6.08253;0.0699569;6.99569
5738;0.000187989;6.08253;0.0699569;6.99569
5739;0.000187989;6.08253;0.0699569;6.99569
5740;0.000187989;6.08253;0.0699569;6.99569
5741;0.000187989;6.08253;0.0699569;6.99569
5742;0.000187989;6.08253;0.0699569;6.99569
5743;0.000187989;6.08253;0.0699569;6.99569
5744;0.000187989;6.08253;0.0699569;6.99569
5745;0.000187989;6.08253;0.0699569;6.99569
5746;0.000187989;6.08253;0.0699569;6.99569
5747;0.000187989;6.08253;0.0699569;6.99569
5748;0.000187989;6.08253;0.0699569;6.99569
5749;0.000187989;6.08253;0.0699569;6.99569
5750;0.000187989;6.08253;0.0699569;6.99569
5751;0.000187989;6.08253;0.0699569;6.99569
5752;0.000187989;6.08253;0.0699569;6.99569
5753;0.000187989;6.08253;0.0699569;6.99569
5754;0.000187989;6.08253;0.0699569;6.99569
5755;0.000187989;6.08253;0.0699569;6.99569
5756;0.000187989;6.08253;0.0699569;6.99569
5757;0.000187989;6.08253;0.0699569;6.99569
5758;0.000187989;6.08253;0.0699569;6.99569
5759;0.000187989;6.08253;0.0699569;6.99569
5760;0.000187989;6.08253;0.0699569;6.99569
5761;0.000187989;6.08253;0.0699569;6.99569
5762;0.000187989;6.08253;0.0699569;6.99569
5763;0.000187989;6.08253;0.0699569;6.99569
5764;0.000187989;6.08253;0.0699569;6.99569
5765;0.000187989;6.08253;0.0699569;6.99569
5766;0.000187989;6.08253;0.0699569;6.99569
5767;0.000187989;6.08253;0.0699569;6.99569
5768;0.000187989;6.08253;0.0699569;6.99569
5769;0.000187989;6.08253;0.0699569;6.99569
5770;0.000187989;6.08253;0.0699569;6.99569
5771;0.000187989;6.08253;0.0699569;6.99569
5772;0.000187989;6.08253;0.0699569;6.99569
5773;0.000187989;6.08253;0.0699569;6.99569
5774;0.000187989;6.08253;0.0699569;6.99569
5775;0.000187989;6.08253;0.0699569;6.99569
5776;0.000187989;6.08253;0.0699569;6.99569
5777;0.000187989;6.08253;0.0699569;6.99569
5778;0.000187989;6.08253;0.0699569;6.99569
5779;0.000187989;6.08253;0.0699569;6.99569
5780;0.000187989;6.08253;0.0699569;6.99569
5781;0.000187989;6.08253;0.0699569;6.99569
5782;0.000187989;6.08253;0.0699569;6.99569
5783;0.000187989;6.08253;0.0699569;6.99569
5784;0.000187989;6.08253;0.0699569;6.99569
5785;0.000187989;6.08253;0.0699569;6.99569
5786;0.000187989;6.08253;0.0699569;6.99569
5787;0.000187989;6.08253;0.0699569;6.99569
5788;0.000187989;6.08253;0.0699569;6.99569
5789;0.000187989;6.08253;0.0699569;6.99569
5790;0.000187989;6.08253;0.0699569;6.99569
5791;0.000187989;6.08253;0.0699569;6.99569
5792;0.000187989;6.08253;0.0699569;6.99569
5793;0.000187989;6.08253;0.0699569;6.99569
5794;0.000187989;6.08253;0.0699569;6.99569
5795;0.000187989;6.08253;0.0699569;6.99569
5796;0.000187989;6.08253;0.0699569;6.99569
5797;0.000187989;6.08253;0.0699569;6.99569
5798;0.000187989;6.08253;0.0699569;6.99569
5799;0.000187989;6.08253;0.0699569;6.99569
5800;0.000187989;6.08253;0.0699569;6.99569
5801;0.000187989;6.08253;0.0699569;6.99569
5802;0.000187989;6.08253;0.0699569;6.99569
5803;0.000187989;6.08253;0.0699569;6.99569
5804;0.000187989;6.08253;0.0699569;6.99569
5805;0.000187989;6.08253;0.0699569;6.99569
5806;0.000187989;6.08253;0.0699569;6.99569
5807;0.000187989;6.08253;0.0699569;6.99569
5808;0.000187989;6.08253;0.0699569;6.99569
5809;0.000187989;6.08253;0.0699569;6.99569
5810;0.000187989;6.08253;0.0699569;6.99569
5811;0.000187989;6.08253;0.0699569;6.99569
5812;0.000187989;6.08253;0.0699569;6.99569
5813;0.000187989;6.08253;0.0699569;6.99569
5814;0.000187989;6.08253;0.0699569;6.99569
5815;0.000187989;6.08253;0.0699569;6.99569
5816;0.000187989;6.08253;0.0699569;6.99569
5817;0.000187989;6.08253;0.0699569;6.99569
5818;0.000187989;6.08253;0.0699569;6.99569
5819;0.000187989;6.08253;0.0699569;6.99569
5820;0.000187989;6.08253;0.0699569;6.99569
5821;0.000187989;6.08253;0.0699569;6.99569
5822;0.000187989;6.08253;0.0699569;6.99569
5823;0.000187989;6.08253;0.0699569;6.99569
5824;0.000187989;6.08253;0.0699569;6.99569
5825;0.000187989;6.08253;0.0699569;6.99569
5826;0.000187989;6.08253;0.0699569;6.99569
5827;0.000187989;6.08253;0.0699569;6.99569
5828;0.000187989;6.08253;0.0699569;6.99569
5829;0.000187989;6.08253;0.0699569;6.99569
5830;0.000187989;6.08253;0.0699569;6.99569
5831;0.000187989;6.08253;0.0699569;6.99569
5832;0.000187989;6.08253;0.0699569;6.99569
5833;0.000187989;6.08253;0.0699569;6.99569
5834;0.000187989;6.08253;0.0699569;6.99569
5835;0.000187989;6.08253;0.0699569;6.99569
5836;0.000187989;6.08253;0.0699569;6.99569
5837;0.000187989;6.08253;0.0699569;6.99569
5838;0.000187989;6.08253;0.0699569;6.99569
5839;0.000187989;6.08253;0.0699569;6.99569
5840;0.000187989;6.08253;0.0699569;6.99569
5841;0.000187989;6.08253;0.0699569;6.99569
5842;0.000187989;6.08253;0.0699569;6.99569
5843;0.000187989;6.08253;0.0699569;6.99569
5844;0.000187989;6.08253;0.0699569;6.99569
5845;0.000187989;6.08253;0.0699569;6.99569
5846;0.000187989;6.08253;0.0699569;6.99569
5847;0.000187989;6.08253;0.0699569;6.99569
5848;0.000187989;6.08253;0.0699569;6.99569
5849;0.000187989;6.08253;0.0699569;6.99569
5850;0.000187989;6.08253;0.0699569;6.99569
5851;0.000187989;6.08253;0.0699569;6.99569
5852;0.000187989;6.08253;0.0699569;6.99569
5853;0.000187989;6.08253;0.0699569;6.99569
5854;0.000187989;6.08253;0.0699569;6.99569
5855;0.000187989;6.08253;0.0699569;6.99569
5856;0.000187989;6.08253;0.0699569;6.99569
5857;0.000187989;6.08253;0.0699569;6.99569
5858;0.000187989;6.08253;0.0699569;6.99569
5859;0.000187989;6.08253;0.0699569;6.99569
5860;0.000187989;6.08253;0.0699569;6.99569
5861;0.000187989;6.08253;0.0699569;6.99569
5862;0.000187989;6.08253;0.0699569;6.99569
5863;0.000187989;6.08253;0.0699569;6.99569
5864;0.000187989;6.08253;0.0699569;6.99569
5865;0.000187989;6.08253;0.0699569;6.99569
5866;0.000187989;6.08253;0.0699569;6.99569
5867;0.000187989;6.08253;0.0699569;6.99569
5868;0.000187989;6.08253;0.0699569;6.99569
5869;0.000187989;6.08253;0.0699569;6.99569
5870;0.000187989;6.08253;0.0699569;6.99569
5871;0.000187989;6.08253;0.0699569;6.99569
5872;0.000187989;6.08253;0.0699569;6.99569
5873;0.000187989;6.08253;0.0699569;6.99569
5874;0.000187989;6.08253;0.0699569;6.99569
5875;0.000187989;6.08253;0.0699569;6.99569
5876;0.000187989;6.08253;0.0699569;6.99569
5877;0.000187989;6.08253;0.0699569;6.99569
5878;0.000187989;6.08253;0.0699569;6.99569
5879;0.000187989;6.08253;0.0699569;6.99569
5880;0.000187989;6.08253;0.0699569;6.99569
5881;0.000187989;6.08253;0.0699569;6.99569
5882;0.000187989;6.08253;0.0699569;6.99569
5883;0.000187989;6.08253;0.0699569;6.99569
5884;0.000187989;6.08253;0.0699569;6.99569
5885;0.000187989;6.08253;0.0699569;6.99569
5886;0.000187989;6.08253;0.0699569;6.99569
5887;0.000187989;6.08253;0.0699569;6.99569
5888;0.000187989;6.08253;0.0699569;6.99569
5889;0.000187989;6.08253;0.0699569;6.99569
5890;0.000187989;6.08253;0.0699569;6.99569
5891;0.000187989;6.08253;0.0699569;6.99569
5892;0.000187989;6.08253;0.0699569;6.99569
5893;0.000187989;6.08253;0.0699569;6.99569
5894;0.000187989;6.08253;0.0699569;6.99569
5895;0.000187989;6.08253;0.0699569;6.99569
5896;0.000187989;6.08253;0.0699569;6.99569
5897;0.000187989;6.08253;0.0699569;6.99569
5898;0.000187989;6.08253;0.0699569;6.99569
5899;0.000187989;6.08253;0.0699569;6.99569
5900;0.000187989;6.08253;0.0699569;6.99569
5901;0.000187989;6.08253;0.0699569;6.99569
5902;0.000187989;6.08253;0.0699569;6.99569
5903;0.000187989;6.08253;0.0699569;6.99569
5904;0.000187989;6.08253;0.0699569;6.99569
5905;0.000187989;6.08253;0.0699569;6.99569
5906;0.000187989;6.08253;0.0699569;6.99569
5907;0.000187989;6.08253;0.0699569;6.99569
5908;0.000187989;6.08253;0.0699569;6.99569
5909;0.000187989;6.08253;0.0699569;6.99569
5910;0.000187989;6.08253;0.0699569;6.99569
5911;0.000187989;6.08253;0.0699569;6.99569
5912;0.000187989;6.08253;0.0699569;6.99569
5913;0.000187989;6.08253;0.0699569;6.99569
5914;0.000187989;6.08253;0.0699569;6.99569
5915;0.000187989;6.08253;0.0699569;6.99569
5916;0.000187989;6.08253;0.0699569;6.99569
5917;0.000187989;6.08253;0.0699569;6.99569
5918;0.000187989;6.08253;0.0699569;6.99569
5919;0.000187989;6.08253;0.0699569;6.99569
5920;0.000187989;6.08253;0.0699569;6.99569
5921;0.000187989;6.08253;0.0699569;6.99569
5922;0.000187989;6.08253;0.0699569;6.99569
5923;0.000187989;6.08253;0.0699569;6.99569
5924;0.000187989;6.08253;0.0699569;6.99569
5925;0.000187989;6.08253;0.0699569;6.99569
5926;0.000187989;6.08253;0.0699569;6.99569
5927;0.000187989;6.08253;0.0699569;6.99569
5928;0.000187989;6.08253;0.0699569;6.99569
5929;0.000187989;6.08253;0.0699569;6.99569
5930;0.000187989;6.08253;0.0699569;6.99569
5931;0.000187989;6.08253;0.0699569;6.99569
5932;0.000187989;6.08253;0.0699569;6.99569
5933;0.000187989;6.08253;0.0699569;6.99569
5934;0.000187989;6.08253;0.0699569;6.99569
5935;0.000187989;6.08253;0.0699569;6.99569
5936;0.000187989;6.08253;0.0699569;6.99569
5937;0.000187989;6.08253;0.0699569;6.99569
5938;0.000187989;6.08253;0.0699569;6.99569
5939;0.000187989;6.08253;0.0699569;6.99569
5940;0.000187989;6.08253;0.0699569;6.99569
5941;0.000187989;6.08253;0.0699569;6.99569
5942;0.000187989;6.08253;0.0699569;6.99569
5943;0.000187989;6.08253;0.0699569;6.99569
5944;0.000187989;6.08253;0.0699569;6.99569
5945;0.000187989;6.08253;0.0699569;6.99569
5946;0.000187989;6.08253;0.0699569;6.99569
5947;0.000187989;6.08253;0.0699569;6.99569
5948;0.000187989;6.08253;0.0699569;6.99569
5949;0.000187989;6.08253;0.0699569;6.99569
5950;0.000187989;6.08253;0.0699569;6.99569
5951;0.000187989;6.08253;0.0699569;6.99569
5952;0.000187989;6.08253;0.0699569;6.99569
5953;0.000187989;6.08253;0.0699569;6.99569
5954;0.000187989;6.08253;0.0699569;6.99569
5955;0.000187989;6.08253;0.0699569;6.99569
5956;0.000187989;6.08253;0.0699569;6.99569
5957;0.000187989;6.08253;0.0699569;6.99569
5958;0.000187989;6.08253;0.0699569;6.99569
5959;0.000187989;6.08253;0.0699569;6.99569
5960;0.000187989;6.08253;0.0699569;6.99569
5961;0.000187989;6.08253;0.0699569;6.99569
5962;0.000187989;6.08253;0.0699569;6.99569
5963;0.000187989;6.08253;0.0699569;6.99569
5964;0.000187989;6.08253;0.0699569;6.99569
5965;0.000187989;6.08253;0.0699569;6.99569
5966;0.000187989;6.08253;0.0699569;6.99569
5967;0.000187989;6.08253;0.0699569;6.99569
5968;0.000187989;6.08253;0.0699569;6.99569
5969;0.000187989;6.08253;0.0699569;6.99569
5970;0.000187989;6.08253;0.0699569;6.99569
5971;0.000187989;6.08253;0.0699569;6.99569
5972;0.000187989;6.08253;0.0699569;6.99569
5973;0.000187989;6.08253;0.0699569;6.99569
5974;0.000187989;6.08253;0.0699569;6.99569
5975;0.000187989;6.08253;0.0699569;6.99569
5976;0.000187989;6.08253;0.0699569;6.99569
5977;0.000187989;6.08253;0.0699569;6.99569
5978;0.000187989;6.08253;0.0699569;6.99569
5979;0.000187989;6.08253;0.0699569;6.99569
5980;0.000187989;6.08253;0.0699569;6.99569
5981;0.000187989;6.08253;0.0699569;6.99569
5982;0.000187989;6.08253;0.0699569;6.99569
5983;0.000187989;6.08253;0.0699569;6.99569
5984;0.000187989;6.08253;0.0699569;6.99569
5985;0.000187989;6.08253;0.0699569;6.99569
5986;0.000187989;6.08253;0.0699569;6.99569
5987;0.000187989;6.08253;0.0699569;6.99569
5988;0.000187989;6.08253;0.0699569;6.99569
5989;0.000187989;6.08253;0.0699569;6.99569
5990;0.000187989;6.08253;0.0699569;6.99569
5991;0.000187989;6.08253;0.0699569;6.99569
5992;0.000187989;6.08253;0.0699569;6.99569
5993;0.000187989;6.08253;0.0699569;6.99569
5994;0.000187989;6.08253;0.0699569;6.99569
5995;0.000187989;6.08253;0.0699569;6.99569
5996;0.000187989;6.08253;0.0699569;6.99569
5997;0.000187989;6.08253;0.0699569;6.99569
5998;0.000187989;6.08253;0.0699569;6.99569
5999;0.000187989;6.08253;0.0699569;6.99569
6000;0.000187989;6.08253;0.0699569;6.99569
6001;0.000187989;6.08253;0.0699569;6.99569
6002;0.000187989;6.08253;0.0699569;6.99569
6003;0.000187989;6.08253;0.0699569;6.99569
6004;0.000187989;6.08253;0.0699569;6.99569
6005;0.000187989;6.08253;0.0699569;6.99569
6006;0.000187989;6.08253;0.0699569;6.99569
6007;0.000187989;6.08253;0.0699569;6.99569
6008;0.000187989;6.08253;0.0699569;6.99569
6009;0.000187989;6.08253;0.0699569;6.99569
6010;0.000187989;6.08253;0.0699569;6.99569
6011;0.000187989;6.08253;0.0699569;6.99569
6012;0.000187989;6.08253;0.0699569;6.99569
6013;0.000187989;6.08253;0.0699569;6.99569
6014;0.000187989;6.08253;0.0699569;6.99569
6015;0.000187989;6.08253;0.0699569;6.99569
6016;0.000187989;6.08253;0.0699569;6.99569
6017;0.000187989;6.08253;0.0699569;6.99569
6018;0.000187989;6.08253;0.0699569;6.99569
6019;0.000187989;6.08253;0.0699569;6.99569
6020;0.000187989;6.08253;0.0699569;6.99569
6021;0.000187989;6.08253;0.0699569;6.99569
6022;0.000187989;6.08253;0.0699569;6.99569
6023;0.000187989;6.08253;0.0699569;6.99569
6024;0.000187989;6.08253;0.0699569;6.99569
6025;0.000187989;6.08253;0.0699569;6.99569
6026;0.000187989;6.08253;0.0699569;6.99569
6027;0.000187989;6.08253;0.0699569;6.99569
6028;0.000187989;6.08253;0.0699569;6.99569
6029;0.000187989;6.08253;0.0699569;6.99569
6030;0.000187989;6.08253;0.0699569;6.99569
6031;0.000187989;6.08253;0.0699569;6.99569
6032;0.000187989;6.08253;0.0699569;6.99569
6033;0.000187989;6.08253;0.0699569;6.99569
6034;0.000187989;6.08253;0.0699569;6.99569
6035;0.000187989;6.08253;0.0699569;6.99569
6036;0.000187989;6.08253;0.0699569;6.99569
6037;0.000187989;6.08253;0.0699569;6.99569
6038;0.000187989;6.08253;0.0699569;6.99569
6039;0.000187989;6.08253;0.0699569;6.99569
6040;0.000187989;6.08253;0.0699569;6.99569
6041;0.000187989;6.08253;0.0699569;6.99569
6042;0.000187989;6.08253;0.0699569;6.99569
6043;0.000187989;6.08253;0.0699569;6.99569
6044;0.000187989;6.08253;0.0699569;6.99569
6045;0.000187989;6.08253;0.0699569;6.99569
6046;0.000187989;6.08253;0.0699569;6.99569
6047;0.000187989;6.08253;0.0699569;6.99569
6048;0.000187989;6.08253;0.0699569;6.99569
6049;0.000187989;6.08253;0.0699569;6.99569
6050;0.000187989;6.08253;0.0699569;6.99569
6051;0.000187989;6.08253;0.0699569;6.99569
6052;0.000187989;6.08253;0.0699569;6.99569
6053;0.000187989;6.08253;0.0699569;6.99569
6054;0.000187989;6.08253;0.0699569;6.99569
6055;0.000187989;6.08253;0.0699569;6.99569
6056;0.000187989;6.08253;0.0699569;6.99569
6057;0.000187989;6.08253;0.0699569;6.99569
6058;0.000187989;6.08253;0.0699569;6.99569
6059;0.000187989;6.08253;0.0699569;6.99569
6060;0.000187989;6.08253;0.0699569;6.99569
6061;0.000187989;6.08253;0.0699569;6.99569
6062;0.000187989;6.08253;0.0699569;6.99569
6063;0.000187989;6.08253;0.0699569;6.99569
6064;0.000187989;6.08253;0.0699569;6.99569
6065;0.000187989;6.08253;0.0699569;6.99569
6066;0.000187989;6.08253;0.0699569;6.99569
6067;0.000187989;6.08253;0.0699569;6.99569
6068;0.000187989;6.08253;0.0699569;6.99569
6069;0.000187989;6.08253;0.0699569;6.99569
6070;0.000187989;6.08253;0.0699569;6.99569
6071;0.000187989;6.08253;0.0699569;6.99569
6072;0.000187989;6.08253;0.0699569;6.99569
6073;0.000187989;6.08253;0.0699569;6.99569
6074;0.000187989;6.08253;0.0699569;6.99569
6075;0.000187989;6.08253;0.0699569;6.99569
6076;0.000187989;6.08253;0.0699569;6.99569
6077;0.000187989;6.08253;0.0699569;6.99569
6078;0.000187989;6.08253;0.0699569;6.99569
6079;0.000187989;6.08253;0.0699569;6.99569
6080;0.000187989;6.08253;0.0699569;6.99569
6081;0.000187989;6.08253;0.0699569;6.99569
6082;0.000187989;6.08253;0.0699569;6.99569
6083;0.000187989;6.08253;0.0699569;6.99569
6084;0.000187989;6.08253;0.0699569;6.99569
6085;0.000187989;6.08253;0.0699569;6.99569
6086;0.000187989;6.08253;0.0699569;6.99569
6087;0.000187989;6.08253;0.0699569;6.99569
6088;0.000187989;6.08253;0.0699569;6.99569
6089;0.000187989;6.08253;0.0699569;6.99569
6090;0.000187989;6.08253;0.0699569;6.99569
6091;0.000187989;6.08253;0.0699569;6.99569
6092;0.000187989;6.08253;0.0699569;6.99569
6093;0.000187989;6.08253;0.0699569;6.99569
6094;0.000187989;6.08253;0.0699569;6.99569
6095;0.000187989;6.08253;0.0699569;6.99569
6096;0.000187989;6.08253;0.0699569;6.99569
6097;0.000187989;6.08253;0.0699569;6.99569
6098;0.000187989;6.08253;0.0699569;6.99569
6099;0.000187989;6.08253;0.0699569;6.99569
6100;0.000187989;6.08253;0.0699569;6.99569
6101;0.000187989;6.08253;0.0699569;6.99569
6102;0.000187989;6.08253;0.0699569;6.99569
6103;0.000187989;6.08253;0.0699569;6.99569
6104;0.000187989;6.08253;0.0699569;6.99569
6105;0.000187989;6.08253;0.0699569;6.99569
6106;0.000187989;6.08253;0.0699569;6.99569
6107;0.000187989;6.08253;0.0699569;6.99569
6108;0.000187989;6.08253;0.0699569;6.99569
6109;0.000187989;6.08253;0.0699569;6.99569
6110;0.000187989;6.08253;0.0699569;6.99569
6111;0.000187989;6.08253;0.0699569;6.99569
6112;0.000187989;6.08253;0.0699569;6.99569
6113;0.000187989;6.08253;0.0699569;6.99569
6114;0.000187989;6.08253;0.0699569;6.99569
6115;0.000187989;6.08253;0.0699569;6.99569
6116;0.000187989;6.08253;0.0699569;6.99569
6117;0.000187989;6.08253;0.0699569;6.99569
6118;0.000187989;6.08253;0.0699569;6.99569
6119;0.000187989;6.08253;0.0699569;6.99569
6120;0.000187989;6.08253;0.0699569;6.99569
6121;0.000187989;6.08253;0.0699569;6.99569
6122;0.000187989;6.08253;0.0699569;6.99569
6123;0.000187989;6.08253;0.0699569;6.99569
6124;0.000187989;6.08253;0.0699569;6.99569
6125;0.000187989;6.08253;0.0699569;6.99569
6126;0.000187989;6.08253;0.0699569;6.99569
6127;0.000187989;6.08253;0.0699569;6.99569
6128;0.000187989;6.08253;0.0699569;6.99569
6129;0.000187989;6.08253;0.0699569;6.99569
6130;0.000187989;6.08253;0.0699569;6.99569
6131;0.000187989;6.08253;0.0699569;6.99569
6132;0.000187989;6.08253;0.0699569;6.99569
6133;0.000187989;6.08253;0.0699569;6.99569
6134;0.000187989;6.08253;0.0699569;6.99569
6135;0.000187989;6.08253;0.0699569;6.99569
6136;0.000187989;6.08253;0.0699569;6.99569
6137;0.000187989;6.08253;0.0699569;6.99569
6138;0.000187989;6.08253;0.0699569;6.99569
6139;0.000187989;6.08253;0.0699569;6.99569
6140;0.000187989;6.08253;0.0699569;6.99569
6141;0.000187989;6.08253;0.0699569;6.99569
6142;0.000187989;6.08253;0.0699569;6.99569
6143;0.000187989;6.08253;0.0699569;6.99569
6144;0.000187989;6.08253;0.0699569;6.99569
6145;0.000187989;6.08253;0.0699569;6.99569
6146;0.000187989;6.08253;0.0699569;6.99569
6147;0.000187989;6.08253;0.0699569;6.99569
6148;0.000187989;6.08253;0.0699569;6.99569
6149;0.000187989;6.08253;0.0699569;6.99569
6150;0.000187989;6.08253;0.0699569;6.99569
6151;0.000187989;6.08253;0.0699569;6.99569
6152;0.000187989;6.08253;0.0699569;6.99569
6153;0.000187989;6.08253;0.0699569;6.99569
6154;0.000187989;6.08253;0.0699569;6.99569
6155;0.000187989;6.08253;0.0699569;6.99569
6156;0.000187989;6.08253;0.0699569;6.99569
6157;0.000187989;6.08253;0.0699569;6.99569
6158;0.000187989;6.08253;0.0699569;6.99569
6159;0.000187989;6.08253;0.0699569;6.99569
6160;0.000187989;6.08253;0.0699569;6.99569
6161;0.000187989;6.08253;0.0699569;6.99569
6162;0.000187989;6.08253;0.0699569;6.99569
6163;0.000187989;6.08253;0.0699569;6.99569
6164;0.000187989;6.08253;0.0699569;6.99569
6165;0.000187989;6.08253;0.0699569;6.99569
6166;0.000187989;6.08253;0.0699569;6.99569
6167;0.000187989;6.08253;0.0699569;6.99569
6168;0.000187989;6.08253;0.0699569;6.99569
6169;0.000187989;6.08253;0.0699569;6.99569
6170;0.000187989;6.08253;0.0699569;6.99569
6171;0.000187989;6.08253;0.0699569;6.99569
6172;0.000187989;6.08253;0.0699569;6.99569
6173;0.000187989;6.08253;0.0699569;6.99569
6174;0.000187989;6.08253;0.0699569;6.99569
6175;0.000187989;6.08253;0.0699569;6.99569
6176;0.000187989;6.08253;0.0699569;6.99569
6177;0.000187989;6.08253;0.0699569;6.99569
6178;0.000187989;6.08253;0.0699569;6.99569
6179;0.000187989;6.08253;0.0699569;6.99569
6180;0.000187989;6.08253;0.0699569;6.99569
6181;0.000187989;6.08253;0.0699569;6.99569
6182;0.000187989;6.08253;0.0699569;6.99569
6183;0.000187989;6.08253;0.0699569;6.99569
6184;0.000187989;6.08253;0.0699569;6.99569
6185;0.000187989;6.08253;0.0699569;6.99569
6186;0.000187989;6.08253;0.0699569;6.99569
6187;0.000187989;6.08253;0.0699569;6.99569
6188;0.000187989;6.08253;0.0699569;6.99569
6189;0.000187989;6.08253;0.0699569;6.99569
6190;0.000187989;6.08253;0.0699569;6.99569
6191;0.000187989;6.08253;0.0699569;6.99569
6192;0.000187989;6.08253;0.0699569;6.99569
6193;0.000187989;6.08253;0.0699569;6.99569
6194;0.000187989;6.08253;0.0699569;6.99569
6195;0.000187989;6.08253;0.0699569;6.99569
6196;0.000187989;6.08253;0.0699569;6.99569
6197;0.000187989;6.08253;0.0699569;6.99569
6198;0.000187989;6.08253;0.0699569;6.99569
6199;0.000187989;6.08253;0.0699569;6.99569
6200;0.000187989;6.08253;0.0699569;6.99569
6201;0.000187989;6.08253;0.0699569;6.99569
6202;0.000187989;6.08253;0.0699569;6.99569
6203;0.000187989;6.08253;0.0699569;6.99569
6204;0.000187989;6.08253;0.0699569;6.99569
6205;0.000187989;6.08253;0.0699569;6.99569
6206;0.000187989;6.08253;0.0699569;6.99569
6207;0.000187989;6.08253;0.0699569;6.99569
6208;0.000187989;6.08253;0.0699569;6.99569
6209;0.000187989;6.08253;0.0699569;6.99569
6210;0.000187989;6.08253;0.0699569;6.99569
6211;0.000187989;6.08253;0.0699569;6.99569
6212;0.000187989;6.08253;0.0699569;6.99569
6213;0.000187989;6.08253;0.0699569;6.99569
6214;0.000187989;6.08253;0.0699569;6.99569
6215;0.000187989;6.08253;0.0699569;6.99569
6216;0.000187989;6.08253;0.0699569;6.99569
6217;0.000187989;6.08253;0.0699569;6.99569
6218;0.000187989;6.08253;0.0699569;6.99569
6219;0.000187989;6.08253;0.0699569;6.99569
6220;0.000187989;6.08253;0.0699569;6.99569
6221;0.000187989;6.08253;0.0699569;6.99569
6222;0.000187989;6.08253;0.0699569;6.99569
6223;0.000187989;6.08253;0.0699569;6.99569
6224;0.000187989;6.08253;0.0699569;6.99569
6225;0.000187989;6.08253;0.0699569;6.99569
6226;0.000187989;6.08253;0.0699569;6.99569
6227;0.000187989;6.08253;0.0699569;6.99569
6228;0.000187989;6.08253;0.0699569;6.99569
6229;0.000187989;6.08253;0.0699569;6.99569
6230;0.000187989;6.08253;0.0699569;6.99569
6231;0.000187989;6.08253;0.0699569;6.99569
6232;0.000187989;6.08253;0.0699569;6.99569
6233;0.000187989;6.08253;0.0699569;6.99569
6234;0.000187989;6.08253;0.0699569;6.99569
6235;0.000187989;6.08253;0.0699569;6.99569
6236;0.000187989;6.08253;0.0699569;6.99569
6237;0.000187989;6.08253;0.0699569;6.99569
6238;0.000187989;6.08253;0.0699569;6.99569
6239;0.000187989;6.08253;0.0699569;6.99569
6240;0.000187989;6.08253;0.0699569;6.99569
6241;0.000187989;6.08253;0.0699569;6.99569
6242;0.000187989;6.08253;0.0699569;6.99569
6243;0.000187989;6.08253;0.0699569;6.99569
6244;0.000187989;6.08253;0.0699569;6.99569
6245;0.000187989;6.08253;0.0699569;6.99569
6246;0.000187989;6.08253;0.0699569;6.99569
6247;0.000187989;6.08253;0.0699569;6.99569
6248;0.000187989;6.08253;0.0699569;6.99569
6249;0.000187989;6.08253;0.0699569;6.99569
6250;0.000187989;6.08253;0.0699569;6.99569
6251;0.000187989;6.08253;0.0699569;6.99569
6252;0.000187989;6.08253;0.0699569;6.99569
6253;0.000187989;6.08253;0.0699569;6.99569
6254;0.000187989;6.08253;0.0699569;6.99569
6255;0.000187989;6.08253;0.0699569;6.99569
6256;0.000187989;6.08253;0.0699569;6.99569
6257;0.000187989;6.08253;0.0699569;6.99569
6258;0.000187989;6.08253;0.0699569;6.99569
6259;0.000187989;6.08253;0.0699569;6.99569
6260;0.000187989;6.08253;0.0699569;6.99569
6261;0.000187989;6.08253;0.0699569;6.99569
6262;0.000187989;6.08253;0.0699569;6.99569
6263;0.000187989;6.08253;0.0699569;6.99569
6264;0.000187989;6.08253;0.0699569;6.99569
6265;0.000187989;6.08253;0.0699569;6.99569
6266;0.000187989;6.08253;0.0699569;6.99569
6267;0.000187989;6.08253;0.0699569;6.99569
6268;0.000187989;6.08253;0.0699569;6.99569
6269;0.000187989;6.08253;0.0699569;6.99569
6270;0.000187989;6.08253;0.0699569;6.99569
6271;0.000187989;6.08253;0.0699569;6.99569
6272;0.000187989;6.08253;0.0699569;6.99569
6273;0.000187989;6.08253;0.0699569;6.99569
6274;0.000187989;6.08253;0.0699569;6.99569
6275;0.000187989;6.08253;0.0699569;6.99569
6276;0.000187989;6.08253;0.0699569;6.99569
6277;0.000187989;6.08253;0.0699569;6.99569
6278;0.000187989;6.08253;0.0699569;6.99569
6279;0.000187989;6.08253;0.0699569;6.99569
6280;0.000187989;6.08253;0.0699569;6.99569
6281;0.000187989;6.08253;0.0699569;6.99569
6282;0.000187989;6.08253;0.0699569;6.99569
6283;0.000187989;6.08253;0.0699569;6.99569
6284;0.000187989;6.08253;0.0699569;6.99569
6285;0.000187989;6.08253;0.0699569;6.99569
6286;0.000187989;6.08253;0.0699569;6.99569
6287;0.000187989;6.08253;0.0699569;6.99569
6288;0.000187989;6.08253;0.0699569;6.99569
6289;0.000187989;6.08253;0.0699569;6.99569
6290;0.000187989;6.08253;0.0699569;6.99569
6291;0.000187989;6.08253;0.0699569;6.99569
6292;0.000187989;6.08253;0.0699569;6.99569
6293;0.000187989;6.08253;0.0699569;6.99569
6294;0.000187989;6.08253;0.0699569;6.99569
6295;0.000187989;6.08253;0.0699569;6.99569
6296;0.000187989;6.08253;0.0699569;6.99569
6297;0.000187989;6.08253;0.0699569;6.99569
6298;0.000187989;6.08253;0.0699569;6.99569
6299;0.000187989;6.08253;0.0699569;6.99569
6300;0.000187989;6.08253;0.0699569;6.99569
6301;0.000187989;6.08253;0.0699569;6.99569
6302;0.000187989;6.08253;0.0699569;6.99569
6303;0.000187989;6.08253;0.0699569;6.99569
6304;0.000187989;6.08253;0.0699569;6.99569
6305;0.000187989;6.08253;0.0699569;6.99569
6306;0.000187989;6.08253;0.0699569;6.99569
6307;0.000187989;6.08253;0.0699569;6.99569
6308;0.000187989;6.08253;0.0699569;6.99569
6309;0.000187989;6.08253;0.0699569;6.99569
6310;0.000187989;6.08253;0.0699569;6.99569
6311;0.000187989;6.08253;0.0699569;6.99569
6312;0.000187989;6.08253;0.0699569;6.99569
6313;0.000187989;6.08253;0.0699569;6.99569
6314;0.000187989;6.08253;0.0699569;6.99569
6315;0.000187989;6.08253;0.0699569;6.99569
6316;0.000187989;6.08253;0.0699569;6.99569
6317;0.000187989;6.08253;0.0699569;6.99569
6318;0.000187989;6.08253;0.0699569;6.99569
6319;0.000187989;6.08253;0.0699569;6.99569
6320;0.000187989;6.08253;0.0699569;6.99569
6321;0.000187989;6.08253;0.0699569;6.99569
6322;0.000187989;6.08253;0.0699569;6.99569
6323;0.000187989;6.08253;0.0699569;6.99569
6324;0.000187989;6.08253;0.0699569;6.99569
6325;0.000187989;6.08253;0.0699569;6.99569
6326;0.000187989;6.08253;0.0699569;6.99569
6327;0.000187989;6.08253;0.0699569;6.99569
6328;0.000187989;6.08253;0.0699569;6.99569
6329;0.000187989;6.08253;0.0699569;6.99569
6330;0.000187989;6.08253;0.0699569;6.99569
6331;0.000187989;6.08253;0.0699569;6.99569
6332;0.000187989;6.08253;0.0699569;6.99569
6333;0.000187989;6.08253;0.0699569;6.99569
6334;0.000187989;6.08253;0.0699569;6.99569
6335;0.000187989;6.08253;0.0699569;6.99569
6336;0.000187989;6.08253;0.0699569;6.99569
6337;0.000187989;6.08253;0.0699569;6.99569
6338;0.000187989;6.08253;0.0699569;6.99569
6339;0.000187989;6.08253;0.0699569;6.99569
6340;0.000187989;6.08253;0.0699569;6.99569
6341;0.000187989;6.08253;0.0699569;6.99569
6342;0.000187989;6.08253;0.0699569;6.99569
6343;0.000187989;6.08253;0.0699569;6.99569
6344;0.000187989;6.08253;0.0699569;6.99569
6345;0.000187989;6.08253;0.0699569;6.99569
6346;0.000187989;6.08253;0.0699569;6.99569
6347;0.000187989;6.08253;0.0699569;6.99569
6348;0.000187989;6.08253;0.0699569;6.99569
6349;0.000187989;6.08253;0.0699569;6.99569
6350;0.000187989;6.08253;0.0699569;6.99569
6351;0.000187989;6.08253;0.0699569;6.99569
6352;0.000187989;6.08253;0.0699569;6.99569
6353;0.000187989;6.08253;0.0699569;6.99569
6354;0.000187989;6.08253;0.0699569;6.99569
6355;0.000187989;6.08253;0.0699569;6.99569
6356;0.000187989;6.08253;0.0699569;6.99569
6357;0.000187989;6.08253;0.0699569;6.99569
6358;0.000187989;6.08253;0.0699569;6.99569
6359;0.000187989;6.08253;0.0699569;6.99569
6360;0.000187989;6.08253;0.0699569;6.99569
6361;0.000187989;6.08253;0.0699569;6.99569
6362;0.000187989;6.08253;0.0699569;6.99569
6363;0.000187989;6.08253;0.0699569;6.99569
6364;0.000187989;6.08253;0.0699569;6.99569
6365;0.000187989;6.08253;0.0699569;6.99569
6366;0.000187989;6.08253;0.0699569;6.99569
6367;0.000187989;6.08253;0.0699569;6.99569
6368;0.000187989;6.08253;0.0699569;6.99569
6369;0.000187989;6.08253;0.0699569;6.99569
6370;0.000187989;6.08253;0.0699569;6.99569
6371;0.000187989;6.08253;0.0699569;6.99569
6372;0.000187989;6.08253;0.0699569;6.99569
6373;0.000187989;6.08253;0.0699569;6.99569
6374;0.000187989;6.08253;0.0699569;6.99569
6375;0.000187989;6.08253;0.0699569;6.99569
6376;0.000187989;6.08253;0.0699569;6.99569
6377;0.000187989;6.08253;0.0699569;6.99569
6378;0.000187989;6.08253;0.0699569;6.99569
6379;0.000187989;6.08253;0.0699569;6.99569
6380;0.000187989;6.08253;0.0699569;6.99569
6381;0.000187989;6.08253;0.0699569;6.99569
6382;0.000187989;6.08253;0.0699569;6.99569
6383;0.000187989;6.08253;0.0699569;6.99569
6384;0.000187989;6.08253;0.0699569;6.99569
6385;0.000187989;6.08253;0.0699569;6.99569
6386;0.000187989;6.08253;0.0699569;6.99569
6387;0.000187989;6.08253;0.0699569;6.99569
6388;0.000187989;6.08253;0.0699569;6.99569
6389;0.000187989;6.08253;0.0699569;6.99569
6390;0.000187989;6.08253;0.0699569;6.99569
6391;0.000187989;6.08253;0.0699569;6.99569
6392;0.000187989;6.08253;0.0699569;6.99569
6393;0.000187989;6.08253;0.0699569;6.99569
6394;0.000187989;6.08253;0.0699569;6.99569
6395;0.000187989;6.08253;0.0699569;6.99569
6396;0.000187989;6.08253;0.0699569;6.99569
6397;0.000187989;6.08253;0.0699569;6.99569
6398;0.000187989;6.08253;0.0699569;6.99569
6399;0.000187989;6.08253;0.0699569;6.99569
6400;0.000187989;6.08253;0.0699569;6.99569
6401;0.000187989;6.08253;0.0699569;6.99569
6402;0.000187989;6.08253;0.0699569;6.99569
6403;0.000187989;6.08253;0.0699569;6.99569
6404;0.000187989;6.08253;0.0699569;6.99569
6405;0.000187989;6.08253;0.0699569;6.99569
6406;0.000187989;6.08253;0.0699569;6.99569
6407;0.000187989;6.08253;0.0699569;6.99569
6408;0.000187989;6.08253;0.0699569;6.99569
6409;0.000187989;6.08253;0.0699569;6.99569
6410;0.000187989;6.08253;0.0699569;6.99569
6411;0.000187989;6.08253;0.0699569;6.99569
6412;0.000187989;6.08253;0.0699569;6.99569
6413;0.000187989;6.08253;0.0699569;6.99569
6414;0.000187989;6.08253;0.0699569;6.99569
6415;0.000187989;6.08253;0.0699569;6.99569
6416;0.000187989;6.08253;0.0699569;6.99569
6417;0.000187989;6.08253;0.0699569;6.99569
6418;0.000187989;6.08253;0.0699569;6.99569
6419;0.000187989;6.08253;0.0699569;6.99569
6420;0.000187989;6.08253;0.0699569;6.99569
6421;0.000187989;6.08253;0.0699569;6.99569
6422;0.000187989;6.08253;0.0699569;6.99569
6423;0.000187989;6.08253;0.0699569;6.99569
6424;0.000187989;6.08253;0.0699569;6.99569
6425;0.000187989;6.08253;0.0699569;6.99569
6426;0.000187989;6.08253;0.0699569;6.99569
6427;0.000187989;6.08253;0.0699569;6.99569
6428;0.000187989;6.08253;0.0699569;6.99569
6429;0.000187989;6.08253;0.0699569;6.99569
6430;0.000187989;6.08253;0.0699569;6.99569
6431;0.000187989;6.08253;0.0699569;6.99569
6432;0.000187989;6.08253;0.0699569;6.99569
6433;0.000187989;6.08253;0.0699569;6.99569
6434;0.000187989;6.08253;0.0699569;6.99569
6435;0.000187989;6.08253;0.0699569;6.99569
6436;0.000187989;6.08253;0.0699569;6.99569
6437;0.000187989;6.08253;0.0699569;6.99569
6438;0.000187989;6.08253;0.0699569;6.99569
6439;0.000187989;6.08253;0.0699569;6.99569
6440;0.000187989;6.08253;0.0699569;6.99569
6441;0.000187989;6.08253;0.0699569;6.99569
6442;0.000187989;6.08253;0.0699569;6.99569
6443;0.000187989;6.08253;0.0699569;6.99569
6444;0.000187989;6.08253;0.0699569;6.99569
6445;0.000187989;6.08253;0.0699569;6.99569
6446;0.000187989;6.08253;0.0699569;6.99569
6447;0.000187989;6.08253;0.0699569;6.99569
6448;0.000187989;6.08253;0.0699569;6.99569
6449;0.000187989;6.08253;0.0699569;6.99569
6450;0.000187989;6.08253;0.0699569;6.99569
6451;0.000187989;6.08253;0.0699569;6.99569
6452;0.000187989;6.08253;0.0699569;6.99569
6453;0.000187989;6.08253;0.0699569;6.99569
6454;0.000187989;6.08253;0.0699569;6.99569
6455;0.000187989;6.08253;0.0699569;6.99569
6456;0.000187989;6.08253;0.0699569;6.99569
6457;0.000187989;6.08253;0.0699569;6.99569
6458;0.000187989;6.08253;0.0699569;6.99569
6459;0.000187989;6.08253;0.0699569;6.99569
6460;0.000187989;6.08253;0.0699569;6.99569
6461;0.000187989;6.08253;0.0699569;6.99569
6462;0.000187989;6.08253;0.0699569;6.99569
6463;0.000187989;6.08253;0.0699569;6.99569
6464;0.000187989;6.08253;0.0699569;6.99569
6465;0.000187989;6.08253;0.0699569;6.99569
6466;0.000187989;6.08253;0.0699569;6.99569
6467;0.000187989;6.08253;0.0699569;6.99569
6468;0.000187989;6.08253;0.0699569;6.99569
6469;0.000187989;6.08253;0.0699569;6.99569
6470;0.000187989;6.08253;0.0699569;6.99569
6471;0.000187989;6.08253;0.0699569;6.99569
6472;0.000187989;6.08253;0.0699569;6.99569
6473;0.000187989;6.08253;0.0699569;6.99569
6474;0.000187989;6.08253;0.0699569;6.99569
6475;0.000187989;6.08253;0.0699569;6.99569
6476;0.000187989;6.08253;0.0699569;6.99569
6477;0.000187989;6.08253;0.0699569;6.99569
6478;0.000187989;6.08253;0.0699569;6.99569
6479;0.000187989;6.08253;0.0699569;6.99569
6480;0.000187989;6.08253;0.0699569;6.99569
6481;0.000187989;6.08253;0.0699569;6.99569
6482;0.000187989;6.08253;0.0699569;6.99569
6483;0.000187989;6.08253;0.0699569;6.99569
6484;0.000187989;6.08253;0.0699569;6.99569
6485;0.000187989;6.08253;0.0699569;6.99569
6486;0.000187989;6.08253;0.0699569;6.99569
6487;0.000187989;6.08253;0.0699569;6.99569
6488;0.000187989;6.08253;0.0699569;6.99569
6489;0.000187989;6.08253;0.0699569;6.99569
6490;0.000187989;6.08253;0.0699569;6.99569
6491;0.000187989;6.08253;0.0699569;6.99569
6492;0.000187989;6.08253;0.0699569;6.99569
6493;0.000187989;6.08253;0.0699569;6.99569
6494;0.000187989;6.08253;0.0699569;6.99569
6495;0.000187989;6.08253;0.0699569;6.99569
6496;0.000187989;6.08253;0.0699569;6.99569
6497;0.000187989;6.08253;0.0699569;6.99569
6498;0.000187989;6.08253;0.0699569;6.99569
6499;0.000187989;6.08253;0.0699569;6.99569
6500;0.000187989;6.08253;0.0699569;6.99569
6501;0.000187989;6.08253;0.0699569;6.99569
6502;0.000187989;6.08253;0.0699569;6.99569
6503;0.000187989;6.08253;0.0699569;6.99569
6504;0.000187989;6.08253;0.0699569;6.99569
6505;0.000187989;6.08253;0.0699569;6.99569
6506;0.000187989;6.08253;0.0699569;6.99569
6507;0.000187989;6.08253;0.0699569;6.99569
6508;0.000187989;6.08253;0.0699569;6.99569
6509;0.000187989;6.08253;0.0699569;6.99569
6510;0.000187989;6.08253;0.0699569;6.99569
6511;0.000187989;6.08253;0.0699569;6.99569
6512;0.000187989;6.08253;0.0699569;6.99569
6513;0.000187989;6.08253;0.0699569;6.99569
6514;0.000187989;6.08253;0.0699569;6.99569
6515;0.000187989;6.08253;0.0699569;6.99569
6516;0.000187989;6.08253;0.0699569;6.99569
6517;0.000187989;6.08253;0.0699569;6.99569
6518;0.000187989;6.08253;0.0699569;6.99569
6519;0.000187989;6.08253;0.0699569;6.99569
6520;0.000187989;6.08253;0.0699569;6.99569
6521;0.000187989;6.08253;0.0699569;6.99569
6522;0.000187989;6.08253;0.0699569;6.99569
6523;0.000187989;6.08253;0.0699569;6.99569
6524;0.000187989;6.08253;0.0699569;6.99569
6525;0.000187989;6.08253;0.0699569;6.99569
6526;0.000187989;6.08253;0.0699569;6.99569
6527;0.000187989;6.08253;0.0699569;6.99569
6528;0.000187989;6.08253;0.0699569;6.99569
6529;0.000187989;6.08253;0.0699569;6.99569
6530;0.000187989;6.08253;0.0699569;6.99569
6531;0.000187989;6.08253;0.0699569;6.99569
6532;0.000187989;6.08253;0.0699569;6.99569
6533;0.000187989;6.08253;0.0699569;6.99569
6534;0.000187989;6.08253;0.0699569;6.99569
6535;0.000187989;6.08253;0.0699569;6.99569
6536;0.000187989;6.08253;0.0699569;6.99569
6537;0.000187989;6.08253;0.0699569;6.99569
6538;0.000187989;6.08253;0.0699569;6.99569
6539;0.000187989;6.08253;0.0699569;6.99569
6540;0.000187989;6.08253;0.0699569;6.99569
6541;0.000187989;6.08253;0.0699569;6.99569
6542;0.000187989;6.08253;0.0699569;6.99569
6543;0.000187989;6.08253;0.0699569;6.99569
6544;0.000187989;6.08253;0.0699569;6.99569
6545;0.000187989;6.08253;0.0699569;6.99569
6546;0.000187989;6.08253;0.0699569;6.99569
6547;0.000187989;6.08253;0.0699569;6.99569
6548;0.000187989;6.08253;0.0699569;6.99569
6549;0.000187989;6.08253;0.0699569;6.99569
6550;0.000187989;6.08253;0.0699569;6.99569
6551;0.000187989;6.08253;0.0699569;6.99569
6552;0.000187989;6.08253;0.0699569;6.99569
6553;0.000187989;6.08253;0.0699569;6.99569
6554;0.000187989;6.08253;0.0699569;6.99569
6555;0.000187989;6.08253;0.0699569;6.99569
6556;0.000187989;6.08253;0.0699569;6.99569
6557;0.000187989;6.08253;0.0699569;6.99569
6558;0.000187989;6.08253;0.0699569;6.99569
6559;0.000187989;6.08253;0.0699569;6.99569
6560;0.000187989;6.08253;0.0699569;6.99569
6561;0.000187989;6.08253;0.0699569;6.99569
6562;0.000187989;6.08253;0.0699569;6.99569
6563;0.000187989;6.08253;0.0699569;6.99569
6564;0.000187989;6.08253;0.0699569;6.99569
6565;0.000187989;6.08253;0.0699569;6.99569
6566;0.000187989;6.08253;0.0699569;6.99569
6567;0.000187989;6.08253;0.0699569;6.99569
6568;0.000187989;6.08253;0.0699569;6.99569
6569;0.000187989;6.08253;0.0699569;6.99569
6570;0.000187989;6.08253;0.0699569;6.99569
6571;0.000187989;6.08253;0.0699569;6.99569
6572;0.000187989;6.08253;0.0699569;6.99569
6573;0.000187989;6.08253;0.0699569;6.99569
6574;0.000187989;6.08253;0.0699569;6.99569
6575;0.000187989;6.08253;0.0699569;6.99569
6576;0.000187989;6.08253;0.0699569;6.99569
6577;0.000187989;6.08253;0.0699569;6.99569
6578;0.000187989;6.08253;0.0699569;6.99569
6579;0.000187989;6.08253;0.0699569;6.99569
6580;0.000187989;6.08253;0.0699569;6.99569
6581;0.000187989;6.08253;0.0699569;6.99569
6582;0.000187989;6.08253;0.0699569;6.99569
6583;0.000187989;6.08253;0.0699569;6.99569
6584;0.000187989;6.08253;0.0699569;6.99569
6585;0.000187989;6.08253;0.0699569;6.99569
6586;0.000187989;6.08253;0.0699569;6.99569
6587;0.000187989;6.08253;0.0699569;6.99569
6588;0.000187989;6.08253;0.0699569;6.99569
6589;0.000187989;6.08253;0.0699569;6.99569
6590;0.000187989;6.08253;0.0699569;6.99569
6591;0.000187989;6.08253;0.0699569;6.99569
6592;0.000187989;6.08253;0.0699569;6.99569
6593;0.000187989;6.08253;0.0699569;6.99569
6594;0.000187989;6.08253;0.0699569;6.99569
6595;0.000187989;6.08253;0.0699569;6.99569
6596;0.000187989;6.08253;0.0699569;6.99569
6597;0.000187989;6.08253;0.0699569;6.99569
6598;0.000187989;6.08253;0.0699569;6.99569
6599;0.000187989;6.08253;0.0699569;6.99569
6600;0.000187989;6.08253;0.0699569;6.99569
6601;0.000187989;6.08253;0.0699569;6.99569
6602;0.000187989;6.08253;0.0699569;6.99569
6603;0.000187989;6.08253;0.0699569;6.99569
6604;0.000187989;6.08253;0.0699569;6.99569
6605;0.000187989;6.08253;0.0699569;6.99569
6606;0.000187989;6.08253;0.0699569;6.99569
6607;0.000187989;6.08253;0.0699569;6.99569
6608;0.000187989;6.08253;0.0699569;6.99569
6609;0.000187989;6.08253;0.0699569;6.99569
6610;0.000187989;6.08253;0.0699569;6.99569
6611;0.000187989;6.08253;0.0699569;6.99569
6612;0.000187989;6.08253;0.0699569;6.99569
6613;0.000187989;6.08253;0.0699569;6.99569
6614;0.000187989;6.08253;0.0699569;6.99569
6615;0.000187989;6.08253;0.0699569;6.99569
6616;0.000187989;6.08253;0.0699569;6.99569
6617;0.000187989;6.08253;0.0699569;6.99569
6618;0.000187989;6.08253;0.0699569;6.99569
6619;0.000187989;6.08253;0.0699569;6.99569
6620;0.000187989;6.08253;0.0699569;6.99569
6621;0.000187989;6.08253;0.0699569;6.99569
6622;0.000187989;6.08253;0.0699569;6.99569
6623;0.000187989;6.08253;0.0699569;6.99569
6624;0.000187989;6.08253;0.0699569;6.99569
6625;0.000187989;6.08253;0.0699569;6.99569
6626;0.000187989;6.08253;0.0699569;6.99569
6627;0.000187989;6.08253;0.0699569;6.99569
6628;0.000187989;6.08253;0.0699569;6.99569
6629;0.000187989;6.08253;0.0699569;6.99569
6630;0.000187989;6.08253;0.0699569;6.99569
6631;0.000187989;6.08253;0.0699569;6.99569
6632;0.000187989;6.08253;0.0699569;6.99569
6633;0.000187989;6.08253;0.0699569;6.99569
6634;0.000187989;6.08253;0.0699569;6.99569
6635;0.000187989;6.08253;0.0699569;6.99569
6636;0.000187989;6.08253;0.0699569;6.99569
6637;0.000187989;6.08253;0.0699569;6.99569
6638;0.000187989;6.08253;0.0699569;6.99569
6639;0.000187989;6.08253;0.0699569;6.99569
6640;0.000187989;6.08253;0.0699569;6.99569
6641;0.000187989;6.08253;0.0699569;6.99569
6642;0.000187989;6.08253;0.0699569;6.99569
6643;0.000187989;6.08253;0.0699569;6.99569
6644;0.000187989;6.08253;0.0699569;6.99569
6645;0.000187989;6.08253;0.0699569;6.99569
6646;0.000187989;6.08253;0.0699569;6.99569
6647;0.000187989;6.08253;0.0699569;6.99569
6648;0.000187989;6.08253;0.0699569;6.99569
6649;0.000187989;6.08253;0.0699569;6.99569
6650;0.000187989;6.08253;0.0699569;6.99569
6651;0.000187989;6.08253;0.0699569;6.99569
6652;0.000187989;6.08253;0.0699569;6.99569
6653;0.000187989;6.08253;0.0699569;6.99569
6654;0.000187989;6.08253;0.0699569;6.99569
6655;0.000187989;6.08253;0.0699569;6.99569
6656;0.000187989;6.08253;0.0699569;6.99569
6657;0.000187989;6.08253;0.0699569;6.99569
6658;0.000187989;6.08253;0.0699569;6.99569
6659;0.000187989;6.08253;0.0699569;6.99569
6660;0.000187989;6.08253;0.0699569;6.99569
6661;0.000187989;6.08253;0.0699569;6.99569
6662;0.000187989;6.08253;0.0699569;6.99569
6663;0.000187989;6.08253;0.0699569;6.99569
6664;0.000187989;6.08253;0.0699569;6.99569
6665;0.000187989;6.08253;0.0699569;6.99569
6666;0.000187989;6.08253;0.0699569;6.99569
6667;0.000187989;6.08253;0.0699569;6.99569
6668;0.000187989;6.08253;0.0699569;6.99569
6669;0.000187989;6.08253;0.0699569;6.99569
6670;0.000187989;6.08253;0.0699569;6.99569
6671;0.000187989;6.08253;0.0699569;6.99569
6672;0.000187989;6.08253;0.0699569;6.99569
6673;0.000187989;6.08253;0.0699569;6.99569
6674;0.000187989;6.08253;0.0699569;6.99569
6675;0.000187989;6.08253;0.0699569;6.99569
6676;0.000187989;6.08253;0.0699569;6.99569
6677;0.000187989;6.08253;0.0699569;6.99569
6678;0.000187989;6.08253;0.0699569;6.99569
6679;0.000187989;6.08253;0.0699569;6.99569
6680;0.000187989;6.08253;0.0699569;6.99569
6681;0.000187989;6.08253;0.0699569;6.99569
6682;0.000187989;6.08253;0.0699569;6.99569
6683;0.000187989;6.08253;0.0699569;6.99569
6684;0.000187989;6.08253;0.0699569;6.99569
6685;0.000187989;6.08253;0.0699569;6.99569
6686;0.000187989;6.08253;0.0699569;6.99569
6687;0.000187989;6.08253;0.0699569;6.99569
6688;0.000187989;6.08253;0.0699569;6.99569
6689;0.000187989;6.08253;0.0699569;6.99569
6690;0.000187989;6.08253;0.0699569;6.99569
6691;0.000187989;6.08253;0.0699569;6.99569
6692;0.000187989;6.08253;0.0699569;6.99569
6693;0.000187989;6.08253;0.0699569;6.99569
6694;0.000187989;6.08253;0.0699569;6.99569
6695;0.000187989;6.08253;0.0699569;6.99569
6696;0.000187989;6.08253;0.0699569;6.99569
6697;0.000187989;6.08253;0.0699569;6.99569
6698;0.000187989;6.08253;0.0699569;6.99569
6699;0.000187989;6.08253;0.0699569;6.99569
6700;0.000187989;6.08253;0.0699569;6.99569
6701;0.000187989;6.08253;0.0699569;6.99569
6702;0.000187989;6.08253;0.0699569;6.99569
6703;0.000187989;6.08253;0.0699569;6.99569
6704;0.000187989;6.08253;0.0699569;6.99569
6705;0.000187989;6.08253;0.0699569;6.99569
6706;0.000187989;6.08253;0.0699569;6.99569
6707;0.000187989;6.08253;0.0699569;6.99569
6708;0.000187989;6.08253;0.0699569;6.99569
6709;0.000187989;6.08253;0.0699569;6.99569
6710;0.000187989;6.08253;0.0699569;6.99569
6711;0.000187989;6.08253;0.0699569;6.99569
6712;0.000187989;6.08253;0.0699569;6.99569
6713;0.000187989;6.08253;0.0699569;6.99569
6714;0.000187989;6.08253;0.0699569;6.99569
6715;0.000187989;6.08253;0.0699569;6.99569
6716;0.000187989;6.08253;0.0699569;6.99569
6717;0.000187989;6.08253;0.0699569;6.99569
6718;0.000187989;6.08253;0.0699569;6.99569
6719;0.000187989;6.08253;0.0699569;6.99569
6720;0.000187989;6.08253;0.0699569;6.99569
6721;0.000187989;6.08253;0.0699569;6.99569
6722;0.000187989;6.08253;0.0699569;6.99569
6723;0.000187989;6.08253;0.0699569;6.99569
6724;0.000187989;6.08253;0.0699569;6.99569
6725;0.000187989;6.08253;0.0699569;6.99569
6726;0.000187989;6.08253;0.0699569;6.99569
6727;0.000187989;6.08253;0.0699569;6.99569
6728;0.000187989;6.08253;0.0699569;6.99569
6729;0.000187989;6.08253;0.0699569;6.99569
6730;0.000187989;6.08253;0.0699569;6.99569
6731;0.000187989;6.08253;0.0699569;6.99569
6732;0.000187989;6.08253;0.0699569;6.99569
6733;0.000187989;6.08253;0.0699569;6.99569
6734;0.000187989;6.08253;0.0699569;6.99569
6735;0.000187989;6.08253;0.0699569;6.99569
6736;0.000187989;6.08253;0.0699569;6.99569
6737;0.000187989;6.08253;0.0699569;6.99569
6738;0.000187989;6.08253;0.0699569;6.99569
6739;0.000187989;6.08253;0.0699569;6.99569
6740;0.000187989;6.08253;0.0699569;6.99569
6741;0.000187989;6.08253;0.0699569;6.99569
6742;0.000187989;6.08253;0.0699569;6.99569
6743;0.000187989;6.08253;0.0699569;6.99569
6744;0.000187989;6.08253;0.0699569;6.99569
6745;0.000187989;6.08253;0.0699569;6.99569
6746;0.000187989;6.08253;0.0699569;6.99569
6747;0.000187989;6.08253;0.0699569;6.99569
6748;0.000187989;6.08253;0.0699569;6.99569
6749;0.000187989;6.08253;0.0699569;6.99569
6750;0.000187989;6.08253;0.0699569;6.99569
6751;0.000187989;6.08253;0.0699569;6.99569
6752;0.000187989;6.08253;0.0699569;6.99569
6753;0.000187989;6.08253;0.0699569;6.99569
6754;0.000187989;6.08253;0.0699569;6.99569
6755;0.000187989;6.08253;0.0699569;6.99569
6756;0.000187989;6.08253;0.0699569;6.99569
6757;0.000187989;6.08253;0.0699569;6.99569
6758;0.000187989;6.08253;0.0699569;6.99569
6759;0.000187989;6.08253;0.0699569;6.99569
6760;0.000187989;6.08253;0.0699569;6.99569
6761;0.000187989;6.08253;0.0699569;6.99569
6762;0.000187989;6.08253;0.0699569;6.99569
6763;0.000187989;6.08253;0.0699569;6.99569
6764;0.000187989;6.08253;0.0699569;6.99569
6765;0.000187989;6.08253;0.0699569;6.99569
6766;0.000187989;6.08253;0.0699569;6.99569
6767;0.000187989;6.08253;0.0699569;6.99569
6768;0.000187989;6.08253;0.0699569;6.99569
6769;0.000187989;6.08253;0.0699569;6.99569
6770;0.000187989;6.08253;0.0699569;6.99569
6771;0.000187989;6.08253;0.0699569;6.99569
6772;0.000187989;6.08253;0.0699569;6.99569
6773;0.000187989;6.08253;0.0699569;6.99569
6774;0.000187989;6.08253;0.0699569;6.99569
6775;0.000187989;6.08253;0.0699569;6.99569
6776;0.000187989;6.08253;0.0699569;6.99569
6777;0.000187989;6.08253;0.0699569;6.99569
6778;0.000187989;6.08253;0.0699569;6.99569
6779;0.000187989;6.08253;0.0699569;6.99569
6780;0.000187989;6.08253;0.0699569;6.99569
6781;0.000187989;6.08253;0.0699569;6.99569
6782;0.000187989;6.08253;0.0699569;6.99569
6783;0.000187989;6.08253;0.0699569;6.99569
6784;0.000187989;6.08253;0.0699569;6.99569
6785;0.000187989;6.08253;0.0699569;6.99569
6786;0.000187989;6.08253;0.0699569;6.99569
6787;0.000187989;6.08253;0.0699569;6.99569
6788;0.000187989;6.08253;0.0699569;6.99569
6789;0.000187989;6.08253;0.0699569;6.99569
6790;0.000187989;6.08253;0.0699569;6.99569
6791;0.000187989;6.08253;0.0699569;6.99569
6792;0.000187989;6.08253;0.0699569;6.99569
6793;0.000187989;6.08253;0.0699569;6.99569
6794;0.000187989;6.08253;0.0699569;6.99569
6795;0.000187989;6.08253;0.0699569;6.99569
6796;0.000187989;6.08253;0.0699569;6.99569
6797;0.000187989;6.08253;0.0699569;6.99569
6798;0.000187989;6.08253;0.0699569;6.99569
6799;0.000187989;6.08253;0.0699569;6.99569
6800;0.000187989;6.08253;0.0699569;6.99569
6801;0.000187989;6.08253;0.0699569;6.99569
6802;0.000187989;6.08253;0.0699569;6.99569
6803;0.000187989;6.08253;0.0699569;6.99569
6804;0.000187989;6.08253;0.0699569;6.99569
6805;0.000187989;6.08253;0.0699569;6.99569
6806;0.000187989;6.08253;0.0699569;6.99569
6807;0.000187989;6.08253;0.0699569;6.99569
6808;0.000187989;6.08253;0.0699569;6.99569
6809;0.000187989;6.08253;0.0699569;6.99569
6810;0.000187989;6.08253;0.0699569;6.99569
6811;0.000187989;6.08253;0.0699569;6.99569
6812;0.000187989;6.08253;0.0699569;6.99569
6813;0.000187989;6.08253;0.0699569;6.99569
6814;0.000187989;6.08253;0.0699569;6.99569
6815;0.000187989;6.08253;0.0699569;6.99569
6816;0.000187989;6.08253;0.0699569;6.99569
6817;0.000187989;6.08253;0.0699569;6.99569
6818;0.000187989;6.08253;0.0699569;6.99569
6819;0.000187989;6.08253;0.0699569;6.99569
6820;0.000187989;6.08253;0.0699569;6.99569
6821;0.000187989;6.08253;0.0699569;6.99569
6822;0.000187989;6.08253;0.0699569;6.99569
6823;0.000187989;6.08253;0.0699569;6.99569
6824;0.000187989;6.08253;0.0699569;6.99569
6825;0.000187989;6.08253;0.0699569;6.99569
6826;0.000187989;6.08253;0.0699569;6.99569
6827;0.000187989;6.08253;0.0699569;6.99569
6828;0.000187989;6.08253;0.0699569;6.99569
6829;0.000187989;6.08253;0.0699569;6.99569
6830;0.000187989;6.08253;0.0699569;6.99569
6831;0.000187989;6.08253;0.0699569;6.99569
6832;0.000187989;6.08253;0.0699569;6.99569
6833;0.000187989;6.08253;0.0699569;6.99569
6834;0.000187989;6.08253;0.0699569;6.99569
6835;0.000187989;6.08253;0.0699569;6.99569
6836;0.000187989;6.08253;0.0699569;6.99569
6837;0.000187989;6.08253;0.0699569;6.99569
6838;0.000187989;6.08253;0.0699569;6.99569
6839;0.000187989;6.08253;0.0699569;6.99569
6840;0.000187989;6.08253;0.0699569;6.99569
6841;0.000187989;6.08253;0.0699569;6.99569
6842;0.000187989;6.08253;0.0699569;6.99569
6843;0.000187989;6.08253;0.0699569;6.99569
6844;0.000187989;6.08253;0.0699569;6.99569
6845;0.000187989;6.08253;0.0699569;6.99569
6846;0.000187989;6.08253;0.0699569;6.99569
6847;0.000187989;6.08253;0.0699569;6.99569
6848;0.000187989;6.08253;0.0699569;6.99569
6849;0.000187989;6.08253;0.0699569;6.99569
6850;0.000187989;6.08253;0.0699569;6.99569
6851;0.000187989;6.08253;0.0699569;6.99569
6852;0.000187989;6.08253;0.0699569;6.99569
6853;0.000187989;6.08253;0.0699569;6.99569
6854;0.000187989;6.08253;0.0699569;6.99569
6855;0.000187989;6.08253;0.0699569;6.99569
6856;0.000187989;6.08253;0.0699569;6.99569
6857;0.000187989;6.08253;0.0699569;6.99569
6858;0.000187989;6.08253;0.0699569;6.99569
6859;0.000187989;6.08253;0.0699569;6.99569
6860;0.000187989;6.08253;0.0699569;6.99569
6861;0.000187989;6.08253;0.0699569;6.99569
6862;0.000187989;6.08253;0.0699569;6.99569
6863;0.000187989;6.08253;0.0699569;6.99569
6864;0.000187989;6.08253;0.0699569;6.99569
6865;0.000187989;6.08253;0.0699569;6.99569
6866;0.000187989;6.08253;0.0699569;6.99569
6867;0.000187989;6.08253;0.0699569;6.99569
6868;0.000187989;6.08253;0.0699569;6.99569
6869;0.000187989;6.08253;0.0699569;6.99569
6870;0.000187989;6.08253;0.0699569;6.99569
6871;0.000187989;6.08253;0.0699569;6.99569
6872;0.000187989;6.08253;0.0699569;6.99569
6873;0.000187989;6.08253;0.0699569;6.99569
6874;0.000187989;6.08253;0.0699569;6.99569
6875;0.000187989;6.08253;0.0699569;6.99569
6876;0.000187989;6.08253;0.0699569;6.99569
6877;0.000187989;6.08253;0.0699569;6.99569
6878;0.000187989;6.08253;0.0699569;6.99569
6879;0.000187989;6.08253;0.0699569;6.99569
6880;0.000187989;6.08253;0.0699569;6.99569
6881;0.000187989;6.08253;0.0699569;6.99569
6882;0.000187989;6.08253;0.0699569;6.99569
6883;0.000187989;6.08253;0.0699569;6.99569
6884;0.000187989;6.08253;0.0699569;6.99569
6885;0.000187989;6.08253;0.0699569;6.99569
6886;0.000187989;6.08253;0.0699569;6.99569
6887;0.000187989;6.08253;0.0699569;6.99569
6888;0.000187989;6.08253;0.0699569;6.99569
6889;0.000187989;6.08253;0.0699569;6.99569
6890;0.000187989;6.08253;0.0699569;6.99569
6891;0.000187989;6.08253;0.0699569;6.99569
6892;0.000187989;6.08253;0.0699569;6.99569
6893;0.000187989;6.08253;0.0699569;6.99569
6894;0.000187989;6.08253;0.0699569;6.99569
6895;0.000187989;6.08253;0.0699569;6.99569
6896;0.000187989;6.08253;0.0699569;6.99569
6897;0.000187989;6.08253;0.0699569;6.99569
6898;0.000187989;6.08253;0.0699569;6.99569
6899;0.000187989;6.08253;0.0699569;6.99569
6900;0.000187989;6.08253;0.0699569;6.99569
6901;0.000187989;6.08253;0.0699569;6.99569
6902;0.000187989;6.08253;0.0699569;6.99569
6903;0.000187989;6.08253;0.0699569;6.99569
6904;0.000187989;6.08253;0.0699569;6.99569
6905;0.000187989;6.08253;0.0699569;6.99569
6906;0.000187989;6.08253;0.0699569;6.99569
6907;0.000187989;6.08253;0.0699569;6.99569
6908;0.000187989;6.08253;0.0699569;6.99569
6909;0.000187989;6.08253;0.0699569;6.99569
6910;0.000187989;6.08253;0.0699569;6.99569
6911;0.000187989;6.08253;0.0699569;6.99569
6912;0.000187989;6.08253;0.0699569;6.99569
6913;0.000187989;6.08253;0.0699569;6.99569
6914;0.000187989;6.08253;0.0699569;6.99569
6915;0.000187989;6.08253;0.0699569;6.99569
6916;0.000187989;6.08253;0.0699569;6.99569
6917;0.000187989;6.08253;0.0699569;6.99569
6918;0.000187989;6.08253;0.0699569;6.99569
6919;0.000187989;6.08253;0.0699569;6.99569
6920;0.000187989;6.08253;0.0699569;6.99569
6921;0.000187989;6.08253;0.0699569;6.99569
6922;0.000187989;6.08253;0.0699569;6.99569
6923;0.000187989;6.08253;0.0699569;6.99569
6924;0.000187989;6.08253;0.0699569;6.99569
6925;0.000187989;6.08253;0.0699569;6.99569
6926;0.000187989;6.08253;0.0699569;6.99569
6927;0.000187989;6.08253;0.0699569;6.99569
6928;0.000187989;6.08253;0.0699569;6.99569
6929;0.000187989;6.08253;0.0699569;6.99569
6930;0.000187989;6.08253;0.0699569;6.99569
6931;0.000187989;6.08253;0.0699569;6.99569
6932;0.000187989;6.08253;0.0699569;6.99569
6933;0.000187989;6.08253;0.0699569;6.99569
6934;0.000187989;6.08253;0.0699569;6.99569
6935;0.000187989;6.08253;0.0699569;6.99569
6936;0.000187989;6.08253;0.0699569;6.99569
6937;0.000187989;6.08253;0.0699569;6.99569
6938;0.000187989;6.08253;0.0699569;6.99569
6939;0.000187989;6.08253;0.0699569;6.99569
6940;0.000187989;6.08253;0.0699569;6.99569
6941;0.000187989;6.08253;0.0699569;6.99569
6942;0.000187989;6.08253;0.0699569;6.99569
6943;0.000187989;6.08253;0.0699569;6.99569
6944;0.000187989;6.08253;0.0699569;6.99569
6945;0.000187989;6.08253;0.0699569;6.99569
6946;0.000187989;6.08253;0.0699569;6.99569
6947;0.000187989;6.08253;0.0699569;6.99569
6948;0.000187989;6.08253;0.0699569;6.99569
6949;0.000187989;6.08253;0.0699569;6.99569
6950;0.000187989;6.08253;0.0699569;6.99569
6951;0.000187989;6.08253;0.0699569;6.99569
6952;0.000187989;6.08253;0.0699569;6.99569
6953;0.000187989;6.08253;0.0699569;6.99569
6954;0.000187989;6.08253;0.0699569;6.99569
6955;0.000187989;6.08253;0.0699569;6.99569
6956;0.000187989;6.08253;0.0699569;6.99569
6957;0.000187989;6.08253;0.0699569;6.99569
6958;0.000187989;6.08253;0.0699569;6.99569
6959;0.000187989;6.08253;0.0699569;6.99569
6960;0.000187989;6.08253;0.0699569;6.99569
6961;0.000187989;6.08253;0.0699569;6.99569
6962;0.000187989;6.08253;0.0699569;6.99569
6963;0.000187989;6.08253;0.0699569;6.99569
6964;0.000187989;6.08253;0.0699569;6.99569
6965;0.000187989;6.08253;0.0699569;6.99569
6966;0.000187989;6.08253;0.0699569;6.99569
6967;0.000187989;6.08253;0.0699569;6.99569
6968;0.000187989;6.08253;0.0699569;6.99569
6969;0.000187989;6.08253;0.0699569;6.99569
6970;0.000187989;6.08253;0.0699569;6.99569
6971;0.000187989;6.08253;0.0699569;6.99569
6972;0.000187989;6.08253;0.0699569;6.99569
6973;0.000187989;6.08253;0.0699569;6.99569
6974;0.000187989;6.08253;0.0699569;6.99569
6975;0.000187989;6.08253;0.0699569;6.99569
6976;0.000187989;6.08253;0.0699569;6.99569
6977;0.000187989;6.08253;0.0699569;6.99569
6978;0.000187989;6.08253;0.0699569;6.99569
6979;0.000187989;6.08253;0.0699569;6.99569
6980;0.000187989;6.08253;0.0699569;6.99569
6981;0.000187989;6.08253;0.0699569;6.99569
6982;0.000187989;6.08253;0.0699569;6.99569
6983;0.000187989;6.08253;0.0699569;6.99569
6984;0.000187989;6.08253;0.0699569;6.99569
6985;0.000187989;6.08253;0.0699569;6.99569
6986;0.000187989;6.08253;0.0699569;6.99569
6987;0.000187989;6.08253;0.0699569;6.99569
6988;0.000187989;6.08253;0.0699569;6.99569
6989;0.000187989;6.08253;0.0699569;6.99569
6990;0.000187989;6.08253;0.0699569;6.99569
6991;0.000187989;6.08253;0.0699569;6.99569
6992;0.000187989;6.08253;0.0699569;6.99569
6993;0.000187989;6.08253;0.0699569;6.99569
6994;0.000187989;6.08253;0.0699569;6.99569
6995;0.000187989;6.08253;0.0699569;6.99569
6996;0.000187989;6.08253;0.0699569;6.99569
6997;0.000187989;6.08253;0.0699569;6.99569
6998;0.000187989;6.08253;0.0699569;6.99569
6999;0.000187989;6.08253;0.0699569;6.99569
7000;0.000187989;6.08253;0.0699569;6.99569
7001;0.000187989;6.08253;0.0699569;6.99569
7002;0.000187989;6.08253;0.0699569;6.99569
7003;0.000187989;6.08253;0.0699569;6.99569
7004;0.000187989;6.08253;0.0699569;6.99569
7005;0.000187989;6.08253;0.0699569;6.99569
7006;0.000187989;6.08253;0.0699569;6.99569
7007;0.000187989;6.08253;0.0699569;6.99569
7008;0.000187989;6.08253;0.0699569;6.99569
7009;0.000187989;6.08253;0.0699569;6.99569
7010;0.000187989;6.08253;0.0699569;6.99569
7011;0.000187989;6.08253;0.0699569;6.99569
7012;0.000187989;6.08253;0.0699569;6.99569
7013;0.000187989;6.08253;0.0699569;6.99569
7014;0.000187989;6.08253;0.0699569;6.99569
7015;0.000187989;6.08253;0.0699569;6.99569
7016;0.000187989;6.08253;0.0699569;6.99569
7017;0.000187989;6.08253;0.0699569;6.99569
7018;0.000187989;6.08253;0.0699569;6.99569
7019;0.000187989;6.08253;0.0699569;6.99569
7020;0.000187989;6.08253;0.0699569;6.99569
7021;0.000187989;6.08253;0.0699569;6.99569
7022;0.000187989;6.08253;0.0699569;6.99569
7023;0.000187989;6.08253;0.0699569;6.99569
7024;0.000187989;6.08253;0.0699569;6.99569
7025;0.000187989;6.08253;0.0699569;6.99569
7026;0.000187989;6.08253;0.0699569;6.99569
7027;0.000187989;6.08253;0.0699569;6.99569
7028;0.000187989;6.08253;0.0699569;6.99569
7029;0.000187989;6.08253;0.0699569;6.99569
7030;0.000187989;6.08253;0.0699569;6.99569
7031;0.000187989;6.08253;0.0699569;6.99569
7032;0.000187989;6.08253;0.0699569;6.99569
7033;0.000187989;6.08253;0.0699569;6.99569
7034;0.000187989;6.08253;0.0699569;6.99569
7035;0.000187989;6.08253;0.0699569;6.99569
7036;0.000187989;6.08253;0.0699569;6.99569
7037;0.000187989;6.08253;0.0699569;6.99569
7038;0.000187989;6.08253;0.0699569;6.99569
7039;0.000187989;6.08253;0.0699569;6.99569
7040;0.000187989;6.08253;0.0699569;6.99569
7041;0.000187989;6.08253;0.0699569;6.99569
7042;0.000187989;6.08253;0.0699569;6.99569
7043;0.000187989;6.08253;0.0699569;6.99569
7044;0.000187989;6.08253;0.0699569;6.99569
7045;0.000187989;6.08253;0.0699569;6.99569
7046;0.000187989;6.08253;0.0699569;6.99569
7047;0.000187989;6.08253;0.0699569;6.99569
7048;0.000187989;6.08253;0.0699569;6.99569
7049;0.000187989;6.08253;0.0699569;6.99569
7050;0.000187989;6.08253;0.0699569;6.99569
7051;0.000187989;6.08253;0.0699569;6.99569
7052;0.000187989;6.08253;0.0699569;6.99569
7053;0.000187989;6.08253;0.0699569;6.99569
7054;0.000187989;6.08253;0.0699569;6.99569
7055;0.000187989;6.08253;0.0699569;6.99569
7056;0.000187989;6.08253;0.0699569;6.99569
7057;0.000187989;6.08253;0.0699569;6.99569
7058;0.000187989;6.08253;0.0699569;6.99569
7059;0.000187989;6.08253;0.0699569;6.99569
7060;0.000187989;6.08253;0.0699569;6.99569
7061;0.000187989;6.08253;0.0699569;6.99569
7062;0.000187989;6.08253;0.0699569;6.99569
7063;0.000187989;6.08253;0.0699569;6.99569
7064;0.000187989;6.08253;0.0699569;6.99569
7065;0.000187989;6.08253;0.0699569;6.99569
7066;0.000187989;6.08253;0.0699569;6.99569
7067;0.000187989;6.08253;0.0699569;6.99569
7068;0.000187989;6.08253;0.0699569;6.99569
7069;0.000187989;6.08253;0.0699569;6.99569
7070;0.000187989;6.08253;0.0699569;6.99569
7071;0.000187989;6.08253;0.0699569;6.99569
7072;0.000187989;6.08253;0.0699569;6.99569
7073;0.000187989;6.08253;0.0699569;6.99569
7074;0.000187989;6.08253;0.0699569;6.99569
7075;0.000187989;6.08253;0.0699569;6.99569
7076;0.000187989;6.08253;0.0699569;6.99569
7077;0.000187989;6.08253;0.0699569;6.99569
7078;0.000187989;6.08253;0.0699569;6.99569
7079;0.000187989;6.08253;0.0699569;6.99569
7080;0.000187989;6.08253;0.0699569;6.99569
7081;0.000187989;6.08253;0.0699569;6.99569
7082;0.000187989;6.08253;0.0699569;6.99569
7083;0.000187989;6.08253;0.0699569;6.99569
7084;0.000187989;6.08253;0.0699569;6.99569
7085;0.000187989;6.08253;0.0699569;6.99569
7086;0.000187989;6.08253;0.0699569;6.99569
7087;0.000187989;6.08253;0.0699569;6.99569
7088;0.000187989;6.08253;0.0699569;6.99569
7089;0.000187989;6.08253;0.0699569;6.99569
7090;0.000187989;6.08253;0.0699569;6.99569
7091;0.000187989;6.08253;0.0699569;6.99569
7092;0.000187989;6.08253;0.0699569;6.99569
7093;0.000187989;6.08253;0.0699569;6.99569
7094;0.000187989;6.08253;0.0699569;6.99569
7095;0.000187989;6.08253;0.0699569;6.99569
7096;0.000187989;6.08253;0.0699569;6.99569
7097;0.000187989;6.08253;0.0699569;6.99569
7098;0.000187989;6.08253;0.0699569;6.99569
7099;0.000187989;6.08253;0.0699569;6.99569
7100;0.000187989;6.08253;0.0699569;6.99569
7101;0.000187989;6.08253;0.0699569;6.99569
7102;0.000187989;6.08253;0.0699569;6.99569
7103;0.000187989;6.08253;0.0699569;6.99569
7104;0.000187989;6.08253;0.0699569;6.99569
7105;0.000187989;6.08253;0.0699569;6.99569
7106;0.000187989;6.08253;0.0699569;6.99569
7107;0.000187989;6.08253;0.0699569;6.99569
7108;0.000187989;6.08253;0.0699569;6.99569
7109;0.000187989;6.08253;0.0699569;6.99569
7110;0.000187989;6.08253;0.0699569;6.99569
7111;0.000187989;6.08253;0.0699569;6.99569
7112;0.000187989;6.08253;0.0699569;6.99569
7113;0.000187989;6.08253;0.0699569;6.99569
7114;0.000187989;6.08253;0.0699569;6.99569
7115;0.000187989;6.08253;0.0699569;6.99569
7116;0.000187989;6.08253;0.0699569;6.99569
7117;0.000187989;6.08253;0.0699569;6.99569
7118;0.000187989;6.08253;0.0699569;6.99569
7119;0.000187989;6.08253;0.0699569;6.99569
7120;0.000187989;6.08253;0.0699569;6.99569
7121;0.000187989;6.08253;0.0699569;6.99569
7122;0.000187989;6.08253;0.0699569;6.99569
7123;0.000187989;6.08253;0.0699569;6.99569
7124;0.000187989;6.08253;0.0699569;6.99569
7125;0.000187989;6.08253;0.0699569;6.99569
7126;0.000187989;6.08253;0.0699569;6.99569
7127;0.000187989;6.08253;0.0699569;6.99569
7128;0.000187989;6.08253;0.0699569;6.99569
7129;0.000187989;6.08253;0.0699569;6.99569
7130;0.000187989;6.08253;0.0699569;6.99569
7131;0.000187989;6.08253;0.0699569;6.99569
7132;0.000187989;6.08253;0.0699569;6.99569
7133;0.000187989;6.08253;0.0699569;6.99569
7134;0.000187989;6.08253;0.0699569;6.99569
7135;0.000187989;6.08253;0.0699569;6.99569
7136;0.000187989;6.08253;0.0699569;6.99569
7137;0.000187989;6.08253;0.0699569;6.99569
7138;0.000187989;6.08253;0.0699569;6.99569
7139;0.000187989;6.08253;0.0699569;6.99569
7140;0.000187989;6.08253;0.0699569;6.99569
7141;0.000187989;6.08253;0.0699569;6.99569
7142;0.000187989;6.08253;0.0699569;6.99569
7143;0.000187989;6.08253;0.0699569;6.99569
7144;0.000187989;6.08253;0.0699569;6.99569
7145;0.000187989;6.08253;0.0699569;6.99569
7146;0.000187989;6.08253;0.0699569;6.99569
7147;0.000187989;6.08253;0.0699569;6.99569
7148;0.000187989;6.08253;0.0699569;6.99569
7149;0.000187989;6.08253;0.0699569;6.99569
7150;0.000187989;6.08253;0.0699569;6.99569
7151;0.000187989;6.08253;0.0699569;6.99569
7152;0.000187989;6.08253;0.0699569;6.99569
7153;0.000187989;6.08253;0.0699569;6.99569
7154;0.000187989;6.08253;0.0699569;6.99569
7155;0.000187989;6.08253;0.0699569;6.99569
7156;0.000187989;6.08253;0.0699569;6.99569
7157;0.000187989;6.08253;0.0699569;6.99569
7158;0.000187989;6.08253;0.0699569;6.99569
7159;0.000187989;6.08253;0.0699569;6.99569
7160;0.000187989;6.08253;0.0699569;6.99569
7161;0.000187989;6.08253;0.0699569;6.99569
7162;0.000187989;6.08253;0.0699569;6.99569
7163;0.000187989;6.08253;0.0699569;6.99569
7164;0.000187989;6.08253;0.0699569;6.99569
7165;0.000187989;6.08253;0.0699569;6.99569
7166;0.000187989;6.08253;0.0699569;6.99569
7167;0.000187989;6.08253;0.0699569;6.99569
7168;0.000187989;6.08253;0.0699569;6.99569
7169;0.000187989;6.08253;0.0699569;6.99569
7170;0.000187989;6.08253;0.0699569;6.99569
7171;0.000187989;6.08253;0.0699569;6.99569
7172;0.000187989;6.08253;0.0699569;6.99569
7173;0.000187989;6.08253;0.0699569;6.99569
7174;0.000187989;6.08253;0.0699569;6.99569
7175;0.000187989;6.08253;0.0699569;6.99569
7176;0.000187989;6.08253;0.0699569;6.99569
7177;0.000187989;6.08253;0.0699569;6.99569
7178;0.000187989;6.08253;0.0699569;6.99569
7179;0.000187989;6.08253;0.0699569;6.99569
7180;0.000187989;6.08253;0.0699569;6.99569
7181;0.000187989;6.08253;0.0699569;6.99569
7182;0.000187989;6.08253;0.0699569;6.99569
7183;0.000187989;6.08253;0.0699569;6.99569
7184;0.000187989;6.08253;0.0699569;6.99569
7185;0.000187989;6.08253;0.0699569;6.99569
7186;0.000187989;6.08253;0.0699569;6.99569
7187;0.000187989;6.08253;0.0699569;6.99569
7188;0.000187989;6.08253;0.0699569;6.99569
7189;0.000187989;6.08253;0.0699569;6.99569
7190;0.000187989;6.08253;0.0699569;6.99569
7191;0.000187989;6.08253;0.0699569;6.99569
7192;0.000187989;6.08253;0.0699569;6.99569
7193;0.000187989;6.08253;0.0699569;6.99569
7194;0.000187989;6.08253;0.0699569;6.99569
7195;0.000187989;6.08253;0.0699569;6.99569
7196;0.000187989;6.08253;0.0699569;6.99569
7197;0.000187989;6.08253;0.0699569;6.99569
7198;0.000187989;6.08253;0.0699569;6.99569
7199;0.000187989;6.08253;0.0699569;6.99569
7200;0.000187989;6.08253;0.0699569;6.99569
7201;0.000187989;6.08253;0.0699569;6.99569
7202;0.000187989;6.08253;0.0699569;6.99569
7203;0.000187989;6.08253;0.0699569;6.99569
7204;0.000187989;6.08253;0.0699569;6.99569
7205;0.000187989;6.08253;0.0699569;6.99569
7206;0.000187989;6.08253;0.0699569;6.99569
7207;0.000187989;6.08253;0.0699569;6.99569
7208;0.000187989;6.08253;0.0699569;6.99569
7209;0.000187989;6.08253;0.0699569;6.99569
7210;0.000187989;6.08253;0.0699569;6.99569
7211;0.000187989;6.08253;0.0699569;6.99569
7212;0.000187989;6.08253;0.0699569;6.99569
7213;0.000187989;6.08253;0.0699569;6.99569
7214;0.000187989;6.08253;0.0699569;6.99569
7215;0.000187989;6.08253;0.0699569;6.99569
7216;0.000187989;6.08253;0.0699569;6.99569
7217;0.000187989;6.08253;0.0699569;6.99569
7218;0.000187989;6.08253;0.0699569;6.99569
7219;0.000187989;6.08253;0.0699569;6.99569
7220;0.000187989;6.08253;0.0699569;6.99569
7221;0.000187989;6.08253;0.0699569;6.99569
7222;0.000187989;6.08253;0.0699569;6.99569
7223;0.000187989;6.08253;0.0699569;6.99569
7224;0.000187989;6.08253;0.0699569;6.99569
7225;0.000187989;6.08253;0.0699569;6.99569
7226;0.000187989;6.08253;0.0699569;6.99569
7227;0.000187989;6.08253;0.0699569;6.99569
7228;0.000187989;6.08253;0.0699569;6.99569
7229;0.000187989;6.08253;0.0699569;6.99569
7230;0.000187989;6.08253;0.0699569;6.99569
7231;0.000187989;6.08253;0.0699569;6.99569
7232;0.000187989;6.08253;0.0699569;6.99569
7233;0.000187989;6.08253;0.0699569;6.99569
7234;0.000187989;6.08253;0.0699569;6.99569
7235;0.000187989;6.08253;0.0699569;6.99569
7236;0.000187989;6.08253;0.0699569;6.99569
7237;0.000187989;6.08253;0.0699569;6.99569
7238;0.000187989;6.08253;0.0699569;6.99569
7239;0.000187989;6.08253;0.0699569;6.99569
7240;0.000187989;6.08253;0.0699569;6.99569
7241;0.000187989;6.08253;0.0699569;6.99569
7242;0.000187989;6.08253;0.0699569;6.99569
7243;0.000187989;6.08253;0.0699569;6.99569
7244;0.000187989;6.08253;0.0699569;6.99569
7245;0.000187989;6.08253;0.0699569;6.99569
7246;0.000187989;6.08253;0.0699569;6.99569
7247;0.000187989;6.08253;0.0699569;6.99569
7248;0.000187989;6.08253;0.0699569;6.99569
7249;0.000187989;6.08253;0.0699569;6.99569
7250;0.000187989;6.08253;0.0699569;6.99569
7251;0.000187989;6.08253;0.0699569;6.99569
7252;0.000187989;6.08253;0.0699569;6.99569
7253;0.000187989;6.08253;0.0699569;6.99569
7254;0.000187989;6.08253;0.0699569;6.99569
7255;0.000187989;6.08253;0.0699569;6.99569
7256;0.000187989;6.08253;0.0699569;6.99569
7257;0.000187989;6.08253;0.0699569;6.99569
7258;0.000187989;6.08253;0.0699569;6.99569
7259;0.000187989;6.08253;0.0699569;6.99569
7260;0.000187989;6.08253;0.0699569;6.99569
7261;0.000187989;6.08253;0.0699569;6.99569
7262;0.000187989;6.08253;0.0699569;6.99569
7263;0.000187989;6.08253;0.0699569;6.99569
7264;0.000187989;6.08253;0.0699569;6.99569
7265;0.000187989;6.08253;0.0699569;6.99569
7266;0.000187989;6.08253;0.0699569;6.99569
7267;0.000187989;6.08253;0.0699569;6.99569
7268;0.000187989;6.08253;0.0699569;6.99569
7269;0.000187989;6.08253;0.0699569;6.99569
7270;0.000187989;6.08253;0.0699569;6.99569
7271;0.000187989;6.08253;0.0699569;6.99569
7272;0.000187989;6.08253;0.0699569;6.99569
7273;0.000187989;6.08253;0.0699569;6.99569
7274;0.000187989;6.08253;0.0699569;6.99569
7275;0.000187989;6.08253;0.0699569;6.99569
7276;0.000187989;6.08253;0.0699569;6.99569
7277;0.000187989;6.08253;0.0699569;6.99569
7278;0.000187989;6.08253;0.0699569;6.99569
7279;0.000187989;6.08253;0.0699569;6.99569
7280;0.000187989;6.08253;0.0699569;6.99569
7281;0.000187989;6.08253;0.0699569;6.99569
7282;0.000187989;6.08253;0.0699569;6.99569
7283;0.000187989;6.08253;0.0699569;6.99569
7284;0.000187989;6.08253;0.0699569;6.99569
7285;0.000187989;6.08253;0.0699569;6.99569
7286;0.000187989;6.08253;0.0699569;6.99569
7287;0.000187989;6.08253;0.0699569;6.99569
7288;0.000187989;6.08253;0.0699569;6.99569
7289;0.000187989;6.08253;0.0699569;6.99569
7290;0.000187989;6.08253;0.0699569;6.99569
7291;0.000187989;6.08253;0.0699569;6.99569
7292;0.000187989;6.08253;0.0699569;6.99569
7293;0.000187989;6.08253;0.0699569;6.99569
7294;0.000187989;6.08253;0.0699569;6.99569
7295;0.000187989;6.08253;0.0699569;6.99569
7296;0.000187989;6.08253;0.0699569;6.99569
7297;0.000187989;6.08253;0.0699569;6.99569
7298;0.000187989;6.08253;0.0699569;6.99569
7299;0.000187989;6.08253;0.0699569;6.99569
7300;0.000187989;6.08253;0.0699569;6.99569
7301;0.000187989;6.08253;0.0699569;6.99569
7302;0.000187989;6.08253;0.0699569;6.99569
7303;0.000187989;6.08253;0.0699569;6.99569
7304;0.000187989;6.08253;0.0699569;6.99569
7305;0.000187989;6.08253;0.0699569;6.99569
7306;0.000187989;6.08253;0.0699569;6.99569
7307;0.000187989;6.08253;0.0699569;6.99569
7308;0.000187989;6.08253;0.0699569;6.99569
7309;0.000187989;6.08253;0.0699569;6.99569
7310;0.000187989;6.08253;0.0699569;6.99569
7311;0.000187989;6.08253;0.0699569;6.99569
7312;0.000187989;6.08253;0.0699569;6.99569
7313;0.000187989;6.08253;0.0699569;6.99569
7314;0.000187989;6.08253;0.0699569;6.99569
7315;0.000187989;6.08253;0.0699569;6.99569
7316;0.000187989;6.08253;0.0699569;6.99569
7317;0.000187989;6.08253;0.0699569;6.99569
7318;0.000187989;6.08253;0.0699569;6.99569
7319;0.000187989;6.08253;0.0699569;6.99569
7320;0.000187989;6.08253;0.0699569;6.99569
7321;0.000187989;6.08253;0.0699569;6.99569
7322;0.000187989;6.08253;0.0699569;6.99569
7323;0.000187989;6.08253;0.0699569;6.99569
7324;0.000187989;6.08253;0.0699569;6.99569
7325;0.000187989;6.08253;0.0699569;6.99569
7326;0.000187989;6.08253;0.0699569;6.99569
7327;0.000187989;6.08253;0.0699569;6.99569
7328;0.000187989;6.08253;0.0699569;6.99569
7329;0.000187989;6.08253;0.0699569;6.99569
7330;0.000187989;6.08253;0.0699569;6.99569
7331;0.000187989;6.08253;0.0699569;6.99569
7332;0.000187989;6.08253;0.0699569;6.99569
7333;0.000187989;6.08253;0.0699569;6.99569
7334;0.000187989;6.08253;0.0699569;6.99569
7335;0.000187989;6.08253;0.0699569;6.99569
7336;0.000187989;6.08253;0.0699569;6.99569
7337;0.000187989;6.08253;0.0699569;6.99569
7338;0.000187989;6.08253;0.0699569;6.99569
7339;0.000187989;6.08253;0.0699569;6.99569
7340;0.000187989;6.08253;0.0699569;6.99569
7341;0.000187989;6.08253;0.0699569;6.99569
7342;0.000187989;6.08253;0.0699569;6.99569
7343;0.000187989;6.08253;0.0699569;6.99569
7344;0.000187989;6.08253;0.0699569;6.99569
7345;0.000187989;6.08253;0.0699569;6.99569
7346;0.000187989;6.08253;0.0699569;6.99569
7347;0.000187989;6.08253;0.0699569;6.99569
7348;0.000187989;6.08253;0.0699569;6.99569
7349;0.000187989;6.08253;0.0699569;6.99569
7350;0.000187989;6.08253;0.0699569;6.99569
7351;0.000187989;6.08253;0.0699569;6.99569
7352;0.000187989;6.08253;0.0699569;6.99569
7353;0.000187989;6.08253;0.0699569;6.99569
7354;0.000187989;6.08253;0.0699569;6.99569
7355;0.000187989;6.08253;0.0699569;6.99569
7356;0.000187989;6.08253;0.0699569;6.99569
7357;0.000187989;6.08253;0.0699569;6.99569
7358;0.000187989;6.08253;0.0699569;6.99569
7359;0.000187989;6.08253;0.0699569;6.99569
7360;0.000187989;6.08253;0.0699569;6.99569
7361;0.000187989;6.08253;0.0699569;6.99569
7362;0.000187989;6.08253;0.0699569;6.99569
7363;0.000187989;6.08253;0.0699569;6.99569
7364;0.000187989;6.08253;0.0699569;6.99569
7365;0.000187989;6.08253;0.0699569;6.99569
7366;0.000187989;6.08253;0.0699569;6.99569
7367;0.000187989;6.08253;0.0699569;6.99569
7368;0.000187989;6.08253;0.0699569;6.99569
7369;0.000187989;6.08253;0.0699569;6.99569
7370;0.000187989;6.08253;0.0699569;6.99569
7371;0.000187989;6.08253;0.0699569;6.99569
7372;0.000187989;6.08253;0.0699569;6.99569
7373;0.000187989;6.08253;0.0699569;6.99569
7374;0.000187989;6.08253;0.0699569;6.99569
7375;0.000187989;6.08253;0.0699569;6.99569
7376;0.000187989;6.08253;0.0699569;6.99569
7377;0.000187989;6.08253;0.0699569;6.99569
7378;0.000187989;6.08253;0.0699569;6.99569
7379;0.000187989;6.08253;0.0699569;6.99569
7380;0.000187989;6.08253;0.0699569;6.99569
7381;0.000187989;6.08253;0.0699569;6.99569
7382;0.000187989;6.08253;0.0699569;6.99569
7383;0.000187989;6.08253;0.0699569;6.99569
7384;0.000187989;6.08253;0.0699569;6.99569
7385;0.000187989;6.08253;0.0699569;6.99569
7386;0.000187989;6.08253;0.0699569;6.99569
7387;0.000187989;6.08253;0.0699569;6.99569
7388;0.000187989;6.08253;0.0699569;6.99569
7389;0.000187989;6.08253;0.0699569;6.99569
7390;0.000187989;6.08253;0.0699569;6.99569
7391;0.000187989;6.08253;0.0699569;6.99569
7392;0.000187989;6.08253;0.0699569;6.99569
7393;0.000187989;6.08253;0.0699569;6.99569
7394;0.000187989;6.08253;0.0699569;6.99569
7395;0.000187989;6.08253;0.0699569;6.99569
7396;0.000187989;6.08253;0.0699569;6.99569
7397;0.000187989;6.08253;0.0699569;6.99569
7398;0.000187989;6.08253;0.0699569;6.99569
7399;0.000187989;6.08253;0.0699569;6.99569
7400;0.000187989;6.08253;0.0699569;6.99569
7401;0.000187989;6.08253;0.0699569;6.99569
7402;0.000187989;6.08253;0.0699569;6.99569
7403;0.000187989;6.08253;0.0699569;6.99569
7404;0.000187989;6.08253;0.0699569;6.99569
7405;0.000187989;6.08253;0.0699569;6.99569
7406;0.000187989;6.08253;0.0699569;6.99569
7407;0.000187989;6.08253;0.0699569;6.99569
7408;0.000187989;6.08253;0.0699569;6.99569
7409;0.000187989;6.08253;0.0699569;6.99569
7410;0.000187989;6.08253;0.0699569;6.99569
7411;0.000187989;6.08253;0.0699569;6.99569
7412;0.000187989;6.08253;0.0699569;6.99569
7413;0.000187989;6.08253;0.0699569;6.99569
7414;0.000187989;6.08253;0.0699569;6.99569
7415;0.000187989;6.08253;0.0699569;6.99569
7416;0.000187989;6.08253;0.0699569;6.99569
7417;0.000187989;6.08253;0.0699569;6.99569
7418;0.000187989;6.08253;0.0699569;6.99569
7419;0.000187989;6.08253;0.0699569;6.99569
7420;0.000187989;6.08253;0.0699569;6.99569
7421;0.000187989;6.08253;0.0699569;6.99569
7422;0.000187989;6.08253;0.0699569;6.99569
7423;0.000187989;6.08253;0.0699569;6.99569
7424;0.000187989;6.08253;0.0699569;6.99569
7425;0.000187989;6.08253;0.0699569;6.99569
7426;0.000187989;6.08253;0.0699569;6.99569
7427;0.000187989;6.08253;0.0699569;6.99569
7428;0.000187989;6.08253;0.0699569;6.99569
7429;0.000187989;6.08253;0.0699569;6.99569
7430;0.000187989;6.08253;0.0699569;6.99569
7431;0.000187989;6.08253;0.0699569;6.99569
7432;0.000187989;6.08253;0.0699569;6.99569
7433;0.000187989;6.08253;0.0699569;6.99569
7434;0.000187989;6.08253;0.0699569;6.99569
7435;0.000187989;6.08253;0.0699569;6.99569
7436;0.000187989;6.08253;0.0699569;6.99569
7437;0.000187989;6.08253;0.0699569;6.99569
7438;0.000187989;6.08253;0.0699569;6.99569
7439;0.000187989;6.08253;0.0699569;6.99569
7440;0.000187989;6.08253;0.0699569;6.99569
7441;0.000187989;6.08253;0.0699569;6.99569
7442;0.000187989;6.08253;0.0699569;6.99569
7443;0.000187989;6.08253;0.0699569;6.99569
7444;0.000187989;6.08253;0.0699569;6.99569
7445;0.000187989;6.08253;0.0699569;6.99569
7446;0.000187989;6.08253;0.0699569;6.99569
7447;0.000187989;6.08253;0.0699569;6.99569
7448;0.000187989;6.08253;0.0699569;6.99569
7449;0.000187989;6.08253;0.0699569;6.99569
7450;0.000187989;6.08253;0.0699569;6.99569
7451;0.000187989;6.08253;0.0699569;6.99569
7452;0.000187989;6.08253;0.0699569;6.99569
7453;0.000187989;6.08253;0.0699569;6.99569
7454;0.000187989;6.08253;0.0699569;6.99569
7455;0.000187989;6.08253;0.0699569;6.99569
7456;0.000187989;6.08253;0.0699569;6.99569
7457;0.000187989;6.08253;0.0699569;6.99569
7458;0.000187989;6.08253;0.0699569;6.99569
7459;0.000187989;6.08253;0.0699569;6.99569
7460;0.000187989;6.08253;0.0699569;6.99569
7461;0.000187989;6.08253;0.0699569;6.99569
7462;0.000187989;6.08253;0.0699569;6.99569
7463;0.000187989;6.08253;0.0699569;6.99569
7464;0.000187989;6.08253;0.0699569;6.99569
7465;0.000187989;6.08253;0.0699569;6.99569
7466;0.000187989;6.08253;0.0699569;6.99569
7467;0.000187989;6.08253;0.0699569;6.99569
7468;0.000187989;6.08253;0.0699569;6.99569
7469;0.000187989;6.08253;0.0699569;6.99569
7470;0.000187989;6.08253;0.0699569;6.99569
7471;0.000187989;6.08253;0.0699569;6.99569
7472;0.000187989;6.08253;0.0699569;6.99569
7473;0.000187989;6.08253;0.0699569;6.99569
7474;0.000187989;6.08253;0.0699569;6.99569
7475;0.000187989;6.08253;0.0699569;6.99569
7476;0.000187989;6.08253;0.0699569;6.99569
7477;0.000187989;6.08253;0.0699569;6.99569
7478;0.000187989;6.08253;0.0699569;6.99569
7479;0.000187989;6.08253;0.0699569;6.99569
7480;0.000187989;6.08253;0.0699569;6.99569
7481;0.000187989;6.08253;0.0699569;6.99569
7482;0.000187989;6.08253;0.0699569;6.99569
7483;0.000187989;6.08253;0.0699569;6.99569
7484;0.000187989;6.08253;0.0699569;6.99569
7485;0.000187989;6.08253;0.0699569;6.99569
7486;0.000187989;6.08253;0.0699569;6.99569
7487;0.000187989;6.08253;0.0699569;6.99569
7488;0.000187989;6.08253;0.0699569;6.99569
7489;0.000187989;6.08253;0.0699569;6.99569
7490;0.000187989;6.08253;0.0699569;6.99569
7491;0.000187989;6.08253;0.0699569;6.99569
7492;0.000187989;6.08253;0.0699569;6.99569
7493;0.000187989;6.08253;0.0699569;6.99569
7494;0.000187989;6.08253;0.0699569;6.99569
7495;0.000187989;6.08253;0.0699569;6.99569
7496;0.000187989;6.08253;0.0699569;6.99569
7497;0.000187989;6.08253;0.0699569;6.99569
7498;0.000187989;6.08253;0.0699569;6.99569
7499;0.000187989;6.08253;0.0699569;6.99569
7500;0.000187989;6.08253;0.0699569;6.99569
7501;0.000187989;6.08253;0.0699569;6.99569
7502;0.000187989;6.08253;0.0699569;6.99569
7503;0.000187989;6.08253;0.0699569;6.99569
7504;0.000187989;6.08253;0.0699569;6.99569
7505;0.000187989;6.08253;0.0699569;6.99569
7506;0.000187989;6.08253;0.0699569;6.99569
7507;0.000187989;6.08253;0.0699569;6.99569
7508;0.000187989;6.08253;0.0699569;6.99569
7509;0.000187989;6.08253;0.0699569;6.99569
7510;0.000187989;6.08253;0.0699569;6.99569
7511;0.000187989;6.08253;0.0699569;6.99569
7512;0.000187989;6.08253;0.0699569;6.99569
7513;0.000187989;6.08253;0.0699569;6.99569
7514;0.000187989;6.08253;0.0699569;6.99569
7515;0.000187989;6.08253;0.0699569;6.99569
7516;0.000187989;6.08253;0.0699569;6.99569
7517;0.000187989;6.08253;0.0699569;6.99569
7518;0.000187989;6.08253;0.0699569;6.99569
7519;0.000187989;6.08253;0.0699569;6.99569
7520;0.000187989;6.08253;0.0699569;6.99569
7521;0.000187989;6.08253;0.0699569;6.99569
7522;0.000187989;6.08253;0.0699569;6.99569
7523;0.000187989;6.08253;0.0699569;6.99569
7524;0.000187989;6.08253;0.0699569;6.99569
7525;0.000187989;6.08253;0.0699569;6.99569
7526;0.000187989;6.08253;0.0699569;6.99569
7527;0.000187989;6.08253;0.0699569;6.99569
7528;0.000187989;6.08253;0.0699569;6.99569
7529;0.000187989;6.08253;0.0699569;6.99569
7530;0.000187989;6.08253;0.0699569;6.99569
7531;0.000187989;6.08253;0.0699569;6.99569
7532;0.000187989;6.08253;0.0699569;6.99569
7533;0.000187989;6.08253;0.0699569;6.99569
7534;0.000187989;6.08253;0.0699569;6.99569
7535;0.000187989;6.08253;0.0699569;6.99569
7536;0.000187989;6.08253;0.0699569;6.99569
7537;0.000187989;6.08253;0.0699569;6.99569
7538;0.000187989;6.08253;0.0699569;6.99569
7539;0.000187989;6.08253;0.0699569;6.99569
7540;0.000187989;6.08253;0.0699569;6.99569
7541;0.000187989;6.08253;0.0699569;6.99569
7542;0.000187989;6.08253;0.0699569;6.99569
7543;0.000187989;6.08253;0.0699569;6.99569
7544;0.000187989;6.08253;0.0699569;6.99569
7545;0.000187989;6.08253;0.0699569;6.99569
7546;0.000187989;6.08253;0.0699569;6.99569
7547;0.000187989;6.08253;0.0699569;6.99569
7548;0.000187989;6.08253;0.0699569;6.99569
7549;0.000187989;6.08253;0.0699569;6.99569
7550;0.000187989;6.08253;0.0699569;6.99569
7551;0.000187989;6.08253;0.0699569;6.99569
7552;0.000187989;6.08253;0.0699569;6.99569
7553;0.000187989;6.08253;0.0699569;6.99569
7554;0.000187989;6.08253;0.0699569;6.99569
7555;0.000187989;6.08253;0.0699569;6.99569
7556;0.000187989;6.08253;0.0699569;6.99569
7557;0.000187989;6.08253;0.0699569;6.99569
7558;0.000187989;6.08253;0.0699569;6.99569
7559;0.000187989;6.08253;0.0699569;6.99569
7560;0.000187989;6.08253;0.0699569;6.99569
7561;0.000187989;6.08253;0.0699569;6.99569
7562;0.000187989;6.08253;0.0699569;6.99569
7563;0.000187989;6.08253;0.0699569;6.99569
7564;0.000187989;6.08253;0.0699569;6.99569
7565;0.000187989;6.08253;0.0699569;6.99569
7566;0.000187989;6.08253;0.0699569;6.99569
7567;0.000187989;6.08253;0.0699569;6.99569
7568;0.000187989;6.08253;0.0699569;6.99569
7569;0.000187989;6.08253;0.0699569;6.99569
7570;0.000187989;6.08253;0.0699569;6.99569
7571;0.000187989;6.08253;0.0699569;6.99569
7572;0.000187989;6.08253;0.0699569;6.99569
7573;0.000187989;6.08253;0.0699569;6.99569
7574;0.000187989;6.08253;0.0699569;6.99569
7575;0.000187989;6.08253;0.0699569;6.99569
7576;0.000187989;6.08253;0.0699569;6.99569
7577;0.000187989;6.08253;0.0699569;6.99569
7578;0.000187989;6.08253;0.0699569;6.99569
7579;0.000187989;6.08253;0.0699569;6.99569
7580;0.000187989;6.08253;0.0699569;6.99569
7581;0.000187989;6.08253;0.0699569;6.99569
7582;0.000187989;6.08253;0.0699569;6.99569
7583;0.000187989;6.08253;0.0699569;6.99569
7584;0.000187989;6.08253;0.0699569;6.99569
7585;0.000187989;6.08253;0.0699569;6.99569
7586;0.000187989;6.08253;0.0699569;6.99569
7587;0.000187989;6.08253;0.0699569;6.99569
7588;0.000187989;6.08253;0.0699569;6.99569
7589;0.000187989;6.08253;0.0699569;6.99569
7590;0.000187989;6.08253;0.0699569;6.99569
7591;0.000187989;6.08253;0.0699569;6.99569
7592;0.000187989;6.08253;0.0699569;6.99569
7593;0.000187989;6.08253;0.0699569;6.99569
7594;0.000187989;6.08253;0.0699569;6.99569
7595;0.000187989;6.08253;0.0699569;6.99569
7596;0.000187989;6.08253;0.0699569;6.99569
7597;0.000187989;6.08253;0.0699569;6.99569
7598;0.000187989;6.08253;0.0699569;6.99569
7599;0.000187989;6.08253;0.0699569;6.99569
7600;0.000187989;6.08253;0.0699569;6.99569
7601;0.000187989;6.08253;0.0699569;6.99569
7602;0.000187989;6.08253;0.0699569;6.99569
7603;0.000187989;6.08253;0.0699569;6.99569
7604;0.000187989;6.08253;0.0699569;6.99569
7605;0.000187989;6.08253;0.0699569;6.99569
7606;0.000187989;6.08253;0.0699569;6.99569
7607;0.000187989;6.08253;0.0699569;6.99569
7608;0.000187989;6.08253;0.0699569;6.99569
7609;0.000187989;6.08253;0.0699569;6.99569
7610;0.000187989;6.08253;0.0699569;6.99569
7611;0.000187989;6.08253;0.0699569;6.99569
7612;0.000187989;6.08253;0.0699569;6.99569
7613;0.000187989;6.08253;0.0699569;6.99569
7614;0.000187989;6.08253;0.0699569;6.99569
7615;0.000187989;6.08253;0.0699569;6.99569
7616;0.000187989;6.08253;0.0699569;6.99569
7617;0.000187989;6.08253;0.0699569;6.99569
7618;0.000187989;6.08253;0.0699569;6.99569
7619;0.000187989;6.08253;0.0699569;6.99569
7620;0.000187989;6.08253;0.0699569;6.99569
7621;0.000187989;6.08253;0.0699569;6.99569
7622;0.000187989;6.08253;0.0699569;6.99569
7623;0.000187989;6.08253;0.0699569;6.99569
7624;0.000187989;6.08253;0.0699569;6.99569
7625;0.000187989;6.08253;0.0699569;6.99569
7626;0.000187989;6.08253;0.0699569;6.99569
7627;0.000187989;6.08253;0.0699569;6.99569
7628;0.000187989;6.08253;0.0699569;6.99569
7629;0.000187989;6.08253;0.0699569;6.99569
7630;0.000187989;6.08253;0.0699569;6.99569
7631;0.000187989;6.08253;0.0699569;6.99569
7632;0.000187989;6.08253;0.0699569;6.99569
7633;0.000187989;6.08253;0.0699569;6.99569
7634;0.000187989;6.08253;0.0699569;6.99569
7635;0.000187989;6.08253;0.0699569;6.99569
7636;0.000187989;6.08253;0.0699569;6.99569
7637;0.000187989;6.08253;0.0699569;6.99569
7638;0.000187989;6.08253;0.0699569;6.99569
7639;0.000187989;6.08253;0.0699569;6.99569
7640;0.000187989;6.08253;0.0699569;6.99569
7641;0.000187989;6.08253;0.0699569;6.99569
7642;0.000187989;6.08253;0.0699569;6.99569
7643;0.000187989;6.08253;0.0699569;6.99569
7644;0.000187989;6.08253;0.0699569;6.99569
7645;0.000187989;6.08253;0.0699569;6.99569
7646;0.000187989;6.08253;0.0699569;6.99569
7647;0.000187989;6.08253;0.0699569;6.99569
7648;0.000187989;6.08253;0.0699569;6.99569
7649;0.000187989;6.08253;0.0699569;6.99569
7650;0.000187989;6.08253;0.0699569;6.99569
7651;0.000187989;6.08253;0.0699569;6.99569
7652;0.000187989;6.08253;0.0699569;6.99569
7653;0.000187989;6.08253;0.0699569;6.99569
7654;0.000187989;6.08253;0.0699569;6.99569
7655;0.000187989;6.08253;0.0699569;6.99569
7656;0.000187989;6.08253;0.0699569;6.99569
7657;0.000187989;6.08253;0.0699569;6.99569
7658;0.000187989;6.08253;0.0699569;6.99569
7659;0.000187989;6.08253;0.0699569;6.99569
7660;0.000187989;6.08253;0.0699569;6.99569
7661;0.000187989;6.08253;0.0699569;6.99569
7662;0.000187989;6.08253;0.0699569;6.99569
7663;0.000187989;6.08253;0.0699569;6.99569
7664;0.000187989;6.08253;0.0699569;6.99569
7665;0.000187989;6.08253;0.0699569;6.99569
7666;0.000187989;6.08253;0.0699569;6.99569
7667;0.000187989;6.08253;0.0699569;6.99569
7668;0.000187989;6.08253;0.0699569;6.99569
7669;0.000187989;6.08253;0.0699569;6.99569
7670;0.000187989;6.08253;0.0699569;6.99569
7671;0.000187989;6.08253;0.0699569;6.99569
7672;0.000187989;6.08253;0.0699569;6.99569
7673;0.000187989;6.08253;0.0699569;6.99569
7674;0.000187989;6.08253;0.0699569;6.99569
7675;0.000187989;6.08253;0.0699569;6.99569
7676;0.000187989;6.08253;0.0699569;6.99569
7677;0.000187989;6.08253;0.0699569;6.99569
7678;0.000187989;6.08253;0.0699569;6.99569
7679;0.000187989;6.08253;0.0699569;6.99569
7680;0.000187989;6.08253;0.0699569;6.99569
7681;0.000187989;6.08253;0.0699569;6.99569
7682;0.000187989;6.08253;0.0699569;6.99569
7683;0.000187989;6.08253;0.0699569;6.99569
7684;0.000187989;6.08253;0.0699569;6.99569
7685;0.000187989;6.08253;0.0699569;6.99569
7686;0.000187989;6.08253;0.0699569;6.99569
7687;0.000187989;6.08253;0.0699569;6.99569
7688;0.000187989;6.08253;0.0699569;6.99569
7689;0.000187989;6.08253;0.0699569;6.99569
7690;0.000187989;6.08253;0.0699569;6.99569
7691;0.000187989;6.08253;0.0699569;6.99569
7692;0.000187989;6.08253;0.0699569;6.99569
7693;0.000187989;6.08253;0.0699569;6.99569
7694;0.000187989;6.08253;0.0699569;6.99569
7695;0.000187989;6.08253;0.0699569;6.99569
7696;0.000187989;6.08253;0.0699569;6.99569
7697;0.000187989;6.08253;0.0699569;6.99569
7698;0.000187989;6.08253;0.0699569;6.99569
7699;0.000187989;6.08253;0.0699569;6.99569
7700;0.000187989;6.08253;0.0699569;6.99569
7701;0.000187989;6.08253;0.0699569;6.99569
7702;0.000187989;6.08253;0.0699569;6.99569
7703;0.000187989;6.08253;0.0699569;6.99569
7704;0.000187989;6.08253;0.0699569;6.99569
7705;0.000187989;6.08253;0.0699569;6.99569
7706;0.000187989;6.08253;0.0699569;6.99569
7707;0.000187989;6.08253;0.0699569;6.99569
7708;0.000187989;6.08253;0.0699569;6.99569
7709;0.000187989;6.08253;0.0699569;6.99569
7710;0.000187989;6.08253;0.0699569;6.99569
7711;0.000187989;6.08253;0.0699569;6.99569
7712;0.000187989;6.08253;0.0699569;6.99569
7713;0.000187989;6.08253;0.0699569;6.99569
7714;0.000187989;6.08253;0.0699569;6.99569
7715;0.000187989;6.08253;0.0699569;6.99569
7716;0.000187989;6.08253;0.0699569;6.99569
7717;0.000187989;6.08253;0.0699569;6.99569
7718;0.000187989;6.08253;0.0699569;6.99569
7719;0.000187989;6.08253;0.0699569;6.99569
7720;0.000187989;6.08253;0.0699569;6.99569
7721;0.000187989;6.08253;0.0699569;6.99569
7722;0.000187989;6.08253;0.0699569;6.99569
7723;0.000187989;6.08253;0.0699569;6.99569
7724;0.000187989;6.08253;0.0699569;6.99569
7725;0.000187989;6.08253;0.0699569;6.99569
7726;0.000187989;6.08253;0.0699569;6.99569
7727;0.000187989;6.08253;0.0699569;6.99569
7728;0.000187989;6.08253;0.0699569;6.99569
7729;0.000187989;6.08253;0.0699569;6.99569
7730;0.000187989;6.08253;0.0699569;6.99569
7731;0.000187989;6.08253;0.0699569;6.99569
7732;0.000187989;6.08253;0.0699569;6.99569
7733;0.000187989;6.08253;0.0699569;6.99569
7734;0.000187989;6.08253;0.0699569;6.99569
7735;0.000187989;6.08253;0.0699569;6.99569
7736;0.000187989;6.08253;0.0699569;6.99569
7737;0.000187989;6.08253;0.0699569;6.99569
7738;0.000187989;6.08253;0.0699569;6.99569
7739;0.000187989;6.08253;0.0699569;6.99569
7740;0.000187989;6.08253;0.0699569;6.99569
7741;0.000187989;6.08253;0.0699569;6.99569
7742;0.000187989;6.08253;0.0699569;6.99569
7743;0.000187989;6.08253;0.0699569;6.99569
7744;0.000187989;6.08253;0.0699569;6.99569
7745;0.000187989;6.08253;0.0699569;6.99569
7746;0.000187989;6.08253;0.0699569;6.99569
7747;0.000187989;6.08253;0.0699569;6.99569
7748;0.000187989;6.08253;0.0699569;6.99569
7749;0.000187989;6.08253;0.0699569;6.99569
7750;0.000187989;6.08253;0.0699569;6.99569
7751;0.000187989;6.08253;0.0699569;6.99569
7752;0.000187989;6.08253;0.0699569;6.99569
7753;0.000187989;6.08253;0.0699569;6.99569
7754;0.000187989;6.08253;0.0699569;6.99569
7755;0.000187989;6.08253;0.0699569;6.99569
7756;0.000187989;6.08253;0.0699569;6.99569
7757;0.000187989;6.08253;0.0699569;6.99569
7758;0.000187989;6.08253;0.0699569;6.99569
7759;0.000187989;6.08253;0.0699569;6.99569
7760;0.000187989;6.08253;0.0699569;6.99569
7761;0.000187989;6.08253;0.0699569;6.99569
7762;0.000187989;6.08253;0.0699569;6.99569
7763;0.000187989;6.08253;0.0699569;6.99569
7764;0.000187989;6.08253;0.0699569;6.99569
7765;0.000187989;6.08253;0.0699569;6.99569
7766;0.000187989;6.08253;0.0699569;6.99569
7767;0.000187989;6.08253;0.0699569;6.99569
7768;0.000187989;6.08253;0.0699569;6.99569
7769;0.000187989;6.08253;0.0699569;6.99569
7770;0.000187989;6.08253;0.0699569;6.99569
7771;0.000187989;6.08253;0.0699569;6.99569
7772;0.000187989;6.08253;0.0699569;6.99569
7773;0.000187989;6.08253;0.0699569;6.99569
7774;0.000187989;6.08253;0.0699569;6.99569
7775;0.000187989;6.08253;0.0699569;6.99569
7776;0.000187989;6.08253;0.0699569;6.99569
7777;0.000187989;6.08253;0.0699569;6.99569
7778;0.000187989;6.08253;0.0699569;6.99569
7779;0.000187989;6.08253;0.0699569;6.99569
7780;0.000187989;6.08253;0.0699569;6.99569
7781;0.000187989;6.08253;0.0699569;6.99569
7782;0.000187989;6.08253;0.0699569;6.99569
7783;0.000187989;6.08253;0.0699569;6.99569
7784;0.000187989;6.08253;0.0699569;6.99569
7785;0.000187989;6.08253;0.0699569;6.99569
7786;0.000187989;6.08253;0.0699569;6.99569
7787;0.000187989;6.08253;0.0699569;6.99569
7788;0.000187989;6.08253;0.0699569;6.99569
7789;0.000187989;6.08253;0.0699569;6.99569
7790;0.000187989;6.08253;0.0699569;6.99569
7791;0.000187989;6.08253;0.0699569;6.99569
7792;0.000187989;6.08253;0.0699569;6.99569
7793;0.000187989;6.08253;0.0699569;6.99569
7794;0.000187989;6.08253;0.0699569;6.99569
7795;0.000187989;6.08253;0.0699569;6.99569
7796;0.000187989;6.08253;0.0699569;6.99569
7797;0.000187989;6.08253;0.0699569;6.99569
7798;0.000187989;6.08253;0.0699569;6.99569
7799;0.000187989;6.08253;0.0699569;6.99569
7800;0.000187989;6.08253;0.0699569;6.99569
7801;0.000187989;6.08253;0.0699569;6.99569
7802;0.000187989;6.08253;0.0699569;6.99569
7803;0.000187989;6.08253;0.0699569;6.99569
7804;0.000187989;6.08253;0.0699569;6.99569
7805;0.000187989;6.08253;0.0699569;6.99569
7806;0.000187989;6.08253;0.0699569;6.99569
7807;0.000187989;6.08253;0.0699569;6.99569
7808;0.000187989;6.08253;0.0699569;6.99569
7809;0.000187989;6.08253;0.0699569;6.99569
7810;0.000187989;6.08253;0.0699569;6.99569
7811;0.000187989;6.08253;0.0699569;6.99569
7812;0.000187989;6.08253;0.0699569;6.99569
7813;0.000187989;6.08253;0.0699569;6.99569
7814;0.000187989;6.08253;0.0699569;6.99569
7815;0.000187989;6.08253;0.0699569;6.99569
7816;0.000187989;6.08253;0.0699569;6.99569
7817;0.000187989;6.08253;0.0699569;6.99569
7818;0.000187989;6.08253;0.0699569;6.99569
7819;0.000187989;6.08253;0.0699569;6.99569
7820;0.000187989;6.08253;0.0699569;6.99569
7821;0.000187989;6.08253;0.0699569;6.99569
7822;0.000187989;6.08253;0.0699569;6.99569
7823;0.000187989;6.08253;0.0699569;6.99569
7824;0.000187989;6.08253;0.0699569;6.99569
7825;0.000187989;6.08253;0.0699569;6.99569
7826;0.000187989;6.08253;0.0699569;6.99569
7827;0.000187989;6.08253;0.0699569;6.99569
7828;0.000187989;6.08253;0.0699569;6.99569
7829;0.000187989;6.08253;0.0699569;6.99569
7830;0.000187989;6.08253;0.0699569;6.99569
7831;0.000187989;6.08253;0.0699569;6.99569
7832;0.000187989;6.08253;0.0699569;6.99569
7833;0.000187989;6.08253;0.0699569;6.99569
7834;0.000187989;6.08253;0.0699569;6.99569
7835;0.000187989;6.08253;0.0699569;6.99569
7836;0.000187989;6.08253;0.0699569;6.99569
7837;0.000187989;6.08253;0.0699569;6.99569
7838;0.000187989;6.08253;0.0699569;6.99569
7839;0.000187989;6.08253;0.0699569;6.99569
7840;0.000187989;6.08253;0.0699569;6.99569
7841;0.000187989;6.08253;0.0699569;6.99569
7842;0.000187989;6.08253;0.0699569;6.99569
7843;0.000187989;6.08253;0.0699569;6.99569
7844;0.000187989;6.08253;0.0699569;6.99569
7845;0.000187989;6.08253;0.0699569;6.99569
7846;0.000187989;6.08253;0.0699569;6.99569
7847;0.000187989;6.08253;0.0699569;6.99569
7848;0.000187989;6.08253;0.0699569;6.99569
7849;0.000187989;6.08253;0.0699569;6.99569
7850;0.000187989;6.08253;0.0699569;6.99569
7851;0.000187989;6.08253;0.0699569;6.99569
7852;0.000187989;6.08253;0.0699569;6.99569
7853;0.000187989;6.08253;0.0699569;6.99569
7854;0.000187989;6.08253;0.0699569;6.99569
7855;0.000187989;6.08253;0.0699569;6.99569
7856;0.000187989;6.08253;0.0699569;6.99569
7857;0.000187989;6.08253;0.0699569;6.99569
7858;0.000187989;6.08253;0.0699569;6.99569
7859;0.000187989;6.08253;0.0699569;6.99569
7860;0.000187989;6.08253;0.0699569;6.99569
7861;0.000187989;6.08253;0.0699569;6.99569
7862;0.000187989;6.08253;0.0699569;6.99569
7863;0.000187989;6.08253;0.0699569;6.99569
7864;0.000187989;6.08253;0.0699569;6.99569
7865;0.000187989;6.08253;0.0699569;6.99569
7866;0.000187989;6.08253;0.0699569;6.99569
7867;0.000187989;6.08253;0.0699569;6.99569
7868;0.000187989;6.08253;0.0699569;6.99569
7869;0.000187989;6.08253;0.0699569;6.99569
7870;0.000187989;6.08253;0.0699569;6.99569
7871;0.000187989;6.08253;0.0699569;6.99569
7872;0.000187989;6.08253;0.0699569;6.99569
7873;0.000187989;6.08253;0.0699569;6.99569
7874;0.000187989;6.08253;0.0699569;6.99569
7875;0.000187989;6.08253;0.0699569;6.99569
7876;0.000187989;6.08253;0.0699569;6.99569
7877;0.000187989;6.08253;0.0699569;6.99569
7878;0.000187989;6.08253;0.0699569;6.99569
7879;0.000187989;6.08253;0.0699569;6.99569
7880;0.000187989;6.08253;0.0699569;6.99569
7881;0.000187989;6.08253;0.0699569;6.99569
7882;0.000187989;6.08253;0.0699569;6.99569
7883;0.000187989;6.08253;0.0699569;6.99569
7884;0.000187989;6.08253;0.0699569;6.99569
7885;0.000187989;6.08253;0.0699569;6.99569
7886;0.000187989;6.08253;0.0699569;6.99569
7887;0.000187989;6.08253;0.0699569;6.99569
7888;0.000187989;6.08253;0.0699569;6.99569
7889;0.000187989;6.08253;0.0699569;6.99569
7890;0.000187989;6.08253;0.0699569;6.99569
7891;0.000187989;6.08253;0.0699569;6.99569
7892;0.000187989;6.08253;0.0699569;6.99569
7893;0.000187989;6.08253;0.0699569;6.99569
7894;0.000187989;6.08253;0.0699569;6.99569
7895;0.000187989;6.08253;0.0699569;6.99569
7896;0.000187989;6.08253;0.0699569;6.99569
7897;0.000187989;6.08253;0.0699569;6.99569
7898;0.000187989;6.08253;0.0699569;6.99569
7899;0.000187989;6.08253;0.0699569;6.99569
7900;0.000187989;6.08253;0.0699569;6.99569
7901;0.000187989;6.08253;0.0699569;6.99569
7902;0.000187989;6.08253;0.0699569;6.99569
7903;0.000187989;6.08253;0.0699569;6.99569
7904;0.000187989;6.08253;0.0699569;6.99569
7905;0.000187989;6.08253;0.0699569;6.99569
7906;0.000187989;6.08253;0.0699569;6.99569
7907;0.000187989;6.08253;0.0699569;6.99569
7908;0.000187989;6.08253;0.0699569;6.99569
7909;0.000187989;6.08253;0.0699569;6.99569
7910;0.000187989;6.08253;0.0699569;6.99569
7911;0.000187989;6.08253;0.0699569;6.99569
7912;0.000187989;6.08253;0.0699569;6.99569
7913;0.000187989;6.08253;0.0699569;6.99569
7914;0.000187989;6.08253;0.0699569;6.99569
7915;0.000187989;6.08253;0.0699569;6.99569
7916;0.000187989;6.08253;0.0699569;6.99569
7917;0.000187989;6.08253;0.0699569;6.99569
7918;0.000187989;6.08253;0.0699569;6.99569
7919;0.000187989;6.08253;0.0699569;6.99569
7920;0.000187989;6.08253;0.0699569;6.99569
7921;0.000187989;6.08253;0.0699569;6.99569
7922;0.000187989;6.08253;0.0699569;6.99569
7923;0.000187989;6.08253;0.0699569;6.99569
7924;0.000187989;6.08253;0.0699569;6.99569
7925;0.000187989;6.08253;0.0699569;6.99569
7926;0.000187989;6.08253;0.0699569;6.99569
7927;0.000187989;6.08253;0.0699569;6.99569
7928;0.000187989;6.08253;0.0699569;6.99569
7929;0.000187989;6.08253;0.0699569;6.99569
7930;0.000187989;6.08253;0.0699569;6.99569
7931;0.000187989;6.08253;0.0699569;6.99569
7932;0.000187989;6.08253;0.0699569;6.99569
7933;0.000187989;6.08253;0.0699569;6.99569
7934;0.000187989;6.08253;0.0699569;6.99569
7935;0.000187989;6.08253;0.0699569;6.99569
7936;0.000187989;6.08253;0.0699569;6.99569
7937;0.000187989;6.08253;0.0699569;6.99569
7938;0.000187989;6.08253;0.0699569;6.99569
7939;0.000187989;6.08253;0.0699569;6.99569
7940;0.000187989;6.08253;0.0699569;6.99569
7941;0.000187989;6.08253;0.0699569;6.99569
7942;0.000187989;6.08253;0.0699569;6.99569
7943;0.000187989;6.08253;0.0699569;6.99569
7944;0.000187989;6.08253;0.0699569;6.99569
7945;0.000187989;6.08253;0.0699569;6.99569
7946;0.000187989;6.08253;0.0699569;6.99569
7947;0.000187989;6.08253;0.0699569;6.99569
7948;0.000187989;6.08253;0.0699569;6.99569
7949;0.000187989;6.08253;0.0699569;6.99569
7950;0.000187989;6.08253;0.0699569;6.99569
7951;0.000187989;6.08253;0.0699569;6.99569
7952;0.000187989;6.08253;0.0699569;6.99569
7953;0.000187989;6.08253;0.0699569;6.99569
7954;0.000187989;6.08253;0.0699569;6.99569
7955;0.000187989;6.08253;0.0699569;6.99569
7956;0.000187989;6.08253;0.0699569;6.99569
7957;0.000187989;6.08253;0.0699569;6.99569
7958;0.000187989;6.08253;0.0699569;6.99569
7959;0.000187989;6.08253;0.0699569;6.99569
7960;0.000187989;6.08253;0.0699569;6.99569
7961;0.000187989;6.08253;0.0699569;6.99569
7962;0.000187989;6.08253;0.0699569;6.99569
7963;0.000187989;6.08253;0.0699569;6.99569
7964;0.000187989;6.08253;0.0699569;6.99569
7965;0.000187989;6.08253;0.0699569;6.99569
7966;0.000187989;6.08253;0.0699569;6.99569
7967;0.000187989;6.08253;0.0699569;6.99569
7968;0.000187989;6.08253;0.0699569;6.99569
7969;0.000187989;6.08253;0.0699569;6.99569
7970;0.000187989;6.08253;0.0699569;6.99569
7971;0.000187989;6.08253;0.0699569;6.99569
7972;0.000187989;6.08253;0.0699569;6.99569
7973;0.000187989;6.08253;0.0699569;6.99569
7974;0.000187989;6.08253;0.0699569;6.99569
7975;0.000187989;6.08253;0.0699569;6.99569
7976;0.000187989;6.08253;0.0699569;6.99569
7977;0.000187989;6.08253;0.0699569;6.99569
7978;0.000187989;6.08253;0.0699569;6.99569
7979;0.000187989;6.08253;0.0699569;6.99569
7980;0.000187989;6.08253;0.0699569;6.99569
7981;0.000187989;6.08253;0.0699569;6.99569
7982;0.000187989;6.08253;0.0699569;6.99569
7983;0.000187989;6.08253;0.0699569;6.99569
7984;0.000187989;6.08253;0.0699569;6.99569
7985;0.000187989;6.08253;0.0699569;6.99569
7986;0.000187989;6.08253;0.0699569;6.99569
7987;0.000187989;6.08253;0.0699569;6.99569
7988;0.000187989;6.08253;0.0699569;6.99569
7989;0.000187989;6.08253;0.0699569;6.99569
7990;0.000187989;6.08253;0.0699569;6.99569
7991;0.000187989;6.08253;0.0699569;6.99569
7992;0.000187989;6.08253;0.0699569;6.99569
7993;0.000187989;6.08253;0.0699569;6.99569
7994;0.000187989;6.08253;0.0699569;6.99569
7995;0.000187989;6.08253;0.0699569;6.99569
7996;0.000187989;6.08253;0.0699569;6.99569
7997;0.000187989;6.08253;0.0699569;6.99569
7998;0.000187989;6.08253;0.0699569;6.99569
7999;0.000187989;6.08253;0.0699569;6.99569
8000;0.000187989;6.08253;0.0699569;6.99569
8001;0.000187989;6.08253;0.0699569;6.99569
8002;0.000187989;6.08253;0.0699569;6.99569
8003;0.000187989;6.08253;0.0699569;6.99569
8004;0.000187989;6.08253;0.0699569;6.99569
8005;0.000187989;6.08253;0.0699569;6.99569
8006;0.000187989;6.08253;0.0699569;6.99569
8007;0.000187989;6.08253;0.0699569;6.99569
8008;0.000187989;6.08253;0.0699569;6.99569
8009;0.000187989;6.08253;0.0699569;6.99569
8010;0.000187989;6.08253;0.0699569;6.99569
8011;0.000187989;6.08253;0.0699569;6.99569
8012;0.000187989;6.08253;0.0699569;6.99569
8013;0.000187989;6.08253;0.0699569;6.99569
8014;0.000187989;6.08253;0.0699569;6.99569
8015;0.000187989;6.08253;0.0699569;6.99569
8016;0.000187989;6.08253;0.0699569;6.99569
8017;0.000187989;6.08253;0.0699569;6.99569
8018;0.000187989;6.08253;0.0699569;6.99569
8019;0.000187989;6.08253;0.0699569;6.99569
8020;0.000187989;6.08253;0.0699569;6.99569
8021;0.000187989;6.08253;0.0699569;6.99569
8022;0.000187989;6.08253;0.0699569;6.99569
8023;0.000187989;6.08253;0.0699569;6.99569
8024;0.000187989;6.08253;0.0699569;6.99569
8025;0.000187989;6.08253;0.0699569;6.99569
8026;0.000187989;6.08253;0.0699569;6.99569
8027;0.000187989;6.08253;0.0699569;6.99569
8028;0.000187989;6.08253;0.0699569;6.99569
8029;0.000187989;6.08253;0.0699569;6.99569
8030;0.000187989;6.08253;0.0699569;6.99569
8031;0.000187989;6.08253;0.0699569;6.99569
8032;0.000187989;6.08253;0.0699569;6.99569
8033;0.000187989;6.08253;0.0699569;6.99569
8034;0.000187989;6.08253;0.0699569;6.99569
8035;0.000187989;6.08253;0.0699569;6.99569
8036;0.000187989;6.08253;0.0699569;6.99569
8037;0.000187989;6.08253;0.0699569;6.99569
8038;0.000187989;6.08253;0.0699569;6.99569
8039;0.000187989;6.08253;0.0699569;6.99569
8040;0.000187989;6.08253;0.0699569;6.99569
8041;0.000187989;6.08253;0.0699569;6.99569
8042;0.000187989;6.08253;0.0699569;6.99569
8043;0.000187989;6.08253;0.0699569;6.99569
8044;0.000187989;6.08253;0.0699569;6.99569
8045;0.000187989;6.08253;0.0699569;6.99569
8046;0.000187989;6.08253;0.0699569;6.99569
8047;0.000187989;6.08253;0.0699569;6.99569
8048;0.000187989;6.08253;0.0699569;6.99569
8049;0.000187989;6.08253;0.0699569;6.99569
8050;0.000187989;6.08253;0.0699569;6.99569
8051;0.000187989;6.08253;0.0699569;6.99569
8052;0.000187989;6.08253;0.0699569;6.99569
8053;0.000187989;6.08253;0.0699569;6.99569
8054;0.000187989;6.08253;0.0699569;6.99569
8055;0.000187989;6.08253;0.0699569;6.99569
8056;0.000187989;6.08253;0.0699569;6.99569
8057;0.000187989;6.08253;0.0699569;6.99569
8058;0.000187989;6.08253;0.0699569;6.99569
8059;0.000187989;6.08253;0.0699569;6.99569
8060;0.000187989;6.08253;0.0699569;6.99569
8061;0.000187989;6.08253;0.0699569;6.99569
8062;0.000187989;6.08253;0.0699569;6.99569
8063;0.000187989;6.08253;0.0699569;6.99569
8064;0.000187989;6.08253;0.0699569;6.99569
8065;0.000187989;6.08253;0.0699569;6.99569
8066;0.000187989;6.08253;0.0699569;6.99569
8067;0.000187989;6.08253;0.0699569;6.99569
8068;0.000187989;6.08253;0.0699569;6.99569
8069;0.000187989;6.08253;0.0699569;6.99569
8070;0.000187989;6.08253;0.0699569;6.99569
8071;0.000187989;6.08253;0.0699569;6.99569
8072;0.000187989;6.08253;0.0699569;6.99569
8073;0.000187989;6.08253;0.0699569;6.99569
8074;0.000187989;6.08253;0.0699569;6.99569
8075;0.000187989;6.08253;0.0699569;6.99569
8076;0.000187989;6.08253;0.0699569;6.99569
8077;0.000187989;6.08253;0.0699569;6.99569
8078;0.000187989;6.08253;0.0699569;6.99569
8079;0.000187989;6.08253;0.0699569;6.99569
8080;0.000187989;6.08253;0.0699569;6.99569
8081;0.000187989;6.08253;0.0699569;6.99569
8082;0.000187989;6.08253;0.0699569;6.99569
8083;0.000187989;6.08253;0.0699569;6.99569
8084;0.000187989;6.08253;0.0699569;6.99569
8085;0.000187989;6.08253;0.0699569;6.99569
8086;0.000187989;6.08253;0.0699569;6.99569
8087;0.000187989;6.08253;0.0699569;6.99569
8088;0.000187989;6.08253;0.0699569;6.99569
8089;0.000187989;6.08253;0.0699569;6.99569
8090;0.000187989;6.08253;0.0699569;6.99569
8091;0.000187989;6.08253;0.0699569;6.99569
8092;0.000187989;6.08253;0.0699569;6.99569
8093;0.000187989;6.08253;0.0699569;6.99569
8094;0.000187989;6.08253;0.0699569;6.99569
8095;0.000187989;6.08253;0.0699569;6.99569
8096;0.000187989;6.08253;0.0699569;6.99569
8097;0.000187989;6.08253;0.0699569;6.99569
8098;0.000187989;6.08253;0.0699569;6.99569
8099;0.000187989;6.08253;0.0699569;6.99569
8100;0.000187989;6.08253;0.0699569;6.99569
8101;0.000187989;6.08253;0.0699569;6.99569
8102;0.000187989;6.08253;0.0699569;6.99569
8103;0.000187989;6.08253;0.0699569;6.99569
8104;0.000187989;6.08253;0.0699569;6.99569
8105;0.000187989;6.08253;0.0699569;6.99569
8106;0.000187989;6.08253;0.0699569;6.99569
8107;0.000187989;6.08253;0.0699569;6.99569
8108;0.000187989;6.08253;0.0699569;6.99569
8109;0.000187989;6.08253;0.0699569;6.99569
8110;0.000187989;6.08253;0.0699569;6.99569
8111;0.000187989;6.08253;0.0699569;6.99569
8112;0.000187989;6.08253;0.0699569;6.99569
8113;0.000187989;6.08253;0.0699569;6.99569
8114;0.000187989;6.08253;0.0699569;6.99569
8115;0.000187989;6.08253;0.0699569;6.99569
8116;0.000187989;6.08253;0.0699569;6.99569
8117;0.000187989;6.08253;0.0699569;6.99569
8118;0.000187989;6.08253;0.0699569;6.99569
8119;0.000187989;6.08253;0.0699569;6.99569
8120;0.000187989;6.08253;0.0699569;6.99569
8121;0.000187989;6.08253;0.0699569;6.99569
8122;0.000187989;6.08253;0.0699569;6.99569
8123;0.000187989;6.08253;0.0699569;6.99569
8124;0.000187989;6.08253;0.0699569;6.99569
8125;0.000187989;6.08253;0.0699569;6.99569
8126;0.000187989;6.08253;0.0699569;6.99569
8127;0.000187989;6.08253;0.0699569;6.99569
8128;0.000187989;6.08253;0.0699569;6.99569
8129;0.000187989;6.08253;0.0699569;6.99569
8130;0.000187989;6.08253;0.0699569;6.99569
8131;0.000187989;6.08253;0.0699569;6.99569
8132;0.000187989;6.08253;0.0699569;6.99569
8133;0.000187989;6.08253;0.0699569;6.99569
8134;0.000187989;6.08253;0.0699569;6.99569
8135;0.000187989;6.08253;0.0699569;6.99569
8136;0.000187989;6.08253;0.0699569;6.99569
8137;0.000187989;6.08253;0.0699569;6.99569
8138;0.000187989;6.08253;0.0699569;6.99569
8139;0.000187989;6.08253;0.0699569;6.99569
8140;0.000187989;6.08253;0.0699569;6.99569
8141;0.000187989;6.08253;0.0699569;6.99569
8142;0.000187989;6.08253;0.0699569;6.99569
8143;0.000187989;6.08253;0.0699569;6.99569
8144;0.000187989;6.08253;0.0699569;6.99569
8145;0.000187989;6.08253;0.0699569;6.99569
8146;0.000187989;6.08253;0.0699569;6.99569
8147;0.000187989;6.08253;0.0699569;6.99569
8148;0.000187989;6.08253;0.0699569;6.99569
8149;0.000187989;6.08253;0.0699569;6.99569
8150;0.000187989;6.08253;0.0699569;6.99569
8151;0.000187989;6.08253;0.0699569;6.99569
8152;0.000187989;6.08253;0.0699569;6.99569
8153;0.000187989;6.08253;0.0699569;6.99569
8154;0.000187989;6.08253;0.0699569;6.99569
8155;0.000187989;6.08253;0.0699569;6.99569
8156;0.000187989;6.08253;0.0699569;6.99569
8157;0.000187989;6.08253;0.0699569;6.99569
8158;0.000187989;6.08253;0.0699569;6.99569
8159;0.000187989;6.08253;0.0699569;6.99569
8160;0.000187989;6.08253;0.0699569;6.99569
8161;0.000187989;6.08253;0.0699569;6.99569
8162;0.000187989;6.08253;0.0699569;6.99569
8163;0.000187989;6.08253;0.0699569;6.99569
8164;0.000187989;6.08253;0.0699569;6.99569
8165;0.000187989;6.08253;0.0699569;6.99569
8166;0.000187989;6.08253;0.0699569;6.99569
8167;0.000187989;6.08253;0.0699569;6.99569
8168;0.000187989;6.08253;0.0699569;6.99569
8169;0.000187989;6.08253;0.0699569;6.99569
8170;0.000187989;6.08253;0.0699569;6.99569
8171;0.000187989;6.08253;0.0699569;6.99569
8172;0.000187989;6.08253;0.0699569;6.99569
8173;0.000187989;6.08253;0.0699569;6.99569
8174;0.000187989;6.08253;0.0699569;6.99569
8175;0.000187989;6.08253;0.0699569;6.99569
8176;0.000187989;6.08253;0.0699569;6.99569
8177;0.000187989;6.08253;0.0699569;6.99569
8178;0.000187989;6.08253;0.0699569;6.99569
8179;0.000187989;6.08253;0.0699569;6.99569
8180;0.000187989;6.08253;0.0699569;6.99569
8181;0.000187989;6.08253;0.0699569;6.99569
8182;0.000187989;6.08253;0.0699569;6.99569
8183;0.000187989;6.08253;0.0699569;6.99569
8184;0.000187989;6.08253;0.0699569;6.99569
8185;0.000187989;6.08253;0.0699569;6.99569
8186;0.000187989;6.08253;0.0699569;6.99569
8187;0.000187989;6.08253;0.0699569;6.99569
8188;0.000187989;6.08253;0.0699569;6.99569
8189;0.000187989;6.08253;0.0699569;6.99569
8190;0.000187989;6.08253;0.0699569;6.99569
8191;0.000187989;6.08253;0.0699569;6.99569
8192;0.000187989;6.08253;0.0699569;6.99569
8193;0.000187989;6.08253;0.0699569;6.99569
8194;0.000187989;6.08253;0.0699569;6.99569
8195;0.000187989;6.08253;0.0699569;6.99569
8196;0.000187989;6.08253;0.0699569;6.99569
8197;0.000187989;6.08253;0.0699569;6.99569
8198;0.000187989;6.08253;0.0699569;6.99569
8199;0.000187989;6.08253;0.0699569;6.99569
8200;0.000187989;6.08253;0.0699569;6.99569
8201;0.000187989;6.08253;0.0699569;6.99569
8202;0.000187989;6.08253;0.0699569;6.99569
8203;0.000187989;6.08253;0.0699569;6.99569
8204;0.000187989;6.08253;0.0699569;6.99569
8205;0.000187989;6.08253;0.0699569;6.99569
8206;0.000187989;6.08253;0.0699569;6.99569
8207;0.000187989;6.08253;0.0699569;6.99569
8208;0.000187989;6.08253;0.0699569;6.99569
8209;0.000187989;6.08253;0.0699569;6.99569
8210;0.000187989;6.08253;0.0699569;6.99569
8211;0.000187989;6.08253;0.0699569;6.99569
8212;0.000187989;6.08253;0.0699569;6.99569
8213;0.000187989;6.08253;0.0699569;6.99569
8214;0.000187989;6.08253;0.0699569;6.99569
8215;0.000187989;6.08253;0.0699569;6.99569
8216;0.000187989;6.08253;0.0699569;6.99569
8217;0.000187989;6.08253;0.0699569;6.99569
8218;0.000187989;6.08253;0.0699569;6.99569
8219;0.000187989;6.08253;0.0699569;6.99569
8220;0.000187989;6.08253;0.0699569;6.99569
8221;0.000187989;6.08253;0.0699569;6.99569
8222;0.000187989;6.08253;0.0699569;6.99569
8223;0.000187989;6.08253;0.0699569;6.99569
8224;0.000187989;6.08253;0.0699569;6.99569
8225;0.000187989;6.08253;0.0699569;6.99569
8226;0.000187989;6.08253;0.0699569;6.99569
8227;0.000187989;6.08253;0.0699569;6.99569
8228;0.000187989;6.08253;0.0699569;6.99569
8229;0.000187989;6.08253;0.0699569;6.99569
8230;0.000187989;6.08253;0.0699569;6.99569
8231;0.000187989;6.08253;0.0699569;6.99569
8232;0.000187989;6.08253;0.0699569;6.99569
8233;0.000187989;6.08253;0.0699569;6.99569
8234;0.000187989;6.08253;0.0699569;6.99569
8235;0.000187989;6.08253;0.0699569;6.99569
8236;0.000187989;6.08253;0.0699569;6.99569
8237;0.000187989;6.08253;0.0699569;6.99569
8238;0.000187989;6.08253;0.0699569;6.99569
8239;0.000187989;6.08253;0.0699569;6.99569
8240;0.000187989;6.08253;0.0699569;6.99569
8241;0.000187989;6.08253;0.0699569;6.99569
8242;0.000187989;6.08253;0.0699569;6.99569
8243;0.000187989;6.08253;0.0699569;6.99569
8244;0.000187989;6.08253;0.0699569;6.99569
8245;0.000187989;6.08253;0.0699569;6.99569
8246;0.000187989;6.08253;0.0699569;6.99569
8247;0.000187989;6.08253;0.0699569;6.99569
8248;0.000187989;6.08253;0.0699569;6.99569
8249;0.000187989;6.08253;0.0699569;6.99569
8250;0.000187989;6.08253;0.0699569;6.99569
8251;0.000187989;6.08253;0.0699569;6.99569
8252;0.000187989;6.08253;0.0699569;6.99569
8253;0.000187989;6.08253;0.0699569;6.99569
8254;0.000187989;6.08253;0.0699569;6.99569
8255;0.000187989;6.08253;0.0699569;6.99569
8256;0.000187989;6.08253;0.0699569;6.99569
8257;0.000187989;6.08253;0.0699569;6.99569
8258;0.000187989;6.08253;0.0699569;6.99569
8259;0.000187989;6.08253;0.0699569;6.99569
8260;0.000187989;6.08253;0.0699569;6.99569
8261;0.000187989;6.08253;0.0699569;6.99569
8262;0.000187989;6.08253;0.0699569;6.99569
8263;0.000187989;6.08253;0.0699569;6.99569
8264;0.000187989;6.08253;0.0699569;6.99569
8265;0.000187989;6.08253;0.0699569;6.99569
8266;0.000187989;6.08253;0.0699569;6.99569
8267;0.000187989;6.08253;0.0699569;6.99569
8268;0.000187989;6.08253;0.0699569;6.99569
8269;0.000187989;6.08253;0.0699569;6.99569
8270;0.000187989;6.08253;0.0699569;6.99569
8271;0.000187989;6.08253;0.0699569;6.99569
8272;0.000187989;6.08253;0.0699569;6.99569
8273;0.000187989;6.08253;0.0699569;6.99569
8274;0.000187989;6.08253;0.0699569;6.99569
8275;0.000187989;6.08253;0.0699569;6.99569
8276;0.000187989;6.08253;0.0699569;6.99569
8277;0.000187989;6.08253;0.0699569;6.99569
8278;0.000187989;6.08253;0.0699569;6.99569
8279;0.000187989;6.08253;0.0699569;6.99569
8280;0.000187989;6.08253;0.0699569;6.99569
8281;0.000187989;6.08253;0.0699569;6.99569
8282;0.000187989;6.08253;0.0699569;6.99569
8283;0.000187989;6.08253;0.0699569;6.99569
8284;0.000187989;6.08253;0.0699569;6.99569
8285;0.000187989;6.08253;0.0699569;6.99569
8286;0.000187989;6.08253;0.0699569;6.99569
8287;0.000187989;6.08253;0.0699569;6.99569
8288;0.000187989;6.08253;0.0699569;6.99569
8289;0.000187989;6.08253;0.0699569;6.99569
8290;0.000187989;6.08253;0.0699569;6.99569
8291;0.000187989;6.08253;0.0699569;6.99569
8292;0.000187989;6.08253;0.0699569;6.99569
8293;0.000187989;6.08253;0.0699569;6.99569
8294;0.000187989;6.08253;0.0699569;6.99569
8295;0.000187989;6.08253;0.0699569;6.99569
8296;0.000187989;6.08253;0.0699569;6.99569
8297;0.000187989;6.08253;0.0699569;6.99569
8298;0.000187989;6.08253;0.0699569;6.99569
8299;0.000187989;6.08253;0.0699569;6.99569
8300;0.000187989;6.08253;0.0699569;6.99569
8301;0.000187989;6.08253;0.0699569;6.99569
8302;0.000187989;6.08253;0.0699569;6.99569
8303;0.000187989;6.08253;0.0699569;6.99569
8304;0.000187989;6.08253;0.0699569;6.99569
8305;0.000187989;6.08253;0.0699569;6.99569
8306;0.000187989;6.08253;0.0699569;6.99569
8307;0.000187989;6.08253;0.0699569;6.99569
8308;0.000187989;6.08253;0.0699569;6.99569
8309;0.000187989;6.08253;0.0699569;6.99569
8310;0.000187989;6.08253;0.0699569;6.99569
8311;0.000187989;6.08253;0.0699569;6.99569
8312;0.000187989;6.08253;0.0699569;6.99569
8313;0.000187989;6.08253;0.0699569;6.99569
8314;0.000187989;6.08253;0.0699569;6.99569
8315;0.000187989;6.08253;0.0699569;6.99569
8316;0.000187989;6.08253;0.0699569;6.99569
8317;0.000187989;6.08253;0.0699569;6.99569
8318;0.000187989;6.08253;0.0699569;6.99569
8319;0.000187989;6.08253;0.0699569;6.99569
8320;0.000187989;6.08253;0.0699569;6.99569
8321;0.000187989;6.08253;0.0699569;6.99569
8322;0.000187989;6.08253;0.0699569;6.99569
8323;0.000187989;6.08253;0.0699569;6.99569
8324;0.000187989;6.08253;0.0699569;6.99569
8325;0.000187989;6.08253;0.0699569;6.99569
8326;0.000187989;6.08253;0.0699569;6.99569
8327;0.000187989;6.08253;0.0699569;6.99569
8328;0.000187989;6.08253;0.0699569;6.99569
8329;0.000187989;6.08253;0.0699569;6.99569
8330;0.000187989;6.08253;0.0699569;6.99569
8331;0.000187989;6.08253;0.0699569;6.99569
8332;0.000187989;6.08253;0.0699569;6.99569
8333;0.000187989;6.08253;0.0699569;6.99569
8334;0.000187989;6.08253;0.0699569;6.99569
8335;0.000187989;6.08253;0.0699569;6.99569
8336;0.000187989;6.08253;0.0699569;6.99569
8337;0.000187989;6.08253;0.0699569;6.99569
8338;0.000187989;6.08253;0.0699569;6.99569
8339;0.000187989;6.08253;0.0699569;6.99569
8340;0.000187989;6.08253;0.0699569;6.99569
8341;0.000187989;6.08253;0.0699569;6.99569
8342;0.000187989;6.08253;0.0699569;6.99569
8343;0.000187989;6.08253;0.0699569;6.99569
8344;0.000187989;6.08253;0.0699569;6.99569
8345;0.000187989;6.08253;0.0699569;6.99569
8346;0.000187989;6.08253;0.0699569;6.99569
8347;0.000187989;6.08253;0.0699569;6.99569
8348;0.000187989;6.08253;0.0699569;6.99569
8349;0.000187989;6.08253;0.0699569;6.99569
8350;0.000187989;6.08253;0.0699569;6.99569
8351;0.000187989;6.08253;0.0699569;6.99569
8352;0.000187989;6.08253;0.0699569;6.99569
8353;0.000187989;6.08253;0.0699569;6.99569
8354;0.000187989;6.08253;0.0699569;6.99569
8355;0.000187989;6.08253;0.0699569;6.99569
8356;0.000187989;6.08253;0.0699569;6.99569
8357;0.000187989;6.08253;0.0699569;6.99569
8358;0.000187989;6.08253;0.0699569;6.99569
8359;0.000187989;6.08253;0.0699569;6.99569
8360;0.000187989;6.08253;0.0699569;6.99569
8361;0.000187989;6.08253;0.0699569;6.99569
8362;0.000187989;6.08253;0.0699569;6.99569
8363;0.000187989;6.08253;0.0699569;6.99569
8364;0.000187989;6.08253;0.0699569;6.99569
8365;0.000187989;6.08253;0.0699569;6.99569
8366;0.000187989;6.08253;0.0699569;6.99569
8367;0.000187989;6.08253;0.0699569;6.99569
8368;0.000187989;6.08253;0.0699569;6.99569
8369;0.000187989;6.08253;0.0699569;6.99569
8370;0.000187989;6.08253;0.0699569;6.99569
8371;0.000187989;6.08253;0.0699569;6.99569
8372;0.000187989;6.08253;0.0699569;6.99569
8373;0.000187989;6.08253;0.0699569;6.99569
8374;0.000187989;6.08253;0.0699569;6.99569
8375;0.000187989;6.08253;0.0699569;6.99569
8376;0.000187989;6.08253;0.0699569;6.99569
8377;0.000187989;6.08253;0.0699569;6.99569
8378;0.000187989;6.08253;0.0699569;6.99569
8379;0.000187989;6.08253;0.0699569;6.99569
8380;0.000187989;6.08253;0.0699569;6.99569
8381;0.000187989;6.08253;0.0699569;6.99569
8382;0.000187989;6.08253;0.0699569;6.99569
8383;0.000187989;6.08253;0.0699569;6.99569
8384;0.000187989;6.08253;0.0699569;6.99569
8385;0.000187989;6.08253;0.0699569;6.99569
8386;0.000187989;6.08253;0.0699569;6.99569
8387;0.000187989;6.08253;0.0699569;6.99569
8388;0.000187989;6.08253;0.0699569;6.99569
8389;0.000187989;6.08253;0.0699569;6.99569
8390;0.000187989;6.08253;0.0699569;6.99569
8391;0.000187989;6.08253;0.0699569;6.99569
8392;0.000187989;6.08253;0.0699569;6.99569
8393;0.000187989;6.08253;0.0699569;6.99569
8394;0.000187989;6.08253;0.0699569;6.99569
8395;0.000187989;6.08253;0.0699569;6.99569
8396;0.000187989;6.08253;0.0699569;6.99569
8397;0.000187989;6.08253;0.0699569;6.99569
8398;0.000187989;6.08253;0.0699569;6.99569
8399;0.000187989;6.08253;0.0699569;6.99569
8400;0.000187989;6.08253;0.0699569;6.99569
8401;0.000187989;6.08253;0.0699569;6.99569
8402;0.000187989;6.08253;0.0699569;6.99569
8403;0.000187989;6.08253;0.0699569;6.99569
8404;0.000187989;6.08253;0.0699569;6.99569
8405;0.000187989;6.08253;0.0699569;6.99569
8406;0.000187989;6.08253;0.0699569;6.99569
8407;0.000187989;6.08253;0.0699569;6.99569
8408;0.000187989;6.08253;0.0699569;6.99569
8409;0.000187989;6.08253;0.0699569;6.99569
8410;0.000187989;6.08253;0.0699569;6.99569
8411;0.000187989;6.08253;0.0699569;6.99569
8412;0.000187989;6.08253;0.0699569;6.99569
8413;0.000187989;6.08253;0.0699569;6.99569
8414;0.000187989;6.08253;0.0699569;6.99569
8415;0.000187989;6.08253;0.0699569;6.99569
8416;0.000187989;6.08253;0.0699569;6.99569
8417;0.000187989;6.08253;0.0699569;6.99569
8418;0.000187989;6.08253;0.0699569;6.99569
8419;0.000187989;6.08253;0.0699569;6.99569
8420;0.000187989;6.08253;0.0699569;6.99569
8421;0.000187989;6.08253;0.0699569;6.99569
8422;0.000187989;6.08253;0.0699569;6.99569
8423;0.000187989;6.08253;0.0699569;6.99569
8424;0.000187989;6.08253;0.0699569;6.99569
8425;0.000187989;6.08253;0.0699569;6.99569
8426;0.000187989;6.08253;0.0699569;6.99569
8427;0.000187989;6.08253;0.0699569;6.99569
8428;0.000187989;6.08253;0.0699569;6.99569
8429;0.000187989;6.08253;0.0699569;6.99569
8430;0.000187989;6.08253;0.0699569;6.99569
8431;0.000187989;6.08253;0.0699569;6.99569
8432;0.000187989;6.08253;0.0699569;6.99569
8433;0.000187989;6.08253;0.0699569;6.99569
8434;0.000187989;6.08253;0.0699569;6.99569
8435;0.000187989;6.08253;0.0699569;6.99569
8436;0.000187989;6.08253;0.0699569;6.99569
8437;0.000187989;6.08253;0.0699569;6.99569
8438;0.000187989;6.08253;0.0699569;6.99569
8439;0.000187989;6.08253;0.0699569;6.99569
8440;0.000187989;6.08253;0.0699569;6.99569
8441;0.000187989;6.08253;0.0699569;6.99569
8442;0.000187989;6.08253;0.0699569;6.99569
8443;0.000187989;6.08253;0.0699569;6.99569
8444;0.000187989;6.08253;0.0699569;6.99569
8445;0.000187989;6.08253;0.0699569;6.99569
8446;0.000187989;6.08253;0.0699569;6.99569
8447;0.000187989;6.08253;0.0699569;6.99569
8448;0.000187989;6.08253;0.0699569;6.99569
8449;0.000187989;6.08253;0.0699569;6.99569
8450;0.000187989;6.08253;0.0699569;6.99569
8451;0.000187989;6.08253;0.0699569;6.99569
8452;0.000187989;6.08253;0.0699569;6.99569
8453;0.000187989;6.08253;0.0699569;6.99569
8454;0.000187989;6.08253;0.0699569;6.99569
8455;0.000187989;6.08253;0.0699569;6.99569
8456;0.000187989;6.08253;0.0699569;6.99569
8457;0.000187989;6.08253;0.0699569;6.99569
8458;0.000187989;6.08253;0.0699569;6.99569
8459;0.000187989;6.08253;0.0699569;6.99569
8460;0.000187989;6.08253;0.0699569;6.99569
8461;0.000187989;6.08253;0.0699569;6.99569
8462;0.000187989;6.08253;0.0699569;6.99569
8463;0.000187989;6.08253;0.0699569;6.99569
8464;0.000187989;6.08253;0.0699569;6.99569
8465;0.000187989;6.08253;0.0699569;6.99569
8466;0.000187989;6.08253;0.0699569;6.99569
8467;0.000187989;6.08253;0.0699569;6.99569
8468;0.000187989;6.08253;0.0699569;6.99569
8469;0.000187989;6.08253;0.0699569;6.99569
8470;0.000187989;6.08253;0.0699569;6.99569
8471;0.000187989;6.08253;0.0699569;6.99569
8472;0.000187989;6.08253;0.0699569;6.99569
8473;0.000187989;6.08253;0.0699569;6.99569
8474;0.000187989;6.08253;0.0699569;6.99569
8475;0.000187989;6.08253;0.0699569;6.99569
8476;0.000187989;6.08253;0.0699569;6.99569
8477;0.000187989;6.08253;0.0699569;6.99569
8478;0.000187989;6.08253;0.0699569;6.99569
8479;0.000187989;6.08253;0.0699569;6.99569
8480;0.000187989;6.08253;0.0699569;6.99569
8481;0.000187989;6.08253;0.0699569;6.99569
8482;0.000187989;6.08253;0.0699569;6.99569
8483;0.000187989;6.08253;0.0699569;6.99569
8484;0.000187989;6.08253;0.0699569;6.99569
8485;0.000187989;6.08253;0.0699569;6.99569
8486;0.000187989;6.08253;0.0699569;6.99569
8487;0.000187989;6.08253;0.0699569;6.99569
8488;0.000187989;6.08253;0.0699569;6.99569
8489;0.000187989;6.08253;0.0699569;6.99569
8490;0.000187989;6.08253;0.0699569;6.99569
8491;0.000187989;6.08253;0.0699569;6.99569
8492;0.000187989;6.08253;0.0699569;6.99569
8493;0.000187989;6.08253;0.0699569;6.99569
8494;0.000187989;6.08253;0.0699569;6.99569
8495;0.000187989;6.08253;0.0699569;6.99569
8496;0.000187989;6.08253;0.0699569;6.99569
8497;0.000187989;6.08253;0.0699569;6.99569
8498;0.000187989;6.08253;0.0699569;6.99569
8499;0.000187989;6.08253;0.0699569;6.99569
8500;0.000187989;6.08253;0.0699569;6.99569
8501;0.000187989;6.08253;0.0699569;6.99569
8502;0.000187989;6.08253;0.0699569;6.99569
8503;0.000187989;6.08253;0.0699569;6.99569
8504;0.000187989;6.08253;0.0699569;6.99569
8505;0.000187989;6.08253;0.0699569;6.99569
8506;0.000187989;6.08253;0.0699569;6.99569
8507;0.000187989;6.08253;0.0699569;6.99569
8508;0.000187989;6.08253;0.0699569;6.99569
8509;0.000187989;6.08253;0.0699569;6.99569
8510;0.000187989;6.08253;0.0699569;6.99569
8511;0.000187989;6.08253;0.0699569;6.99569
8512;0.000187989;6.08253;0.0699569;6.99569
8513;0.000187989;6.08253;0.0699569;6.99569
8514;0.000187989;6.08253;0.0699569;6.99569
8515;0.000187989;6.08253;0.0699569;6.99569
8516;0.000187989;6.08253;0.0699569;6.99569
8517;0.000187989;6.08253;0.0699569;6.99569
8518;0.000187989;6.08253;0.0699569;6.99569
8519;0.000187989;6.08253;0.0699569;6.99569
8520;0.000187989;6.08253;0.0699569;6.99569
8521;0.000187989;6.08253;0.0699569;6.99569
8522;0.000187989;6.08253;0.0699569;6.99569
8523;0.000187989;6.08253;0.0699569;6.99569
8524;0.000187989;6.08253;0.0699569;6.99569
8525;0.000187989;6.08253;0.0699569;6.99569
8526;0.000187989;6.08253;0.0699569;6.99569
8527;0.000187989;6.08253;0.0699569;6.99569
8528;0.000187989;6.08253;0.0699569;6.99569
8529;0.000187989;6.08253;0.0699569;6.99569
8530;0.000187989;6.08253;0.0699569;6.99569
8531;0.000187989;6.08253;0.0699569;6.99569
8532;0.000187989;6.08253;0.0699569;6.99569
8533;0.000187989;6.08253;0.0699569;6.99569
8534;0.000187989;6.08253;0.0699569;6.99569
8535;0.000187989;6.08253;0.0699569;6.99569
8536;0.000187989;6.08253;0.0699569;6.99569
8537;0.000187989;6.08253;0.0699569;6.99569
8538;0.000187989;6.08253;0.0699569;6.99569
8539;0.000187989;6.08253;0.0699569;6.99569
8540;0.000187989;6.08253;0.0699569;6.99569
8541;0.000187989;6.08253;0.0699569;6.99569
8542;0.000187989;6.08253;0.0699569;6.99569
8543;0.000187989;6.08253;0.0699569;6.99569
8544;0.000187989;6.08253;0.0699569;6.99569
8545;0.000187989;6.08253;0.0699569;6.99569
8546;0.000187989;6.08253;0.0699569;6.99569
8547;0.000187989;6.08253;0.0699569;6.99569
8548;0.000187989;6.08253;0.0699569;6.99569
8549;0.000187989;6.08253;0.0699569;6.99569
8550;0.000187989;6.08253;0.0699569;6.99569
8551;0.000187989;6.08253;0.0699569;6.99569
8552;0.000187989;6.08253;0.0699569;6.99569
8553;0.000187989;6.08253;0.0699569;6.99569
8554;0.000187989;6.08253;0.0699569;6.99569
8555;0.000187989;6.08253;0.0699569;6.99569
8556;0.000187989;6.08253;0.0699569;6.99569
8557;0.000187989;6.08253;0.0699569;6.99569
8558;0.000187989;6.08253;0.0699569;6.99569
8559;0.000187989;6.08253;0.0699569;6.99569
8560;0.000187989;6.08253;0.0699569;6.99569
8561;0.000187989;6.08253;0.0699569;6.99569
8562;0.000187989;6.08253;0.0699569;6.99569
8563;0.000187989;6.08253;0.0699569;6.99569
8564;0.000187989;6.08253;0.0699569;6.99569
8565;0.000187989;6.08253;0.0699569;6.99569
8566;0.000187989;6.08253;0.0699569;6.99569
8567;0.000187989;6.08253;0.0699569;6.99569
8568;0.000187989;6.08253;0.0699569;6.99569
8569;0.000187989;6.08253;0.0699569;6.99569
8570;0.000187989;6.08253;0.0699569;6.99569
8571;0.000187989;6.08253;0.0699569;6.99569
8572;0.000187989;6.08253;0.0699569;6.99569
8573;0.000187989;6.08253;0.0699569;6.99569
8574;0.000187989;6.08253;0.0699569;6.99569
8575;0.000187989;6.08253;0.0699569;6.99569
8576;0.000187989;6.08253;0.0699569;6.99569
8577;0.000187989;6.08253;0.0699569;6.99569
8578;0.000187989;6.08253;0.0699569;6.99569
8579;0.000187989;6.08253;0.0699569;6.99569
8580;0.000187989;6.08253;0.0699569;6.99569
8581;0.000187989;6.08253;0.0699569;6.99569
8582;0.000187989;6.08253;0.0699569;6.99569
8583;0.000187989;6.08253;0.0699569;6.99569
8584;0.000187989;6.08253;0.0699569;6.99569
8585;0.000187989;6.08253;0.0699569;6.99569
8586;0.000187989;6.08253;0.0699569;6.99569
8587;0.000187989;6.08253;0.0699569;6.99569
8588;0.000187989;6.08253;0.0699569;6.99569
8589;0.000187989;6.08253;0.0699569;6.99569
8590;0.000187989;6.08253;0.0699569;6.99569
8591;0.000187989;6.08253;0.0699569;6.99569
8592;0.000187989;6.08253;0.0699569;6.99569
8593;0.000187989;6.08253;0.0699569;6.99569
8594;0.000187989;6.08253;0.0699569;6.99569
8595;0.000187989;6.08253;0.0699569;6.99569
8596;0.000187989;6.08253;0.0699569;6.99569
8597;0.000187989;6.08253;0.0699569;6.99569
8598;0.000187989;6.08253;0.0699569;6.99569
8599;0.000187989;6.08253;0.0699569;6.99569
8600;0.000187989;6.08253;0.0699569;6.99569
8601;0.000187989;6.08253;0.0699569;6.99569
8602;0.000187989;6.08253;0.0699569;6.99569
8603;0.000187989;6.08253;0.0699569;6.99569
8604;0.000187989;6.08253;0.0699569;6.99569
8605;0.000187989;6.08253;0.0699569;6.99569
8606;0.000187989;6.08253;0.0699569;6.99569
8607;0.000187989;6.08253;0.0699569;6.99569
8608;0.000187989;6.08253;0.0699569;6.99569
8609;0.000187989;6.08253;0.0699569;6.99569
8610;0.000187989;6.08253;0.0699569;6.99569
8611;0.000187989;6.08253;0.0699569;6.99569
8612;0.000187989;6.08253;0.0699569;6.99569
8613;0.000187989;6.08253;0.0699569;6.99569
8614;0.000187989;6.08253;0.0699569;6.99569
8615;0.000187989;6.08253;0.0699569;6.99569
8616;0.000187989;6.08253;0.0699569;6.99569
8617;0.000187989;6.08253;0.0699569;6.99569
8618;0.000187989;6.08253;0.0699569;6.99569
8619;0.000187989;6.08253;0.0699569;6.99569
8620;0.000187989;6.08253;0.0699569;6.99569
8621;0.000187989;6.08253;0.0699569;6.99569
8622;0.000187989;6.08253;0.0699569;6.99569
8623;0.000187989;6.08253;0.0699569;6.99569
8624;0.000187989;6.08253;0.0699569;6.99569
8625;0.000187989;6.08253;0.0699569;6.99569
8626;0.000187989;6.08253;0.0699569;6.99569
8627;0.000187989;6.08253;0.0699569;6.99569
8628;0.000187989;6.08253;0.0699569;6.99569
8629;0.000187989;6.08253;0.0699569;6.99569
8630;0.000187989;6.08253;0.0699569;6.99569
8631;0.000187989;6.08253;0.0699569;6.99569
8632;0.000187989;6.08253;0.0699569;6.99569
8633;0.000187989;6.08253;0.0699569;6.99569
8634;0.000187989;6.08253;0.0699569;6.99569
8635;0.000187989;6.08253;0.0699569;6.99569
8636;0.000187989;6.08253;0.0699569;6.99569
8637;0.000187989;6.08253;0.0699569;6.99569
8638;0.000187989;6.08253;0.0699569;6.99569
8639;0.000187989;6.08253;0.0699569;6.99569
8640;0.000187989;6.08253;0.0699569;6.99569
8641;0.000187989;6.08253;0.0699569;6.99569
8642;0.000187989;6.08253;0.0699569;6.99569
8643;0.000187989;6.08253;0.0699569;6.99569
8644;0.000187989;6.08253;0.0699569;6.99569
8645;0.000187989;6.08253;0.0699569;6.99569
8646;0.000187989;6.08253;0.0699569;6.99569
8647;0.000187989;6.08253;0.0699569;6.99569
8648;0.000187989;6.08253;0.0699569;6.99569
8649;0.000187989;6.08253;0.0699569;6.99569
8650;0.000187989;6.08253;0.0699569;6.99569
8651;0.000187989;6.08253;0.0699569;6.99569
8652;0.000187989;6.08253;0.0699569;6.99569
8653;0.000187989;6.08253;0.0699569;6.99569
8654;0.000187989;6.08253;0.0699569;6.99569
8655;0.000187989;6.08253;0.0699569;6.99569
8656;0.000187989;6.08253;0.0699569;6.99569
8657;0.000187989;6.08253;0.0699569;6.99569
8658;0.000187989;6.08253;0.0699569;6.99569
8659;0.000187989;6.08253;0.0699569;6.99569
8660;0.000187989;6.08253;0.0699569;6.99569
8661;0.000187989;6.08253;0.0699569;6.99569
8662;0.000187989;6.08253;0.0699569;6.99569
8663;0.000187989;6.08253;0.0699569;6.99569
8664;0.000187989;6.08253;0.0699569;6.99569
8665;0.000187989;6.08253;0.0699569;6.99569
8666;0.000187989;6.08253;0.0699569;6.99569
8667;0.000187989;6.08253;0.0699569;6.99569
8668;0.000187989;6.08253;0.0699569;6.99569
8669;0.000187989;6.08253;0.0699569;6.99569
8670;0.000187989;6.08253;0.0699569;6.99569
8671;0.000187989;6.08253;0.0699569;6.99569
8672;0.000187989;6.08253;0.0699569;6.99569
8673;0.000187989;6.08253;0.0699569;6.99569
8674;0.000187989;6.08253;0.0699569;6.99569
8675;0.000187989;6.08253;0.0699569;6.99569
8676;0.000187989;6.08253;0.0699569;6.99569
8677;0.000187989;6.08253;0.0699569;6.99569
8678;0.000187989;6.08253;0.0699569;6.99569
8679;0.000187989;6.08253;0.0699569;6.99569
8680;0.000187989;6.08253;0.0699569;6.99569
8681;0.000187989;6.08253;0.0699569;6.99569
8682;0.000187989;6.08253;0.0699569;6.99569
8683;0.000187989;6.08253;0.0699569;6.99569
8684;0.000187989;6.08253;0.0699569;6.99569
8685;0.000187989;6.08253;0.0699569;6.99569
8686;0.000187989;6.08253;0.0699569;6.99569
8687;0.000187989;6.08253;0.0699569;6.99569
8688;0.000187989;6.08253;0.0699569;6.99569
8689;0.000187989;6.08253;0.0699569;6.99569
8690;0.000187989;6.08253;0.0699569;6.99569
8691;0.000187989;6.08253;0.0699569;6.99569
8692;0.000187989;6.08253;0.0699569;6.99569
8693;0.000187989;6.08253;0.0699569;6.99569
8694;0.000187989;6.08253;0.0699569;6.99569
8695;0.000187989;6.08253;0.0699569;6.99569
8696;0.000187989;6.08253;0.0699569;6.99569
8697;0.000187989;6.08253;0.0699569;6.99569
8698;0.000187989;6.08253;0.0699569;6.99569
8699;0.000187989;6.08253;0.0699569;6.99569
8700;0.000187989;6.08253;0.0699569;6.99569
8701;0.000187989;6.08253;0.0699569;6.99569
8702;0.000187989;6.08253;0.0699569;6.99569
8703;0.000187989;6.08253;0.0699569;6.99569
8704;0.000187989;6.08253;0.0699569;6.99569
8705;0.000187989;6.08253;0.0699569;6.99569
8706;0.000187989;6.08253;0.0699569;6.99569
8707;0.000187989;6.08253;0.0699569;6.99569
8708;0.000187989;6.08253;0.0699569;6.99569
8709;0.000187989;6.08253;0.0699569;6.99569
8710;0.000187989;6.08253;0.0699569;6.99569
8711;0.000187989;6.08253;0.0699569;6.99569
8712;0.000187989;6.08253;0.0699569;6.99569
8713;0.000187989;6.08253;0.0699569;6.99569
8714;0.000187989;6.08253;0.0699569;6.99569
8715;0.000187989;6.08253;0.0699569;6.99569
8716;0.000187989;6.08253;0.0699569;6.99569
8717;0.000187989;6.08253;0.0699569;6.99569
8718;0.000187989;6.08253;0.0699569;6.99569
8719;0.000187989;6.08253;0.0699569;6.99569
8720;0.000187989;6.08253;0.0699569;6.99569
8721;0.000187989;6.08253;0.0699569;6.99569
8722;0.000187989;6.08253;0.0699569;6.99569
8723;0.000187989;6.08253;0.0699569;6.99569
8724;0.000187989;6.08253;0.0699569;6.99569
8725;0.000187989;6.08253;0.0699569;6.99569
8726;0.000187989;6.08253;0.0699569;6.99569
8727;0.000187989;6.08253;0.0699569;6.99569
8728;0.000187989;6.08253;0.0699569;6.99569
8729;0.000187989;6.08253;0.0699569;6.99569
8730;0.000187989;6.08253;0.0699569;6.99569
8731;0.000187989;6.08253;0.0699569;6.99569
8732;0.000187989;6.08253;0.0699569;6.99569
8733;0.000187989;6.08253;0.0699569;6.99569
8734;0.000187989;6.08253;0.0699569;6.99569
8735;0.000187989;6.08253;0.0699569;6.99569
8736;0.000187989;6.08253;0.0699569;6.99569
8737;0.000187989;6.08253;0.0699569;6.99569
8738;0.000187989;6.08253;0.0699569;6.99569
8739;0.000187989;6.08253;0.0699569;6.99569
8740;0.000187989;6.08253;0.0699569;6.99569
8741;0.000187989;6.08253;0.0699569;6.99569
8742;0.000187989;6.08253;0.0699569;6.99569
8743;0.000187989;6.08253;0.0699569;6.99569
8744;0.000187989;6.08253;0.0699569;6.99569
8745;0.000187989;6.08253;0.0699569;6.99569
8746;0.000187989;6.08253;0.0699569;6.99569
8747;0.000187989;6.08253;0.0699569;6.99569
8748;0.000187989;6.08253;0.0699569;6.99569
8749;0.000187989;6.08253;0.0699569;6.99569
8750;0.000187989;6.08253;0.0699569;6.99569
8751;0.000187989;6.08253;0.0699569;6.99569
8752;0.000187989;6.08253;0.0699569;6.99569
8753;0.000187989;6.08253;0.0699569;6.99569
8754;0.000187989;6.08253;0.0699569;6.99569
8755;0.000187989;6.08253;0.0699569;6.99569
8756;0.000187989;6.08253;0.0699569;6.99569
8757;0.000187989;6.08253;0.0699569;6.99569
8758;0.000187989;6.08253;0.0699569;6.99569
8759;0.000187989;6.08253;0.0699569;6.99569
8760;0.000187989;6.08253;0.0699569;6.99569
8761;0.000187989;6.08253;0.0699569;6.99569
8762;0.000187989;6.08253;0.0699569;6.99569
8763;0.000187989;6.08253;0.0699569;6.99569
8764;0.000187989;6.08253;0.0699569;6.99569
8765;0.000187989;6.08253;0.0699569;6.99569
8766;0.000187989;6.08253;0.0699569;6.99569
8767;0.000187989;6.08253;0.0699569;6.99569
8768;0.000187989;6.08253;0.0699569;6.99569
8769;0.000187989;6.08253;0.0699569;6.99569
8770;0.000187989;6.08253;0.0699569;6.99569
8771;0.000187989;6.08253;0.0699569;6.99569
8772;0.000187989;6.08253;0.0699569;6.99569
8773;0.000187989;6.08253;0.0699569;6.99569
8774;0.000187989;6.08253;0.0699569;6.99569
8775;0.000187989;6.08253;0.0699569;6.99569
8776;0.000187989;6.08253;0.0699569;6.99569
8777;0.000187989;6.08253;0.0699569;6.99569
8778;0.000187989;6.08253;0.0699569;6.99569
8779;0.000187989;6.08253;0.0699569;6.99569
8780;0.000187989;6.08253;0.0699569;6.99569
8781;0.000187989;6.08253;0.0699569;6.99569
8782;0.000187989;6.08253;0.0699569;6.99569
8783;0.000187989;6.08253;0.0699569;6.99569
8784;0.000187989;6.08253;0.0699569;6.99569
8785;0.000187989;6.08253;0.0699569;6.99569
8786;0.000187989;6.08253;0.0699569;6.99569
8787;0.000187989;6.08253;0.0699569;6.99569
8788;0.000187989;6.08253;0.0699569;6.99569
8789;0.000187989;6.08253;0.0699569;6.99569
8790;0.000187989;6.08253;0.0699569;6.99569
8791;0.000187989;6.08253;0.0699569;6.99569
8792;0.000187989;6.08253;0.0699569;6.99569
8793;0.000187989;6.08253;0.0699569;6.99569
8794;0.000187989;6.08253;0.0699569;6.99569
8795;0.000187989;6.08253;0.0699569;6.99569
8796;0.000187989;6.08253;0.0699569;6.99569
8797;0.000187989;6.08253;0.0699569;6.99569
8798;0.000187989;6.08253;0.0699569;6.99569
8799;0.000187989;6.08253;0.0699569;6.99569
8800;0.000187989;6.08253;0.0699569;6.99569
8801;0.000187989;6.08253;0.0699569;6.99569
8802;0.000187989;6.08253;0.0699569;6.99569
8803;0.000187989;6.08253;0.0699569;6.99569
8804;0.000187989;6.08253;0.0699569;6.99569
8805;0.000187989;6.08253;0.0699569;6.99569
8806;0.000187989;6.08253;0.0699569;6.99569
8807;0.000187989;6.08253;0.0699569;6.99569
8808;0.000187989;6.08253;0.0699569;6.99569
8809;0.000187989;6.08253;0.0699569;6.99569
8810;0.000187989;6.08253;0.0699569;6.99569
8811;0.000187989;6.08253;0.0699569;6.99569
8812;0.000187989;6.08253;0.0699569;6.99569
8813;0.000187989;6.08253;0.0699569;6.99569
8814;0.000187989;6.08253;0.0699569;6.99569
8815;0.000187989;6.08253;0.0699569;6.99569
8816;0.000187989;6.08253;0.0699569;6.99569
8817;0.000187989;6.08253;0.0699569;6.99569
8818;0.000187989;6.08253;0.0699569;6.99569
8819;0.000187989;6.08253;0.0699569;6.99569
8820;0.000187989;6.08253;0.0699569;6.99569
8821;0.000187989;6.08253;0.0699569;6.99569
8822;0.000187989;6.08253;0.0699569;6.99569
8823;0.000187989;6.08253;0.0699569;6.99569
8824;0.000187989;6.08253;0.0699569;6.99569
8825;0.000187989;6.08253;0.0699569;6.99569
8826;0.000187989;6.08253;0.0699569;6.99569
8827;0.000187989;6.08253;0.0699569;6.99569
8828;0.000187989;6.08253;0.0699569;6.99569
8829;0.000187989;6.08253;0.0699569;6.99569
8830;0.000187989;6.08253;0.0699569;6.99569
8831;0.000187989;6.08253;0.0699569;6.99569
8832;0.000187989;6.08253;0.0699569;6.99569
8833;0.000187989;6.08253;0.0699569;6.99569
8834;0.000187989;6.08253;0.0699569;6.99569
8835;0.000187989;6.08253;0.0699569;6.99569
8836;0.000187989;6.08253;0.0699569;6.99569
8837;0.000187989;6.08253;0.0699569;6.99569
8838;0.000187989;6.08253;0.0699569;6.99569
8839;0.000187989;6.08253;0.0699569;6.99569
8840;0.000187989;6.08253;0.0699569;6.99569
8841;0.000187989;6.08253;0.0699569;6.99569
8842;0.000187989;6.08253;0.0699569;6.99569
8843;0.000187989;6.08253;0.0699569;6.99569
8844;0.000187989;6.08253;0.0699569;6.99569
8845;0.000187989;6.08253;0.0699569;6.99569
8846;0.000187989;6.08253;0.0699569;6.99569
8847;0.000187989;6.08253;0.0699569;6.99569
8848;0.000187989;6.08253;0.0699569;6.99569
8849;0.000187989;6.08253;0.0699569;6.99569
8850;0.000187989;6.08253;0.0699569;6.99569
8851;0.000187989;6.08253;0.0699569;6.99569
8852;0.000187989;6.08253;0.0699569;6.99569
8853;0.000187989;6.08253;0.0699569;6.99569
8854;0.000187989;6.08253;0.0699569;6.99569
8855;0.000187989;6.08253;0.0699569;6.99569
8856;0.000187989;6.08253;0.0699569;6.99569
8857;0.000187989;6.08253;0.0699569;6.99569
8858;0.000187989;6.08253;0.0699569;6.99569
8859;0.000187989;6.08253;0.0699569;6.99569
8860;0.000187989;6.08253;0.0699569;6.99569
8861;0.000187989;6.08253;0.0699569;6.99569
8862;0.000187989;6.08253;0.0699569;6.99569
8863;0.000187989;6.08253;0.0699569;6.99569
8864;0.000187989;6.08253;0.0699569;6.99569
8865;0.000187989;6.08253;0.0699569;6.99569
8866;0.000187989;6.08253;0.0699569;6.99569
8867;0.000187989;6.08253;0.0699569;6.99569
8868;0.000187989;6.08253;0.0699569;6.99569
8869;0.000187989;6.08253;0.0699569;6.99569
8870;0.000187989;6.08253;0.0699569;6.99569
8871;0.000187989;6.08253;0.0699569;6.99569
8872;0.000187989;6.08253;0.0699569;6.99569
8873;0.000187989;6.08253;0.0699569;6.99569
8874;0.000187989;6.08253;0.0699569;6.99569
8875;0.000187989;6.08253;0.0699569;6.99569
8876;0.000187989;6.08253;0.0699569;6.99569
8877;0.000187989;6.08253;0.0699569;6.99569
8878;0.000187989;6.08253;0.0699569;6.99569
8879;0.000187989;6.08253;0.0699569;6.99569
8880;0.000187989;6.08253;0.0699569;6.99569
8881;0.000187989;6.08253;0.0699569;6.99569
8882;0.000187989;6.08253;0.0699569;6.99569
8883;0.000187989;6.08253;0.0699569;6.99569
8884;0.000187989;6.08253;0.0699569;6.99569
8885;0.000187989;6.08253;0.0699569;6.99569
8886;0.000187989;6.08253;0.0699569;6.99569
8887;0.000187989;6.08253;0.0699569;6.99569
8888;0.000187989;6.08253;0.0699569;6.99569
8889;0.000187989;6.08253;0.0699569;6.99569
8890;0.000187989;6.08253;0.0699569;6.99569
8891;0.000187989;6.08253;0.0699569;6.99569
8892;0.000187989;6.08253;0.0699569;6.99569
8893;0.000187989;6.08253;0.0699569;6.99569
8894;0.000187989;6.08253;0.0699569;6.99569
8895;0.000187989;6.08253;0.0699569;6.99569
8896;0.000187989;6.08253;0.0699569;6.99569
8897;0.000187989;6.08253;0.0699569;6.99569
8898;0.000187989;6.08253;0.0699569;6.99569
8899;0.000187989;6.08253;0.0699569;6.99569
8900;0.000187989;6.08253;0.0699569;6.99569
8901;0.000187989;6.08253;0.0699569;6.99569
8902;0.000187989;6.08253;0.0699569;6.99569
8903;0.000187989;6.08253;0.0699569;6.99569
8904;0.000187989;6.08253;0.0699569;6.99569
8905;0.000187989;6.08253;0.0699569;6.99569
8906;0.000187989;6.08253;0.0699569;6.99569
8907;0.000187989;6.08253;0.0699569;6.99569
8908;0.000187989;6.08253;0.0699569;6.99569
8909;0.000187989;6.08253;0.0699569;6.99569
8910;0.000187989;6.08253;0.0699569;6.99569
8911;0.000187989;6.08253;0.0699569;6.99569
8912;0.000187989;6.08253;0.0699569;6.99569
8913;0.000187989;6.08253;0.0699569;6.99569
8914;0.000187989;6.08253;0.0699569;6.99569
8915;0.000187989;6.08253;0.0699569;6.99569
8916;0.000187989;6.08253;0.0699569;6.99569
8917;0.000187989;6.08253;0.0699569;6.99569
8918;0.000187989;6.08253;0.0699569;6.99569
8919;0.000187989;6.08253;0.0699569;6.99569
8920;0.000187989;6.08253;0.0699569;6.99569
8921;0.000187989;6.08253;0.0699569;6.99569
8922;0.000187989;6.08253;0.0699569;6.99569
8923;0.000187989;6.08253;0.0699569;6.99569
8924;0.000187989;6.08253;0.0699569;6.99569
8925;0.000187989;6.08253;0.0699569;6.99569
8926;0.000187989;6.08253;0.0699569;6.99569
8927;0.000187989;6.08253;0.0699569;6.99569
8928;0.000187989;6.08253;0.0699569;6.99569
8929;0.000187989;6.08253;0.0699569;6.99569
8930;0.000187989;6.08253;0.0699569;6.99569
8931;0.000187989;6.08253;0.0699569;6.99569
8932;0.000187989;6.08253;0.0699569;6.99569
8933;0.000187989;6.08253;0.0699569;6.99569
8934;0.000187989;6.08253;0.0699569;6.99569
8935;0.000187989;6.08253;0.0699569;6.99569
8936;0.000187989;6.08253;0.0699569;6.99569
8937;0.000187989;6.08253;0.0699569;6.99569
8938;0.000187989;6.08253;0.0699569;6.99569
8939;0.000187989;6.08253;0.0699569;6.99569
8940;0.000187989;6.08253;0.0699569;6.99569
8941;0.000187989;6.08253;0.0699569;6.99569
8942;0.000187989;6.08253;0.0699569;6.99569
8943;0.000187989;6.08253;0.0699569;6.99569
8944;0.000187989;6.08253;0.0699569;6.99569
8945;0.000187989;6.08253;0.0699569;6.99569
8946;0.000187989;6.08253;0.0699569;6.99569
8947;0.000187989;6.08253;0.0699569;6.99569
8948;0.000187989;6.08253;0.0699569;6.99569
8949;0.000187989;6.08253;0.0699569;6.99569
8950;0.000187989;6.08253;0.0699569;6.99569
8951;0.000187989;6.08253;0.0699569;6.99569
8952;0.000187989;6.08253;0.0699569;6.99569
8953;0.000187989;6.08253;0.0699569;6.99569
8954;0.000187989;6.08253;0.0699569;6.99569
8955;0.000187989;6.08253;0.0699569;6.99569
8956;0.000187989;6.08253;0.0699569;6.99569
8957;0.000187989;6.08253;0.0699569;6.99569
8958;0.000187989;6.08253;0.0699569;6.99569
8959;0.000187989;6.08253;0.0699569;6.99569
8960;0.000187989;6.08253;0.0699569;6.99569
8961;0.000187989;6.08253;0.0699569;6.99569
8962;0.000187989;6.08253;0.0699569;6.99569
8963;0.000187989;6.08253;0.0699569;6.99569
8964;0.000187989;6.08253;0.0699569;6.99569
8965;0.000187989;6.08253;0.0699569;6.99569
8966;0.000187989;6.08253;0.0699569;6.99569
8967;0.000187989;6.08253;0.0699569;6.99569
8968;0.000187989;6.08253;0.0699569;6.99569
8969;0.000187989;6.08253;0.0699569;6.99569
8970;0.000187989;6.08253;0.0699569;6.99569
8971;0.000187989;6.08253;0.0699569;6.99569
8972;0.000187989;6.08253;0.0699569;6.99569
8973;0.000187989;6.08253;0.0699569;6.99569
8974;0.000187989;6.08253;0.0699569;6.99569
8975;0.000187989;6.08253;0.0699569;6.99569
8976;0.000187989;6.08253;0.0699569;6.99569
8977;0.000187989;6.08253;0.0699569;6.99569
8978;0.000187989;6.08253;0.0699569;6.99569
8979;0.000187989;6.08253;0.0699569;6.99569
8980;0.000187989;6.08253;0.0699569;6.99569
8981;0.000187989;6.08253;0.0699569;6.99569
8982;0.000187989;6.08253;0.0699569;6.99569
8983;0.000187989;6.08253;0.0699569;6.99569
8984;0.000187989;6.08253;0.0699569;6.99569
8985;0.000187989;6.08253;0.0699569;6.99569
8986;0.000187989;6.08253;0.0699569;6.99569
8987;0.000187989;6.08253;0.0699569;6.99569
8988;0.000187989;6.08253;0.0699569;6.99569
8989;0.000187989;6.08253;0.0699569;6.99569
8990;0.000187989;6.08253;0.0699569;6.99569
8991;0.000187989;6.08253;0.0699569;6.99569
8992;0.000187989;6.08253;0.0699569;6.99569
8993;0.000187989;6.08253;0.0699569;6.99569
8994;0.000187989;6.08253;0.0699569;6.99569
8995;0.000187989;6.08253;0.0699569;6.99569
8996;0.000187989;6.08253;0.0699569;6.99569
8997;0.000187989;6.08253;0.0699569;6.99569
8998;0.000187989;6.08253;0.0699569;6.99569
8999;0.000187989;6.08253;0.0699569;6.99569
9000;0.000187989;6.08253;0.0699569;6.99569
9001;0.000187989;6.08253;0.0699569;6.99569
9002;0.000187989;6.08253;0.0699569;6.99569
9003;0.000187989;6.08253;0.0699569;6.99569
9004;0.000187989;6.08253;0.0699569;6.99569
9005;0.000187989;6.08253;0.0699569;6.99569
9006;0.000187989;6.08253;0.0699569;6.99569
9007;0.000187989;6.08253;0.0699569;6.99569
9008;0.000187989;6.08253;0.0699569;6.99569
9009;0.000187989;6.08253;0.0699569;6.99569
9010;0.000187989;6.08253;0.0699569;6.99569
9011;0.000187989;6.08253;0.0699569;6.99569
9012;0.000187989;6.08253;0.0699569;6.99569
9013;0.000187989;6.08253;0.0699569;6.99569
9014;0.000187989;6.08253;0.0699569;6.99569
9015;0.000187989;6.08253;0.0699569;6.99569
9016;0.000187989;6.08253;0.0699569;6.99569
9017;0.000187989;6.08253;0.0699569;6.99569
9018;0.000187989;6.08253;0.0699569;6.99569
9019;0.000187989;6.08253;0.0699569;6.99569
9020;0.000187989;6.08253;0.0699569;6.99569
9021;0.000187989;6.08253;0.0699569;6.99569
9022;0.000187989;6.08253;0.0699569;6.99569
9023;0.000187989;6.08253;0.0699569;6.99569
9024;0.000187989;6.08253;0.0699569;6.99569
9025;0.000187989;6.08253;0.0699569;6.99569
9026;0.000187989;6.08253;0.0699569;6.99569
9027;0.000187989;6.08253;0.0699569;6.99569
9028;0.000187989;6.08253;0.0699569;6.99569
9029;0.000187989;6.08253;0.0699569;6.99569
9030;0.000187989;6.08253;0.0699569;6.99569
9031;0.000187989;6.08253;0.0699569;6.99569
9032;0.000187989;6.08253;0.0699569;6.99569
9033;0.000187989;6.08253;0.0699569;6.99569
9034;0.000187989;6.08253;0.0699569;6.99569
9035;0.000187989;6.08253;0.0699569;6.99569
9036;0.000187989;6.08253;0.0699569;6.99569
9037;0.000187989;6.08253;0.0699569;6.99569
9038;0.000187989;6.08253;0.0699569;6.99569
9039;0.000187989;6.08253;0.0699569;6.99569
9040;0.000187989;6.08253;0.0699569;6.99569
9041;0.000187989;6.08253;0.0699569;6.99569
9042;0.000187989;6.08253;0.0699569;6.99569
9043;0.000187989;6.08253;0.0699569;6.99569
9044;0.000187989;6.08253;0.0699569;6.99569
9045;0.000187989;6.08253;0.0699569;6.99569
9046;0.000187989;6.08253;0.0699569;6.99569
9047;0.000187989;6.08253;0.0699569;6.99569
9048;0.000187989;6.08253;0.0699569;6.99569
9049;0.000187989;6.08253;0.0699569;6.99569
9050;0.000187989;6.08253;0.0699569;6.99569
9051;0.000187989;6.08253;0.0699569;6.99569
9052;0.000187989;6.08253;0.0699569;6.99569
9053;0.000187989;6.08253;0.0699569;6.99569
9054;0.000187989;6.08253;0.0699569;6.99569
9055;0.000187989;6.08253;0.0699569;6.99569
9056;0.000187989;6.08253;0.0699569;6.99569
9057;0.000187989;6.08253;0.0699569;6.99569
9058;0.000187989;6.08253;0.0699569;6.99569
9059;0.000187989;6.08253;0.0699569;6.99569
9060;0.000187989;6.08253;0.0699569;6.99569
9061;0.000187989;6.08253;0.0699569;6.99569
9062;0.000187989;6.08253;0.0699569;6.99569
9063;0.000187989;6.08253;0.0699569;6.99569
9064;0.000187989;6.08253;0.0699569;6.99569
9065;0.000187989;6.08253;0.0699569;6.99569
9066;0.000187989;6.08253;0.0699569;6.99569
9067;0.000187989;6.08253;0.0699569;6.99569
9068;0.000187989;6.08253;0.0699569;6.99569
9069;0.000187989;6.08253;0.0699569;6.99569
9070;0.000187989;6.08253;0.0699569;6.99569
9071;0.000187989;6.08253;0.0699569;6.99569
9072;0.000187989;6.08253;0.0699569;6.99569
9073;0.000187989;6.08253;0.0699569;6.99569
9074;0.000187989;6.08253;0.0699569;6.99569
9075;0.000187989;6.08253;0.0699569;6.99569
9076;0.000187989;6.08253;0.0699569;6.99569
9077;0.000187989;6.08253;0.0699569;6.99569
9078;0.000187989;6.08253;0.0699569;6.99569
9079;0.000187989;6.08253;0.0699569;6.99569
9080;0.000187989;6.08253;0.0699569;6.99569
9081;0.000187989;6.08253;0.0699569;6.99569
9082;0.000187989;6.08253;0.0699569;6.99569
9083;0.000187989;6.08253;0.0699569;6.99569
9084;0.000187989;6.08253;0.0699569;6.99569
9085;0.000187989;6.08253;0.0699569;6.99569
9086;0.000187989;6.08253;0.0699569;6.99569
9087;0.000187989;6.08253;0.0699569;6.99569
9088;0.000187989;6.08253;0.0699569;6.99569
9089;0.000187989;6.08253;0.0699569;6.99569
9090;0.000187989;6.08253;0.0699569;6.99569
9091;0.000187989;6.08253;0.0699569;6.99569
9092;0.000187989;6.08253;0.0699569;6.99569
9093;0.000187989;6.08253;0.0699569;6.99569
9094;0.000187989;6.08253;0.0699569;6.99569
9095;0.000187989;6.08253;0.0699569;6.99569
9096;0.000187989;6.08253;0.0699569;6.99569
9097;0.000187989;6.08253;0.0699569;6.99569
9098;0.000187989;6.08253;0.0699569;6.99569
9099;0.000187989;6.08253;0.0699569;6.99569
9100;0.000187989;6.08253;0.0699569;6.99569
9101;0.000187989;6.08253;0.0699569;6.99569
9102;0.000187989;6.08253;0.0699569;6.99569
9103;0.000187989;6.08253;0.0699569;6.99569
9104;0.000187989;6.08253;0.0699569;6.99569
9105;0.000187989;6.08253;0.0699569;6.99569
9106;0.000187989;6.08253;0.0699569;6.99569
9107;0.000187989;6.08253;0.0699569;6.99569
9108;0.000187989;6.08253;0.0699569;6.99569
9109;0.000187989;6.08253;0.0699569;6.99569
9110;0.000187989;6.08253;0.0699569;6.99569
9111;0.000187989;6.08253;0.0699569;6.99569
9112;0.000187989;6.08253;0.0699569;6.99569
9113;0.000187989;6.08253;0.0699569;6.99569
9114;0.000187989;6.08253;0.0699569;6.99569
9115;0.000187989;6.08253;0.0699569;6.99569
9116;0.000187989;6.08253;0.0699569;6.99569
9117;0.000187989;6.08253;0.0699569;6.99569
9118;0.000187989;6.08253;0.0699569;6.99569
9119;0.000187989;6.08253;0.0699569;6.99569
9120;0.000187989;6.08253;0.0699569;6.99569
9121;0.000187989;6.08253;0.0699569;6.99569
9122;0.000187989;6.08253;0.0699569;6.99569
9123;0.000187989;6.08253;0.0699569;6.99569
9124;0.000187989;6.08253;0.0699569;6.99569
9125;0.000187989;6.08253;0.0699569;6.99569
9126;0.000187989;6.08253;0.0699569;6.99569
9127;0.000187989;6.08253;0.0699569;6.99569
9128;0.000187989;6.08253;0.0699569;6.99569
9129;0.000187989;6.08253;0.0699569;6.99569
9130;0.000187989;6.08253;0.0699569;6.99569
9131;0.000187989;6.08253;0.0699569;6.99569
9132;0.000187989;6.08253;0.0699569;6.99569
9133;0.000187989;6.08253;0.0699569;6.99569
9134;0.000187989;6.08253;0.0699569;6.99569
9135;0.000187989;6.08253;0.0699569;6.99569
9136;0.000187989;6.08253;0.0699569;6.99569
9137;0.000187989;6.08253;0.0699569;6.99569
9138;0.000187989;6.08253;0.0699569;6.99569
9139;0.000187989;6.08253;0.0699569;6.99569
9140;0.000187989;6.08253;0.0699569;6.99569
9141;0.000187989;6.08253;0.0699569;6.99569
9142;0.000187989;6.08253;0.0699569;6.99569
9143;0.000187989;6.08253;0.0699569;6.99569
9144;0.000187989;6.08253;0.0699569;6.99569
9145;0.000187989;6.08253;0.0699569;6.99569
9146;0.000187989;6.08253;0.0699569;6.99569
9147;0.000187989;6.08253;0.0699569;6.99569
9148;0.000187989;6.08253;0.0699569;6.99569
9149;0.000187989;6.08253;0.0699569;6.99569
9150;0.000187989;6.08253;0.0699569;6.99569
9151;0.000187989;6.08253;0.0699569;6.99569
9152;0.000187989;6.08253;0.0699569;6.99569
9153;0.000187989;6.08253;0.0699569;6.99569
9154;0.000187989;6.08253;0.0699569;6.99569
9155;0.000187989;6.08253;0.0699569;6.99569
9156;0.000187989;6.08253;0.0699569;6.99569
9157;0.000187989;6.08253;0.0699569;6.99569
9158;0.000187989;6.08253;0.0699569;6.99569
9159;0.000187989;6.08253;0.0699569;6.99569
9160;0.000187989;6.08253;0.0699569;6.99569
9161;0.000187989;6.08253;0.0699569;6.99569
9162;0.000187989;6.08253;0.0699569;6.99569
9163;0.000187989;6.08253;0.0699569;6.99569
9164;0.000187989;6.08253;0.0699569;6.99569
9165;0.000187989;6.08253;0.0699569;6.99569
9166;0.000187989;6.08253;0.0699569;6.99569
9167;0.000187989;6.08253;0.0699569;6.99569
9168;0.000187989;6.08253;0.0699569;6.99569
9169;0.000187989;6.08253;0.0699569;6.99569
9170;0.000187989;6.08253;0.0699569;6.99569
9171;0.000187989;6.08253;0.0699569;6.99569
9172;0.000187989;6.08253;0.0699569;6.99569
9173;0.000187989;6.08253;0.0699569;6.99569
9174;0.000187989;6.08253;0.0699569;6.99569
9175;0.000187989;6.08253;0.0699569;6.99569
9176;0.000187989;6.08253;0.0699569;6.99569
9177;0.000187989;6.08253;0.0699569;6.99569
9178;0.000187989;6.08253;0.0699569;6.99569
9179;0.000187989;6.08253;0.0699569;6.99569
9180;0.000187989;6.08253;0.0699569;6.99569
9181;0.000187989;6.08253;0.0699569;6.99569
9182;0.000187989;6.08253;0.0699569;6.99569
9183;0.000187989;6.08253;0.0699569;6.99569
9184;0.000187989;6.08253;0.0699569;6.99569
9185;0.000187989;6.08253;0.0699569;6.99569
9186;0.000187989;6.08253;0.0699569;6.99569
9187;0.000187989;6.08253;0.0699569;6.99569
9188;0.000187989;6.08253;0.0699569;6.99569
9189;0.000187989;6.08253;0.0699569;6.99569
9190;0.000187989;6.08253;0.0699569;6.99569
9191;0.000187989;6.08253;0.0699569;6.99569
9192;0.000187989;6.08253;0.0699569;6.99569
9193;0.000187989;6.08253;0.0699569;6.99569
9194;0.000187989;6.08253;0.0699569;6.99569
9195;0.000187989;6.08253;0.0699569;6.99569
9196;0.000187989;6.08253;0.0699569;6.99569
9197;0.000187989;6.08253;0.0699569;6.99569
9198;0.000187989;6.08253;0.0699569;6.99569
9199;0.000187989;6.08253;0.0699569;6.99569
9200;0.000187989;6.08253;0.0699569;6.99569
9201;0.000187989;6.08253;0.0699569;6.99569
9202;0.000187989;6.08253;0.0699569;6.99569
9203;0.000187989;6.08253;0.0699569;6.99569
9204;0.000187989;6.08253;0.0699569;6.99569
9205;0.000187989;6.08253;0.0699569;6.99569
9206;0.000187989;6.08253;0.0699569;6.99569
9207;0.000187989;6.08253;0.0699569;6.99569
9208;0.000187989;6.08253;0.0699569;6.99569
9209;0.000187989;6.08253;0.0699569;6.99569
9210;0.000187989;6.08253;0.0699569;6.99569
9211;0.000187989;6.08253;0.0699569;6.99569
9212;0.000187989;6.08253;0.0699569;6.99569
9213;0.000187989;6.08253;0.0699569;6.99569
9214;0.000187989;6.08253;0.0699569;6.99569
9215;0.000187989;6.08253;0.0699569;6.99569
9216;0.000187989;6.08253;0.0699569;6.99569
9217;0.000187989;6.08253;0.0699569;6.99569
9218;0.000187989;6.08253;0.0699569;6.99569
9219;0.000187989;6.08253;0.0699569;6.99569
9220;0.000187989;6.08253;0.0699569;6.99569
9221;0.000187989;6.08253;0.0699569;6.99569
9222;0.000187989;6.08253;0.0699569;6.99569
9223;0.000187989;6.08253;0.0699569;6.99569
9224;0.000187989;6.08253;0.0699569;6.99569
9225;0.000187989;6.08253;0.0699569;6.99569
9226;0.000187989;6.08253;0.0699569;6.99569
9227;0.000187989;6.08253;0.0699569;6.99569
9228;0.000187989;6.08253;0.0699569;6.99569
9229;0.000187989;6.08253;0.0699569;6.99569
9230;0.000187989;6.08253;0.0699569;6.99569
9231;0.000187989;6.08253;0.0699569;6.99569
9232;0.000187989;6.08253;0.0699569;6.99569
9233;0.000187989;6.08253;0.0699569;6.99569
9234;0.000187989;6.08253;0.0699569;6.99569
9235;0.000187989;6.08253;0.0699569;6.99569
9236;0.000187989;6.08253;0.0699569;6.99569
9237;0.000187989;6.08253;0.0699569;6.99569
9238;0.000187989;6.08253;0.0699569;6.99569
9239;0.000187989;6.08253;0.0699569;6.99569
9240;0.000187989;6.08253;0.0699569;6.99569
9241;0.000187989;6.08253;0.0699569;6.99569
9242;0.000187989;6.08253;0.0699569;6.99569
9243;0.000187989;6.08253;0.0699569;6.99569
9244;0.000187989;6.08253;0.0699569;6.99569
9245;0.000187989;6.08253;0.0699569;6.99569
9246;0.000187989;6.08253;0.0699569;6.99569
9247;0.000187989;6.08253;0.0699569;6.99569
9248;0.000187989;6.08253;0.0699569;6.99569
9249;0.000187989;6.08253;0.0699569;6.99569
9250;0.000187989;6.08253;0.0699569;6.99569
9251;0.000187989;6.08253;0.0699569;6.99569
9252;0.000187989;6.08253;0.0699569;6.99569
9253;0.000187989;6.08253;0.0699569;6.99569
9254;0.000187989;6.08253;0.0699569;6.99569
9255;0.000187989;6.08253;0.0699569;6.99569
9256;0.000187989;6.08253;0.0699569;6.99569
9257;0.000187989;6.08253;0.0699569;6.99569
9258;0.000187989;6.08253;0.0699569;6.99569
9259;0.000187989;6.08253;0.0699569;6.99569
9260;0.000187989;6.08253;0.0699569;6.99569
9261;0.000187989;6.08253;0.0699569;6.99569
9262;0.000187989;6.08253;0.0699569;6.99569
9263;0.000187989;6.08253;0.0699569;6.99569
9264;0.000187989;6.08253;0.0699569;6.99569
9265;0.000187989;6.08253;0.0699569;6.99569
9266;0.000187989;6.08253;0.0699569;6.99569
9267;0.000187989;6.08253;0.0699569;6.99569
9268;0.000187989;6.08253;0.0699569;6.99569
9269;0.000187989;6.08253;0.0699569;6.99569
9270;0.000187989;6.08253;0.0699569;6.99569
9271;0.000187989;6.08253;0.0699569;6.99569
9272;0.000187989;6.08253;0.0699569;6.99569
9273;0.000187989;6.08253;0.0699569;6.99569
9274;0.000187989;6.08253;0.0699569;6.99569
9275;0.000187989;6.08253;0.0699569;6.99569
9276;0.000187989;6.08253;0.0699569;6.99569
9277;0.000187989;6.08253;0.0699569;6.99569
9278;0.000187989;6.08253;0.0699569;6.99569
9279;0.000187989;6.08253;0.0699569;6.99569
9280;0.000187989;6.08253;0.0699569;6.99569
9281;0.000187989;6.08253;0.0699569;6.99569
9282;0.000187989;6.08253;0.0699569;6.99569
9283;0.000187989;6.08253;0.0699569;6.99569
9284;0.000187989;6.08253;0.0699569;6.99569
9285;0.000187989;6.08253;0.0699569;6.99569
9286;0.000187989;6.08253;0.0699569;6.99569
9287;0.000187989;6.08253;0.0699569;6.99569
9288;0.000187989;6.08253;0.0699569;6.99569
9289;0.000187989;6.08253;0.0699569;6.99569
9290;0.000187989;6.08253;0.0699569;6.99569
9291;0.000187989;6.08253;0.0699569;6.99569
9292;0.000187989;6.08253;0.0699569;6.99569
9293;0.000187989;6.08253;0.0699569;6.99569
9294;0.000187989;6.08253;0.0699569;6.99569
9295;0.000187989;6.08253;0.0699569;6.99569
9296;0.000187989;6.08253;0.0699569;6.99569
9297;0.000187989;6.08253;0.0699569;6.99569
9298;0.000187989;6.08253;0.0699569;6.99569
9299;0.000187989;6.08253;0.0699569;6.99569
9300;0.000187989;6.08253;0.0699569;6.99569
9301;0.000187989;6.08253;0.0699569;6.99569
9302;0.000187989;6.08253;0.0699569;6.99569
9303;0.000187989;6.08253;0.0699569;6.99569
9304;0.000187989;6.08253;0.0699569;6.99569
9305;0.000187989;6.08253;0.0699569;6.99569
9306;0.000187989;6.08253;0.0699569;6.99569
9307;0.000187989;6.08253;0.0699569;6.99569
9308;0.000187989;6.08253;0.0699569;6.99569
9309;0.000187989;6.08253;0.0699569;6.99569
9310;0.000187989;6.08253;0.0699569;6.99569
9311;0.000187989;6.08253;0.0699569;6.99569
9312;0.000187989;6.08253;0.0699569;6.99569
9313;0.000187989;6.08253;0.0699569;6.99569
9314;0.000187989;6.08253;0.0699569;6.99569
9315;0.000187989;6.08253;0.0699569;6.99569
9316;0.000187989;6.08253;0.0699569;6.99569
9317;0.000187989;6.08253;0.0699569;6.99569
9318;0.000187989;6.08253;0.0699569;6.99569
9319;0.000187989;6.08253;0.0699569;6.99569
9320;0.000187989;6.08253;0.0699569;6.99569
9321;0.000187989;6.08253;0.0699569;6.99569
9322;0.000187989;6.08253;0.0699569;6.99569
9323;0.000187989;6.08253;0.0699569;6.99569
9324;0.000187989;6.08253;0.0699569;6.99569
9325;0.000187989;6.08253;0.0699569;6.99569
9326;0.000187989;6.08253;0.0699569;6.99569
9327;0.000187989;6.08253;0.0699569;6.99569
9328;0.000187989;6.08253;0.0699569;6.99569
9329;0.000187989;6.08253;0.0699569;6.99569
9330;0.000187989;6.08253;0.0699569;6.99569
9331;0.000187989;6.08253;0.0699569;6.99569
9332;0.000187989;6.08253;0.0699569;6.99569
9333;0.000187989;6.08253;0.0699569;6.99569
9334;0.000187989;6.08253;0.0699569;6.99569
9335;0.000187989;6.08253;0.0699569;6.99569
9336;0.000187989;6.08253;0.0699569;6.99569
9337;0.000187989;6.08253;0.0699569;6.99569
9338;0.000187989;6.08253;0.0699569;6.99569
9339;0.000187989;6.08253;0.0699569;6.99569
9340;0.000187989;6.08253;0.0699569;6.99569
9341;0.000187989;6.08253;0.0699569;6.99569
9342;0.000187989;6.08253;0.0699569;6.99569
9343;0.000187989;6.08253;0.0699569;6.99569
9344;0.000187989;6.08253;0.0699569;6.99569
9345;0.000187989;6.08253;0.0699569;6.99569
9346;0.000187989;6.08253;0.0699569;6.99569
9347;0.000187989;6.08253;0.0699569;6.99569
9348;0.000187989;6.08253;0.0699569;6.99569
9349;0.000187989;6.08253;0.0699569;6.99569
9350;0.000187989;6.08253;0.0699569;6.99569
9351;0.000187989;6.08253;0.0699569;6.99569
9352;0.000187989;6.08253;0.0699569;6.99569
9353;0.000187989;6.08253;0.0699569;6.99569
9354;0.000187989;6.08253;0.0699569;6.99569
9355;0.000187989;6.08253;0.0699569;6.99569
9356;0.000187989;6.08253;0.0699569;6.99569
9357;0.000187989;6.08253;0.0699569;6.99569
9358;0.000187989;6.08253;0.0699569;6.99569
9359;0.000187989;6.08253;0.0699569;6.99569
9360;0.000187989;6.08253;0.0699569;6.99569
9361;0.000187989;6.08253;0.0699569;6.99569
9362;0.000187989;6.08253;0.0699569;6.99569
9363;0.000187989;6.08253;0.0699569;6.99569
9364;0.000187989;6.08253;0.0699569;6.99569
9365;0.000187989;6.08253;0.0699569;6.99569
9366;0.000187989;6.08253;0.0699569;6.99569
9367;0.000187989;6.08253;0.0699569;6.99569
9368;0.000187989;6.08253;0.0699569;6.99569
9369;0.000187989;6.08253;0.0699569;6.99569
9370;0.000187989;6.08253;0.0699569;6.99569
9371;0.000187989;6.08253;0.0699569;6.99569
9372;0.000187989;6.08253;0.0699569;6.99569
9373;0.000187989;6.08253;0.0699569;6.99569
9374;0.000187989;6.08253;0.0699569;6.99569
9375;0.000187989;6.08253;0.0699569;6.99569
9376;0.000187989;6.08253;0.0699569;6.99569
9377;0.000187989;6.08253;0.0699569;6.99569
9378;0.000187989;6.08253;0.0699569;6.99569
9379;0.000187989;6.08253;0.0699569;6.99569
9380;0.000187989;6.08253;0.0699569;6.99569
9381;0.000187989;6.08253;0.0699569;6.99569
9382;0.000187989;6.08253;0.0699569;6.99569
9383;0.000187989;6.08253;0.0699569;6.99569
9384;0.000187989;6.08253;0.0699569;6.99569
9385;0.000187989;6.08253;0.0699569;6.99569
9386;0.000187989;6.08253;0.0699569;6.99569
9387;0.000187989;6.08253;0.0699569;6.99569
9388;0.000187989;6.08253;0.0699569;6.99569
9389;0.000187989;6.08253;0.0699569;6.99569
9390;0.000187989;6.08253;0.0699569;6.99569
9391;0.000187989;6.08253;0.0699569;6.99569
9392;0.000187989;6.08253;0.0699569;6.99569
9393;0.000187989;6.08253;0.0699569;6.99569
9394;0.000187989;6.08253;0.0699569;6.99569
9395;0.000187989;6.08253;0.0699569;6.99569
9396;0.000187989;6.08253;0.0699569;6.99569
9397;0.000187989;6.08253;0.0699569;6.99569
9398;0.000187989;6.08253;0.0699569;6.99569
9399;0.000187989;6.08253;0.0699569;6.99569
9400;0.000187989;6.08253;0.0699569;6.99569
9401;0.000187989;6.08253;0.0699569;6.99569
9402;0.000187989;6.08253;0.0699569;6.99569
9403;0.000187989;6.08253;0.0699569;6.99569
9404;0.000187989;6.08253;0.0699569;6.99569
9405;0.000187989;6.08253;0.0699569;6.99569
9406;0.000187989;6.08253;0.0699569;6.99569
9407;0.000187989;6.08253;0.0699569;6.99569
9408;0.000187989;6.08253;0.0699569;6.99569
9409;0.000187989;6.08253;0.0699569;6.99569
9410;0.000187989;6.08253;0.0699569;6.99569
9411;0.000187989;6.08253;0.0699569;6.99569
9412;0.000187989;6.08253;0.0699569;6.99569
9413;0.000187989;6.08253;0.0699569;6.99569
9414;0.000187989;6.08253;0.0699569;6.99569
9415;0.000187989;6.08253;0.0699569;6.99569
9416;0.000187989;6.08253;0.0699569;6.99569
9417;0.000187989;6.08253;0.0699569;6.99569
9418;0.000187989;6.08253;0.0699569;6.99569
9419;0.000187989;6.08253;0.0699569;6.99569
9420;0.000187989;6.08253;0.0699569;6.99569
9421;0.000187989;6.08253;0.0699569;6.99569
9422;0.000187989;6.08253;0.0699569;6.99569
9423;0.000187989;6.08253;0.0699569;6.99569
9424;0.000187989;6.08253;0.0699569;6.99569
9425;0.000187989;6.08253;0.0699569;6.99569
9426;0.000187989;6.08253;0.0699569;6.99569
9427;0.000187989;6.08253;0.0699569;6.99569
9428;0.000187989;6.08253;0.0699569;6.99569
9429;0.000187989;6.08253;0.0699569;6.99569
9430;0.000187989;6.08253;0.0699569;6.99569
9431;0.000187989;6.08253;0.0699569;6.99569
9432;0.000187989;6.08253;0.0699569;6.99569
9433;0.000187989;6.08253;0.0699569;6.99569
9434;0.000187989;6.08253;0.0699569;6.99569
9435;0.000187989;6.08253;0.0699569;6.99569
9436;0.000187989;6.08253;0.0699569;6.99569
9437;0.000187989;6.08253;0.0699569;6.99569
9438;0.000187989;6.08253;0.0699569;6.99569
9439;0.000187989;6.08253;0.0699569;6.99569
9440;0.000187989;6.08253;0.0699569;6.99569
9441;0.000187989;6.08253;0.0699569;6.99569
9442;0.000187989;6.08253;0.0699569;6.99569
9443;0.000187989;6.08253;0.0699569;6.99569
9444;0.000187989;6.08253;0.0699569;6.99569
9445;0.000187989;6.08253;0.0699569;6.99569
9446;0.000187989;6.08253;0.0699569;6.99569
9447;0.000187989;6.08253;0.0699569;6.99569
9448;0.000187989;6.08253;0.0699569;6.99569
9449;0.000187989;6.08253;0.0699569;6.99569
9450;0.000187989;6.08253;0.0699569;6.99569
9451;0.000187989;6.08253;0.0699569;6.99569
9452;0.000187989;6.08253;0.0699569;6.99569
9453;0.000187989;6.08253;0.0699569;6.99569
9454;0.000187989;6.08253;0.0699569;6.99569
9455;0.000187989;6.08253;0.0699569;6.99569
9456;0.000187989;6.08253;0.0699569;6.99569
9457;0.000187989;6.08253;0.0699569;6.99569
9458;0.000187989;6.08253;0.0699569;6.99569
9459;0.000187989;6.08253;0.0699569;6.99569
9460;0.000187989;6.08253;0.0699569;6.99569
9461;0.000187989;6.08253;0.0699569;6.99569
9462;0.000187989;6.08253;0.0699569;6.99569
9463;0.000187989;6.08253;0.0699569;6.99569
9464;0.000187989;6.08253;0.0699569;6.99569
9465;0.000187989;6.08253;0.0699569;6.99569
9466;0.000187989;6.08253;0.0699569;6.99569
9467;0.000187989;6.08253;0.0699569;6.99569
9468;0.000187989;6.08253;0.0699569;6.99569
9469;0.000187989;6.08253;0.0699569;6.99569
9470;0.000187989;6.08253;0.0699569;6.99569
9471;0.000187989;6.08253;0.0699569;6.99569
9472;0.000187989;6.08253;0.0699569;6.99569
9473;0.000187989;6.08253;0.0699569;6.99569
9474;0.000187989;6.08253;0.0699569;6.99569
9475;0.000187989;6.08253;0.0699569;6.99569
9476;0.000187989;6.08253;0.0699569;6.99569
9477;0.000187989;6.08253;0.0699569;6.99569
9478;0.000187989;6.08253;0.0699569;6.99569
9479;0.000187989;6.08253;0.0699569;6.99569
9480;0.000187989;6.08253;0.0699569;6.99569
9481;0.000187989;6.08253;0.0699569;6.99569
9482;0.000187989;6.08253;0.0699569;6.99569
9483;0.000187989;6.08253;0.0699569;6.99569
9484;0.000187989;6.08253;0.0699569;6.99569
9485;0.000187989;6.08253;0.0699569;6.99569
9486;0.000187989;6.08253;0.0699569;6.99569
9487;0.000187989;6.08253;0.0699569;6.99569
9488;0.000187989;6.08253;0.0699569;6.99569
9489;0.000187989;6.08253;0.0699569;6.99569
9490;0.000187989;6.08253;0.0699569;6.99569
9491;0.000187989;6.08253;0.0699569;6.99569
9492;0.000187989;6.08253;0.0699569;6.99569
9493;0.000187989;6.08253;0.0699569;6.99569
9494;0.000187989;6.08253;0.0699569;6.99569
9495;0.000187989;6.08253;0.0699569;6.99569
9496;0.000187989;6.08253;0.0699569;6.99569
9497;0.000187989;6.08253;0.0699569;6.99569
9498;0.000187989;6.08253;0.0699569;6.99569
9499;0.000187989;6.08253;0.0699569;6.99569
9500;0.000187989;6.08253;0.0699569;6.99569
9501;0.000187989;6.08253;0.0699569;6.99569
9502;0.000187989;6.08253;0.0699569;6.99569
9503;0.000187989;6.08253;0.0699569;6.99569
9504;0.000187989;6.08253;0.0699569;6.99569
9505;0.000187989;6.08253;0.0699569;6.99569
9506;0.000187989;6.08253;0.0699569;6.99569
9507;0.000187989;6.08253;0.0699569;6.99569
9508;0.000187989;6.08253;0.0699569;6.99569
9509;0.000187989;6.08253;0.0699569;6.99569
9510;0.000187989;6.08253;0.0699569;6.99569
9511;0.000187989;6.08253;0.0699569;6.99569
9512;0.000187989;6.08253;0.0699569;6.99569
9513;0.000187989;6.08253;0.0699569;6.99569
9514;0.000187989;6.08253;0.0699569;6.99569
9515;0.000187989;6.08253;0.0699569;6.99569
9516;0.000187989;6.08253;0.0699569;6.99569
9517;0.000187989;6.08253;0.0699569;6.99569
9518;0.000187989;6.08253;0.0699569;6.99569
9519;0.000187989;6.08253;0.0699569;6.99569
9520;0.000187989;6.08253;0.0699569;6.99569
9521;0.000187989;6.08253;0.0699569;6.99569
9522;0.000187989;6.08253;0.0699569;6.99569
9523;0.000187989;6.08253;0.0699569;6.99569
9524;0.000187989;6.08253;0.0699569;6.99569
9525;0.000187989;6.08253;0.0699569;6.99569
9526;0.000187989;6.08253;0.0699569;6.99569
9527;0.000187989;6.08253;0.0699569;6.99569
9528;0.000187989;6.08253;0.0699569;6.99569
9529;0.000187989;6.08253;0.0699569;6.99569
9530;0.000187989;6.08253;0.0699569;6.99569
9531;0.000187989;6.08253;0.0699569;6.99569
9532;0.000187989;6.08253;0.0699569;6.99569
9533;0.000187989;6.08253;0.0699569;6.99569
9534;0.000187989;6.08253;0.0699569;6.99569
9535;0.000187989;6.08253;0.0699569;6.99569
9536;0.000187989;6.08253;0.0699569;6.99569
9537;0.000187989;6.08253;0.0699569;6.99569
9538;0.000187989;6.08253;0.0699569;6.99569
9539;0.000187989;6.08253;0.0699569;6.99569
9540;0.000187989;6.08253;0.0699569;6.99569
9541;0.000187989;6.08253;0.0699569;6.99569
9542;0.000187989;6.08253;0.0699569;6.99569
9543;0.000187989;6.08253;0.0699569;6.99569
9544;0.000187989;6.08253;0.0699569;6.99569
9545;0.000187989;6.08253;0.0699569;6.99569
9546;0.000187989;6.08253;0.0699569;6.99569
9547;0.000187989;6.08253;0.0699569;6.99569
9548;0.000187989;6.08253;0.0699569;6.99569
9549;0.000187989;6.08253;0.0699569;6.99569
9550;0.000187989;6.08253;0.0699569;6.99569
9551;0.000187989;6.08253;0.0699569;6.99569
9552;0.000187989;6.08253;0.0699569;6.99569
9553;0.000187989;6.08253;0.0699569;6.99569
9554;0.000187989;6.08253;0.0699569;6.99569
9555;0.000187989;6.08253;0.0699569;6.99569
9556;0.000187989;6.08253;0.0699569;6.99569
9557;0.000187989;6.08253;0.0699569;6.99569
9558;0.000187989;6.08253;0.0699569;6.99569
9559;0.000187989;6.08253;0.0699569;6.99569
9560;0.000187989;6.08253;0.0699569;6.99569
9561;0.000187989;6.08253;0.0699569;6.99569
9562;0.000187989;6.08253;0.0699569;6.99569
9563;0.000187989;6.08253;0.0699569;6.99569
9564;0.000187989;6.08253;0.0699569;6.99569
9565;0.000187989;6.08253;0.0699569;6.99569
9566;0.000187989;6.08253;0.0699569;6.99569
9567;0.000187989;6.08253;0.0699569;6.99569
9568;0.000187989;6.08253;0.0699569;6.99569
9569;0.000187989;6.08253;0.0699569;6.99569
9570;0.000187989;6.08253;0.0699569;6.99569
9571;0.000187989;6.08253;0.0699569;6.99569
9572;0.000187989;6.08253;0.0699569;6.99569
9573;0.000187989;6.08253;0.0699569;6.99569
9574;0.000187989;6.08253;0.0699569;6.99569
9575;0.000187989;6.08253;0.0699569;6.99569
9576;0.000187989;6.08253;0.0699569;6.99569
9577;0.000187989;6.08253;0.0699569;6.99569
9578;0.000187989;6.08253;0.0699569;6.99569
9579;0.000187989;6.08253;0.0699569;6.99569
9580;0.000187989;6.08253;0.0699569;6.99569
9581;0.000187989;6.08253;0.0699569;6.99569
9582;0.000187989;6.08253;0.0699569;6.99569
9583;0.000187989;6.08253;0.0699569;6.99569
9584;0.000187989;6.08253;0.0699569;6.99569
9585;0.000187989;6.08253;0.0699569;6.99569
9586;0.000187989;6.08253;0.0699569;6.99569
9587;0.000187989;6.08253;0.0699569;6.99569
9588;0.000187989;6.08253;0.0699569;6.99569
9589;0.000187989;6.08253;0.0699569;6.99569
9590;0.000187989;6.08253;0.0699569;6.99569
9591;0.000187989;6.08253;0.0699569;6.99569
9592;0.000187989;6.08253;0.0699569;6.99569
9593;0.000187989;6.08253;0.0699569;6.99569
9594;0.000187989;6.08253;0.0699569;6.99569
9595;0.000187989;6.08253;0.0699569;6.99569
9596;0.000187989;6.08253;0.0699569;6.99569
9597;0.000187989;6.08253;0.0699569;6.99569
9598;0.000187989;6.08253;0.0699569;6.99569
9599;0.000187989;6.08253;0.0699569;6.99569
9600;0.000187989;6.08253;0.0699569;6.99569
9601;0.000187989;6.08253;0.0699569;6.99569
9602;0.000187989;6.08253;0.0699569;6.99569
9603;0.000187989;6.08253;0.0699569;6.99569
9604;0.000187989;6.08253;0.0699569;6.99569
9605;0.000187989;6.08253;0.0699569;6.99569
9606;0.000187989;6.08253;0.0699569;6.99569
9607;0.000187989;6.08253;0.0699569;6.99569
9608;0.000187989;6.08253;0.0699569;6.99569
9609;0.000187989;6.08253;0.0699569;6.99569
9610;0.000187989;6.08253;0.0699569;6.99569
9611;0.000187989;6.08253;0.0699569;6.99569
9612;0.000187989;6.08253;0.0699569;6.99569
9613;0.000187989;6.08253;0.0699569;6.99569
9614;0.000187989;6.08253;0.0699569;6.99569
9615;0.000187989;6.08253;0.0699569;6.99569
9616;0.000187989;6.08253;0.0699569;6.99569
9617;0.000187989;6.08253;0.0699569;6.99569
9618;0.000187989;6.08253;0.0699569;6.99569
9619;0.000187989;6.08253;0.0699569;6.99569
9620;0.000187989;6.08253;0.0699569;6.99569
9621;0.000187989;6.08253;0.0699569;6.99569
9622;0.000187989;6.08253;0.0699569;6.99569
9623;0.000187989;6.08253;0.0699569;6.99569
9624;0.000187989;6.08253;0.0699569;6.99569
9625;0.000187989;6.08253;0.0699569;6.99569
9626;0.000187989;6.08253;0.0699569;6.99569
9627;0.000187989;6.08253;0.0699569;6.99569
9628;0.000187989;6.08253;0.0699569;6.99569
9629;0.000187989;6.08253;0.0699569;6.99569
9630;0.000187989;6.08253;0.0699569;6.99569
9631;0.000187989;6.08253;0.0699569;6.99569
9632;0.000187989;6.08253;0.0699569;6.99569
9633;0.000187989;6.08253;0.0699569;6.99569
9634;0.000187989;6.08253;0.0699569;6.99569
9635;0.000187989;6.08253;0.0699569;6.99569
9636;0.000187989;6.08253;0.0699569;6.99569
9637;0.000187989;6.08253;0.0699569;6.99569
9638;0.000187989;6.08253;0.0699569;6.99569
9639;0.000187989;6.08253;0.0699569;6.99569
9640;0.000187989;6.08253;0.0699569;6.99569
9641;0.000187989;6.08253;0.0699569;6.99569
9642;0.000187989;6.08253;0.0699569;6.99569
9643;0.000187989;6.08253;0.0699569;6.99569
9644;0.000187989;6.08253;0.0699569;6.99569
9645;0.000187989;6.08253;0.0699569;6.99569
9646;0.000187989;6.08253;0.0699569;6.99569
9647;0.000187989;6.08253;0.0699569;6.99569
9648;0.000187989;6.08253;0.0699569;6.99569
9649;0.000187989;6.08253;0.0699569;6.99569
9650;0.000187989;6.08253;0.0699569;6.99569
9651;0.000187989;6.08253;0.0699569;6.99569
9652;0.000187989;6.08253;0.0699569;6.99569
9653;0.000187989;6.08253;0.0699569;6.99569
9654;0.000187989;6.08253;0.0699569;6.99569
9655;0.000187989;6.08253;0.0699569;6.99569
9656;0.000187989;6.08253;0.0699569;6.99569
9657;0.000187989;6.08253;0.0699569;6.99569
9658;0.000187989;6.08253;0.0699569;6.99569
9659;0.000187989;6.08253;0.0699569;6.99569
9660;0.000187989;6.08253;0.0699569;6.99569
9661;0.000187989;6.08253;0.0699569;6.99569
9662;0.000187989;6.08253;0.0699569;6.99569
9663;0.000187989;6.08253;0.0699569;6.99569
9664;0.000187989;6.08253;0.0699569;6.99569
9665;0.000187989;6.08253;0.0699569;6.99569
9666;0.000187989;6.08253;0.0699569;6.99569
9667;0.000187989;6.08253;0.0699569;6.99569
9668;0.000187989;6.08253;0.0699569;6.99569
9669;0.000187989;6.08253;0.0699569;6.99569
9670;0.000187989;6.08253;0.0699569;6.99569
9671;0.000187989;6.08253;0.0699569;6.99569
9672;0.000187989;6.08253;0.0699569;6.99569
9673;0.000187989;6.08253;0.0699569;6.99569
9674;0.000187989;6.08253;0.0699569;6.99569
9675;0.000187989;6.08253;0.0699569;6.99569
9676;0.000187989;6.08253;0.0699569;6.99569
9677;0.000187989;6.08253;0.0699569;6.99569
9678;0.000187989;6.08253;0.0699569;6.99569
9679;0.000187989;6.08253;0.0699569;6.99569
9680;0.000187989;6.08253;0.0699569;6.99569
9681;0.000187989;6.08253;0.0699569;6.99569
9682;0.000187989;6.08253;0.0699569;6.99569
9683;0.000187989;6.08253;0.0699569;6.99569
9684;0.000187989;6.08253;0.0699569;6.99569
9685;0.000187989;6.08253;0.0699569;6.99569
9686;0.000187989;6.08253;0.0699569;6.99569
9687;0.000187989;6.08253;0.0699569;6.99569
9688;0.000187989;6.08253;0.0699569;6.99569
9689;0.000187989;6.08253;0.0699569;6.99569
9690;0.000187989;6.08253;0.0699569;6.99569
9691;0.000187989;6.08253;0.0699569;6.99569
9692;0.000187989;6.08253;0.0699569;6.99569
9693;0.000187989;6.08253;0.0699569;6.99569
9694;0.000187989;6.08253;0.0699569;6.99569
9695;0.000187989;6.08253;0.0699569;6.99569
9696;0.000187989;6.08253;0.0699569;6.99569
9697;0.000187989;6.08253;0.0699569;6.99569
9698;0.000187989;6.08253;0.0699569;6.99569
9699;0.000187989;6.08253;0.0699569;6.99569
9700;0.000187989;6.08253;0.0699569;6.99569
9701;0.000187989;6.08253;0.0699569;6.99569
9702;0.000187989;6.08253;0.0699569;6.99569
9703;0.000187989;6.08253;0.0699569;6.99569
9704;0.000187989;6.08253;0.0699569;6.99569
9705;0.000187989;6.08253;0.0699569;6.99569
9706;0.000187989;6.08253;0.0699569;6.99569
9707;0.000187989;6.08253;0.0699569;6.99569
9708;0.000187989;6.08253;0.0699569;6.99569
9709;0.000187989;6.08253;0.0699569;6.99569
9710;0.000187989;6.08253;0.0699569;6.99569
9711;0.000187989;6.08253;0.0699569;6.99569
9712;0.000187989;6.08253;0.0699569;6.99569
9713;0.000187989;6.08253;0.0699569;6.99569
9714;0.000187989;6.08253;0.0699569;6.99569
9715;0.000187989;6.08253;0.0699569;6.99569
9716;0.000187989;6.08253;0.0699569;6.99569
9717;0.000187989;6.08253;0.0699569;6.99569
9718;0.000187989;6.08253;0.0699569;6.99569
9719;0.000187989;6.08253;0.0699569;6.99569
9720;0.000187989;6.08253;0.0699569;6.99569
9721;0.000187989;6.08253;0.0699569;6.99569
9722;0.000187989;6.08253;0.0699569;6.99569
9723;0.000187989;6.08253;0.0699569;6.99569
9724;0.000187989;6.08253;0.0699569;6.99569
9725;0.000187989;6.08253;0.0699569;6.99569
9726;0.000187989;6.08253;0.0699569;6.99569
9727;0.000187989;6.08253;0.0699569;6.99569
9728;0.000187989;6.08253;0.0699569;6.99569
9729;0.000187989;6.08253;0.0699569;6.99569
9730;0.000187989;6.08253;0.0699569;6.99569
9731;0.000187989;6.08253;0.0699569;6.99569
9732;0.000187989;6.08253;0.0699569;6.99569
9733;0.000187989;6.08253;0.0699569;6.99569
9734;0.000187989;6.08253;0.0699569;6.99569
9735;0.000187989;6.08253;0.0699569;6.99569
9736;0.000187989;6.08253;0.0699569;6.99569
9737;0.000187989;6.08253;0.0699569;6.99569
9738;0.000187989;6.08253;0.0699569;6.99569
9739;0.000187989;6.08253;0.0699569;6.99569
9740;0.000187989;6.08253;0.0699569;6.99569
9741;0.000187989;6.08253;0.0699569;6.99569
9742;0.000187989;6.08253;0.0699569;6.99569
9743;0.000187989;6.08253;0.0699569;6.99569
9744;0.000187989;6.08253;0.0699569;6.99569
9745;0.000187989;6.08253;0.0699569;6.99569
9746;0.000187989;6.08253;0.0699569;6.99569
9747;0.000187989;6.08253;0.0699569;6.99569
9748;0.000187989;6.08253;0.0699569;6.99569
9749;0.000187989;6.08253;0.0699569;6.99569
9750;0.000187989;6.08253;0.0699569;6.99569
9751;0.000187989;6.08253;0.0699569;6.99569
9752;0.000187989;6.08253;0.0699569;6.99569
9753;0.000187989;6.08253;0.0699569;6.99569
9754;0.000187989;6.08253;0.0699569;6.99569
9755;0.000187989;6.08253;0.0699569;6.99569
9756;0.000187989;6.08253;0.0699569;6.99569
9757;0.000187989;6.08253;0.0699569;6.99569
9758;0.000187989;6.08253;0.0699569;6.99569
9759;0.000187989;6.08253;0.0699569;6.99569
9760;0.000187989;6.08253;0.0699569;6.99569
9761;0.000187989;6.08253;0.0699569;6.99569
9762;0.000187989;6.08253;0.0699569;6.99569
9763;0.000187989;6.08253;0.0699569;6.99569
9764;0.000187989;6.08253;0.0699569;6.99569
9765;0.000187989;6.08253;0.0699569;6.99569
9766;0.000187989;6.08253;0.0699569;6.99569
9767;0.000187989;6.08253;0.0699569;6.99569
9768;0.000187989;6.08253;0.0699569;6.99569
9769;0.000187989;6.08253;0.0699569;6.99569
9770;0.000187989;6.08253;0.0699569;6.99569
9771;0.000187989;6.08253;0.0699569;6.99569
9772;0.000187989;6.08253;0.0699569;6.99569
9773;0.000187989;6.08253;0.0699569;6.99569
9774;0.000187989;6.08253;0.0699569;6.99569
9775;0.000187989;6.08253;0.0699569;6.99569
9776;0.000187989;6.08253;0.0699569;6.99569
9777;0.000187989;6.08253;0.0699569;6.99569
9778;0.000187989;6.08253;0.0699569;6.99569
9779;0.000187989;6.08253;0.0699569;6.99569
9780;0.000187989;6.08253;0.0699569;6.99569
9781;0.000187989;6.08253;0.0699569;6.99569
9782;0.000187989;6.08253;0.0699569;6.99569
9783;0.000187989;6.08253;0.0699569;6.99569
9784;0.000187989;6.08253;0.0699569;6.99569
9785;0.000187989;6.08253;0.0699569;6.99569
9786;0.000187989;6.08253;0.0699569;6.99569
9787;0.000187989;6.08253;0.0699569;6.99569
9788;0.000187989;6.08253;0.0699569;6.99569
9789;0.000187989;6.08253;0.0699569;6.99569
9790;0.000187989;6.08253;0.0699569;6.99569
9791;0.000187989;6.08253;0.0699569;6.99569
9792;0.000187989;6.08253;0.0699569;6.99569
9793;0.000187989;6.08253;0.0699569;6.99569
9794;0.000187989;6.08253;0.0699569;6.99569
9795;0.000187989;6.08253;0.0699569;6.99569
9796;0.000187989;6.08253;0.0699569;6.99569
9797;0.000187989;6.08253;0.0699569;6.99569
9798;0.000187989;6.08253;0.0699569;6.99569
9799;0.000187989;6.08253;0.0699569;6.99569
9800;0.000187989;6.08253;0.0699569;6.99569
9801;0.000187989;6.08253;0.0699569;6.99569
9802;0.000187989;6.08253;0.0699569;6.99569
9803;0.000187989;6.08253;0.0699569;6.99569
9804;0.000187989;6.08253;0.0699569;6.99569
9805;0.000187989;6.08253;0.0699569;6.99569
9806;0.000187989;6.08253;0.0699569;6.99569
9807;0.000187989;6.08253;0.0699569;6.99569
9808;0.000187989;6.08253;0.0699569;6.99569
9809;0.000187989;6.08253;0.0699569;6.99569
9810;0.000187989;6.08253;0.0699569;6.99569
9811;0.000187989;6.08253;0.0699569;6.99569
9812;0.000187989;6.08253;0.0699569;6.99569
9813;0.000187989;6.08253;0.0699569;6.99569
9814;0.000187989;6.08253;0.0699569;6.99569
9815;0.000187989;6.08253;0.0699569;6.99569
9816;0.000187989;6.08253;0.0699569;6.99569
9817;0.000187989;6.08253;0.0699569;6.99569
9818;0.000187989;6.08253;0.0699569;6.99569
9819;0.000187989;6.08253;0.0699569;6.99569
9820;0.000187989;6.08253;0.0699569;6.99569
9821;0.000187989;6.08253;0.0699569;6.99569
9822;0.000187989;6.08253;0.0699569;6.99569
9823;0.000187989;6.08253;0.0699569;6.99569
9824;0.000187989;6.08253;0.0699569;6.99569
9825;0.000187989;6.08253;0.0699569;6.99569
9826;0.000187989;6.08253;0.0699569;6.99569
9827;0.000187989;6.08253;0.0699569;6.99569
9828;0.000187989;6.08253;0.0699569;6.99569
9829;0.000187989;6.08253;0.0699569;6.99569
9830;0.000187989;6.08253;0.0699569;6.99569
9831;0.000187989;6.08253;0.0699569;6.99569
9832;0.000187989;6.08253;0.0699569;6.99569
9833;0.000187989;6.08253;0.0699569;6.99569
9834;0.000187989;6.08253;0.0699569;6.99569
9835;0.000187989;6.08253;0.0699569;6.99569
9836;0.000187989;6.08253;0.0699569;6.99569
9837;0.000187989;6.08253;0.0699569;6.99569
9838;0.000187989;6.08253;0.0699569;6.99569
9839;0.000187989;6.08253;0.0699569;6.99569
9840;0.000187989;6.08253;0.0699569;6.99569
9841;0.000187989;6.08253;0.0699569;6.99569
9842;0.000187989;6.08253;0.0699569;6.99569
9843;0.000187989;6.08253;0.0699569;6.99569
9844;0.000187989;6.08253;0.0699569;6.99569
9845;0.000187989;6.08253;0.0699569;6.99569
9846;0.000187989;6.08253;0.0699569;6.99569
9847;0.000187989;6.08253;0.0699569;6.99569
9848;0.000187989;6.08253;0.0699569;6.99569
9849;0.000187989;6.08253;0.0699569;6.99569
9850;0.000187989;6.08253;0.0699569;6.99569
9851;0.000187989;6.08253;0.0699569;6.99569
9852;0.000187989;6.08253;0.0699569;6.99569
9853;0.000187989;6.08253;0.0699569;6.99569
9854;0.000187989;6.08253;0.0699569;6.99569
9855;0.000187989;6.08253;0.0699569;6.99569
9856;0.000187989;6.08253;0.0699569;6.99569
9857;0.000187989;6.08253;0.0699569;6.99569
9858;0.000187989;6.08253;0.0699569;6.99569
9859;0.000187989;6.08253;0.0699569;6.99569
9860;0.000187989;6.08253;0.0699569;6.99569
9861;0.000187989;6.08253;0.0699569;6.99569
9862;0.000187989;6.08253;0.0699569;6.99569
9863;0.000187989;6.08253;0.0699569;6.99569
9864;0.000187989;6.08253;0.0699569;6.99569
9865;0.000187989;6.08253;0.0699569;6.99569
9866;0.000187989;6.08253;0.0699569;6.99569
9867;0.000187989;6.08253;0.0699569;6.99569
9868;0.000187989;6.08253;0.0699569;6.99569
9869;0.000187989;6.08253;0.0699569;6.99569
9870;0.000187989;6.08253;0.0699569;6.99569
9871;0.000187989;6.08253;0.0699569;6.99569
9872;0.000187989;6.08253;0.0699569;6.99569
9873;0.000187989;6.08253;0.0699569;6.99569
9874;0.000187989;6.08253;0.0699569;6.99569
9875;0.000187989;6.08253;0.0699569;6.99569
9876;0.000187989;6.08253;0.0699569;6.99569
9877;0.000187989;6.08253;0.0699569;6.99569
9878;0.000187989;6.08253;0.0699569;6.99569
9879;0.000187989;6.08253;0.0699569;6.99569
9880;0.000187989;6.08253;0.0699569;6.99569
9881;0.000187989;6.08253;0.0699569;6.99569
9882;0.000187989;6.08253;0.0699569;6.99569
9883;0.000187989;6.08253;0.0699569;6.99569
9884;0.000187989;6.08253;0.0699569;6.99569
9885;0.000187989;6.08253;0.0699569;6.99569
9886;0.000187989;6.08253;0.0699569;6.99569
9887;0.000187989;6.08253;0.0699569;6.99569
9888;0.000187989;6.08253;0.0699569;6.99569
9889;0.000187989;6.08253;0.0699569;6.99569
9890;0.000187989;6.08253;0.0699569;6.99569
9891;0.000187989;6.08253;0.0699569;6.99569
9892;0.000187989;6.08253;0.0699569;6.99569
9893;0.000187989;6.08253;0.0699569;6.99569
9894;0.000187989;6.08253;0.0699569;6.99569
9895;0.000187989;6.08253;0.0699569;6.99569
9896;0.000187989;6.08253;0.0699569;6.99569
9897;0.000187989;6.08253;0.0699569;6.99569
9898;0.000187989;6.08253;0.0699569;6.99569
9899;0.000187989;6.08253;0.0699569;6.99569
9900;0.000187989;6.08253;0.0699569;6.99569
9901;0.000187989;6.08253;0.0699569;6.99569
9902;0.000187989;6.08253;0.0699569;6.99569
9903;0.000187989;6.08253;0.0699569;6.99569
9904;0.000187989;6.08253;0.0699569;6.99569
9905;0.000187989;6.08253;0.0699569;6.99569
9906;0.000187989;6.08253;0.0699569;6.99569
9907;0.000187989;6.08253;0.0699569;6.99569
9908;0.000187989;6.08253;0.0699569;6.99569
9909;0.000187989;6.08253;0.0699569;6.99569
9910;0.000187989;6.08253;0.0699569;6.99569
9911;0.000187989;6.08253;0.0699569;6.99569
9912;0.000187989;6.08253;0.0699569;6.99569
9913;0.000187989;6.08253;0.0699569;6.99569
9914;0.000187989;6.08253;0.0699569;6.99569
9915;0.000187989;6.08253;0.0699569;6.99569
9916;0.000187989;6.08253;0.0699569;6.99569
9917;0.000187989;6.08253;0.0699569;6.99569
9918;0.000187989;6.08253;0.0699569;6.99569
9919;0.000187989;6.08253;0.0699569;6.99569
9920;0.000187989;6.08253;0.0699569;6.99569
9921;0.000187989;6.08253;0.0699569;6.99569
9922;0.000187989;6.08253;0.0699569;6.99569
9923;0.000187989;6.08253;0.0699569;6.99569
9924;0.000187989;6.08253;0.0699569;6.99569
9925;0.000187989;6.08253;0.0699569;6.99569
9926;0.000187989;6.08253;0.0699569;6.99569
9927;0.000187989;6.08253;0.0699569;6.99569
9928;0.000187989;6.08253;0.0699569;6.99569
9929;0.000187989;6.08253;0.0699569;6.99569
9930;0.000187989;6.08253;0.0699569;6.99569
9931;0.000187989;6.08253;0.0699569;6.99569
9932;0.000187989;6.08253;0.0699569;6.99569
9933;0.000187989;6.08253;0.0699569;6.99569
9934;0.000187989;6.08253;0.0699569;6.99569
9935;0.000187989;6.08253;0.0699569;6.99569
9936;0.000187989;6.08253;0.0699569;6.99569
9937;0.000187989;6.08253;0.0699569;6.99569
9938;0.000187989;6.08253;0.0699569;6.99569
9939;0.000187989;6.08253;0.0699569;6.99569
9940;0.000187989;6.08253;0.0699569;6.99569
9941;0.000187989;6.08253;0.0699569;6.99569
9942;0.000187989;6.08253;0.0699569;6.99569
9943;0.000187989;6.08253;0.0699569;6.99569
9944;0.000187989;6.08253;0.0699569;6.99569
9945;0.000187989;6.08253;0.0699569;6.99569
9946;0.000187989;6.08253;0.0699569;6.99569
9947;0.000187989;6.08253;0.0699569;6.99569
9948;0.000187989;6.08253;0.0699569;6.99569
9949;0.000187989;6.08253;0.0699569;6.99569
9950;0.000187989;6.08253;0.0699569;6.99569
9951;0.000187989;6.08253;0.0699569;6.99569
9952;0.000187989;6.08253;0.0699569;6.99569
9953;0.000187989;6.08253;0.0699569;6.99569
9954;0.000187989;6.08253;0.0699569;6.99569
9955;0.000187989;6.08253;0.0699569;6.99569
9956;0.000187989;6.08253;0.0699569;6.99569
9957;0.000187989;6.08253;0.0699569;6.99569
9958;0.000187989;6.08253;0.0699569;6.99569
9959;0.000187989;6.08253;0.0699569;6.99569
9960;0.000187989;6.08253;0.0699569;6.99569
9961;0.000187989;6.08253;0.0699569;6.99569
9962;0.000187989;6.08253;0.0699569;6.99569
9963;0.000187989;6.08253;0.0699569;6.99569
9964;0.000187989;6.08253;0.0699569;6.99569
9965;0.000187989;6.08253;0.0699569;6.99569
9966;0.000187989;6.08253;0.0699569;6.99569
9967;0.000187989;6.08253;0.0699569;6.99569
9968;0.000187989;6.08253;0.0699569;6.99569
9969;0.000187989;6.08253;0.0699569;6.99569
9970;0.000187989;6.08253;0.0699569;6.99569
9971;0.000187989;6.08253;0.0699569;6.99569
9972;0.000187989;6.08253;0.0699569;6.99569
9973;0.000187989;6.08253;0.0699569;6.99569
9974;0.000187989;6.08253;0.0699569;6.99569
9975;0.000187989;6.08253;0.0699569;6.99569
9976;0.000187989;6.08253;0.0699569;6.99569
9977;0.000187989;6.08253;0.0699569;6.99569
9978;0.000187989;6.08253;0.0699569;6.99569
9979;0.000187989;6.08253;0.0699569;6.99569
9980;0.000187989;6.08253;0.0699569;6.99569
9981;0.000187989;6.08253;0.0699569;6.99569
9982;0.000187989;6.08253;0.0699569;6.99569
9983;0.000187989;6.08253;0.0699569;6.99569
9984;0.000187989;6.08253;0.0699569;6.99569
9985;0.000187989;6.08253;0.0699569;6.99569
9986;0.000187989;6.08253;0.0699569;6.99569
9987;0.000187989;6.08253;0.0699569;6.99569
9988;0.000187989;6.08253;0.0699569;6.99569
9989;0.000187989;6.08253;0.0699569;6.99569
9990;0.000187989;6.08253;0.0699569;6.99569
9991;0.000187989;6.08253;0.0699569;6.99569
9992;0.000187989;6.08253;0.0699569;6.99569
9993;0.000187989;6.08253;0.0699569;6.99569
9994;0.000187989;6.08253;0.0699569;6.99569
9995;0.000187989;6.08253;0.0699569;6.99569
9996;0.000187989;6.08253;0.0699569;6.99569
9997;0.000187989;6.08253;0.0699569;6.99569
9998;0.000187989;6.08253;0.0699569;6.99569
9999;0.000187989;6.08253;0.0699569;6.99569
