Epoch;ErrorScore;w1;w2;w3;w4;b1;b2;b3;b4
0;49.7332;-0.99282;-0.288997;1.00718;-0.288997;0.000140793;0.703963;0.00703963;0.00703963
1;38.7648;-0.986483;0.338428;1.01352;0.338428;0.000265035;1.32518;0.0132518;0.0132518
2;30.1725;-0.980896;0.891627;1.0191;0.891627;0.00037458;1.8729;0.018729;0.018729
3;23.6468;-0.975955;1.38097;1.02405;1.38097;0.00047148;2.3574;0.023574;0.023574
4;18.72;-0.971562;1.81592;1.02844;1.81592;0.000557609;2.78804;0.0278804;0.0278804
5;14.9609;-0.96764;2.20427;1.03236;2.20427;0.000634509;3.17255;0.0317255;0.0317255
6;12.0479;-0.964126;2.55223;1.03587;2.55223;0.000703412;3.51706;0.0351706;0.0351706
7;9.7584;-0.960969;2.86479;1.03903;2.86479;0.000765305;3.82653;0.0382653;0.0382653
8;7.93901;-0.958129;3.14606;1.04187;3.14606;0.000821002;4.10501;0.0410501;0.0410501
9;6.48169;-0.95557;3.39949;1.04443;3.39949;0.000871186;4.35593;0.0435593;0.0435593
10;5.30785;-0.953261;3.62803;1.04674;3.62803;0.000916442;4.58221;0.0458221;0.0458221
11;4.35868;-0.951179;3.83426;1.04882;3.83426;0.000957279;4.7864;0.047864;0.047864
12;3.58908;-0.949299;4.02044;1.0507;4.02044;0.000994147;4.97073;0.0497073;0.0497073
13;2.96389;-0.947601;4.18858;1.0524;4.18858;0.00102744;5.1372;0.051372;0.051372
14;2.45529;-0.946067;4.34046;1.05393;4.34046;0.00105752;5.28758;0.0528758;0.0528758
15;2.04115;-0.944681;4.47768;1.05532;4.47768;0.00108469;5.42344;0.0542344;0.0542344
16;1.70367;-0.943429;4.60167;1.05657;4.60167;0.00110924;5.54621;0.0554621;0.0554621
17;1.42853;-0.942297;4.71372;1.0577;4.71372;0.00113143;5.65715;0.0565715;0.0565715
18;1.2041;-0.941274;4.815;1.05873;4.815;0.00115149;5.75743;0.0575743;0.0575743
19;1.02101;-0.94035;4.90654;1.05965;4.90654;0.00116961;5.84806;0.0584806;0.0584806
20;0.871592;-0.939514;4.98928;1.06049;4.98928;0.001186;5.92998;0.0592998;0.0592998
21;0.749646;-0.938759;5.06408;1.06124;5.06408;0.00120081;6.00404;0.0600404;0.0600404
22;0.65011;-0.938076;5.1317;1.06192;5.1317;0.0012142;6.07099;0.0607099;0.0607099
23;0.568861;-0.937459;5.19282;1.06254;5.19282;0.0012263;6.13151;0.0613151;0.0613151
24;0.502537;-0.936901;5.24808;1.0631;5.24808;0.00123724;6.18622;0.0618622;0.0618622
25;0.448397;-0.936396;5.29805;1.0636;5.29805;0.00124714;6.23569;0.0623569;0.0623569
26;0.404205;-0.93594;5.34321;1.06406;5.34321;0.00125608;6.28041;0.0628041;0.0628041
27;0.368134;-0.935527;5.38405;1.06447;5.38405;0.00126417;6.32084;0.0632084;0.0632084
28;0.338694;-0.935155;5.42097;1.06485;5.42097;0.00127148;6.3574;0.063574;0.063574
29;0.314669;-0.934817;5.45436;1.06518;5.45436;0.00127809;6.39045;0.0639045;0.0639045
30;0.295066;-0.934513;5.48454;1.06549;5.48454;0.00128407;6.42034;0.0642034;0.0642034
31;0.279072;-0.934237;5.51183;1.06576;5.51183;0.00128947;6.44735;0.0644735;0.0644735
32;0.266027;-0.933988;5.5365;1.06601;5.5365;0.00129436;6.47178;0.0647178;0.0647178
33;0.255387;-0.933762;5.55881;1.06624;5.55881;0.00129877;6.49387;0.0649387;0.0649387
34;0.246713;-0.933559;5.57898;1.06644;5.57898;0.00130277;6.51384;0.0651384;0.0651384
35;0.239642;-0.933375;5.59722;1.06663;5.59722;0.00130638;6.5319;0.065319;0.065319
36;0.233879;-0.933208;5.61371;1.06679;5.61371;0.00130965;6.54823;0.0654823;0.0654823
37;0.229186;-0.933057;5.62862;1.06694;5.62862;0.0013126;6.56299;0.0656299;0.0656299
38;0.225363;-0.932921;5.64211;1.06708;5.64211;0.00131527;6.57634;0.0657634;0.0657634
39;0.222252;-0.932798;5.6543;1.0672;5.6543;0.00131768;6.58841;0.0658841;0.0658841
40;0.219721;-0.932687;5.66532;1.06731;5.66532;0.00131986;6.59932;0.0659932;0.0659932
41;0.217663;-0.932586;5.67528;1.06741;5.67528;0.00132184;6.60919;0.0660919;0.0660919
42;0.21599;-0.932495;5.6843;1.0675;5.6843;0.00132362;6.61811;0.0661811;0.0661811
43;0.214631;-0.932413;5.69244;1.06759;5.69244;0.00132524;6.62618;0.0662618;0.0662618
44;0.213529;-0.932339;5.69981;1.06766;5.69981;0.0013267;6.63348;0.0663348;0.0663348
45;0.212635;-0.932271;5.70647;1.06773;5.70647;0.00132801;6.64007;0.0664007;0.0664007
46;0.211911;-0.93221;5.7125;1.06779;5.7125;0.00132921;6.64604;0.0664604;0.0664604
47;0.211325;-0.932155;5.71794;1.06784;5.71794;0.00133029;6.65143;0.0665143;0.0665143
48;0.210852;-0.932106;5.72287;1.06789;5.72287;0.00133126;6.65631;0.0665631;0.0665631
49;0.21047;-0.932061;5.72732;1.06794;5.72732;0.00133214;6.66072;0.0666072;0.0666072
50;0.210162;-0.93202;5.73135;1.06798;5.73135;0.00133294;6.6647;0.066647;0.066647
51;0.209914;-0.931983;5.73499;1.06802;5.73499;0.00133366;6.66831;0.0666831;0.0666831
52;0.209715;-0.93195;5.73828;1.06805;5.73828;0.00133431;6.67157;0.0667157;0.0667157
53;0.209556;-0.93192;5.74126;1.06808;5.74126;0.0013349;6.67451;0.0667451;0.0667451
54;0.209429;-0.931893;5.74395;1.06811;5.74395;0.00133544;6.67718;0.0667718;0.0667718
55;0.209328;-0.931868;5.74638;1.06813;5.74638;0.00133592;6.67959;0.0667959;0.0667959
56;0.209247;-0.931846;5.74859;1.06815;5.74859;0.00133635;6.68177;0.0668177;0.0668177
57;0.209184;-0.931826;5.75057;1.06817;5.75057;0.00133675;6.68374;0.0668374;0.0668374
58;0.209134;-0.931808;5.75237;1.06819;5.75237;0.0013371;6.68552;0.0668552;0.0668552
59;0.209095;-0.931791;5.754;1.06821;5.754;0.00133743;6.68713;0.0668713;0.0668713
60;0.209065;-0.931776;5.75547;1.06822;5.75547;0.00133772;6.68859;0.0668859;0.0668859
61;0.209041;-0.931763;5.7568;1.06824;5.7568;0.00133798;6.6899;0.066899;0.066899
62;0.209024;-0.931751;5.75801;1.06825;5.75801;0.00133822;6.69109;0.0669109;0.0669109
63;0.209011;-0.93174;5.75909;1.06826;5.75909;0.00133843;6.69217;0.0669217;0.0669217
64;0.209001;-0.93173;5.76008;1.06827;5.76008;0.00133863;6.69314;0.0669314;0.0669314
65;0.208994;-0.931721;5.76097;1.06828;5.76097;0.00133881;6.69403;0.0669403;0.0669403
66;0.208989;-0.931713;5.76177;1.06829;5.76177;0.00133896;6.69482;0.0669482;0.0669482
67;0.208986;-0.931705;5.7625;1.06829;5.7625;0.00133911;6.69554;0.0669554;0.0669554
68;0.208984;-0.931699;5.76315;1.0683;5.76315;0.00133924;6.69619;0.0669619;0.0669619
69;0.208984;-0.931693;5.76375;1.06831;5.76375;0.00133936;6.69678;0.0669678;0.0669678
70;0.208983;-0.931687;5.76429;1.06831;5.76429;0.00133946;6.69731;0.0669731;0.0669731
71;0.208984;-0.931683;5.76477;1.06832;5.76477;0.00133956;6.69779;0.0669779;0.0669779
72;0.208985;-0.931678;5.76521;1.06832;5.76521;0.00133965;6.69823;0.0669823;0.0669823
73;0.208986;-0.931674;5.76561;1.06833;5.76561;0.00133972;6.69862;0.0669862;0.0669862
74;0.208987;-0.93167;5.76597;1.06833;5.76597;0.0013398;6.69898;0.0669898;0.0669898
75;0.208989;-0.931667;5.76629;1.06833;5.76629;0.00133986;6.6993;0.066993;0.066993
76;0.20899;-0.931664;5.76659;1.06834;5.76659;0.00133992;6.69959;0.0669959;0.0669959
77;0.208992;-0.931661;5.76685;1.06834;5.76685;0.00133997;6.69985;0.0669985;0.0669985
78;0.208994;-0.931659;5.76709;1.06834;5.76709;0.00134002;6.70009;0.0670009;0.0670009
79;0.208995;-0.931657;5.76731;1.06834;5.76731;0.00134006;6.70031;0.0670031;0.0670031
80;0.208996;-0.931655;5.76751;1.06835;5.76751;0.0013401;6.7005;0.067005;0.067005
81;0.208998;-0.931653;5.76768;1.06835;5.76768;0.00134014;6.70068;0.0670068;0.0670068
82;0.208999;-0.931651;5.76784;1.06835;5.76784;0.00134017;6.70084;0.0670084;0.0670084
83;0.209;-0.93165;5.76799;1.06835;5.76799;0.0013402;6.70098;0.0670098;0.0670098
84;0.209002;-0.931649;5.76812;1.06835;5.76812;0.00134022;6.70111;0.0670111;0.0670111
85;0.209003;-0.931647;5.76824;1.06835;5.76824;0.00134025;6.70123;0.0670123;0.0670123
86;0.209004;-0.931646;5.76835;1.06835;5.76835;0.00134027;6.70133;0.0670133;0.0670133
87;0.209005;-0.931645;5.76844;1.06835;5.76844;0.00134029;6.70143;0.0670143;0.0670143
88;0.209005;-0.931645;5.76853;1.06836;5.76853;0.0013403;6.70152;0.0670152;0.0670152
89;0.209006;-0.931644;5.76861;1.06836;5.76861;0.00134032;6.70159;0.0670159;0.0670159
90;0.209007;-0.931643;5.76868;1.06836;5.76868;0.00134033;6.70167;0.0670167;0.0670167
91;0.209008;-0.931642;5.76875;1.06836;5.76875;0.00134035;6.70173;0.0670173;0.0670173
92;0.209008;-0.931642;5.76881;1.06836;5.76881;0.00134036;6.70179;0.0670179;0.0670179
93;0.209009;-0.931641;5.76886;1.06836;5.76886;0.00134037;6.70184;0.0670184;0.0670184
94;0.209009;-0.931641;5.76891;1.06836;5.76891;0.00134038;6.70189;0.0670189;0.0670189
95;0.20901;-0.93164;5.76895;1.06836;5.76895;0.00134039;6.70193;0.0670193;0.0670193
96;0.20901;-0.93164;5.76899;1.06836;5.76899;0.00134039;6.70197;0.0670197;0.0670197
97;0.209011;-0.93164;5.76903;1.06836;5.76903;0.0013404;6.70201;0.0670201;0.0670201
98;0.209011;-0.931639;5.76906;1.06836;5.76906;0.00134041;6.70204;0.0670204;0.0670204
99;0.209011;-0.931639;5.76909;1.06836;5.76909;0.00134041;6.70207;0.0670207;0.0670207
100;0.209011;-0.931639;5.76911;1.06836;5.76911;0.00134042;6.70209;0.0670209;0.0670209
101;0.209012;-0.931638;5.76914;1.06836;5.76914;0.00134042;6.70211;0.0670211;0.0670211
102;0.209012;-0.931638;5.76916;1.06836;5.76916;0.00134043;6.70214;0.0670214;0.0670214
103;0.209012;-0.931638;5.76918;1.06836;5.76918;0.00134043;6.70216;0.0670216;0.0670216
104;0.209012;-0.931638;5.76919;1.06836;5.76919;0.00134043;6.70217;0.0670217;0.0670217
105;0.209013;-0.931638;5.76921;1.06836;5.76921;0.00134044;6.70219;0.0670219;0.0670219
106;0.209013;-0.931638;5.76922;1.06836;5.76922;0.00134044;6.7022;0.067022;0.067022
107;0.209013;-0.931637;5.76924;1.06836;5.76924;0.00134044;6.70222;0.0670222;0.0670222
108;0.209013;-0.931637;5.76925;1.06836;5.76925;0.00134045;6.70223;0.0670223;0.0670223
109;0.209013;-0.931637;5.76926;1.06836;5.76926;0.00134045;6.70224;0.0670224;0.0670224
110;0.209013;-0.931637;5.76927;1.06836;5.76927;0.00134045;6.70225;0.0670225;0.0670225
111;0.209013;-0.931637;5.76928;1.06836;5.76928;0.00134045;6.70226;0.0670226;0.0670226
112;0.209013;-0.931637;5.76929;1.06836;5.76929;0.00134045;6.70226;0.0670226;0.0670226
113;0.209014;-0.931637;5.76929;1.06836;5.76929;0.00134045;6.70227;0.0670227;0.0670227
114;0.209014;-0.931637;5.7693;1.06836;5.7693;0.00134046;6.70228;0.0670228;0.0670228
115;0.209014;-0.931637;5.76931;1.06836;5.76931;0.00134046;6.70228;0.0670228;0.0670228
116;0.209014;-0.931637;5.76931;1.06836;5.76931;0.00134046;6.70229;0.0670229;0.0670229
117;0.209014;-0.931637;5.76932;1.06836;5.76932;0.00134046;6.70229;0.0670229;0.0670229
118;0.209014;-0.931637;5.76932;1.06836;5.76932;0.00134046;6.7023;0.067023;0.067023
119;0.209014;-0.931637;5.76932;1.06836;5.76932;0.00134046;6.7023;0.067023;0.067023
120;0.209014;-0.931637;5.76933;1.06836;5.76933;0.00134046;6.7023;0.067023;0.067023
121;0.209014;-0.931636;5.76933;1.06836;5.76933;0.00134046;6.70231;0.0670231;0.0670231
122;0.209014;-0.931636;5.76933;1.06836;5.76933;0.00134046;6.70231;0.0670231;0.0670231
123;0.209014;-0.931636;5.76934;1.06836;5.76934;0.00134046;6.70231;0.0670231;0.0670231
124;0.209014;-0.931636;5.76934;1.06836;5.76934;0.00134046;6.70231;0.0670231;0.0670231
125;0.209014;-0.931636;5.76934;1.06836;5.76934;0.00134046;6.70232;0.0670232;0.0670232
126;0.209014;-0.931636;5.76934;1.06836;5.76934;0.00134046;6.70232;0.0670232;0.0670232
127;0.209014;-0.931636;5.76934;1.06836;5.76934;0.00134046;6.70232;0.0670232;0.0670232
128;0.209014;-0.931636;5.76935;1.06836;5.76935;0.00134046;6.70232;0.0670232;0.0670232
129;0.209014;-0.931636;5.76935;1.06836;5.76935;0.00134046;6.70232;0.0670232;0.0670232
130;0.209014;-0.931636;5.76935;1.06836;5.76935;0.00134046;6.70232;0.0670232;0.0670232
131;0.209014;-0.931636;5.76935;1.06836;5.76935;0.00134047;6.70233;0.0670233;0.0670233
132;0.209014;-0.931636;5.76935;1.06836;5.76935;0.00134047;6.70233;0.0670233;0.0670233
133;0.209014;-0.931636;5.76935;1.06836;5.76935;0.00134047;6.70233;0.0670233;0.0670233
134;0.209014;-0.931636;5.76935;1.06836;5.76935;0.00134047;6.70233;0.0670233;0.0670233
135;0.209014;-0.931636;5.76935;1.06836;5.76935;0.00134047;6.70233;0.0670233;0.0670233
136;0.209014;-0.931636;5.76935;1.06836;5.76935;0.00134047;6.70233;0.0670233;0.0670233
137;0.209014;-0.931636;5.76935;1.06836;5.76935;0.00134047;6.70233;0.0670233;0.0670233
138;0.209014;-0.931636;5.76935;1.06836;5.76935;0.00134047;6.70233;0.0670233;0.0670233
139;0.209014;-0.931636;5.76935;1.06836;5.76935;0.00134047;6.70233;0.0670233;0.0670233
140;0.209014;-0.931636;5.76936;1.06836;5.76936;0.00134047;6.70233;0.0670233;0.0670233
141;0.209014;-0.931636;5.76936;1.06836;5.76936;0.00134047;6.70233;0.0670233;0.0670233
142;0.209014;-0.931636;5.76936;1.06836;5.76936;0.00134047;6.70233;0.0670233;0.0670233
143;0.209014;-0.931636;5.76936;1.06836;5.76936;0.00134047;6.70233;0.0670233;0.0670233
144;0.209014;-0.931636;5.76936;1.06836;5.76936;0.00134047;6.70233;0.0670233;0.0670233
145;0.209014;-0.931636;5.76936;1.06836;5.76936;0.00134047;6.70233;0.0670233;0.0670233
146;0.209014;-0.931636;5.76936;1.06836;5.76936;0.00134047;6.70233;0.0670233;0.0670233
147;0.209014;-0.931636;5.76936;1.06836;5.76936;0.00134047;6.70233;0.0670233;0.0670233
148;0.209014;-0.931636;5.76936;1.06836;5.76936;0.00134047;6.70233;0.0670233;0.0670233
149;0.209014;-0.931636;5.76936;1.06836;5.76936;0.00134047;6.70233;0.0670233;0.0670233
150;0.209014;-0.931636;5.76936;1.06836;5.76936;0.00134047;6.70233;0.0670233;0.0670233
151;0.209014;-0.931636;5.76936;1.06836;5.76936;0.00134047;6.70234;0.0670234;0.0670234
152;0.209014;-0.931636;5.76936;1.06836;5.76936;0.00134047;6.70234;0.0670234;0.0670234
153;0.209014;-0.931636;5.76936;1.06836;5.76936;0.00134047;6.70234;0.0670234;0.0670234
154;0.209014;-0.931636;5.76936;1.06836;5.76936;0.00134047;6.70234;0.0670234;0.0670234
155;0.209014;-0.931636;5.76936;1.06836;5.76936;0.00134047;6.70234;0.0670234;0.0670234
156;0.209014;-0.931636;5.76936;1.06836;5.76936;0.00134047;6.70234;0.0670234;0.0670234
157;0.209014;-0.931636;5.76936;1.06836;5.76936;0.00134047;6.70234;0.0670234;0.0670234
158;0.209014;-0.931636;5.76936;1.06836;5.76936;0.00134047;6.70234;0.0670234;0.0670234
159;0.209014;-0.931636;5.76936;1.06836;5.76936;0.00134047;6.70234;0.0670234;0.0670234
160;0.209014;-0.931636;5.76936;1.06836;5.76936;0.00134047;6.70234;0.0670234;0.0670234
161;0.209014;-0.931636;5.76936;1.06836;5.76936;0.00134047;6.70234;0.0670234;0.0670234
162;0.209014;-0.931636;5.76936;1.06836;5.76936;0.00134047;6.70234;0.0670234;0.0670234
163;0.209014;-0.931636;5.76936;1.06836;5.76936;0.00134047;6.70234;0.0670234;0.0670234
164;0.209014;-0.931636;5.76936;1.06836;5.76936;0.00134047;6.70234;0.0670234;0.0670234
165;0.209014;-0.931636;5.76936;1.06836;5.76936;0.00134047;6.70234;0.0670234;0.0670234
166;0.209014;-0.931636;5.76936;1.06836;5.76936;0.00134047;6.70234;0.0670234;0.0670234
167;0.209014;-0.931636;5.76936;1.06836;5.76936;0.00134047;6.70234;0.0670234;0.0670234
168;0.209014;-0.931636;5.76936;1.06836;5.76936;0.00134047;6.70234;0.0670234;0.0670234
169;0.209014;-0.931636;5.76936;1.06836;5.76936;0.00134047;6.70234;0.0670234;0.0670234
170;0.209014;-0.931636;5.76936;1.06836;5.76936;0.00134047;6.70234;0.0670234;0.0670234
171;0.209014;-0.931636;5.76936;1.06836;5.76936;0.00134047;6.70234;0.0670234;0.0670234
172;0.209014;-0.931636;5.76936;1.06836;5.76936;0.00134047;6.70234;0.0670234;0.0670234
173;0.209014;-0.931636;5.76936;1.06836;5.76936;0.00134047;6.70234;0.0670234;0.0670234
174;0.209014;-0.931636;5.76936;1.06836;5.76936;0.00134047;6.70234;0.0670234;0.0670234
175;0.209014;-0.931636;5.76936;1.06836;5.76936;0.00134047;6.70234;0.0670234;0.0670234
176;0.209014;-0.931636;5.76936;1.06836;5.76936;0.00134047;6.70234;0.0670234;0.0670234
177;0.209014;-0.931636;5.76936;1.06836;5.76936;0.00134047;6.70234;0.0670234;0.0670234
178;0.209014;-0.931636;5.76936;1.06836;5.76936;0.00134047;6.70234;0.0670234;0.0670234
179;0.209014;-0.931636;5.76936;1.06836;5.76936;0.00134047;6.70234;0.0670234;0.0670234
180;0.209014;-0.931636;5.76936;1.06836;5.76936;0.00134047;6.70234;0.0670234;0.0670234
181;0.209014;-0.931636;5.76936;1.06836;5.76936;0.00134047;6.70234;0.0670234;0.0670234
182;0.209014;-0.931636;5.76936;1.06836;5.76936;0.00134047;6.70234;0.0670234;0.0670234
183;0.209014;-0.931636;5.76936;1.06836;5.76936;0.00134047;6.70234;0.0670234;0.0670234
184;0.209014;-0.931636;5.76936;1.06836;5.76936;0.00134047;6.70234;0.0670234;0.0670234
185;0.209014;-0.931636;5.76936;1.06836;5.76936;0.00134047;6.70234;0.0670234;0.0670234
186;0.209014;-0.931636;5.76936;1.06836;5.76936;0.00134047;6.70234;0.0670234;0.0670234
187;0.209014;-0.931636;5.76936;1.06836;5.76936;0.00134047;6.70234;0.0670234;0.0670234
188;0.209014;-0.931636;5.76936;1.06836;5.76936;0.00134047;6.70234;0.0670234;0.0670234
189;0.209014;-0.931636;5.76936;1.06836;5.76936;0.00134047;6.70234;0.0670234;0.0670234
190;0.209014;-0.931636;5.76936;1.06836;5.76936;0.00134047;6.70234;0.0670234;0.0670234
191;0.209014;-0.931636;5.76936;1.06836;5.76936;0.00134047;6.70234;0.0670234;0.0670234
192;0.209014;-0.931636;5.76936;1.06836;5.76936;0.00134047;6.70234;0.0670234;0.0670234
193;0.209014;-0.931636;5.76936;1.06836;5.76936;0.00134047;6.70234;0.0670234;0.0670234
194;0.209014;-0.931636;5.76936;1.06836;5.76936;0.00134047;6.70234;0.0670234;0.0670234
195;0.209014;-0.931636;5.76936;1.06836;5.76936;0.00134047;6.70234;0.0670234;0.0670234
196;0.209014;-0.931636;5.76936;1.06836;5.76936;0.00134047;6.70234;0.0670234;0.0670234
197;0.209014;-0.931636;5.76936;1.06836;5.76936;0.00134047;6.70234;0.0670234;0.0670234
198;0.209014;-0.931636;5.76936;1.06836;5.76936;0.00134047;6.70234;0.0670234;0.0670234
199;0.209014;-0.931636;5.76936;1.06836;5.76936;0.00134047;6.70234;0.0670234;0.0670234
200;0.209014;-0.931636;5.76936;1.06836;5.76936;0.00134047;6.70234;0.0670234;0.0670234
201;0.209014;-0.931636;5.76936;1.06836;5.76936;0.00134047;6.70234;0.0670234;0.0670234
202;0.209014;-0.931636;5.76936;1.06836;5.76936;0.00134047;6.70234;0.0670234;0.0670234
203;0.209014;-0.931636;5.76936;1.06836;5.76936;0.00134047;6.70234;0.0670234;0.0670234
204;0.209014;-0.931636;5.76936;1.06836;5.76936;0.00134047;6.70234;0.0670234;0.0670234
205;0.209014;-0.931636;5.76936;1.06836;5.76936;0.00134047;6.70234;0.0670234;0.0670234
206;0.209014;-0.931636;5.76936;1.06836;5.76936;0.00134047;6.70234;0.0670234;0.0670234
207;0.209014;-0.931636;5.76936;1.06836;5.76936;0.00134047;6.70234;0.0670234;0.0670234
208;0.209014;-0.931636;5.76936;1.06836;5.76936;0.00134047;6.70234;0.0670234;0.0670234
209;0.209014;-0.931636;5.76936;1.06836;5.76936;0.00134047;6.70234;0.0670234;0.0670234
210;0.209014;-0.931636;5.76936;1.06836;5.76936;0.00134047;6.70234;0.0670234;0.0670234
211;0.209014;-0.931636;5.76936;1.06836;5.76936;0.00134047;6.70234;0.0670234;0.0670234
212;0.209014;-0.931636;5.76936;1.06836;5.76936;0.00134047;6.70234;0.0670234;0.0670234
213;0.209014;-0.931636;5.76936;1.06836;5.76936;0.00134047;6.70234;0.0670234;0.0670234
214;0.209014;-0.931636;5.76936;1.06836;5.76936;0.00134047;6.70234;0.0670234;0.0670234
215;0.209014;-0.931636;5.76936;1.06836;5.76936;0.00134047;6.70234;0.0670234;0.0670234
216;0.209014;-0.931636;5.76936;1.06836;5.76936;0.00134047;6.70234;0.0670234;0.0670234
217;0.209014;-0.931636;5.76936;1.06836;5.76936;0.00134047;6.70234;0.0670234;0.0670234
218;0.209014;-0.931636;5.76936;1.06836;5.76936;0.00134047;6.70234;0.0670234;0.0670234
219;0.209014;-0.931636;5.76936;1.06836;5.76936;0.00134047;6.70234;0.0670234;0.0670234
220;0.209014;-0.931636;5.76936;1.06836;5.76936;0.00134047;6.70234;0.0670234;0.0670234
221;0.209014;-0.931636;5.76936;1.06836;5.76936;0.00134047;6.70234;0.0670234;0.0670234
222;0.209014;-0.931636;5.76936;1.06836;5.76936;0.00134047;6.70234;0.0670234;0.0670234
223;0.209014;-0.931636;5.76936;1.06836;5.76936;0.00134047;6.70234;0.0670234;0.0670234
224;0.209014;-0.931636;5.76936;1.06836;5.76936;0.00134047;6.70234;0.0670234;0.0670234
225;0.209014;-0.931636;5.76936;1.06836;5.76936;0.00134047;6.70234;0.0670234;0.0670234
226;0.209014;-0.931636;5.76936;1.06836;5.76936;0.00134047;6.70234;0.0670234;0.0670234
227;0.209014;-0.931636;5.76936;1.06836;5.76936;0.00134047;6.70234;0.0670234;0.0670234
228;0.209014;-0.931636;5.76936;1.06836;5.76936;0.00134047;6.70234;0.0670234;0.0670234
229;0.209014;-0.931636;5.76936;1.06836;5.76936;0.00134047;6.70234;0.0670234;0.0670234
230;0.209014;-0.931636;5.76936;1.06836;5.76936;0.00134047;6.70234;0.0670234;0.0670234
231;0.209014;-0.931636;5.76936;1.06836;5.76936;0.00134047;6.70234;0.0670234;0.0670234
232;0.209014;-0.931636;5.76936;1.06836;5.76936;0.00134047;6.70234;0.0670234;0.0670234
233;0.209014;-0.931636;5.76936;1.06836;5.76936;0.00134047;6.70234;0.0670234;0.0670234
234;0.209014;-0.931636;5.76936;1.06836;5.76936;0.00134047;6.70234;0.0670234;0.0670234
235;0.209014;-0.931636;5.76936;1.06836;5.76936;0.00134047;6.70234;0.0670234;0.0670234
236;0.209014;-0.931636;5.76936;1.06836;5.76936;0.00134047;6.70234;0.0670234;0.0670234
237;0.209014;-0.931636;5.76936;1.06836;5.76936;0.00134047;6.70234;0.0670234;0.0670234
238;0.209014;-0.931636;5.76936;1.06836;5.76936;0.00134047;6.70234;0.0670234;0.0670234
239;0.209014;-0.931636;5.76936;1.06836;5.76936;0.00134047;6.70234;0.0670234;0.0670234
240;0.209014;-0.931636;5.76936;1.06836;5.76936;0.00134047;6.70234;0.0670234;0.0670234
241;0.209014;-0.931636;5.76936;1.06836;5.76936;0.00134047;6.70234;0.0670234;0.0670234
242;0.209014;-0.931636;5.76936;1.06836;5.76936;0.00134047;6.70234;0.0670234;0.0670234
243;0.209014;-0.931636;5.76936;1.06836;5.76936;0.00134047;6.70234;0.0670234;0.0670234
244;0.209014;-0.931636;5.76936;1.06836;5.76936;0.00134047;6.70234;0.0670234;0.0670234
245;0.209014;-0.931636;5.76936;1.06836;5.76936;0.00134047;6.70234;0.0670234;0.0670234
246;0.209014;-0.931636;5.76936;1.06836;5.76936;0.00134047;6.70234;0.0670234;0.0670234
247;0.209014;-0.931636;5.76936;1.06836;5.76936;0.00134047;6.70234;0.0670234;0.0670234
248;0.209014;-0.931636;5.76936;1.06836;5.76936;0.00134047;6.70234;0.0670234;0.0670234
249;0.209014;-0.931636;5.76936;1.06836;5.76936;0.00134047;6.70234;0.0670234;0.0670234
250;0.209014;-0.931636;5.76936;1.06836;5.76936;0.00134047;6.70234;0.0670234;0.0670234
251;0.209014;-0.931636;5.76936;1.06836;5.76936;0.00134047;6.70234;0.0670234;0.0670234
252;0.209014;-0.931636;5.76936;1.06836;5.76936;0.00134047;6.70234;0.0670234;0.0670234
253;0.209014;-0.931636;5.76936;1.06836;5.76936;0.00134047;6.70234;0.0670234;0.0670234
254;0.209014;-0.931636;5.76936;1.06836;5.76936;0.00134047;6.70234;0.0670234;0.0670234
255;0.209014;-0.931636;5.76936;1.06836;5.76936;0.00134047;6.70234;0.0670234;0.0670234
256;0.209014;-0.931636;5.76936;1.06836;5.76936;0.00134047;6.70234;0.0670234;0.0670234
257;0.209014;-0.931636;5.76936;1.06836;5.76936;0.00134047;6.70234;0.0670234;0.0670234
258;0.209014;-0.931636;5.76936;1.06836;5.76936;0.00134047;6.70234;0.0670234;0.0670234
259;0.209014;-0.931636;5.76936;1.06836;5.76936;0.00134047;6.70234;0.0670234;0.0670234
260;0.209014;-0.931636;5.76936;1.06836;5.76936;0.00134047;6.70234;0.0670234;0.0670234
261;0.209014;-0.931636;5.76936;1.06836;5.76936;0.00134047;6.70234;0.0670234;0.0670234
262;0.209014;-0.931636;5.76936;1.06836;5.76936;0.00134047;6.70234;0.0670234;0.0670234
263;0.209014;-0.931636;5.76936;1.06836;5.76936;0.00134047;6.70234;0.0670234;0.0670234
264;0.209014;-0.931636;5.76936;1.06836;5.76936;0.00134047;6.70234;0.0670234;0.0670234
265;0.209014;-0.931636;5.76936;1.06836;5.76936;0.00134047;6.70234;0.0670234;0.0670234
266;0.209014;-0.931636;5.76936;1.06836;5.76936;0.00134047;6.70234;0.0670234;0.0670234
267;0.209014;-0.931636;5.76936;1.06836;5.76936;0.00134047;6.70234;0.0670234;0.0670234
268;0.209014;-0.931636;5.76936;1.06836;5.76936;0.00134047;6.70234;0.0670234;0.0670234
269;0.209014;-0.931636;5.76936;1.06836;5.76936;0.00134047;6.70234;0.0670234;0.0670234
270;0.209014;-0.931636;5.76936;1.06836;5.76936;0.00134047;6.70234;0.0670234;0.0670234
271;0.209014;-0.931636;5.76936;1.06836;5.76936;0.00134047;6.70234;0.0670234;0.0670234
272;0.209014;-0.931636;5.76936;1.06836;5.76936;0.00134047;6.70234;0.0670234;0.0670234
273;0.209014;-0.931636;5.76936;1.06836;5.76936;0.00134047;6.70234;0.0670234;0.0670234
274;0.209014;-0.931636;5.76936;1.06836;5.76936;0.00134047;6.70234;0.0670234;0.0670234
275;0.209014;-0.931636;5.76936;1.06836;5.76936;0.00134047;6.70234;0.0670234;0.0670234
276;0.209014;-0.931636;5.76936;1.06836;5.76936;0.00134047;6.70234;0.0670234;0.0670234
277;0.209014;-0.931636;5.76936;1.06836;5.76936;0.00134047;6.70234;0.0670234;0.0670234
278;0.209014;-0.931636;5.76936;1.06836;5.76936;0.00134047;6.70234;0.0670234;0.0670234
279;0.209014;-0.931636;5.76936;1.06836;5.76936;0.00134047;6.70234;0.0670234;0.0670234
280;0.209014;-0.931636;5.76936;1.06836;5.76936;0.00134047;6.70234;0.0670234;0.0670234
281;0.209014;-0.931636;5.76936;1.06836;5.76936;0.00134047;6.70234;0.0670234;0.0670234
282;0.209014;-0.931636;5.76936;1.06836;5.76936;0.00134047;6.70234;0.0670234;0.0670234
283;0.209014;-0.931636;5.76936;1.06836;5.76936;0.00134047;6.70234;0.0670234;0.0670234
284;0.209014;-0.931636;5.76936;1.06836;5.76936;0.00134047;6.70234;0.0670234;0.0670234
285;0.209014;-0.931636;5.76936;1.06836;5.76936;0.00134047;6.70234;0.0670234;0.0670234
286;0.209014;-0.931636;5.76936;1.06836;5.76936;0.00134047;6.70234;0.0670234;0.0670234
287;0.209014;-0.931636;5.76936;1.06836;5.76936;0.00134047;6.70234;0.0670234;0.0670234
288;0.209014;-0.931636;5.76936;1.06836;5.76936;0.00134047;6.70234;0.0670234;0.0670234
289;0.209014;-0.931636;5.76936;1.06836;5.76936;0.00134047;6.70234;0.0670234;0.0670234
290;0.209014;-0.931636;5.76936;1.06836;5.76936;0.00134047;6.70234;0.0670234;0.0670234
291;0.209014;-0.931636;5.76936;1.06836;5.76936;0.00134047;6.70234;0.0670234;0.0670234
292;0.209014;-0.931636;5.76936;1.06836;5.76936;0.00134047;6.70234;0.0670234;0.0670234
293;0.209014;-0.931636;5.76936;1.06836;5.76936;0.00134047;6.70234;0.0670234;0.0670234
294;0.209014;-0.931636;5.76936;1.06836;5.76936;0.00134047;6.70234;0.0670234;0.0670234
295;0.209014;-0.931636;5.76936;1.06836;5.76936;0.00134047;6.70234;0.0670234;0.0670234
296;0.209014;-0.931636;5.76936;1.06836;5.76936;0.00134047;6.70234;0.0670234;0.0670234
297;0.209014;-0.931636;5.76936;1.06836;5.76936;0.00134047;6.70234;0.0670234;0.0670234
298;0.209014;-0.931636;5.76936;1.06836;5.76936;0.00134047;6.70234;0.0670234;0.0670234
299;0.209014;-0.931636;5.76936;1.06836;5.76936;0.00134047;6.70234;0.0670234;0.0670234
300;0.209014;-0.931636;5.76936;1.06836;5.76936;0.00134047;6.70234;0.0670234;0.0670234
301;0.209014;-0.931636;5.76936;1.06836;5.76936;0.00134047;6.70234;0.0670234;0.0670234
302;0.209014;-0.931636;5.76936;1.06836;5.76936;0.00134047;6.70234;0.0670234;0.0670234
303;0.209014;-0.931636;5.76936;1.06836;5.76936;0.00134047;6.70234;0.0670234;0.0670234
304;0.209014;-0.931636;5.76936;1.06836;5.76936;0.00134047;6.70234;0.0670234;0.0670234
305;0.209014;-0.931636;5.76936;1.06836;5.76936;0.00134047;6.70234;0.0670234;0.0670234
306;0.209014;-0.931636;5.76936;1.06836;5.76936;0.00134047;6.70234;0.0670234;0.0670234
307;0.209014;-0.931636;5.76936;1.06836;5.76936;0.00134047;6.70234;0.0670234;0.0670234
308;0.209014;-0.931636;5.76936;1.06836;5.76936;0.00134047;6.70234;0.0670234;0.0670234
309;0.209014;-0.931636;5.76936;1.06836;5.76936;0.00134047;6.70234;0.0670234;0.0670234
310;0.209014;-0.931636;5.76936;1.06836;5.76936;0.00134047;6.70234;0.0670234;0.0670234
311;0.209014;-0.931636;5.76936;1.06836;5.76936;0.00134047;6.70234;0.0670234;0.0670234
312;0.209014;-0.931636;5.76936;1.06836;5.76936;0.00134047;6.70234;0.0670234;0.0670234
313;0.209014;-0.931636;5.76936;1.06836;5.76936;0.00134047;6.70234;0.0670234;0.0670234
314;0.209014;-0.931636;5.76936;1.06836;5.76936;0.00134047;6.70234;0.0670234;0.0670234
315;0.209014;-0.931636;5.76936;1.06836;5.76936;0.00134047;6.70234;0.0670234;0.0670234
316;0.209014;-0.931636;5.76936;1.06836;5.76936;0.00134047;6.70234;0.0670234;0.0670234
317;0.209014;-0.931636;5.76936;1.06836;5.76936;0.00134047;6.70234;0.0670234;0.0670234
318;0.209014;-0.931636;5.76936;1.06836;5.76936;0.00134047;6.70234;0.0670234;0.0670234
319;0.209014;-0.931636;5.76936;1.06836;5.76936;0.00134047;6.70234;0.0670234;0.0670234
320;0.209014;-0.931636;5.76936;1.06836;5.76936;0.00134047;6.70234;0.0670234;0.0670234
321;0.209014;-0.931636;5.76936;1.06836;5.76936;0.00134047;6.70234;0.0670234;0.0670234
322;0.209014;-0.931636;5.76936;1.06836;5.76936;0.00134047;6.70234;0.0670234;0.0670234
323;0.209014;-0.931636;5.76936;1.06836;5.76936;0.00134047;6.70234;0.0670234;0.0670234
324;0.209014;-0.931636;5.76936;1.06836;5.76936;0.00134047;6.70234;0.0670234;0.0670234
325;0.209014;-0.931636;5.76936;1.06836;5.76936;0.00134047;6.70234;0.0670234;0.0670234
326;0.209014;-0.931636;5.76936;1.06836;5.76936;0.00134047;6.70234;0.0670234;0.0670234
327;0.209014;-0.931636;5.76936;1.06836;5.76936;0.00134047;6.70234;0.0670234;0.0670234
328;0.209014;-0.931636;5.76936;1.06836;5.76936;0.00134047;6.70234;0.0670234;0.0670234
329;0.209014;-0.931636;5.76936;1.06836;5.76936;0.00134047;6.70234;0.0670234;0.0670234
330;0.209014;-0.931636;5.76936;1.06836;5.76936;0.00134047;6.70234;0.0670234;0.0670234
331;0.209014;-0.931636;5.76936;1.06836;5.76936;0.00134047;6.70234;0.0670234;0.0670234
332;0.209014;-0.931636;5.76936;1.06836;5.76936;0.00134047;6.70234;0.0670234;0.0670234
333;0.209014;-0.931636;5.76936;1.06836;5.76936;0.00134047;6.70234;0.0670234;0.0670234
334;0.209014;-0.931636;5.76936;1.06836;5.76936;0.00134047;6.70234;0.0670234;0.0670234
335;0.209014;-0.931636;5.76936;1.06836;5.76936;0.00134047;6.70234;0.0670234;0.0670234
336;0.209014;-0.931636;5.76936;1.06836;5.76936;0.00134047;6.70234;0.0670234;0.0670234
337;0.209014;-0.931636;5.76936;1.06836;5.76936;0.00134047;6.70234;0.0670234;0.0670234
338;0.209014;-0.931636;5.76936;1.06836;5.76936;0.00134047;6.70234;0.0670234;0.0670234
339;0.209014;-0.931636;5.76936;1.06836;5.76936;0.00134047;6.70234;0.0670234;0.0670234
340;0.209014;-0.931636;5.76936;1.06836;5.76936;0.00134047;6.70234;0.0670234;0.0670234
341;0.209014;-0.931636;5.76936;1.06836;5.76936;0.00134047;6.70234;0.0670234;0.0670234
342;0.209014;-0.931636;5.76936;1.06836;5.76936;0.00134047;6.70234;0.0670234;0.0670234
343;0.209014;-0.931636;5.76936;1.06836;5.76936;0.00134047;6.70234;0.0670234;0.0670234
344;0.209014;-0.931636;5.76936;1.06836;5.76936;0.00134047;6.70234;0.0670234;0.0670234
345;0.209014;-0.931636;5.76936;1.06836;5.76936;0.00134047;6.70234;0.0670234;0.0670234
346;0.209014;-0.931636;5.76936;1.06836;5.76936;0.00134047;6.70234;0.0670234;0.0670234
347;0.209014;-0.931636;5.76936;1.06836;5.76936;0.00134047;6.70234;0.0670234;0.0670234
348;0.209014;-0.931636;5.76936;1.06836;5.76936;0.00134047;6.70234;0.0670234;0.0670234
349;0.209014;-0.931636;5.76936;1.06836;5.76936;0.00134047;6.70234;0.0670234;0.0670234
350;0.209014;-0.931636;5.76936;1.06836;5.76936;0.00134047;6.70234;0.0670234;0.0670234
351;0.209014;-0.931636;5.76936;1.06836;5.76936;0.00134047;6.70234;0.0670234;0.0670234
352;0.209014;-0.931636;5.76936;1.06836;5.76936;0.00134047;6.70234;0.0670234;0.0670234
353;0.209014;-0.931636;5.76936;1.06836;5.76936;0.00134047;6.70234;0.0670234;0.0670234
354;0.209014;-0.931636;5.76936;1.06836;5.76936;0.00134047;6.70234;0.0670234;0.0670234
355;0.209014;-0.931636;5.76936;1.06836;5.76936;0.00134047;6.70234;0.0670234;0.0670234
356;0.209014;-0.931636;5.76936;1.06836;5.76936;0.00134047;6.70234;0.0670234;0.0670234
357;0.209014;-0.931636;5.76936;1.06836;5.76936;0.00134047;6.70234;0.0670234;0.0670234
358;0.209014;-0.931636;5.76936;1.06836;5.76936;0.00134047;6.70234;0.0670234;0.0670234
359;0.209014;-0.931636;5.76936;1.06836;5.76936;0.00134047;6.70234;0.0670234;0.0670234
360;0.209014;-0.931636;5.76936;1.06836;5.76936;0.00134047;6.70234;0.0670234;0.0670234
361;0.209014;-0.931636;5.76936;1.06836;5.76936;0.00134047;6.70234;0.0670234;0.0670234
362;0.209014;-0.931636;5.76936;1.06836;5.76936;0.00134047;6.70234;0.0670234;0.0670234
363;0.209014;-0.931636;5.76936;1.06836;5.76936;0.00134047;6.70234;0.0670234;0.0670234
364;0.209014;-0.931636;5.76936;1.06836;5.76936;0.00134047;6.70234;0.0670234;0.0670234
365;0.209014;-0.931636;5.76936;1.06836;5.76936;0.00134047;6.70234;0.0670234;0.0670234
366;0.209014;-0.931636;5.76936;1.06836;5.76936;0.00134047;6.70234;0.0670234;0.0670234
367;0.209014;-0.931636;5.76936;1.06836;5.76936;0.00134047;6.70234;0.0670234;0.0670234
368;0.209014;-0.931636;5.76936;1.06836;5.76936;0.00134047;6.70234;0.0670234;0.0670234
369;0.209014;-0.931636;5.76936;1.06836;5.76936;0.00134047;6.70234;0.0670234;0.0670234
370;0.209014;-0.931636;5.76936;1.06836;5.76936;0.00134047;6.70234;0.0670234;0.0670234
371;0.209014;-0.931636;5.76936;1.06836;5.76936;0.00134047;6.70234;0.0670234;0.0670234
372;0.209014;-0.931636;5.76936;1.06836;5.76936;0.00134047;6.70234;0.0670234;0.0670234
373;0.209014;-0.931636;5.76936;1.06836;5.76936;0.00134047;6.70234;0.0670234;0.0670234
374;0.209014;-0.931636;5.76936;1.06836;5.76936;0.00134047;6.70234;0.0670234;0.0670234
375;0.209014;-0.931636;5.76936;1.06836;5.76936;0.00134047;6.70234;0.0670234;0.0670234
376;0.209014;-0.931636;5.76936;1.06836;5.76936;0.00134047;6.70234;0.0670234;0.0670234
377;0.209014;-0.931636;5.76936;1.06836;5.76936;0.00134047;6.70234;0.0670234;0.0670234
378;0.209014;-0.931636;5.76936;1.06836;5.76936;0.00134047;6.70234;0.0670234;0.0670234
379;0.209014;-0.931636;5.76936;1.06836;5.76936;0.00134047;6.70234;0.0670234;0.0670234
380;0.209014;-0.931636;5.76936;1.06836;5.76936;0.00134047;6.70234;0.0670234;0.0670234
381;0.209014;-0.931636;5.76936;1.06836;5.76936;0.00134047;6.70234;0.0670234;0.0670234
382;0.209014;-0.931636;5.76936;1.06836;5.76936;0.00134047;6.70234;0.0670234;0.0670234
383;0.209014;-0.931636;5.76936;1.06836;5.76936;0.00134047;6.70234;0.0670234;0.0670234
384;0.209014;-0.931636;5.76936;1.06836;5.76936;0.00134047;6.70234;0.0670234;0.0670234
385;0.209014;-0.931636;5.76936;1.06836;5.76936;0.00134047;6.70234;0.0670234;0.0670234
386;0.209014;-0.931636;5.76936;1.06836;5.76936;0.00134047;6.70234;0.0670234;0.0670234
387;0.209014;-0.931636;5.76936;1.06836;5.76936;0.00134047;6.70234;0.0670234;0.0670234
388;0.209014;-0.931636;5.76936;1.06836;5.76936;0.00134047;6.70234;0.0670234;0.0670234
389;0.209014;-0.931636;5.76936;1.06836;5.76936;0.00134047;6.70234;0.0670234;0.0670234
390;0.209014;-0.931636;5.76936;1.06836;5.76936;0.00134047;6.70234;0.0670234;0.0670234
391;0.209014;-0.931636;5.76936;1.06836;5.76936;0.00134047;6.70234;0.0670234;0.0670234
392;0.209014;-0.931636;5.76936;1.06836;5.76936;0.00134047;6.70234;0.0670234;0.0670234
393;0.209014;-0.931636;5.76936;1.06836;5.76936;0.00134047;6.70234;0.0670234;0.0670234
394;0.209014;-0.931636;5.76936;1.06836;5.76936;0.00134047;6.70234;0.0670234;0.0670234
395;0.209014;-0.931636;5.76936;1.06836;5.76936;0.00134047;6.70234;0.0670234;0.0670234
396;0.209014;-0.931636;5.76936;1.06836;5.76936;0.00134047;6.70234;0.0670234;0.0670234
397;0.209014;-0.931636;5.76936;1.06836;5.76936;0.00134047;6.70234;0.0670234;0.0670234
398;0.209014;-0.931636;5.76936;1.06836;5.76936;0.00134047;6.70234;0.0670234;0.0670234
399;0.209014;-0.931636;5.76936;1.06836;5.76936;0.00134047;6.70234;0.0670234;0.0670234
400;0.209014;-0.931636;5.76936;1.06836;5.76936;0.00134047;6.70234;0.0670234;0.0670234
401;0.209014;-0.931636;5.76936;1.06836;5.76936;0.00134047;6.70234;0.0670234;0.0670234
402;0.209014;-0.931636;5.76936;1.06836;5.76936;0.00134047;6.70234;0.0670234;0.0670234
403;0.209014;-0.931636;5.76936;1.06836;5.76936;0.00134047;6.70234;0.0670234;0.0670234
404;0.209014;-0.931636;5.76936;1.06836;5.76936;0.00134047;6.70234;0.0670234;0.0670234
405;0.209014;-0.931636;5.76936;1.06836;5.76936;0.00134047;6.70234;0.0670234;0.0670234
406;0.209014;-0.931636;5.76936;1.06836;5.76936;0.00134047;6.70234;0.0670234;0.0670234
407;0.209014;-0.931636;5.76936;1.06836;5.76936;0.00134047;6.70234;0.0670234;0.0670234
408;0.209014;-0.931636;5.76936;1.06836;5.76936;0.00134047;6.70234;0.0670234;0.0670234
409;0.209014;-0.931636;5.76936;1.06836;5.76936;0.00134047;6.70234;0.0670234;0.0670234
410;0.209014;-0.931636;5.76936;1.06836;5.76936;0.00134047;6.70234;0.0670234;0.0670234
411;0.209014;-0.931636;5.76936;1.06836;5.76936;0.00134047;6.70234;0.0670234;0.0670234
412;0.209014;-0.931636;5.76936;1.06836;5.76936;0.00134047;6.70234;0.0670234;0.0670234
413;0.209014;-0.931636;5.76936;1.06836;5.76936;0.00134047;6.70234;0.0670234;0.0670234
414;0.209014;-0.931636;5.76936;1.06836;5.76936;0.00134047;6.70234;0.0670234;0.0670234
415;0.209014;-0.931636;5.76936;1.06836;5.76936;0.00134047;6.70234;0.0670234;0.0670234
416;0.209014;-0.931636;5.76936;1.06836;5.76936;0.00134047;6.70234;0.0670234;0.0670234
417;0.209014;-0.931636;5.76936;1.06836;5.76936;0.00134047;6.70234;0.0670234;0.0670234
418;0.209014;-0.931636;5.76936;1.06836;5.76936;0.00134047;6.70234;0.0670234;0.0670234
419;0.209014;-0.931636;5.76936;1.06836;5.76936;0.00134047;6.70234;0.0670234;0.0670234
420;0.209014;-0.931636;5.76936;1.06836;5.76936;0.00134047;6.70234;0.0670234;0.0670234
421;0.209014;-0.931636;5.76936;1.06836;5.76936;0.00134047;6.70234;0.0670234;0.0670234
422;0.209014;-0.931636;5.76936;1.06836;5.76936;0.00134047;6.70234;0.0670234;0.0670234
423;0.209014;-0.931636;5.76936;1.06836;5.76936;0.00134047;6.70234;0.0670234;0.0670234
424;0.209014;-0.931636;5.76936;1.06836;5.76936;0.00134047;6.70234;0.0670234;0.0670234
425;0.209014;-0.931636;5.76936;1.06836;5.76936;0.00134047;6.70234;0.0670234;0.0670234
426;0.209014;-0.931636;5.76936;1.06836;5.76936;0.00134047;6.70234;0.0670234;0.0670234
427;0.209014;-0.931636;5.76936;1.06836;5.76936;0.00134047;6.70234;0.0670234;0.0670234
428;0.209014;-0.931636;5.76936;1.06836;5.76936;0.00134047;6.70234;0.0670234;0.0670234
429;0.209014;-0.931636;5.76936;1.06836;5.76936;0.00134047;6.70234;0.0670234;0.0670234
430;0.209014;-0.931636;5.76936;1.06836;5.76936;0.00134047;6.70234;0.0670234;0.0670234
431;0.209014;-0.931636;5.76936;1.06836;5.76936;0.00134047;6.70234;0.0670234;0.0670234
432;0.209014;-0.931636;5.76936;1.06836;5.76936;0.00134047;6.70234;0.0670234;0.0670234
433;0.209014;-0.931636;5.76936;1.06836;5.76936;0.00134047;6.70234;0.0670234;0.0670234
434;0.209014;-0.931636;5.76936;1.06836;5.76936;0.00134047;6.70234;0.0670234;0.0670234
435;0.209014;-0.931636;5.76936;1.06836;5.76936;0.00134047;6.70234;0.0670234;0.0670234
436;0.209014;-0.931636;5.76936;1.06836;5.76936;0.00134047;6.70234;0.0670234;0.0670234
437;0.209014;-0.931636;5.76936;1.06836;5.76936;0.00134047;6.70234;0.0670234;0.0670234
438;0.209014;-0.931636;5.76936;1.06836;5.76936;0.00134047;6.70234;0.0670234;0.0670234
439;0.209014;-0.931636;5.76936;1.06836;5.76936;0.00134047;6.70234;0.0670234;0.0670234
440;0.209014;-0.931636;5.76936;1.06836;5.76936;0.00134047;6.70234;0.0670234;0.0670234
441;0.209014;-0.931636;5.76936;1.06836;5.76936;0.00134047;6.70234;0.0670234;0.0670234
442;0.209014;-0.931636;5.76936;1.06836;5.76936;0.00134047;6.70234;0.0670234;0.0670234
443;0.209014;-0.931636;5.76936;1.06836;5.76936;0.00134047;6.70234;0.0670234;0.0670234
444;0.209014;-0.931636;5.76936;1.06836;5.76936;0.00134047;6.70234;0.0670234;0.0670234
445;0.209014;-0.931636;5.76936;1.06836;5.76936;0.00134047;6.70234;0.0670234;0.0670234
446;0.209014;-0.931636;5.76936;1.06836;5.76936;0.00134047;6.70234;0.0670234;0.0670234
447;0.209014;-0.931636;5.76936;1.06836;5.76936;0.00134047;6.70234;0.0670234;0.0670234
448;0.209014;-0.931636;5.76936;1.06836;5.76936;0.00134047;6.70234;0.0670234;0.0670234
449;0.209014;-0.931636;5.76936;1.06836;5.76936;0.00134047;6.70234;0.0670234;0.0670234
450;0.209014;-0.931636;5.76936;1.06836;5.76936;0.00134047;6.70234;0.0670234;0.0670234
451;0.209014;-0.931636;5.76936;1.06836;5.76936;0.00134047;6.70234;0.0670234;0.0670234
452;0.209014;-0.931636;5.76936;1.06836;5.76936;0.00134047;6.70234;0.0670234;0.0670234
453;0.209014;-0.931636;5.76936;1.06836;5.76936;0.00134047;6.70234;0.0670234;0.0670234
454;0.209014;-0.931636;5.76936;1.06836;5.76936;0.00134047;6.70234;0.0670234;0.0670234
455;0.209014;-0.931636;5.76936;1.06836;5.76936;0.00134047;6.70234;0.0670234;0.0670234
456;0.209014;-0.931636;5.76936;1.06836;5.76936;0.00134047;6.70234;0.0670234;0.0670234
457;0.209014;-0.931636;5.76936;1.06836;5.76936;0.00134047;6.70234;0.0670234;0.0670234
458;0.209014;-0.931636;5.76936;1.06836;5.76936;0.00134047;6.70234;0.0670234;0.0670234
459;0.209014;-0.931636;5.76936;1.06836;5.76936;0.00134047;6.70234;0.0670234;0.0670234
460;0.209014;-0.931636;5.76936;1.06836;5.76936;0.00134047;6.70234;0.0670234;0.0670234
461;0.209014;-0.931636;5.76936;1.06836;5.76936;0.00134047;6.70234;0.0670234;0.0670234
462;0.209014;-0.931636;5.76936;1.06836;5.76936;0.00134047;6.70234;0.0670234;0.0670234
463;0.209014;-0.931636;5.76936;1.06836;5.76936;0.00134047;6.70234;0.0670234;0.0670234
464;0.209014;-0.931636;5.76936;1.06836;5.76936;0.00134047;6.70234;0.0670234;0.0670234
465;0.209014;-0.931636;5.76936;1.06836;5.76936;0.00134047;6.70234;0.0670234;0.0670234
466;0.209014;-0.931636;5.76936;1.06836;5.76936;0.00134047;6.70234;0.0670234;0.0670234
467;0.209014;-0.931636;5.76936;1.06836;5.76936;0.00134047;6.70234;0.0670234;0.0670234
468;0.209014;-0.931636;5.76936;1.06836;5.76936;0.00134047;6.70234;0.0670234;0.0670234
469;0.209014;-0.931636;5.76936;1.06836;5.76936;0.00134047;6.70234;0.0670234;0.0670234
470;0.209014;-0.931636;5.76936;1.06836;5.76936;0.00134047;6.70234;0.0670234;0.0670234
471;0.209014;-0.931636;5.76936;1.06836;5.76936;0.00134047;6.70234;0.0670234;0.0670234
472;0.209014;-0.931636;5.76936;1.06836;5.76936;0.00134047;6.70234;0.0670234;0.0670234
473;0.209014;-0.931636;5.76936;1.06836;5.76936;0.00134047;6.70234;0.0670234;0.0670234
474;0.209014;-0.931636;5.76936;1.06836;5.76936;0.00134047;6.70234;0.0670234;0.0670234
475;0.209014;-0.931636;5.76936;1.06836;5.76936;0.00134047;6.70234;0.0670234;0.0670234
476;0.209014;-0.931636;5.76936;1.06836;5.76936;0.00134047;6.70234;0.0670234;0.0670234
477;0.209014;-0.931636;5.76936;1.06836;5.76936;0.00134047;6.70234;0.0670234;0.0670234
478;0.209014;-0.931636;5.76936;1.06836;5.76936;0.00134047;6.70234;0.0670234;0.0670234
479;0.209014;-0.931636;5.76936;1.06836;5.76936;0.00134047;6.70234;0.0670234;0.0670234
480;0.209014;-0.931636;5.76936;1.06836;5.76936;0.00134047;6.70234;0.0670234;0.0670234
481;0.209014;-0.931636;5.76936;1.06836;5.76936;0.00134047;6.70234;0.0670234;0.0670234
482;0.209014;-0.931636;5.76936;1.06836;5.76936;0.00134047;6.70234;0.0670234;0.0670234
483;0.209014;-0.931636;5.76936;1.06836;5.76936;0.00134047;6.70234;0.0670234;0.0670234
484;0.209014;-0.931636;5.76936;1.06836;5.76936;0.00134047;6.70234;0.0670234;0.0670234
485;0.209014;-0.931636;5.76936;1.06836;5.76936;0.00134047;6.70234;0.0670234;0.0670234
486;0.209014;-0.931636;5.76936;1.06836;5.76936;0.00134047;6.70234;0.0670234;0.0670234
487;0.209014;-0.931636;5.76936;1.06836;5.76936;0.00134047;6.70234;0.0670234;0.0670234
488;0.209014;-0.931636;5.76936;1.06836;5.76936;0.00134047;6.70234;0.0670234;0.0670234
489;0.209014;-0.931636;5.76936;1.06836;5.76936;0.00134047;6.70234;0.0670234;0.0670234
490;0.209014;-0.931636;5.76936;1.06836;5.76936;0.00134047;6.70234;0.0670234;0.0670234
491;0.209014;-0.931636;5.76936;1.06836;5.76936;0.00134047;6.70234;0.0670234;0.0670234
492;0.209014;-0.931636;5.76936;1.06836;5.76936;0.00134047;6.70234;0.0670234;0.0670234
493;0.209014;-0.931636;5.76936;1.06836;5.76936;0.00134047;6.70234;0.0670234;0.0670234
494;0.209014;-0.931636;5.76936;1.06836;5.76936;0.00134047;6.70234;0.0670234;0.0670234
495;0.209014;-0.931636;5.76936;1.06836;5.76936;0.00134047;6.70234;0.0670234;0.0670234
496;0.209014;-0.931636;5.76936;1.06836;5.76936;0.00134047;6.70234;0.0670234;0.0670234
497;0.209014;-0.931636;5.76936;1.06836;5.76936;0.00134047;6.70234;0.0670234;0.0670234
498;0.209014;-0.931636;5.76936;1.06836;5.76936;0.00134047;6.70234;0.0670234;0.0670234
499;0.209014;-0.931636;5.76936;1.06836;5.76936;0.00134047;6.70234;0.0670234;0.0670234
500;0.209014;-0.931636;5.76936;1.06836;5.76936;0.00134047;6.70234;0.0670234;0.0670234
501;0.209014;-0.931636;5.76936;1.06836;5.76936;0.00134047;6.70234;0.0670234;0.0670234
502;0.209014;-0.931636;5.76936;1.06836;5.76936;0.00134047;6.70234;0.0670234;0.0670234
503;0.209014;-0.931636;5.76936;1.06836;5.76936;0.00134047;6.70234;0.0670234;0.0670234
504;0.209014;-0.931636;5.76936;1.06836;5.76936;0.00134047;6.70234;0.0670234;0.0670234
505;0.209014;-0.931636;5.76936;1.06836;5.76936;0.00134047;6.70234;0.0670234;0.0670234
506;0.209014;-0.931636;5.76936;1.06836;5.76936;0.00134047;6.70234;0.0670234;0.0670234
507;0.209014;-0.931636;5.76936;1.06836;5.76936;0.00134047;6.70234;0.0670234;0.0670234
508;0.209014;-0.931636;5.76936;1.06836;5.76936;0.00134047;6.70234;0.0670234;0.0670234
509;0.209014;-0.931636;5.76936;1.06836;5.76936;0.00134047;6.70234;0.0670234;0.0670234
510;0.209014;-0.931636;5.76936;1.06836;5.76936;0.00134047;6.70234;0.0670234;0.0670234
511;0.209014;-0.931636;5.76936;1.06836;5.76936;0.00134047;6.70234;0.0670234;0.0670234
512;0.209014;-0.931636;5.76936;1.06836;5.76936;0.00134047;6.70234;0.0670234;0.0670234
513;0.209014;-0.931636;5.76936;1.06836;5.76936;0.00134047;6.70234;0.0670234;0.0670234
514;0.209014;-0.931636;5.76936;1.06836;5.76936;0.00134047;6.70234;0.0670234;0.0670234
515;0.209014;-0.931636;5.76936;1.06836;5.76936;0.00134047;6.70234;0.0670234;0.0670234
516;0.209014;-0.931636;5.76936;1.06836;5.76936;0.00134047;6.70234;0.0670234;0.0670234
517;0.209014;-0.931636;5.76936;1.06836;5.76936;0.00134047;6.70234;0.0670234;0.0670234
518;0.209014;-0.931636;5.76936;1.06836;5.76936;0.00134047;6.70234;0.0670234;0.0670234
519;0.209014;-0.931636;5.76936;1.06836;5.76936;0.00134047;6.70234;0.0670234;0.0670234
520;0.209014;-0.931636;5.76936;1.06836;5.76936;0.00134047;6.70234;0.0670234;0.0670234
521;0.209014;-0.931636;5.76936;1.06836;5.76936;0.00134047;6.70234;0.0670234;0.0670234
522;0.209014;-0.931636;5.76936;1.06836;5.76936;0.00134047;6.70234;0.0670234;0.0670234
523;0.209014;-0.931636;5.76936;1.06836;5.76936;0.00134047;6.70234;0.0670234;0.0670234
524;0.209014;-0.931636;5.76936;1.06836;5.76936;0.00134047;6.70234;0.0670234;0.0670234
525;0.209014;-0.931636;5.76936;1.06836;5.76936;0.00134047;6.70234;0.0670234;0.0670234
526;0.209014;-0.931636;5.76936;1.06836;5.76936;0.00134047;6.70234;0.0670234;0.0670234
527;0.209014;-0.931636;5.76936;1.06836;5.76936;0.00134047;6.70234;0.0670234;0.0670234
528;0.209014;-0.931636;5.76936;1.06836;5.76936;0.00134047;6.70234;0.0670234;0.0670234
529;0.209014;-0.931636;5.76936;1.06836;5.76936;0.00134047;6.70234;0.0670234;0.0670234
530;0.209014;-0.931636;5.76936;1.06836;5.76936;0.00134047;6.70234;0.0670234;0.0670234
531;0.209014;-0.931636;5.76936;1.06836;5.76936;0.00134047;6.70234;0.0670234;0.0670234
532;0.209014;-0.931636;5.76936;1.06836;5.76936;0.00134047;6.70234;0.0670234;0.0670234
533;0.209014;-0.931636;5.76936;1.06836;5.76936;0.00134047;6.70234;0.0670234;0.0670234
534;0.209014;-0.931636;5.76936;1.06836;5.76936;0.00134047;6.70234;0.0670234;0.0670234
535;0.209014;-0.931636;5.76936;1.06836;5.76936;0.00134047;6.70234;0.0670234;0.0670234
536;0.209014;-0.931636;5.76936;1.06836;5.76936;0.00134047;6.70234;0.0670234;0.0670234
537;0.209014;-0.931636;5.76936;1.06836;5.76936;0.00134047;6.70234;0.0670234;0.0670234
538;0.209014;-0.931636;5.76936;1.06836;5.76936;0.00134047;6.70234;0.0670234;0.0670234
539;0.209014;-0.931636;5.76936;1.06836;5.76936;0.00134047;6.70234;0.0670234;0.0670234
540;0.209014;-0.931636;5.76936;1.06836;5.76936;0.00134047;6.70234;0.0670234;0.0670234
541;0.209014;-0.931636;5.76936;1.06836;5.76936;0.00134047;6.70234;0.0670234;0.0670234
542;0.209014;-0.931636;5.76936;1.06836;5.76936;0.00134047;6.70234;0.0670234;0.0670234
543;0.209014;-0.931636;5.76936;1.06836;5.76936;0.00134047;6.70234;0.0670234;0.0670234
544;0.209014;-0.931636;5.76936;1.06836;5.76936;0.00134047;6.70234;0.0670234;0.0670234
545;0.209014;-0.931636;5.76936;1.06836;5.76936;0.00134047;6.70234;0.0670234;0.0670234
546;0.209014;-0.931636;5.76936;1.06836;5.76936;0.00134047;6.70234;0.0670234;0.0670234
547;0.209014;-0.931636;5.76936;1.06836;5.76936;0.00134047;6.70234;0.0670234;0.0670234
548;0.209014;-0.931636;5.76936;1.06836;5.76936;0.00134047;6.70234;0.0670234;0.0670234
549;0.209014;-0.931636;5.76936;1.06836;5.76936;0.00134047;6.70234;0.0670234;0.0670234
550;0.209014;-0.931636;5.76936;1.06836;5.76936;0.00134047;6.70234;0.0670234;0.0670234
551;0.209014;-0.931636;5.76936;1.06836;5.76936;0.00134047;6.70234;0.0670234;0.0670234
552;0.209014;-0.931636;5.76936;1.06836;5.76936;0.00134047;6.70234;0.0670234;0.0670234
553;0.209014;-0.931636;5.76936;1.06836;5.76936;0.00134047;6.70234;0.0670234;0.0670234
554;0.209014;-0.931636;5.76936;1.06836;5.76936;0.00134047;6.70234;0.0670234;0.0670234
555;0.209014;-0.931636;5.76936;1.06836;5.76936;0.00134047;6.70234;0.0670234;0.0670234
556;0.209014;-0.931636;5.76936;1.06836;5.76936;0.00134047;6.70234;0.0670234;0.0670234
557;0.209014;-0.931636;5.76936;1.06836;5.76936;0.00134047;6.70234;0.0670234;0.0670234
558;0.209014;-0.931636;5.76936;1.06836;5.76936;0.00134047;6.70234;0.0670234;0.0670234
559;0.209014;-0.931636;5.76936;1.06836;5.76936;0.00134047;6.70234;0.0670234;0.0670234
560;0.209014;-0.931636;5.76936;1.06836;5.76936;0.00134047;6.70234;0.0670234;0.0670234
561;0.209014;-0.931636;5.76936;1.06836;5.76936;0.00134047;6.70234;0.0670234;0.0670234
562;0.209014;-0.931636;5.76936;1.06836;5.76936;0.00134047;6.70234;0.0670234;0.0670234
563;0.209014;-0.931636;5.76936;1.06836;5.76936;0.00134047;6.70234;0.0670234;0.0670234
564;0.209014;-0.931636;5.76936;1.06836;5.76936;0.00134047;6.70234;0.0670234;0.0670234
565;0.209014;-0.931636;5.76936;1.06836;5.76936;0.00134047;6.70234;0.0670234;0.0670234
566;0.209014;-0.931636;5.76936;1.06836;5.76936;0.00134047;6.70234;0.0670234;0.0670234
567;0.209014;-0.931636;5.76936;1.06836;5.76936;0.00134047;6.70234;0.0670234;0.0670234
568;0.209014;-0.931636;5.76936;1.06836;5.76936;0.00134047;6.70234;0.0670234;0.0670234
569;0.209014;-0.931636;5.76936;1.06836;5.76936;0.00134047;6.70234;0.0670234;0.0670234
570;0.209014;-0.931636;5.76936;1.06836;5.76936;0.00134047;6.70234;0.0670234;0.0670234
571;0.209014;-0.931636;5.76936;1.06836;5.76936;0.00134047;6.70234;0.0670234;0.0670234
572;0.209014;-0.931636;5.76936;1.06836;5.76936;0.00134047;6.70234;0.0670234;0.0670234
573;0.209014;-0.931636;5.76936;1.06836;5.76936;0.00134047;6.70234;0.0670234;0.0670234
574;0.209014;-0.931636;5.76936;1.06836;5.76936;0.00134047;6.70234;0.0670234;0.0670234
575;0.209014;-0.931636;5.76936;1.06836;5.76936;0.00134047;6.70234;0.0670234;0.0670234
576;0.209014;-0.931636;5.76936;1.06836;5.76936;0.00134047;6.70234;0.0670234;0.0670234
577;0.209014;-0.931636;5.76936;1.06836;5.76936;0.00134047;6.70234;0.0670234;0.0670234
578;0.209014;-0.931636;5.76936;1.06836;5.76936;0.00134047;6.70234;0.0670234;0.0670234
579;0.209014;-0.931636;5.76936;1.06836;5.76936;0.00134047;6.70234;0.0670234;0.0670234
580;0.209014;-0.931636;5.76936;1.06836;5.76936;0.00134047;6.70234;0.0670234;0.0670234
581;0.209014;-0.931636;5.76936;1.06836;5.76936;0.00134047;6.70234;0.0670234;0.0670234
582;0.209014;-0.931636;5.76936;1.06836;5.76936;0.00134047;6.70234;0.0670234;0.0670234
583;0.209014;-0.931636;5.76936;1.06836;5.76936;0.00134047;6.70234;0.0670234;0.0670234
584;0.209014;-0.931636;5.76936;1.06836;5.76936;0.00134047;6.70234;0.0670234;0.0670234
585;0.209014;-0.931636;5.76936;1.06836;5.76936;0.00134047;6.70234;0.0670234;0.0670234
586;0.209014;-0.931636;5.76936;1.06836;5.76936;0.00134047;6.70234;0.0670234;0.0670234
587;0.209014;-0.931636;5.76936;1.06836;5.76936;0.00134047;6.70234;0.0670234;0.0670234
588;0.209014;-0.931636;5.76936;1.06836;5.76936;0.00134047;6.70234;0.0670234;0.0670234
589;0.209014;-0.931636;5.76936;1.06836;5.76936;0.00134047;6.70234;0.0670234;0.0670234
590;0.209014;-0.931636;5.76936;1.06836;5.76936;0.00134047;6.70234;0.0670234;0.0670234
591;0.209014;-0.931636;5.76936;1.06836;5.76936;0.00134047;6.70234;0.0670234;0.0670234
592;0.209014;-0.931636;5.76936;1.06836;5.76936;0.00134047;6.70234;0.0670234;0.0670234
593;0.209014;-0.931636;5.76936;1.06836;5.76936;0.00134047;6.70234;0.0670234;0.0670234
594;0.209014;-0.931636;5.76936;1.06836;5.76936;0.00134047;6.70234;0.0670234;0.0670234
595;0.209014;-0.931636;5.76936;1.06836;5.76936;0.00134047;6.70234;0.0670234;0.0670234
596;0.209014;-0.931636;5.76936;1.06836;5.76936;0.00134047;6.70234;0.0670234;0.0670234
597;0.209014;-0.931636;5.76936;1.06836;5.76936;0.00134047;6.70234;0.0670234;0.0670234
598;0.209014;-0.931636;5.76936;1.06836;5.76936;0.00134047;6.70234;0.0670234;0.0670234
599;0.209014;-0.931636;5.76936;1.06836;5.76936;0.00134047;6.70234;0.0670234;0.0670234
600;0.209014;-0.931636;5.76936;1.06836;5.76936;0.00134047;6.70234;0.0670234;0.0670234
601;0.209014;-0.931636;5.76936;1.06836;5.76936;0.00134047;6.70234;0.0670234;0.0670234
602;0.209014;-0.931636;5.76936;1.06836;5.76936;0.00134047;6.70234;0.0670234;0.0670234
603;0.209014;-0.931636;5.76936;1.06836;5.76936;0.00134047;6.70234;0.0670234;0.0670234
604;0.209014;-0.931636;5.76936;1.06836;5.76936;0.00134047;6.70234;0.0670234;0.0670234
605;0.209014;-0.931636;5.76936;1.06836;5.76936;0.00134047;6.70234;0.0670234;0.0670234
606;0.209014;-0.931636;5.76936;1.06836;5.76936;0.00134047;6.70234;0.0670234;0.0670234
607;0.209014;-0.931636;5.76936;1.06836;5.76936;0.00134047;6.70234;0.0670234;0.0670234
608;0.209014;-0.931636;5.76936;1.06836;5.76936;0.00134047;6.70234;0.0670234;0.0670234
609;0.209014;-0.931636;5.76936;1.06836;5.76936;0.00134047;6.70234;0.0670234;0.0670234
610;0.209014;-0.931636;5.76936;1.06836;5.76936;0.00134047;6.70234;0.0670234;0.0670234
611;0.209014;-0.931636;5.76936;1.06836;5.76936;0.00134047;6.70234;0.0670234;0.0670234
612;0.209014;-0.931636;5.76936;1.06836;5.76936;0.00134047;6.70234;0.0670234;0.0670234
613;0.209014;-0.931636;5.76936;1.06836;5.76936;0.00134047;6.70234;0.0670234;0.0670234
614;0.209014;-0.931636;5.76936;1.06836;5.76936;0.00134047;6.70234;0.0670234;0.0670234
615;0.209014;-0.931636;5.76936;1.06836;5.76936;0.00134047;6.70234;0.0670234;0.0670234
616;0.209014;-0.931636;5.76936;1.06836;5.76936;0.00134047;6.70234;0.0670234;0.0670234
617;0.209014;-0.931636;5.76936;1.06836;5.76936;0.00134047;6.70234;0.0670234;0.0670234
618;0.209014;-0.931636;5.76936;1.06836;5.76936;0.00134047;6.70234;0.0670234;0.0670234
619;0.209014;-0.931636;5.76936;1.06836;5.76936;0.00134047;6.70234;0.0670234;0.0670234
620;0.209014;-0.931636;5.76936;1.06836;5.76936;0.00134047;6.70234;0.0670234;0.0670234
621;0.209014;-0.931636;5.76936;1.06836;5.76936;0.00134047;6.70234;0.0670234;0.0670234
622;0.209014;-0.931636;5.76936;1.06836;5.76936;0.00134047;6.70234;0.0670234;0.0670234
623;0.209014;-0.931636;5.76936;1.06836;5.76936;0.00134047;6.70234;0.0670234;0.0670234
624;0.209014;-0.931636;5.76936;1.06836;5.76936;0.00134047;6.70234;0.0670234;0.0670234
625;0.209014;-0.931636;5.76936;1.06836;5.76936;0.00134047;6.70234;0.0670234;0.0670234
626;0.209014;-0.931636;5.76936;1.06836;5.76936;0.00134047;6.70234;0.0670234;0.0670234
627;0.209014;-0.931636;5.76936;1.06836;5.76936;0.00134047;6.70234;0.0670234;0.0670234
628;0.209014;-0.931636;5.76936;1.06836;5.76936;0.00134047;6.70234;0.0670234;0.0670234
629;0.209014;-0.931636;5.76936;1.06836;5.76936;0.00134047;6.70234;0.0670234;0.0670234
630;0.209014;-0.931636;5.76936;1.06836;5.76936;0.00134047;6.70234;0.0670234;0.0670234
631;0.209014;-0.931636;5.76936;1.06836;5.76936;0.00134047;6.70234;0.0670234;0.0670234
632;0.209014;-0.931636;5.76936;1.06836;5.76936;0.00134047;6.70234;0.0670234;0.0670234
633;0.209014;-0.931636;5.76936;1.06836;5.76936;0.00134047;6.70234;0.0670234;0.0670234
634;0.209014;-0.931636;5.76936;1.06836;5.76936;0.00134047;6.70234;0.0670234;0.0670234
635;0.209014;-0.931636;5.76936;1.06836;5.76936;0.00134047;6.70234;0.0670234;0.0670234
636;0.209014;-0.931636;5.76936;1.06836;5.76936;0.00134047;6.70234;0.0670234;0.0670234
637;0.209014;-0.931636;5.76936;1.06836;5.76936;0.00134047;6.70234;0.0670234;0.0670234
638;0.209014;-0.931636;5.76936;1.06836;5.76936;0.00134047;6.70234;0.0670234;0.0670234
639;0.209014;-0.931636;5.76936;1.06836;5.76936;0.00134047;6.70234;0.0670234;0.0670234
640;0.209014;-0.931636;5.76936;1.06836;5.76936;0.00134047;6.70234;0.0670234;0.0670234
641;0.209014;-0.931636;5.76936;1.06836;5.76936;0.00134047;6.70234;0.0670234;0.0670234
642;0.209014;-0.931636;5.76936;1.06836;5.76936;0.00134047;6.70234;0.0670234;0.0670234
643;0.209014;-0.931636;5.76936;1.06836;5.76936;0.00134047;6.70234;0.0670234;0.0670234
644;0.209014;-0.931636;5.76936;1.06836;5.76936;0.00134047;6.70234;0.0670234;0.0670234
645;0.209014;-0.931636;5.76936;1.06836;5.76936;0.00134047;6.70234;0.0670234;0.0670234
646;0.209014;-0.931636;5.76936;1.06836;5.76936;0.00134047;6.70234;0.0670234;0.0670234
647;0.209014;-0.931636;5.76936;1.06836;5.76936;0.00134047;6.70234;0.0670234;0.0670234
648;0.209014;-0.931636;5.76936;1.06836;5.76936;0.00134047;6.70234;0.0670234;0.0670234
649;0.209014;-0.931636;5.76936;1.06836;5.76936;0.00134047;6.70234;0.0670234;0.0670234
650;0.209014;-0.931636;5.76936;1.06836;5.76936;0.00134047;6.70234;0.0670234;0.0670234
651;0.209014;-0.931636;5.76936;1.06836;5.76936;0.00134047;6.70234;0.0670234;0.0670234
652;0.209014;-0.931636;5.76936;1.06836;5.76936;0.00134047;6.70234;0.0670234;0.0670234
653;0.209014;-0.931636;5.76936;1.06836;5.76936;0.00134047;6.70234;0.0670234;0.0670234
654;0.209014;-0.931636;5.76936;1.06836;5.76936;0.00134047;6.70234;0.0670234;0.0670234
655;0.209014;-0.931636;5.76936;1.06836;5.76936;0.00134047;6.70234;0.0670234;0.0670234
656;0.209014;-0.931636;5.76936;1.06836;5.76936;0.00134047;6.70234;0.0670234;0.0670234
657;0.209014;-0.931636;5.76936;1.06836;5.76936;0.00134047;6.70234;0.0670234;0.0670234
658;0.209014;-0.931636;5.76936;1.06836;5.76936;0.00134047;6.70234;0.0670234;0.0670234
659;0.209014;-0.931636;5.76936;1.06836;5.76936;0.00134047;6.70234;0.0670234;0.0670234
660;0.209014;-0.931636;5.76936;1.06836;5.76936;0.00134047;6.70234;0.0670234;0.0670234
661;0.209014;-0.931636;5.76936;1.06836;5.76936;0.00134047;6.70234;0.0670234;0.0670234
662;0.209014;-0.931636;5.76936;1.06836;5.76936;0.00134047;6.70234;0.0670234;0.0670234
663;0.209014;-0.931636;5.76936;1.06836;5.76936;0.00134047;6.70234;0.0670234;0.0670234
664;0.209014;-0.931636;5.76936;1.06836;5.76936;0.00134047;6.70234;0.0670234;0.0670234
665;0.209014;-0.931636;5.76936;1.06836;5.76936;0.00134047;6.70234;0.0670234;0.0670234
666;0.209014;-0.931636;5.76936;1.06836;5.76936;0.00134047;6.70234;0.0670234;0.0670234
667;0.209014;-0.931636;5.76936;1.06836;5.76936;0.00134047;6.70234;0.0670234;0.0670234
668;0.209014;-0.931636;5.76936;1.06836;5.76936;0.00134047;6.70234;0.0670234;0.0670234
669;0.209014;-0.931636;5.76936;1.06836;5.76936;0.00134047;6.70234;0.0670234;0.0670234
670;0.209014;-0.931636;5.76936;1.06836;5.76936;0.00134047;6.70234;0.0670234;0.0670234
671;0.209014;-0.931636;5.76936;1.06836;5.76936;0.00134047;6.70234;0.0670234;0.0670234
672;0.209014;-0.931636;5.76936;1.06836;5.76936;0.00134047;6.70234;0.0670234;0.0670234
673;0.209014;-0.931636;5.76936;1.06836;5.76936;0.00134047;6.70234;0.0670234;0.0670234
674;0.209014;-0.931636;5.76936;1.06836;5.76936;0.00134047;6.70234;0.0670234;0.0670234
675;0.209014;-0.931636;5.76936;1.06836;5.76936;0.00134047;6.70234;0.0670234;0.0670234
676;0.209014;-0.931636;5.76936;1.06836;5.76936;0.00134047;6.70234;0.0670234;0.0670234
677;0.209014;-0.931636;5.76936;1.06836;5.76936;0.00134047;6.70234;0.0670234;0.0670234
678;0.209014;-0.931636;5.76936;1.06836;5.76936;0.00134047;6.70234;0.0670234;0.0670234
679;0.209014;-0.931636;5.76936;1.06836;5.76936;0.00134047;6.70234;0.0670234;0.0670234
680;0.209014;-0.931636;5.76936;1.06836;5.76936;0.00134047;6.70234;0.0670234;0.0670234
681;0.209014;-0.931636;5.76936;1.06836;5.76936;0.00134047;6.70234;0.0670234;0.0670234
682;0.209014;-0.931636;5.76936;1.06836;5.76936;0.00134047;6.70234;0.0670234;0.0670234
683;0.209014;-0.931636;5.76936;1.06836;5.76936;0.00134047;6.70234;0.0670234;0.0670234
684;0.209014;-0.931636;5.76936;1.06836;5.76936;0.00134047;6.70234;0.0670234;0.0670234
685;0.209014;-0.931636;5.76936;1.06836;5.76936;0.00134047;6.70234;0.0670234;0.0670234
686;0.209014;-0.931636;5.76936;1.06836;5.76936;0.00134047;6.70234;0.0670234;0.0670234
687;0.209014;-0.931636;5.76936;1.06836;5.76936;0.00134047;6.70234;0.0670234;0.0670234
688;0.209014;-0.931636;5.76936;1.06836;5.76936;0.00134047;6.70234;0.0670234;0.0670234
689;0.209014;-0.931636;5.76936;1.06836;5.76936;0.00134047;6.70234;0.0670234;0.0670234
690;0.209014;-0.931636;5.76936;1.06836;5.76936;0.00134047;6.70234;0.0670234;0.0670234
691;0.209014;-0.931636;5.76936;1.06836;5.76936;0.00134047;6.70234;0.0670234;0.0670234
692;0.209014;-0.931636;5.76936;1.06836;5.76936;0.00134047;6.70234;0.0670234;0.0670234
693;0.209014;-0.931636;5.76936;1.06836;5.76936;0.00134047;6.70234;0.0670234;0.0670234
694;0.209014;-0.931636;5.76936;1.06836;5.76936;0.00134047;6.70234;0.0670234;0.0670234
695;0.209014;-0.931636;5.76936;1.06836;5.76936;0.00134047;6.70234;0.0670234;0.0670234
696;0.209014;-0.931636;5.76936;1.06836;5.76936;0.00134047;6.70234;0.0670234;0.0670234
697;0.209014;-0.931636;5.76936;1.06836;5.76936;0.00134047;6.70234;0.0670234;0.0670234
698;0.209014;-0.931636;5.76936;1.06836;5.76936;0.00134047;6.70234;0.0670234;0.0670234
699;0.209014;-0.931636;5.76936;1.06836;5.76936;0.00134047;6.70234;0.0670234;0.0670234
700;0.209014;-0.931636;5.76936;1.06836;5.76936;0.00134047;6.70234;0.0670234;0.0670234
701;0.209014;-0.931636;5.76936;1.06836;5.76936;0.00134047;6.70234;0.0670234;0.0670234
702;0.209014;-0.931636;5.76936;1.06836;5.76936;0.00134047;6.70234;0.0670234;0.0670234
703;0.209014;-0.931636;5.76936;1.06836;5.76936;0.00134047;6.70234;0.0670234;0.0670234
704;0.209014;-0.931636;5.76936;1.06836;5.76936;0.00134047;6.70234;0.0670234;0.0670234
705;0.209014;-0.931636;5.76936;1.06836;5.76936;0.00134047;6.70234;0.0670234;0.0670234
706;0.209014;-0.931636;5.76936;1.06836;5.76936;0.00134047;6.70234;0.0670234;0.0670234
707;0.209014;-0.931636;5.76936;1.06836;5.76936;0.00134047;6.70234;0.0670234;0.0670234
708;0.209014;-0.931636;5.76936;1.06836;5.76936;0.00134047;6.70234;0.0670234;0.0670234
709;0.209014;-0.931636;5.76936;1.06836;5.76936;0.00134047;6.70234;0.0670234;0.0670234
710;0.209014;-0.931636;5.76936;1.06836;5.76936;0.00134047;6.70234;0.0670234;0.0670234
711;0.209014;-0.931636;5.76936;1.06836;5.76936;0.00134047;6.70234;0.0670234;0.0670234
712;0.209014;-0.931636;5.76936;1.06836;5.76936;0.00134047;6.70234;0.0670234;0.0670234
713;0.209014;-0.931636;5.76936;1.06836;5.76936;0.00134047;6.70234;0.0670234;0.0670234
714;0.209014;-0.931636;5.76936;1.06836;5.76936;0.00134047;6.70234;0.0670234;0.0670234
715;0.209014;-0.931636;5.76936;1.06836;5.76936;0.00134047;6.70234;0.0670234;0.0670234
716;0.209014;-0.931636;5.76936;1.06836;5.76936;0.00134047;6.70234;0.0670234;0.0670234
717;0.209014;-0.931636;5.76936;1.06836;5.76936;0.00134047;6.70234;0.0670234;0.0670234
718;0.209014;-0.931636;5.76936;1.06836;5.76936;0.00134047;6.70234;0.0670234;0.0670234
719;0.209014;-0.931636;5.76936;1.06836;5.76936;0.00134047;6.70234;0.0670234;0.0670234
720;0.209014;-0.931636;5.76936;1.06836;5.76936;0.00134047;6.70234;0.0670234;0.0670234
721;0.209014;-0.931636;5.76936;1.06836;5.76936;0.00134047;6.70234;0.0670234;0.0670234
722;0.209014;-0.931636;5.76936;1.06836;5.76936;0.00134047;6.70234;0.0670234;0.0670234
723;0.209014;-0.931636;5.76936;1.06836;5.76936;0.00134047;6.70234;0.0670234;0.0670234
724;0.209014;-0.931636;5.76936;1.06836;5.76936;0.00134047;6.70234;0.0670234;0.0670234
725;0.209014;-0.931636;5.76936;1.06836;5.76936;0.00134047;6.70234;0.0670234;0.0670234
726;0.209014;-0.931636;5.76936;1.06836;5.76936;0.00134047;6.70234;0.0670234;0.0670234
727;0.209014;-0.931636;5.76936;1.06836;5.76936;0.00134047;6.70234;0.0670234;0.0670234
728;0.209014;-0.931636;5.76936;1.06836;5.76936;0.00134047;6.70234;0.0670234;0.0670234
729;0.209014;-0.931636;5.76936;1.06836;5.76936;0.00134047;6.70234;0.0670234;0.0670234
730;0.209014;-0.931636;5.76936;1.06836;5.76936;0.00134047;6.70234;0.0670234;0.0670234
731;0.209014;-0.931636;5.76936;1.06836;5.76936;0.00134047;6.70234;0.0670234;0.0670234
732;0.209014;-0.931636;5.76936;1.06836;5.76936;0.00134047;6.70234;0.0670234;0.0670234
733;0.209014;-0.931636;5.76936;1.06836;5.76936;0.00134047;6.70234;0.0670234;0.0670234
734;0.209014;-0.931636;5.76936;1.06836;5.76936;0.00134047;6.70234;0.0670234;0.0670234
735;0.209014;-0.931636;5.76936;1.06836;5.76936;0.00134047;6.70234;0.0670234;0.0670234
736;0.209014;-0.931636;5.76936;1.06836;5.76936;0.00134047;6.70234;0.0670234;0.0670234
737;0.209014;-0.931636;5.76936;1.06836;5.76936;0.00134047;6.70234;0.0670234;0.0670234
738;0.209014;-0.931636;5.76936;1.06836;5.76936;0.00134047;6.70234;0.0670234;0.0670234
739;0.209014;-0.931636;5.76936;1.06836;5.76936;0.00134047;6.70234;0.0670234;0.0670234
740;0.209014;-0.931636;5.76936;1.06836;5.76936;0.00134047;6.70234;0.0670234;0.0670234
741;0.209014;-0.931636;5.76936;1.06836;5.76936;0.00134047;6.70234;0.0670234;0.0670234
742;0.209014;-0.931636;5.76936;1.06836;5.76936;0.00134047;6.70234;0.0670234;0.0670234
743;0.209014;-0.931636;5.76936;1.06836;5.76936;0.00134047;6.70234;0.0670234;0.0670234
744;0.209014;-0.931636;5.76936;1.06836;5.76936;0.00134047;6.70234;0.0670234;0.0670234
745;0.209014;-0.931636;5.76936;1.06836;5.76936;0.00134047;6.70234;0.0670234;0.0670234
746;0.209014;-0.931636;5.76936;1.06836;5.76936;0.00134047;6.70234;0.0670234;0.0670234
747;0.209014;-0.931636;5.76936;1.06836;5.76936;0.00134047;6.70234;0.0670234;0.0670234
748;0.209014;-0.931636;5.76936;1.06836;5.76936;0.00134047;6.70234;0.0670234;0.0670234
749;0.209014;-0.931636;5.76936;1.06836;5.76936;0.00134047;6.70234;0.0670234;0.0670234
750;0.209014;-0.931636;5.76936;1.06836;5.76936;0.00134047;6.70234;0.0670234;0.0670234
751;0.209014;-0.931636;5.76936;1.06836;5.76936;0.00134047;6.70234;0.0670234;0.0670234
752;0.209014;-0.931636;5.76936;1.06836;5.76936;0.00134047;6.70234;0.0670234;0.0670234
753;0.209014;-0.931636;5.76936;1.06836;5.76936;0.00134047;6.70234;0.0670234;0.0670234
754;0.209014;-0.931636;5.76936;1.06836;5.76936;0.00134047;6.70234;0.0670234;0.0670234
755;0.209014;-0.931636;5.76936;1.06836;5.76936;0.00134047;6.70234;0.0670234;0.0670234
756;0.209014;-0.931636;5.76936;1.06836;5.76936;0.00134047;6.70234;0.0670234;0.0670234
757;0.209014;-0.931636;5.76936;1.06836;5.76936;0.00134047;6.70234;0.0670234;0.0670234
758;0.209014;-0.931636;5.76936;1.06836;5.76936;0.00134047;6.70234;0.0670234;0.0670234
759;0.209014;-0.931636;5.76936;1.06836;5.76936;0.00134047;6.70234;0.0670234;0.0670234
760;0.209014;-0.931636;5.76936;1.06836;5.76936;0.00134047;6.70234;0.0670234;0.0670234
761;0.209014;-0.931636;5.76936;1.06836;5.76936;0.00134047;6.70234;0.0670234;0.0670234
762;0.209014;-0.931636;5.76936;1.06836;5.76936;0.00134047;6.70234;0.0670234;0.0670234
763;0.209014;-0.931636;5.76936;1.06836;5.76936;0.00134047;6.70234;0.0670234;0.0670234
764;0.209014;-0.931636;5.76936;1.06836;5.76936;0.00134047;6.70234;0.0670234;0.0670234
765;0.209014;-0.931636;5.76936;1.06836;5.76936;0.00134047;6.70234;0.0670234;0.0670234
766;0.209014;-0.931636;5.76936;1.06836;5.76936;0.00134047;6.70234;0.0670234;0.0670234
767;0.209014;-0.931636;5.76936;1.06836;5.76936;0.00134047;6.70234;0.0670234;0.0670234
768;0.209014;-0.931636;5.76936;1.06836;5.76936;0.00134047;6.70234;0.0670234;0.0670234
769;0.209014;-0.931636;5.76936;1.06836;5.76936;0.00134047;6.70234;0.0670234;0.0670234
770;0.209014;-0.931636;5.76936;1.06836;5.76936;0.00134047;6.70234;0.0670234;0.0670234
771;0.209014;-0.931636;5.76936;1.06836;5.76936;0.00134047;6.70234;0.0670234;0.0670234
772;0.209014;-0.931636;5.76936;1.06836;5.76936;0.00134047;6.70234;0.0670234;0.0670234
773;0.209014;-0.931636;5.76936;1.06836;5.76936;0.00134047;6.70234;0.0670234;0.0670234
774;0.209014;-0.931636;5.76936;1.06836;5.76936;0.00134047;6.70234;0.0670234;0.0670234
775;0.209014;-0.931636;5.76936;1.06836;5.76936;0.00134047;6.70234;0.0670234;0.0670234
776;0.209014;-0.931636;5.76936;1.06836;5.76936;0.00134047;6.70234;0.0670234;0.0670234
777;0.209014;-0.931636;5.76936;1.06836;5.76936;0.00134047;6.70234;0.0670234;0.0670234
778;0.209014;-0.931636;5.76936;1.06836;5.76936;0.00134047;6.70234;0.0670234;0.0670234
779;0.209014;-0.931636;5.76936;1.06836;5.76936;0.00134047;6.70234;0.0670234;0.0670234
780;0.209014;-0.931636;5.76936;1.06836;5.76936;0.00134047;6.70234;0.0670234;0.0670234
781;0.209014;-0.931636;5.76936;1.06836;5.76936;0.00134047;6.70234;0.0670234;0.0670234
782;0.209014;-0.931636;5.76936;1.06836;5.76936;0.00134047;6.70234;0.0670234;0.0670234
783;0.209014;-0.931636;5.76936;1.06836;5.76936;0.00134047;6.70234;0.0670234;0.0670234
784;0.209014;-0.931636;5.76936;1.06836;5.76936;0.00134047;6.70234;0.0670234;0.0670234
785;0.209014;-0.931636;5.76936;1.06836;5.76936;0.00134047;6.70234;0.0670234;0.0670234
786;0.209014;-0.931636;5.76936;1.06836;5.76936;0.00134047;6.70234;0.0670234;0.0670234
787;0.209014;-0.931636;5.76936;1.06836;5.76936;0.00134047;6.70234;0.0670234;0.0670234
788;0.209014;-0.931636;5.76936;1.06836;5.76936;0.00134047;6.70234;0.0670234;0.0670234
789;0.209014;-0.931636;5.76936;1.06836;5.76936;0.00134047;6.70234;0.0670234;0.0670234
790;0.209014;-0.931636;5.76936;1.06836;5.76936;0.00134047;6.70234;0.0670234;0.0670234
791;0.209014;-0.931636;5.76936;1.06836;5.76936;0.00134047;6.70234;0.0670234;0.0670234
792;0.209014;-0.931636;5.76936;1.06836;5.76936;0.00134047;6.70234;0.0670234;0.0670234
793;0.209014;-0.931636;5.76936;1.06836;5.76936;0.00134047;6.70234;0.0670234;0.0670234
794;0.209014;-0.931636;5.76936;1.06836;5.76936;0.00134047;6.70234;0.0670234;0.0670234
795;0.209014;-0.931636;5.76936;1.06836;5.76936;0.00134047;6.70234;0.0670234;0.0670234
796;0.209014;-0.931636;5.76936;1.06836;5.76936;0.00134047;6.70234;0.0670234;0.0670234
797;0.209014;-0.931636;5.76936;1.06836;5.76936;0.00134047;6.70234;0.0670234;0.0670234
798;0.209014;-0.931636;5.76936;1.06836;5.76936;0.00134047;6.70234;0.0670234;0.0670234
799;0.209014;-0.931636;5.76936;1.06836;5.76936;0.00134047;6.70234;0.0670234;0.0670234
800;0.209014;-0.931636;5.76936;1.06836;5.76936;0.00134047;6.70234;0.0670234;0.0670234
801;0.209014;-0.931636;5.76936;1.06836;5.76936;0.00134047;6.70234;0.0670234;0.0670234
802;0.209014;-0.931636;5.76936;1.06836;5.76936;0.00134047;6.70234;0.0670234;0.0670234
803;0.209014;-0.931636;5.76936;1.06836;5.76936;0.00134047;6.70234;0.0670234;0.0670234
804;0.209014;-0.931636;5.76936;1.06836;5.76936;0.00134047;6.70234;0.0670234;0.0670234
805;0.209014;-0.931636;5.76936;1.06836;5.76936;0.00134047;6.70234;0.0670234;0.0670234
806;0.209014;-0.931636;5.76936;1.06836;5.76936;0.00134047;6.70234;0.0670234;0.0670234
807;0.209014;-0.931636;5.76936;1.06836;5.76936;0.00134047;6.70234;0.0670234;0.0670234
808;0.209014;-0.931636;5.76936;1.06836;5.76936;0.00134047;6.70234;0.0670234;0.0670234
809;0.209014;-0.931636;5.76936;1.06836;5.76936;0.00134047;6.70234;0.0670234;0.0670234
810;0.209014;-0.931636;5.76936;1.06836;5.76936;0.00134047;6.70234;0.0670234;0.0670234
811;0.209014;-0.931636;5.76936;1.06836;5.76936;0.00134047;6.70234;0.0670234;0.0670234
812;0.209014;-0.931636;5.76936;1.06836;5.76936;0.00134047;6.70234;0.0670234;0.0670234
813;0.209014;-0.931636;5.76936;1.06836;5.76936;0.00134047;6.70234;0.0670234;0.0670234
814;0.209014;-0.931636;5.76936;1.06836;5.76936;0.00134047;6.70234;0.0670234;0.0670234
815;0.209014;-0.931636;5.76936;1.06836;5.76936;0.00134047;6.70234;0.0670234;0.0670234
816;0.209014;-0.931636;5.76936;1.06836;5.76936;0.00134047;6.70234;0.0670234;0.0670234
817;0.209014;-0.931636;5.76936;1.06836;5.76936;0.00134047;6.70234;0.0670234;0.0670234
818;0.209014;-0.931636;5.76936;1.06836;5.76936;0.00134047;6.70234;0.0670234;0.0670234
819;0.209014;-0.931636;5.76936;1.06836;5.76936;0.00134047;6.70234;0.0670234;0.0670234
820;0.209014;-0.931636;5.76936;1.06836;5.76936;0.00134047;6.70234;0.0670234;0.0670234
821;0.209014;-0.931636;5.76936;1.06836;5.76936;0.00134047;6.70234;0.0670234;0.0670234
822;0.209014;-0.931636;5.76936;1.06836;5.76936;0.00134047;6.70234;0.0670234;0.0670234
823;0.209014;-0.931636;5.76936;1.06836;5.76936;0.00134047;6.70234;0.0670234;0.0670234
824;0.209014;-0.931636;5.76936;1.06836;5.76936;0.00134047;6.70234;0.0670234;0.0670234
825;0.209014;-0.931636;5.76936;1.06836;5.76936;0.00134047;6.70234;0.0670234;0.0670234
826;0.209014;-0.931636;5.76936;1.06836;5.76936;0.00134047;6.70234;0.0670234;0.0670234
827;0.209014;-0.931636;5.76936;1.06836;5.76936;0.00134047;6.70234;0.0670234;0.0670234
828;0.209014;-0.931636;5.76936;1.06836;5.76936;0.00134047;6.70234;0.0670234;0.0670234
829;0.209014;-0.931636;5.76936;1.06836;5.76936;0.00134047;6.70234;0.0670234;0.0670234
830;0.209014;-0.931636;5.76936;1.06836;5.76936;0.00134047;6.70234;0.0670234;0.0670234
831;0.209014;-0.931636;5.76936;1.06836;5.76936;0.00134047;6.70234;0.0670234;0.0670234
832;0.209014;-0.931636;5.76936;1.06836;5.76936;0.00134047;6.70234;0.0670234;0.0670234
833;0.209014;-0.931636;5.76936;1.06836;5.76936;0.00134047;6.70234;0.0670234;0.0670234
834;0.209014;-0.931636;5.76936;1.06836;5.76936;0.00134047;6.70234;0.0670234;0.0670234
835;0.209014;-0.931636;5.76936;1.06836;5.76936;0.00134047;6.70234;0.0670234;0.0670234
836;0.209014;-0.931636;5.76936;1.06836;5.76936;0.00134047;6.70234;0.0670234;0.0670234
837;0.209014;-0.931636;5.76936;1.06836;5.76936;0.00134047;6.70234;0.0670234;0.0670234
838;0.209014;-0.931636;5.76936;1.06836;5.76936;0.00134047;6.70234;0.0670234;0.0670234
839;0.209014;-0.931636;5.76936;1.06836;5.76936;0.00134047;6.70234;0.0670234;0.0670234
840;0.209014;-0.931636;5.76936;1.06836;5.76936;0.00134047;6.70234;0.0670234;0.0670234
841;0.209014;-0.931636;5.76936;1.06836;5.76936;0.00134047;6.70234;0.0670234;0.0670234
842;0.209014;-0.931636;5.76936;1.06836;5.76936;0.00134047;6.70234;0.0670234;0.0670234
843;0.209014;-0.931636;5.76936;1.06836;5.76936;0.00134047;6.70234;0.0670234;0.0670234
844;0.209014;-0.931636;5.76936;1.06836;5.76936;0.00134047;6.70234;0.0670234;0.0670234
845;0.209014;-0.931636;5.76936;1.06836;5.76936;0.00134047;6.70234;0.0670234;0.0670234
846;0.209014;-0.931636;5.76936;1.06836;5.76936;0.00134047;6.70234;0.0670234;0.0670234
847;0.209014;-0.931636;5.76936;1.06836;5.76936;0.00134047;6.70234;0.0670234;0.0670234
848;0.209014;-0.931636;5.76936;1.06836;5.76936;0.00134047;6.70234;0.0670234;0.0670234
849;0.209014;-0.931636;5.76936;1.06836;5.76936;0.00134047;6.70234;0.0670234;0.0670234
850;0.209014;-0.931636;5.76936;1.06836;5.76936;0.00134047;6.70234;0.0670234;0.0670234
851;0.209014;-0.931636;5.76936;1.06836;5.76936;0.00134047;6.70234;0.0670234;0.0670234
852;0.209014;-0.931636;5.76936;1.06836;5.76936;0.00134047;6.70234;0.0670234;0.0670234
853;0.209014;-0.931636;5.76936;1.06836;5.76936;0.00134047;6.70234;0.0670234;0.0670234
854;0.209014;-0.931636;5.76936;1.06836;5.76936;0.00134047;6.70234;0.0670234;0.0670234
855;0.209014;-0.931636;5.76936;1.06836;5.76936;0.00134047;6.70234;0.0670234;0.0670234
856;0.209014;-0.931636;5.76936;1.06836;5.76936;0.00134047;6.70234;0.0670234;0.0670234
857;0.209014;-0.931636;5.76936;1.06836;5.76936;0.00134047;6.70234;0.0670234;0.0670234
858;0.209014;-0.931636;5.76936;1.06836;5.76936;0.00134047;6.70234;0.0670234;0.0670234
859;0.209014;-0.931636;5.76936;1.06836;5.76936;0.00134047;6.70234;0.0670234;0.0670234
860;0.209014;-0.931636;5.76936;1.06836;5.76936;0.00134047;6.70234;0.0670234;0.0670234
861;0.209014;-0.931636;5.76936;1.06836;5.76936;0.00134047;6.70234;0.0670234;0.0670234
862;0.209014;-0.931636;5.76936;1.06836;5.76936;0.00134047;6.70234;0.0670234;0.0670234
863;0.209014;-0.931636;5.76936;1.06836;5.76936;0.00134047;6.70234;0.0670234;0.0670234
864;0.209014;-0.931636;5.76936;1.06836;5.76936;0.00134047;6.70234;0.0670234;0.0670234
865;0.209014;-0.931636;5.76936;1.06836;5.76936;0.00134047;6.70234;0.0670234;0.0670234
866;0.209014;-0.931636;5.76936;1.06836;5.76936;0.00134047;6.70234;0.0670234;0.0670234
867;0.209014;-0.931636;5.76936;1.06836;5.76936;0.00134047;6.70234;0.0670234;0.0670234
868;0.209014;-0.931636;5.76936;1.06836;5.76936;0.00134047;6.70234;0.0670234;0.0670234
869;0.209014;-0.931636;5.76936;1.06836;5.76936;0.00134047;6.70234;0.0670234;0.0670234
870;0.209014;-0.931636;5.76936;1.06836;5.76936;0.00134047;6.70234;0.0670234;0.0670234
871;0.209014;-0.931636;5.76936;1.06836;5.76936;0.00134047;6.70234;0.0670234;0.0670234
872;0.209014;-0.931636;5.76936;1.06836;5.76936;0.00134047;6.70234;0.0670234;0.0670234
873;0.209014;-0.931636;5.76936;1.06836;5.76936;0.00134047;6.70234;0.0670234;0.0670234
874;0.209014;-0.931636;5.76936;1.06836;5.76936;0.00134047;6.70234;0.0670234;0.0670234
875;0.209014;-0.931636;5.76936;1.06836;5.76936;0.00134047;6.70234;0.0670234;0.0670234
876;0.209014;-0.931636;5.76936;1.06836;5.76936;0.00134047;6.70234;0.0670234;0.0670234
877;0.209014;-0.931636;5.76936;1.06836;5.76936;0.00134047;6.70234;0.0670234;0.0670234
878;0.209014;-0.931636;5.76936;1.06836;5.76936;0.00134047;6.70234;0.0670234;0.0670234
879;0.209014;-0.931636;5.76936;1.06836;5.76936;0.00134047;6.70234;0.0670234;0.0670234
880;0.209014;-0.931636;5.76936;1.06836;5.76936;0.00134047;6.70234;0.0670234;0.0670234
881;0.209014;-0.931636;5.76936;1.06836;5.76936;0.00134047;6.70234;0.0670234;0.0670234
882;0.209014;-0.931636;5.76936;1.06836;5.76936;0.00134047;6.70234;0.0670234;0.0670234
883;0.209014;-0.931636;5.76936;1.06836;5.76936;0.00134047;6.70234;0.0670234;0.0670234
884;0.209014;-0.931636;5.76936;1.06836;5.76936;0.00134047;6.70234;0.0670234;0.0670234
885;0.209014;-0.931636;5.76936;1.06836;5.76936;0.00134047;6.70234;0.0670234;0.0670234
886;0.209014;-0.931636;5.76936;1.06836;5.76936;0.00134047;6.70234;0.0670234;0.0670234
887;0.209014;-0.931636;5.76936;1.06836;5.76936;0.00134047;6.70234;0.0670234;0.0670234
888;0.209014;-0.931636;5.76936;1.06836;5.76936;0.00134047;6.70234;0.0670234;0.0670234
889;0.209014;-0.931636;5.76936;1.06836;5.76936;0.00134047;6.70234;0.0670234;0.0670234
890;0.209014;-0.931636;5.76936;1.06836;5.76936;0.00134047;6.70234;0.0670234;0.0670234
891;0.209014;-0.931636;5.76936;1.06836;5.76936;0.00134047;6.70234;0.0670234;0.0670234
892;0.209014;-0.931636;5.76936;1.06836;5.76936;0.00134047;6.70234;0.0670234;0.0670234
893;0.209014;-0.931636;5.76936;1.06836;5.76936;0.00134047;6.70234;0.0670234;0.0670234
894;0.209014;-0.931636;5.76936;1.06836;5.76936;0.00134047;6.70234;0.0670234;0.0670234
895;0.209014;-0.931636;5.76936;1.06836;5.76936;0.00134047;6.70234;0.0670234;0.0670234
896;0.209014;-0.931636;5.76936;1.06836;5.76936;0.00134047;6.70234;0.0670234;0.0670234
897;0.209014;-0.931636;5.76936;1.06836;5.76936;0.00134047;6.70234;0.0670234;0.0670234
898;0.209014;-0.931636;5.76936;1.06836;5.76936;0.00134047;6.70234;0.0670234;0.0670234
899;0.209014;-0.931636;5.76936;1.06836;5.76936;0.00134047;6.70234;0.0670234;0.0670234
900;0.209014;-0.931636;5.76936;1.06836;5.76936;0.00134047;6.70234;0.0670234;0.0670234
901;0.209014;-0.931636;5.76936;1.06836;5.76936;0.00134047;6.70234;0.0670234;0.0670234
902;0.209014;-0.931636;5.76936;1.06836;5.76936;0.00134047;6.70234;0.0670234;0.0670234
903;0.209014;-0.931636;5.76936;1.06836;5.76936;0.00134047;6.70234;0.0670234;0.0670234
904;0.209014;-0.931636;5.76936;1.06836;5.76936;0.00134047;6.70234;0.0670234;0.0670234
905;0.209014;-0.931636;5.76936;1.06836;5.76936;0.00134047;6.70234;0.0670234;0.0670234
906;0.209014;-0.931636;5.76936;1.06836;5.76936;0.00134047;6.70234;0.0670234;0.0670234
907;0.209014;-0.931636;5.76936;1.06836;5.76936;0.00134047;6.70234;0.0670234;0.0670234
908;0.209014;-0.931636;5.76936;1.06836;5.76936;0.00134047;6.70234;0.0670234;0.0670234
909;0.209014;-0.931636;5.76936;1.06836;5.76936;0.00134047;6.70234;0.0670234;0.0670234
910;0.209014;-0.931636;5.76936;1.06836;5.76936;0.00134047;6.70234;0.0670234;0.0670234
911;0.209014;-0.931636;5.76936;1.06836;5.76936;0.00134047;6.70234;0.0670234;0.0670234
912;0.209014;-0.931636;5.76936;1.06836;5.76936;0.00134047;6.70234;0.0670234;0.0670234
913;0.209014;-0.931636;5.76936;1.06836;5.76936;0.00134047;6.70234;0.0670234;0.0670234
914;0.209014;-0.931636;5.76936;1.06836;5.76936;0.00134047;6.70234;0.0670234;0.0670234
915;0.209014;-0.931636;5.76936;1.06836;5.76936;0.00134047;6.70234;0.0670234;0.0670234
916;0.209014;-0.931636;5.76936;1.06836;5.76936;0.00134047;6.70234;0.0670234;0.0670234
917;0.209014;-0.931636;5.76936;1.06836;5.76936;0.00134047;6.70234;0.0670234;0.0670234
918;0.209014;-0.931636;5.76936;1.06836;5.76936;0.00134047;6.70234;0.0670234;0.0670234
919;0.209014;-0.931636;5.76936;1.06836;5.76936;0.00134047;6.70234;0.0670234;0.0670234
920;0.209014;-0.931636;5.76936;1.06836;5.76936;0.00134047;6.70234;0.0670234;0.0670234
921;0.209014;-0.931636;5.76936;1.06836;5.76936;0.00134047;6.70234;0.0670234;0.0670234
922;0.209014;-0.931636;5.76936;1.06836;5.76936;0.00134047;6.70234;0.0670234;0.0670234
923;0.209014;-0.931636;5.76936;1.06836;5.76936;0.00134047;6.70234;0.0670234;0.0670234
924;0.209014;-0.931636;5.76936;1.06836;5.76936;0.00134047;6.70234;0.0670234;0.0670234
925;0.209014;-0.931636;5.76936;1.06836;5.76936;0.00134047;6.70234;0.0670234;0.0670234
926;0.209014;-0.931636;5.76936;1.06836;5.76936;0.00134047;6.70234;0.0670234;0.0670234
927;0.209014;-0.931636;5.76936;1.06836;5.76936;0.00134047;6.70234;0.0670234;0.0670234
928;0.209014;-0.931636;5.76936;1.06836;5.76936;0.00134047;6.70234;0.0670234;0.0670234
929;0.209014;-0.931636;5.76936;1.06836;5.76936;0.00134047;6.70234;0.0670234;0.0670234
930;0.209014;-0.931636;5.76936;1.06836;5.76936;0.00134047;6.70234;0.0670234;0.0670234
931;0.209014;-0.931636;5.76936;1.06836;5.76936;0.00134047;6.70234;0.0670234;0.0670234
932;0.209014;-0.931636;5.76936;1.06836;5.76936;0.00134047;6.70234;0.0670234;0.0670234
933;0.209014;-0.931636;5.76936;1.06836;5.76936;0.00134047;6.70234;0.0670234;0.0670234
934;0.209014;-0.931636;5.76936;1.06836;5.76936;0.00134047;6.70234;0.0670234;0.0670234
935;0.209014;-0.931636;5.76936;1.06836;5.76936;0.00134047;6.70234;0.0670234;0.0670234
936;0.209014;-0.931636;5.76936;1.06836;5.76936;0.00134047;6.70234;0.0670234;0.0670234
937;0.209014;-0.931636;5.76936;1.06836;5.76936;0.00134047;6.70234;0.0670234;0.0670234
938;0.209014;-0.931636;5.76936;1.06836;5.76936;0.00134047;6.70234;0.0670234;0.0670234
939;0.209014;-0.931636;5.76936;1.06836;5.76936;0.00134047;6.70234;0.0670234;0.0670234
940;0.209014;-0.931636;5.76936;1.06836;5.76936;0.00134047;6.70234;0.0670234;0.0670234
941;0.209014;-0.931636;5.76936;1.06836;5.76936;0.00134047;6.70234;0.0670234;0.0670234
942;0.209014;-0.931636;5.76936;1.06836;5.76936;0.00134047;6.70234;0.0670234;0.0670234
943;0.209014;-0.931636;5.76936;1.06836;5.76936;0.00134047;6.70234;0.0670234;0.0670234
944;0.209014;-0.931636;5.76936;1.06836;5.76936;0.00134047;6.70234;0.0670234;0.0670234
945;0.209014;-0.931636;5.76936;1.06836;5.76936;0.00134047;6.70234;0.0670234;0.0670234
946;0.209014;-0.931636;5.76936;1.06836;5.76936;0.00134047;6.70234;0.0670234;0.0670234
947;0.209014;-0.931636;5.76936;1.06836;5.76936;0.00134047;6.70234;0.0670234;0.0670234
948;0.209014;-0.931636;5.76936;1.06836;5.76936;0.00134047;6.70234;0.0670234;0.0670234
949;0.209014;-0.931636;5.76936;1.06836;5.76936;0.00134047;6.70234;0.0670234;0.0670234
950;0.209014;-0.931636;5.76936;1.06836;5.76936;0.00134047;6.70234;0.0670234;0.0670234
951;0.209014;-0.931636;5.76936;1.06836;5.76936;0.00134047;6.70234;0.0670234;0.0670234
952;0.209014;-0.931636;5.76936;1.06836;5.76936;0.00134047;6.70234;0.0670234;0.0670234
953;0.209014;-0.931636;5.76936;1.06836;5.76936;0.00134047;6.70234;0.0670234;0.0670234
954;0.209014;-0.931636;5.76936;1.06836;5.76936;0.00134047;6.70234;0.0670234;0.0670234
955;0.209014;-0.931636;5.76936;1.06836;5.76936;0.00134047;6.70234;0.0670234;0.0670234
956;0.209014;-0.931636;5.76936;1.06836;5.76936;0.00134047;6.70234;0.0670234;0.0670234
957;0.209014;-0.931636;5.76936;1.06836;5.76936;0.00134047;6.70234;0.0670234;0.0670234
958;0.209014;-0.931636;5.76936;1.06836;5.76936;0.00134047;6.70234;0.0670234;0.0670234
959;0.209014;-0.931636;5.76936;1.06836;5.76936;0.00134047;6.70234;0.0670234;0.0670234
960;0.209014;-0.931636;5.76936;1.06836;5.76936;0.00134047;6.70234;0.0670234;0.0670234
961;0.209014;-0.931636;5.76936;1.06836;5.76936;0.00134047;6.70234;0.0670234;0.0670234
962;0.209014;-0.931636;5.76936;1.06836;5.76936;0.00134047;6.70234;0.0670234;0.0670234
963;0.209014;-0.931636;5.76936;1.06836;5.76936;0.00134047;6.70234;0.0670234;0.0670234
964;0.209014;-0.931636;5.76936;1.06836;5.76936;0.00134047;6.70234;0.0670234;0.0670234
965;0.209014;-0.931636;5.76936;1.06836;5.76936;0.00134047;6.70234;0.0670234;0.0670234
966;0.209014;-0.931636;5.76936;1.06836;5.76936;0.00134047;6.70234;0.0670234;0.0670234
967;0.209014;-0.931636;5.76936;1.06836;5.76936;0.00134047;6.70234;0.0670234;0.0670234
968;0.209014;-0.931636;5.76936;1.06836;5.76936;0.00134047;6.70234;0.0670234;0.0670234
969;0.209014;-0.931636;5.76936;1.06836;5.76936;0.00134047;6.70234;0.0670234;0.0670234
970;0.209014;-0.931636;5.76936;1.06836;5.76936;0.00134047;6.70234;0.0670234;0.0670234
971;0.209014;-0.931636;5.76936;1.06836;5.76936;0.00134047;6.70234;0.0670234;0.0670234
972;0.209014;-0.931636;5.76936;1.06836;5.76936;0.00134047;6.70234;0.0670234;0.0670234
973;0.209014;-0.931636;5.76936;1.06836;5.76936;0.00134047;6.70234;0.0670234;0.0670234
974;0.209014;-0.931636;5.76936;1.06836;5.76936;0.00134047;6.70234;0.0670234;0.0670234
975;0.209014;-0.931636;5.76936;1.06836;5.76936;0.00134047;6.70234;0.0670234;0.0670234
976;0.209014;-0.931636;5.76936;1.06836;5.76936;0.00134047;6.70234;0.0670234;0.0670234
977;0.209014;-0.931636;5.76936;1.06836;5.76936;0.00134047;6.70234;0.0670234;0.0670234
978;0.209014;-0.931636;5.76936;1.06836;5.76936;0.00134047;6.70234;0.0670234;0.0670234
979;0.209014;-0.931636;5.76936;1.06836;5.76936;0.00134047;6.70234;0.0670234;0.0670234
980;0.209014;-0.931636;5.76936;1.06836;5.76936;0.00134047;6.70234;0.0670234;0.0670234
981;0.209014;-0.931636;5.76936;1.06836;5.76936;0.00134047;6.70234;0.0670234;0.0670234
982;0.209014;-0.931636;5.76936;1.06836;5.76936;0.00134047;6.70234;0.0670234;0.0670234
983;0.209014;-0.931636;5.76936;1.06836;5.76936;0.00134047;6.70234;0.0670234;0.0670234
984;0.209014;-0.931636;5.76936;1.06836;5.76936;0.00134047;6.70234;0.0670234;0.0670234
985;0.209014;-0.931636;5.76936;1.06836;5.76936;0.00134047;6.70234;0.0670234;0.0670234
986;0.209014;-0.931636;5.76936;1.06836;5.76936;0.00134047;6.70234;0.0670234;0.0670234
987;0.209014;-0.931636;5.76936;1.06836;5.76936;0.00134047;6.70234;0.0670234;0.0670234
988;0.209014;-0.931636;5.76936;1.06836;5.76936;0.00134047;6.70234;0.0670234;0.0670234
989;0.209014;-0.931636;5.76936;1.06836;5.76936;0.00134047;6.70234;0.0670234;0.0670234
990;0.209014;-0.931636;5.76936;1.06836;5.76936;0.00134047;6.70234;0.0670234;0.0670234
991;0.209014;-0.931636;5.76936;1.06836;5.76936;0.00134047;6.70234;0.0670234;0.0670234
992;0.209014;-0.931636;5.76936;1.06836;5.76936;0.00134047;6.70234;0.0670234;0.0670234
993;0.209014;-0.931636;5.76936;1.06836;5.76936;0.00134047;6.70234;0.0670234;0.0670234
994;0.209014;-0.931636;5.76936;1.06836;5.76936;0.00134047;6.70234;0.0670234;0.0670234
995;0.209014;-0.931636;5.76936;1.06836;5.76936;0.00134047;6.70234;0.0670234;0.0670234
996;0.209014;-0.931636;5.76936;1.06836;5.76936;0.00134047;6.70234;0.0670234;0.0670234
997;0.209014;-0.931636;5.76936;1.06836;5.76936;0.00134047;6.70234;0.0670234;0.0670234
998;0.209014;-0.931636;5.76936;1.06836;5.76936;0.00134047;6.70234;0.0670234;0.0670234
999;0.209014;-0.931636;5.76936;1.06836;5.76936;0.00134047;6.70234;0.0670234;0.0670234
1000;0.209014;-0.931636;5.76936;1.06836;5.76936;0.00134047;6.70234;0.0670234;0.0670234
1001;0.209014;-0.931636;5.76936;1.06836;5.76936;0.00134047;6.70234;0.0670234;0.0670234
1002;0.209014;-0.931636;5.76936;1.06836;5.76936;0.00134047;6.70234;0.0670234;0.0670234
1003;0.209014;-0.931636;5.76936;1.06836;5.76936;0.00134047;6.70234;0.0670234;0.0670234
1004;0.209014;-0.931636;5.76936;1.06836;5.76936;0.00134047;6.70234;0.0670234;0.0670234
1005;0.209014;-0.931636;5.76936;1.06836;5.76936;0.00134047;6.70234;0.0670234;0.0670234
1006;0.209014;-0.931636;5.76936;1.06836;5.76936;0.00134047;6.70234;0.0670234;0.0670234
1007;0.209014;-0.931636;5.76936;1.06836;5.76936;0.00134047;6.70234;0.0670234;0.0670234
1008;0.209014;-0.931636;5.76936;1.06836;5.76936;0.00134047;6.70234;0.0670234;0.0670234
1009;0.209014;-0.931636;5.76936;1.06836;5.76936;0.00134047;6.70234;0.0670234;0.0670234
1010;0.209014;-0.931636;5.76936;1.06836;5.76936;0.00134047;6.70234;0.0670234;0.0670234
1011;0.209014;-0.931636;5.76936;1.06836;5.76936;0.00134047;6.70234;0.0670234;0.0670234
1012;0.209014;-0.931636;5.76936;1.06836;5.76936;0.00134047;6.70234;0.0670234;0.0670234
1013;0.209014;-0.931636;5.76936;1.06836;5.76936;0.00134047;6.70234;0.0670234;0.0670234
1014;0.209014;-0.931636;5.76936;1.06836;5.76936;0.00134047;6.70234;0.0670234;0.0670234
1015;0.209014;-0.931636;5.76936;1.06836;5.76936;0.00134047;6.70234;0.0670234;0.0670234
1016;0.209014;-0.931636;5.76936;1.06836;5.76936;0.00134047;6.70234;0.0670234;0.0670234
1017;0.209014;-0.931636;5.76936;1.06836;5.76936;0.00134047;6.70234;0.0670234;0.0670234
1018;0.209014;-0.931636;5.76936;1.06836;5.76936;0.00134047;6.70234;0.0670234;0.0670234
1019;0.209014;-0.931636;5.76936;1.06836;5.76936;0.00134047;6.70234;0.0670234;0.0670234
1020;0.209014;-0.931636;5.76936;1.06836;5.76936;0.00134047;6.70234;0.0670234;0.0670234
1021;0.209014;-0.931636;5.76936;1.06836;5.76936;0.00134047;6.70234;0.0670234;0.0670234
1022;0.209014;-0.931636;5.76936;1.06836;5.76936;0.00134047;6.70234;0.0670234;0.0670234
1023;0.209014;-0.931636;5.76936;1.06836;5.76936;0.00134047;6.70234;0.0670234;0.0670234
1024;0.209014;-0.931636;5.76936;1.06836;5.76936;0.00134047;6.70234;0.0670234;0.0670234
1025;0.209014;-0.931636;5.76936;1.06836;5.76936;0.00134047;6.70234;0.0670234;0.0670234
1026;0.209014;-0.931636;5.76936;1.06836;5.76936;0.00134047;6.70234;0.0670234;0.0670234
1027;0.209014;-0.931636;5.76936;1.06836;5.76936;0.00134047;6.70234;0.0670234;0.0670234
1028;0.209014;-0.931636;5.76936;1.06836;5.76936;0.00134047;6.70234;0.0670234;0.0670234
1029;0.209014;-0.931636;5.76936;1.06836;5.76936;0.00134047;6.70234;0.0670234;0.0670234
1030;0.209014;-0.931636;5.76936;1.06836;5.76936;0.00134047;6.70234;0.0670234;0.0670234
1031;0.209014;-0.931636;5.76936;1.06836;5.76936;0.00134047;6.70234;0.0670234;0.0670234
1032;0.209014;-0.931636;5.76936;1.06836;5.76936;0.00134047;6.70234;0.0670234;0.0670234
1033;0.209014;-0.931636;5.76936;1.06836;5.76936;0.00134047;6.70234;0.0670234;0.0670234
1034;0.209014;-0.931636;5.76936;1.06836;5.76936;0.00134047;6.70234;0.0670234;0.0670234
1035;0.209014;-0.931636;5.76936;1.06836;5.76936;0.00134047;6.70234;0.0670234;0.0670234
1036;0.209014;-0.931636;5.76936;1.06836;5.76936;0.00134047;6.70234;0.0670234;0.0670234
1037;0.209014;-0.931636;5.76936;1.06836;5.76936;0.00134047;6.70234;0.0670234;0.0670234
1038;0.209014;-0.931636;5.76936;1.06836;5.76936;0.00134047;6.70234;0.0670234;0.0670234
1039;0.209014;-0.931636;5.76936;1.06836;5.76936;0.00134047;6.70234;0.0670234;0.0670234
1040;0.209014;-0.931636;5.76936;1.06836;5.76936;0.00134047;6.70234;0.0670234;0.0670234
1041;0.209014;-0.931636;5.76936;1.06836;5.76936;0.00134047;6.70234;0.0670234;0.0670234
1042;0.209014;-0.931636;5.76936;1.06836;5.76936;0.00134047;6.70234;0.0670234;0.0670234
1043;0.209014;-0.931636;5.76936;1.06836;5.76936;0.00134047;6.70234;0.0670234;0.0670234
1044;0.209014;-0.931636;5.76936;1.06836;5.76936;0.00134047;6.70234;0.0670234;0.0670234
1045;0.209014;-0.931636;5.76936;1.06836;5.76936;0.00134047;6.70234;0.0670234;0.0670234
1046;0.209014;-0.931636;5.76936;1.06836;5.76936;0.00134047;6.70234;0.0670234;0.0670234
1047;0.209014;-0.931636;5.76936;1.06836;5.76936;0.00134047;6.70234;0.0670234;0.0670234
1048;0.209014;-0.931636;5.76936;1.06836;5.76936;0.00134047;6.70234;0.0670234;0.0670234
1049;0.209014;-0.931636;5.76936;1.06836;5.76936;0.00134047;6.70234;0.0670234;0.0670234
1050;0.209014;-0.931636;5.76936;1.06836;5.76936;0.00134047;6.70234;0.0670234;0.0670234
1051;0.209014;-0.931636;5.76936;1.06836;5.76936;0.00134047;6.70234;0.0670234;0.0670234
1052;0.209014;-0.931636;5.76936;1.06836;5.76936;0.00134047;6.70234;0.0670234;0.0670234
1053;0.209014;-0.931636;5.76936;1.06836;5.76936;0.00134047;6.70234;0.0670234;0.0670234
1054;0.209014;-0.931636;5.76936;1.06836;5.76936;0.00134047;6.70234;0.0670234;0.0670234
1055;0.209014;-0.931636;5.76936;1.06836;5.76936;0.00134047;6.70234;0.0670234;0.0670234
1056;0.209014;-0.931636;5.76936;1.06836;5.76936;0.00134047;6.70234;0.0670234;0.0670234
1057;0.209014;-0.931636;5.76936;1.06836;5.76936;0.00134047;6.70234;0.0670234;0.0670234
1058;0.209014;-0.931636;5.76936;1.06836;5.76936;0.00134047;6.70234;0.0670234;0.0670234
1059;0.209014;-0.931636;5.76936;1.06836;5.76936;0.00134047;6.70234;0.0670234;0.0670234
1060;0.209014;-0.931636;5.76936;1.06836;5.76936;0.00134047;6.70234;0.0670234;0.0670234
1061;0.209014;-0.931636;5.76936;1.06836;5.76936;0.00134047;6.70234;0.0670234;0.0670234
1062;0.209014;-0.931636;5.76936;1.06836;5.76936;0.00134047;6.70234;0.0670234;0.0670234
1063;0.209014;-0.931636;5.76936;1.06836;5.76936;0.00134047;6.70234;0.0670234;0.0670234
1064;0.209014;-0.931636;5.76936;1.06836;5.76936;0.00134047;6.70234;0.0670234;0.0670234
1065;0.209014;-0.931636;5.76936;1.06836;5.76936;0.00134047;6.70234;0.0670234;0.0670234
1066;0.209014;-0.931636;5.76936;1.06836;5.76936;0.00134047;6.70234;0.0670234;0.0670234
1067;0.209014;-0.931636;5.76936;1.06836;5.76936;0.00134047;6.70234;0.0670234;0.0670234
1068;0.209014;-0.931636;5.76936;1.06836;5.76936;0.00134047;6.70234;0.0670234;0.0670234
1069;0.209014;-0.931636;5.76936;1.06836;5.76936;0.00134047;6.70234;0.0670234;0.0670234
1070;0.209014;-0.931636;5.76936;1.06836;5.76936;0.00134047;6.70234;0.0670234;0.0670234
1071;0.209014;-0.931636;5.76936;1.06836;5.76936;0.00134047;6.70234;0.0670234;0.0670234
1072;0.209014;-0.931636;5.76936;1.06836;5.76936;0.00134047;6.70234;0.0670234;0.0670234
1073;0.209014;-0.931636;5.76936;1.06836;5.76936;0.00134047;6.70234;0.0670234;0.0670234
1074;0.209014;-0.931636;5.76936;1.06836;5.76936;0.00134047;6.70234;0.0670234;0.0670234
1075;0.209014;-0.931636;5.76936;1.06836;5.76936;0.00134047;6.70234;0.0670234;0.0670234
1076;0.209014;-0.931636;5.76936;1.06836;5.76936;0.00134047;6.70234;0.0670234;0.0670234
1077;0.209014;-0.931636;5.76936;1.06836;5.76936;0.00134047;6.70234;0.0670234;0.0670234
1078;0.209014;-0.931636;5.76936;1.06836;5.76936;0.00134047;6.70234;0.0670234;0.0670234
1079;0.209014;-0.931636;5.76936;1.06836;5.76936;0.00134047;6.70234;0.0670234;0.0670234
1080;0.209014;-0.931636;5.76936;1.06836;5.76936;0.00134047;6.70234;0.0670234;0.0670234
1081;0.209014;-0.931636;5.76936;1.06836;5.76936;0.00134047;6.70234;0.0670234;0.0670234
1082;0.209014;-0.931636;5.76936;1.06836;5.76936;0.00134047;6.70234;0.0670234;0.0670234
1083;0.209014;-0.931636;5.76936;1.06836;5.76936;0.00134047;6.70234;0.0670234;0.0670234
1084;0.209014;-0.931636;5.76936;1.06836;5.76936;0.00134047;6.70234;0.0670234;0.0670234
1085;0.209014;-0.931636;5.76936;1.06836;5.76936;0.00134047;6.70234;0.0670234;0.0670234
1086;0.209014;-0.931636;5.76936;1.06836;5.76936;0.00134047;6.70234;0.0670234;0.0670234
1087;0.209014;-0.931636;5.76936;1.06836;5.76936;0.00134047;6.70234;0.0670234;0.0670234
1088;0.209014;-0.931636;5.76936;1.06836;5.76936;0.00134047;6.70234;0.0670234;0.0670234
1089;0.209014;-0.931636;5.76936;1.06836;5.76936;0.00134047;6.70234;0.0670234;0.0670234
1090;0.209014;-0.931636;5.76936;1.06836;5.76936;0.00134047;6.70234;0.0670234;0.0670234
1091;0.209014;-0.931636;5.76936;1.06836;5.76936;0.00134047;6.70234;0.0670234;0.0670234
1092;0.209014;-0.931636;5.76936;1.06836;5.76936;0.00134047;6.70234;0.0670234;0.0670234
1093;0.209014;-0.931636;5.76936;1.06836;5.76936;0.00134047;6.70234;0.0670234;0.0670234
1094;0.209014;-0.931636;5.76936;1.06836;5.76936;0.00134047;6.70234;0.0670234;0.0670234
1095;0.209014;-0.931636;5.76936;1.06836;5.76936;0.00134047;6.70234;0.0670234;0.0670234
1096;0.209014;-0.931636;5.76936;1.06836;5.76936;0.00134047;6.70234;0.0670234;0.0670234
1097;0.209014;-0.931636;5.76936;1.06836;5.76936;0.00134047;6.70234;0.0670234;0.0670234
1098;0.209014;-0.931636;5.76936;1.06836;5.76936;0.00134047;6.70234;0.0670234;0.0670234
1099;0.209014;-0.931636;5.76936;1.06836;5.76936;0.00134047;6.70234;0.0670234;0.0670234
1100;0.209014;-0.931636;5.76936;1.06836;5.76936;0.00134047;6.70234;0.0670234;0.0670234
1101;0.209014;-0.931636;5.76936;1.06836;5.76936;0.00134047;6.70234;0.0670234;0.0670234
1102;0.209014;-0.931636;5.76936;1.06836;5.76936;0.00134047;6.70234;0.0670234;0.0670234
1103;0.209014;-0.931636;5.76936;1.06836;5.76936;0.00134047;6.70234;0.0670234;0.0670234
1104;0.209014;-0.931636;5.76936;1.06836;5.76936;0.00134047;6.70234;0.0670234;0.0670234
1105;0.209014;-0.931636;5.76936;1.06836;5.76936;0.00134047;6.70234;0.0670234;0.0670234
1106;0.209014;-0.931636;5.76936;1.06836;5.76936;0.00134047;6.70234;0.0670234;0.0670234
1107;0.209014;-0.931636;5.76936;1.06836;5.76936;0.00134047;6.70234;0.0670234;0.0670234
1108;0.209014;-0.931636;5.76936;1.06836;5.76936;0.00134047;6.70234;0.0670234;0.0670234
1109;0.209014;-0.931636;5.76936;1.06836;5.76936;0.00134047;6.70234;0.0670234;0.0670234
1110;0.209014;-0.931636;5.76936;1.06836;5.76936;0.00134047;6.70234;0.0670234;0.0670234
1111;0.209014;-0.931636;5.76936;1.06836;5.76936;0.00134047;6.70234;0.0670234;0.0670234
1112;0.209014;-0.931636;5.76936;1.06836;5.76936;0.00134047;6.70234;0.0670234;0.0670234
1113;0.209014;-0.931636;5.76936;1.06836;5.76936;0.00134047;6.70234;0.0670234;0.0670234
1114;0.209014;-0.931636;5.76936;1.06836;5.76936;0.00134047;6.70234;0.0670234;0.0670234
1115;0.209014;-0.931636;5.76936;1.06836;5.76936;0.00134047;6.70234;0.0670234;0.0670234
1116;0.209014;-0.931636;5.76936;1.06836;5.76936;0.00134047;6.70234;0.0670234;0.0670234
1117;0.209014;-0.931636;5.76936;1.06836;5.76936;0.00134047;6.70234;0.0670234;0.0670234
1118;0.209014;-0.931636;5.76936;1.06836;5.76936;0.00134047;6.70234;0.0670234;0.0670234
1119;0.209014;-0.931636;5.76936;1.06836;5.76936;0.00134047;6.70234;0.0670234;0.0670234
1120;0.209014;-0.931636;5.76936;1.06836;5.76936;0.00134047;6.70234;0.0670234;0.0670234
1121;0.209014;-0.931636;5.76936;1.06836;5.76936;0.00134047;6.70234;0.0670234;0.0670234
1122;0.209014;-0.931636;5.76936;1.06836;5.76936;0.00134047;6.70234;0.0670234;0.0670234
1123;0.209014;-0.931636;5.76936;1.06836;5.76936;0.00134047;6.70234;0.0670234;0.0670234
1124;0.209014;-0.931636;5.76936;1.06836;5.76936;0.00134047;6.70234;0.0670234;0.0670234
1125;0.209014;-0.931636;5.76936;1.06836;5.76936;0.00134047;6.70234;0.0670234;0.0670234
1126;0.209014;-0.931636;5.76936;1.06836;5.76936;0.00134047;6.70234;0.0670234;0.0670234
1127;0.209014;-0.931636;5.76936;1.06836;5.76936;0.00134047;6.70234;0.0670234;0.0670234
1128;0.209014;-0.931636;5.76936;1.06836;5.76936;0.00134047;6.70234;0.0670234;0.0670234
1129;0.209014;-0.931636;5.76936;1.06836;5.76936;0.00134047;6.70234;0.0670234;0.0670234
1130;0.209014;-0.931636;5.76936;1.06836;5.76936;0.00134047;6.70234;0.0670234;0.0670234
1131;0.209014;-0.931636;5.76936;1.06836;5.76936;0.00134047;6.70234;0.0670234;0.0670234
1132;0.209014;-0.931636;5.76936;1.06836;5.76936;0.00134047;6.70234;0.0670234;0.0670234
1133;0.209014;-0.931636;5.76936;1.06836;5.76936;0.00134047;6.70234;0.0670234;0.0670234
1134;0.209014;-0.931636;5.76936;1.06836;5.76936;0.00134047;6.70234;0.0670234;0.0670234
1135;0.209014;-0.931636;5.76936;1.06836;5.76936;0.00134047;6.70234;0.0670234;0.0670234
1136;0.209014;-0.931636;5.76936;1.06836;5.76936;0.00134047;6.70234;0.0670234;0.0670234
1137;0.209014;-0.931636;5.76936;1.06836;5.76936;0.00134047;6.70234;0.0670234;0.0670234
1138;0.209014;-0.931636;5.76936;1.06836;5.76936;0.00134047;6.70234;0.0670234;0.0670234
1139;0.209014;-0.931636;5.76936;1.06836;5.76936;0.00134047;6.70234;0.0670234;0.0670234
1140;0.209014;-0.931636;5.76936;1.06836;5.76936;0.00134047;6.70234;0.0670234;0.0670234
1141;0.209014;-0.931636;5.76936;1.06836;5.76936;0.00134047;6.70234;0.0670234;0.0670234
1142;0.209014;-0.931636;5.76936;1.06836;5.76936;0.00134047;6.70234;0.0670234;0.0670234
1143;0.209014;-0.931636;5.76936;1.06836;5.76936;0.00134047;6.70234;0.0670234;0.0670234
1144;0.209014;-0.931636;5.76936;1.06836;5.76936;0.00134047;6.70234;0.0670234;0.0670234
1145;0.209014;-0.931636;5.76936;1.06836;5.76936;0.00134047;6.70234;0.0670234;0.0670234
1146;0.209014;-0.931636;5.76936;1.06836;5.76936;0.00134047;6.70234;0.0670234;0.0670234
1147;0.209014;-0.931636;5.76936;1.06836;5.76936;0.00134047;6.70234;0.0670234;0.0670234
1148;0.209014;-0.931636;5.76936;1.06836;5.76936;0.00134047;6.70234;0.0670234;0.0670234
1149;0.209014;-0.931636;5.76936;1.06836;5.76936;0.00134047;6.70234;0.0670234;0.0670234
1150;0.209014;-0.931636;5.76936;1.06836;5.76936;0.00134047;6.70234;0.0670234;0.0670234
1151;0.209014;-0.931636;5.76936;1.06836;5.76936;0.00134047;6.70234;0.0670234;0.0670234
1152;0.209014;-0.931636;5.76936;1.06836;5.76936;0.00134047;6.70234;0.0670234;0.0670234
1153;0.209014;-0.931636;5.76936;1.06836;5.76936;0.00134047;6.70234;0.0670234;0.0670234
1154;0.209014;-0.931636;5.76936;1.06836;5.76936;0.00134047;6.70234;0.0670234;0.0670234
1155;0.209014;-0.931636;5.76936;1.06836;5.76936;0.00134047;6.70234;0.0670234;0.0670234
1156;0.209014;-0.931636;5.76936;1.06836;5.76936;0.00134047;6.70234;0.0670234;0.0670234
1157;0.209014;-0.931636;5.76936;1.06836;5.76936;0.00134047;6.70234;0.0670234;0.0670234
1158;0.209014;-0.931636;5.76936;1.06836;5.76936;0.00134047;6.70234;0.0670234;0.0670234
1159;0.209014;-0.931636;5.76936;1.06836;5.76936;0.00134047;6.70234;0.0670234;0.0670234
1160;0.209014;-0.931636;5.76936;1.06836;5.76936;0.00134047;6.70234;0.0670234;0.0670234
1161;0.209014;-0.931636;5.76936;1.06836;5.76936;0.00134047;6.70234;0.0670234;0.0670234
1162;0.209014;-0.931636;5.76936;1.06836;5.76936;0.00134047;6.70234;0.0670234;0.0670234
1163;0.209014;-0.931636;5.76936;1.06836;5.76936;0.00134047;6.70234;0.0670234;0.0670234
1164;0.209014;-0.931636;5.76936;1.06836;5.76936;0.00134047;6.70234;0.0670234;0.0670234
1165;0.209014;-0.931636;5.76936;1.06836;5.76936;0.00134047;6.70234;0.0670234;0.0670234
1166;0.209014;-0.931636;5.76936;1.06836;5.76936;0.00134047;6.70234;0.0670234;0.0670234
1167;0.209014;-0.931636;5.76936;1.06836;5.76936;0.00134047;6.70234;0.0670234;0.0670234
1168;0.209014;-0.931636;5.76936;1.06836;5.76936;0.00134047;6.70234;0.0670234;0.0670234
1169;0.209014;-0.931636;5.76936;1.06836;5.76936;0.00134047;6.70234;0.0670234;0.0670234
1170;0.209014;-0.931636;5.76936;1.06836;5.76936;0.00134047;6.70234;0.0670234;0.0670234
1171;0.209014;-0.931636;5.76936;1.06836;5.76936;0.00134047;6.70234;0.0670234;0.0670234
1172;0.209014;-0.931636;5.76936;1.06836;5.76936;0.00134047;6.70234;0.0670234;0.0670234
1173;0.209014;-0.931636;5.76936;1.06836;5.76936;0.00134047;6.70234;0.0670234;0.0670234
1174;0.209014;-0.931636;5.76936;1.06836;5.76936;0.00134047;6.70234;0.0670234;0.0670234
1175;0.209014;-0.931636;5.76936;1.06836;5.76936;0.00134047;6.70234;0.0670234;0.0670234
1176;0.209014;-0.931636;5.76936;1.06836;5.76936;0.00134047;6.70234;0.0670234;0.0670234
1177;0.209014;-0.931636;5.76936;1.06836;5.76936;0.00134047;6.70234;0.0670234;0.0670234
1178;0.209014;-0.931636;5.76936;1.06836;5.76936;0.00134047;6.70234;0.0670234;0.0670234
1179;0.209014;-0.931636;5.76936;1.06836;5.76936;0.00134047;6.70234;0.0670234;0.0670234
1180;0.209014;-0.931636;5.76936;1.06836;5.76936;0.00134047;6.70234;0.0670234;0.0670234
1181;0.209014;-0.931636;5.76936;1.06836;5.76936;0.00134047;6.70234;0.0670234;0.0670234
1182;0.209014;-0.931636;5.76936;1.06836;5.76936;0.00134047;6.70234;0.0670234;0.0670234
1183;0.209014;-0.931636;5.76936;1.06836;5.76936;0.00134047;6.70234;0.0670234;0.0670234
1184;0.209014;-0.931636;5.76936;1.06836;5.76936;0.00134047;6.70234;0.0670234;0.0670234
1185;0.209014;-0.931636;5.76936;1.06836;5.76936;0.00134047;6.70234;0.0670234;0.0670234
1186;0.209014;-0.931636;5.76936;1.06836;5.76936;0.00134047;6.70234;0.0670234;0.0670234
1187;0.209014;-0.931636;5.76936;1.06836;5.76936;0.00134047;6.70234;0.0670234;0.0670234
1188;0.209014;-0.931636;5.76936;1.06836;5.76936;0.00134047;6.70234;0.0670234;0.0670234
1189;0.209014;-0.931636;5.76936;1.06836;5.76936;0.00134047;6.70234;0.0670234;0.0670234
1190;0.209014;-0.931636;5.76936;1.06836;5.76936;0.00134047;6.70234;0.0670234;0.0670234
1191;0.209014;-0.931636;5.76936;1.06836;5.76936;0.00134047;6.70234;0.0670234;0.0670234
1192;0.209014;-0.931636;5.76936;1.06836;5.76936;0.00134047;6.70234;0.0670234;0.0670234
1193;0.209014;-0.931636;5.76936;1.06836;5.76936;0.00134047;6.70234;0.0670234;0.0670234
1194;0.209014;-0.931636;5.76936;1.06836;5.76936;0.00134047;6.70234;0.0670234;0.0670234
1195;0.209014;-0.931636;5.76936;1.06836;5.76936;0.00134047;6.70234;0.0670234;0.0670234
1196;0.209014;-0.931636;5.76936;1.06836;5.76936;0.00134047;6.70234;0.0670234;0.0670234
1197;0.209014;-0.931636;5.76936;1.06836;5.76936;0.00134047;6.70234;0.0670234;0.0670234
1198;0.209014;-0.931636;5.76936;1.06836;5.76936;0.00134047;6.70234;0.0670234;0.0670234
1199;0.209014;-0.931636;5.76936;1.06836;5.76936;0.00134047;6.70234;0.0670234;0.0670234
1200;0.209014;-0.931636;5.76936;1.06836;5.76936;0.00134047;6.70234;0.0670234;0.0670234
1201;0.209014;-0.931636;5.76936;1.06836;5.76936;0.00134047;6.70234;0.0670234;0.0670234
1202;0.209014;-0.931636;5.76936;1.06836;5.76936;0.00134047;6.70234;0.0670234;0.0670234
1203;0.209014;-0.931636;5.76936;1.06836;5.76936;0.00134047;6.70234;0.0670234;0.0670234
1204;0.209014;-0.931636;5.76936;1.06836;5.76936;0.00134047;6.70234;0.0670234;0.0670234
1205;0.209014;-0.931636;5.76936;1.06836;5.76936;0.00134047;6.70234;0.0670234;0.0670234
1206;0.209014;-0.931636;5.76936;1.06836;5.76936;0.00134047;6.70234;0.0670234;0.0670234
1207;0.209014;-0.931636;5.76936;1.06836;5.76936;0.00134047;6.70234;0.0670234;0.0670234
1208;0.209014;-0.931636;5.76936;1.06836;5.76936;0.00134047;6.70234;0.0670234;0.0670234
1209;0.209014;-0.931636;5.76936;1.06836;5.76936;0.00134047;6.70234;0.0670234;0.0670234
1210;0.209014;-0.931636;5.76936;1.06836;5.76936;0.00134047;6.70234;0.0670234;0.0670234
1211;0.209014;-0.931636;5.76936;1.06836;5.76936;0.00134047;6.70234;0.0670234;0.0670234
1212;0.209014;-0.931636;5.76936;1.06836;5.76936;0.00134047;6.70234;0.0670234;0.0670234
1213;0.209014;-0.931636;5.76936;1.06836;5.76936;0.00134047;6.70234;0.0670234;0.0670234
1214;0.209014;-0.931636;5.76936;1.06836;5.76936;0.00134047;6.70234;0.0670234;0.0670234
1215;0.209014;-0.931636;5.76936;1.06836;5.76936;0.00134047;6.70234;0.0670234;0.0670234
1216;0.209014;-0.931636;5.76936;1.06836;5.76936;0.00134047;6.70234;0.0670234;0.0670234
1217;0.209014;-0.931636;5.76936;1.06836;5.76936;0.00134047;6.70234;0.0670234;0.0670234
1218;0.209014;-0.931636;5.76936;1.06836;5.76936;0.00134047;6.70234;0.0670234;0.0670234
1219;0.209014;-0.931636;5.76936;1.06836;5.76936;0.00134047;6.70234;0.0670234;0.0670234
1220;0.209014;-0.931636;5.76936;1.06836;5.76936;0.00134047;6.70234;0.0670234;0.0670234
1221;0.209014;-0.931636;5.76936;1.06836;5.76936;0.00134047;6.70234;0.0670234;0.0670234
1222;0.209014;-0.931636;5.76936;1.06836;5.76936;0.00134047;6.70234;0.0670234;0.0670234
1223;0.209014;-0.931636;5.76936;1.06836;5.76936;0.00134047;6.70234;0.0670234;0.0670234
1224;0.209014;-0.931636;5.76936;1.06836;5.76936;0.00134047;6.70234;0.0670234;0.0670234
1225;0.209014;-0.931636;5.76936;1.06836;5.76936;0.00134047;6.70234;0.0670234;0.0670234
1226;0.209014;-0.931636;5.76936;1.06836;5.76936;0.00134047;6.70234;0.0670234;0.0670234
1227;0.209014;-0.931636;5.76936;1.06836;5.76936;0.00134047;6.70234;0.0670234;0.0670234
1228;0.209014;-0.931636;5.76936;1.06836;5.76936;0.00134047;6.70234;0.0670234;0.0670234
1229;0.209014;-0.931636;5.76936;1.06836;5.76936;0.00134047;6.70234;0.0670234;0.0670234
1230;0.209014;-0.931636;5.76936;1.06836;5.76936;0.00134047;6.70234;0.0670234;0.0670234
1231;0.209014;-0.931636;5.76936;1.06836;5.76936;0.00134047;6.70234;0.0670234;0.0670234
1232;0.209014;-0.931636;5.76936;1.06836;5.76936;0.00134047;6.70234;0.0670234;0.0670234
1233;0.209014;-0.931636;5.76936;1.06836;5.76936;0.00134047;6.70234;0.0670234;0.0670234
1234;0.209014;-0.931636;5.76936;1.06836;5.76936;0.00134047;6.70234;0.0670234;0.0670234
1235;0.209014;-0.931636;5.76936;1.06836;5.76936;0.00134047;6.70234;0.0670234;0.0670234
1236;0.209014;-0.931636;5.76936;1.06836;5.76936;0.00134047;6.70234;0.0670234;0.0670234
1237;0.209014;-0.931636;5.76936;1.06836;5.76936;0.00134047;6.70234;0.0670234;0.0670234
1238;0.209014;-0.931636;5.76936;1.06836;5.76936;0.00134047;6.70234;0.0670234;0.0670234
1239;0.209014;-0.931636;5.76936;1.06836;5.76936;0.00134047;6.70234;0.0670234;0.0670234
1240;0.209014;-0.931636;5.76936;1.06836;5.76936;0.00134047;6.70234;0.0670234;0.0670234
1241;0.209014;-0.931636;5.76936;1.06836;5.76936;0.00134047;6.70234;0.0670234;0.0670234
1242;0.209014;-0.931636;5.76936;1.06836;5.76936;0.00134047;6.70234;0.0670234;0.0670234
1243;0.209014;-0.931636;5.76936;1.06836;5.76936;0.00134047;6.70234;0.0670234;0.0670234
1244;0.209014;-0.931636;5.76936;1.06836;5.76936;0.00134047;6.70234;0.0670234;0.0670234
1245;0.209014;-0.931636;5.76936;1.06836;5.76936;0.00134047;6.70234;0.0670234;0.0670234
1246;0.209014;-0.931636;5.76936;1.06836;5.76936;0.00134047;6.70234;0.0670234;0.0670234
1247;0.209014;-0.931636;5.76936;1.06836;5.76936;0.00134047;6.70234;0.0670234;0.0670234
1248;0.209014;-0.931636;5.76936;1.06836;5.76936;0.00134047;6.70234;0.0670234;0.0670234
1249;0.209014;-0.931636;5.76936;1.06836;5.76936;0.00134047;6.70234;0.0670234;0.0670234
1250;0.209014;-0.931636;5.76936;1.06836;5.76936;0.00134047;6.70234;0.0670234;0.0670234
1251;0.209014;-0.931636;5.76936;1.06836;5.76936;0.00134047;6.70234;0.0670234;0.0670234
1252;0.209014;-0.931636;5.76936;1.06836;5.76936;0.00134047;6.70234;0.0670234;0.0670234
1253;0.209014;-0.931636;5.76936;1.06836;5.76936;0.00134047;6.70234;0.0670234;0.0670234
1254;0.209014;-0.931636;5.76936;1.06836;5.76936;0.00134047;6.70234;0.0670234;0.0670234
1255;0.209014;-0.931636;5.76936;1.06836;5.76936;0.00134047;6.70234;0.0670234;0.0670234
1256;0.209014;-0.931636;5.76936;1.06836;5.76936;0.00134047;6.70234;0.0670234;0.0670234
1257;0.209014;-0.931636;5.76936;1.06836;5.76936;0.00134047;6.70234;0.0670234;0.0670234
1258;0.209014;-0.931636;5.76936;1.06836;5.76936;0.00134047;6.70234;0.0670234;0.0670234
1259;0.209014;-0.931636;5.76936;1.06836;5.76936;0.00134047;6.70234;0.0670234;0.0670234
1260;0.209014;-0.931636;5.76936;1.06836;5.76936;0.00134047;6.70234;0.0670234;0.0670234
1261;0.209014;-0.931636;5.76936;1.06836;5.76936;0.00134047;6.70234;0.0670234;0.0670234
1262;0.209014;-0.931636;5.76936;1.06836;5.76936;0.00134047;6.70234;0.0670234;0.0670234
1263;0.209014;-0.931636;5.76936;1.06836;5.76936;0.00134047;6.70234;0.0670234;0.0670234
1264;0.209014;-0.931636;5.76936;1.06836;5.76936;0.00134047;6.70234;0.0670234;0.0670234
1265;0.209014;-0.931636;5.76936;1.06836;5.76936;0.00134047;6.70234;0.0670234;0.0670234
1266;0.209014;-0.931636;5.76936;1.06836;5.76936;0.00134047;6.70234;0.0670234;0.0670234
1267;0.209014;-0.931636;5.76936;1.06836;5.76936;0.00134047;6.70234;0.0670234;0.0670234
1268;0.209014;-0.931636;5.76936;1.06836;5.76936;0.00134047;6.70234;0.0670234;0.0670234
1269;0.209014;-0.931636;5.76936;1.06836;5.76936;0.00134047;6.70234;0.0670234;0.0670234
1270;0.209014;-0.931636;5.76936;1.06836;5.76936;0.00134047;6.70234;0.0670234;0.0670234
1271;0.209014;-0.931636;5.76936;1.06836;5.76936;0.00134047;6.70234;0.0670234;0.0670234
1272;0.209014;-0.931636;5.76936;1.06836;5.76936;0.00134047;6.70234;0.0670234;0.0670234
1273;0.209014;-0.931636;5.76936;1.06836;5.76936;0.00134047;6.70234;0.0670234;0.0670234
1274;0.209014;-0.931636;5.76936;1.06836;5.76936;0.00134047;6.70234;0.0670234;0.0670234
1275;0.209014;-0.931636;5.76936;1.06836;5.76936;0.00134047;6.70234;0.0670234;0.0670234
1276;0.209014;-0.931636;5.76936;1.06836;5.76936;0.00134047;6.70234;0.0670234;0.0670234
1277;0.209014;-0.931636;5.76936;1.06836;5.76936;0.00134047;6.70234;0.0670234;0.0670234
1278;0.209014;-0.931636;5.76936;1.06836;5.76936;0.00134047;6.70234;0.0670234;0.0670234
1279;0.209014;-0.931636;5.76936;1.06836;5.76936;0.00134047;6.70234;0.0670234;0.0670234
1280;0.209014;-0.931636;5.76936;1.06836;5.76936;0.00134047;6.70234;0.0670234;0.0670234
1281;0.209014;-0.931636;5.76936;1.06836;5.76936;0.00134047;6.70234;0.0670234;0.0670234
1282;0.209014;-0.931636;5.76936;1.06836;5.76936;0.00134047;6.70234;0.0670234;0.0670234
1283;0.209014;-0.931636;5.76936;1.06836;5.76936;0.00134047;6.70234;0.0670234;0.0670234
1284;0.209014;-0.931636;5.76936;1.06836;5.76936;0.00134047;6.70234;0.0670234;0.0670234
1285;0.209014;-0.931636;5.76936;1.06836;5.76936;0.00134047;6.70234;0.0670234;0.0670234
1286;0.209014;-0.931636;5.76936;1.06836;5.76936;0.00134047;6.70234;0.0670234;0.0670234
1287;0.209014;-0.931636;5.76936;1.06836;5.76936;0.00134047;6.70234;0.0670234;0.0670234
1288;0.209014;-0.931636;5.76936;1.06836;5.76936;0.00134047;6.70234;0.0670234;0.0670234
1289;0.209014;-0.931636;5.76936;1.06836;5.76936;0.00134047;6.70234;0.0670234;0.0670234
1290;0.209014;-0.931636;5.76936;1.06836;5.76936;0.00134047;6.70234;0.0670234;0.0670234
1291;0.209014;-0.931636;5.76936;1.06836;5.76936;0.00134047;6.70234;0.0670234;0.0670234
1292;0.209014;-0.931636;5.76936;1.06836;5.76936;0.00134047;6.70234;0.0670234;0.0670234
1293;0.209014;-0.931636;5.76936;1.06836;5.76936;0.00134047;6.70234;0.0670234;0.0670234
1294;0.209014;-0.931636;5.76936;1.06836;5.76936;0.00134047;6.70234;0.0670234;0.0670234
1295;0.209014;-0.931636;5.76936;1.06836;5.76936;0.00134047;6.70234;0.0670234;0.0670234
1296;0.209014;-0.931636;5.76936;1.06836;5.76936;0.00134047;6.70234;0.0670234;0.0670234
1297;0.209014;-0.931636;5.76936;1.06836;5.76936;0.00134047;6.70234;0.0670234;0.0670234
1298;0.209014;-0.931636;5.76936;1.06836;5.76936;0.00134047;6.70234;0.0670234;0.0670234
1299;0.209014;-0.931636;5.76936;1.06836;5.76936;0.00134047;6.70234;0.0670234;0.0670234
1300;0.209014;-0.931636;5.76936;1.06836;5.76936;0.00134047;6.70234;0.0670234;0.0670234
1301;0.209014;-0.931636;5.76936;1.06836;5.76936;0.00134047;6.70234;0.0670234;0.0670234
1302;0.209014;-0.931636;5.76936;1.06836;5.76936;0.00134047;6.70234;0.0670234;0.0670234
1303;0.209014;-0.931636;5.76936;1.06836;5.76936;0.00134047;6.70234;0.0670234;0.0670234
1304;0.209014;-0.931636;5.76936;1.06836;5.76936;0.00134047;6.70234;0.0670234;0.0670234
1305;0.209014;-0.931636;5.76936;1.06836;5.76936;0.00134047;6.70234;0.0670234;0.0670234
1306;0.209014;-0.931636;5.76936;1.06836;5.76936;0.00134047;6.70234;0.0670234;0.0670234
1307;0.209014;-0.931636;5.76936;1.06836;5.76936;0.00134047;6.70234;0.0670234;0.0670234
1308;0.209014;-0.931636;5.76936;1.06836;5.76936;0.00134047;6.70234;0.0670234;0.0670234
1309;0.209014;-0.931636;5.76936;1.06836;5.76936;0.00134047;6.70234;0.0670234;0.0670234
1310;0.209014;-0.931636;5.76936;1.06836;5.76936;0.00134047;6.70234;0.0670234;0.0670234
1311;0.209014;-0.931636;5.76936;1.06836;5.76936;0.00134047;6.70234;0.0670234;0.0670234
1312;0.209014;-0.931636;5.76936;1.06836;5.76936;0.00134047;6.70234;0.0670234;0.0670234
1313;0.209014;-0.931636;5.76936;1.06836;5.76936;0.00134047;6.70234;0.0670234;0.0670234
1314;0.209014;-0.931636;5.76936;1.06836;5.76936;0.00134047;6.70234;0.0670234;0.0670234
1315;0.209014;-0.931636;5.76936;1.06836;5.76936;0.00134047;6.70234;0.0670234;0.0670234
1316;0.209014;-0.931636;5.76936;1.06836;5.76936;0.00134047;6.70234;0.0670234;0.0670234
1317;0.209014;-0.931636;5.76936;1.06836;5.76936;0.00134047;6.70234;0.0670234;0.0670234
1318;0.209014;-0.931636;5.76936;1.06836;5.76936;0.00134047;6.70234;0.0670234;0.0670234
1319;0.209014;-0.931636;5.76936;1.06836;5.76936;0.00134047;6.70234;0.0670234;0.0670234
1320;0.209014;-0.931636;5.76936;1.06836;5.76936;0.00134047;6.70234;0.0670234;0.0670234
1321;0.209014;-0.931636;5.76936;1.06836;5.76936;0.00134047;6.70234;0.0670234;0.0670234
1322;0.209014;-0.931636;5.76936;1.06836;5.76936;0.00134047;6.70234;0.0670234;0.0670234
1323;0.209014;-0.931636;5.76936;1.06836;5.76936;0.00134047;6.70234;0.0670234;0.0670234
1324;0.209014;-0.931636;5.76936;1.06836;5.76936;0.00134047;6.70234;0.0670234;0.0670234
1325;0.209014;-0.931636;5.76936;1.06836;5.76936;0.00134047;6.70234;0.0670234;0.0670234
1326;0.209014;-0.931636;5.76936;1.06836;5.76936;0.00134047;6.70234;0.0670234;0.0670234
1327;0.209014;-0.931636;5.76936;1.06836;5.76936;0.00134047;6.70234;0.0670234;0.0670234
1328;0.209014;-0.931636;5.76936;1.06836;5.76936;0.00134047;6.70234;0.0670234;0.0670234
1329;0.209014;-0.931636;5.76936;1.06836;5.76936;0.00134047;6.70234;0.0670234;0.0670234
1330;0.209014;-0.931636;5.76936;1.06836;5.76936;0.00134047;6.70234;0.0670234;0.0670234
1331;0.209014;-0.931636;5.76936;1.06836;5.76936;0.00134047;6.70234;0.0670234;0.0670234
1332;0.209014;-0.931636;5.76936;1.06836;5.76936;0.00134047;6.70234;0.0670234;0.0670234
1333;0.209014;-0.931636;5.76936;1.06836;5.76936;0.00134047;6.70234;0.0670234;0.0670234
1334;0.209014;-0.931636;5.76936;1.06836;5.76936;0.00134047;6.70234;0.0670234;0.0670234
1335;0.209014;-0.931636;5.76936;1.06836;5.76936;0.00134047;6.70234;0.0670234;0.0670234
1336;0.209014;-0.931636;5.76936;1.06836;5.76936;0.00134047;6.70234;0.0670234;0.0670234
1337;0.209014;-0.931636;5.76936;1.06836;5.76936;0.00134047;6.70234;0.0670234;0.0670234
1338;0.209014;-0.931636;5.76936;1.06836;5.76936;0.00134047;6.70234;0.0670234;0.0670234
1339;0.209014;-0.931636;5.76936;1.06836;5.76936;0.00134047;6.70234;0.0670234;0.0670234
1340;0.209014;-0.931636;5.76936;1.06836;5.76936;0.00134047;6.70234;0.0670234;0.0670234
1341;0.209014;-0.931636;5.76936;1.06836;5.76936;0.00134047;6.70234;0.0670234;0.0670234
1342;0.209014;-0.931636;5.76936;1.06836;5.76936;0.00134047;6.70234;0.0670234;0.0670234
1343;0.209014;-0.931636;5.76936;1.06836;5.76936;0.00134047;6.70234;0.0670234;0.0670234
1344;0.209014;-0.931636;5.76936;1.06836;5.76936;0.00134047;6.70234;0.0670234;0.0670234
1345;0.209014;-0.931636;5.76936;1.06836;5.76936;0.00134047;6.70234;0.0670234;0.0670234
1346;0.209014;-0.931636;5.76936;1.06836;5.76936;0.00134047;6.70234;0.0670234;0.0670234
1347;0.209014;-0.931636;5.76936;1.06836;5.76936;0.00134047;6.70234;0.0670234;0.0670234
1348;0.209014;-0.931636;5.76936;1.06836;5.76936;0.00134047;6.70234;0.0670234;0.0670234
1349;0.209014;-0.931636;5.76936;1.06836;5.76936;0.00134047;6.70234;0.0670234;0.0670234
1350;0.209014;-0.931636;5.76936;1.06836;5.76936;0.00134047;6.70234;0.0670234;0.0670234
1351;0.209014;-0.931636;5.76936;1.06836;5.76936;0.00134047;6.70234;0.0670234;0.0670234
1352;0.209014;-0.931636;5.76936;1.06836;5.76936;0.00134047;6.70234;0.0670234;0.0670234
1353;0.209014;-0.931636;5.76936;1.06836;5.76936;0.00134047;6.70234;0.0670234;0.0670234
1354;0.209014;-0.931636;5.76936;1.06836;5.76936;0.00134047;6.70234;0.0670234;0.0670234
1355;0.209014;-0.931636;5.76936;1.06836;5.76936;0.00134047;6.70234;0.0670234;0.0670234
1356;0.209014;-0.931636;5.76936;1.06836;5.76936;0.00134047;6.70234;0.0670234;0.0670234
1357;0.209014;-0.931636;5.76936;1.06836;5.76936;0.00134047;6.70234;0.0670234;0.0670234
1358;0.209014;-0.931636;5.76936;1.06836;5.76936;0.00134047;6.70234;0.0670234;0.0670234
1359;0.209014;-0.931636;5.76936;1.06836;5.76936;0.00134047;6.70234;0.0670234;0.0670234
1360;0.209014;-0.931636;5.76936;1.06836;5.76936;0.00134047;6.70234;0.0670234;0.0670234
1361;0.209014;-0.931636;5.76936;1.06836;5.76936;0.00134047;6.70234;0.0670234;0.0670234
1362;0.209014;-0.931636;5.76936;1.06836;5.76936;0.00134047;6.70234;0.0670234;0.0670234
1363;0.209014;-0.931636;5.76936;1.06836;5.76936;0.00134047;6.70234;0.0670234;0.0670234
1364;0.209014;-0.931636;5.76936;1.06836;5.76936;0.00134047;6.70234;0.0670234;0.0670234
1365;0.209014;-0.931636;5.76936;1.06836;5.76936;0.00134047;6.70234;0.0670234;0.0670234
1366;0.209014;-0.931636;5.76936;1.06836;5.76936;0.00134047;6.70234;0.0670234;0.0670234
1367;0.209014;-0.931636;5.76936;1.06836;5.76936;0.00134047;6.70234;0.0670234;0.0670234
1368;0.209014;-0.931636;5.76936;1.06836;5.76936;0.00134047;6.70234;0.0670234;0.0670234
1369;0.209014;-0.931636;5.76936;1.06836;5.76936;0.00134047;6.70234;0.0670234;0.0670234
1370;0.209014;-0.931636;5.76936;1.06836;5.76936;0.00134047;6.70234;0.0670234;0.0670234
1371;0.209014;-0.931636;5.76936;1.06836;5.76936;0.00134047;6.70234;0.0670234;0.0670234
1372;0.209014;-0.931636;5.76936;1.06836;5.76936;0.00134047;6.70234;0.0670234;0.0670234
1373;0.209014;-0.931636;5.76936;1.06836;5.76936;0.00134047;6.70234;0.0670234;0.0670234
1374;0.209014;-0.931636;5.76936;1.06836;5.76936;0.00134047;6.70234;0.0670234;0.0670234
1375;0.209014;-0.931636;5.76936;1.06836;5.76936;0.00134047;6.70234;0.0670234;0.0670234
1376;0.209014;-0.931636;5.76936;1.06836;5.76936;0.00134047;6.70234;0.0670234;0.0670234
1377;0.209014;-0.931636;5.76936;1.06836;5.76936;0.00134047;6.70234;0.0670234;0.0670234
1378;0.209014;-0.931636;5.76936;1.06836;5.76936;0.00134047;6.70234;0.0670234;0.0670234
1379;0.209014;-0.931636;5.76936;1.06836;5.76936;0.00134047;6.70234;0.0670234;0.0670234
1380;0.209014;-0.931636;5.76936;1.06836;5.76936;0.00134047;6.70234;0.0670234;0.0670234
1381;0.209014;-0.931636;5.76936;1.06836;5.76936;0.00134047;6.70234;0.0670234;0.0670234
1382;0.209014;-0.931636;5.76936;1.06836;5.76936;0.00134047;6.70234;0.0670234;0.0670234
1383;0.209014;-0.931636;5.76936;1.06836;5.76936;0.00134047;6.70234;0.0670234;0.0670234
1384;0.209014;-0.931636;5.76936;1.06836;5.76936;0.00134047;6.70234;0.0670234;0.0670234
1385;0.209014;-0.931636;5.76936;1.06836;5.76936;0.00134047;6.70234;0.0670234;0.0670234
1386;0.209014;-0.931636;5.76936;1.06836;5.76936;0.00134047;6.70234;0.0670234;0.0670234
1387;0.209014;-0.931636;5.76936;1.06836;5.76936;0.00134047;6.70234;0.0670234;0.0670234
1388;0.209014;-0.931636;5.76936;1.06836;5.76936;0.00134047;6.70234;0.0670234;0.0670234
1389;0.209014;-0.931636;5.76936;1.06836;5.76936;0.00134047;6.70234;0.0670234;0.0670234
1390;0.209014;-0.931636;5.76936;1.06836;5.76936;0.00134047;6.70234;0.0670234;0.0670234
1391;0.209014;-0.931636;5.76936;1.06836;5.76936;0.00134047;6.70234;0.0670234;0.0670234
1392;0.209014;-0.931636;5.76936;1.06836;5.76936;0.00134047;6.70234;0.0670234;0.0670234
1393;0.209014;-0.931636;5.76936;1.06836;5.76936;0.00134047;6.70234;0.0670234;0.0670234
1394;0.209014;-0.931636;5.76936;1.06836;5.76936;0.00134047;6.70234;0.0670234;0.0670234
1395;0.209014;-0.931636;5.76936;1.06836;5.76936;0.00134047;6.70234;0.0670234;0.0670234
1396;0.209014;-0.931636;5.76936;1.06836;5.76936;0.00134047;6.70234;0.0670234;0.0670234
1397;0.209014;-0.931636;5.76936;1.06836;5.76936;0.00134047;6.70234;0.0670234;0.0670234
1398;0.209014;-0.931636;5.76936;1.06836;5.76936;0.00134047;6.70234;0.0670234;0.0670234
1399;0.209014;-0.931636;5.76936;1.06836;5.76936;0.00134047;6.70234;0.0670234;0.0670234
1400;0.209014;-0.931636;5.76936;1.06836;5.76936;0.00134047;6.70234;0.0670234;0.0670234
1401;0.209014;-0.931636;5.76936;1.06836;5.76936;0.00134047;6.70234;0.0670234;0.0670234
1402;0.209014;-0.931636;5.76936;1.06836;5.76936;0.00134047;6.70234;0.0670234;0.0670234
1403;0.209014;-0.931636;5.76936;1.06836;5.76936;0.00134047;6.70234;0.0670234;0.0670234
1404;0.209014;-0.931636;5.76936;1.06836;5.76936;0.00134047;6.70234;0.0670234;0.0670234
1405;0.209014;-0.931636;5.76936;1.06836;5.76936;0.00134047;6.70234;0.0670234;0.0670234
1406;0.209014;-0.931636;5.76936;1.06836;5.76936;0.00134047;6.70234;0.0670234;0.0670234
1407;0.209014;-0.931636;5.76936;1.06836;5.76936;0.00134047;6.70234;0.0670234;0.0670234
1408;0.209014;-0.931636;5.76936;1.06836;5.76936;0.00134047;6.70234;0.0670234;0.0670234
1409;0.209014;-0.931636;5.76936;1.06836;5.76936;0.00134047;6.70234;0.0670234;0.0670234
1410;0.209014;-0.931636;5.76936;1.06836;5.76936;0.00134047;6.70234;0.0670234;0.0670234
1411;0.209014;-0.931636;5.76936;1.06836;5.76936;0.00134047;6.70234;0.0670234;0.0670234
1412;0.209014;-0.931636;5.76936;1.06836;5.76936;0.00134047;6.70234;0.0670234;0.0670234
1413;0.209014;-0.931636;5.76936;1.06836;5.76936;0.00134047;6.70234;0.0670234;0.0670234
1414;0.209014;-0.931636;5.76936;1.06836;5.76936;0.00134047;6.70234;0.0670234;0.0670234
1415;0.209014;-0.931636;5.76936;1.06836;5.76936;0.00134047;6.70234;0.0670234;0.0670234
1416;0.209014;-0.931636;5.76936;1.06836;5.76936;0.00134047;6.70234;0.0670234;0.0670234
1417;0.209014;-0.931636;5.76936;1.06836;5.76936;0.00134047;6.70234;0.0670234;0.0670234
1418;0.209014;-0.931636;5.76936;1.06836;5.76936;0.00134047;6.70234;0.0670234;0.0670234
1419;0.209014;-0.931636;5.76936;1.06836;5.76936;0.00134047;6.70234;0.0670234;0.0670234
1420;0.209014;-0.931636;5.76936;1.06836;5.76936;0.00134047;6.70234;0.0670234;0.0670234
1421;0.209014;-0.931636;5.76936;1.06836;5.76936;0.00134047;6.70234;0.0670234;0.0670234
1422;0.209014;-0.931636;5.76936;1.06836;5.76936;0.00134047;6.70234;0.0670234;0.0670234
1423;0.209014;-0.931636;5.76936;1.06836;5.76936;0.00134047;6.70234;0.0670234;0.0670234
1424;0.209014;-0.931636;5.76936;1.06836;5.76936;0.00134047;6.70234;0.0670234;0.0670234
1425;0.209014;-0.931636;5.76936;1.06836;5.76936;0.00134047;6.70234;0.0670234;0.0670234
1426;0.209014;-0.931636;5.76936;1.06836;5.76936;0.00134047;6.70234;0.0670234;0.0670234
1427;0.209014;-0.931636;5.76936;1.06836;5.76936;0.00134047;6.70234;0.0670234;0.0670234
1428;0.209014;-0.931636;5.76936;1.06836;5.76936;0.00134047;6.70234;0.0670234;0.0670234
1429;0.209014;-0.931636;5.76936;1.06836;5.76936;0.00134047;6.70234;0.0670234;0.0670234
1430;0.209014;-0.931636;5.76936;1.06836;5.76936;0.00134047;6.70234;0.0670234;0.0670234
1431;0.209014;-0.931636;5.76936;1.06836;5.76936;0.00134047;6.70234;0.0670234;0.0670234
1432;0.209014;-0.931636;5.76936;1.06836;5.76936;0.00134047;6.70234;0.0670234;0.0670234
1433;0.209014;-0.931636;5.76936;1.06836;5.76936;0.00134047;6.70234;0.0670234;0.0670234
1434;0.209014;-0.931636;5.76936;1.06836;5.76936;0.00134047;6.70234;0.0670234;0.0670234
1435;0.209014;-0.931636;5.76936;1.06836;5.76936;0.00134047;6.70234;0.0670234;0.0670234
1436;0.209014;-0.931636;5.76936;1.06836;5.76936;0.00134047;6.70234;0.0670234;0.0670234
1437;0.209014;-0.931636;5.76936;1.06836;5.76936;0.00134047;6.70234;0.0670234;0.0670234
1438;0.209014;-0.931636;5.76936;1.06836;5.76936;0.00134047;6.70234;0.0670234;0.0670234
1439;0.209014;-0.931636;5.76936;1.06836;5.76936;0.00134047;6.70234;0.0670234;0.0670234
1440;0.209014;-0.931636;5.76936;1.06836;5.76936;0.00134047;6.70234;0.0670234;0.0670234
1441;0.209014;-0.931636;5.76936;1.06836;5.76936;0.00134047;6.70234;0.0670234;0.0670234
1442;0.209014;-0.931636;5.76936;1.06836;5.76936;0.00134047;6.70234;0.0670234;0.0670234
1443;0.209014;-0.931636;5.76936;1.06836;5.76936;0.00134047;6.70234;0.0670234;0.0670234
1444;0.209014;-0.931636;5.76936;1.06836;5.76936;0.00134047;6.70234;0.0670234;0.0670234
1445;0.209014;-0.931636;5.76936;1.06836;5.76936;0.00134047;6.70234;0.0670234;0.0670234
1446;0.209014;-0.931636;5.76936;1.06836;5.76936;0.00134047;6.70234;0.0670234;0.0670234
1447;0.209014;-0.931636;5.76936;1.06836;5.76936;0.00134047;6.70234;0.0670234;0.0670234
1448;0.209014;-0.931636;5.76936;1.06836;5.76936;0.00134047;6.70234;0.0670234;0.0670234
1449;0.209014;-0.931636;5.76936;1.06836;5.76936;0.00134047;6.70234;0.0670234;0.0670234
1450;0.209014;-0.931636;5.76936;1.06836;5.76936;0.00134047;6.70234;0.0670234;0.0670234
1451;0.209014;-0.931636;5.76936;1.06836;5.76936;0.00134047;6.70234;0.0670234;0.0670234
1452;0.209014;-0.931636;5.76936;1.06836;5.76936;0.00134047;6.70234;0.0670234;0.0670234
1453;0.209014;-0.931636;5.76936;1.06836;5.76936;0.00134047;6.70234;0.0670234;0.0670234
1454;0.209014;-0.931636;5.76936;1.06836;5.76936;0.00134047;6.70234;0.0670234;0.0670234
1455;0.209014;-0.931636;5.76936;1.06836;5.76936;0.00134047;6.70234;0.0670234;0.0670234
1456;0.209014;-0.931636;5.76936;1.06836;5.76936;0.00134047;6.70234;0.0670234;0.0670234
1457;0.209014;-0.931636;5.76936;1.06836;5.76936;0.00134047;6.70234;0.0670234;0.0670234
1458;0.209014;-0.931636;5.76936;1.06836;5.76936;0.00134047;6.70234;0.0670234;0.0670234
1459;0.209014;-0.931636;5.76936;1.06836;5.76936;0.00134047;6.70234;0.0670234;0.0670234
1460;0.209014;-0.931636;5.76936;1.06836;5.76936;0.00134047;6.70234;0.0670234;0.0670234
1461;0.209014;-0.931636;5.76936;1.06836;5.76936;0.00134047;6.70234;0.0670234;0.0670234
1462;0.209014;-0.931636;5.76936;1.06836;5.76936;0.00134047;6.70234;0.0670234;0.0670234
1463;0.209014;-0.931636;5.76936;1.06836;5.76936;0.00134047;6.70234;0.0670234;0.0670234
1464;0.209014;-0.931636;5.76936;1.06836;5.76936;0.00134047;6.70234;0.0670234;0.0670234
1465;0.209014;-0.931636;5.76936;1.06836;5.76936;0.00134047;6.70234;0.0670234;0.0670234
1466;0.209014;-0.931636;5.76936;1.06836;5.76936;0.00134047;6.70234;0.0670234;0.0670234
1467;0.209014;-0.931636;5.76936;1.06836;5.76936;0.00134047;6.70234;0.0670234;0.0670234
1468;0.209014;-0.931636;5.76936;1.06836;5.76936;0.00134047;6.70234;0.0670234;0.0670234
1469;0.209014;-0.931636;5.76936;1.06836;5.76936;0.00134047;6.70234;0.0670234;0.0670234
1470;0.209014;-0.931636;5.76936;1.06836;5.76936;0.00134047;6.70234;0.0670234;0.0670234
1471;0.209014;-0.931636;5.76936;1.06836;5.76936;0.00134047;6.70234;0.0670234;0.0670234
1472;0.209014;-0.931636;5.76936;1.06836;5.76936;0.00134047;6.70234;0.0670234;0.0670234
1473;0.209014;-0.931636;5.76936;1.06836;5.76936;0.00134047;6.70234;0.0670234;0.0670234
1474;0.209014;-0.931636;5.76936;1.06836;5.76936;0.00134047;6.70234;0.0670234;0.0670234
1475;0.209014;-0.931636;5.76936;1.06836;5.76936;0.00134047;6.70234;0.0670234;0.0670234
1476;0.209014;-0.931636;5.76936;1.06836;5.76936;0.00134047;6.70234;0.0670234;0.0670234
1477;0.209014;-0.931636;5.76936;1.06836;5.76936;0.00134047;6.70234;0.0670234;0.0670234
1478;0.209014;-0.931636;5.76936;1.06836;5.76936;0.00134047;6.70234;0.0670234;0.0670234
1479;0.209014;-0.931636;5.76936;1.06836;5.76936;0.00134047;6.70234;0.0670234;0.0670234
1480;0.209014;-0.931636;5.76936;1.06836;5.76936;0.00134047;6.70234;0.0670234;0.0670234
1481;0.209014;-0.931636;5.76936;1.06836;5.76936;0.00134047;6.70234;0.0670234;0.0670234
1482;0.209014;-0.931636;5.76936;1.06836;5.76936;0.00134047;6.70234;0.0670234;0.0670234
1483;0.209014;-0.931636;5.76936;1.06836;5.76936;0.00134047;6.70234;0.0670234;0.0670234
1484;0.209014;-0.931636;5.76936;1.06836;5.76936;0.00134047;6.70234;0.0670234;0.0670234
1485;0.209014;-0.931636;5.76936;1.06836;5.76936;0.00134047;6.70234;0.0670234;0.0670234
1486;0.209014;-0.931636;5.76936;1.06836;5.76936;0.00134047;6.70234;0.0670234;0.0670234
1487;0.209014;-0.931636;5.76936;1.06836;5.76936;0.00134047;6.70234;0.0670234;0.0670234
1488;0.209014;-0.931636;5.76936;1.06836;5.76936;0.00134047;6.70234;0.0670234;0.0670234
1489;0.209014;-0.931636;5.76936;1.06836;5.76936;0.00134047;6.70234;0.0670234;0.0670234
1490;0.209014;-0.931636;5.76936;1.06836;5.76936;0.00134047;6.70234;0.0670234;0.0670234
1491;0.209014;-0.931636;5.76936;1.06836;5.76936;0.00134047;6.70234;0.0670234;0.0670234
1492;0.209014;-0.931636;5.76936;1.06836;5.76936;0.00134047;6.70234;0.0670234;0.0670234
1493;0.209014;-0.931636;5.76936;1.06836;5.76936;0.00134047;6.70234;0.0670234;0.0670234
1494;0.209014;-0.931636;5.76936;1.06836;5.76936;0.00134047;6.70234;0.0670234;0.0670234
1495;0.209014;-0.931636;5.76936;1.06836;5.76936;0.00134047;6.70234;0.0670234;0.0670234
1496;0.209014;-0.931636;5.76936;1.06836;5.76936;0.00134047;6.70234;0.0670234;0.0670234
1497;0.209014;-0.931636;5.76936;1.06836;5.76936;0.00134047;6.70234;0.0670234;0.0670234
1498;0.209014;-0.931636;5.76936;1.06836;5.76936;0.00134047;6.70234;0.0670234;0.0670234
1499;0.209014;-0.931636;5.76936;1.06836;5.76936;0.00134047;6.70234;0.0670234;0.0670234
1500;0.209014;-0.931636;5.76936;1.06836;5.76936;0.00134047;6.70234;0.0670234;0.0670234
1501;0.209014;-0.931636;5.76936;1.06836;5.76936;0.00134047;6.70234;0.0670234;0.0670234
1502;0.209014;-0.931636;5.76936;1.06836;5.76936;0.00134047;6.70234;0.0670234;0.0670234
1503;0.209014;-0.931636;5.76936;1.06836;5.76936;0.00134047;6.70234;0.0670234;0.0670234
1504;0.209014;-0.931636;5.76936;1.06836;5.76936;0.00134047;6.70234;0.0670234;0.0670234
1505;0.209014;-0.931636;5.76936;1.06836;5.76936;0.00134047;6.70234;0.0670234;0.0670234
1506;0.209014;-0.931636;5.76936;1.06836;5.76936;0.00134047;6.70234;0.0670234;0.0670234
1507;0.209014;-0.931636;5.76936;1.06836;5.76936;0.00134047;6.70234;0.0670234;0.0670234
1508;0.209014;-0.931636;5.76936;1.06836;5.76936;0.00134047;6.70234;0.0670234;0.0670234
1509;0.209014;-0.931636;5.76936;1.06836;5.76936;0.00134047;6.70234;0.0670234;0.0670234
1510;0.209014;-0.931636;5.76936;1.06836;5.76936;0.00134047;6.70234;0.0670234;0.0670234
1511;0.209014;-0.931636;5.76936;1.06836;5.76936;0.00134047;6.70234;0.0670234;0.0670234
1512;0.209014;-0.931636;5.76936;1.06836;5.76936;0.00134047;6.70234;0.0670234;0.0670234
1513;0.209014;-0.931636;5.76936;1.06836;5.76936;0.00134047;6.70234;0.0670234;0.0670234
1514;0.209014;-0.931636;5.76936;1.06836;5.76936;0.00134047;6.70234;0.0670234;0.0670234
1515;0.209014;-0.931636;5.76936;1.06836;5.76936;0.00134047;6.70234;0.0670234;0.0670234
1516;0.209014;-0.931636;5.76936;1.06836;5.76936;0.00134047;6.70234;0.0670234;0.0670234
1517;0.209014;-0.931636;5.76936;1.06836;5.76936;0.00134047;6.70234;0.0670234;0.0670234
1518;0.209014;-0.931636;5.76936;1.06836;5.76936;0.00134047;6.70234;0.0670234;0.0670234
1519;0.209014;-0.931636;5.76936;1.06836;5.76936;0.00134047;6.70234;0.0670234;0.0670234
1520;0.209014;-0.931636;5.76936;1.06836;5.76936;0.00134047;6.70234;0.0670234;0.0670234
1521;0.209014;-0.931636;5.76936;1.06836;5.76936;0.00134047;6.70234;0.0670234;0.0670234
1522;0.209014;-0.931636;5.76936;1.06836;5.76936;0.00134047;6.70234;0.0670234;0.0670234
1523;0.209014;-0.931636;5.76936;1.06836;5.76936;0.00134047;6.70234;0.0670234;0.0670234
1524;0.209014;-0.931636;5.76936;1.06836;5.76936;0.00134047;6.70234;0.0670234;0.0670234
1525;0.209014;-0.931636;5.76936;1.06836;5.76936;0.00134047;6.70234;0.0670234;0.0670234
1526;0.209014;-0.931636;5.76936;1.06836;5.76936;0.00134047;6.70234;0.0670234;0.0670234
1527;0.209014;-0.931636;5.76936;1.06836;5.76936;0.00134047;6.70234;0.0670234;0.0670234
1528;0.209014;-0.931636;5.76936;1.06836;5.76936;0.00134047;6.70234;0.0670234;0.0670234
1529;0.209014;-0.931636;5.76936;1.06836;5.76936;0.00134047;6.70234;0.0670234;0.0670234
1530;0.209014;-0.931636;5.76936;1.06836;5.76936;0.00134047;6.70234;0.0670234;0.0670234
1531;0.209014;-0.931636;5.76936;1.06836;5.76936;0.00134047;6.70234;0.0670234;0.0670234
1532;0.209014;-0.931636;5.76936;1.06836;5.76936;0.00134047;6.70234;0.0670234;0.0670234
1533;0.209014;-0.931636;5.76936;1.06836;5.76936;0.00134047;6.70234;0.0670234;0.0670234
1534;0.209014;-0.931636;5.76936;1.06836;5.76936;0.00134047;6.70234;0.0670234;0.0670234
1535;0.209014;-0.931636;5.76936;1.06836;5.76936;0.00134047;6.70234;0.0670234;0.0670234
1536;0.209014;-0.931636;5.76936;1.06836;5.76936;0.00134047;6.70234;0.0670234;0.0670234
1537;0.209014;-0.931636;5.76936;1.06836;5.76936;0.00134047;6.70234;0.0670234;0.0670234
1538;0.209014;-0.931636;5.76936;1.06836;5.76936;0.00134047;6.70234;0.0670234;0.0670234
1539;0.209014;-0.931636;5.76936;1.06836;5.76936;0.00134047;6.70234;0.0670234;0.0670234
1540;0.209014;-0.931636;5.76936;1.06836;5.76936;0.00134047;6.70234;0.0670234;0.0670234
1541;0.209014;-0.931636;5.76936;1.06836;5.76936;0.00134047;6.70234;0.0670234;0.0670234
1542;0.209014;-0.931636;5.76936;1.06836;5.76936;0.00134047;6.70234;0.0670234;0.0670234
1543;0.209014;-0.931636;5.76936;1.06836;5.76936;0.00134047;6.70234;0.0670234;0.0670234
1544;0.209014;-0.931636;5.76936;1.06836;5.76936;0.00134047;6.70234;0.0670234;0.0670234
1545;0.209014;-0.931636;5.76936;1.06836;5.76936;0.00134047;6.70234;0.0670234;0.0670234
1546;0.209014;-0.931636;5.76936;1.06836;5.76936;0.00134047;6.70234;0.0670234;0.0670234
1547;0.209014;-0.931636;5.76936;1.06836;5.76936;0.00134047;6.70234;0.0670234;0.0670234
1548;0.209014;-0.931636;5.76936;1.06836;5.76936;0.00134047;6.70234;0.0670234;0.0670234
1549;0.209014;-0.931636;5.76936;1.06836;5.76936;0.00134047;6.70234;0.0670234;0.0670234
1550;0.209014;-0.931636;5.76936;1.06836;5.76936;0.00134047;6.70234;0.0670234;0.0670234
1551;0.209014;-0.931636;5.76936;1.06836;5.76936;0.00134047;6.70234;0.0670234;0.0670234
1552;0.209014;-0.931636;5.76936;1.06836;5.76936;0.00134047;6.70234;0.0670234;0.0670234
1553;0.209014;-0.931636;5.76936;1.06836;5.76936;0.00134047;6.70234;0.0670234;0.0670234
1554;0.209014;-0.931636;5.76936;1.06836;5.76936;0.00134047;6.70234;0.0670234;0.0670234
1555;0.209014;-0.931636;5.76936;1.06836;5.76936;0.00134047;6.70234;0.0670234;0.0670234
1556;0.209014;-0.931636;5.76936;1.06836;5.76936;0.00134047;6.70234;0.0670234;0.0670234
1557;0.209014;-0.931636;5.76936;1.06836;5.76936;0.00134047;6.70234;0.0670234;0.0670234
1558;0.209014;-0.931636;5.76936;1.06836;5.76936;0.00134047;6.70234;0.0670234;0.0670234
1559;0.209014;-0.931636;5.76936;1.06836;5.76936;0.00134047;6.70234;0.0670234;0.0670234
1560;0.209014;-0.931636;5.76936;1.06836;5.76936;0.00134047;6.70234;0.0670234;0.0670234
1561;0.209014;-0.931636;5.76936;1.06836;5.76936;0.00134047;6.70234;0.0670234;0.0670234
1562;0.209014;-0.931636;5.76936;1.06836;5.76936;0.00134047;6.70234;0.0670234;0.0670234
1563;0.209014;-0.931636;5.76936;1.06836;5.76936;0.00134047;6.70234;0.0670234;0.0670234
1564;0.209014;-0.931636;5.76936;1.06836;5.76936;0.00134047;6.70234;0.0670234;0.0670234
1565;0.209014;-0.931636;5.76936;1.06836;5.76936;0.00134047;6.70234;0.0670234;0.0670234
1566;0.209014;-0.931636;5.76936;1.06836;5.76936;0.00134047;6.70234;0.0670234;0.0670234
1567;0.209014;-0.931636;5.76936;1.06836;5.76936;0.00134047;6.70234;0.0670234;0.0670234
1568;0.209014;-0.931636;5.76936;1.06836;5.76936;0.00134047;6.70234;0.0670234;0.0670234
1569;0.209014;-0.931636;5.76936;1.06836;5.76936;0.00134047;6.70234;0.0670234;0.0670234
1570;0.209014;-0.931636;5.76936;1.06836;5.76936;0.00134047;6.70234;0.0670234;0.0670234
1571;0.209014;-0.931636;5.76936;1.06836;5.76936;0.00134047;6.70234;0.0670234;0.0670234
1572;0.209014;-0.931636;5.76936;1.06836;5.76936;0.00134047;6.70234;0.0670234;0.0670234
1573;0.209014;-0.931636;5.76936;1.06836;5.76936;0.00134047;6.70234;0.0670234;0.0670234
1574;0.209014;-0.931636;5.76936;1.06836;5.76936;0.00134047;6.70234;0.0670234;0.0670234
1575;0.209014;-0.931636;5.76936;1.06836;5.76936;0.00134047;6.70234;0.0670234;0.0670234
1576;0.209014;-0.931636;5.76936;1.06836;5.76936;0.00134047;6.70234;0.0670234;0.0670234
1577;0.209014;-0.931636;5.76936;1.06836;5.76936;0.00134047;6.70234;0.0670234;0.0670234
1578;0.209014;-0.931636;5.76936;1.06836;5.76936;0.00134047;6.70234;0.0670234;0.0670234
1579;0.209014;-0.931636;5.76936;1.06836;5.76936;0.00134047;6.70234;0.0670234;0.0670234
1580;0.209014;-0.931636;5.76936;1.06836;5.76936;0.00134047;6.70234;0.0670234;0.0670234
1581;0.209014;-0.931636;5.76936;1.06836;5.76936;0.00134047;6.70234;0.0670234;0.0670234
1582;0.209014;-0.931636;5.76936;1.06836;5.76936;0.00134047;6.70234;0.0670234;0.0670234
1583;0.209014;-0.931636;5.76936;1.06836;5.76936;0.00134047;6.70234;0.0670234;0.0670234
1584;0.209014;-0.931636;5.76936;1.06836;5.76936;0.00134047;6.70234;0.0670234;0.0670234
1585;0.209014;-0.931636;5.76936;1.06836;5.76936;0.00134047;6.70234;0.0670234;0.0670234
1586;0.209014;-0.931636;5.76936;1.06836;5.76936;0.00134047;6.70234;0.0670234;0.0670234
1587;0.209014;-0.931636;5.76936;1.06836;5.76936;0.00134047;6.70234;0.0670234;0.0670234
1588;0.209014;-0.931636;5.76936;1.06836;5.76936;0.00134047;6.70234;0.0670234;0.0670234
1589;0.209014;-0.931636;5.76936;1.06836;5.76936;0.00134047;6.70234;0.0670234;0.0670234
1590;0.209014;-0.931636;5.76936;1.06836;5.76936;0.00134047;6.70234;0.0670234;0.0670234
1591;0.209014;-0.931636;5.76936;1.06836;5.76936;0.00134047;6.70234;0.0670234;0.0670234
1592;0.209014;-0.931636;5.76936;1.06836;5.76936;0.00134047;6.70234;0.0670234;0.0670234
1593;0.209014;-0.931636;5.76936;1.06836;5.76936;0.00134047;6.70234;0.0670234;0.0670234
1594;0.209014;-0.931636;5.76936;1.06836;5.76936;0.00134047;6.70234;0.0670234;0.0670234
1595;0.209014;-0.931636;5.76936;1.06836;5.76936;0.00134047;6.70234;0.0670234;0.0670234
1596;0.209014;-0.931636;5.76936;1.06836;5.76936;0.00134047;6.70234;0.0670234;0.0670234
1597;0.209014;-0.931636;5.76936;1.06836;5.76936;0.00134047;6.70234;0.0670234;0.0670234
1598;0.209014;-0.931636;5.76936;1.06836;5.76936;0.00134047;6.70234;0.0670234;0.0670234
1599;0.209014;-0.931636;5.76936;1.06836;5.76936;0.00134047;6.70234;0.0670234;0.0670234
1600;0.209014;-0.931636;5.76936;1.06836;5.76936;0.00134047;6.70234;0.0670234;0.0670234
1601;0.209014;-0.931636;5.76936;1.06836;5.76936;0.00134047;6.70234;0.0670234;0.0670234
1602;0.209014;-0.931636;5.76936;1.06836;5.76936;0.00134047;6.70234;0.0670234;0.0670234
1603;0.209014;-0.931636;5.76936;1.06836;5.76936;0.00134047;6.70234;0.0670234;0.0670234
1604;0.209014;-0.931636;5.76936;1.06836;5.76936;0.00134047;6.70234;0.0670234;0.0670234
1605;0.209014;-0.931636;5.76936;1.06836;5.76936;0.00134047;6.70234;0.0670234;0.0670234
1606;0.209014;-0.931636;5.76936;1.06836;5.76936;0.00134047;6.70234;0.0670234;0.0670234
1607;0.209014;-0.931636;5.76936;1.06836;5.76936;0.00134047;6.70234;0.0670234;0.0670234
1608;0.209014;-0.931636;5.76936;1.06836;5.76936;0.00134047;6.70234;0.0670234;0.0670234
1609;0.209014;-0.931636;5.76936;1.06836;5.76936;0.00134047;6.70234;0.0670234;0.0670234
1610;0.209014;-0.931636;5.76936;1.06836;5.76936;0.00134047;6.70234;0.0670234;0.0670234
1611;0.209014;-0.931636;5.76936;1.06836;5.76936;0.00134047;6.70234;0.0670234;0.0670234
1612;0.209014;-0.931636;5.76936;1.06836;5.76936;0.00134047;6.70234;0.0670234;0.0670234
1613;0.209014;-0.931636;5.76936;1.06836;5.76936;0.00134047;6.70234;0.0670234;0.0670234
1614;0.209014;-0.931636;5.76936;1.06836;5.76936;0.00134047;6.70234;0.0670234;0.0670234
1615;0.209014;-0.931636;5.76936;1.06836;5.76936;0.00134047;6.70234;0.0670234;0.0670234
1616;0.209014;-0.931636;5.76936;1.06836;5.76936;0.00134047;6.70234;0.0670234;0.0670234
1617;0.209014;-0.931636;5.76936;1.06836;5.76936;0.00134047;6.70234;0.0670234;0.0670234
1618;0.209014;-0.931636;5.76936;1.06836;5.76936;0.00134047;6.70234;0.0670234;0.0670234
1619;0.209014;-0.931636;5.76936;1.06836;5.76936;0.00134047;6.70234;0.0670234;0.0670234
1620;0.209014;-0.931636;5.76936;1.06836;5.76936;0.00134047;6.70234;0.0670234;0.0670234
1621;0.209014;-0.931636;5.76936;1.06836;5.76936;0.00134047;6.70234;0.0670234;0.0670234
1622;0.209014;-0.931636;5.76936;1.06836;5.76936;0.00134047;6.70234;0.0670234;0.0670234
1623;0.209014;-0.931636;5.76936;1.06836;5.76936;0.00134047;6.70234;0.0670234;0.0670234
1624;0.209014;-0.931636;5.76936;1.06836;5.76936;0.00134047;6.70234;0.0670234;0.0670234
1625;0.209014;-0.931636;5.76936;1.06836;5.76936;0.00134047;6.70234;0.0670234;0.0670234
1626;0.209014;-0.931636;5.76936;1.06836;5.76936;0.00134047;6.70234;0.0670234;0.0670234
1627;0.209014;-0.931636;5.76936;1.06836;5.76936;0.00134047;6.70234;0.0670234;0.0670234
1628;0.209014;-0.931636;5.76936;1.06836;5.76936;0.00134047;6.70234;0.0670234;0.0670234
1629;0.209014;-0.931636;5.76936;1.06836;5.76936;0.00134047;6.70234;0.0670234;0.0670234
1630;0.209014;-0.931636;5.76936;1.06836;5.76936;0.00134047;6.70234;0.0670234;0.0670234
1631;0.209014;-0.931636;5.76936;1.06836;5.76936;0.00134047;6.70234;0.0670234;0.0670234
1632;0.209014;-0.931636;5.76936;1.06836;5.76936;0.00134047;6.70234;0.0670234;0.0670234
1633;0.209014;-0.931636;5.76936;1.06836;5.76936;0.00134047;6.70234;0.0670234;0.0670234
1634;0.209014;-0.931636;5.76936;1.06836;5.76936;0.00134047;6.70234;0.0670234;0.0670234
1635;0.209014;-0.931636;5.76936;1.06836;5.76936;0.00134047;6.70234;0.0670234;0.0670234
1636;0.209014;-0.931636;5.76936;1.06836;5.76936;0.00134047;6.70234;0.0670234;0.0670234
1637;0.209014;-0.931636;5.76936;1.06836;5.76936;0.00134047;6.70234;0.0670234;0.0670234
1638;0.209014;-0.931636;5.76936;1.06836;5.76936;0.00134047;6.70234;0.0670234;0.0670234
1639;0.209014;-0.931636;5.76936;1.06836;5.76936;0.00134047;6.70234;0.0670234;0.0670234
1640;0.209014;-0.931636;5.76936;1.06836;5.76936;0.00134047;6.70234;0.0670234;0.0670234
1641;0.209014;-0.931636;5.76936;1.06836;5.76936;0.00134047;6.70234;0.0670234;0.0670234
1642;0.209014;-0.931636;5.76936;1.06836;5.76936;0.00134047;6.70234;0.0670234;0.0670234
1643;0.209014;-0.931636;5.76936;1.06836;5.76936;0.00134047;6.70234;0.0670234;0.0670234
1644;0.209014;-0.931636;5.76936;1.06836;5.76936;0.00134047;6.70234;0.0670234;0.0670234
1645;0.209014;-0.931636;5.76936;1.06836;5.76936;0.00134047;6.70234;0.0670234;0.0670234
1646;0.209014;-0.931636;5.76936;1.06836;5.76936;0.00134047;6.70234;0.0670234;0.0670234
1647;0.209014;-0.931636;5.76936;1.06836;5.76936;0.00134047;6.70234;0.0670234;0.0670234
1648;0.209014;-0.931636;5.76936;1.06836;5.76936;0.00134047;6.70234;0.0670234;0.0670234
1649;0.209014;-0.931636;5.76936;1.06836;5.76936;0.00134047;6.70234;0.0670234;0.0670234
1650;0.209014;-0.931636;5.76936;1.06836;5.76936;0.00134047;6.70234;0.0670234;0.0670234
1651;0.209014;-0.931636;5.76936;1.06836;5.76936;0.00134047;6.70234;0.0670234;0.0670234
1652;0.209014;-0.931636;5.76936;1.06836;5.76936;0.00134047;6.70234;0.0670234;0.0670234
1653;0.209014;-0.931636;5.76936;1.06836;5.76936;0.00134047;6.70234;0.0670234;0.0670234
1654;0.209014;-0.931636;5.76936;1.06836;5.76936;0.00134047;6.70234;0.0670234;0.0670234
1655;0.209014;-0.931636;5.76936;1.06836;5.76936;0.00134047;6.70234;0.0670234;0.0670234
1656;0.209014;-0.931636;5.76936;1.06836;5.76936;0.00134047;6.70234;0.0670234;0.0670234
1657;0.209014;-0.931636;5.76936;1.06836;5.76936;0.00134047;6.70234;0.0670234;0.0670234
1658;0.209014;-0.931636;5.76936;1.06836;5.76936;0.00134047;6.70234;0.0670234;0.0670234
1659;0.209014;-0.931636;5.76936;1.06836;5.76936;0.00134047;6.70234;0.0670234;0.0670234
1660;0.209014;-0.931636;5.76936;1.06836;5.76936;0.00134047;6.70234;0.0670234;0.0670234
1661;0.209014;-0.931636;5.76936;1.06836;5.76936;0.00134047;6.70234;0.0670234;0.0670234
1662;0.209014;-0.931636;5.76936;1.06836;5.76936;0.00134047;6.70234;0.0670234;0.0670234
1663;0.209014;-0.931636;5.76936;1.06836;5.76936;0.00134047;6.70234;0.0670234;0.0670234
1664;0.209014;-0.931636;5.76936;1.06836;5.76936;0.00134047;6.70234;0.0670234;0.0670234
1665;0.209014;-0.931636;5.76936;1.06836;5.76936;0.00134047;6.70234;0.0670234;0.0670234
1666;0.209014;-0.931636;5.76936;1.06836;5.76936;0.00134047;6.70234;0.0670234;0.0670234
1667;0.209014;-0.931636;5.76936;1.06836;5.76936;0.00134047;6.70234;0.0670234;0.0670234
1668;0.209014;-0.931636;5.76936;1.06836;5.76936;0.00134047;6.70234;0.0670234;0.0670234
1669;0.209014;-0.931636;5.76936;1.06836;5.76936;0.00134047;6.70234;0.0670234;0.0670234
1670;0.209014;-0.931636;5.76936;1.06836;5.76936;0.00134047;6.70234;0.0670234;0.0670234
1671;0.209014;-0.931636;5.76936;1.06836;5.76936;0.00134047;6.70234;0.0670234;0.0670234
1672;0.209014;-0.931636;5.76936;1.06836;5.76936;0.00134047;6.70234;0.0670234;0.0670234
1673;0.209014;-0.931636;5.76936;1.06836;5.76936;0.00134047;6.70234;0.0670234;0.0670234
1674;0.209014;-0.931636;5.76936;1.06836;5.76936;0.00134047;6.70234;0.0670234;0.0670234
1675;0.209014;-0.931636;5.76936;1.06836;5.76936;0.00134047;6.70234;0.0670234;0.0670234
1676;0.209014;-0.931636;5.76936;1.06836;5.76936;0.00134047;6.70234;0.0670234;0.0670234
1677;0.209014;-0.931636;5.76936;1.06836;5.76936;0.00134047;6.70234;0.0670234;0.0670234
1678;0.209014;-0.931636;5.76936;1.06836;5.76936;0.00134047;6.70234;0.0670234;0.0670234
1679;0.209014;-0.931636;5.76936;1.06836;5.76936;0.00134047;6.70234;0.0670234;0.0670234
1680;0.209014;-0.931636;5.76936;1.06836;5.76936;0.00134047;6.70234;0.0670234;0.0670234
1681;0.209014;-0.931636;5.76936;1.06836;5.76936;0.00134047;6.70234;0.0670234;0.0670234
1682;0.209014;-0.931636;5.76936;1.06836;5.76936;0.00134047;6.70234;0.0670234;0.0670234
1683;0.209014;-0.931636;5.76936;1.06836;5.76936;0.00134047;6.70234;0.0670234;0.0670234
1684;0.209014;-0.931636;5.76936;1.06836;5.76936;0.00134047;6.70234;0.0670234;0.0670234
1685;0.209014;-0.931636;5.76936;1.06836;5.76936;0.00134047;6.70234;0.0670234;0.0670234
1686;0.209014;-0.931636;5.76936;1.06836;5.76936;0.00134047;6.70234;0.0670234;0.0670234
1687;0.209014;-0.931636;5.76936;1.06836;5.76936;0.00134047;6.70234;0.0670234;0.0670234
1688;0.209014;-0.931636;5.76936;1.06836;5.76936;0.00134047;6.70234;0.0670234;0.0670234
1689;0.209014;-0.931636;5.76936;1.06836;5.76936;0.00134047;6.70234;0.0670234;0.0670234
1690;0.209014;-0.931636;5.76936;1.06836;5.76936;0.00134047;6.70234;0.0670234;0.0670234
1691;0.209014;-0.931636;5.76936;1.06836;5.76936;0.00134047;6.70234;0.0670234;0.0670234
1692;0.209014;-0.931636;5.76936;1.06836;5.76936;0.00134047;6.70234;0.0670234;0.0670234
1693;0.209014;-0.931636;5.76936;1.06836;5.76936;0.00134047;6.70234;0.0670234;0.0670234
1694;0.209014;-0.931636;5.76936;1.06836;5.76936;0.00134047;6.70234;0.0670234;0.0670234
1695;0.209014;-0.931636;5.76936;1.06836;5.76936;0.00134047;6.70234;0.0670234;0.0670234
1696;0.209014;-0.931636;5.76936;1.06836;5.76936;0.00134047;6.70234;0.0670234;0.0670234
1697;0.209014;-0.931636;5.76936;1.06836;5.76936;0.00134047;6.70234;0.0670234;0.0670234
1698;0.209014;-0.931636;5.76936;1.06836;5.76936;0.00134047;6.70234;0.0670234;0.0670234
1699;0.209014;-0.931636;5.76936;1.06836;5.76936;0.00134047;6.70234;0.0670234;0.0670234
1700;0.209014;-0.931636;5.76936;1.06836;5.76936;0.00134047;6.70234;0.0670234;0.0670234
1701;0.209014;-0.931636;5.76936;1.06836;5.76936;0.00134047;6.70234;0.0670234;0.0670234
1702;0.209014;-0.931636;5.76936;1.06836;5.76936;0.00134047;6.70234;0.0670234;0.0670234
1703;0.209014;-0.931636;5.76936;1.06836;5.76936;0.00134047;6.70234;0.0670234;0.0670234
1704;0.209014;-0.931636;5.76936;1.06836;5.76936;0.00134047;6.70234;0.0670234;0.0670234
1705;0.209014;-0.931636;5.76936;1.06836;5.76936;0.00134047;6.70234;0.0670234;0.0670234
1706;0.209014;-0.931636;5.76936;1.06836;5.76936;0.00134047;6.70234;0.0670234;0.0670234
1707;0.209014;-0.931636;5.76936;1.06836;5.76936;0.00134047;6.70234;0.0670234;0.0670234
1708;0.209014;-0.931636;5.76936;1.06836;5.76936;0.00134047;6.70234;0.0670234;0.0670234
1709;0.209014;-0.931636;5.76936;1.06836;5.76936;0.00134047;6.70234;0.0670234;0.0670234
1710;0.209014;-0.931636;5.76936;1.06836;5.76936;0.00134047;6.70234;0.0670234;0.0670234
1711;0.209014;-0.931636;5.76936;1.06836;5.76936;0.00134047;6.70234;0.0670234;0.0670234
1712;0.209014;-0.931636;5.76936;1.06836;5.76936;0.00134047;6.70234;0.0670234;0.0670234
1713;0.209014;-0.931636;5.76936;1.06836;5.76936;0.00134047;6.70234;0.0670234;0.0670234
1714;0.209014;-0.931636;5.76936;1.06836;5.76936;0.00134047;6.70234;0.0670234;0.0670234
1715;0.209014;-0.931636;5.76936;1.06836;5.76936;0.00134047;6.70234;0.0670234;0.0670234
1716;0.209014;-0.931636;5.76936;1.06836;5.76936;0.00134047;6.70234;0.0670234;0.0670234
1717;0.209014;-0.931636;5.76936;1.06836;5.76936;0.00134047;6.70234;0.0670234;0.0670234
1718;0.209014;-0.931636;5.76936;1.06836;5.76936;0.00134047;6.70234;0.0670234;0.0670234
1719;0.209014;-0.931636;5.76936;1.06836;5.76936;0.00134047;6.70234;0.0670234;0.0670234
1720;0.209014;-0.931636;5.76936;1.06836;5.76936;0.00134047;6.70234;0.0670234;0.0670234
1721;0.209014;-0.931636;5.76936;1.06836;5.76936;0.00134047;6.70234;0.0670234;0.0670234
1722;0.209014;-0.931636;5.76936;1.06836;5.76936;0.00134047;6.70234;0.0670234;0.0670234
1723;0.209014;-0.931636;5.76936;1.06836;5.76936;0.00134047;6.70234;0.0670234;0.0670234
1724;0.209014;-0.931636;5.76936;1.06836;5.76936;0.00134047;6.70234;0.0670234;0.0670234
1725;0.209014;-0.931636;5.76936;1.06836;5.76936;0.00134047;6.70234;0.0670234;0.0670234
1726;0.209014;-0.931636;5.76936;1.06836;5.76936;0.00134047;6.70234;0.0670234;0.0670234
1727;0.209014;-0.931636;5.76936;1.06836;5.76936;0.00134047;6.70234;0.0670234;0.0670234
1728;0.209014;-0.931636;5.76936;1.06836;5.76936;0.00134047;6.70234;0.0670234;0.0670234
1729;0.209014;-0.931636;5.76936;1.06836;5.76936;0.00134047;6.70234;0.0670234;0.0670234
1730;0.209014;-0.931636;5.76936;1.06836;5.76936;0.00134047;6.70234;0.0670234;0.0670234
1731;0.209014;-0.931636;5.76936;1.06836;5.76936;0.00134047;6.70234;0.0670234;0.0670234
1732;0.209014;-0.931636;5.76936;1.06836;5.76936;0.00134047;6.70234;0.0670234;0.0670234
1733;0.209014;-0.931636;5.76936;1.06836;5.76936;0.00134047;6.70234;0.0670234;0.0670234
1734;0.209014;-0.931636;5.76936;1.06836;5.76936;0.00134047;6.70234;0.0670234;0.0670234
1735;0.209014;-0.931636;5.76936;1.06836;5.76936;0.00134047;6.70234;0.0670234;0.0670234
1736;0.209014;-0.931636;5.76936;1.06836;5.76936;0.00134047;6.70234;0.0670234;0.0670234
1737;0.209014;-0.931636;5.76936;1.06836;5.76936;0.00134047;6.70234;0.0670234;0.0670234
1738;0.209014;-0.931636;5.76936;1.06836;5.76936;0.00134047;6.70234;0.0670234;0.0670234
1739;0.209014;-0.931636;5.76936;1.06836;5.76936;0.00134047;6.70234;0.0670234;0.0670234
1740;0.209014;-0.931636;5.76936;1.06836;5.76936;0.00134047;6.70234;0.0670234;0.0670234
1741;0.209014;-0.931636;5.76936;1.06836;5.76936;0.00134047;6.70234;0.0670234;0.0670234
1742;0.209014;-0.931636;5.76936;1.06836;5.76936;0.00134047;6.70234;0.0670234;0.0670234
1743;0.209014;-0.931636;5.76936;1.06836;5.76936;0.00134047;6.70234;0.0670234;0.0670234
1744;0.209014;-0.931636;5.76936;1.06836;5.76936;0.00134047;6.70234;0.0670234;0.0670234
1745;0.209014;-0.931636;5.76936;1.06836;5.76936;0.00134047;6.70234;0.0670234;0.0670234
1746;0.209014;-0.931636;5.76936;1.06836;5.76936;0.00134047;6.70234;0.0670234;0.0670234
1747;0.209014;-0.931636;5.76936;1.06836;5.76936;0.00134047;6.70234;0.0670234;0.0670234
1748;0.209014;-0.931636;5.76936;1.06836;5.76936;0.00134047;6.70234;0.0670234;0.0670234
1749;0.209014;-0.931636;5.76936;1.06836;5.76936;0.00134047;6.70234;0.0670234;0.0670234
1750;0.209014;-0.931636;5.76936;1.06836;5.76936;0.00134047;6.70234;0.0670234;0.0670234
1751;0.209014;-0.931636;5.76936;1.06836;5.76936;0.00134047;6.70234;0.0670234;0.0670234
1752;0.209014;-0.931636;5.76936;1.06836;5.76936;0.00134047;6.70234;0.0670234;0.0670234
1753;0.209014;-0.931636;5.76936;1.06836;5.76936;0.00134047;6.70234;0.0670234;0.0670234
1754;0.209014;-0.931636;5.76936;1.06836;5.76936;0.00134047;6.70234;0.0670234;0.0670234
1755;0.209014;-0.931636;5.76936;1.06836;5.76936;0.00134047;6.70234;0.0670234;0.0670234
1756;0.209014;-0.931636;5.76936;1.06836;5.76936;0.00134047;6.70234;0.0670234;0.0670234
1757;0.209014;-0.931636;5.76936;1.06836;5.76936;0.00134047;6.70234;0.0670234;0.0670234
1758;0.209014;-0.931636;5.76936;1.06836;5.76936;0.00134047;6.70234;0.0670234;0.0670234
1759;0.209014;-0.931636;5.76936;1.06836;5.76936;0.00134047;6.70234;0.0670234;0.0670234
1760;0.209014;-0.931636;5.76936;1.06836;5.76936;0.00134047;6.70234;0.0670234;0.0670234
1761;0.209014;-0.931636;5.76936;1.06836;5.76936;0.00134047;6.70234;0.0670234;0.0670234
1762;0.209014;-0.931636;5.76936;1.06836;5.76936;0.00134047;6.70234;0.0670234;0.0670234
1763;0.209014;-0.931636;5.76936;1.06836;5.76936;0.00134047;6.70234;0.0670234;0.0670234
1764;0.209014;-0.931636;5.76936;1.06836;5.76936;0.00134047;6.70234;0.0670234;0.0670234
1765;0.209014;-0.931636;5.76936;1.06836;5.76936;0.00134047;6.70234;0.0670234;0.0670234
1766;0.209014;-0.931636;5.76936;1.06836;5.76936;0.00134047;6.70234;0.0670234;0.0670234
1767;0.209014;-0.931636;5.76936;1.06836;5.76936;0.00134047;6.70234;0.0670234;0.0670234
1768;0.209014;-0.931636;5.76936;1.06836;5.76936;0.00134047;6.70234;0.0670234;0.0670234
1769;0.209014;-0.931636;5.76936;1.06836;5.76936;0.00134047;6.70234;0.0670234;0.0670234
1770;0.209014;-0.931636;5.76936;1.06836;5.76936;0.00134047;6.70234;0.0670234;0.0670234
1771;0.209014;-0.931636;5.76936;1.06836;5.76936;0.00134047;6.70234;0.0670234;0.0670234
1772;0.209014;-0.931636;5.76936;1.06836;5.76936;0.00134047;6.70234;0.0670234;0.0670234
1773;0.209014;-0.931636;5.76936;1.06836;5.76936;0.00134047;6.70234;0.0670234;0.0670234
1774;0.209014;-0.931636;5.76936;1.06836;5.76936;0.00134047;6.70234;0.0670234;0.0670234
1775;0.209014;-0.931636;5.76936;1.06836;5.76936;0.00134047;6.70234;0.0670234;0.0670234
1776;0.209014;-0.931636;5.76936;1.06836;5.76936;0.00134047;6.70234;0.0670234;0.0670234
1777;0.209014;-0.931636;5.76936;1.06836;5.76936;0.00134047;6.70234;0.0670234;0.0670234
1778;0.209014;-0.931636;5.76936;1.06836;5.76936;0.00134047;6.70234;0.0670234;0.0670234
1779;0.209014;-0.931636;5.76936;1.06836;5.76936;0.00134047;6.70234;0.0670234;0.0670234
1780;0.209014;-0.931636;5.76936;1.06836;5.76936;0.00134047;6.70234;0.0670234;0.0670234
1781;0.209014;-0.931636;5.76936;1.06836;5.76936;0.00134047;6.70234;0.0670234;0.0670234
1782;0.209014;-0.931636;5.76936;1.06836;5.76936;0.00134047;6.70234;0.0670234;0.0670234
1783;0.209014;-0.931636;5.76936;1.06836;5.76936;0.00134047;6.70234;0.0670234;0.0670234
1784;0.209014;-0.931636;5.76936;1.06836;5.76936;0.00134047;6.70234;0.0670234;0.0670234
1785;0.209014;-0.931636;5.76936;1.06836;5.76936;0.00134047;6.70234;0.0670234;0.0670234
1786;0.209014;-0.931636;5.76936;1.06836;5.76936;0.00134047;6.70234;0.0670234;0.0670234
1787;0.209014;-0.931636;5.76936;1.06836;5.76936;0.00134047;6.70234;0.0670234;0.0670234
1788;0.209014;-0.931636;5.76936;1.06836;5.76936;0.00134047;6.70234;0.0670234;0.0670234
1789;0.209014;-0.931636;5.76936;1.06836;5.76936;0.00134047;6.70234;0.0670234;0.0670234
1790;0.209014;-0.931636;5.76936;1.06836;5.76936;0.00134047;6.70234;0.0670234;0.0670234
1791;0.209014;-0.931636;5.76936;1.06836;5.76936;0.00134047;6.70234;0.0670234;0.0670234
1792;0.209014;-0.931636;5.76936;1.06836;5.76936;0.00134047;6.70234;0.0670234;0.0670234
1793;0.209014;-0.931636;5.76936;1.06836;5.76936;0.00134047;6.70234;0.0670234;0.0670234
1794;0.209014;-0.931636;5.76936;1.06836;5.76936;0.00134047;6.70234;0.0670234;0.0670234
1795;0.209014;-0.931636;5.76936;1.06836;5.76936;0.00134047;6.70234;0.0670234;0.0670234
1796;0.209014;-0.931636;5.76936;1.06836;5.76936;0.00134047;6.70234;0.0670234;0.0670234
1797;0.209014;-0.931636;5.76936;1.06836;5.76936;0.00134047;6.70234;0.0670234;0.0670234
1798;0.209014;-0.931636;5.76936;1.06836;5.76936;0.00134047;6.70234;0.0670234;0.0670234
1799;0.209014;-0.931636;5.76936;1.06836;5.76936;0.00134047;6.70234;0.0670234;0.0670234
1800;0.209014;-0.931636;5.76936;1.06836;5.76936;0.00134047;6.70234;0.0670234;0.0670234
1801;0.209014;-0.931636;5.76936;1.06836;5.76936;0.00134047;6.70234;0.0670234;0.0670234
1802;0.209014;-0.931636;5.76936;1.06836;5.76936;0.00134047;6.70234;0.0670234;0.0670234
1803;0.209014;-0.931636;5.76936;1.06836;5.76936;0.00134047;6.70234;0.0670234;0.0670234
1804;0.209014;-0.931636;5.76936;1.06836;5.76936;0.00134047;6.70234;0.0670234;0.0670234
1805;0.209014;-0.931636;5.76936;1.06836;5.76936;0.00134047;6.70234;0.0670234;0.0670234
1806;0.209014;-0.931636;5.76936;1.06836;5.76936;0.00134047;6.70234;0.0670234;0.0670234
1807;0.209014;-0.931636;5.76936;1.06836;5.76936;0.00134047;6.70234;0.0670234;0.0670234
1808;0.209014;-0.931636;5.76936;1.06836;5.76936;0.00134047;6.70234;0.0670234;0.0670234
1809;0.209014;-0.931636;5.76936;1.06836;5.76936;0.00134047;6.70234;0.0670234;0.0670234
1810;0.209014;-0.931636;5.76936;1.06836;5.76936;0.00134047;6.70234;0.0670234;0.0670234
1811;0.209014;-0.931636;5.76936;1.06836;5.76936;0.00134047;6.70234;0.0670234;0.0670234
1812;0.209014;-0.931636;5.76936;1.06836;5.76936;0.00134047;6.70234;0.0670234;0.0670234
1813;0.209014;-0.931636;5.76936;1.06836;5.76936;0.00134047;6.70234;0.0670234;0.0670234
1814;0.209014;-0.931636;5.76936;1.06836;5.76936;0.00134047;6.70234;0.0670234;0.0670234
1815;0.209014;-0.931636;5.76936;1.06836;5.76936;0.00134047;6.70234;0.0670234;0.0670234
1816;0.209014;-0.931636;5.76936;1.06836;5.76936;0.00134047;6.70234;0.0670234;0.0670234
1817;0.209014;-0.931636;5.76936;1.06836;5.76936;0.00134047;6.70234;0.0670234;0.0670234
1818;0.209014;-0.931636;5.76936;1.06836;5.76936;0.00134047;6.70234;0.0670234;0.0670234
1819;0.209014;-0.931636;5.76936;1.06836;5.76936;0.00134047;6.70234;0.0670234;0.0670234
1820;0.209014;-0.931636;5.76936;1.06836;5.76936;0.00134047;6.70234;0.0670234;0.0670234
1821;0.209014;-0.931636;5.76936;1.06836;5.76936;0.00134047;6.70234;0.0670234;0.0670234
1822;0.209014;-0.931636;5.76936;1.06836;5.76936;0.00134047;6.70234;0.0670234;0.0670234
1823;0.209014;-0.931636;5.76936;1.06836;5.76936;0.00134047;6.70234;0.0670234;0.0670234
1824;0.209014;-0.931636;5.76936;1.06836;5.76936;0.00134047;6.70234;0.0670234;0.0670234
1825;0.209014;-0.931636;5.76936;1.06836;5.76936;0.00134047;6.70234;0.0670234;0.0670234
1826;0.209014;-0.931636;5.76936;1.06836;5.76936;0.00134047;6.70234;0.0670234;0.0670234
1827;0.209014;-0.931636;5.76936;1.06836;5.76936;0.00134047;6.70234;0.0670234;0.0670234
1828;0.209014;-0.931636;5.76936;1.06836;5.76936;0.00134047;6.70234;0.0670234;0.0670234
1829;0.209014;-0.931636;5.76936;1.06836;5.76936;0.00134047;6.70234;0.0670234;0.0670234
1830;0.209014;-0.931636;5.76936;1.06836;5.76936;0.00134047;6.70234;0.0670234;0.0670234
1831;0.209014;-0.931636;5.76936;1.06836;5.76936;0.00134047;6.70234;0.0670234;0.0670234
1832;0.209014;-0.931636;5.76936;1.06836;5.76936;0.00134047;6.70234;0.0670234;0.0670234
1833;0.209014;-0.931636;5.76936;1.06836;5.76936;0.00134047;6.70234;0.0670234;0.0670234
1834;0.209014;-0.931636;5.76936;1.06836;5.76936;0.00134047;6.70234;0.0670234;0.0670234
1835;0.209014;-0.931636;5.76936;1.06836;5.76936;0.00134047;6.70234;0.0670234;0.0670234
1836;0.209014;-0.931636;5.76936;1.06836;5.76936;0.00134047;6.70234;0.0670234;0.0670234
1837;0.209014;-0.931636;5.76936;1.06836;5.76936;0.00134047;6.70234;0.0670234;0.0670234
1838;0.209014;-0.931636;5.76936;1.06836;5.76936;0.00134047;6.70234;0.0670234;0.0670234
1839;0.209014;-0.931636;5.76936;1.06836;5.76936;0.00134047;6.70234;0.0670234;0.0670234
1840;0.209014;-0.931636;5.76936;1.06836;5.76936;0.00134047;6.70234;0.0670234;0.0670234
1841;0.209014;-0.931636;5.76936;1.06836;5.76936;0.00134047;6.70234;0.0670234;0.0670234
1842;0.209014;-0.931636;5.76936;1.06836;5.76936;0.00134047;6.70234;0.0670234;0.0670234
1843;0.209014;-0.931636;5.76936;1.06836;5.76936;0.00134047;6.70234;0.0670234;0.0670234
1844;0.209014;-0.931636;5.76936;1.06836;5.76936;0.00134047;6.70234;0.0670234;0.0670234
1845;0.209014;-0.931636;5.76936;1.06836;5.76936;0.00134047;6.70234;0.0670234;0.0670234
1846;0.209014;-0.931636;5.76936;1.06836;5.76936;0.00134047;6.70234;0.0670234;0.0670234
1847;0.209014;-0.931636;5.76936;1.06836;5.76936;0.00134047;6.70234;0.0670234;0.0670234
1848;0.209014;-0.931636;5.76936;1.06836;5.76936;0.00134047;6.70234;0.0670234;0.0670234
1849;0.209014;-0.931636;5.76936;1.06836;5.76936;0.00134047;6.70234;0.0670234;0.0670234
1850;0.209014;-0.931636;5.76936;1.06836;5.76936;0.00134047;6.70234;0.0670234;0.0670234
1851;0.209014;-0.931636;5.76936;1.06836;5.76936;0.00134047;6.70234;0.0670234;0.0670234
1852;0.209014;-0.931636;5.76936;1.06836;5.76936;0.00134047;6.70234;0.0670234;0.0670234
1853;0.209014;-0.931636;5.76936;1.06836;5.76936;0.00134047;6.70234;0.0670234;0.0670234
1854;0.209014;-0.931636;5.76936;1.06836;5.76936;0.00134047;6.70234;0.0670234;0.0670234
1855;0.209014;-0.931636;5.76936;1.06836;5.76936;0.00134047;6.70234;0.0670234;0.0670234
1856;0.209014;-0.931636;5.76936;1.06836;5.76936;0.00134047;6.70234;0.0670234;0.0670234
1857;0.209014;-0.931636;5.76936;1.06836;5.76936;0.00134047;6.70234;0.0670234;0.0670234
1858;0.209014;-0.931636;5.76936;1.06836;5.76936;0.00134047;6.70234;0.0670234;0.0670234
1859;0.209014;-0.931636;5.76936;1.06836;5.76936;0.00134047;6.70234;0.0670234;0.0670234
1860;0.209014;-0.931636;5.76936;1.06836;5.76936;0.00134047;6.70234;0.0670234;0.0670234
1861;0.209014;-0.931636;5.76936;1.06836;5.76936;0.00134047;6.70234;0.0670234;0.0670234
1862;0.209014;-0.931636;5.76936;1.06836;5.76936;0.00134047;6.70234;0.0670234;0.0670234
1863;0.209014;-0.931636;5.76936;1.06836;5.76936;0.00134047;6.70234;0.0670234;0.0670234
1864;0.209014;-0.931636;5.76936;1.06836;5.76936;0.00134047;6.70234;0.0670234;0.0670234
1865;0.209014;-0.931636;5.76936;1.06836;5.76936;0.00134047;6.70234;0.0670234;0.0670234
1866;0.209014;-0.931636;5.76936;1.06836;5.76936;0.00134047;6.70234;0.0670234;0.0670234
1867;0.209014;-0.931636;5.76936;1.06836;5.76936;0.00134047;6.70234;0.0670234;0.0670234
1868;0.209014;-0.931636;5.76936;1.06836;5.76936;0.00134047;6.70234;0.0670234;0.0670234
1869;0.209014;-0.931636;5.76936;1.06836;5.76936;0.00134047;6.70234;0.0670234;0.0670234
1870;0.209014;-0.931636;5.76936;1.06836;5.76936;0.00134047;6.70234;0.0670234;0.0670234
1871;0.209014;-0.931636;5.76936;1.06836;5.76936;0.00134047;6.70234;0.0670234;0.0670234
1872;0.209014;-0.931636;5.76936;1.06836;5.76936;0.00134047;6.70234;0.0670234;0.0670234
1873;0.209014;-0.931636;5.76936;1.06836;5.76936;0.00134047;6.70234;0.0670234;0.0670234
1874;0.209014;-0.931636;5.76936;1.06836;5.76936;0.00134047;6.70234;0.0670234;0.0670234
1875;0.209014;-0.931636;5.76936;1.06836;5.76936;0.00134047;6.70234;0.0670234;0.0670234
1876;0.209014;-0.931636;5.76936;1.06836;5.76936;0.00134047;6.70234;0.0670234;0.0670234
1877;0.209014;-0.931636;5.76936;1.06836;5.76936;0.00134047;6.70234;0.0670234;0.0670234
1878;0.209014;-0.931636;5.76936;1.06836;5.76936;0.00134047;6.70234;0.0670234;0.0670234
1879;0.209014;-0.931636;5.76936;1.06836;5.76936;0.00134047;6.70234;0.0670234;0.0670234
1880;0.209014;-0.931636;5.76936;1.06836;5.76936;0.00134047;6.70234;0.0670234;0.0670234
1881;0.209014;-0.931636;5.76936;1.06836;5.76936;0.00134047;6.70234;0.0670234;0.0670234
1882;0.209014;-0.931636;5.76936;1.06836;5.76936;0.00134047;6.70234;0.0670234;0.0670234
1883;0.209014;-0.931636;5.76936;1.06836;5.76936;0.00134047;6.70234;0.0670234;0.0670234
1884;0.209014;-0.931636;5.76936;1.06836;5.76936;0.00134047;6.70234;0.0670234;0.0670234
1885;0.209014;-0.931636;5.76936;1.06836;5.76936;0.00134047;6.70234;0.0670234;0.0670234
1886;0.209014;-0.931636;5.76936;1.06836;5.76936;0.00134047;6.70234;0.0670234;0.0670234
1887;0.209014;-0.931636;5.76936;1.06836;5.76936;0.00134047;6.70234;0.0670234;0.0670234
1888;0.209014;-0.931636;5.76936;1.06836;5.76936;0.00134047;6.70234;0.0670234;0.0670234
1889;0.209014;-0.931636;5.76936;1.06836;5.76936;0.00134047;6.70234;0.0670234;0.0670234
1890;0.209014;-0.931636;5.76936;1.06836;5.76936;0.00134047;6.70234;0.0670234;0.0670234
1891;0.209014;-0.931636;5.76936;1.06836;5.76936;0.00134047;6.70234;0.0670234;0.0670234
1892;0.209014;-0.931636;5.76936;1.06836;5.76936;0.00134047;6.70234;0.0670234;0.0670234
1893;0.209014;-0.931636;5.76936;1.06836;5.76936;0.00134047;6.70234;0.0670234;0.0670234
1894;0.209014;-0.931636;5.76936;1.06836;5.76936;0.00134047;6.70234;0.0670234;0.0670234
1895;0.209014;-0.931636;5.76936;1.06836;5.76936;0.00134047;6.70234;0.0670234;0.0670234
1896;0.209014;-0.931636;5.76936;1.06836;5.76936;0.00134047;6.70234;0.0670234;0.0670234
1897;0.209014;-0.931636;5.76936;1.06836;5.76936;0.00134047;6.70234;0.0670234;0.0670234
1898;0.209014;-0.931636;5.76936;1.06836;5.76936;0.00134047;6.70234;0.0670234;0.0670234
1899;0.209014;-0.931636;5.76936;1.06836;5.76936;0.00134047;6.70234;0.0670234;0.0670234
1900;0.209014;-0.931636;5.76936;1.06836;5.76936;0.00134047;6.70234;0.0670234;0.0670234
1901;0.209014;-0.931636;5.76936;1.06836;5.76936;0.00134047;6.70234;0.0670234;0.0670234
1902;0.209014;-0.931636;5.76936;1.06836;5.76936;0.00134047;6.70234;0.0670234;0.0670234
1903;0.209014;-0.931636;5.76936;1.06836;5.76936;0.00134047;6.70234;0.0670234;0.0670234
1904;0.209014;-0.931636;5.76936;1.06836;5.76936;0.00134047;6.70234;0.0670234;0.0670234
1905;0.209014;-0.931636;5.76936;1.06836;5.76936;0.00134047;6.70234;0.0670234;0.0670234
1906;0.209014;-0.931636;5.76936;1.06836;5.76936;0.00134047;6.70234;0.0670234;0.0670234
1907;0.209014;-0.931636;5.76936;1.06836;5.76936;0.00134047;6.70234;0.0670234;0.0670234
1908;0.209014;-0.931636;5.76936;1.06836;5.76936;0.00134047;6.70234;0.0670234;0.0670234
1909;0.209014;-0.931636;5.76936;1.06836;5.76936;0.00134047;6.70234;0.0670234;0.0670234
1910;0.209014;-0.931636;5.76936;1.06836;5.76936;0.00134047;6.70234;0.0670234;0.0670234
1911;0.209014;-0.931636;5.76936;1.06836;5.76936;0.00134047;6.70234;0.0670234;0.0670234
1912;0.209014;-0.931636;5.76936;1.06836;5.76936;0.00134047;6.70234;0.0670234;0.0670234
1913;0.209014;-0.931636;5.76936;1.06836;5.76936;0.00134047;6.70234;0.0670234;0.0670234
1914;0.209014;-0.931636;5.76936;1.06836;5.76936;0.00134047;6.70234;0.0670234;0.0670234
1915;0.209014;-0.931636;5.76936;1.06836;5.76936;0.00134047;6.70234;0.0670234;0.0670234
1916;0.209014;-0.931636;5.76936;1.06836;5.76936;0.00134047;6.70234;0.0670234;0.0670234
1917;0.209014;-0.931636;5.76936;1.06836;5.76936;0.00134047;6.70234;0.0670234;0.0670234
1918;0.209014;-0.931636;5.76936;1.06836;5.76936;0.00134047;6.70234;0.0670234;0.0670234
1919;0.209014;-0.931636;5.76936;1.06836;5.76936;0.00134047;6.70234;0.0670234;0.0670234
1920;0.209014;-0.931636;5.76936;1.06836;5.76936;0.00134047;6.70234;0.0670234;0.0670234
1921;0.209014;-0.931636;5.76936;1.06836;5.76936;0.00134047;6.70234;0.0670234;0.0670234
1922;0.209014;-0.931636;5.76936;1.06836;5.76936;0.00134047;6.70234;0.0670234;0.0670234
1923;0.209014;-0.931636;5.76936;1.06836;5.76936;0.00134047;6.70234;0.0670234;0.0670234
1924;0.209014;-0.931636;5.76936;1.06836;5.76936;0.00134047;6.70234;0.0670234;0.0670234
1925;0.209014;-0.931636;5.76936;1.06836;5.76936;0.00134047;6.70234;0.0670234;0.0670234
1926;0.209014;-0.931636;5.76936;1.06836;5.76936;0.00134047;6.70234;0.0670234;0.0670234
1927;0.209014;-0.931636;5.76936;1.06836;5.76936;0.00134047;6.70234;0.0670234;0.0670234
1928;0.209014;-0.931636;5.76936;1.06836;5.76936;0.00134047;6.70234;0.0670234;0.0670234
1929;0.209014;-0.931636;5.76936;1.06836;5.76936;0.00134047;6.70234;0.0670234;0.0670234
1930;0.209014;-0.931636;5.76936;1.06836;5.76936;0.00134047;6.70234;0.0670234;0.0670234
1931;0.209014;-0.931636;5.76936;1.06836;5.76936;0.00134047;6.70234;0.0670234;0.0670234
1932;0.209014;-0.931636;5.76936;1.06836;5.76936;0.00134047;6.70234;0.0670234;0.0670234
1933;0.209014;-0.931636;5.76936;1.06836;5.76936;0.00134047;6.70234;0.0670234;0.0670234
1934;0.209014;-0.931636;5.76936;1.06836;5.76936;0.00134047;6.70234;0.0670234;0.0670234
1935;0.209014;-0.931636;5.76936;1.06836;5.76936;0.00134047;6.70234;0.0670234;0.0670234
1936;0.209014;-0.931636;5.76936;1.06836;5.76936;0.00134047;6.70234;0.0670234;0.0670234
1937;0.209014;-0.931636;5.76936;1.06836;5.76936;0.00134047;6.70234;0.0670234;0.0670234
1938;0.209014;-0.931636;5.76936;1.06836;5.76936;0.00134047;6.70234;0.0670234;0.0670234
1939;0.209014;-0.931636;5.76936;1.06836;5.76936;0.00134047;6.70234;0.0670234;0.0670234
1940;0.209014;-0.931636;5.76936;1.06836;5.76936;0.00134047;6.70234;0.0670234;0.0670234
1941;0.209014;-0.931636;5.76936;1.06836;5.76936;0.00134047;6.70234;0.0670234;0.0670234
1942;0.209014;-0.931636;5.76936;1.06836;5.76936;0.00134047;6.70234;0.0670234;0.0670234
1943;0.209014;-0.931636;5.76936;1.06836;5.76936;0.00134047;6.70234;0.0670234;0.0670234
1944;0.209014;-0.931636;5.76936;1.06836;5.76936;0.00134047;6.70234;0.0670234;0.0670234
1945;0.209014;-0.931636;5.76936;1.06836;5.76936;0.00134047;6.70234;0.0670234;0.0670234
1946;0.209014;-0.931636;5.76936;1.06836;5.76936;0.00134047;6.70234;0.0670234;0.0670234
1947;0.209014;-0.931636;5.76936;1.06836;5.76936;0.00134047;6.70234;0.0670234;0.0670234
1948;0.209014;-0.931636;5.76936;1.06836;5.76936;0.00134047;6.70234;0.0670234;0.0670234
1949;0.209014;-0.931636;5.76936;1.06836;5.76936;0.00134047;6.70234;0.0670234;0.0670234
1950;0.209014;-0.931636;5.76936;1.06836;5.76936;0.00134047;6.70234;0.0670234;0.0670234
1951;0.209014;-0.931636;5.76936;1.06836;5.76936;0.00134047;6.70234;0.0670234;0.0670234
1952;0.209014;-0.931636;5.76936;1.06836;5.76936;0.00134047;6.70234;0.0670234;0.0670234
1953;0.209014;-0.931636;5.76936;1.06836;5.76936;0.00134047;6.70234;0.0670234;0.0670234
1954;0.209014;-0.931636;5.76936;1.06836;5.76936;0.00134047;6.70234;0.0670234;0.0670234
1955;0.209014;-0.931636;5.76936;1.06836;5.76936;0.00134047;6.70234;0.0670234;0.0670234
1956;0.209014;-0.931636;5.76936;1.06836;5.76936;0.00134047;6.70234;0.0670234;0.0670234
1957;0.209014;-0.931636;5.76936;1.06836;5.76936;0.00134047;6.70234;0.0670234;0.0670234
1958;0.209014;-0.931636;5.76936;1.06836;5.76936;0.00134047;6.70234;0.0670234;0.0670234
1959;0.209014;-0.931636;5.76936;1.06836;5.76936;0.00134047;6.70234;0.0670234;0.0670234
1960;0.209014;-0.931636;5.76936;1.06836;5.76936;0.00134047;6.70234;0.0670234;0.0670234
1961;0.209014;-0.931636;5.76936;1.06836;5.76936;0.00134047;6.70234;0.0670234;0.0670234
1962;0.209014;-0.931636;5.76936;1.06836;5.76936;0.00134047;6.70234;0.0670234;0.0670234
1963;0.209014;-0.931636;5.76936;1.06836;5.76936;0.00134047;6.70234;0.0670234;0.0670234
1964;0.209014;-0.931636;5.76936;1.06836;5.76936;0.00134047;6.70234;0.0670234;0.0670234
1965;0.209014;-0.931636;5.76936;1.06836;5.76936;0.00134047;6.70234;0.0670234;0.0670234
1966;0.209014;-0.931636;5.76936;1.06836;5.76936;0.00134047;6.70234;0.0670234;0.0670234
1967;0.209014;-0.931636;5.76936;1.06836;5.76936;0.00134047;6.70234;0.0670234;0.0670234
1968;0.209014;-0.931636;5.76936;1.06836;5.76936;0.00134047;6.70234;0.0670234;0.0670234
1969;0.209014;-0.931636;5.76936;1.06836;5.76936;0.00134047;6.70234;0.0670234;0.0670234
1970;0.209014;-0.931636;5.76936;1.06836;5.76936;0.00134047;6.70234;0.0670234;0.0670234
1971;0.209014;-0.931636;5.76936;1.06836;5.76936;0.00134047;6.70234;0.0670234;0.0670234
1972;0.209014;-0.931636;5.76936;1.06836;5.76936;0.00134047;6.70234;0.0670234;0.0670234
1973;0.209014;-0.931636;5.76936;1.06836;5.76936;0.00134047;6.70234;0.0670234;0.0670234
1974;0.209014;-0.931636;5.76936;1.06836;5.76936;0.00134047;6.70234;0.0670234;0.0670234
1975;0.209014;-0.931636;5.76936;1.06836;5.76936;0.00134047;6.70234;0.0670234;0.0670234
1976;0.209014;-0.931636;5.76936;1.06836;5.76936;0.00134047;6.70234;0.0670234;0.0670234
1977;0.209014;-0.931636;5.76936;1.06836;5.76936;0.00134047;6.70234;0.0670234;0.0670234
1978;0.209014;-0.931636;5.76936;1.06836;5.76936;0.00134047;6.70234;0.0670234;0.0670234
1979;0.209014;-0.931636;5.76936;1.06836;5.76936;0.00134047;6.70234;0.0670234;0.0670234
1980;0.209014;-0.931636;5.76936;1.06836;5.76936;0.00134047;6.70234;0.0670234;0.0670234
1981;0.209014;-0.931636;5.76936;1.06836;5.76936;0.00134047;6.70234;0.0670234;0.0670234
1982;0.209014;-0.931636;5.76936;1.06836;5.76936;0.00134047;6.70234;0.0670234;0.0670234
1983;0.209014;-0.931636;5.76936;1.06836;5.76936;0.00134047;6.70234;0.0670234;0.0670234
1984;0.209014;-0.931636;5.76936;1.06836;5.76936;0.00134047;6.70234;0.0670234;0.0670234
1985;0.209014;-0.931636;5.76936;1.06836;5.76936;0.00134047;6.70234;0.0670234;0.0670234
1986;0.209014;-0.931636;5.76936;1.06836;5.76936;0.00134047;6.70234;0.0670234;0.0670234
1987;0.209014;-0.931636;5.76936;1.06836;5.76936;0.00134047;6.70234;0.0670234;0.0670234
1988;0.209014;-0.931636;5.76936;1.06836;5.76936;0.00134047;6.70234;0.0670234;0.0670234
1989;0.209014;-0.931636;5.76936;1.06836;5.76936;0.00134047;6.70234;0.0670234;0.0670234
1990;0.209014;-0.931636;5.76936;1.06836;5.76936;0.00134047;6.70234;0.0670234;0.0670234
1991;0.209014;-0.931636;5.76936;1.06836;5.76936;0.00134047;6.70234;0.0670234;0.0670234
1992;0.209014;-0.931636;5.76936;1.06836;5.76936;0.00134047;6.70234;0.0670234;0.0670234
1993;0.209014;-0.931636;5.76936;1.06836;5.76936;0.00134047;6.70234;0.0670234;0.0670234
1994;0.209014;-0.931636;5.76936;1.06836;5.76936;0.00134047;6.70234;0.0670234;0.0670234
1995;0.209014;-0.931636;5.76936;1.06836;5.76936;0.00134047;6.70234;0.0670234;0.0670234
1996;0.209014;-0.931636;5.76936;1.06836;5.76936;0.00134047;6.70234;0.0670234;0.0670234
1997;0.209014;-0.931636;5.76936;1.06836;5.76936;0.00134047;6.70234;0.0670234;0.0670234
1998;0.209014;-0.931636;5.76936;1.06836;5.76936;0.00134047;6.70234;0.0670234;0.0670234
1999;0.209014;-0.931636;5.76936;1.06836;5.76936;0.00134047;6.70234;0.0670234;0.0670234
2000;0.209014;-0.931636;5.76936;1.06836;5.76936;0.00134047;6.70234;0.0670234;0.0670234
2001;0.209014;-0.931636;5.76936;1.06836;5.76936;0.00134047;6.70234;0.0670234;0.0670234
2002;0.209014;-0.931636;5.76936;1.06836;5.76936;0.00134047;6.70234;0.0670234;0.0670234
2003;0.209014;-0.931636;5.76936;1.06836;5.76936;0.00134047;6.70234;0.0670234;0.0670234
2004;0.209014;-0.931636;5.76936;1.06836;5.76936;0.00134047;6.70234;0.0670234;0.0670234
2005;0.209014;-0.931636;5.76936;1.06836;5.76936;0.00134047;6.70234;0.0670234;0.0670234
2006;0.209014;-0.931636;5.76936;1.06836;5.76936;0.00134047;6.70234;0.0670234;0.0670234
2007;0.209014;-0.931636;5.76936;1.06836;5.76936;0.00134047;6.70234;0.0670234;0.0670234
2008;0.209014;-0.931636;5.76936;1.06836;5.76936;0.00134047;6.70234;0.0670234;0.0670234
2009;0.209014;-0.931636;5.76936;1.06836;5.76936;0.00134047;6.70234;0.0670234;0.0670234
2010;0.209014;-0.931636;5.76936;1.06836;5.76936;0.00134047;6.70234;0.0670234;0.0670234
2011;0.209014;-0.931636;5.76936;1.06836;5.76936;0.00134047;6.70234;0.0670234;0.0670234
2012;0.209014;-0.931636;5.76936;1.06836;5.76936;0.00134047;6.70234;0.0670234;0.0670234
2013;0.209014;-0.931636;5.76936;1.06836;5.76936;0.00134047;6.70234;0.0670234;0.0670234
2014;0.209014;-0.931636;5.76936;1.06836;5.76936;0.00134047;6.70234;0.0670234;0.0670234
2015;0.209014;-0.931636;5.76936;1.06836;5.76936;0.00134047;6.70234;0.0670234;0.0670234
2016;0.209014;-0.931636;5.76936;1.06836;5.76936;0.00134047;6.70234;0.0670234;0.0670234
2017;0.209014;-0.931636;5.76936;1.06836;5.76936;0.00134047;6.70234;0.0670234;0.0670234
2018;0.209014;-0.931636;5.76936;1.06836;5.76936;0.00134047;6.70234;0.0670234;0.0670234
2019;0.209014;-0.931636;5.76936;1.06836;5.76936;0.00134047;6.70234;0.0670234;0.0670234
2020;0.209014;-0.931636;5.76936;1.06836;5.76936;0.00134047;6.70234;0.0670234;0.0670234
2021;0.209014;-0.931636;5.76936;1.06836;5.76936;0.00134047;6.70234;0.0670234;0.0670234
2022;0.209014;-0.931636;5.76936;1.06836;5.76936;0.00134047;6.70234;0.0670234;0.0670234
2023;0.209014;-0.931636;5.76936;1.06836;5.76936;0.00134047;6.70234;0.0670234;0.0670234
2024;0.209014;-0.931636;5.76936;1.06836;5.76936;0.00134047;6.70234;0.0670234;0.0670234
2025;0.209014;-0.931636;5.76936;1.06836;5.76936;0.00134047;6.70234;0.0670234;0.0670234
2026;0.209014;-0.931636;5.76936;1.06836;5.76936;0.00134047;6.70234;0.0670234;0.0670234
2027;0.209014;-0.931636;5.76936;1.06836;5.76936;0.00134047;6.70234;0.0670234;0.0670234
2028;0.209014;-0.931636;5.76936;1.06836;5.76936;0.00134047;6.70234;0.0670234;0.0670234
2029;0.209014;-0.931636;5.76936;1.06836;5.76936;0.00134047;6.70234;0.0670234;0.0670234
2030;0.209014;-0.931636;5.76936;1.06836;5.76936;0.00134047;6.70234;0.0670234;0.0670234
2031;0.209014;-0.931636;5.76936;1.06836;5.76936;0.00134047;6.70234;0.0670234;0.0670234
2032;0.209014;-0.931636;5.76936;1.06836;5.76936;0.00134047;6.70234;0.0670234;0.0670234
2033;0.209014;-0.931636;5.76936;1.06836;5.76936;0.00134047;6.70234;0.0670234;0.0670234
2034;0.209014;-0.931636;5.76936;1.06836;5.76936;0.00134047;6.70234;0.0670234;0.0670234
2035;0.209014;-0.931636;5.76936;1.06836;5.76936;0.00134047;6.70234;0.0670234;0.0670234
2036;0.209014;-0.931636;5.76936;1.06836;5.76936;0.00134047;6.70234;0.0670234;0.0670234
2037;0.209014;-0.931636;5.76936;1.06836;5.76936;0.00134047;6.70234;0.0670234;0.0670234
2038;0.209014;-0.931636;5.76936;1.06836;5.76936;0.00134047;6.70234;0.0670234;0.0670234
2039;0.209014;-0.931636;5.76936;1.06836;5.76936;0.00134047;6.70234;0.0670234;0.0670234
2040;0.209014;-0.931636;5.76936;1.06836;5.76936;0.00134047;6.70234;0.0670234;0.0670234
2041;0.209014;-0.931636;5.76936;1.06836;5.76936;0.00134047;6.70234;0.0670234;0.0670234
2042;0.209014;-0.931636;5.76936;1.06836;5.76936;0.00134047;6.70234;0.0670234;0.0670234
2043;0.209014;-0.931636;5.76936;1.06836;5.76936;0.00134047;6.70234;0.0670234;0.0670234
2044;0.209014;-0.931636;5.76936;1.06836;5.76936;0.00134047;6.70234;0.0670234;0.0670234
2045;0.209014;-0.931636;5.76936;1.06836;5.76936;0.00134047;6.70234;0.0670234;0.0670234
2046;0.209014;-0.931636;5.76936;1.06836;5.76936;0.00134047;6.70234;0.0670234;0.0670234
2047;0.209014;-0.931636;5.76936;1.06836;5.76936;0.00134047;6.70234;0.0670234;0.0670234
2048;0.209014;-0.931636;5.76936;1.06836;5.76936;0.00134047;6.70234;0.0670234;0.0670234
2049;0.209014;-0.931636;5.76936;1.06836;5.76936;0.00134047;6.70234;0.0670234;0.0670234
2050;0.209014;-0.931636;5.76936;1.06836;5.76936;0.00134047;6.70234;0.0670234;0.0670234
2051;0.209014;-0.931636;5.76936;1.06836;5.76936;0.00134047;6.70234;0.0670234;0.0670234
2052;0.209014;-0.931636;5.76936;1.06836;5.76936;0.00134047;6.70234;0.0670234;0.0670234
2053;0.209014;-0.931636;5.76936;1.06836;5.76936;0.00134047;6.70234;0.0670234;0.0670234
2054;0.209014;-0.931636;5.76936;1.06836;5.76936;0.00134047;6.70234;0.0670234;0.0670234
2055;0.209014;-0.931636;5.76936;1.06836;5.76936;0.00134047;6.70234;0.0670234;0.0670234
2056;0.209014;-0.931636;5.76936;1.06836;5.76936;0.00134047;6.70234;0.0670234;0.0670234
2057;0.209014;-0.931636;5.76936;1.06836;5.76936;0.00134047;6.70234;0.0670234;0.0670234
2058;0.209014;-0.931636;5.76936;1.06836;5.76936;0.00134047;6.70234;0.0670234;0.0670234
2059;0.209014;-0.931636;5.76936;1.06836;5.76936;0.00134047;6.70234;0.0670234;0.0670234
2060;0.209014;-0.931636;5.76936;1.06836;5.76936;0.00134047;6.70234;0.0670234;0.0670234
2061;0.209014;-0.931636;5.76936;1.06836;5.76936;0.00134047;6.70234;0.0670234;0.0670234
2062;0.209014;-0.931636;5.76936;1.06836;5.76936;0.00134047;6.70234;0.0670234;0.0670234
2063;0.209014;-0.931636;5.76936;1.06836;5.76936;0.00134047;6.70234;0.0670234;0.0670234
2064;0.209014;-0.931636;5.76936;1.06836;5.76936;0.00134047;6.70234;0.0670234;0.0670234
2065;0.209014;-0.931636;5.76936;1.06836;5.76936;0.00134047;6.70234;0.0670234;0.0670234
2066;0.209014;-0.931636;5.76936;1.06836;5.76936;0.00134047;6.70234;0.0670234;0.0670234
2067;0.209014;-0.931636;5.76936;1.06836;5.76936;0.00134047;6.70234;0.0670234;0.0670234
2068;0.209014;-0.931636;5.76936;1.06836;5.76936;0.00134047;6.70234;0.0670234;0.0670234
2069;0.209014;-0.931636;5.76936;1.06836;5.76936;0.00134047;6.70234;0.0670234;0.0670234
2070;0.209014;-0.931636;5.76936;1.06836;5.76936;0.00134047;6.70234;0.0670234;0.0670234
2071;0.209014;-0.931636;5.76936;1.06836;5.76936;0.00134047;6.70234;0.0670234;0.0670234
2072;0.209014;-0.931636;5.76936;1.06836;5.76936;0.00134047;6.70234;0.0670234;0.0670234
2073;0.209014;-0.931636;5.76936;1.06836;5.76936;0.00134047;6.70234;0.0670234;0.0670234
2074;0.209014;-0.931636;5.76936;1.06836;5.76936;0.00134047;6.70234;0.0670234;0.0670234
2075;0.209014;-0.931636;5.76936;1.06836;5.76936;0.00134047;6.70234;0.0670234;0.0670234
2076;0.209014;-0.931636;5.76936;1.06836;5.76936;0.00134047;6.70234;0.0670234;0.0670234
2077;0.209014;-0.931636;5.76936;1.06836;5.76936;0.00134047;6.70234;0.0670234;0.0670234
2078;0.209014;-0.931636;5.76936;1.06836;5.76936;0.00134047;6.70234;0.0670234;0.0670234
2079;0.209014;-0.931636;5.76936;1.06836;5.76936;0.00134047;6.70234;0.0670234;0.0670234
2080;0.209014;-0.931636;5.76936;1.06836;5.76936;0.00134047;6.70234;0.0670234;0.0670234
2081;0.209014;-0.931636;5.76936;1.06836;5.76936;0.00134047;6.70234;0.0670234;0.0670234
2082;0.209014;-0.931636;5.76936;1.06836;5.76936;0.00134047;6.70234;0.0670234;0.0670234
2083;0.209014;-0.931636;5.76936;1.06836;5.76936;0.00134047;6.70234;0.0670234;0.0670234
2084;0.209014;-0.931636;5.76936;1.06836;5.76936;0.00134047;6.70234;0.0670234;0.0670234
2085;0.209014;-0.931636;5.76936;1.06836;5.76936;0.00134047;6.70234;0.0670234;0.0670234
2086;0.209014;-0.931636;5.76936;1.06836;5.76936;0.00134047;6.70234;0.0670234;0.0670234
2087;0.209014;-0.931636;5.76936;1.06836;5.76936;0.00134047;6.70234;0.0670234;0.0670234
2088;0.209014;-0.931636;5.76936;1.06836;5.76936;0.00134047;6.70234;0.0670234;0.0670234
2089;0.209014;-0.931636;5.76936;1.06836;5.76936;0.00134047;6.70234;0.0670234;0.0670234
2090;0.209014;-0.931636;5.76936;1.06836;5.76936;0.00134047;6.70234;0.0670234;0.0670234
2091;0.209014;-0.931636;5.76936;1.06836;5.76936;0.00134047;6.70234;0.0670234;0.0670234
2092;0.209014;-0.931636;5.76936;1.06836;5.76936;0.00134047;6.70234;0.0670234;0.0670234
2093;0.209014;-0.931636;5.76936;1.06836;5.76936;0.00134047;6.70234;0.0670234;0.0670234
2094;0.209014;-0.931636;5.76936;1.06836;5.76936;0.00134047;6.70234;0.0670234;0.0670234
2095;0.209014;-0.931636;5.76936;1.06836;5.76936;0.00134047;6.70234;0.0670234;0.0670234
2096;0.209014;-0.931636;5.76936;1.06836;5.76936;0.00134047;6.70234;0.0670234;0.0670234
2097;0.209014;-0.931636;5.76936;1.06836;5.76936;0.00134047;6.70234;0.0670234;0.0670234
2098;0.209014;-0.931636;5.76936;1.06836;5.76936;0.00134047;6.70234;0.0670234;0.0670234
2099;0.209014;-0.931636;5.76936;1.06836;5.76936;0.00134047;6.70234;0.0670234;0.0670234
2100;0.209014;-0.931636;5.76936;1.06836;5.76936;0.00134047;6.70234;0.0670234;0.0670234
2101;0.209014;-0.931636;5.76936;1.06836;5.76936;0.00134047;6.70234;0.0670234;0.0670234
2102;0.209014;-0.931636;5.76936;1.06836;5.76936;0.00134047;6.70234;0.0670234;0.0670234
2103;0.209014;-0.931636;5.76936;1.06836;5.76936;0.00134047;6.70234;0.0670234;0.0670234
2104;0.209014;-0.931636;5.76936;1.06836;5.76936;0.00134047;6.70234;0.0670234;0.0670234
2105;0.209014;-0.931636;5.76936;1.06836;5.76936;0.00134047;6.70234;0.0670234;0.0670234
2106;0.209014;-0.931636;5.76936;1.06836;5.76936;0.00134047;6.70234;0.0670234;0.0670234
2107;0.209014;-0.931636;5.76936;1.06836;5.76936;0.00134047;6.70234;0.0670234;0.0670234
2108;0.209014;-0.931636;5.76936;1.06836;5.76936;0.00134047;6.70234;0.0670234;0.0670234
2109;0.209014;-0.931636;5.76936;1.06836;5.76936;0.00134047;6.70234;0.0670234;0.0670234
2110;0.209014;-0.931636;5.76936;1.06836;5.76936;0.00134047;6.70234;0.0670234;0.0670234
2111;0.209014;-0.931636;5.76936;1.06836;5.76936;0.00134047;6.70234;0.0670234;0.0670234
2112;0.209014;-0.931636;5.76936;1.06836;5.76936;0.00134047;6.70234;0.0670234;0.0670234
2113;0.209014;-0.931636;5.76936;1.06836;5.76936;0.00134047;6.70234;0.0670234;0.0670234
2114;0.209014;-0.931636;5.76936;1.06836;5.76936;0.00134047;6.70234;0.0670234;0.0670234
2115;0.209014;-0.931636;5.76936;1.06836;5.76936;0.00134047;6.70234;0.0670234;0.0670234
2116;0.209014;-0.931636;5.76936;1.06836;5.76936;0.00134047;6.70234;0.0670234;0.0670234
2117;0.209014;-0.931636;5.76936;1.06836;5.76936;0.00134047;6.70234;0.0670234;0.0670234
2118;0.209014;-0.931636;5.76936;1.06836;5.76936;0.00134047;6.70234;0.0670234;0.0670234
2119;0.209014;-0.931636;5.76936;1.06836;5.76936;0.00134047;6.70234;0.0670234;0.0670234
2120;0.209014;-0.931636;5.76936;1.06836;5.76936;0.00134047;6.70234;0.0670234;0.0670234
2121;0.209014;-0.931636;5.76936;1.06836;5.76936;0.00134047;6.70234;0.0670234;0.0670234
2122;0.209014;-0.931636;5.76936;1.06836;5.76936;0.00134047;6.70234;0.0670234;0.0670234
2123;0.209014;-0.931636;5.76936;1.06836;5.76936;0.00134047;6.70234;0.0670234;0.0670234
2124;0.209014;-0.931636;5.76936;1.06836;5.76936;0.00134047;6.70234;0.0670234;0.0670234
2125;0.209014;-0.931636;5.76936;1.06836;5.76936;0.00134047;6.70234;0.0670234;0.0670234
2126;0.209014;-0.931636;5.76936;1.06836;5.76936;0.00134047;6.70234;0.0670234;0.0670234
2127;0.209014;-0.931636;5.76936;1.06836;5.76936;0.00134047;6.70234;0.0670234;0.0670234
2128;0.209014;-0.931636;5.76936;1.06836;5.76936;0.00134047;6.70234;0.0670234;0.0670234
2129;0.209014;-0.931636;5.76936;1.06836;5.76936;0.00134047;6.70234;0.0670234;0.0670234
2130;0.209014;-0.931636;5.76936;1.06836;5.76936;0.00134047;6.70234;0.0670234;0.0670234
2131;0.209014;-0.931636;5.76936;1.06836;5.76936;0.00134047;6.70234;0.0670234;0.0670234
2132;0.209014;-0.931636;5.76936;1.06836;5.76936;0.00134047;6.70234;0.0670234;0.0670234
2133;0.209014;-0.931636;5.76936;1.06836;5.76936;0.00134047;6.70234;0.0670234;0.0670234
2134;0.209014;-0.931636;5.76936;1.06836;5.76936;0.00134047;6.70234;0.0670234;0.0670234
2135;0.209014;-0.931636;5.76936;1.06836;5.76936;0.00134047;6.70234;0.0670234;0.0670234
2136;0.209014;-0.931636;5.76936;1.06836;5.76936;0.00134047;6.70234;0.0670234;0.0670234
2137;0.209014;-0.931636;5.76936;1.06836;5.76936;0.00134047;6.70234;0.0670234;0.0670234
2138;0.209014;-0.931636;5.76936;1.06836;5.76936;0.00134047;6.70234;0.0670234;0.0670234
2139;0.209014;-0.931636;5.76936;1.06836;5.76936;0.00134047;6.70234;0.0670234;0.0670234
2140;0.209014;-0.931636;5.76936;1.06836;5.76936;0.00134047;6.70234;0.0670234;0.0670234
2141;0.209014;-0.931636;5.76936;1.06836;5.76936;0.00134047;6.70234;0.0670234;0.0670234
2142;0.209014;-0.931636;5.76936;1.06836;5.76936;0.00134047;6.70234;0.0670234;0.0670234
2143;0.209014;-0.931636;5.76936;1.06836;5.76936;0.00134047;6.70234;0.0670234;0.0670234
2144;0.209014;-0.931636;5.76936;1.06836;5.76936;0.00134047;6.70234;0.0670234;0.0670234
2145;0.209014;-0.931636;5.76936;1.06836;5.76936;0.00134047;6.70234;0.0670234;0.0670234
2146;0.209014;-0.931636;5.76936;1.06836;5.76936;0.00134047;6.70234;0.0670234;0.0670234
2147;0.209014;-0.931636;5.76936;1.06836;5.76936;0.00134047;6.70234;0.0670234;0.0670234
2148;0.209014;-0.931636;5.76936;1.06836;5.76936;0.00134047;6.70234;0.0670234;0.0670234
2149;0.209014;-0.931636;5.76936;1.06836;5.76936;0.00134047;6.70234;0.0670234;0.0670234
2150;0.209014;-0.931636;5.76936;1.06836;5.76936;0.00134047;6.70234;0.0670234;0.0670234
2151;0.209014;-0.931636;5.76936;1.06836;5.76936;0.00134047;6.70234;0.0670234;0.0670234
2152;0.209014;-0.931636;5.76936;1.06836;5.76936;0.00134047;6.70234;0.0670234;0.0670234
2153;0.209014;-0.931636;5.76936;1.06836;5.76936;0.00134047;6.70234;0.0670234;0.0670234
2154;0.209014;-0.931636;5.76936;1.06836;5.76936;0.00134047;6.70234;0.0670234;0.0670234
2155;0.209014;-0.931636;5.76936;1.06836;5.76936;0.00134047;6.70234;0.0670234;0.0670234
2156;0.209014;-0.931636;5.76936;1.06836;5.76936;0.00134047;6.70234;0.0670234;0.0670234
2157;0.209014;-0.931636;5.76936;1.06836;5.76936;0.00134047;6.70234;0.0670234;0.0670234
2158;0.209014;-0.931636;5.76936;1.06836;5.76936;0.00134047;6.70234;0.0670234;0.0670234
2159;0.209014;-0.931636;5.76936;1.06836;5.76936;0.00134047;6.70234;0.0670234;0.0670234
2160;0.209014;-0.931636;5.76936;1.06836;5.76936;0.00134047;6.70234;0.0670234;0.0670234
2161;0.209014;-0.931636;5.76936;1.06836;5.76936;0.00134047;6.70234;0.0670234;0.0670234
2162;0.209014;-0.931636;5.76936;1.06836;5.76936;0.00134047;6.70234;0.0670234;0.0670234
2163;0.209014;-0.931636;5.76936;1.06836;5.76936;0.00134047;6.70234;0.0670234;0.0670234
2164;0.209014;-0.931636;5.76936;1.06836;5.76936;0.00134047;6.70234;0.0670234;0.0670234
2165;0.209014;-0.931636;5.76936;1.06836;5.76936;0.00134047;6.70234;0.0670234;0.0670234
2166;0.209014;-0.931636;5.76936;1.06836;5.76936;0.00134047;6.70234;0.0670234;0.0670234
2167;0.209014;-0.931636;5.76936;1.06836;5.76936;0.00134047;6.70234;0.0670234;0.0670234
2168;0.209014;-0.931636;5.76936;1.06836;5.76936;0.00134047;6.70234;0.0670234;0.0670234
2169;0.209014;-0.931636;5.76936;1.06836;5.76936;0.00134047;6.70234;0.0670234;0.0670234
2170;0.209014;-0.931636;5.76936;1.06836;5.76936;0.00134047;6.70234;0.0670234;0.0670234
2171;0.209014;-0.931636;5.76936;1.06836;5.76936;0.00134047;6.70234;0.0670234;0.0670234
2172;0.209014;-0.931636;5.76936;1.06836;5.76936;0.00134047;6.70234;0.0670234;0.0670234
2173;0.209014;-0.931636;5.76936;1.06836;5.76936;0.00134047;6.70234;0.0670234;0.0670234
2174;0.209014;-0.931636;5.76936;1.06836;5.76936;0.00134047;6.70234;0.0670234;0.0670234
2175;0.209014;-0.931636;5.76936;1.06836;5.76936;0.00134047;6.70234;0.0670234;0.0670234
2176;0.209014;-0.931636;5.76936;1.06836;5.76936;0.00134047;6.70234;0.0670234;0.0670234
2177;0.209014;-0.931636;5.76936;1.06836;5.76936;0.00134047;6.70234;0.0670234;0.0670234
2178;0.209014;-0.931636;5.76936;1.06836;5.76936;0.00134047;6.70234;0.0670234;0.0670234
2179;0.209014;-0.931636;5.76936;1.06836;5.76936;0.00134047;6.70234;0.0670234;0.0670234
2180;0.209014;-0.931636;5.76936;1.06836;5.76936;0.00134047;6.70234;0.0670234;0.0670234
2181;0.209014;-0.931636;5.76936;1.06836;5.76936;0.00134047;6.70234;0.0670234;0.0670234
2182;0.209014;-0.931636;5.76936;1.06836;5.76936;0.00134047;6.70234;0.0670234;0.0670234
2183;0.209014;-0.931636;5.76936;1.06836;5.76936;0.00134047;6.70234;0.0670234;0.0670234
2184;0.209014;-0.931636;5.76936;1.06836;5.76936;0.00134047;6.70234;0.0670234;0.0670234
2185;0.209014;-0.931636;5.76936;1.06836;5.76936;0.00134047;6.70234;0.0670234;0.0670234
2186;0.209014;-0.931636;5.76936;1.06836;5.76936;0.00134047;6.70234;0.0670234;0.0670234
2187;0.209014;-0.931636;5.76936;1.06836;5.76936;0.00134047;6.70234;0.0670234;0.0670234
2188;0.209014;-0.931636;5.76936;1.06836;5.76936;0.00134047;6.70234;0.0670234;0.0670234
2189;0.209014;-0.931636;5.76936;1.06836;5.76936;0.00134047;6.70234;0.0670234;0.0670234
2190;0.209014;-0.931636;5.76936;1.06836;5.76936;0.00134047;6.70234;0.0670234;0.0670234
2191;0.209014;-0.931636;5.76936;1.06836;5.76936;0.00134047;6.70234;0.0670234;0.0670234
2192;0.209014;-0.931636;5.76936;1.06836;5.76936;0.00134047;6.70234;0.0670234;0.0670234
2193;0.209014;-0.931636;5.76936;1.06836;5.76936;0.00134047;6.70234;0.0670234;0.0670234
2194;0.209014;-0.931636;5.76936;1.06836;5.76936;0.00134047;6.70234;0.0670234;0.0670234
2195;0.209014;-0.931636;5.76936;1.06836;5.76936;0.00134047;6.70234;0.0670234;0.0670234
2196;0.209014;-0.931636;5.76936;1.06836;5.76936;0.00134047;6.70234;0.0670234;0.0670234
2197;0.209014;-0.931636;5.76936;1.06836;5.76936;0.00134047;6.70234;0.0670234;0.0670234
2198;0.209014;-0.931636;5.76936;1.06836;5.76936;0.00134047;6.70234;0.0670234;0.0670234
2199;0.209014;-0.931636;5.76936;1.06836;5.76936;0.00134047;6.70234;0.0670234;0.0670234
2200;0.209014;-0.931636;5.76936;1.06836;5.76936;0.00134047;6.70234;0.0670234;0.0670234
2201;0.209014;-0.931636;5.76936;1.06836;5.76936;0.00134047;6.70234;0.0670234;0.0670234
2202;0.209014;-0.931636;5.76936;1.06836;5.76936;0.00134047;6.70234;0.0670234;0.0670234
2203;0.209014;-0.931636;5.76936;1.06836;5.76936;0.00134047;6.70234;0.0670234;0.0670234
2204;0.209014;-0.931636;5.76936;1.06836;5.76936;0.00134047;6.70234;0.0670234;0.0670234
2205;0.209014;-0.931636;5.76936;1.06836;5.76936;0.00134047;6.70234;0.0670234;0.0670234
2206;0.209014;-0.931636;5.76936;1.06836;5.76936;0.00134047;6.70234;0.0670234;0.0670234
2207;0.209014;-0.931636;5.76936;1.06836;5.76936;0.00134047;6.70234;0.0670234;0.0670234
2208;0.209014;-0.931636;5.76936;1.06836;5.76936;0.00134047;6.70234;0.0670234;0.0670234
2209;0.209014;-0.931636;5.76936;1.06836;5.76936;0.00134047;6.70234;0.0670234;0.0670234
2210;0.209014;-0.931636;5.76936;1.06836;5.76936;0.00134047;6.70234;0.0670234;0.0670234
2211;0.209014;-0.931636;5.76936;1.06836;5.76936;0.00134047;6.70234;0.0670234;0.0670234
2212;0.209014;-0.931636;5.76936;1.06836;5.76936;0.00134047;6.70234;0.0670234;0.0670234
2213;0.209014;-0.931636;5.76936;1.06836;5.76936;0.00134047;6.70234;0.0670234;0.0670234
2214;0.209014;-0.931636;5.76936;1.06836;5.76936;0.00134047;6.70234;0.0670234;0.0670234
2215;0.209014;-0.931636;5.76936;1.06836;5.76936;0.00134047;6.70234;0.0670234;0.0670234
2216;0.209014;-0.931636;5.76936;1.06836;5.76936;0.00134047;6.70234;0.0670234;0.0670234
2217;0.209014;-0.931636;5.76936;1.06836;5.76936;0.00134047;6.70234;0.0670234;0.0670234
2218;0.209014;-0.931636;5.76936;1.06836;5.76936;0.00134047;6.70234;0.0670234;0.0670234
2219;0.209014;-0.931636;5.76936;1.06836;5.76936;0.00134047;6.70234;0.0670234;0.0670234
2220;0.209014;-0.931636;5.76936;1.06836;5.76936;0.00134047;6.70234;0.0670234;0.0670234
2221;0.209014;-0.931636;5.76936;1.06836;5.76936;0.00134047;6.70234;0.0670234;0.0670234
2222;0.209014;-0.931636;5.76936;1.06836;5.76936;0.00134047;6.70234;0.0670234;0.0670234
2223;0.209014;-0.931636;5.76936;1.06836;5.76936;0.00134047;6.70234;0.0670234;0.0670234
2224;0.209014;-0.931636;5.76936;1.06836;5.76936;0.00134047;6.70234;0.0670234;0.0670234
2225;0.209014;-0.931636;5.76936;1.06836;5.76936;0.00134047;6.70234;0.0670234;0.0670234
2226;0.209014;-0.931636;5.76936;1.06836;5.76936;0.00134047;6.70234;0.0670234;0.0670234
2227;0.209014;-0.931636;5.76936;1.06836;5.76936;0.00134047;6.70234;0.0670234;0.0670234
2228;0.209014;-0.931636;5.76936;1.06836;5.76936;0.00134047;6.70234;0.0670234;0.0670234
2229;0.209014;-0.931636;5.76936;1.06836;5.76936;0.00134047;6.70234;0.0670234;0.0670234
2230;0.209014;-0.931636;5.76936;1.06836;5.76936;0.00134047;6.70234;0.0670234;0.0670234
2231;0.209014;-0.931636;5.76936;1.06836;5.76936;0.00134047;6.70234;0.0670234;0.0670234
2232;0.209014;-0.931636;5.76936;1.06836;5.76936;0.00134047;6.70234;0.0670234;0.0670234
2233;0.209014;-0.931636;5.76936;1.06836;5.76936;0.00134047;6.70234;0.0670234;0.0670234
2234;0.209014;-0.931636;5.76936;1.06836;5.76936;0.00134047;6.70234;0.0670234;0.0670234
2235;0.209014;-0.931636;5.76936;1.06836;5.76936;0.00134047;6.70234;0.0670234;0.0670234
2236;0.209014;-0.931636;5.76936;1.06836;5.76936;0.00134047;6.70234;0.0670234;0.0670234
2237;0.209014;-0.931636;5.76936;1.06836;5.76936;0.00134047;6.70234;0.0670234;0.0670234
2238;0.209014;-0.931636;5.76936;1.06836;5.76936;0.00134047;6.70234;0.0670234;0.0670234
2239;0.209014;-0.931636;5.76936;1.06836;5.76936;0.00134047;6.70234;0.0670234;0.0670234
2240;0.209014;-0.931636;5.76936;1.06836;5.76936;0.00134047;6.70234;0.0670234;0.0670234
2241;0.209014;-0.931636;5.76936;1.06836;5.76936;0.00134047;6.70234;0.0670234;0.0670234
2242;0.209014;-0.931636;5.76936;1.06836;5.76936;0.00134047;6.70234;0.0670234;0.0670234
2243;0.209014;-0.931636;5.76936;1.06836;5.76936;0.00134047;6.70234;0.0670234;0.0670234
2244;0.209014;-0.931636;5.76936;1.06836;5.76936;0.00134047;6.70234;0.0670234;0.0670234
2245;0.209014;-0.931636;5.76936;1.06836;5.76936;0.00134047;6.70234;0.0670234;0.0670234
2246;0.209014;-0.931636;5.76936;1.06836;5.76936;0.00134047;6.70234;0.0670234;0.0670234
2247;0.209014;-0.931636;5.76936;1.06836;5.76936;0.00134047;6.70234;0.0670234;0.0670234
2248;0.209014;-0.931636;5.76936;1.06836;5.76936;0.00134047;6.70234;0.0670234;0.0670234
2249;0.209014;-0.931636;5.76936;1.06836;5.76936;0.00134047;6.70234;0.0670234;0.0670234
2250;0.209014;-0.931636;5.76936;1.06836;5.76936;0.00134047;6.70234;0.0670234;0.0670234
2251;0.209014;-0.931636;5.76936;1.06836;5.76936;0.00134047;6.70234;0.0670234;0.0670234
2252;0.209014;-0.931636;5.76936;1.06836;5.76936;0.00134047;6.70234;0.0670234;0.0670234
2253;0.209014;-0.931636;5.76936;1.06836;5.76936;0.00134047;6.70234;0.0670234;0.0670234
2254;0.209014;-0.931636;5.76936;1.06836;5.76936;0.00134047;6.70234;0.0670234;0.0670234
2255;0.209014;-0.931636;5.76936;1.06836;5.76936;0.00134047;6.70234;0.0670234;0.0670234
2256;0.209014;-0.931636;5.76936;1.06836;5.76936;0.00134047;6.70234;0.0670234;0.0670234
2257;0.209014;-0.931636;5.76936;1.06836;5.76936;0.00134047;6.70234;0.0670234;0.0670234
2258;0.209014;-0.931636;5.76936;1.06836;5.76936;0.00134047;6.70234;0.0670234;0.0670234
2259;0.209014;-0.931636;5.76936;1.06836;5.76936;0.00134047;6.70234;0.0670234;0.0670234
2260;0.209014;-0.931636;5.76936;1.06836;5.76936;0.00134047;6.70234;0.0670234;0.0670234
2261;0.209014;-0.931636;5.76936;1.06836;5.76936;0.00134047;6.70234;0.0670234;0.0670234
2262;0.209014;-0.931636;5.76936;1.06836;5.76936;0.00134047;6.70234;0.0670234;0.0670234
2263;0.209014;-0.931636;5.76936;1.06836;5.76936;0.00134047;6.70234;0.0670234;0.0670234
2264;0.209014;-0.931636;5.76936;1.06836;5.76936;0.00134047;6.70234;0.0670234;0.0670234
2265;0.209014;-0.931636;5.76936;1.06836;5.76936;0.00134047;6.70234;0.0670234;0.0670234
2266;0.209014;-0.931636;5.76936;1.06836;5.76936;0.00134047;6.70234;0.0670234;0.0670234
2267;0.209014;-0.931636;5.76936;1.06836;5.76936;0.00134047;6.70234;0.0670234;0.0670234
2268;0.209014;-0.931636;5.76936;1.06836;5.76936;0.00134047;6.70234;0.0670234;0.0670234
2269;0.209014;-0.931636;5.76936;1.06836;5.76936;0.00134047;6.70234;0.0670234;0.0670234
2270;0.209014;-0.931636;5.76936;1.06836;5.76936;0.00134047;6.70234;0.0670234;0.0670234
2271;0.209014;-0.931636;5.76936;1.06836;5.76936;0.00134047;6.70234;0.0670234;0.0670234
2272;0.209014;-0.931636;5.76936;1.06836;5.76936;0.00134047;6.70234;0.0670234;0.0670234
2273;0.209014;-0.931636;5.76936;1.06836;5.76936;0.00134047;6.70234;0.0670234;0.0670234
2274;0.209014;-0.931636;5.76936;1.06836;5.76936;0.00134047;6.70234;0.0670234;0.0670234
2275;0.209014;-0.931636;5.76936;1.06836;5.76936;0.00134047;6.70234;0.0670234;0.0670234
2276;0.209014;-0.931636;5.76936;1.06836;5.76936;0.00134047;6.70234;0.0670234;0.0670234
2277;0.209014;-0.931636;5.76936;1.06836;5.76936;0.00134047;6.70234;0.0670234;0.0670234
2278;0.209014;-0.931636;5.76936;1.06836;5.76936;0.00134047;6.70234;0.0670234;0.0670234
2279;0.209014;-0.931636;5.76936;1.06836;5.76936;0.00134047;6.70234;0.0670234;0.0670234
2280;0.209014;-0.931636;5.76936;1.06836;5.76936;0.00134047;6.70234;0.0670234;0.0670234
2281;0.209014;-0.931636;5.76936;1.06836;5.76936;0.00134047;6.70234;0.0670234;0.0670234
2282;0.209014;-0.931636;5.76936;1.06836;5.76936;0.00134047;6.70234;0.0670234;0.0670234
2283;0.209014;-0.931636;5.76936;1.06836;5.76936;0.00134047;6.70234;0.0670234;0.0670234
2284;0.209014;-0.931636;5.76936;1.06836;5.76936;0.00134047;6.70234;0.0670234;0.0670234
2285;0.209014;-0.931636;5.76936;1.06836;5.76936;0.00134047;6.70234;0.0670234;0.0670234
2286;0.209014;-0.931636;5.76936;1.06836;5.76936;0.00134047;6.70234;0.0670234;0.0670234
2287;0.209014;-0.931636;5.76936;1.06836;5.76936;0.00134047;6.70234;0.0670234;0.0670234
2288;0.209014;-0.931636;5.76936;1.06836;5.76936;0.00134047;6.70234;0.0670234;0.0670234
2289;0.209014;-0.931636;5.76936;1.06836;5.76936;0.00134047;6.70234;0.0670234;0.0670234
2290;0.209014;-0.931636;5.76936;1.06836;5.76936;0.00134047;6.70234;0.0670234;0.0670234
2291;0.209014;-0.931636;5.76936;1.06836;5.76936;0.00134047;6.70234;0.0670234;0.0670234
2292;0.209014;-0.931636;5.76936;1.06836;5.76936;0.00134047;6.70234;0.0670234;0.0670234
2293;0.209014;-0.931636;5.76936;1.06836;5.76936;0.00134047;6.70234;0.0670234;0.0670234
2294;0.209014;-0.931636;5.76936;1.06836;5.76936;0.00134047;6.70234;0.0670234;0.0670234
2295;0.209014;-0.931636;5.76936;1.06836;5.76936;0.00134047;6.70234;0.0670234;0.0670234
2296;0.209014;-0.931636;5.76936;1.06836;5.76936;0.00134047;6.70234;0.0670234;0.0670234
2297;0.209014;-0.931636;5.76936;1.06836;5.76936;0.00134047;6.70234;0.0670234;0.0670234
2298;0.209014;-0.931636;5.76936;1.06836;5.76936;0.00134047;6.70234;0.0670234;0.0670234
2299;0.209014;-0.931636;5.76936;1.06836;5.76936;0.00134047;6.70234;0.0670234;0.0670234
2300;0.209014;-0.931636;5.76936;1.06836;5.76936;0.00134047;6.70234;0.0670234;0.0670234
2301;0.209014;-0.931636;5.76936;1.06836;5.76936;0.00134047;6.70234;0.0670234;0.0670234
2302;0.209014;-0.931636;5.76936;1.06836;5.76936;0.00134047;6.70234;0.0670234;0.0670234
2303;0.209014;-0.931636;5.76936;1.06836;5.76936;0.00134047;6.70234;0.0670234;0.0670234
2304;0.209014;-0.931636;5.76936;1.06836;5.76936;0.00134047;6.70234;0.0670234;0.0670234
2305;0.209014;-0.931636;5.76936;1.06836;5.76936;0.00134047;6.70234;0.0670234;0.0670234
2306;0.209014;-0.931636;5.76936;1.06836;5.76936;0.00134047;6.70234;0.0670234;0.0670234
2307;0.209014;-0.931636;5.76936;1.06836;5.76936;0.00134047;6.70234;0.0670234;0.0670234
2308;0.209014;-0.931636;5.76936;1.06836;5.76936;0.00134047;6.70234;0.0670234;0.0670234
2309;0.209014;-0.931636;5.76936;1.06836;5.76936;0.00134047;6.70234;0.0670234;0.0670234
2310;0.209014;-0.931636;5.76936;1.06836;5.76936;0.00134047;6.70234;0.0670234;0.0670234
2311;0.209014;-0.931636;5.76936;1.06836;5.76936;0.00134047;6.70234;0.0670234;0.0670234
2312;0.209014;-0.931636;5.76936;1.06836;5.76936;0.00134047;6.70234;0.0670234;0.0670234
2313;0.209014;-0.931636;5.76936;1.06836;5.76936;0.00134047;6.70234;0.0670234;0.0670234
2314;0.209014;-0.931636;5.76936;1.06836;5.76936;0.00134047;6.70234;0.0670234;0.0670234
2315;0.209014;-0.931636;5.76936;1.06836;5.76936;0.00134047;6.70234;0.0670234;0.0670234
2316;0.209014;-0.931636;5.76936;1.06836;5.76936;0.00134047;6.70234;0.0670234;0.0670234
2317;0.209014;-0.931636;5.76936;1.06836;5.76936;0.00134047;6.70234;0.0670234;0.0670234
2318;0.209014;-0.931636;5.76936;1.06836;5.76936;0.00134047;6.70234;0.0670234;0.0670234
2319;0.209014;-0.931636;5.76936;1.06836;5.76936;0.00134047;6.70234;0.0670234;0.0670234
2320;0.209014;-0.931636;5.76936;1.06836;5.76936;0.00134047;6.70234;0.0670234;0.0670234
2321;0.209014;-0.931636;5.76936;1.06836;5.76936;0.00134047;6.70234;0.0670234;0.0670234
2322;0.209014;-0.931636;5.76936;1.06836;5.76936;0.00134047;6.70234;0.0670234;0.0670234
2323;0.209014;-0.931636;5.76936;1.06836;5.76936;0.00134047;6.70234;0.0670234;0.0670234
2324;0.209014;-0.931636;5.76936;1.06836;5.76936;0.00134047;6.70234;0.0670234;0.0670234
2325;0.209014;-0.931636;5.76936;1.06836;5.76936;0.00134047;6.70234;0.0670234;0.0670234
2326;0.209014;-0.931636;5.76936;1.06836;5.76936;0.00134047;6.70234;0.0670234;0.0670234
2327;0.209014;-0.931636;5.76936;1.06836;5.76936;0.00134047;6.70234;0.0670234;0.0670234
2328;0.209014;-0.931636;5.76936;1.06836;5.76936;0.00134047;6.70234;0.0670234;0.0670234
2329;0.209014;-0.931636;5.76936;1.06836;5.76936;0.00134047;6.70234;0.0670234;0.0670234
2330;0.209014;-0.931636;5.76936;1.06836;5.76936;0.00134047;6.70234;0.0670234;0.0670234
2331;0.209014;-0.931636;5.76936;1.06836;5.76936;0.00134047;6.70234;0.0670234;0.0670234
2332;0.209014;-0.931636;5.76936;1.06836;5.76936;0.00134047;6.70234;0.0670234;0.0670234
2333;0.209014;-0.931636;5.76936;1.06836;5.76936;0.00134047;6.70234;0.0670234;0.0670234
2334;0.209014;-0.931636;5.76936;1.06836;5.76936;0.00134047;6.70234;0.0670234;0.0670234
2335;0.209014;-0.931636;5.76936;1.06836;5.76936;0.00134047;6.70234;0.0670234;0.0670234
2336;0.209014;-0.931636;5.76936;1.06836;5.76936;0.00134047;6.70234;0.0670234;0.0670234
2337;0.209014;-0.931636;5.76936;1.06836;5.76936;0.00134047;6.70234;0.0670234;0.0670234
2338;0.209014;-0.931636;5.76936;1.06836;5.76936;0.00134047;6.70234;0.0670234;0.0670234
2339;0.209014;-0.931636;5.76936;1.06836;5.76936;0.00134047;6.70234;0.0670234;0.0670234
2340;0.209014;-0.931636;5.76936;1.06836;5.76936;0.00134047;6.70234;0.0670234;0.0670234
2341;0.209014;-0.931636;5.76936;1.06836;5.76936;0.00134047;6.70234;0.0670234;0.0670234
2342;0.209014;-0.931636;5.76936;1.06836;5.76936;0.00134047;6.70234;0.0670234;0.0670234
2343;0.209014;-0.931636;5.76936;1.06836;5.76936;0.00134047;6.70234;0.0670234;0.0670234
2344;0.209014;-0.931636;5.76936;1.06836;5.76936;0.00134047;6.70234;0.0670234;0.0670234
2345;0.209014;-0.931636;5.76936;1.06836;5.76936;0.00134047;6.70234;0.0670234;0.0670234
2346;0.209014;-0.931636;5.76936;1.06836;5.76936;0.00134047;6.70234;0.0670234;0.0670234
2347;0.209014;-0.931636;5.76936;1.06836;5.76936;0.00134047;6.70234;0.0670234;0.0670234
2348;0.209014;-0.931636;5.76936;1.06836;5.76936;0.00134047;6.70234;0.0670234;0.0670234
2349;0.209014;-0.931636;5.76936;1.06836;5.76936;0.00134047;6.70234;0.0670234;0.0670234
2350;0.209014;-0.931636;5.76936;1.06836;5.76936;0.00134047;6.70234;0.0670234;0.0670234
2351;0.209014;-0.931636;5.76936;1.06836;5.76936;0.00134047;6.70234;0.0670234;0.0670234
2352;0.209014;-0.931636;5.76936;1.06836;5.76936;0.00134047;6.70234;0.0670234;0.0670234
2353;0.209014;-0.931636;5.76936;1.06836;5.76936;0.00134047;6.70234;0.0670234;0.0670234
2354;0.209014;-0.931636;5.76936;1.06836;5.76936;0.00134047;6.70234;0.0670234;0.0670234
2355;0.209014;-0.931636;5.76936;1.06836;5.76936;0.00134047;6.70234;0.0670234;0.0670234
2356;0.209014;-0.931636;5.76936;1.06836;5.76936;0.00134047;6.70234;0.0670234;0.0670234
2357;0.209014;-0.931636;5.76936;1.06836;5.76936;0.00134047;6.70234;0.0670234;0.0670234
2358;0.209014;-0.931636;5.76936;1.06836;5.76936;0.00134047;6.70234;0.0670234;0.0670234
2359;0.209014;-0.931636;5.76936;1.06836;5.76936;0.00134047;6.70234;0.0670234;0.0670234
2360;0.209014;-0.931636;5.76936;1.06836;5.76936;0.00134047;6.70234;0.0670234;0.0670234
2361;0.209014;-0.931636;5.76936;1.06836;5.76936;0.00134047;6.70234;0.0670234;0.0670234
2362;0.209014;-0.931636;5.76936;1.06836;5.76936;0.00134047;6.70234;0.0670234;0.0670234
2363;0.209014;-0.931636;5.76936;1.06836;5.76936;0.00134047;6.70234;0.0670234;0.0670234
2364;0.209014;-0.931636;5.76936;1.06836;5.76936;0.00134047;6.70234;0.0670234;0.0670234
2365;0.209014;-0.931636;5.76936;1.06836;5.76936;0.00134047;6.70234;0.0670234;0.0670234
2366;0.209014;-0.931636;5.76936;1.06836;5.76936;0.00134047;6.70234;0.0670234;0.0670234
2367;0.209014;-0.931636;5.76936;1.06836;5.76936;0.00134047;6.70234;0.0670234;0.0670234
2368;0.209014;-0.931636;5.76936;1.06836;5.76936;0.00134047;6.70234;0.0670234;0.0670234
2369;0.209014;-0.931636;5.76936;1.06836;5.76936;0.00134047;6.70234;0.0670234;0.0670234
2370;0.209014;-0.931636;5.76936;1.06836;5.76936;0.00134047;6.70234;0.0670234;0.0670234
2371;0.209014;-0.931636;5.76936;1.06836;5.76936;0.00134047;6.70234;0.0670234;0.0670234
2372;0.209014;-0.931636;5.76936;1.06836;5.76936;0.00134047;6.70234;0.0670234;0.0670234
2373;0.209014;-0.931636;5.76936;1.06836;5.76936;0.00134047;6.70234;0.0670234;0.0670234
2374;0.209014;-0.931636;5.76936;1.06836;5.76936;0.00134047;6.70234;0.0670234;0.0670234
2375;0.209014;-0.931636;5.76936;1.06836;5.76936;0.00134047;6.70234;0.0670234;0.0670234
2376;0.209014;-0.931636;5.76936;1.06836;5.76936;0.00134047;6.70234;0.0670234;0.0670234
2377;0.209014;-0.931636;5.76936;1.06836;5.76936;0.00134047;6.70234;0.0670234;0.0670234
2378;0.209014;-0.931636;5.76936;1.06836;5.76936;0.00134047;6.70234;0.0670234;0.0670234
2379;0.209014;-0.931636;5.76936;1.06836;5.76936;0.00134047;6.70234;0.0670234;0.0670234
2380;0.209014;-0.931636;5.76936;1.06836;5.76936;0.00134047;6.70234;0.0670234;0.0670234
2381;0.209014;-0.931636;5.76936;1.06836;5.76936;0.00134047;6.70234;0.0670234;0.0670234
2382;0.209014;-0.931636;5.76936;1.06836;5.76936;0.00134047;6.70234;0.0670234;0.0670234
2383;0.209014;-0.931636;5.76936;1.06836;5.76936;0.00134047;6.70234;0.0670234;0.0670234
2384;0.209014;-0.931636;5.76936;1.06836;5.76936;0.00134047;6.70234;0.0670234;0.0670234
2385;0.209014;-0.931636;5.76936;1.06836;5.76936;0.00134047;6.70234;0.0670234;0.0670234
2386;0.209014;-0.931636;5.76936;1.06836;5.76936;0.00134047;6.70234;0.0670234;0.0670234
2387;0.209014;-0.931636;5.76936;1.06836;5.76936;0.00134047;6.70234;0.0670234;0.0670234
2388;0.209014;-0.931636;5.76936;1.06836;5.76936;0.00134047;6.70234;0.0670234;0.0670234
2389;0.209014;-0.931636;5.76936;1.06836;5.76936;0.00134047;6.70234;0.0670234;0.0670234
2390;0.209014;-0.931636;5.76936;1.06836;5.76936;0.00134047;6.70234;0.0670234;0.0670234
2391;0.209014;-0.931636;5.76936;1.06836;5.76936;0.00134047;6.70234;0.0670234;0.0670234
2392;0.209014;-0.931636;5.76936;1.06836;5.76936;0.00134047;6.70234;0.0670234;0.0670234
2393;0.209014;-0.931636;5.76936;1.06836;5.76936;0.00134047;6.70234;0.0670234;0.0670234
2394;0.209014;-0.931636;5.76936;1.06836;5.76936;0.00134047;6.70234;0.0670234;0.0670234
2395;0.209014;-0.931636;5.76936;1.06836;5.76936;0.00134047;6.70234;0.0670234;0.0670234
2396;0.209014;-0.931636;5.76936;1.06836;5.76936;0.00134047;6.70234;0.0670234;0.0670234
2397;0.209014;-0.931636;5.76936;1.06836;5.76936;0.00134047;6.70234;0.0670234;0.0670234
2398;0.209014;-0.931636;5.76936;1.06836;5.76936;0.00134047;6.70234;0.0670234;0.0670234
2399;0.209014;-0.931636;5.76936;1.06836;5.76936;0.00134047;6.70234;0.0670234;0.0670234
2400;0.209014;-0.931636;5.76936;1.06836;5.76936;0.00134047;6.70234;0.0670234;0.0670234
2401;0.209014;-0.931636;5.76936;1.06836;5.76936;0.00134047;6.70234;0.0670234;0.0670234
2402;0.209014;-0.931636;5.76936;1.06836;5.76936;0.00134047;6.70234;0.0670234;0.0670234
2403;0.209014;-0.931636;5.76936;1.06836;5.76936;0.00134047;6.70234;0.0670234;0.0670234
2404;0.209014;-0.931636;5.76936;1.06836;5.76936;0.00134047;6.70234;0.0670234;0.0670234
2405;0.209014;-0.931636;5.76936;1.06836;5.76936;0.00134047;6.70234;0.0670234;0.0670234
2406;0.209014;-0.931636;5.76936;1.06836;5.76936;0.00134047;6.70234;0.0670234;0.0670234
2407;0.209014;-0.931636;5.76936;1.06836;5.76936;0.00134047;6.70234;0.0670234;0.0670234
2408;0.209014;-0.931636;5.76936;1.06836;5.76936;0.00134047;6.70234;0.0670234;0.0670234
2409;0.209014;-0.931636;5.76936;1.06836;5.76936;0.00134047;6.70234;0.0670234;0.0670234
2410;0.209014;-0.931636;5.76936;1.06836;5.76936;0.00134047;6.70234;0.0670234;0.0670234
2411;0.209014;-0.931636;5.76936;1.06836;5.76936;0.00134047;6.70234;0.0670234;0.0670234
2412;0.209014;-0.931636;5.76936;1.06836;5.76936;0.00134047;6.70234;0.0670234;0.0670234
2413;0.209014;-0.931636;5.76936;1.06836;5.76936;0.00134047;6.70234;0.0670234;0.0670234
2414;0.209014;-0.931636;5.76936;1.06836;5.76936;0.00134047;6.70234;0.0670234;0.0670234
2415;0.209014;-0.931636;5.76936;1.06836;5.76936;0.00134047;6.70234;0.0670234;0.0670234
2416;0.209014;-0.931636;5.76936;1.06836;5.76936;0.00134047;6.70234;0.0670234;0.0670234
2417;0.209014;-0.931636;5.76936;1.06836;5.76936;0.00134047;6.70234;0.0670234;0.0670234
2418;0.209014;-0.931636;5.76936;1.06836;5.76936;0.00134047;6.70234;0.0670234;0.0670234
2419;0.209014;-0.931636;5.76936;1.06836;5.76936;0.00134047;6.70234;0.0670234;0.0670234
2420;0.209014;-0.931636;5.76936;1.06836;5.76936;0.00134047;6.70234;0.0670234;0.0670234
2421;0.209014;-0.931636;5.76936;1.06836;5.76936;0.00134047;6.70234;0.0670234;0.0670234
2422;0.209014;-0.931636;5.76936;1.06836;5.76936;0.00134047;6.70234;0.0670234;0.0670234
2423;0.209014;-0.931636;5.76936;1.06836;5.76936;0.00134047;6.70234;0.0670234;0.0670234
2424;0.209014;-0.931636;5.76936;1.06836;5.76936;0.00134047;6.70234;0.0670234;0.0670234
2425;0.209014;-0.931636;5.76936;1.06836;5.76936;0.00134047;6.70234;0.0670234;0.0670234
2426;0.209014;-0.931636;5.76936;1.06836;5.76936;0.00134047;6.70234;0.0670234;0.0670234
2427;0.209014;-0.931636;5.76936;1.06836;5.76936;0.00134047;6.70234;0.0670234;0.0670234
2428;0.209014;-0.931636;5.76936;1.06836;5.76936;0.00134047;6.70234;0.0670234;0.0670234
2429;0.209014;-0.931636;5.76936;1.06836;5.76936;0.00134047;6.70234;0.0670234;0.0670234
2430;0.209014;-0.931636;5.76936;1.06836;5.76936;0.00134047;6.70234;0.0670234;0.0670234
2431;0.209014;-0.931636;5.76936;1.06836;5.76936;0.00134047;6.70234;0.0670234;0.0670234
2432;0.209014;-0.931636;5.76936;1.06836;5.76936;0.00134047;6.70234;0.0670234;0.0670234
2433;0.209014;-0.931636;5.76936;1.06836;5.76936;0.00134047;6.70234;0.0670234;0.0670234
2434;0.209014;-0.931636;5.76936;1.06836;5.76936;0.00134047;6.70234;0.0670234;0.0670234
2435;0.209014;-0.931636;5.76936;1.06836;5.76936;0.00134047;6.70234;0.0670234;0.0670234
2436;0.209014;-0.931636;5.76936;1.06836;5.76936;0.00134047;6.70234;0.0670234;0.0670234
2437;0.209014;-0.931636;5.76936;1.06836;5.76936;0.00134047;6.70234;0.0670234;0.0670234
2438;0.209014;-0.931636;5.76936;1.06836;5.76936;0.00134047;6.70234;0.0670234;0.0670234
2439;0.209014;-0.931636;5.76936;1.06836;5.76936;0.00134047;6.70234;0.0670234;0.0670234
2440;0.209014;-0.931636;5.76936;1.06836;5.76936;0.00134047;6.70234;0.0670234;0.0670234
2441;0.209014;-0.931636;5.76936;1.06836;5.76936;0.00134047;6.70234;0.0670234;0.0670234
2442;0.209014;-0.931636;5.76936;1.06836;5.76936;0.00134047;6.70234;0.0670234;0.0670234
2443;0.209014;-0.931636;5.76936;1.06836;5.76936;0.00134047;6.70234;0.0670234;0.0670234
2444;0.209014;-0.931636;5.76936;1.06836;5.76936;0.00134047;6.70234;0.0670234;0.0670234
2445;0.209014;-0.931636;5.76936;1.06836;5.76936;0.00134047;6.70234;0.0670234;0.0670234
2446;0.209014;-0.931636;5.76936;1.06836;5.76936;0.00134047;6.70234;0.0670234;0.0670234
2447;0.209014;-0.931636;5.76936;1.06836;5.76936;0.00134047;6.70234;0.0670234;0.0670234
2448;0.209014;-0.931636;5.76936;1.06836;5.76936;0.00134047;6.70234;0.0670234;0.0670234
2449;0.209014;-0.931636;5.76936;1.06836;5.76936;0.00134047;6.70234;0.0670234;0.0670234
2450;0.209014;-0.931636;5.76936;1.06836;5.76936;0.00134047;6.70234;0.0670234;0.0670234
2451;0.209014;-0.931636;5.76936;1.06836;5.76936;0.00134047;6.70234;0.0670234;0.0670234
2452;0.209014;-0.931636;5.76936;1.06836;5.76936;0.00134047;6.70234;0.0670234;0.0670234
2453;0.209014;-0.931636;5.76936;1.06836;5.76936;0.00134047;6.70234;0.0670234;0.0670234
2454;0.209014;-0.931636;5.76936;1.06836;5.76936;0.00134047;6.70234;0.0670234;0.0670234
2455;0.209014;-0.931636;5.76936;1.06836;5.76936;0.00134047;6.70234;0.0670234;0.0670234
2456;0.209014;-0.931636;5.76936;1.06836;5.76936;0.00134047;6.70234;0.0670234;0.0670234
2457;0.209014;-0.931636;5.76936;1.06836;5.76936;0.00134047;6.70234;0.0670234;0.0670234
2458;0.209014;-0.931636;5.76936;1.06836;5.76936;0.00134047;6.70234;0.0670234;0.0670234
2459;0.209014;-0.931636;5.76936;1.06836;5.76936;0.00134047;6.70234;0.0670234;0.0670234
2460;0.209014;-0.931636;5.76936;1.06836;5.76936;0.00134047;6.70234;0.0670234;0.0670234
2461;0.209014;-0.931636;5.76936;1.06836;5.76936;0.00134047;6.70234;0.0670234;0.0670234
2462;0.209014;-0.931636;5.76936;1.06836;5.76936;0.00134047;6.70234;0.0670234;0.0670234
2463;0.209014;-0.931636;5.76936;1.06836;5.76936;0.00134047;6.70234;0.0670234;0.0670234
2464;0.209014;-0.931636;5.76936;1.06836;5.76936;0.00134047;6.70234;0.0670234;0.0670234
2465;0.209014;-0.931636;5.76936;1.06836;5.76936;0.00134047;6.70234;0.0670234;0.0670234
2466;0.209014;-0.931636;5.76936;1.06836;5.76936;0.00134047;6.70234;0.0670234;0.0670234
2467;0.209014;-0.931636;5.76936;1.06836;5.76936;0.00134047;6.70234;0.0670234;0.0670234
2468;0.209014;-0.931636;5.76936;1.06836;5.76936;0.00134047;6.70234;0.0670234;0.0670234
2469;0.209014;-0.931636;5.76936;1.06836;5.76936;0.00134047;6.70234;0.0670234;0.0670234
2470;0.209014;-0.931636;5.76936;1.06836;5.76936;0.00134047;6.70234;0.0670234;0.0670234
2471;0.209014;-0.931636;5.76936;1.06836;5.76936;0.00134047;6.70234;0.0670234;0.0670234
2472;0.209014;-0.931636;5.76936;1.06836;5.76936;0.00134047;6.70234;0.0670234;0.0670234
2473;0.209014;-0.931636;5.76936;1.06836;5.76936;0.00134047;6.70234;0.0670234;0.0670234
2474;0.209014;-0.931636;5.76936;1.06836;5.76936;0.00134047;6.70234;0.0670234;0.0670234
2475;0.209014;-0.931636;5.76936;1.06836;5.76936;0.00134047;6.70234;0.0670234;0.0670234
2476;0.209014;-0.931636;5.76936;1.06836;5.76936;0.00134047;6.70234;0.0670234;0.0670234
2477;0.209014;-0.931636;5.76936;1.06836;5.76936;0.00134047;6.70234;0.0670234;0.0670234
2478;0.209014;-0.931636;5.76936;1.06836;5.76936;0.00134047;6.70234;0.0670234;0.0670234
2479;0.209014;-0.931636;5.76936;1.06836;5.76936;0.00134047;6.70234;0.0670234;0.0670234
2480;0.209014;-0.931636;5.76936;1.06836;5.76936;0.00134047;6.70234;0.0670234;0.0670234
2481;0.209014;-0.931636;5.76936;1.06836;5.76936;0.00134047;6.70234;0.0670234;0.0670234
2482;0.209014;-0.931636;5.76936;1.06836;5.76936;0.00134047;6.70234;0.0670234;0.0670234
2483;0.209014;-0.931636;5.76936;1.06836;5.76936;0.00134047;6.70234;0.0670234;0.0670234
2484;0.209014;-0.931636;5.76936;1.06836;5.76936;0.00134047;6.70234;0.0670234;0.0670234
2485;0.209014;-0.931636;5.76936;1.06836;5.76936;0.00134047;6.70234;0.0670234;0.0670234
2486;0.209014;-0.931636;5.76936;1.06836;5.76936;0.00134047;6.70234;0.0670234;0.0670234
2487;0.209014;-0.931636;5.76936;1.06836;5.76936;0.00134047;6.70234;0.0670234;0.0670234
2488;0.209014;-0.931636;5.76936;1.06836;5.76936;0.00134047;6.70234;0.0670234;0.0670234
2489;0.209014;-0.931636;5.76936;1.06836;5.76936;0.00134047;6.70234;0.0670234;0.0670234
2490;0.209014;-0.931636;5.76936;1.06836;5.76936;0.00134047;6.70234;0.0670234;0.0670234
2491;0.209014;-0.931636;5.76936;1.06836;5.76936;0.00134047;6.70234;0.0670234;0.0670234
2492;0.209014;-0.931636;5.76936;1.06836;5.76936;0.00134047;6.70234;0.0670234;0.0670234
2493;0.209014;-0.931636;5.76936;1.06836;5.76936;0.00134047;6.70234;0.0670234;0.0670234
2494;0.209014;-0.931636;5.76936;1.06836;5.76936;0.00134047;6.70234;0.0670234;0.0670234
2495;0.209014;-0.931636;5.76936;1.06836;5.76936;0.00134047;6.70234;0.0670234;0.0670234
2496;0.209014;-0.931636;5.76936;1.06836;5.76936;0.00134047;6.70234;0.0670234;0.0670234
2497;0.209014;-0.931636;5.76936;1.06836;5.76936;0.00134047;6.70234;0.0670234;0.0670234
2498;0.209014;-0.931636;5.76936;1.06836;5.76936;0.00134047;6.70234;0.0670234;0.0670234
2499;0.209014;-0.931636;5.76936;1.06836;5.76936;0.00134047;6.70234;0.0670234;0.0670234
2500;0.209014;-0.931636;5.76936;1.06836;5.76936;0.00134047;6.70234;0.0670234;0.0670234
2501;0.209014;-0.931636;5.76936;1.06836;5.76936;0.00134047;6.70234;0.0670234;0.0670234
2502;0.209014;-0.931636;5.76936;1.06836;5.76936;0.00134047;6.70234;0.0670234;0.0670234
2503;0.209014;-0.931636;5.76936;1.06836;5.76936;0.00134047;6.70234;0.0670234;0.0670234
2504;0.209014;-0.931636;5.76936;1.06836;5.76936;0.00134047;6.70234;0.0670234;0.0670234
2505;0.209014;-0.931636;5.76936;1.06836;5.76936;0.00134047;6.70234;0.0670234;0.0670234
2506;0.209014;-0.931636;5.76936;1.06836;5.76936;0.00134047;6.70234;0.0670234;0.0670234
2507;0.209014;-0.931636;5.76936;1.06836;5.76936;0.00134047;6.70234;0.0670234;0.0670234
2508;0.209014;-0.931636;5.76936;1.06836;5.76936;0.00134047;6.70234;0.0670234;0.0670234
2509;0.209014;-0.931636;5.76936;1.06836;5.76936;0.00134047;6.70234;0.0670234;0.0670234
2510;0.209014;-0.931636;5.76936;1.06836;5.76936;0.00134047;6.70234;0.0670234;0.0670234
2511;0.209014;-0.931636;5.76936;1.06836;5.76936;0.00134047;6.70234;0.0670234;0.0670234
2512;0.209014;-0.931636;5.76936;1.06836;5.76936;0.00134047;6.70234;0.0670234;0.0670234
2513;0.209014;-0.931636;5.76936;1.06836;5.76936;0.00134047;6.70234;0.0670234;0.0670234
2514;0.209014;-0.931636;5.76936;1.06836;5.76936;0.00134047;6.70234;0.0670234;0.0670234
2515;0.209014;-0.931636;5.76936;1.06836;5.76936;0.00134047;6.70234;0.0670234;0.0670234
2516;0.209014;-0.931636;5.76936;1.06836;5.76936;0.00134047;6.70234;0.0670234;0.0670234
2517;0.209014;-0.931636;5.76936;1.06836;5.76936;0.00134047;6.70234;0.0670234;0.0670234
2518;0.209014;-0.931636;5.76936;1.06836;5.76936;0.00134047;6.70234;0.0670234;0.0670234
2519;0.209014;-0.931636;5.76936;1.06836;5.76936;0.00134047;6.70234;0.0670234;0.0670234
2520;0.209014;-0.931636;5.76936;1.06836;5.76936;0.00134047;6.70234;0.0670234;0.0670234
2521;0.209014;-0.931636;5.76936;1.06836;5.76936;0.00134047;6.70234;0.0670234;0.0670234
2522;0.209014;-0.931636;5.76936;1.06836;5.76936;0.00134047;6.70234;0.0670234;0.0670234
2523;0.209014;-0.931636;5.76936;1.06836;5.76936;0.00134047;6.70234;0.0670234;0.0670234
2524;0.209014;-0.931636;5.76936;1.06836;5.76936;0.00134047;6.70234;0.0670234;0.0670234
2525;0.209014;-0.931636;5.76936;1.06836;5.76936;0.00134047;6.70234;0.0670234;0.0670234
2526;0.209014;-0.931636;5.76936;1.06836;5.76936;0.00134047;6.70234;0.0670234;0.0670234
2527;0.209014;-0.931636;5.76936;1.06836;5.76936;0.00134047;6.70234;0.0670234;0.0670234
2528;0.209014;-0.931636;5.76936;1.06836;5.76936;0.00134047;6.70234;0.0670234;0.0670234
2529;0.209014;-0.931636;5.76936;1.06836;5.76936;0.00134047;6.70234;0.0670234;0.0670234
2530;0.209014;-0.931636;5.76936;1.06836;5.76936;0.00134047;6.70234;0.0670234;0.0670234
2531;0.209014;-0.931636;5.76936;1.06836;5.76936;0.00134047;6.70234;0.0670234;0.0670234
2532;0.209014;-0.931636;5.76936;1.06836;5.76936;0.00134047;6.70234;0.0670234;0.0670234
2533;0.209014;-0.931636;5.76936;1.06836;5.76936;0.00134047;6.70234;0.0670234;0.0670234
2534;0.209014;-0.931636;5.76936;1.06836;5.76936;0.00134047;6.70234;0.0670234;0.0670234
2535;0.209014;-0.931636;5.76936;1.06836;5.76936;0.00134047;6.70234;0.0670234;0.0670234
2536;0.209014;-0.931636;5.76936;1.06836;5.76936;0.00134047;6.70234;0.0670234;0.0670234
2537;0.209014;-0.931636;5.76936;1.06836;5.76936;0.00134047;6.70234;0.0670234;0.0670234
2538;0.209014;-0.931636;5.76936;1.06836;5.76936;0.00134047;6.70234;0.0670234;0.0670234
2539;0.209014;-0.931636;5.76936;1.06836;5.76936;0.00134047;6.70234;0.0670234;0.0670234
2540;0.209014;-0.931636;5.76936;1.06836;5.76936;0.00134047;6.70234;0.0670234;0.0670234
2541;0.209014;-0.931636;5.76936;1.06836;5.76936;0.00134047;6.70234;0.0670234;0.0670234
2542;0.209014;-0.931636;5.76936;1.06836;5.76936;0.00134047;6.70234;0.0670234;0.0670234
2543;0.209014;-0.931636;5.76936;1.06836;5.76936;0.00134047;6.70234;0.0670234;0.0670234
2544;0.209014;-0.931636;5.76936;1.06836;5.76936;0.00134047;6.70234;0.0670234;0.0670234
2545;0.209014;-0.931636;5.76936;1.06836;5.76936;0.00134047;6.70234;0.0670234;0.0670234
2546;0.209014;-0.931636;5.76936;1.06836;5.76936;0.00134047;6.70234;0.0670234;0.0670234
2547;0.209014;-0.931636;5.76936;1.06836;5.76936;0.00134047;6.70234;0.0670234;0.0670234
2548;0.209014;-0.931636;5.76936;1.06836;5.76936;0.00134047;6.70234;0.0670234;0.0670234
2549;0.209014;-0.931636;5.76936;1.06836;5.76936;0.00134047;6.70234;0.0670234;0.0670234
2550;0.209014;-0.931636;5.76936;1.06836;5.76936;0.00134047;6.70234;0.0670234;0.0670234
2551;0.209014;-0.931636;5.76936;1.06836;5.76936;0.00134047;6.70234;0.0670234;0.0670234
2552;0.209014;-0.931636;5.76936;1.06836;5.76936;0.00134047;6.70234;0.0670234;0.0670234
2553;0.209014;-0.931636;5.76936;1.06836;5.76936;0.00134047;6.70234;0.0670234;0.0670234
2554;0.209014;-0.931636;5.76936;1.06836;5.76936;0.00134047;6.70234;0.0670234;0.0670234
2555;0.209014;-0.931636;5.76936;1.06836;5.76936;0.00134047;6.70234;0.0670234;0.0670234
2556;0.209014;-0.931636;5.76936;1.06836;5.76936;0.00134047;6.70234;0.0670234;0.0670234
2557;0.209014;-0.931636;5.76936;1.06836;5.76936;0.00134047;6.70234;0.0670234;0.0670234
2558;0.209014;-0.931636;5.76936;1.06836;5.76936;0.00134047;6.70234;0.0670234;0.0670234
2559;0.209014;-0.931636;5.76936;1.06836;5.76936;0.00134047;6.70234;0.0670234;0.0670234
2560;0.209014;-0.931636;5.76936;1.06836;5.76936;0.00134047;6.70234;0.0670234;0.0670234
2561;0.209014;-0.931636;5.76936;1.06836;5.76936;0.00134047;6.70234;0.0670234;0.0670234
2562;0.209014;-0.931636;5.76936;1.06836;5.76936;0.00134047;6.70234;0.0670234;0.0670234
2563;0.209014;-0.931636;5.76936;1.06836;5.76936;0.00134047;6.70234;0.0670234;0.0670234
2564;0.209014;-0.931636;5.76936;1.06836;5.76936;0.00134047;6.70234;0.0670234;0.0670234
2565;0.209014;-0.931636;5.76936;1.06836;5.76936;0.00134047;6.70234;0.0670234;0.0670234
2566;0.209014;-0.931636;5.76936;1.06836;5.76936;0.00134047;6.70234;0.0670234;0.0670234
2567;0.209014;-0.931636;5.76936;1.06836;5.76936;0.00134047;6.70234;0.0670234;0.0670234
2568;0.209014;-0.931636;5.76936;1.06836;5.76936;0.00134047;6.70234;0.0670234;0.0670234
2569;0.209014;-0.931636;5.76936;1.06836;5.76936;0.00134047;6.70234;0.0670234;0.0670234
2570;0.209014;-0.931636;5.76936;1.06836;5.76936;0.00134047;6.70234;0.0670234;0.0670234
2571;0.209014;-0.931636;5.76936;1.06836;5.76936;0.00134047;6.70234;0.0670234;0.0670234
2572;0.209014;-0.931636;5.76936;1.06836;5.76936;0.00134047;6.70234;0.0670234;0.0670234
2573;0.209014;-0.931636;5.76936;1.06836;5.76936;0.00134047;6.70234;0.0670234;0.0670234
2574;0.209014;-0.931636;5.76936;1.06836;5.76936;0.00134047;6.70234;0.0670234;0.0670234
2575;0.209014;-0.931636;5.76936;1.06836;5.76936;0.00134047;6.70234;0.0670234;0.0670234
2576;0.209014;-0.931636;5.76936;1.06836;5.76936;0.00134047;6.70234;0.0670234;0.0670234
2577;0.209014;-0.931636;5.76936;1.06836;5.76936;0.00134047;6.70234;0.0670234;0.0670234
2578;0.209014;-0.931636;5.76936;1.06836;5.76936;0.00134047;6.70234;0.0670234;0.0670234
2579;0.209014;-0.931636;5.76936;1.06836;5.76936;0.00134047;6.70234;0.0670234;0.0670234
2580;0.209014;-0.931636;5.76936;1.06836;5.76936;0.00134047;6.70234;0.0670234;0.0670234
2581;0.209014;-0.931636;5.76936;1.06836;5.76936;0.00134047;6.70234;0.0670234;0.0670234
2582;0.209014;-0.931636;5.76936;1.06836;5.76936;0.00134047;6.70234;0.0670234;0.0670234
2583;0.209014;-0.931636;5.76936;1.06836;5.76936;0.00134047;6.70234;0.0670234;0.0670234
2584;0.209014;-0.931636;5.76936;1.06836;5.76936;0.00134047;6.70234;0.0670234;0.0670234
2585;0.209014;-0.931636;5.76936;1.06836;5.76936;0.00134047;6.70234;0.0670234;0.0670234
2586;0.209014;-0.931636;5.76936;1.06836;5.76936;0.00134047;6.70234;0.0670234;0.0670234
2587;0.209014;-0.931636;5.76936;1.06836;5.76936;0.00134047;6.70234;0.0670234;0.0670234
2588;0.209014;-0.931636;5.76936;1.06836;5.76936;0.00134047;6.70234;0.0670234;0.0670234
2589;0.209014;-0.931636;5.76936;1.06836;5.76936;0.00134047;6.70234;0.0670234;0.0670234
2590;0.209014;-0.931636;5.76936;1.06836;5.76936;0.00134047;6.70234;0.0670234;0.0670234
2591;0.209014;-0.931636;5.76936;1.06836;5.76936;0.00134047;6.70234;0.0670234;0.0670234
2592;0.209014;-0.931636;5.76936;1.06836;5.76936;0.00134047;6.70234;0.0670234;0.0670234
2593;0.209014;-0.931636;5.76936;1.06836;5.76936;0.00134047;6.70234;0.0670234;0.0670234
2594;0.209014;-0.931636;5.76936;1.06836;5.76936;0.00134047;6.70234;0.0670234;0.0670234
2595;0.209014;-0.931636;5.76936;1.06836;5.76936;0.00134047;6.70234;0.0670234;0.0670234
2596;0.209014;-0.931636;5.76936;1.06836;5.76936;0.00134047;6.70234;0.0670234;0.0670234
2597;0.209014;-0.931636;5.76936;1.06836;5.76936;0.00134047;6.70234;0.0670234;0.0670234
2598;0.209014;-0.931636;5.76936;1.06836;5.76936;0.00134047;6.70234;0.0670234;0.0670234
2599;0.209014;-0.931636;5.76936;1.06836;5.76936;0.00134047;6.70234;0.0670234;0.0670234
2600;0.209014;-0.931636;5.76936;1.06836;5.76936;0.00134047;6.70234;0.0670234;0.0670234
2601;0.209014;-0.931636;5.76936;1.06836;5.76936;0.00134047;6.70234;0.0670234;0.0670234
2602;0.209014;-0.931636;5.76936;1.06836;5.76936;0.00134047;6.70234;0.0670234;0.0670234
2603;0.209014;-0.931636;5.76936;1.06836;5.76936;0.00134047;6.70234;0.0670234;0.0670234
2604;0.209014;-0.931636;5.76936;1.06836;5.76936;0.00134047;6.70234;0.0670234;0.0670234
2605;0.209014;-0.931636;5.76936;1.06836;5.76936;0.00134047;6.70234;0.0670234;0.0670234
2606;0.209014;-0.931636;5.76936;1.06836;5.76936;0.00134047;6.70234;0.0670234;0.0670234
2607;0.209014;-0.931636;5.76936;1.06836;5.76936;0.00134047;6.70234;0.0670234;0.0670234
2608;0.209014;-0.931636;5.76936;1.06836;5.76936;0.00134047;6.70234;0.0670234;0.0670234
2609;0.209014;-0.931636;5.76936;1.06836;5.76936;0.00134047;6.70234;0.0670234;0.0670234
2610;0.209014;-0.931636;5.76936;1.06836;5.76936;0.00134047;6.70234;0.0670234;0.0670234
2611;0.209014;-0.931636;5.76936;1.06836;5.76936;0.00134047;6.70234;0.0670234;0.0670234
2612;0.209014;-0.931636;5.76936;1.06836;5.76936;0.00134047;6.70234;0.0670234;0.0670234
2613;0.209014;-0.931636;5.76936;1.06836;5.76936;0.00134047;6.70234;0.0670234;0.0670234
2614;0.209014;-0.931636;5.76936;1.06836;5.76936;0.00134047;6.70234;0.0670234;0.0670234
2615;0.209014;-0.931636;5.76936;1.06836;5.76936;0.00134047;6.70234;0.0670234;0.0670234
2616;0.209014;-0.931636;5.76936;1.06836;5.76936;0.00134047;6.70234;0.0670234;0.0670234
2617;0.209014;-0.931636;5.76936;1.06836;5.76936;0.00134047;6.70234;0.0670234;0.0670234
2618;0.209014;-0.931636;5.76936;1.06836;5.76936;0.00134047;6.70234;0.0670234;0.0670234
2619;0.209014;-0.931636;5.76936;1.06836;5.76936;0.00134047;6.70234;0.0670234;0.0670234
2620;0.209014;-0.931636;5.76936;1.06836;5.76936;0.00134047;6.70234;0.0670234;0.0670234
2621;0.209014;-0.931636;5.76936;1.06836;5.76936;0.00134047;6.70234;0.0670234;0.0670234
2622;0.209014;-0.931636;5.76936;1.06836;5.76936;0.00134047;6.70234;0.0670234;0.0670234
2623;0.209014;-0.931636;5.76936;1.06836;5.76936;0.00134047;6.70234;0.0670234;0.0670234
2624;0.209014;-0.931636;5.76936;1.06836;5.76936;0.00134047;6.70234;0.0670234;0.0670234
2625;0.209014;-0.931636;5.76936;1.06836;5.76936;0.00134047;6.70234;0.0670234;0.0670234
2626;0.209014;-0.931636;5.76936;1.06836;5.76936;0.00134047;6.70234;0.0670234;0.0670234
2627;0.209014;-0.931636;5.76936;1.06836;5.76936;0.00134047;6.70234;0.0670234;0.0670234
2628;0.209014;-0.931636;5.76936;1.06836;5.76936;0.00134047;6.70234;0.0670234;0.0670234
2629;0.209014;-0.931636;5.76936;1.06836;5.76936;0.00134047;6.70234;0.0670234;0.0670234
2630;0.209014;-0.931636;5.76936;1.06836;5.76936;0.00134047;6.70234;0.0670234;0.0670234
2631;0.209014;-0.931636;5.76936;1.06836;5.76936;0.00134047;6.70234;0.0670234;0.0670234
2632;0.209014;-0.931636;5.76936;1.06836;5.76936;0.00134047;6.70234;0.0670234;0.0670234
2633;0.209014;-0.931636;5.76936;1.06836;5.76936;0.00134047;6.70234;0.0670234;0.0670234
2634;0.209014;-0.931636;5.76936;1.06836;5.76936;0.00134047;6.70234;0.0670234;0.0670234
2635;0.209014;-0.931636;5.76936;1.06836;5.76936;0.00134047;6.70234;0.0670234;0.0670234
2636;0.209014;-0.931636;5.76936;1.06836;5.76936;0.00134047;6.70234;0.0670234;0.0670234
2637;0.209014;-0.931636;5.76936;1.06836;5.76936;0.00134047;6.70234;0.0670234;0.0670234
2638;0.209014;-0.931636;5.76936;1.06836;5.76936;0.00134047;6.70234;0.0670234;0.0670234
2639;0.209014;-0.931636;5.76936;1.06836;5.76936;0.00134047;6.70234;0.0670234;0.0670234
2640;0.209014;-0.931636;5.76936;1.06836;5.76936;0.00134047;6.70234;0.0670234;0.0670234
2641;0.209014;-0.931636;5.76936;1.06836;5.76936;0.00134047;6.70234;0.0670234;0.0670234
2642;0.209014;-0.931636;5.76936;1.06836;5.76936;0.00134047;6.70234;0.0670234;0.0670234
2643;0.209014;-0.931636;5.76936;1.06836;5.76936;0.00134047;6.70234;0.0670234;0.0670234
2644;0.209014;-0.931636;5.76936;1.06836;5.76936;0.00134047;6.70234;0.0670234;0.0670234
2645;0.209014;-0.931636;5.76936;1.06836;5.76936;0.00134047;6.70234;0.0670234;0.0670234
2646;0.209014;-0.931636;5.76936;1.06836;5.76936;0.00134047;6.70234;0.0670234;0.0670234
2647;0.209014;-0.931636;5.76936;1.06836;5.76936;0.00134047;6.70234;0.0670234;0.0670234
2648;0.209014;-0.931636;5.76936;1.06836;5.76936;0.00134047;6.70234;0.0670234;0.0670234
2649;0.209014;-0.931636;5.76936;1.06836;5.76936;0.00134047;6.70234;0.0670234;0.0670234
2650;0.209014;-0.931636;5.76936;1.06836;5.76936;0.00134047;6.70234;0.0670234;0.0670234
2651;0.209014;-0.931636;5.76936;1.06836;5.76936;0.00134047;6.70234;0.0670234;0.0670234
2652;0.209014;-0.931636;5.76936;1.06836;5.76936;0.00134047;6.70234;0.0670234;0.0670234
2653;0.209014;-0.931636;5.76936;1.06836;5.76936;0.00134047;6.70234;0.0670234;0.0670234
2654;0.209014;-0.931636;5.76936;1.06836;5.76936;0.00134047;6.70234;0.0670234;0.0670234
2655;0.209014;-0.931636;5.76936;1.06836;5.76936;0.00134047;6.70234;0.0670234;0.0670234
2656;0.209014;-0.931636;5.76936;1.06836;5.76936;0.00134047;6.70234;0.0670234;0.0670234
2657;0.209014;-0.931636;5.76936;1.06836;5.76936;0.00134047;6.70234;0.0670234;0.0670234
2658;0.209014;-0.931636;5.76936;1.06836;5.76936;0.00134047;6.70234;0.0670234;0.0670234
2659;0.209014;-0.931636;5.76936;1.06836;5.76936;0.00134047;6.70234;0.0670234;0.0670234
2660;0.209014;-0.931636;5.76936;1.06836;5.76936;0.00134047;6.70234;0.0670234;0.0670234
2661;0.209014;-0.931636;5.76936;1.06836;5.76936;0.00134047;6.70234;0.0670234;0.0670234
2662;0.209014;-0.931636;5.76936;1.06836;5.76936;0.00134047;6.70234;0.0670234;0.0670234
2663;0.209014;-0.931636;5.76936;1.06836;5.76936;0.00134047;6.70234;0.0670234;0.0670234
2664;0.209014;-0.931636;5.76936;1.06836;5.76936;0.00134047;6.70234;0.0670234;0.0670234
2665;0.209014;-0.931636;5.76936;1.06836;5.76936;0.00134047;6.70234;0.0670234;0.0670234
2666;0.209014;-0.931636;5.76936;1.06836;5.76936;0.00134047;6.70234;0.0670234;0.0670234
2667;0.209014;-0.931636;5.76936;1.06836;5.76936;0.00134047;6.70234;0.0670234;0.0670234
2668;0.209014;-0.931636;5.76936;1.06836;5.76936;0.00134047;6.70234;0.0670234;0.0670234
2669;0.209014;-0.931636;5.76936;1.06836;5.76936;0.00134047;6.70234;0.0670234;0.0670234
2670;0.209014;-0.931636;5.76936;1.06836;5.76936;0.00134047;6.70234;0.0670234;0.0670234
2671;0.209014;-0.931636;5.76936;1.06836;5.76936;0.00134047;6.70234;0.0670234;0.0670234
2672;0.209014;-0.931636;5.76936;1.06836;5.76936;0.00134047;6.70234;0.0670234;0.0670234
2673;0.209014;-0.931636;5.76936;1.06836;5.76936;0.00134047;6.70234;0.0670234;0.0670234
2674;0.209014;-0.931636;5.76936;1.06836;5.76936;0.00134047;6.70234;0.0670234;0.0670234
2675;0.209014;-0.931636;5.76936;1.06836;5.76936;0.00134047;6.70234;0.0670234;0.0670234
2676;0.209014;-0.931636;5.76936;1.06836;5.76936;0.00134047;6.70234;0.0670234;0.0670234
2677;0.209014;-0.931636;5.76936;1.06836;5.76936;0.00134047;6.70234;0.0670234;0.0670234
2678;0.209014;-0.931636;5.76936;1.06836;5.76936;0.00134047;6.70234;0.0670234;0.0670234
2679;0.209014;-0.931636;5.76936;1.06836;5.76936;0.00134047;6.70234;0.0670234;0.0670234
2680;0.209014;-0.931636;5.76936;1.06836;5.76936;0.00134047;6.70234;0.0670234;0.0670234
2681;0.209014;-0.931636;5.76936;1.06836;5.76936;0.00134047;6.70234;0.0670234;0.0670234
2682;0.209014;-0.931636;5.76936;1.06836;5.76936;0.00134047;6.70234;0.0670234;0.0670234
2683;0.209014;-0.931636;5.76936;1.06836;5.76936;0.00134047;6.70234;0.0670234;0.0670234
2684;0.209014;-0.931636;5.76936;1.06836;5.76936;0.00134047;6.70234;0.0670234;0.0670234
2685;0.209014;-0.931636;5.76936;1.06836;5.76936;0.00134047;6.70234;0.0670234;0.0670234
2686;0.209014;-0.931636;5.76936;1.06836;5.76936;0.00134047;6.70234;0.0670234;0.0670234
2687;0.209014;-0.931636;5.76936;1.06836;5.76936;0.00134047;6.70234;0.0670234;0.0670234
2688;0.209014;-0.931636;5.76936;1.06836;5.76936;0.00134047;6.70234;0.0670234;0.0670234
2689;0.209014;-0.931636;5.76936;1.06836;5.76936;0.00134047;6.70234;0.0670234;0.0670234
2690;0.209014;-0.931636;5.76936;1.06836;5.76936;0.00134047;6.70234;0.0670234;0.0670234
2691;0.209014;-0.931636;5.76936;1.06836;5.76936;0.00134047;6.70234;0.0670234;0.0670234
2692;0.209014;-0.931636;5.76936;1.06836;5.76936;0.00134047;6.70234;0.0670234;0.0670234
2693;0.209014;-0.931636;5.76936;1.06836;5.76936;0.00134047;6.70234;0.0670234;0.0670234
2694;0.209014;-0.931636;5.76936;1.06836;5.76936;0.00134047;6.70234;0.0670234;0.0670234
2695;0.209014;-0.931636;5.76936;1.06836;5.76936;0.00134047;6.70234;0.0670234;0.0670234
2696;0.209014;-0.931636;5.76936;1.06836;5.76936;0.00134047;6.70234;0.0670234;0.0670234
2697;0.209014;-0.931636;5.76936;1.06836;5.76936;0.00134047;6.70234;0.0670234;0.0670234
2698;0.209014;-0.931636;5.76936;1.06836;5.76936;0.00134047;6.70234;0.0670234;0.0670234
2699;0.209014;-0.931636;5.76936;1.06836;5.76936;0.00134047;6.70234;0.0670234;0.0670234
2700;0.209014;-0.931636;5.76936;1.06836;5.76936;0.00134047;6.70234;0.0670234;0.0670234
2701;0.209014;-0.931636;5.76936;1.06836;5.76936;0.00134047;6.70234;0.0670234;0.0670234
2702;0.209014;-0.931636;5.76936;1.06836;5.76936;0.00134047;6.70234;0.0670234;0.0670234
2703;0.209014;-0.931636;5.76936;1.06836;5.76936;0.00134047;6.70234;0.0670234;0.0670234
2704;0.209014;-0.931636;5.76936;1.06836;5.76936;0.00134047;6.70234;0.0670234;0.0670234
2705;0.209014;-0.931636;5.76936;1.06836;5.76936;0.00134047;6.70234;0.0670234;0.0670234
2706;0.209014;-0.931636;5.76936;1.06836;5.76936;0.00134047;6.70234;0.0670234;0.0670234
2707;0.209014;-0.931636;5.76936;1.06836;5.76936;0.00134047;6.70234;0.0670234;0.0670234
2708;0.209014;-0.931636;5.76936;1.06836;5.76936;0.00134047;6.70234;0.0670234;0.0670234
2709;0.209014;-0.931636;5.76936;1.06836;5.76936;0.00134047;6.70234;0.0670234;0.0670234
2710;0.209014;-0.931636;5.76936;1.06836;5.76936;0.00134047;6.70234;0.0670234;0.0670234
2711;0.209014;-0.931636;5.76936;1.06836;5.76936;0.00134047;6.70234;0.0670234;0.0670234
2712;0.209014;-0.931636;5.76936;1.06836;5.76936;0.00134047;6.70234;0.0670234;0.0670234
2713;0.209014;-0.931636;5.76936;1.06836;5.76936;0.00134047;6.70234;0.0670234;0.0670234
2714;0.209014;-0.931636;5.76936;1.06836;5.76936;0.00134047;6.70234;0.0670234;0.0670234
2715;0.209014;-0.931636;5.76936;1.06836;5.76936;0.00134047;6.70234;0.0670234;0.0670234
2716;0.209014;-0.931636;5.76936;1.06836;5.76936;0.00134047;6.70234;0.0670234;0.0670234
2717;0.209014;-0.931636;5.76936;1.06836;5.76936;0.00134047;6.70234;0.0670234;0.0670234
2718;0.209014;-0.931636;5.76936;1.06836;5.76936;0.00134047;6.70234;0.0670234;0.0670234
2719;0.209014;-0.931636;5.76936;1.06836;5.76936;0.00134047;6.70234;0.0670234;0.0670234
2720;0.209014;-0.931636;5.76936;1.06836;5.76936;0.00134047;6.70234;0.0670234;0.0670234
2721;0.209014;-0.931636;5.76936;1.06836;5.76936;0.00134047;6.70234;0.0670234;0.0670234
2722;0.209014;-0.931636;5.76936;1.06836;5.76936;0.00134047;6.70234;0.0670234;0.0670234
2723;0.209014;-0.931636;5.76936;1.06836;5.76936;0.00134047;6.70234;0.0670234;0.0670234
2724;0.209014;-0.931636;5.76936;1.06836;5.76936;0.00134047;6.70234;0.0670234;0.0670234
2725;0.209014;-0.931636;5.76936;1.06836;5.76936;0.00134047;6.70234;0.0670234;0.0670234
2726;0.209014;-0.931636;5.76936;1.06836;5.76936;0.00134047;6.70234;0.0670234;0.0670234
2727;0.209014;-0.931636;5.76936;1.06836;5.76936;0.00134047;6.70234;0.0670234;0.0670234
2728;0.209014;-0.931636;5.76936;1.06836;5.76936;0.00134047;6.70234;0.0670234;0.0670234
2729;0.209014;-0.931636;5.76936;1.06836;5.76936;0.00134047;6.70234;0.0670234;0.0670234
2730;0.209014;-0.931636;5.76936;1.06836;5.76936;0.00134047;6.70234;0.0670234;0.0670234
2731;0.209014;-0.931636;5.76936;1.06836;5.76936;0.00134047;6.70234;0.0670234;0.0670234
2732;0.209014;-0.931636;5.76936;1.06836;5.76936;0.00134047;6.70234;0.0670234;0.0670234
2733;0.209014;-0.931636;5.76936;1.06836;5.76936;0.00134047;6.70234;0.0670234;0.0670234
2734;0.209014;-0.931636;5.76936;1.06836;5.76936;0.00134047;6.70234;0.0670234;0.0670234
2735;0.209014;-0.931636;5.76936;1.06836;5.76936;0.00134047;6.70234;0.0670234;0.0670234
2736;0.209014;-0.931636;5.76936;1.06836;5.76936;0.00134047;6.70234;0.0670234;0.0670234
2737;0.209014;-0.931636;5.76936;1.06836;5.76936;0.00134047;6.70234;0.0670234;0.0670234
2738;0.209014;-0.931636;5.76936;1.06836;5.76936;0.00134047;6.70234;0.0670234;0.0670234
2739;0.209014;-0.931636;5.76936;1.06836;5.76936;0.00134047;6.70234;0.0670234;0.0670234
2740;0.209014;-0.931636;5.76936;1.06836;5.76936;0.00134047;6.70234;0.0670234;0.0670234
2741;0.209014;-0.931636;5.76936;1.06836;5.76936;0.00134047;6.70234;0.0670234;0.0670234
2742;0.209014;-0.931636;5.76936;1.06836;5.76936;0.00134047;6.70234;0.0670234;0.0670234
2743;0.209014;-0.931636;5.76936;1.06836;5.76936;0.00134047;6.70234;0.0670234;0.0670234
2744;0.209014;-0.931636;5.76936;1.06836;5.76936;0.00134047;6.70234;0.0670234;0.0670234
2745;0.209014;-0.931636;5.76936;1.06836;5.76936;0.00134047;6.70234;0.0670234;0.0670234
2746;0.209014;-0.931636;5.76936;1.06836;5.76936;0.00134047;6.70234;0.0670234;0.0670234
2747;0.209014;-0.931636;5.76936;1.06836;5.76936;0.00134047;6.70234;0.0670234;0.0670234
2748;0.209014;-0.931636;5.76936;1.06836;5.76936;0.00134047;6.70234;0.0670234;0.0670234
2749;0.209014;-0.931636;5.76936;1.06836;5.76936;0.00134047;6.70234;0.0670234;0.0670234
2750;0.209014;-0.931636;5.76936;1.06836;5.76936;0.00134047;6.70234;0.0670234;0.0670234
2751;0.209014;-0.931636;5.76936;1.06836;5.76936;0.00134047;6.70234;0.0670234;0.0670234
2752;0.209014;-0.931636;5.76936;1.06836;5.76936;0.00134047;6.70234;0.0670234;0.0670234
2753;0.209014;-0.931636;5.76936;1.06836;5.76936;0.00134047;6.70234;0.0670234;0.0670234
2754;0.209014;-0.931636;5.76936;1.06836;5.76936;0.00134047;6.70234;0.0670234;0.0670234
2755;0.209014;-0.931636;5.76936;1.06836;5.76936;0.00134047;6.70234;0.0670234;0.0670234
2756;0.209014;-0.931636;5.76936;1.06836;5.76936;0.00134047;6.70234;0.0670234;0.0670234
2757;0.209014;-0.931636;5.76936;1.06836;5.76936;0.00134047;6.70234;0.0670234;0.0670234
2758;0.209014;-0.931636;5.76936;1.06836;5.76936;0.00134047;6.70234;0.0670234;0.0670234
2759;0.209014;-0.931636;5.76936;1.06836;5.76936;0.00134047;6.70234;0.0670234;0.0670234
2760;0.209014;-0.931636;5.76936;1.06836;5.76936;0.00134047;6.70234;0.0670234;0.0670234
2761;0.209014;-0.931636;5.76936;1.06836;5.76936;0.00134047;6.70234;0.0670234;0.0670234
2762;0.209014;-0.931636;5.76936;1.06836;5.76936;0.00134047;6.70234;0.0670234;0.0670234
2763;0.209014;-0.931636;5.76936;1.06836;5.76936;0.00134047;6.70234;0.0670234;0.0670234
2764;0.209014;-0.931636;5.76936;1.06836;5.76936;0.00134047;6.70234;0.0670234;0.0670234
2765;0.209014;-0.931636;5.76936;1.06836;5.76936;0.00134047;6.70234;0.0670234;0.0670234
2766;0.209014;-0.931636;5.76936;1.06836;5.76936;0.00134047;6.70234;0.0670234;0.0670234
2767;0.209014;-0.931636;5.76936;1.06836;5.76936;0.00134047;6.70234;0.0670234;0.0670234
2768;0.209014;-0.931636;5.76936;1.06836;5.76936;0.00134047;6.70234;0.0670234;0.0670234
2769;0.209014;-0.931636;5.76936;1.06836;5.76936;0.00134047;6.70234;0.0670234;0.0670234
2770;0.209014;-0.931636;5.76936;1.06836;5.76936;0.00134047;6.70234;0.0670234;0.0670234
2771;0.209014;-0.931636;5.76936;1.06836;5.76936;0.00134047;6.70234;0.0670234;0.0670234
2772;0.209014;-0.931636;5.76936;1.06836;5.76936;0.00134047;6.70234;0.0670234;0.0670234
2773;0.209014;-0.931636;5.76936;1.06836;5.76936;0.00134047;6.70234;0.0670234;0.0670234
2774;0.209014;-0.931636;5.76936;1.06836;5.76936;0.00134047;6.70234;0.0670234;0.0670234
2775;0.209014;-0.931636;5.76936;1.06836;5.76936;0.00134047;6.70234;0.0670234;0.0670234
2776;0.209014;-0.931636;5.76936;1.06836;5.76936;0.00134047;6.70234;0.0670234;0.0670234
2777;0.209014;-0.931636;5.76936;1.06836;5.76936;0.00134047;6.70234;0.0670234;0.0670234
2778;0.209014;-0.931636;5.76936;1.06836;5.76936;0.00134047;6.70234;0.0670234;0.0670234
2779;0.209014;-0.931636;5.76936;1.06836;5.76936;0.00134047;6.70234;0.0670234;0.0670234
2780;0.209014;-0.931636;5.76936;1.06836;5.76936;0.00134047;6.70234;0.0670234;0.0670234
2781;0.209014;-0.931636;5.76936;1.06836;5.76936;0.00134047;6.70234;0.0670234;0.0670234
2782;0.209014;-0.931636;5.76936;1.06836;5.76936;0.00134047;6.70234;0.0670234;0.0670234
2783;0.209014;-0.931636;5.76936;1.06836;5.76936;0.00134047;6.70234;0.0670234;0.0670234
2784;0.209014;-0.931636;5.76936;1.06836;5.76936;0.00134047;6.70234;0.0670234;0.0670234
2785;0.209014;-0.931636;5.76936;1.06836;5.76936;0.00134047;6.70234;0.0670234;0.0670234
2786;0.209014;-0.931636;5.76936;1.06836;5.76936;0.00134047;6.70234;0.0670234;0.0670234
2787;0.209014;-0.931636;5.76936;1.06836;5.76936;0.00134047;6.70234;0.0670234;0.0670234
2788;0.209014;-0.931636;5.76936;1.06836;5.76936;0.00134047;6.70234;0.0670234;0.0670234
2789;0.209014;-0.931636;5.76936;1.06836;5.76936;0.00134047;6.70234;0.0670234;0.0670234
2790;0.209014;-0.931636;5.76936;1.06836;5.76936;0.00134047;6.70234;0.0670234;0.0670234
2791;0.209014;-0.931636;5.76936;1.06836;5.76936;0.00134047;6.70234;0.0670234;0.0670234
2792;0.209014;-0.931636;5.76936;1.06836;5.76936;0.00134047;6.70234;0.0670234;0.0670234
2793;0.209014;-0.931636;5.76936;1.06836;5.76936;0.00134047;6.70234;0.0670234;0.0670234
2794;0.209014;-0.931636;5.76936;1.06836;5.76936;0.00134047;6.70234;0.0670234;0.0670234
2795;0.209014;-0.931636;5.76936;1.06836;5.76936;0.00134047;6.70234;0.0670234;0.0670234
2796;0.209014;-0.931636;5.76936;1.06836;5.76936;0.00134047;6.70234;0.0670234;0.0670234
2797;0.209014;-0.931636;5.76936;1.06836;5.76936;0.00134047;6.70234;0.0670234;0.0670234
2798;0.209014;-0.931636;5.76936;1.06836;5.76936;0.00134047;6.70234;0.0670234;0.0670234
2799;0.209014;-0.931636;5.76936;1.06836;5.76936;0.00134047;6.70234;0.0670234;0.0670234
2800;0.209014;-0.931636;5.76936;1.06836;5.76936;0.00134047;6.70234;0.0670234;0.0670234
2801;0.209014;-0.931636;5.76936;1.06836;5.76936;0.00134047;6.70234;0.0670234;0.0670234
2802;0.209014;-0.931636;5.76936;1.06836;5.76936;0.00134047;6.70234;0.0670234;0.0670234
2803;0.209014;-0.931636;5.76936;1.06836;5.76936;0.00134047;6.70234;0.0670234;0.0670234
2804;0.209014;-0.931636;5.76936;1.06836;5.76936;0.00134047;6.70234;0.0670234;0.0670234
2805;0.209014;-0.931636;5.76936;1.06836;5.76936;0.00134047;6.70234;0.0670234;0.0670234
2806;0.209014;-0.931636;5.76936;1.06836;5.76936;0.00134047;6.70234;0.0670234;0.0670234
2807;0.209014;-0.931636;5.76936;1.06836;5.76936;0.00134047;6.70234;0.0670234;0.0670234
2808;0.209014;-0.931636;5.76936;1.06836;5.76936;0.00134047;6.70234;0.0670234;0.0670234
2809;0.209014;-0.931636;5.76936;1.06836;5.76936;0.00134047;6.70234;0.0670234;0.0670234
2810;0.209014;-0.931636;5.76936;1.06836;5.76936;0.00134047;6.70234;0.0670234;0.0670234
2811;0.209014;-0.931636;5.76936;1.06836;5.76936;0.00134047;6.70234;0.0670234;0.0670234
2812;0.209014;-0.931636;5.76936;1.06836;5.76936;0.00134047;6.70234;0.0670234;0.0670234
2813;0.209014;-0.931636;5.76936;1.06836;5.76936;0.00134047;6.70234;0.0670234;0.0670234
2814;0.209014;-0.931636;5.76936;1.06836;5.76936;0.00134047;6.70234;0.0670234;0.0670234
2815;0.209014;-0.931636;5.76936;1.06836;5.76936;0.00134047;6.70234;0.0670234;0.0670234
2816;0.209014;-0.931636;5.76936;1.06836;5.76936;0.00134047;6.70234;0.0670234;0.0670234
2817;0.209014;-0.931636;5.76936;1.06836;5.76936;0.00134047;6.70234;0.0670234;0.0670234
2818;0.209014;-0.931636;5.76936;1.06836;5.76936;0.00134047;6.70234;0.0670234;0.0670234
2819;0.209014;-0.931636;5.76936;1.06836;5.76936;0.00134047;6.70234;0.0670234;0.0670234
2820;0.209014;-0.931636;5.76936;1.06836;5.76936;0.00134047;6.70234;0.0670234;0.0670234
2821;0.209014;-0.931636;5.76936;1.06836;5.76936;0.00134047;6.70234;0.0670234;0.0670234
2822;0.209014;-0.931636;5.76936;1.06836;5.76936;0.00134047;6.70234;0.0670234;0.0670234
2823;0.209014;-0.931636;5.76936;1.06836;5.76936;0.00134047;6.70234;0.0670234;0.0670234
2824;0.209014;-0.931636;5.76936;1.06836;5.76936;0.00134047;6.70234;0.0670234;0.0670234
2825;0.209014;-0.931636;5.76936;1.06836;5.76936;0.00134047;6.70234;0.0670234;0.0670234
2826;0.209014;-0.931636;5.76936;1.06836;5.76936;0.00134047;6.70234;0.0670234;0.0670234
2827;0.209014;-0.931636;5.76936;1.06836;5.76936;0.00134047;6.70234;0.0670234;0.0670234
2828;0.209014;-0.931636;5.76936;1.06836;5.76936;0.00134047;6.70234;0.0670234;0.0670234
2829;0.209014;-0.931636;5.76936;1.06836;5.76936;0.00134047;6.70234;0.0670234;0.0670234
2830;0.209014;-0.931636;5.76936;1.06836;5.76936;0.00134047;6.70234;0.0670234;0.0670234
2831;0.209014;-0.931636;5.76936;1.06836;5.76936;0.00134047;6.70234;0.0670234;0.0670234
2832;0.209014;-0.931636;5.76936;1.06836;5.76936;0.00134047;6.70234;0.0670234;0.0670234
2833;0.209014;-0.931636;5.76936;1.06836;5.76936;0.00134047;6.70234;0.0670234;0.0670234
2834;0.209014;-0.931636;5.76936;1.06836;5.76936;0.00134047;6.70234;0.0670234;0.0670234
2835;0.209014;-0.931636;5.76936;1.06836;5.76936;0.00134047;6.70234;0.0670234;0.0670234
2836;0.209014;-0.931636;5.76936;1.06836;5.76936;0.00134047;6.70234;0.0670234;0.0670234
2837;0.209014;-0.931636;5.76936;1.06836;5.76936;0.00134047;6.70234;0.0670234;0.0670234
2838;0.209014;-0.931636;5.76936;1.06836;5.76936;0.00134047;6.70234;0.0670234;0.0670234
2839;0.209014;-0.931636;5.76936;1.06836;5.76936;0.00134047;6.70234;0.0670234;0.0670234
2840;0.209014;-0.931636;5.76936;1.06836;5.76936;0.00134047;6.70234;0.0670234;0.0670234
2841;0.209014;-0.931636;5.76936;1.06836;5.76936;0.00134047;6.70234;0.0670234;0.0670234
2842;0.209014;-0.931636;5.76936;1.06836;5.76936;0.00134047;6.70234;0.0670234;0.0670234
2843;0.209014;-0.931636;5.76936;1.06836;5.76936;0.00134047;6.70234;0.0670234;0.0670234
2844;0.209014;-0.931636;5.76936;1.06836;5.76936;0.00134047;6.70234;0.0670234;0.0670234
2845;0.209014;-0.931636;5.76936;1.06836;5.76936;0.00134047;6.70234;0.0670234;0.0670234
2846;0.209014;-0.931636;5.76936;1.06836;5.76936;0.00134047;6.70234;0.0670234;0.0670234
2847;0.209014;-0.931636;5.76936;1.06836;5.76936;0.00134047;6.70234;0.0670234;0.0670234
2848;0.209014;-0.931636;5.76936;1.06836;5.76936;0.00134047;6.70234;0.0670234;0.0670234
2849;0.209014;-0.931636;5.76936;1.06836;5.76936;0.00134047;6.70234;0.0670234;0.0670234
2850;0.209014;-0.931636;5.76936;1.06836;5.76936;0.00134047;6.70234;0.0670234;0.0670234
2851;0.209014;-0.931636;5.76936;1.06836;5.76936;0.00134047;6.70234;0.0670234;0.0670234
2852;0.209014;-0.931636;5.76936;1.06836;5.76936;0.00134047;6.70234;0.0670234;0.0670234
2853;0.209014;-0.931636;5.76936;1.06836;5.76936;0.00134047;6.70234;0.0670234;0.0670234
2854;0.209014;-0.931636;5.76936;1.06836;5.76936;0.00134047;6.70234;0.0670234;0.0670234
2855;0.209014;-0.931636;5.76936;1.06836;5.76936;0.00134047;6.70234;0.0670234;0.0670234
2856;0.209014;-0.931636;5.76936;1.06836;5.76936;0.00134047;6.70234;0.0670234;0.0670234
2857;0.209014;-0.931636;5.76936;1.06836;5.76936;0.00134047;6.70234;0.0670234;0.0670234
2858;0.209014;-0.931636;5.76936;1.06836;5.76936;0.00134047;6.70234;0.0670234;0.0670234
2859;0.209014;-0.931636;5.76936;1.06836;5.76936;0.00134047;6.70234;0.0670234;0.0670234
2860;0.209014;-0.931636;5.76936;1.06836;5.76936;0.00134047;6.70234;0.0670234;0.0670234
2861;0.209014;-0.931636;5.76936;1.06836;5.76936;0.00134047;6.70234;0.0670234;0.0670234
2862;0.209014;-0.931636;5.76936;1.06836;5.76936;0.00134047;6.70234;0.0670234;0.0670234
2863;0.209014;-0.931636;5.76936;1.06836;5.76936;0.00134047;6.70234;0.0670234;0.0670234
2864;0.209014;-0.931636;5.76936;1.06836;5.76936;0.00134047;6.70234;0.0670234;0.0670234
2865;0.209014;-0.931636;5.76936;1.06836;5.76936;0.00134047;6.70234;0.0670234;0.0670234
2866;0.209014;-0.931636;5.76936;1.06836;5.76936;0.00134047;6.70234;0.0670234;0.0670234
2867;0.209014;-0.931636;5.76936;1.06836;5.76936;0.00134047;6.70234;0.0670234;0.0670234
2868;0.209014;-0.931636;5.76936;1.06836;5.76936;0.00134047;6.70234;0.0670234;0.0670234
2869;0.209014;-0.931636;5.76936;1.06836;5.76936;0.00134047;6.70234;0.0670234;0.0670234
2870;0.209014;-0.931636;5.76936;1.06836;5.76936;0.00134047;6.70234;0.0670234;0.0670234
2871;0.209014;-0.931636;5.76936;1.06836;5.76936;0.00134047;6.70234;0.0670234;0.0670234
2872;0.209014;-0.931636;5.76936;1.06836;5.76936;0.00134047;6.70234;0.0670234;0.0670234
2873;0.209014;-0.931636;5.76936;1.06836;5.76936;0.00134047;6.70234;0.0670234;0.0670234
2874;0.209014;-0.931636;5.76936;1.06836;5.76936;0.00134047;6.70234;0.0670234;0.0670234
2875;0.209014;-0.931636;5.76936;1.06836;5.76936;0.00134047;6.70234;0.0670234;0.0670234
2876;0.209014;-0.931636;5.76936;1.06836;5.76936;0.00134047;6.70234;0.0670234;0.0670234
2877;0.209014;-0.931636;5.76936;1.06836;5.76936;0.00134047;6.70234;0.0670234;0.0670234
2878;0.209014;-0.931636;5.76936;1.06836;5.76936;0.00134047;6.70234;0.0670234;0.0670234
2879;0.209014;-0.931636;5.76936;1.06836;5.76936;0.00134047;6.70234;0.0670234;0.0670234
2880;0.209014;-0.931636;5.76936;1.06836;5.76936;0.00134047;6.70234;0.0670234;0.0670234
2881;0.209014;-0.931636;5.76936;1.06836;5.76936;0.00134047;6.70234;0.0670234;0.0670234
2882;0.209014;-0.931636;5.76936;1.06836;5.76936;0.00134047;6.70234;0.0670234;0.0670234
2883;0.209014;-0.931636;5.76936;1.06836;5.76936;0.00134047;6.70234;0.0670234;0.0670234
2884;0.209014;-0.931636;5.76936;1.06836;5.76936;0.00134047;6.70234;0.0670234;0.0670234
2885;0.209014;-0.931636;5.76936;1.06836;5.76936;0.00134047;6.70234;0.0670234;0.0670234
2886;0.209014;-0.931636;5.76936;1.06836;5.76936;0.00134047;6.70234;0.0670234;0.0670234
2887;0.209014;-0.931636;5.76936;1.06836;5.76936;0.00134047;6.70234;0.0670234;0.0670234
2888;0.209014;-0.931636;5.76936;1.06836;5.76936;0.00134047;6.70234;0.0670234;0.0670234
2889;0.209014;-0.931636;5.76936;1.06836;5.76936;0.00134047;6.70234;0.0670234;0.0670234
2890;0.209014;-0.931636;5.76936;1.06836;5.76936;0.00134047;6.70234;0.0670234;0.0670234
2891;0.209014;-0.931636;5.76936;1.06836;5.76936;0.00134047;6.70234;0.0670234;0.0670234
2892;0.209014;-0.931636;5.76936;1.06836;5.76936;0.00134047;6.70234;0.0670234;0.0670234
2893;0.209014;-0.931636;5.76936;1.06836;5.76936;0.00134047;6.70234;0.0670234;0.0670234
2894;0.209014;-0.931636;5.76936;1.06836;5.76936;0.00134047;6.70234;0.0670234;0.0670234
2895;0.209014;-0.931636;5.76936;1.06836;5.76936;0.00134047;6.70234;0.0670234;0.0670234
2896;0.209014;-0.931636;5.76936;1.06836;5.76936;0.00134047;6.70234;0.0670234;0.0670234
2897;0.209014;-0.931636;5.76936;1.06836;5.76936;0.00134047;6.70234;0.0670234;0.0670234
2898;0.209014;-0.931636;5.76936;1.06836;5.76936;0.00134047;6.70234;0.0670234;0.0670234
2899;0.209014;-0.931636;5.76936;1.06836;5.76936;0.00134047;6.70234;0.0670234;0.0670234
2900;0.209014;-0.931636;5.76936;1.06836;5.76936;0.00134047;6.70234;0.0670234;0.0670234
2901;0.209014;-0.931636;5.76936;1.06836;5.76936;0.00134047;6.70234;0.0670234;0.0670234
2902;0.209014;-0.931636;5.76936;1.06836;5.76936;0.00134047;6.70234;0.0670234;0.0670234
2903;0.209014;-0.931636;5.76936;1.06836;5.76936;0.00134047;6.70234;0.0670234;0.0670234
2904;0.209014;-0.931636;5.76936;1.06836;5.76936;0.00134047;6.70234;0.0670234;0.0670234
2905;0.209014;-0.931636;5.76936;1.06836;5.76936;0.00134047;6.70234;0.0670234;0.0670234
2906;0.209014;-0.931636;5.76936;1.06836;5.76936;0.00134047;6.70234;0.0670234;0.0670234
2907;0.209014;-0.931636;5.76936;1.06836;5.76936;0.00134047;6.70234;0.0670234;0.0670234
2908;0.209014;-0.931636;5.76936;1.06836;5.76936;0.00134047;6.70234;0.0670234;0.0670234
2909;0.209014;-0.931636;5.76936;1.06836;5.76936;0.00134047;6.70234;0.0670234;0.0670234
2910;0.209014;-0.931636;5.76936;1.06836;5.76936;0.00134047;6.70234;0.0670234;0.0670234
2911;0.209014;-0.931636;5.76936;1.06836;5.76936;0.00134047;6.70234;0.0670234;0.0670234
2912;0.209014;-0.931636;5.76936;1.06836;5.76936;0.00134047;6.70234;0.0670234;0.0670234
2913;0.209014;-0.931636;5.76936;1.06836;5.76936;0.00134047;6.70234;0.0670234;0.0670234
2914;0.209014;-0.931636;5.76936;1.06836;5.76936;0.00134047;6.70234;0.0670234;0.0670234
2915;0.209014;-0.931636;5.76936;1.06836;5.76936;0.00134047;6.70234;0.0670234;0.0670234
2916;0.209014;-0.931636;5.76936;1.06836;5.76936;0.00134047;6.70234;0.0670234;0.0670234
2917;0.209014;-0.931636;5.76936;1.06836;5.76936;0.00134047;6.70234;0.0670234;0.0670234
2918;0.209014;-0.931636;5.76936;1.06836;5.76936;0.00134047;6.70234;0.0670234;0.0670234
2919;0.209014;-0.931636;5.76936;1.06836;5.76936;0.00134047;6.70234;0.0670234;0.0670234
2920;0.209014;-0.931636;5.76936;1.06836;5.76936;0.00134047;6.70234;0.0670234;0.0670234
2921;0.209014;-0.931636;5.76936;1.06836;5.76936;0.00134047;6.70234;0.0670234;0.0670234
2922;0.209014;-0.931636;5.76936;1.06836;5.76936;0.00134047;6.70234;0.0670234;0.0670234
2923;0.209014;-0.931636;5.76936;1.06836;5.76936;0.00134047;6.70234;0.0670234;0.0670234
2924;0.209014;-0.931636;5.76936;1.06836;5.76936;0.00134047;6.70234;0.0670234;0.0670234
2925;0.209014;-0.931636;5.76936;1.06836;5.76936;0.00134047;6.70234;0.0670234;0.0670234
2926;0.209014;-0.931636;5.76936;1.06836;5.76936;0.00134047;6.70234;0.0670234;0.0670234
2927;0.209014;-0.931636;5.76936;1.06836;5.76936;0.00134047;6.70234;0.0670234;0.0670234
2928;0.209014;-0.931636;5.76936;1.06836;5.76936;0.00134047;6.70234;0.0670234;0.0670234
2929;0.209014;-0.931636;5.76936;1.06836;5.76936;0.00134047;6.70234;0.0670234;0.0670234
2930;0.209014;-0.931636;5.76936;1.06836;5.76936;0.00134047;6.70234;0.0670234;0.0670234
2931;0.209014;-0.931636;5.76936;1.06836;5.76936;0.00134047;6.70234;0.0670234;0.0670234
2932;0.209014;-0.931636;5.76936;1.06836;5.76936;0.00134047;6.70234;0.0670234;0.0670234
2933;0.209014;-0.931636;5.76936;1.06836;5.76936;0.00134047;6.70234;0.0670234;0.0670234
2934;0.209014;-0.931636;5.76936;1.06836;5.76936;0.00134047;6.70234;0.0670234;0.0670234
2935;0.209014;-0.931636;5.76936;1.06836;5.76936;0.00134047;6.70234;0.0670234;0.0670234
2936;0.209014;-0.931636;5.76936;1.06836;5.76936;0.00134047;6.70234;0.0670234;0.0670234
2937;0.209014;-0.931636;5.76936;1.06836;5.76936;0.00134047;6.70234;0.0670234;0.0670234
2938;0.209014;-0.931636;5.76936;1.06836;5.76936;0.00134047;6.70234;0.0670234;0.0670234
2939;0.209014;-0.931636;5.76936;1.06836;5.76936;0.00134047;6.70234;0.0670234;0.0670234
2940;0.209014;-0.931636;5.76936;1.06836;5.76936;0.00134047;6.70234;0.0670234;0.0670234
2941;0.209014;-0.931636;5.76936;1.06836;5.76936;0.00134047;6.70234;0.0670234;0.0670234
2942;0.209014;-0.931636;5.76936;1.06836;5.76936;0.00134047;6.70234;0.0670234;0.0670234
2943;0.209014;-0.931636;5.76936;1.06836;5.76936;0.00134047;6.70234;0.0670234;0.0670234
2944;0.209014;-0.931636;5.76936;1.06836;5.76936;0.00134047;6.70234;0.0670234;0.0670234
2945;0.209014;-0.931636;5.76936;1.06836;5.76936;0.00134047;6.70234;0.0670234;0.0670234
2946;0.209014;-0.931636;5.76936;1.06836;5.76936;0.00134047;6.70234;0.0670234;0.0670234
2947;0.209014;-0.931636;5.76936;1.06836;5.76936;0.00134047;6.70234;0.0670234;0.0670234
2948;0.209014;-0.931636;5.76936;1.06836;5.76936;0.00134047;6.70234;0.0670234;0.0670234
2949;0.209014;-0.931636;5.76936;1.06836;5.76936;0.00134047;6.70234;0.0670234;0.0670234
2950;0.209014;-0.931636;5.76936;1.06836;5.76936;0.00134047;6.70234;0.0670234;0.0670234
2951;0.209014;-0.931636;5.76936;1.06836;5.76936;0.00134047;6.70234;0.0670234;0.0670234
2952;0.209014;-0.931636;5.76936;1.06836;5.76936;0.00134047;6.70234;0.0670234;0.0670234
2953;0.209014;-0.931636;5.76936;1.06836;5.76936;0.00134047;6.70234;0.0670234;0.0670234
2954;0.209014;-0.931636;5.76936;1.06836;5.76936;0.00134047;6.70234;0.0670234;0.0670234
2955;0.209014;-0.931636;5.76936;1.06836;5.76936;0.00134047;6.70234;0.0670234;0.0670234
2956;0.209014;-0.931636;5.76936;1.06836;5.76936;0.00134047;6.70234;0.0670234;0.0670234
2957;0.209014;-0.931636;5.76936;1.06836;5.76936;0.00134047;6.70234;0.0670234;0.0670234
2958;0.209014;-0.931636;5.76936;1.06836;5.76936;0.00134047;6.70234;0.0670234;0.0670234
2959;0.209014;-0.931636;5.76936;1.06836;5.76936;0.00134047;6.70234;0.0670234;0.0670234
2960;0.209014;-0.931636;5.76936;1.06836;5.76936;0.00134047;6.70234;0.0670234;0.0670234
2961;0.209014;-0.931636;5.76936;1.06836;5.76936;0.00134047;6.70234;0.0670234;0.0670234
2962;0.209014;-0.931636;5.76936;1.06836;5.76936;0.00134047;6.70234;0.0670234;0.0670234
2963;0.209014;-0.931636;5.76936;1.06836;5.76936;0.00134047;6.70234;0.0670234;0.0670234
2964;0.209014;-0.931636;5.76936;1.06836;5.76936;0.00134047;6.70234;0.0670234;0.0670234
2965;0.209014;-0.931636;5.76936;1.06836;5.76936;0.00134047;6.70234;0.0670234;0.0670234
2966;0.209014;-0.931636;5.76936;1.06836;5.76936;0.00134047;6.70234;0.0670234;0.0670234
2967;0.209014;-0.931636;5.76936;1.06836;5.76936;0.00134047;6.70234;0.0670234;0.0670234
2968;0.209014;-0.931636;5.76936;1.06836;5.76936;0.00134047;6.70234;0.0670234;0.0670234
2969;0.209014;-0.931636;5.76936;1.06836;5.76936;0.00134047;6.70234;0.0670234;0.0670234
2970;0.209014;-0.931636;5.76936;1.06836;5.76936;0.00134047;6.70234;0.0670234;0.0670234
2971;0.209014;-0.931636;5.76936;1.06836;5.76936;0.00134047;6.70234;0.0670234;0.0670234
2972;0.209014;-0.931636;5.76936;1.06836;5.76936;0.00134047;6.70234;0.0670234;0.0670234
2973;0.209014;-0.931636;5.76936;1.06836;5.76936;0.00134047;6.70234;0.0670234;0.0670234
2974;0.209014;-0.931636;5.76936;1.06836;5.76936;0.00134047;6.70234;0.0670234;0.0670234
2975;0.209014;-0.931636;5.76936;1.06836;5.76936;0.00134047;6.70234;0.0670234;0.0670234
2976;0.209014;-0.931636;5.76936;1.06836;5.76936;0.00134047;6.70234;0.0670234;0.0670234
2977;0.209014;-0.931636;5.76936;1.06836;5.76936;0.00134047;6.70234;0.0670234;0.0670234
2978;0.209014;-0.931636;5.76936;1.06836;5.76936;0.00134047;6.70234;0.0670234;0.0670234
2979;0.209014;-0.931636;5.76936;1.06836;5.76936;0.00134047;6.70234;0.0670234;0.0670234
2980;0.209014;-0.931636;5.76936;1.06836;5.76936;0.00134047;6.70234;0.0670234;0.0670234
2981;0.209014;-0.931636;5.76936;1.06836;5.76936;0.00134047;6.70234;0.0670234;0.0670234
2982;0.209014;-0.931636;5.76936;1.06836;5.76936;0.00134047;6.70234;0.0670234;0.0670234
2983;0.209014;-0.931636;5.76936;1.06836;5.76936;0.00134047;6.70234;0.0670234;0.0670234
2984;0.209014;-0.931636;5.76936;1.06836;5.76936;0.00134047;6.70234;0.0670234;0.0670234
2985;0.209014;-0.931636;5.76936;1.06836;5.76936;0.00134047;6.70234;0.0670234;0.0670234
2986;0.209014;-0.931636;5.76936;1.06836;5.76936;0.00134047;6.70234;0.0670234;0.0670234
2987;0.209014;-0.931636;5.76936;1.06836;5.76936;0.00134047;6.70234;0.0670234;0.0670234
2988;0.209014;-0.931636;5.76936;1.06836;5.76936;0.00134047;6.70234;0.0670234;0.0670234
2989;0.209014;-0.931636;5.76936;1.06836;5.76936;0.00134047;6.70234;0.0670234;0.0670234
2990;0.209014;-0.931636;5.76936;1.06836;5.76936;0.00134047;6.70234;0.0670234;0.0670234
2991;0.209014;-0.931636;5.76936;1.06836;5.76936;0.00134047;6.70234;0.0670234;0.0670234
2992;0.209014;-0.931636;5.76936;1.06836;5.76936;0.00134047;6.70234;0.0670234;0.0670234
2993;0.209014;-0.931636;5.76936;1.06836;5.76936;0.00134047;6.70234;0.0670234;0.0670234
2994;0.209014;-0.931636;5.76936;1.06836;5.76936;0.00134047;6.70234;0.0670234;0.0670234
2995;0.209014;-0.931636;5.76936;1.06836;5.76936;0.00134047;6.70234;0.0670234;0.0670234
2996;0.209014;-0.931636;5.76936;1.06836;5.76936;0.00134047;6.70234;0.0670234;0.0670234
2997;0.209014;-0.931636;5.76936;1.06836;5.76936;0.00134047;6.70234;0.0670234;0.0670234
2998;0.209014;-0.931636;5.76936;1.06836;5.76936;0.00134047;6.70234;0.0670234;0.0670234
2999;0.209014;-0.931636;5.76936;1.06836;5.76936;0.00134047;6.70234;0.0670234;0.0670234
3000;0.209014;-0.931636;5.76936;1.06836;5.76936;0.00134047;6.70234;0.0670234;0.0670234
3001;0.209014;-0.931636;5.76936;1.06836;5.76936;0.00134047;6.70234;0.0670234;0.0670234
3002;0.209014;-0.931636;5.76936;1.06836;5.76936;0.00134047;6.70234;0.0670234;0.0670234
3003;0.209014;-0.931636;5.76936;1.06836;5.76936;0.00134047;6.70234;0.0670234;0.0670234
3004;0.209014;-0.931636;5.76936;1.06836;5.76936;0.00134047;6.70234;0.0670234;0.0670234
3005;0.209014;-0.931636;5.76936;1.06836;5.76936;0.00134047;6.70234;0.0670234;0.0670234
3006;0.209014;-0.931636;5.76936;1.06836;5.76936;0.00134047;6.70234;0.0670234;0.0670234
3007;0.209014;-0.931636;5.76936;1.06836;5.76936;0.00134047;6.70234;0.0670234;0.0670234
3008;0.209014;-0.931636;5.76936;1.06836;5.76936;0.00134047;6.70234;0.0670234;0.0670234
3009;0.209014;-0.931636;5.76936;1.06836;5.76936;0.00134047;6.70234;0.0670234;0.0670234
3010;0.209014;-0.931636;5.76936;1.06836;5.76936;0.00134047;6.70234;0.0670234;0.0670234
3011;0.209014;-0.931636;5.76936;1.06836;5.76936;0.00134047;6.70234;0.0670234;0.0670234
3012;0.209014;-0.931636;5.76936;1.06836;5.76936;0.00134047;6.70234;0.0670234;0.0670234
3013;0.209014;-0.931636;5.76936;1.06836;5.76936;0.00134047;6.70234;0.0670234;0.0670234
3014;0.209014;-0.931636;5.76936;1.06836;5.76936;0.00134047;6.70234;0.0670234;0.0670234
3015;0.209014;-0.931636;5.76936;1.06836;5.76936;0.00134047;6.70234;0.0670234;0.0670234
3016;0.209014;-0.931636;5.76936;1.06836;5.76936;0.00134047;6.70234;0.0670234;0.0670234
3017;0.209014;-0.931636;5.76936;1.06836;5.76936;0.00134047;6.70234;0.0670234;0.0670234
3018;0.209014;-0.931636;5.76936;1.06836;5.76936;0.00134047;6.70234;0.0670234;0.0670234
3019;0.209014;-0.931636;5.76936;1.06836;5.76936;0.00134047;6.70234;0.0670234;0.0670234
3020;0.209014;-0.931636;5.76936;1.06836;5.76936;0.00134047;6.70234;0.0670234;0.0670234
3021;0.209014;-0.931636;5.76936;1.06836;5.76936;0.00134047;6.70234;0.0670234;0.0670234
3022;0.209014;-0.931636;5.76936;1.06836;5.76936;0.00134047;6.70234;0.0670234;0.0670234
3023;0.209014;-0.931636;5.76936;1.06836;5.76936;0.00134047;6.70234;0.0670234;0.0670234
3024;0.209014;-0.931636;5.76936;1.06836;5.76936;0.00134047;6.70234;0.0670234;0.0670234
3025;0.209014;-0.931636;5.76936;1.06836;5.76936;0.00134047;6.70234;0.0670234;0.0670234
3026;0.209014;-0.931636;5.76936;1.06836;5.76936;0.00134047;6.70234;0.0670234;0.0670234
3027;0.209014;-0.931636;5.76936;1.06836;5.76936;0.00134047;6.70234;0.0670234;0.0670234
3028;0.209014;-0.931636;5.76936;1.06836;5.76936;0.00134047;6.70234;0.0670234;0.0670234
3029;0.209014;-0.931636;5.76936;1.06836;5.76936;0.00134047;6.70234;0.0670234;0.0670234
3030;0.209014;-0.931636;5.76936;1.06836;5.76936;0.00134047;6.70234;0.0670234;0.0670234
3031;0.209014;-0.931636;5.76936;1.06836;5.76936;0.00134047;6.70234;0.0670234;0.0670234
3032;0.209014;-0.931636;5.76936;1.06836;5.76936;0.00134047;6.70234;0.0670234;0.0670234
3033;0.209014;-0.931636;5.76936;1.06836;5.76936;0.00134047;6.70234;0.0670234;0.0670234
3034;0.209014;-0.931636;5.76936;1.06836;5.76936;0.00134047;6.70234;0.0670234;0.0670234
3035;0.209014;-0.931636;5.76936;1.06836;5.76936;0.00134047;6.70234;0.0670234;0.0670234
3036;0.209014;-0.931636;5.76936;1.06836;5.76936;0.00134047;6.70234;0.0670234;0.0670234
3037;0.209014;-0.931636;5.76936;1.06836;5.76936;0.00134047;6.70234;0.0670234;0.0670234
3038;0.209014;-0.931636;5.76936;1.06836;5.76936;0.00134047;6.70234;0.0670234;0.0670234
3039;0.209014;-0.931636;5.76936;1.06836;5.76936;0.00134047;6.70234;0.0670234;0.0670234
3040;0.209014;-0.931636;5.76936;1.06836;5.76936;0.00134047;6.70234;0.0670234;0.0670234
3041;0.209014;-0.931636;5.76936;1.06836;5.76936;0.00134047;6.70234;0.0670234;0.0670234
3042;0.209014;-0.931636;5.76936;1.06836;5.76936;0.00134047;6.70234;0.0670234;0.0670234
3043;0.209014;-0.931636;5.76936;1.06836;5.76936;0.00134047;6.70234;0.0670234;0.0670234
3044;0.209014;-0.931636;5.76936;1.06836;5.76936;0.00134047;6.70234;0.0670234;0.0670234
3045;0.209014;-0.931636;5.76936;1.06836;5.76936;0.00134047;6.70234;0.0670234;0.0670234
3046;0.209014;-0.931636;5.76936;1.06836;5.76936;0.00134047;6.70234;0.0670234;0.0670234
3047;0.209014;-0.931636;5.76936;1.06836;5.76936;0.00134047;6.70234;0.0670234;0.0670234
3048;0.209014;-0.931636;5.76936;1.06836;5.76936;0.00134047;6.70234;0.0670234;0.0670234
3049;0.209014;-0.931636;5.76936;1.06836;5.76936;0.00134047;6.70234;0.0670234;0.0670234
3050;0.209014;-0.931636;5.76936;1.06836;5.76936;0.00134047;6.70234;0.0670234;0.0670234
3051;0.209014;-0.931636;5.76936;1.06836;5.76936;0.00134047;6.70234;0.0670234;0.0670234
3052;0.209014;-0.931636;5.76936;1.06836;5.76936;0.00134047;6.70234;0.0670234;0.0670234
3053;0.209014;-0.931636;5.76936;1.06836;5.76936;0.00134047;6.70234;0.0670234;0.0670234
3054;0.209014;-0.931636;5.76936;1.06836;5.76936;0.00134047;6.70234;0.0670234;0.0670234
3055;0.209014;-0.931636;5.76936;1.06836;5.76936;0.00134047;6.70234;0.0670234;0.0670234
3056;0.209014;-0.931636;5.76936;1.06836;5.76936;0.00134047;6.70234;0.0670234;0.0670234
3057;0.209014;-0.931636;5.76936;1.06836;5.76936;0.00134047;6.70234;0.0670234;0.0670234
3058;0.209014;-0.931636;5.76936;1.06836;5.76936;0.00134047;6.70234;0.0670234;0.0670234
3059;0.209014;-0.931636;5.76936;1.06836;5.76936;0.00134047;6.70234;0.0670234;0.0670234
3060;0.209014;-0.931636;5.76936;1.06836;5.76936;0.00134047;6.70234;0.0670234;0.0670234
3061;0.209014;-0.931636;5.76936;1.06836;5.76936;0.00134047;6.70234;0.0670234;0.0670234
3062;0.209014;-0.931636;5.76936;1.06836;5.76936;0.00134047;6.70234;0.0670234;0.0670234
3063;0.209014;-0.931636;5.76936;1.06836;5.76936;0.00134047;6.70234;0.0670234;0.0670234
3064;0.209014;-0.931636;5.76936;1.06836;5.76936;0.00134047;6.70234;0.0670234;0.0670234
3065;0.209014;-0.931636;5.76936;1.06836;5.76936;0.00134047;6.70234;0.0670234;0.0670234
3066;0.209014;-0.931636;5.76936;1.06836;5.76936;0.00134047;6.70234;0.0670234;0.0670234
3067;0.209014;-0.931636;5.76936;1.06836;5.76936;0.00134047;6.70234;0.0670234;0.0670234
3068;0.209014;-0.931636;5.76936;1.06836;5.76936;0.00134047;6.70234;0.0670234;0.0670234
3069;0.209014;-0.931636;5.76936;1.06836;5.76936;0.00134047;6.70234;0.0670234;0.0670234
3070;0.209014;-0.931636;5.76936;1.06836;5.76936;0.00134047;6.70234;0.0670234;0.0670234
3071;0.209014;-0.931636;5.76936;1.06836;5.76936;0.00134047;6.70234;0.0670234;0.0670234
3072;0.209014;-0.931636;5.76936;1.06836;5.76936;0.00134047;6.70234;0.0670234;0.0670234
3073;0.209014;-0.931636;5.76936;1.06836;5.76936;0.00134047;6.70234;0.0670234;0.0670234
3074;0.209014;-0.931636;5.76936;1.06836;5.76936;0.00134047;6.70234;0.0670234;0.0670234
3075;0.209014;-0.931636;5.76936;1.06836;5.76936;0.00134047;6.70234;0.0670234;0.0670234
3076;0.209014;-0.931636;5.76936;1.06836;5.76936;0.00134047;6.70234;0.0670234;0.0670234
3077;0.209014;-0.931636;5.76936;1.06836;5.76936;0.00134047;6.70234;0.0670234;0.0670234
3078;0.209014;-0.931636;5.76936;1.06836;5.76936;0.00134047;6.70234;0.0670234;0.0670234
3079;0.209014;-0.931636;5.76936;1.06836;5.76936;0.00134047;6.70234;0.0670234;0.0670234
3080;0.209014;-0.931636;5.76936;1.06836;5.76936;0.00134047;6.70234;0.0670234;0.0670234
3081;0.209014;-0.931636;5.76936;1.06836;5.76936;0.00134047;6.70234;0.0670234;0.0670234
3082;0.209014;-0.931636;5.76936;1.06836;5.76936;0.00134047;6.70234;0.0670234;0.0670234
3083;0.209014;-0.931636;5.76936;1.06836;5.76936;0.00134047;6.70234;0.0670234;0.0670234
3084;0.209014;-0.931636;5.76936;1.06836;5.76936;0.00134047;6.70234;0.0670234;0.0670234
3085;0.209014;-0.931636;5.76936;1.06836;5.76936;0.00134047;6.70234;0.0670234;0.0670234
3086;0.209014;-0.931636;5.76936;1.06836;5.76936;0.00134047;6.70234;0.0670234;0.0670234
3087;0.209014;-0.931636;5.76936;1.06836;5.76936;0.00134047;6.70234;0.0670234;0.0670234
3088;0.209014;-0.931636;5.76936;1.06836;5.76936;0.00134047;6.70234;0.0670234;0.0670234
3089;0.209014;-0.931636;5.76936;1.06836;5.76936;0.00134047;6.70234;0.0670234;0.0670234
3090;0.209014;-0.931636;5.76936;1.06836;5.76936;0.00134047;6.70234;0.0670234;0.0670234
3091;0.209014;-0.931636;5.76936;1.06836;5.76936;0.00134047;6.70234;0.0670234;0.0670234
3092;0.209014;-0.931636;5.76936;1.06836;5.76936;0.00134047;6.70234;0.0670234;0.0670234
3093;0.209014;-0.931636;5.76936;1.06836;5.76936;0.00134047;6.70234;0.0670234;0.0670234
3094;0.209014;-0.931636;5.76936;1.06836;5.76936;0.00134047;6.70234;0.0670234;0.0670234
3095;0.209014;-0.931636;5.76936;1.06836;5.76936;0.00134047;6.70234;0.0670234;0.0670234
3096;0.209014;-0.931636;5.76936;1.06836;5.76936;0.00134047;6.70234;0.0670234;0.0670234
3097;0.209014;-0.931636;5.76936;1.06836;5.76936;0.00134047;6.70234;0.0670234;0.0670234
3098;0.209014;-0.931636;5.76936;1.06836;5.76936;0.00134047;6.70234;0.0670234;0.0670234
3099;0.209014;-0.931636;5.76936;1.06836;5.76936;0.00134047;6.70234;0.0670234;0.0670234
3100;0.209014;-0.931636;5.76936;1.06836;5.76936;0.00134047;6.70234;0.0670234;0.0670234
3101;0.209014;-0.931636;5.76936;1.06836;5.76936;0.00134047;6.70234;0.0670234;0.0670234
3102;0.209014;-0.931636;5.76936;1.06836;5.76936;0.00134047;6.70234;0.0670234;0.0670234
3103;0.209014;-0.931636;5.76936;1.06836;5.76936;0.00134047;6.70234;0.0670234;0.0670234
3104;0.209014;-0.931636;5.76936;1.06836;5.76936;0.00134047;6.70234;0.0670234;0.0670234
3105;0.209014;-0.931636;5.76936;1.06836;5.76936;0.00134047;6.70234;0.0670234;0.0670234
3106;0.209014;-0.931636;5.76936;1.06836;5.76936;0.00134047;6.70234;0.0670234;0.0670234
3107;0.209014;-0.931636;5.76936;1.06836;5.76936;0.00134047;6.70234;0.0670234;0.0670234
3108;0.209014;-0.931636;5.76936;1.06836;5.76936;0.00134047;6.70234;0.0670234;0.0670234
3109;0.209014;-0.931636;5.76936;1.06836;5.76936;0.00134047;6.70234;0.0670234;0.0670234
3110;0.209014;-0.931636;5.76936;1.06836;5.76936;0.00134047;6.70234;0.0670234;0.0670234
3111;0.209014;-0.931636;5.76936;1.06836;5.76936;0.00134047;6.70234;0.0670234;0.0670234
3112;0.209014;-0.931636;5.76936;1.06836;5.76936;0.00134047;6.70234;0.0670234;0.0670234
3113;0.209014;-0.931636;5.76936;1.06836;5.76936;0.00134047;6.70234;0.0670234;0.0670234
3114;0.209014;-0.931636;5.76936;1.06836;5.76936;0.00134047;6.70234;0.0670234;0.0670234
3115;0.209014;-0.931636;5.76936;1.06836;5.76936;0.00134047;6.70234;0.0670234;0.0670234
3116;0.209014;-0.931636;5.76936;1.06836;5.76936;0.00134047;6.70234;0.0670234;0.0670234
3117;0.209014;-0.931636;5.76936;1.06836;5.76936;0.00134047;6.70234;0.0670234;0.0670234
3118;0.209014;-0.931636;5.76936;1.06836;5.76936;0.00134047;6.70234;0.0670234;0.0670234
3119;0.209014;-0.931636;5.76936;1.06836;5.76936;0.00134047;6.70234;0.0670234;0.0670234
3120;0.209014;-0.931636;5.76936;1.06836;5.76936;0.00134047;6.70234;0.0670234;0.0670234
3121;0.209014;-0.931636;5.76936;1.06836;5.76936;0.00134047;6.70234;0.0670234;0.0670234
3122;0.209014;-0.931636;5.76936;1.06836;5.76936;0.00134047;6.70234;0.0670234;0.0670234
3123;0.209014;-0.931636;5.76936;1.06836;5.76936;0.00134047;6.70234;0.0670234;0.0670234
3124;0.209014;-0.931636;5.76936;1.06836;5.76936;0.00134047;6.70234;0.0670234;0.0670234
3125;0.209014;-0.931636;5.76936;1.06836;5.76936;0.00134047;6.70234;0.0670234;0.0670234
3126;0.209014;-0.931636;5.76936;1.06836;5.76936;0.00134047;6.70234;0.0670234;0.0670234
3127;0.209014;-0.931636;5.76936;1.06836;5.76936;0.00134047;6.70234;0.0670234;0.0670234
3128;0.209014;-0.931636;5.76936;1.06836;5.76936;0.00134047;6.70234;0.0670234;0.0670234
3129;0.209014;-0.931636;5.76936;1.06836;5.76936;0.00134047;6.70234;0.0670234;0.0670234
3130;0.209014;-0.931636;5.76936;1.06836;5.76936;0.00134047;6.70234;0.0670234;0.0670234
3131;0.209014;-0.931636;5.76936;1.06836;5.76936;0.00134047;6.70234;0.0670234;0.0670234
3132;0.209014;-0.931636;5.76936;1.06836;5.76936;0.00134047;6.70234;0.0670234;0.0670234
3133;0.209014;-0.931636;5.76936;1.06836;5.76936;0.00134047;6.70234;0.0670234;0.0670234
3134;0.209014;-0.931636;5.76936;1.06836;5.76936;0.00134047;6.70234;0.0670234;0.0670234
3135;0.209014;-0.931636;5.76936;1.06836;5.76936;0.00134047;6.70234;0.0670234;0.0670234
3136;0.209014;-0.931636;5.76936;1.06836;5.76936;0.00134047;6.70234;0.0670234;0.0670234
3137;0.209014;-0.931636;5.76936;1.06836;5.76936;0.00134047;6.70234;0.0670234;0.0670234
3138;0.209014;-0.931636;5.76936;1.06836;5.76936;0.00134047;6.70234;0.0670234;0.0670234
3139;0.209014;-0.931636;5.76936;1.06836;5.76936;0.00134047;6.70234;0.0670234;0.0670234
3140;0.209014;-0.931636;5.76936;1.06836;5.76936;0.00134047;6.70234;0.0670234;0.0670234
3141;0.209014;-0.931636;5.76936;1.06836;5.76936;0.00134047;6.70234;0.0670234;0.0670234
3142;0.209014;-0.931636;5.76936;1.06836;5.76936;0.00134047;6.70234;0.0670234;0.0670234
3143;0.209014;-0.931636;5.76936;1.06836;5.76936;0.00134047;6.70234;0.0670234;0.0670234
3144;0.209014;-0.931636;5.76936;1.06836;5.76936;0.00134047;6.70234;0.0670234;0.0670234
3145;0.209014;-0.931636;5.76936;1.06836;5.76936;0.00134047;6.70234;0.0670234;0.0670234
3146;0.209014;-0.931636;5.76936;1.06836;5.76936;0.00134047;6.70234;0.0670234;0.0670234
3147;0.209014;-0.931636;5.76936;1.06836;5.76936;0.00134047;6.70234;0.0670234;0.0670234
3148;0.209014;-0.931636;5.76936;1.06836;5.76936;0.00134047;6.70234;0.0670234;0.0670234
3149;0.209014;-0.931636;5.76936;1.06836;5.76936;0.00134047;6.70234;0.0670234;0.0670234
3150;0.209014;-0.931636;5.76936;1.06836;5.76936;0.00134047;6.70234;0.0670234;0.0670234
3151;0.209014;-0.931636;5.76936;1.06836;5.76936;0.00134047;6.70234;0.0670234;0.0670234
3152;0.209014;-0.931636;5.76936;1.06836;5.76936;0.00134047;6.70234;0.0670234;0.0670234
3153;0.209014;-0.931636;5.76936;1.06836;5.76936;0.00134047;6.70234;0.0670234;0.0670234
3154;0.209014;-0.931636;5.76936;1.06836;5.76936;0.00134047;6.70234;0.0670234;0.0670234
3155;0.209014;-0.931636;5.76936;1.06836;5.76936;0.00134047;6.70234;0.0670234;0.0670234
3156;0.209014;-0.931636;5.76936;1.06836;5.76936;0.00134047;6.70234;0.0670234;0.0670234
3157;0.209014;-0.931636;5.76936;1.06836;5.76936;0.00134047;6.70234;0.0670234;0.0670234
3158;0.209014;-0.931636;5.76936;1.06836;5.76936;0.00134047;6.70234;0.0670234;0.0670234
3159;0.209014;-0.931636;5.76936;1.06836;5.76936;0.00134047;6.70234;0.0670234;0.0670234
3160;0.209014;-0.931636;5.76936;1.06836;5.76936;0.00134047;6.70234;0.0670234;0.0670234
3161;0.209014;-0.931636;5.76936;1.06836;5.76936;0.00134047;6.70234;0.0670234;0.0670234
3162;0.209014;-0.931636;5.76936;1.06836;5.76936;0.00134047;6.70234;0.0670234;0.0670234
3163;0.209014;-0.931636;5.76936;1.06836;5.76936;0.00134047;6.70234;0.0670234;0.0670234
3164;0.209014;-0.931636;5.76936;1.06836;5.76936;0.00134047;6.70234;0.0670234;0.0670234
3165;0.209014;-0.931636;5.76936;1.06836;5.76936;0.00134047;6.70234;0.0670234;0.0670234
3166;0.209014;-0.931636;5.76936;1.06836;5.76936;0.00134047;6.70234;0.0670234;0.0670234
3167;0.209014;-0.931636;5.76936;1.06836;5.76936;0.00134047;6.70234;0.0670234;0.0670234
3168;0.209014;-0.931636;5.76936;1.06836;5.76936;0.00134047;6.70234;0.0670234;0.0670234
3169;0.209014;-0.931636;5.76936;1.06836;5.76936;0.00134047;6.70234;0.0670234;0.0670234
3170;0.209014;-0.931636;5.76936;1.06836;5.76936;0.00134047;6.70234;0.0670234;0.0670234
3171;0.209014;-0.931636;5.76936;1.06836;5.76936;0.00134047;6.70234;0.0670234;0.0670234
3172;0.209014;-0.931636;5.76936;1.06836;5.76936;0.00134047;6.70234;0.0670234;0.0670234
3173;0.209014;-0.931636;5.76936;1.06836;5.76936;0.00134047;6.70234;0.0670234;0.0670234
3174;0.209014;-0.931636;5.76936;1.06836;5.76936;0.00134047;6.70234;0.0670234;0.0670234
3175;0.209014;-0.931636;5.76936;1.06836;5.76936;0.00134047;6.70234;0.0670234;0.0670234
3176;0.209014;-0.931636;5.76936;1.06836;5.76936;0.00134047;6.70234;0.0670234;0.0670234
3177;0.209014;-0.931636;5.76936;1.06836;5.76936;0.00134047;6.70234;0.0670234;0.0670234
3178;0.209014;-0.931636;5.76936;1.06836;5.76936;0.00134047;6.70234;0.0670234;0.0670234
3179;0.209014;-0.931636;5.76936;1.06836;5.76936;0.00134047;6.70234;0.0670234;0.0670234
3180;0.209014;-0.931636;5.76936;1.06836;5.76936;0.00134047;6.70234;0.0670234;0.0670234
3181;0.209014;-0.931636;5.76936;1.06836;5.76936;0.00134047;6.70234;0.0670234;0.0670234
3182;0.209014;-0.931636;5.76936;1.06836;5.76936;0.00134047;6.70234;0.0670234;0.0670234
3183;0.209014;-0.931636;5.76936;1.06836;5.76936;0.00134047;6.70234;0.0670234;0.0670234
3184;0.209014;-0.931636;5.76936;1.06836;5.76936;0.00134047;6.70234;0.0670234;0.0670234
3185;0.209014;-0.931636;5.76936;1.06836;5.76936;0.00134047;6.70234;0.0670234;0.0670234
3186;0.209014;-0.931636;5.76936;1.06836;5.76936;0.00134047;6.70234;0.0670234;0.0670234
3187;0.209014;-0.931636;5.76936;1.06836;5.76936;0.00134047;6.70234;0.0670234;0.0670234
3188;0.209014;-0.931636;5.76936;1.06836;5.76936;0.00134047;6.70234;0.0670234;0.0670234
3189;0.209014;-0.931636;5.76936;1.06836;5.76936;0.00134047;6.70234;0.0670234;0.0670234
3190;0.209014;-0.931636;5.76936;1.06836;5.76936;0.00134047;6.70234;0.0670234;0.0670234
3191;0.209014;-0.931636;5.76936;1.06836;5.76936;0.00134047;6.70234;0.0670234;0.0670234
3192;0.209014;-0.931636;5.76936;1.06836;5.76936;0.00134047;6.70234;0.0670234;0.0670234
3193;0.209014;-0.931636;5.76936;1.06836;5.76936;0.00134047;6.70234;0.0670234;0.0670234
3194;0.209014;-0.931636;5.76936;1.06836;5.76936;0.00134047;6.70234;0.0670234;0.0670234
3195;0.209014;-0.931636;5.76936;1.06836;5.76936;0.00134047;6.70234;0.0670234;0.0670234
3196;0.209014;-0.931636;5.76936;1.06836;5.76936;0.00134047;6.70234;0.0670234;0.0670234
3197;0.209014;-0.931636;5.76936;1.06836;5.76936;0.00134047;6.70234;0.0670234;0.0670234
3198;0.209014;-0.931636;5.76936;1.06836;5.76936;0.00134047;6.70234;0.0670234;0.0670234
3199;0.209014;-0.931636;5.76936;1.06836;5.76936;0.00134047;6.70234;0.0670234;0.0670234
3200;0.209014;-0.931636;5.76936;1.06836;5.76936;0.00134047;6.70234;0.0670234;0.0670234
3201;0.209014;-0.931636;5.76936;1.06836;5.76936;0.00134047;6.70234;0.0670234;0.0670234
3202;0.209014;-0.931636;5.76936;1.06836;5.76936;0.00134047;6.70234;0.0670234;0.0670234
3203;0.209014;-0.931636;5.76936;1.06836;5.76936;0.00134047;6.70234;0.0670234;0.0670234
3204;0.209014;-0.931636;5.76936;1.06836;5.76936;0.00134047;6.70234;0.0670234;0.0670234
3205;0.209014;-0.931636;5.76936;1.06836;5.76936;0.00134047;6.70234;0.0670234;0.0670234
3206;0.209014;-0.931636;5.76936;1.06836;5.76936;0.00134047;6.70234;0.0670234;0.0670234
3207;0.209014;-0.931636;5.76936;1.06836;5.76936;0.00134047;6.70234;0.0670234;0.0670234
3208;0.209014;-0.931636;5.76936;1.06836;5.76936;0.00134047;6.70234;0.0670234;0.0670234
3209;0.209014;-0.931636;5.76936;1.06836;5.76936;0.00134047;6.70234;0.0670234;0.0670234
3210;0.209014;-0.931636;5.76936;1.06836;5.76936;0.00134047;6.70234;0.0670234;0.0670234
3211;0.209014;-0.931636;5.76936;1.06836;5.76936;0.00134047;6.70234;0.0670234;0.0670234
3212;0.209014;-0.931636;5.76936;1.06836;5.76936;0.00134047;6.70234;0.0670234;0.0670234
3213;0.209014;-0.931636;5.76936;1.06836;5.76936;0.00134047;6.70234;0.0670234;0.0670234
3214;0.209014;-0.931636;5.76936;1.06836;5.76936;0.00134047;6.70234;0.0670234;0.0670234
3215;0.209014;-0.931636;5.76936;1.06836;5.76936;0.00134047;6.70234;0.0670234;0.0670234
3216;0.209014;-0.931636;5.76936;1.06836;5.76936;0.00134047;6.70234;0.0670234;0.0670234
3217;0.209014;-0.931636;5.76936;1.06836;5.76936;0.00134047;6.70234;0.0670234;0.0670234
3218;0.209014;-0.931636;5.76936;1.06836;5.76936;0.00134047;6.70234;0.0670234;0.0670234
3219;0.209014;-0.931636;5.76936;1.06836;5.76936;0.00134047;6.70234;0.0670234;0.0670234
3220;0.209014;-0.931636;5.76936;1.06836;5.76936;0.00134047;6.70234;0.0670234;0.0670234
3221;0.209014;-0.931636;5.76936;1.06836;5.76936;0.00134047;6.70234;0.0670234;0.0670234
3222;0.209014;-0.931636;5.76936;1.06836;5.76936;0.00134047;6.70234;0.0670234;0.0670234
3223;0.209014;-0.931636;5.76936;1.06836;5.76936;0.00134047;6.70234;0.0670234;0.0670234
3224;0.209014;-0.931636;5.76936;1.06836;5.76936;0.00134047;6.70234;0.0670234;0.0670234
3225;0.209014;-0.931636;5.76936;1.06836;5.76936;0.00134047;6.70234;0.0670234;0.0670234
3226;0.209014;-0.931636;5.76936;1.06836;5.76936;0.00134047;6.70234;0.0670234;0.0670234
3227;0.209014;-0.931636;5.76936;1.06836;5.76936;0.00134047;6.70234;0.0670234;0.0670234
3228;0.209014;-0.931636;5.76936;1.06836;5.76936;0.00134047;6.70234;0.0670234;0.0670234
3229;0.209014;-0.931636;5.76936;1.06836;5.76936;0.00134047;6.70234;0.0670234;0.0670234
3230;0.209014;-0.931636;5.76936;1.06836;5.76936;0.00134047;6.70234;0.0670234;0.0670234
3231;0.209014;-0.931636;5.76936;1.06836;5.76936;0.00134047;6.70234;0.0670234;0.0670234
3232;0.209014;-0.931636;5.76936;1.06836;5.76936;0.00134047;6.70234;0.0670234;0.0670234
3233;0.209014;-0.931636;5.76936;1.06836;5.76936;0.00134047;6.70234;0.0670234;0.0670234
3234;0.209014;-0.931636;5.76936;1.06836;5.76936;0.00134047;6.70234;0.0670234;0.0670234
3235;0.209014;-0.931636;5.76936;1.06836;5.76936;0.00134047;6.70234;0.0670234;0.0670234
3236;0.209014;-0.931636;5.76936;1.06836;5.76936;0.00134047;6.70234;0.0670234;0.0670234
3237;0.209014;-0.931636;5.76936;1.06836;5.76936;0.00134047;6.70234;0.0670234;0.0670234
3238;0.209014;-0.931636;5.76936;1.06836;5.76936;0.00134047;6.70234;0.0670234;0.0670234
3239;0.209014;-0.931636;5.76936;1.06836;5.76936;0.00134047;6.70234;0.0670234;0.0670234
3240;0.209014;-0.931636;5.76936;1.06836;5.76936;0.00134047;6.70234;0.0670234;0.0670234
3241;0.209014;-0.931636;5.76936;1.06836;5.76936;0.00134047;6.70234;0.0670234;0.0670234
3242;0.209014;-0.931636;5.76936;1.06836;5.76936;0.00134047;6.70234;0.0670234;0.0670234
3243;0.209014;-0.931636;5.76936;1.06836;5.76936;0.00134047;6.70234;0.0670234;0.0670234
3244;0.209014;-0.931636;5.76936;1.06836;5.76936;0.00134047;6.70234;0.0670234;0.0670234
3245;0.209014;-0.931636;5.76936;1.06836;5.76936;0.00134047;6.70234;0.0670234;0.0670234
3246;0.209014;-0.931636;5.76936;1.06836;5.76936;0.00134047;6.70234;0.0670234;0.0670234
3247;0.209014;-0.931636;5.76936;1.06836;5.76936;0.00134047;6.70234;0.0670234;0.0670234
3248;0.209014;-0.931636;5.76936;1.06836;5.76936;0.00134047;6.70234;0.0670234;0.0670234
3249;0.209014;-0.931636;5.76936;1.06836;5.76936;0.00134047;6.70234;0.0670234;0.0670234
3250;0.209014;-0.931636;5.76936;1.06836;5.76936;0.00134047;6.70234;0.0670234;0.0670234
3251;0.209014;-0.931636;5.76936;1.06836;5.76936;0.00134047;6.70234;0.0670234;0.0670234
3252;0.209014;-0.931636;5.76936;1.06836;5.76936;0.00134047;6.70234;0.0670234;0.0670234
3253;0.209014;-0.931636;5.76936;1.06836;5.76936;0.00134047;6.70234;0.0670234;0.0670234
3254;0.209014;-0.931636;5.76936;1.06836;5.76936;0.00134047;6.70234;0.0670234;0.0670234
3255;0.209014;-0.931636;5.76936;1.06836;5.76936;0.00134047;6.70234;0.0670234;0.0670234
3256;0.209014;-0.931636;5.76936;1.06836;5.76936;0.00134047;6.70234;0.0670234;0.0670234
3257;0.209014;-0.931636;5.76936;1.06836;5.76936;0.00134047;6.70234;0.0670234;0.0670234
3258;0.209014;-0.931636;5.76936;1.06836;5.76936;0.00134047;6.70234;0.0670234;0.0670234
3259;0.209014;-0.931636;5.76936;1.06836;5.76936;0.00134047;6.70234;0.0670234;0.0670234
3260;0.209014;-0.931636;5.76936;1.06836;5.76936;0.00134047;6.70234;0.0670234;0.0670234
3261;0.209014;-0.931636;5.76936;1.06836;5.76936;0.00134047;6.70234;0.0670234;0.0670234
3262;0.209014;-0.931636;5.76936;1.06836;5.76936;0.00134047;6.70234;0.0670234;0.0670234
3263;0.209014;-0.931636;5.76936;1.06836;5.76936;0.00134047;6.70234;0.0670234;0.0670234
3264;0.209014;-0.931636;5.76936;1.06836;5.76936;0.00134047;6.70234;0.0670234;0.0670234
3265;0.209014;-0.931636;5.76936;1.06836;5.76936;0.00134047;6.70234;0.0670234;0.0670234
3266;0.209014;-0.931636;5.76936;1.06836;5.76936;0.00134047;6.70234;0.0670234;0.0670234
3267;0.209014;-0.931636;5.76936;1.06836;5.76936;0.00134047;6.70234;0.0670234;0.0670234
3268;0.209014;-0.931636;5.76936;1.06836;5.76936;0.00134047;6.70234;0.0670234;0.0670234
3269;0.209014;-0.931636;5.76936;1.06836;5.76936;0.00134047;6.70234;0.0670234;0.0670234
3270;0.209014;-0.931636;5.76936;1.06836;5.76936;0.00134047;6.70234;0.0670234;0.0670234
3271;0.209014;-0.931636;5.76936;1.06836;5.76936;0.00134047;6.70234;0.0670234;0.0670234
3272;0.209014;-0.931636;5.76936;1.06836;5.76936;0.00134047;6.70234;0.0670234;0.0670234
3273;0.209014;-0.931636;5.76936;1.06836;5.76936;0.00134047;6.70234;0.0670234;0.0670234
3274;0.209014;-0.931636;5.76936;1.06836;5.76936;0.00134047;6.70234;0.0670234;0.0670234
3275;0.209014;-0.931636;5.76936;1.06836;5.76936;0.00134047;6.70234;0.0670234;0.0670234
3276;0.209014;-0.931636;5.76936;1.06836;5.76936;0.00134047;6.70234;0.0670234;0.0670234
3277;0.209014;-0.931636;5.76936;1.06836;5.76936;0.00134047;6.70234;0.0670234;0.0670234
3278;0.209014;-0.931636;5.76936;1.06836;5.76936;0.00134047;6.70234;0.0670234;0.0670234
3279;0.209014;-0.931636;5.76936;1.06836;5.76936;0.00134047;6.70234;0.0670234;0.0670234
3280;0.209014;-0.931636;5.76936;1.06836;5.76936;0.00134047;6.70234;0.0670234;0.0670234
3281;0.209014;-0.931636;5.76936;1.06836;5.76936;0.00134047;6.70234;0.0670234;0.0670234
3282;0.209014;-0.931636;5.76936;1.06836;5.76936;0.00134047;6.70234;0.0670234;0.0670234
3283;0.209014;-0.931636;5.76936;1.06836;5.76936;0.00134047;6.70234;0.0670234;0.0670234
3284;0.209014;-0.931636;5.76936;1.06836;5.76936;0.00134047;6.70234;0.0670234;0.0670234
3285;0.209014;-0.931636;5.76936;1.06836;5.76936;0.00134047;6.70234;0.0670234;0.0670234
3286;0.209014;-0.931636;5.76936;1.06836;5.76936;0.00134047;6.70234;0.0670234;0.0670234
3287;0.209014;-0.931636;5.76936;1.06836;5.76936;0.00134047;6.70234;0.0670234;0.0670234
3288;0.209014;-0.931636;5.76936;1.06836;5.76936;0.00134047;6.70234;0.0670234;0.0670234
3289;0.209014;-0.931636;5.76936;1.06836;5.76936;0.00134047;6.70234;0.0670234;0.0670234
3290;0.209014;-0.931636;5.76936;1.06836;5.76936;0.00134047;6.70234;0.0670234;0.0670234
3291;0.209014;-0.931636;5.76936;1.06836;5.76936;0.00134047;6.70234;0.0670234;0.0670234
3292;0.209014;-0.931636;5.76936;1.06836;5.76936;0.00134047;6.70234;0.0670234;0.0670234
3293;0.209014;-0.931636;5.76936;1.06836;5.76936;0.00134047;6.70234;0.0670234;0.0670234
3294;0.209014;-0.931636;5.76936;1.06836;5.76936;0.00134047;6.70234;0.0670234;0.0670234
3295;0.209014;-0.931636;5.76936;1.06836;5.76936;0.00134047;6.70234;0.0670234;0.0670234
3296;0.209014;-0.931636;5.76936;1.06836;5.76936;0.00134047;6.70234;0.0670234;0.0670234
3297;0.209014;-0.931636;5.76936;1.06836;5.76936;0.00134047;6.70234;0.0670234;0.0670234
3298;0.209014;-0.931636;5.76936;1.06836;5.76936;0.00134047;6.70234;0.0670234;0.0670234
3299;0.209014;-0.931636;5.76936;1.06836;5.76936;0.00134047;6.70234;0.0670234;0.0670234
3300;0.209014;-0.931636;5.76936;1.06836;5.76936;0.00134047;6.70234;0.0670234;0.0670234
3301;0.209014;-0.931636;5.76936;1.06836;5.76936;0.00134047;6.70234;0.0670234;0.0670234
3302;0.209014;-0.931636;5.76936;1.06836;5.76936;0.00134047;6.70234;0.0670234;0.0670234
3303;0.209014;-0.931636;5.76936;1.06836;5.76936;0.00134047;6.70234;0.0670234;0.0670234
3304;0.209014;-0.931636;5.76936;1.06836;5.76936;0.00134047;6.70234;0.0670234;0.0670234
3305;0.209014;-0.931636;5.76936;1.06836;5.76936;0.00134047;6.70234;0.0670234;0.0670234
3306;0.209014;-0.931636;5.76936;1.06836;5.76936;0.00134047;6.70234;0.0670234;0.0670234
3307;0.209014;-0.931636;5.76936;1.06836;5.76936;0.00134047;6.70234;0.0670234;0.0670234
3308;0.209014;-0.931636;5.76936;1.06836;5.76936;0.00134047;6.70234;0.0670234;0.0670234
3309;0.209014;-0.931636;5.76936;1.06836;5.76936;0.00134047;6.70234;0.0670234;0.0670234
3310;0.209014;-0.931636;5.76936;1.06836;5.76936;0.00134047;6.70234;0.0670234;0.0670234
3311;0.209014;-0.931636;5.76936;1.06836;5.76936;0.00134047;6.70234;0.0670234;0.0670234
3312;0.209014;-0.931636;5.76936;1.06836;5.76936;0.00134047;6.70234;0.0670234;0.0670234
3313;0.209014;-0.931636;5.76936;1.06836;5.76936;0.00134047;6.70234;0.0670234;0.0670234
3314;0.209014;-0.931636;5.76936;1.06836;5.76936;0.00134047;6.70234;0.0670234;0.0670234
3315;0.209014;-0.931636;5.76936;1.06836;5.76936;0.00134047;6.70234;0.0670234;0.0670234
3316;0.209014;-0.931636;5.76936;1.06836;5.76936;0.00134047;6.70234;0.0670234;0.0670234
3317;0.209014;-0.931636;5.76936;1.06836;5.76936;0.00134047;6.70234;0.0670234;0.0670234
3318;0.209014;-0.931636;5.76936;1.06836;5.76936;0.00134047;6.70234;0.0670234;0.0670234
3319;0.209014;-0.931636;5.76936;1.06836;5.76936;0.00134047;6.70234;0.0670234;0.0670234
3320;0.209014;-0.931636;5.76936;1.06836;5.76936;0.00134047;6.70234;0.0670234;0.0670234
3321;0.209014;-0.931636;5.76936;1.06836;5.76936;0.00134047;6.70234;0.0670234;0.0670234
3322;0.209014;-0.931636;5.76936;1.06836;5.76936;0.00134047;6.70234;0.0670234;0.0670234
3323;0.209014;-0.931636;5.76936;1.06836;5.76936;0.00134047;6.70234;0.0670234;0.0670234
3324;0.209014;-0.931636;5.76936;1.06836;5.76936;0.00134047;6.70234;0.0670234;0.0670234
3325;0.209014;-0.931636;5.76936;1.06836;5.76936;0.00134047;6.70234;0.0670234;0.0670234
3326;0.209014;-0.931636;5.76936;1.06836;5.76936;0.00134047;6.70234;0.0670234;0.0670234
3327;0.209014;-0.931636;5.76936;1.06836;5.76936;0.00134047;6.70234;0.0670234;0.0670234
3328;0.209014;-0.931636;5.76936;1.06836;5.76936;0.00134047;6.70234;0.0670234;0.0670234
3329;0.209014;-0.931636;5.76936;1.06836;5.76936;0.00134047;6.70234;0.0670234;0.0670234
3330;0.209014;-0.931636;5.76936;1.06836;5.76936;0.00134047;6.70234;0.0670234;0.0670234
3331;0.209014;-0.931636;5.76936;1.06836;5.76936;0.00134047;6.70234;0.0670234;0.0670234
3332;0.209014;-0.931636;5.76936;1.06836;5.76936;0.00134047;6.70234;0.0670234;0.0670234
3333;0.209014;-0.931636;5.76936;1.06836;5.76936;0.00134047;6.70234;0.0670234;0.0670234
3334;0.209014;-0.931636;5.76936;1.06836;5.76936;0.00134047;6.70234;0.0670234;0.0670234
3335;0.209014;-0.931636;5.76936;1.06836;5.76936;0.00134047;6.70234;0.0670234;0.0670234
3336;0.209014;-0.931636;5.76936;1.06836;5.76936;0.00134047;6.70234;0.0670234;0.0670234
3337;0.209014;-0.931636;5.76936;1.06836;5.76936;0.00134047;6.70234;0.0670234;0.0670234
3338;0.209014;-0.931636;5.76936;1.06836;5.76936;0.00134047;6.70234;0.0670234;0.0670234
3339;0.209014;-0.931636;5.76936;1.06836;5.76936;0.00134047;6.70234;0.0670234;0.0670234
3340;0.209014;-0.931636;5.76936;1.06836;5.76936;0.00134047;6.70234;0.0670234;0.0670234
3341;0.209014;-0.931636;5.76936;1.06836;5.76936;0.00134047;6.70234;0.0670234;0.0670234
3342;0.209014;-0.931636;5.76936;1.06836;5.76936;0.00134047;6.70234;0.0670234;0.0670234
3343;0.209014;-0.931636;5.76936;1.06836;5.76936;0.00134047;6.70234;0.0670234;0.0670234
3344;0.209014;-0.931636;5.76936;1.06836;5.76936;0.00134047;6.70234;0.0670234;0.0670234
3345;0.209014;-0.931636;5.76936;1.06836;5.76936;0.00134047;6.70234;0.0670234;0.0670234
3346;0.209014;-0.931636;5.76936;1.06836;5.76936;0.00134047;6.70234;0.0670234;0.0670234
3347;0.209014;-0.931636;5.76936;1.06836;5.76936;0.00134047;6.70234;0.0670234;0.0670234
3348;0.209014;-0.931636;5.76936;1.06836;5.76936;0.00134047;6.70234;0.0670234;0.0670234
3349;0.209014;-0.931636;5.76936;1.06836;5.76936;0.00134047;6.70234;0.0670234;0.0670234
3350;0.209014;-0.931636;5.76936;1.06836;5.76936;0.00134047;6.70234;0.0670234;0.0670234
3351;0.209014;-0.931636;5.76936;1.06836;5.76936;0.00134047;6.70234;0.0670234;0.0670234
3352;0.209014;-0.931636;5.76936;1.06836;5.76936;0.00134047;6.70234;0.0670234;0.0670234
3353;0.209014;-0.931636;5.76936;1.06836;5.76936;0.00134047;6.70234;0.0670234;0.0670234
3354;0.209014;-0.931636;5.76936;1.06836;5.76936;0.00134047;6.70234;0.0670234;0.0670234
3355;0.209014;-0.931636;5.76936;1.06836;5.76936;0.00134047;6.70234;0.0670234;0.0670234
3356;0.209014;-0.931636;5.76936;1.06836;5.76936;0.00134047;6.70234;0.0670234;0.0670234
3357;0.209014;-0.931636;5.76936;1.06836;5.76936;0.00134047;6.70234;0.0670234;0.0670234
3358;0.209014;-0.931636;5.76936;1.06836;5.76936;0.00134047;6.70234;0.0670234;0.0670234
3359;0.209014;-0.931636;5.76936;1.06836;5.76936;0.00134047;6.70234;0.0670234;0.0670234
3360;0.209014;-0.931636;5.76936;1.06836;5.76936;0.00134047;6.70234;0.0670234;0.0670234
3361;0.209014;-0.931636;5.76936;1.06836;5.76936;0.00134047;6.70234;0.0670234;0.0670234
3362;0.209014;-0.931636;5.76936;1.06836;5.76936;0.00134047;6.70234;0.0670234;0.0670234
3363;0.209014;-0.931636;5.76936;1.06836;5.76936;0.00134047;6.70234;0.0670234;0.0670234
3364;0.209014;-0.931636;5.76936;1.06836;5.76936;0.00134047;6.70234;0.0670234;0.0670234
3365;0.209014;-0.931636;5.76936;1.06836;5.76936;0.00134047;6.70234;0.0670234;0.0670234
3366;0.209014;-0.931636;5.76936;1.06836;5.76936;0.00134047;6.70234;0.0670234;0.0670234
3367;0.209014;-0.931636;5.76936;1.06836;5.76936;0.00134047;6.70234;0.0670234;0.0670234
3368;0.209014;-0.931636;5.76936;1.06836;5.76936;0.00134047;6.70234;0.0670234;0.0670234
3369;0.209014;-0.931636;5.76936;1.06836;5.76936;0.00134047;6.70234;0.0670234;0.0670234
3370;0.209014;-0.931636;5.76936;1.06836;5.76936;0.00134047;6.70234;0.0670234;0.0670234
3371;0.209014;-0.931636;5.76936;1.06836;5.76936;0.00134047;6.70234;0.0670234;0.0670234
3372;0.209014;-0.931636;5.76936;1.06836;5.76936;0.00134047;6.70234;0.0670234;0.0670234
3373;0.209014;-0.931636;5.76936;1.06836;5.76936;0.00134047;6.70234;0.0670234;0.0670234
3374;0.209014;-0.931636;5.76936;1.06836;5.76936;0.00134047;6.70234;0.0670234;0.0670234
3375;0.209014;-0.931636;5.76936;1.06836;5.76936;0.00134047;6.70234;0.0670234;0.0670234
3376;0.209014;-0.931636;5.76936;1.06836;5.76936;0.00134047;6.70234;0.0670234;0.0670234
3377;0.209014;-0.931636;5.76936;1.06836;5.76936;0.00134047;6.70234;0.0670234;0.0670234
3378;0.209014;-0.931636;5.76936;1.06836;5.76936;0.00134047;6.70234;0.0670234;0.0670234
3379;0.209014;-0.931636;5.76936;1.06836;5.76936;0.00134047;6.70234;0.0670234;0.0670234
3380;0.209014;-0.931636;5.76936;1.06836;5.76936;0.00134047;6.70234;0.0670234;0.0670234
3381;0.209014;-0.931636;5.76936;1.06836;5.76936;0.00134047;6.70234;0.0670234;0.0670234
3382;0.209014;-0.931636;5.76936;1.06836;5.76936;0.00134047;6.70234;0.0670234;0.0670234
3383;0.209014;-0.931636;5.76936;1.06836;5.76936;0.00134047;6.70234;0.0670234;0.0670234
3384;0.209014;-0.931636;5.76936;1.06836;5.76936;0.00134047;6.70234;0.0670234;0.0670234
3385;0.209014;-0.931636;5.76936;1.06836;5.76936;0.00134047;6.70234;0.0670234;0.0670234
3386;0.209014;-0.931636;5.76936;1.06836;5.76936;0.00134047;6.70234;0.0670234;0.0670234
3387;0.209014;-0.931636;5.76936;1.06836;5.76936;0.00134047;6.70234;0.0670234;0.0670234
3388;0.209014;-0.931636;5.76936;1.06836;5.76936;0.00134047;6.70234;0.0670234;0.0670234
3389;0.209014;-0.931636;5.76936;1.06836;5.76936;0.00134047;6.70234;0.0670234;0.0670234
3390;0.209014;-0.931636;5.76936;1.06836;5.76936;0.00134047;6.70234;0.0670234;0.0670234
3391;0.209014;-0.931636;5.76936;1.06836;5.76936;0.00134047;6.70234;0.0670234;0.0670234
3392;0.209014;-0.931636;5.76936;1.06836;5.76936;0.00134047;6.70234;0.0670234;0.0670234
3393;0.209014;-0.931636;5.76936;1.06836;5.76936;0.00134047;6.70234;0.0670234;0.0670234
3394;0.209014;-0.931636;5.76936;1.06836;5.76936;0.00134047;6.70234;0.0670234;0.0670234
3395;0.209014;-0.931636;5.76936;1.06836;5.76936;0.00134047;6.70234;0.0670234;0.0670234
3396;0.209014;-0.931636;5.76936;1.06836;5.76936;0.00134047;6.70234;0.0670234;0.0670234
3397;0.209014;-0.931636;5.76936;1.06836;5.76936;0.00134047;6.70234;0.0670234;0.0670234
3398;0.209014;-0.931636;5.76936;1.06836;5.76936;0.00134047;6.70234;0.0670234;0.0670234
3399;0.209014;-0.931636;5.76936;1.06836;5.76936;0.00134047;6.70234;0.0670234;0.0670234
3400;0.209014;-0.931636;5.76936;1.06836;5.76936;0.00134047;6.70234;0.0670234;0.0670234
3401;0.209014;-0.931636;5.76936;1.06836;5.76936;0.00134047;6.70234;0.0670234;0.0670234
3402;0.209014;-0.931636;5.76936;1.06836;5.76936;0.00134047;6.70234;0.0670234;0.0670234
3403;0.209014;-0.931636;5.76936;1.06836;5.76936;0.00134047;6.70234;0.0670234;0.0670234
3404;0.209014;-0.931636;5.76936;1.06836;5.76936;0.00134047;6.70234;0.0670234;0.0670234
3405;0.209014;-0.931636;5.76936;1.06836;5.76936;0.00134047;6.70234;0.0670234;0.0670234
3406;0.209014;-0.931636;5.76936;1.06836;5.76936;0.00134047;6.70234;0.0670234;0.0670234
3407;0.209014;-0.931636;5.76936;1.06836;5.76936;0.00134047;6.70234;0.0670234;0.0670234
3408;0.209014;-0.931636;5.76936;1.06836;5.76936;0.00134047;6.70234;0.0670234;0.0670234
3409;0.209014;-0.931636;5.76936;1.06836;5.76936;0.00134047;6.70234;0.0670234;0.0670234
3410;0.209014;-0.931636;5.76936;1.06836;5.76936;0.00134047;6.70234;0.0670234;0.0670234
3411;0.209014;-0.931636;5.76936;1.06836;5.76936;0.00134047;6.70234;0.0670234;0.0670234
3412;0.209014;-0.931636;5.76936;1.06836;5.76936;0.00134047;6.70234;0.0670234;0.0670234
3413;0.209014;-0.931636;5.76936;1.06836;5.76936;0.00134047;6.70234;0.0670234;0.0670234
3414;0.209014;-0.931636;5.76936;1.06836;5.76936;0.00134047;6.70234;0.0670234;0.0670234
3415;0.209014;-0.931636;5.76936;1.06836;5.76936;0.00134047;6.70234;0.0670234;0.0670234
3416;0.209014;-0.931636;5.76936;1.06836;5.76936;0.00134047;6.70234;0.0670234;0.0670234
3417;0.209014;-0.931636;5.76936;1.06836;5.76936;0.00134047;6.70234;0.0670234;0.0670234
3418;0.209014;-0.931636;5.76936;1.06836;5.76936;0.00134047;6.70234;0.0670234;0.0670234
3419;0.209014;-0.931636;5.76936;1.06836;5.76936;0.00134047;6.70234;0.0670234;0.0670234
3420;0.209014;-0.931636;5.76936;1.06836;5.76936;0.00134047;6.70234;0.0670234;0.0670234
3421;0.209014;-0.931636;5.76936;1.06836;5.76936;0.00134047;6.70234;0.0670234;0.0670234
3422;0.209014;-0.931636;5.76936;1.06836;5.76936;0.00134047;6.70234;0.0670234;0.0670234
3423;0.209014;-0.931636;5.76936;1.06836;5.76936;0.00134047;6.70234;0.0670234;0.0670234
3424;0.209014;-0.931636;5.76936;1.06836;5.76936;0.00134047;6.70234;0.0670234;0.0670234
3425;0.209014;-0.931636;5.76936;1.06836;5.76936;0.00134047;6.70234;0.0670234;0.0670234
3426;0.209014;-0.931636;5.76936;1.06836;5.76936;0.00134047;6.70234;0.0670234;0.0670234
3427;0.209014;-0.931636;5.76936;1.06836;5.76936;0.00134047;6.70234;0.0670234;0.0670234
3428;0.209014;-0.931636;5.76936;1.06836;5.76936;0.00134047;6.70234;0.0670234;0.0670234
3429;0.209014;-0.931636;5.76936;1.06836;5.76936;0.00134047;6.70234;0.0670234;0.0670234
3430;0.209014;-0.931636;5.76936;1.06836;5.76936;0.00134047;6.70234;0.0670234;0.0670234
3431;0.209014;-0.931636;5.76936;1.06836;5.76936;0.00134047;6.70234;0.0670234;0.0670234
3432;0.209014;-0.931636;5.76936;1.06836;5.76936;0.00134047;6.70234;0.0670234;0.0670234
3433;0.209014;-0.931636;5.76936;1.06836;5.76936;0.00134047;6.70234;0.0670234;0.0670234
3434;0.209014;-0.931636;5.76936;1.06836;5.76936;0.00134047;6.70234;0.0670234;0.0670234
3435;0.209014;-0.931636;5.76936;1.06836;5.76936;0.00134047;6.70234;0.0670234;0.0670234
3436;0.209014;-0.931636;5.76936;1.06836;5.76936;0.00134047;6.70234;0.0670234;0.0670234
3437;0.209014;-0.931636;5.76936;1.06836;5.76936;0.00134047;6.70234;0.0670234;0.0670234
3438;0.209014;-0.931636;5.76936;1.06836;5.76936;0.00134047;6.70234;0.0670234;0.0670234
3439;0.209014;-0.931636;5.76936;1.06836;5.76936;0.00134047;6.70234;0.0670234;0.0670234
3440;0.209014;-0.931636;5.76936;1.06836;5.76936;0.00134047;6.70234;0.0670234;0.0670234
3441;0.209014;-0.931636;5.76936;1.06836;5.76936;0.00134047;6.70234;0.0670234;0.0670234
3442;0.209014;-0.931636;5.76936;1.06836;5.76936;0.00134047;6.70234;0.0670234;0.0670234
3443;0.209014;-0.931636;5.76936;1.06836;5.76936;0.00134047;6.70234;0.0670234;0.0670234
3444;0.209014;-0.931636;5.76936;1.06836;5.76936;0.00134047;6.70234;0.0670234;0.0670234
3445;0.209014;-0.931636;5.76936;1.06836;5.76936;0.00134047;6.70234;0.0670234;0.0670234
3446;0.209014;-0.931636;5.76936;1.06836;5.76936;0.00134047;6.70234;0.0670234;0.0670234
3447;0.209014;-0.931636;5.76936;1.06836;5.76936;0.00134047;6.70234;0.0670234;0.0670234
3448;0.209014;-0.931636;5.76936;1.06836;5.76936;0.00134047;6.70234;0.0670234;0.0670234
3449;0.209014;-0.931636;5.76936;1.06836;5.76936;0.00134047;6.70234;0.0670234;0.0670234
3450;0.209014;-0.931636;5.76936;1.06836;5.76936;0.00134047;6.70234;0.0670234;0.0670234
3451;0.209014;-0.931636;5.76936;1.06836;5.76936;0.00134047;6.70234;0.0670234;0.0670234
3452;0.209014;-0.931636;5.76936;1.06836;5.76936;0.00134047;6.70234;0.0670234;0.0670234
3453;0.209014;-0.931636;5.76936;1.06836;5.76936;0.00134047;6.70234;0.0670234;0.0670234
3454;0.209014;-0.931636;5.76936;1.06836;5.76936;0.00134047;6.70234;0.0670234;0.0670234
3455;0.209014;-0.931636;5.76936;1.06836;5.76936;0.00134047;6.70234;0.0670234;0.0670234
3456;0.209014;-0.931636;5.76936;1.06836;5.76936;0.00134047;6.70234;0.0670234;0.0670234
3457;0.209014;-0.931636;5.76936;1.06836;5.76936;0.00134047;6.70234;0.0670234;0.0670234
3458;0.209014;-0.931636;5.76936;1.06836;5.76936;0.00134047;6.70234;0.0670234;0.0670234
3459;0.209014;-0.931636;5.76936;1.06836;5.76936;0.00134047;6.70234;0.0670234;0.0670234
3460;0.209014;-0.931636;5.76936;1.06836;5.76936;0.00134047;6.70234;0.0670234;0.0670234
3461;0.209014;-0.931636;5.76936;1.06836;5.76936;0.00134047;6.70234;0.0670234;0.0670234
3462;0.209014;-0.931636;5.76936;1.06836;5.76936;0.00134047;6.70234;0.0670234;0.0670234
3463;0.209014;-0.931636;5.76936;1.06836;5.76936;0.00134047;6.70234;0.0670234;0.0670234
3464;0.209014;-0.931636;5.76936;1.06836;5.76936;0.00134047;6.70234;0.0670234;0.0670234
3465;0.209014;-0.931636;5.76936;1.06836;5.76936;0.00134047;6.70234;0.0670234;0.0670234
3466;0.209014;-0.931636;5.76936;1.06836;5.76936;0.00134047;6.70234;0.0670234;0.0670234
3467;0.209014;-0.931636;5.76936;1.06836;5.76936;0.00134047;6.70234;0.0670234;0.0670234
3468;0.209014;-0.931636;5.76936;1.06836;5.76936;0.00134047;6.70234;0.0670234;0.0670234
3469;0.209014;-0.931636;5.76936;1.06836;5.76936;0.00134047;6.70234;0.0670234;0.0670234
3470;0.209014;-0.931636;5.76936;1.06836;5.76936;0.00134047;6.70234;0.0670234;0.0670234
3471;0.209014;-0.931636;5.76936;1.06836;5.76936;0.00134047;6.70234;0.0670234;0.0670234
3472;0.209014;-0.931636;5.76936;1.06836;5.76936;0.00134047;6.70234;0.0670234;0.0670234
3473;0.209014;-0.931636;5.76936;1.06836;5.76936;0.00134047;6.70234;0.0670234;0.0670234
3474;0.209014;-0.931636;5.76936;1.06836;5.76936;0.00134047;6.70234;0.0670234;0.0670234
3475;0.209014;-0.931636;5.76936;1.06836;5.76936;0.00134047;6.70234;0.0670234;0.0670234
3476;0.209014;-0.931636;5.76936;1.06836;5.76936;0.00134047;6.70234;0.0670234;0.0670234
3477;0.209014;-0.931636;5.76936;1.06836;5.76936;0.00134047;6.70234;0.0670234;0.0670234
3478;0.209014;-0.931636;5.76936;1.06836;5.76936;0.00134047;6.70234;0.0670234;0.0670234
3479;0.209014;-0.931636;5.76936;1.06836;5.76936;0.00134047;6.70234;0.0670234;0.0670234
3480;0.209014;-0.931636;5.76936;1.06836;5.76936;0.00134047;6.70234;0.0670234;0.0670234
3481;0.209014;-0.931636;5.76936;1.06836;5.76936;0.00134047;6.70234;0.0670234;0.0670234
3482;0.209014;-0.931636;5.76936;1.06836;5.76936;0.00134047;6.70234;0.0670234;0.0670234
3483;0.209014;-0.931636;5.76936;1.06836;5.76936;0.00134047;6.70234;0.0670234;0.0670234
3484;0.209014;-0.931636;5.76936;1.06836;5.76936;0.00134047;6.70234;0.0670234;0.0670234
3485;0.209014;-0.931636;5.76936;1.06836;5.76936;0.00134047;6.70234;0.0670234;0.0670234
3486;0.209014;-0.931636;5.76936;1.06836;5.76936;0.00134047;6.70234;0.0670234;0.0670234
3487;0.209014;-0.931636;5.76936;1.06836;5.76936;0.00134047;6.70234;0.0670234;0.0670234
3488;0.209014;-0.931636;5.76936;1.06836;5.76936;0.00134047;6.70234;0.0670234;0.0670234
3489;0.209014;-0.931636;5.76936;1.06836;5.76936;0.00134047;6.70234;0.0670234;0.0670234
3490;0.209014;-0.931636;5.76936;1.06836;5.76936;0.00134047;6.70234;0.0670234;0.0670234
3491;0.209014;-0.931636;5.76936;1.06836;5.76936;0.00134047;6.70234;0.0670234;0.0670234
3492;0.209014;-0.931636;5.76936;1.06836;5.76936;0.00134047;6.70234;0.0670234;0.0670234
3493;0.209014;-0.931636;5.76936;1.06836;5.76936;0.00134047;6.70234;0.0670234;0.0670234
3494;0.209014;-0.931636;5.76936;1.06836;5.76936;0.00134047;6.70234;0.0670234;0.0670234
3495;0.209014;-0.931636;5.76936;1.06836;5.76936;0.00134047;6.70234;0.0670234;0.0670234
3496;0.209014;-0.931636;5.76936;1.06836;5.76936;0.00134047;6.70234;0.0670234;0.0670234
3497;0.209014;-0.931636;5.76936;1.06836;5.76936;0.00134047;6.70234;0.0670234;0.0670234
3498;0.209014;-0.931636;5.76936;1.06836;5.76936;0.00134047;6.70234;0.0670234;0.0670234
3499;0.209014;-0.931636;5.76936;1.06836;5.76936;0.00134047;6.70234;0.0670234;0.0670234
3500;0.209014;-0.931636;5.76936;1.06836;5.76936;0.00134047;6.70234;0.0670234;0.0670234
3501;0.209014;-0.931636;5.76936;1.06836;5.76936;0.00134047;6.70234;0.0670234;0.0670234
3502;0.209014;-0.931636;5.76936;1.06836;5.76936;0.00134047;6.70234;0.0670234;0.0670234
3503;0.209014;-0.931636;5.76936;1.06836;5.76936;0.00134047;6.70234;0.0670234;0.0670234
3504;0.209014;-0.931636;5.76936;1.06836;5.76936;0.00134047;6.70234;0.0670234;0.0670234
3505;0.209014;-0.931636;5.76936;1.06836;5.76936;0.00134047;6.70234;0.0670234;0.0670234
3506;0.209014;-0.931636;5.76936;1.06836;5.76936;0.00134047;6.70234;0.0670234;0.0670234
3507;0.209014;-0.931636;5.76936;1.06836;5.76936;0.00134047;6.70234;0.0670234;0.0670234
3508;0.209014;-0.931636;5.76936;1.06836;5.76936;0.00134047;6.70234;0.0670234;0.0670234
3509;0.209014;-0.931636;5.76936;1.06836;5.76936;0.00134047;6.70234;0.0670234;0.0670234
3510;0.209014;-0.931636;5.76936;1.06836;5.76936;0.00134047;6.70234;0.0670234;0.0670234
3511;0.209014;-0.931636;5.76936;1.06836;5.76936;0.00134047;6.70234;0.0670234;0.0670234
3512;0.209014;-0.931636;5.76936;1.06836;5.76936;0.00134047;6.70234;0.0670234;0.0670234
3513;0.209014;-0.931636;5.76936;1.06836;5.76936;0.00134047;6.70234;0.0670234;0.0670234
3514;0.209014;-0.931636;5.76936;1.06836;5.76936;0.00134047;6.70234;0.0670234;0.0670234
3515;0.209014;-0.931636;5.76936;1.06836;5.76936;0.00134047;6.70234;0.0670234;0.0670234
3516;0.209014;-0.931636;5.76936;1.06836;5.76936;0.00134047;6.70234;0.0670234;0.0670234
3517;0.209014;-0.931636;5.76936;1.06836;5.76936;0.00134047;6.70234;0.0670234;0.0670234
3518;0.209014;-0.931636;5.76936;1.06836;5.76936;0.00134047;6.70234;0.0670234;0.0670234
3519;0.209014;-0.931636;5.76936;1.06836;5.76936;0.00134047;6.70234;0.0670234;0.0670234
3520;0.209014;-0.931636;5.76936;1.06836;5.76936;0.00134047;6.70234;0.0670234;0.0670234
3521;0.209014;-0.931636;5.76936;1.06836;5.76936;0.00134047;6.70234;0.0670234;0.0670234
3522;0.209014;-0.931636;5.76936;1.06836;5.76936;0.00134047;6.70234;0.0670234;0.0670234
3523;0.209014;-0.931636;5.76936;1.06836;5.76936;0.00134047;6.70234;0.0670234;0.0670234
3524;0.209014;-0.931636;5.76936;1.06836;5.76936;0.00134047;6.70234;0.0670234;0.0670234
3525;0.209014;-0.931636;5.76936;1.06836;5.76936;0.00134047;6.70234;0.0670234;0.0670234
3526;0.209014;-0.931636;5.76936;1.06836;5.76936;0.00134047;6.70234;0.0670234;0.0670234
3527;0.209014;-0.931636;5.76936;1.06836;5.76936;0.00134047;6.70234;0.0670234;0.0670234
3528;0.209014;-0.931636;5.76936;1.06836;5.76936;0.00134047;6.70234;0.0670234;0.0670234
3529;0.209014;-0.931636;5.76936;1.06836;5.76936;0.00134047;6.70234;0.0670234;0.0670234
3530;0.209014;-0.931636;5.76936;1.06836;5.76936;0.00134047;6.70234;0.0670234;0.0670234
3531;0.209014;-0.931636;5.76936;1.06836;5.76936;0.00134047;6.70234;0.0670234;0.0670234
3532;0.209014;-0.931636;5.76936;1.06836;5.76936;0.00134047;6.70234;0.0670234;0.0670234
3533;0.209014;-0.931636;5.76936;1.06836;5.76936;0.00134047;6.70234;0.0670234;0.0670234
3534;0.209014;-0.931636;5.76936;1.06836;5.76936;0.00134047;6.70234;0.0670234;0.0670234
3535;0.209014;-0.931636;5.76936;1.06836;5.76936;0.00134047;6.70234;0.0670234;0.0670234
3536;0.209014;-0.931636;5.76936;1.06836;5.76936;0.00134047;6.70234;0.0670234;0.0670234
3537;0.209014;-0.931636;5.76936;1.06836;5.76936;0.00134047;6.70234;0.0670234;0.0670234
3538;0.209014;-0.931636;5.76936;1.06836;5.76936;0.00134047;6.70234;0.0670234;0.0670234
3539;0.209014;-0.931636;5.76936;1.06836;5.76936;0.00134047;6.70234;0.0670234;0.0670234
3540;0.209014;-0.931636;5.76936;1.06836;5.76936;0.00134047;6.70234;0.0670234;0.0670234
3541;0.209014;-0.931636;5.76936;1.06836;5.76936;0.00134047;6.70234;0.0670234;0.0670234
3542;0.209014;-0.931636;5.76936;1.06836;5.76936;0.00134047;6.70234;0.0670234;0.0670234
3543;0.209014;-0.931636;5.76936;1.06836;5.76936;0.00134047;6.70234;0.0670234;0.0670234
3544;0.209014;-0.931636;5.76936;1.06836;5.76936;0.00134047;6.70234;0.0670234;0.0670234
3545;0.209014;-0.931636;5.76936;1.06836;5.76936;0.00134047;6.70234;0.0670234;0.0670234
3546;0.209014;-0.931636;5.76936;1.06836;5.76936;0.00134047;6.70234;0.0670234;0.0670234
3547;0.209014;-0.931636;5.76936;1.06836;5.76936;0.00134047;6.70234;0.0670234;0.0670234
3548;0.209014;-0.931636;5.76936;1.06836;5.76936;0.00134047;6.70234;0.0670234;0.0670234
3549;0.209014;-0.931636;5.76936;1.06836;5.76936;0.00134047;6.70234;0.0670234;0.0670234
3550;0.209014;-0.931636;5.76936;1.06836;5.76936;0.00134047;6.70234;0.0670234;0.0670234
3551;0.209014;-0.931636;5.76936;1.06836;5.76936;0.00134047;6.70234;0.0670234;0.0670234
3552;0.209014;-0.931636;5.76936;1.06836;5.76936;0.00134047;6.70234;0.0670234;0.0670234
3553;0.209014;-0.931636;5.76936;1.06836;5.76936;0.00134047;6.70234;0.0670234;0.0670234
3554;0.209014;-0.931636;5.76936;1.06836;5.76936;0.00134047;6.70234;0.0670234;0.0670234
3555;0.209014;-0.931636;5.76936;1.06836;5.76936;0.00134047;6.70234;0.0670234;0.0670234
3556;0.209014;-0.931636;5.76936;1.06836;5.76936;0.00134047;6.70234;0.0670234;0.0670234
3557;0.209014;-0.931636;5.76936;1.06836;5.76936;0.00134047;6.70234;0.0670234;0.0670234
3558;0.209014;-0.931636;5.76936;1.06836;5.76936;0.00134047;6.70234;0.0670234;0.0670234
3559;0.209014;-0.931636;5.76936;1.06836;5.76936;0.00134047;6.70234;0.0670234;0.0670234
3560;0.209014;-0.931636;5.76936;1.06836;5.76936;0.00134047;6.70234;0.0670234;0.0670234
3561;0.209014;-0.931636;5.76936;1.06836;5.76936;0.00134047;6.70234;0.0670234;0.0670234
3562;0.209014;-0.931636;5.76936;1.06836;5.76936;0.00134047;6.70234;0.0670234;0.0670234
3563;0.209014;-0.931636;5.76936;1.06836;5.76936;0.00134047;6.70234;0.0670234;0.0670234
3564;0.209014;-0.931636;5.76936;1.06836;5.76936;0.00134047;6.70234;0.0670234;0.0670234
3565;0.209014;-0.931636;5.76936;1.06836;5.76936;0.00134047;6.70234;0.0670234;0.0670234
3566;0.209014;-0.931636;5.76936;1.06836;5.76936;0.00134047;6.70234;0.0670234;0.0670234
3567;0.209014;-0.931636;5.76936;1.06836;5.76936;0.00134047;6.70234;0.0670234;0.0670234
3568;0.209014;-0.931636;5.76936;1.06836;5.76936;0.00134047;6.70234;0.0670234;0.0670234
3569;0.209014;-0.931636;5.76936;1.06836;5.76936;0.00134047;6.70234;0.0670234;0.0670234
3570;0.209014;-0.931636;5.76936;1.06836;5.76936;0.00134047;6.70234;0.0670234;0.0670234
3571;0.209014;-0.931636;5.76936;1.06836;5.76936;0.00134047;6.70234;0.0670234;0.0670234
3572;0.209014;-0.931636;5.76936;1.06836;5.76936;0.00134047;6.70234;0.0670234;0.0670234
3573;0.209014;-0.931636;5.76936;1.06836;5.76936;0.00134047;6.70234;0.0670234;0.0670234
3574;0.209014;-0.931636;5.76936;1.06836;5.76936;0.00134047;6.70234;0.0670234;0.0670234
3575;0.209014;-0.931636;5.76936;1.06836;5.76936;0.00134047;6.70234;0.0670234;0.0670234
3576;0.209014;-0.931636;5.76936;1.06836;5.76936;0.00134047;6.70234;0.0670234;0.0670234
3577;0.209014;-0.931636;5.76936;1.06836;5.76936;0.00134047;6.70234;0.0670234;0.0670234
3578;0.209014;-0.931636;5.76936;1.06836;5.76936;0.00134047;6.70234;0.0670234;0.0670234
3579;0.209014;-0.931636;5.76936;1.06836;5.76936;0.00134047;6.70234;0.0670234;0.0670234
3580;0.209014;-0.931636;5.76936;1.06836;5.76936;0.00134047;6.70234;0.0670234;0.0670234
3581;0.209014;-0.931636;5.76936;1.06836;5.76936;0.00134047;6.70234;0.0670234;0.0670234
3582;0.209014;-0.931636;5.76936;1.06836;5.76936;0.00134047;6.70234;0.0670234;0.0670234
3583;0.209014;-0.931636;5.76936;1.06836;5.76936;0.00134047;6.70234;0.0670234;0.0670234
3584;0.209014;-0.931636;5.76936;1.06836;5.76936;0.00134047;6.70234;0.0670234;0.0670234
3585;0.209014;-0.931636;5.76936;1.06836;5.76936;0.00134047;6.70234;0.0670234;0.0670234
3586;0.209014;-0.931636;5.76936;1.06836;5.76936;0.00134047;6.70234;0.0670234;0.0670234
3587;0.209014;-0.931636;5.76936;1.06836;5.76936;0.00134047;6.70234;0.0670234;0.0670234
3588;0.209014;-0.931636;5.76936;1.06836;5.76936;0.00134047;6.70234;0.0670234;0.0670234
3589;0.209014;-0.931636;5.76936;1.06836;5.76936;0.00134047;6.70234;0.0670234;0.0670234
3590;0.209014;-0.931636;5.76936;1.06836;5.76936;0.00134047;6.70234;0.0670234;0.0670234
3591;0.209014;-0.931636;5.76936;1.06836;5.76936;0.00134047;6.70234;0.0670234;0.0670234
3592;0.209014;-0.931636;5.76936;1.06836;5.76936;0.00134047;6.70234;0.0670234;0.0670234
3593;0.209014;-0.931636;5.76936;1.06836;5.76936;0.00134047;6.70234;0.0670234;0.0670234
3594;0.209014;-0.931636;5.76936;1.06836;5.76936;0.00134047;6.70234;0.0670234;0.0670234
3595;0.209014;-0.931636;5.76936;1.06836;5.76936;0.00134047;6.70234;0.0670234;0.0670234
3596;0.209014;-0.931636;5.76936;1.06836;5.76936;0.00134047;6.70234;0.0670234;0.0670234
3597;0.209014;-0.931636;5.76936;1.06836;5.76936;0.00134047;6.70234;0.0670234;0.0670234
3598;0.209014;-0.931636;5.76936;1.06836;5.76936;0.00134047;6.70234;0.0670234;0.0670234
3599;0.209014;-0.931636;5.76936;1.06836;5.76936;0.00134047;6.70234;0.0670234;0.0670234
3600;0.209014;-0.931636;5.76936;1.06836;5.76936;0.00134047;6.70234;0.0670234;0.0670234
3601;0.209014;-0.931636;5.76936;1.06836;5.76936;0.00134047;6.70234;0.0670234;0.0670234
3602;0.209014;-0.931636;5.76936;1.06836;5.76936;0.00134047;6.70234;0.0670234;0.0670234
3603;0.209014;-0.931636;5.76936;1.06836;5.76936;0.00134047;6.70234;0.0670234;0.0670234
3604;0.209014;-0.931636;5.76936;1.06836;5.76936;0.00134047;6.70234;0.0670234;0.0670234
3605;0.209014;-0.931636;5.76936;1.06836;5.76936;0.00134047;6.70234;0.0670234;0.0670234
3606;0.209014;-0.931636;5.76936;1.06836;5.76936;0.00134047;6.70234;0.0670234;0.0670234
3607;0.209014;-0.931636;5.76936;1.06836;5.76936;0.00134047;6.70234;0.0670234;0.0670234
3608;0.209014;-0.931636;5.76936;1.06836;5.76936;0.00134047;6.70234;0.0670234;0.0670234
3609;0.209014;-0.931636;5.76936;1.06836;5.76936;0.00134047;6.70234;0.0670234;0.0670234
3610;0.209014;-0.931636;5.76936;1.06836;5.76936;0.00134047;6.70234;0.0670234;0.0670234
3611;0.209014;-0.931636;5.76936;1.06836;5.76936;0.00134047;6.70234;0.0670234;0.0670234
3612;0.209014;-0.931636;5.76936;1.06836;5.76936;0.00134047;6.70234;0.0670234;0.0670234
3613;0.209014;-0.931636;5.76936;1.06836;5.76936;0.00134047;6.70234;0.0670234;0.0670234
3614;0.209014;-0.931636;5.76936;1.06836;5.76936;0.00134047;6.70234;0.0670234;0.0670234
3615;0.209014;-0.931636;5.76936;1.06836;5.76936;0.00134047;6.70234;0.0670234;0.0670234
3616;0.209014;-0.931636;5.76936;1.06836;5.76936;0.00134047;6.70234;0.0670234;0.0670234
3617;0.209014;-0.931636;5.76936;1.06836;5.76936;0.00134047;6.70234;0.0670234;0.0670234
3618;0.209014;-0.931636;5.76936;1.06836;5.76936;0.00134047;6.70234;0.0670234;0.0670234
3619;0.209014;-0.931636;5.76936;1.06836;5.76936;0.00134047;6.70234;0.0670234;0.0670234
3620;0.209014;-0.931636;5.76936;1.06836;5.76936;0.00134047;6.70234;0.0670234;0.0670234
3621;0.209014;-0.931636;5.76936;1.06836;5.76936;0.00134047;6.70234;0.0670234;0.0670234
3622;0.209014;-0.931636;5.76936;1.06836;5.76936;0.00134047;6.70234;0.0670234;0.0670234
3623;0.209014;-0.931636;5.76936;1.06836;5.76936;0.00134047;6.70234;0.0670234;0.0670234
3624;0.209014;-0.931636;5.76936;1.06836;5.76936;0.00134047;6.70234;0.0670234;0.0670234
3625;0.209014;-0.931636;5.76936;1.06836;5.76936;0.00134047;6.70234;0.0670234;0.0670234
3626;0.209014;-0.931636;5.76936;1.06836;5.76936;0.00134047;6.70234;0.0670234;0.0670234
3627;0.209014;-0.931636;5.76936;1.06836;5.76936;0.00134047;6.70234;0.0670234;0.0670234
3628;0.209014;-0.931636;5.76936;1.06836;5.76936;0.00134047;6.70234;0.0670234;0.0670234
3629;0.209014;-0.931636;5.76936;1.06836;5.76936;0.00134047;6.70234;0.0670234;0.0670234
3630;0.209014;-0.931636;5.76936;1.06836;5.76936;0.00134047;6.70234;0.0670234;0.0670234
3631;0.209014;-0.931636;5.76936;1.06836;5.76936;0.00134047;6.70234;0.0670234;0.0670234
3632;0.209014;-0.931636;5.76936;1.06836;5.76936;0.00134047;6.70234;0.0670234;0.0670234
3633;0.209014;-0.931636;5.76936;1.06836;5.76936;0.00134047;6.70234;0.0670234;0.0670234
3634;0.209014;-0.931636;5.76936;1.06836;5.76936;0.00134047;6.70234;0.0670234;0.0670234
3635;0.209014;-0.931636;5.76936;1.06836;5.76936;0.00134047;6.70234;0.0670234;0.0670234
3636;0.209014;-0.931636;5.76936;1.06836;5.76936;0.00134047;6.70234;0.0670234;0.0670234
3637;0.209014;-0.931636;5.76936;1.06836;5.76936;0.00134047;6.70234;0.0670234;0.0670234
3638;0.209014;-0.931636;5.76936;1.06836;5.76936;0.00134047;6.70234;0.0670234;0.0670234
3639;0.209014;-0.931636;5.76936;1.06836;5.76936;0.00134047;6.70234;0.0670234;0.0670234
3640;0.209014;-0.931636;5.76936;1.06836;5.76936;0.00134047;6.70234;0.0670234;0.0670234
3641;0.209014;-0.931636;5.76936;1.06836;5.76936;0.00134047;6.70234;0.0670234;0.0670234
3642;0.209014;-0.931636;5.76936;1.06836;5.76936;0.00134047;6.70234;0.0670234;0.0670234
3643;0.209014;-0.931636;5.76936;1.06836;5.76936;0.00134047;6.70234;0.0670234;0.0670234
3644;0.209014;-0.931636;5.76936;1.06836;5.76936;0.00134047;6.70234;0.0670234;0.0670234
3645;0.209014;-0.931636;5.76936;1.06836;5.76936;0.00134047;6.70234;0.0670234;0.0670234
3646;0.209014;-0.931636;5.76936;1.06836;5.76936;0.00134047;6.70234;0.0670234;0.0670234
3647;0.209014;-0.931636;5.76936;1.06836;5.76936;0.00134047;6.70234;0.0670234;0.0670234
3648;0.209014;-0.931636;5.76936;1.06836;5.76936;0.00134047;6.70234;0.0670234;0.0670234
3649;0.209014;-0.931636;5.76936;1.06836;5.76936;0.00134047;6.70234;0.0670234;0.0670234
3650;0.209014;-0.931636;5.76936;1.06836;5.76936;0.00134047;6.70234;0.0670234;0.0670234
3651;0.209014;-0.931636;5.76936;1.06836;5.76936;0.00134047;6.70234;0.0670234;0.0670234
3652;0.209014;-0.931636;5.76936;1.06836;5.76936;0.00134047;6.70234;0.0670234;0.0670234
3653;0.209014;-0.931636;5.76936;1.06836;5.76936;0.00134047;6.70234;0.0670234;0.0670234
3654;0.209014;-0.931636;5.76936;1.06836;5.76936;0.00134047;6.70234;0.0670234;0.0670234
3655;0.209014;-0.931636;5.76936;1.06836;5.76936;0.00134047;6.70234;0.0670234;0.0670234
3656;0.209014;-0.931636;5.76936;1.06836;5.76936;0.00134047;6.70234;0.0670234;0.0670234
3657;0.209014;-0.931636;5.76936;1.06836;5.76936;0.00134047;6.70234;0.0670234;0.0670234
3658;0.209014;-0.931636;5.76936;1.06836;5.76936;0.00134047;6.70234;0.0670234;0.0670234
3659;0.209014;-0.931636;5.76936;1.06836;5.76936;0.00134047;6.70234;0.0670234;0.0670234
3660;0.209014;-0.931636;5.76936;1.06836;5.76936;0.00134047;6.70234;0.0670234;0.0670234
3661;0.209014;-0.931636;5.76936;1.06836;5.76936;0.00134047;6.70234;0.0670234;0.0670234
3662;0.209014;-0.931636;5.76936;1.06836;5.76936;0.00134047;6.70234;0.0670234;0.0670234
3663;0.209014;-0.931636;5.76936;1.06836;5.76936;0.00134047;6.70234;0.0670234;0.0670234
3664;0.209014;-0.931636;5.76936;1.06836;5.76936;0.00134047;6.70234;0.0670234;0.0670234
3665;0.209014;-0.931636;5.76936;1.06836;5.76936;0.00134047;6.70234;0.0670234;0.0670234
3666;0.209014;-0.931636;5.76936;1.06836;5.76936;0.00134047;6.70234;0.0670234;0.0670234
3667;0.209014;-0.931636;5.76936;1.06836;5.76936;0.00134047;6.70234;0.0670234;0.0670234
3668;0.209014;-0.931636;5.76936;1.06836;5.76936;0.00134047;6.70234;0.0670234;0.0670234
3669;0.209014;-0.931636;5.76936;1.06836;5.76936;0.00134047;6.70234;0.0670234;0.0670234
3670;0.209014;-0.931636;5.76936;1.06836;5.76936;0.00134047;6.70234;0.0670234;0.0670234
3671;0.209014;-0.931636;5.76936;1.06836;5.76936;0.00134047;6.70234;0.0670234;0.0670234
3672;0.209014;-0.931636;5.76936;1.06836;5.76936;0.00134047;6.70234;0.0670234;0.0670234
3673;0.209014;-0.931636;5.76936;1.06836;5.76936;0.00134047;6.70234;0.0670234;0.0670234
3674;0.209014;-0.931636;5.76936;1.06836;5.76936;0.00134047;6.70234;0.0670234;0.0670234
3675;0.209014;-0.931636;5.76936;1.06836;5.76936;0.00134047;6.70234;0.0670234;0.0670234
3676;0.209014;-0.931636;5.76936;1.06836;5.76936;0.00134047;6.70234;0.0670234;0.0670234
3677;0.209014;-0.931636;5.76936;1.06836;5.76936;0.00134047;6.70234;0.0670234;0.0670234
3678;0.209014;-0.931636;5.76936;1.06836;5.76936;0.00134047;6.70234;0.0670234;0.0670234
3679;0.209014;-0.931636;5.76936;1.06836;5.76936;0.00134047;6.70234;0.0670234;0.0670234
3680;0.209014;-0.931636;5.76936;1.06836;5.76936;0.00134047;6.70234;0.0670234;0.0670234
3681;0.209014;-0.931636;5.76936;1.06836;5.76936;0.00134047;6.70234;0.0670234;0.0670234
3682;0.209014;-0.931636;5.76936;1.06836;5.76936;0.00134047;6.70234;0.0670234;0.0670234
3683;0.209014;-0.931636;5.76936;1.06836;5.76936;0.00134047;6.70234;0.0670234;0.0670234
3684;0.209014;-0.931636;5.76936;1.06836;5.76936;0.00134047;6.70234;0.0670234;0.0670234
3685;0.209014;-0.931636;5.76936;1.06836;5.76936;0.00134047;6.70234;0.0670234;0.0670234
3686;0.209014;-0.931636;5.76936;1.06836;5.76936;0.00134047;6.70234;0.0670234;0.0670234
3687;0.209014;-0.931636;5.76936;1.06836;5.76936;0.00134047;6.70234;0.0670234;0.0670234
3688;0.209014;-0.931636;5.76936;1.06836;5.76936;0.00134047;6.70234;0.0670234;0.0670234
3689;0.209014;-0.931636;5.76936;1.06836;5.76936;0.00134047;6.70234;0.0670234;0.0670234
3690;0.209014;-0.931636;5.76936;1.06836;5.76936;0.00134047;6.70234;0.0670234;0.0670234
3691;0.209014;-0.931636;5.76936;1.06836;5.76936;0.00134047;6.70234;0.0670234;0.0670234
3692;0.209014;-0.931636;5.76936;1.06836;5.76936;0.00134047;6.70234;0.0670234;0.0670234
3693;0.209014;-0.931636;5.76936;1.06836;5.76936;0.00134047;6.70234;0.0670234;0.0670234
3694;0.209014;-0.931636;5.76936;1.06836;5.76936;0.00134047;6.70234;0.0670234;0.0670234
3695;0.209014;-0.931636;5.76936;1.06836;5.76936;0.00134047;6.70234;0.0670234;0.0670234
3696;0.209014;-0.931636;5.76936;1.06836;5.76936;0.00134047;6.70234;0.0670234;0.0670234
3697;0.209014;-0.931636;5.76936;1.06836;5.76936;0.00134047;6.70234;0.0670234;0.0670234
3698;0.209014;-0.931636;5.76936;1.06836;5.76936;0.00134047;6.70234;0.0670234;0.0670234
3699;0.209014;-0.931636;5.76936;1.06836;5.76936;0.00134047;6.70234;0.0670234;0.0670234
3700;0.209014;-0.931636;5.76936;1.06836;5.76936;0.00134047;6.70234;0.0670234;0.0670234
3701;0.209014;-0.931636;5.76936;1.06836;5.76936;0.00134047;6.70234;0.0670234;0.0670234
3702;0.209014;-0.931636;5.76936;1.06836;5.76936;0.00134047;6.70234;0.0670234;0.0670234
3703;0.209014;-0.931636;5.76936;1.06836;5.76936;0.00134047;6.70234;0.0670234;0.0670234
3704;0.209014;-0.931636;5.76936;1.06836;5.76936;0.00134047;6.70234;0.0670234;0.0670234
3705;0.209014;-0.931636;5.76936;1.06836;5.76936;0.00134047;6.70234;0.0670234;0.0670234
3706;0.209014;-0.931636;5.76936;1.06836;5.76936;0.00134047;6.70234;0.0670234;0.0670234
3707;0.209014;-0.931636;5.76936;1.06836;5.76936;0.00134047;6.70234;0.0670234;0.0670234
3708;0.209014;-0.931636;5.76936;1.06836;5.76936;0.00134047;6.70234;0.0670234;0.0670234
3709;0.209014;-0.931636;5.76936;1.06836;5.76936;0.00134047;6.70234;0.0670234;0.0670234
3710;0.209014;-0.931636;5.76936;1.06836;5.76936;0.00134047;6.70234;0.0670234;0.0670234
3711;0.209014;-0.931636;5.76936;1.06836;5.76936;0.00134047;6.70234;0.0670234;0.0670234
3712;0.209014;-0.931636;5.76936;1.06836;5.76936;0.00134047;6.70234;0.0670234;0.0670234
3713;0.209014;-0.931636;5.76936;1.06836;5.76936;0.00134047;6.70234;0.0670234;0.0670234
3714;0.209014;-0.931636;5.76936;1.06836;5.76936;0.00134047;6.70234;0.0670234;0.0670234
3715;0.209014;-0.931636;5.76936;1.06836;5.76936;0.00134047;6.70234;0.0670234;0.0670234
3716;0.209014;-0.931636;5.76936;1.06836;5.76936;0.00134047;6.70234;0.0670234;0.0670234
3717;0.209014;-0.931636;5.76936;1.06836;5.76936;0.00134047;6.70234;0.0670234;0.0670234
3718;0.209014;-0.931636;5.76936;1.06836;5.76936;0.00134047;6.70234;0.0670234;0.0670234
3719;0.209014;-0.931636;5.76936;1.06836;5.76936;0.00134047;6.70234;0.0670234;0.0670234
3720;0.209014;-0.931636;5.76936;1.06836;5.76936;0.00134047;6.70234;0.0670234;0.0670234
3721;0.209014;-0.931636;5.76936;1.06836;5.76936;0.00134047;6.70234;0.0670234;0.0670234
3722;0.209014;-0.931636;5.76936;1.06836;5.76936;0.00134047;6.70234;0.0670234;0.0670234
3723;0.209014;-0.931636;5.76936;1.06836;5.76936;0.00134047;6.70234;0.0670234;0.0670234
3724;0.209014;-0.931636;5.76936;1.06836;5.76936;0.00134047;6.70234;0.0670234;0.0670234
3725;0.209014;-0.931636;5.76936;1.06836;5.76936;0.00134047;6.70234;0.0670234;0.0670234
3726;0.209014;-0.931636;5.76936;1.06836;5.76936;0.00134047;6.70234;0.0670234;0.0670234
3727;0.209014;-0.931636;5.76936;1.06836;5.76936;0.00134047;6.70234;0.0670234;0.0670234
3728;0.209014;-0.931636;5.76936;1.06836;5.76936;0.00134047;6.70234;0.0670234;0.0670234
3729;0.209014;-0.931636;5.76936;1.06836;5.76936;0.00134047;6.70234;0.0670234;0.0670234
3730;0.209014;-0.931636;5.76936;1.06836;5.76936;0.00134047;6.70234;0.0670234;0.0670234
3731;0.209014;-0.931636;5.76936;1.06836;5.76936;0.00134047;6.70234;0.0670234;0.0670234
3732;0.209014;-0.931636;5.76936;1.06836;5.76936;0.00134047;6.70234;0.0670234;0.0670234
3733;0.209014;-0.931636;5.76936;1.06836;5.76936;0.00134047;6.70234;0.0670234;0.0670234
3734;0.209014;-0.931636;5.76936;1.06836;5.76936;0.00134047;6.70234;0.0670234;0.0670234
3735;0.209014;-0.931636;5.76936;1.06836;5.76936;0.00134047;6.70234;0.0670234;0.0670234
3736;0.209014;-0.931636;5.76936;1.06836;5.76936;0.00134047;6.70234;0.0670234;0.0670234
3737;0.209014;-0.931636;5.76936;1.06836;5.76936;0.00134047;6.70234;0.0670234;0.0670234
3738;0.209014;-0.931636;5.76936;1.06836;5.76936;0.00134047;6.70234;0.0670234;0.0670234
3739;0.209014;-0.931636;5.76936;1.06836;5.76936;0.00134047;6.70234;0.0670234;0.0670234
3740;0.209014;-0.931636;5.76936;1.06836;5.76936;0.00134047;6.70234;0.0670234;0.0670234
3741;0.209014;-0.931636;5.76936;1.06836;5.76936;0.00134047;6.70234;0.0670234;0.0670234
3742;0.209014;-0.931636;5.76936;1.06836;5.76936;0.00134047;6.70234;0.0670234;0.0670234
3743;0.209014;-0.931636;5.76936;1.06836;5.76936;0.00134047;6.70234;0.0670234;0.0670234
3744;0.209014;-0.931636;5.76936;1.06836;5.76936;0.00134047;6.70234;0.0670234;0.0670234
3745;0.209014;-0.931636;5.76936;1.06836;5.76936;0.00134047;6.70234;0.0670234;0.0670234
3746;0.209014;-0.931636;5.76936;1.06836;5.76936;0.00134047;6.70234;0.0670234;0.0670234
3747;0.209014;-0.931636;5.76936;1.06836;5.76936;0.00134047;6.70234;0.0670234;0.0670234
3748;0.209014;-0.931636;5.76936;1.06836;5.76936;0.00134047;6.70234;0.0670234;0.0670234
3749;0.209014;-0.931636;5.76936;1.06836;5.76936;0.00134047;6.70234;0.0670234;0.0670234
3750;0.209014;-0.931636;5.76936;1.06836;5.76936;0.00134047;6.70234;0.0670234;0.0670234
3751;0.209014;-0.931636;5.76936;1.06836;5.76936;0.00134047;6.70234;0.0670234;0.0670234
3752;0.209014;-0.931636;5.76936;1.06836;5.76936;0.00134047;6.70234;0.0670234;0.0670234
3753;0.209014;-0.931636;5.76936;1.06836;5.76936;0.00134047;6.70234;0.0670234;0.0670234
3754;0.209014;-0.931636;5.76936;1.06836;5.76936;0.00134047;6.70234;0.0670234;0.0670234
3755;0.209014;-0.931636;5.76936;1.06836;5.76936;0.00134047;6.70234;0.0670234;0.0670234
3756;0.209014;-0.931636;5.76936;1.06836;5.76936;0.00134047;6.70234;0.0670234;0.0670234
3757;0.209014;-0.931636;5.76936;1.06836;5.76936;0.00134047;6.70234;0.0670234;0.0670234
3758;0.209014;-0.931636;5.76936;1.06836;5.76936;0.00134047;6.70234;0.0670234;0.0670234
3759;0.209014;-0.931636;5.76936;1.06836;5.76936;0.00134047;6.70234;0.0670234;0.0670234
3760;0.209014;-0.931636;5.76936;1.06836;5.76936;0.00134047;6.70234;0.0670234;0.0670234
3761;0.209014;-0.931636;5.76936;1.06836;5.76936;0.00134047;6.70234;0.0670234;0.0670234
3762;0.209014;-0.931636;5.76936;1.06836;5.76936;0.00134047;6.70234;0.0670234;0.0670234
3763;0.209014;-0.931636;5.76936;1.06836;5.76936;0.00134047;6.70234;0.0670234;0.0670234
3764;0.209014;-0.931636;5.76936;1.06836;5.76936;0.00134047;6.70234;0.0670234;0.0670234
3765;0.209014;-0.931636;5.76936;1.06836;5.76936;0.00134047;6.70234;0.0670234;0.0670234
3766;0.209014;-0.931636;5.76936;1.06836;5.76936;0.00134047;6.70234;0.0670234;0.0670234
3767;0.209014;-0.931636;5.76936;1.06836;5.76936;0.00134047;6.70234;0.0670234;0.0670234
3768;0.209014;-0.931636;5.76936;1.06836;5.76936;0.00134047;6.70234;0.0670234;0.0670234
3769;0.209014;-0.931636;5.76936;1.06836;5.76936;0.00134047;6.70234;0.0670234;0.0670234
3770;0.209014;-0.931636;5.76936;1.06836;5.76936;0.00134047;6.70234;0.0670234;0.0670234
3771;0.209014;-0.931636;5.76936;1.06836;5.76936;0.00134047;6.70234;0.0670234;0.0670234
3772;0.209014;-0.931636;5.76936;1.06836;5.76936;0.00134047;6.70234;0.0670234;0.0670234
3773;0.209014;-0.931636;5.76936;1.06836;5.76936;0.00134047;6.70234;0.0670234;0.0670234
3774;0.209014;-0.931636;5.76936;1.06836;5.76936;0.00134047;6.70234;0.0670234;0.0670234
3775;0.209014;-0.931636;5.76936;1.06836;5.76936;0.00134047;6.70234;0.0670234;0.0670234
3776;0.209014;-0.931636;5.76936;1.06836;5.76936;0.00134047;6.70234;0.0670234;0.0670234
3777;0.209014;-0.931636;5.76936;1.06836;5.76936;0.00134047;6.70234;0.0670234;0.0670234
3778;0.209014;-0.931636;5.76936;1.06836;5.76936;0.00134047;6.70234;0.0670234;0.0670234
3779;0.209014;-0.931636;5.76936;1.06836;5.76936;0.00134047;6.70234;0.0670234;0.0670234
3780;0.209014;-0.931636;5.76936;1.06836;5.76936;0.00134047;6.70234;0.0670234;0.0670234
3781;0.209014;-0.931636;5.76936;1.06836;5.76936;0.00134047;6.70234;0.0670234;0.0670234
3782;0.209014;-0.931636;5.76936;1.06836;5.76936;0.00134047;6.70234;0.0670234;0.0670234
3783;0.209014;-0.931636;5.76936;1.06836;5.76936;0.00134047;6.70234;0.0670234;0.0670234
3784;0.209014;-0.931636;5.76936;1.06836;5.76936;0.00134047;6.70234;0.0670234;0.0670234
3785;0.209014;-0.931636;5.76936;1.06836;5.76936;0.00134047;6.70234;0.0670234;0.0670234
3786;0.209014;-0.931636;5.76936;1.06836;5.76936;0.00134047;6.70234;0.0670234;0.0670234
3787;0.209014;-0.931636;5.76936;1.06836;5.76936;0.00134047;6.70234;0.0670234;0.0670234
3788;0.209014;-0.931636;5.76936;1.06836;5.76936;0.00134047;6.70234;0.0670234;0.0670234
3789;0.209014;-0.931636;5.76936;1.06836;5.76936;0.00134047;6.70234;0.0670234;0.0670234
3790;0.209014;-0.931636;5.76936;1.06836;5.76936;0.00134047;6.70234;0.0670234;0.0670234
3791;0.209014;-0.931636;5.76936;1.06836;5.76936;0.00134047;6.70234;0.0670234;0.0670234
3792;0.209014;-0.931636;5.76936;1.06836;5.76936;0.00134047;6.70234;0.0670234;0.0670234
3793;0.209014;-0.931636;5.76936;1.06836;5.76936;0.00134047;6.70234;0.0670234;0.0670234
3794;0.209014;-0.931636;5.76936;1.06836;5.76936;0.00134047;6.70234;0.0670234;0.0670234
3795;0.209014;-0.931636;5.76936;1.06836;5.76936;0.00134047;6.70234;0.0670234;0.0670234
3796;0.209014;-0.931636;5.76936;1.06836;5.76936;0.00134047;6.70234;0.0670234;0.0670234
3797;0.209014;-0.931636;5.76936;1.06836;5.76936;0.00134047;6.70234;0.0670234;0.0670234
3798;0.209014;-0.931636;5.76936;1.06836;5.76936;0.00134047;6.70234;0.0670234;0.0670234
3799;0.209014;-0.931636;5.76936;1.06836;5.76936;0.00134047;6.70234;0.0670234;0.0670234
3800;0.209014;-0.931636;5.76936;1.06836;5.76936;0.00134047;6.70234;0.0670234;0.0670234
3801;0.209014;-0.931636;5.76936;1.06836;5.76936;0.00134047;6.70234;0.0670234;0.0670234
3802;0.209014;-0.931636;5.76936;1.06836;5.76936;0.00134047;6.70234;0.0670234;0.0670234
3803;0.209014;-0.931636;5.76936;1.06836;5.76936;0.00134047;6.70234;0.0670234;0.0670234
3804;0.209014;-0.931636;5.76936;1.06836;5.76936;0.00134047;6.70234;0.0670234;0.0670234
3805;0.209014;-0.931636;5.76936;1.06836;5.76936;0.00134047;6.70234;0.0670234;0.0670234
3806;0.209014;-0.931636;5.76936;1.06836;5.76936;0.00134047;6.70234;0.0670234;0.0670234
3807;0.209014;-0.931636;5.76936;1.06836;5.76936;0.00134047;6.70234;0.0670234;0.0670234
3808;0.209014;-0.931636;5.76936;1.06836;5.76936;0.00134047;6.70234;0.0670234;0.0670234
3809;0.209014;-0.931636;5.76936;1.06836;5.76936;0.00134047;6.70234;0.0670234;0.0670234
3810;0.209014;-0.931636;5.76936;1.06836;5.76936;0.00134047;6.70234;0.0670234;0.0670234
3811;0.209014;-0.931636;5.76936;1.06836;5.76936;0.00134047;6.70234;0.0670234;0.0670234
3812;0.209014;-0.931636;5.76936;1.06836;5.76936;0.00134047;6.70234;0.0670234;0.0670234
3813;0.209014;-0.931636;5.76936;1.06836;5.76936;0.00134047;6.70234;0.0670234;0.0670234
3814;0.209014;-0.931636;5.76936;1.06836;5.76936;0.00134047;6.70234;0.0670234;0.0670234
3815;0.209014;-0.931636;5.76936;1.06836;5.76936;0.00134047;6.70234;0.0670234;0.0670234
3816;0.209014;-0.931636;5.76936;1.06836;5.76936;0.00134047;6.70234;0.0670234;0.0670234
3817;0.209014;-0.931636;5.76936;1.06836;5.76936;0.00134047;6.70234;0.0670234;0.0670234
3818;0.209014;-0.931636;5.76936;1.06836;5.76936;0.00134047;6.70234;0.0670234;0.0670234
3819;0.209014;-0.931636;5.76936;1.06836;5.76936;0.00134047;6.70234;0.0670234;0.0670234
3820;0.209014;-0.931636;5.76936;1.06836;5.76936;0.00134047;6.70234;0.0670234;0.0670234
3821;0.209014;-0.931636;5.76936;1.06836;5.76936;0.00134047;6.70234;0.0670234;0.0670234
3822;0.209014;-0.931636;5.76936;1.06836;5.76936;0.00134047;6.70234;0.0670234;0.0670234
3823;0.209014;-0.931636;5.76936;1.06836;5.76936;0.00134047;6.70234;0.0670234;0.0670234
3824;0.209014;-0.931636;5.76936;1.06836;5.76936;0.00134047;6.70234;0.0670234;0.0670234
3825;0.209014;-0.931636;5.76936;1.06836;5.76936;0.00134047;6.70234;0.0670234;0.0670234
3826;0.209014;-0.931636;5.76936;1.06836;5.76936;0.00134047;6.70234;0.0670234;0.0670234
3827;0.209014;-0.931636;5.76936;1.06836;5.76936;0.00134047;6.70234;0.0670234;0.0670234
3828;0.209014;-0.931636;5.76936;1.06836;5.76936;0.00134047;6.70234;0.0670234;0.0670234
3829;0.209014;-0.931636;5.76936;1.06836;5.76936;0.00134047;6.70234;0.0670234;0.0670234
3830;0.209014;-0.931636;5.76936;1.06836;5.76936;0.00134047;6.70234;0.0670234;0.0670234
3831;0.209014;-0.931636;5.76936;1.06836;5.76936;0.00134047;6.70234;0.0670234;0.0670234
3832;0.209014;-0.931636;5.76936;1.06836;5.76936;0.00134047;6.70234;0.0670234;0.0670234
3833;0.209014;-0.931636;5.76936;1.06836;5.76936;0.00134047;6.70234;0.0670234;0.0670234
3834;0.209014;-0.931636;5.76936;1.06836;5.76936;0.00134047;6.70234;0.0670234;0.0670234
3835;0.209014;-0.931636;5.76936;1.06836;5.76936;0.00134047;6.70234;0.0670234;0.0670234
3836;0.209014;-0.931636;5.76936;1.06836;5.76936;0.00134047;6.70234;0.0670234;0.0670234
3837;0.209014;-0.931636;5.76936;1.06836;5.76936;0.00134047;6.70234;0.0670234;0.0670234
3838;0.209014;-0.931636;5.76936;1.06836;5.76936;0.00134047;6.70234;0.0670234;0.0670234
3839;0.209014;-0.931636;5.76936;1.06836;5.76936;0.00134047;6.70234;0.0670234;0.0670234
3840;0.209014;-0.931636;5.76936;1.06836;5.76936;0.00134047;6.70234;0.0670234;0.0670234
3841;0.209014;-0.931636;5.76936;1.06836;5.76936;0.00134047;6.70234;0.0670234;0.0670234
3842;0.209014;-0.931636;5.76936;1.06836;5.76936;0.00134047;6.70234;0.0670234;0.0670234
3843;0.209014;-0.931636;5.76936;1.06836;5.76936;0.00134047;6.70234;0.0670234;0.0670234
3844;0.209014;-0.931636;5.76936;1.06836;5.76936;0.00134047;6.70234;0.0670234;0.0670234
3845;0.209014;-0.931636;5.76936;1.06836;5.76936;0.00134047;6.70234;0.0670234;0.0670234
3846;0.209014;-0.931636;5.76936;1.06836;5.76936;0.00134047;6.70234;0.0670234;0.0670234
3847;0.209014;-0.931636;5.76936;1.06836;5.76936;0.00134047;6.70234;0.0670234;0.0670234
3848;0.209014;-0.931636;5.76936;1.06836;5.76936;0.00134047;6.70234;0.0670234;0.0670234
3849;0.209014;-0.931636;5.76936;1.06836;5.76936;0.00134047;6.70234;0.0670234;0.0670234
3850;0.209014;-0.931636;5.76936;1.06836;5.76936;0.00134047;6.70234;0.0670234;0.0670234
3851;0.209014;-0.931636;5.76936;1.06836;5.76936;0.00134047;6.70234;0.0670234;0.0670234
3852;0.209014;-0.931636;5.76936;1.06836;5.76936;0.00134047;6.70234;0.0670234;0.0670234
3853;0.209014;-0.931636;5.76936;1.06836;5.76936;0.00134047;6.70234;0.0670234;0.0670234
3854;0.209014;-0.931636;5.76936;1.06836;5.76936;0.00134047;6.70234;0.0670234;0.0670234
3855;0.209014;-0.931636;5.76936;1.06836;5.76936;0.00134047;6.70234;0.0670234;0.0670234
3856;0.209014;-0.931636;5.76936;1.06836;5.76936;0.00134047;6.70234;0.0670234;0.0670234
3857;0.209014;-0.931636;5.76936;1.06836;5.76936;0.00134047;6.70234;0.0670234;0.0670234
3858;0.209014;-0.931636;5.76936;1.06836;5.76936;0.00134047;6.70234;0.0670234;0.0670234
3859;0.209014;-0.931636;5.76936;1.06836;5.76936;0.00134047;6.70234;0.0670234;0.0670234
3860;0.209014;-0.931636;5.76936;1.06836;5.76936;0.00134047;6.70234;0.0670234;0.0670234
3861;0.209014;-0.931636;5.76936;1.06836;5.76936;0.00134047;6.70234;0.0670234;0.0670234
3862;0.209014;-0.931636;5.76936;1.06836;5.76936;0.00134047;6.70234;0.0670234;0.0670234
3863;0.209014;-0.931636;5.76936;1.06836;5.76936;0.00134047;6.70234;0.0670234;0.0670234
3864;0.209014;-0.931636;5.76936;1.06836;5.76936;0.00134047;6.70234;0.0670234;0.0670234
3865;0.209014;-0.931636;5.76936;1.06836;5.76936;0.00134047;6.70234;0.0670234;0.0670234
3866;0.209014;-0.931636;5.76936;1.06836;5.76936;0.00134047;6.70234;0.0670234;0.0670234
3867;0.209014;-0.931636;5.76936;1.06836;5.76936;0.00134047;6.70234;0.0670234;0.0670234
3868;0.209014;-0.931636;5.76936;1.06836;5.76936;0.00134047;6.70234;0.0670234;0.0670234
3869;0.209014;-0.931636;5.76936;1.06836;5.76936;0.00134047;6.70234;0.0670234;0.0670234
3870;0.209014;-0.931636;5.76936;1.06836;5.76936;0.00134047;6.70234;0.0670234;0.0670234
3871;0.209014;-0.931636;5.76936;1.06836;5.76936;0.00134047;6.70234;0.0670234;0.0670234
3872;0.209014;-0.931636;5.76936;1.06836;5.76936;0.00134047;6.70234;0.0670234;0.0670234
3873;0.209014;-0.931636;5.76936;1.06836;5.76936;0.00134047;6.70234;0.0670234;0.0670234
3874;0.209014;-0.931636;5.76936;1.06836;5.76936;0.00134047;6.70234;0.0670234;0.0670234
3875;0.209014;-0.931636;5.76936;1.06836;5.76936;0.00134047;6.70234;0.0670234;0.0670234
3876;0.209014;-0.931636;5.76936;1.06836;5.76936;0.00134047;6.70234;0.0670234;0.0670234
3877;0.209014;-0.931636;5.76936;1.06836;5.76936;0.00134047;6.70234;0.0670234;0.0670234
3878;0.209014;-0.931636;5.76936;1.06836;5.76936;0.00134047;6.70234;0.0670234;0.0670234
3879;0.209014;-0.931636;5.76936;1.06836;5.76936;0.00134047;6.70234;0.0670234;0.0670234
3880;0.209014;-0.931636;5.76936;1.06836;5.76936;0.00134047;6.70234;0.0670234;0.0670234
3881;0.209014;-0.931636;5.76936;1.06836;5.76936;0.00134047;6.70234;0.0670234;0.0670234
3882;0.209014;-0.931636;5.76936;1.06836;5.76936;0.00134047;6.70234;0.0670234;0.0670234
3883;0.209014;-0.931636;5.76936;1.06836;5.76936;0.00134047;6.70234;0.0670234;0.0670234
3884;0.209014;-0.931636;5.76936;1.06836;5.76936;0.00134047;6.70234;0.0670234;0.0670234
3885;0.209014;-0.931636;5.76936;1.06836;5.76936;0.00134047;6.70234;0.0670234;0.0670234
3886;0.209014;-0.931636;5.76936;1.06836;5.76936;0.00134047;6.70234;0.0670234;0.0670234
3887;0.209014;-0.931636;5.76936;1.06836;5.76936;0.00134047;6.70234;0.0670234;0.0670234
3888;0.209014;-0.931636;5.76936;1.06836;5.76936;0.00134047;6.70234;0.0670234;0.0670234
3889;0.209014;-0.931636;5.76936;1.06836;5.76936;0.00134047;6.70234;0.0670234;0.0670234
3890;0.209014;-0.931636;5.76936;1.06836;5.76936;0.00134047;6.70234;0.0670234;0.0670234
3891;0.209014;-0.931636;5.76936;1.06836;5.76936;0.00134047;6.70234;0.0670234;0.0670234
3892;0.209014;-0.931636;5.76936;1.06836;5.76936;0.00134047;6.70234;0.0670234;0.0670234
3893;0.209014;-0.931636;5.76936;1.06836;5.76936;0.00134047;6.70234;0.0670234;0.0670234
3894;0.209014;-0.931636;5.76936;1.06836;5.76936;0.00134047;6.70234;0.0670234;0.0670234
3895;0.209014;-0.931636;5.76936;1.06836;5.76936;0.00134047;6.70234;0.0670234;0.0670234
3896;0.209014;-0.931636;5.76936;1.06836;5.76936;0.00134047;6.70234;0.0670234;0.0670234
3897;0.209014;-0.931636;5.76936;1.06836;5.76936;0.00134047;6.70234;0.0670234;0.0670234
3898;0.209014;-0.931636;5.76936;1.06836;5.76936;0.00134047;6.70234;0.0670234;0.0670234
3899;0.209014;-0.931636;5.76936;1.06836;5.76936;0.00134047;6.70234;0.0670234;0.0670234
3900;0.209014;-0.931636;5.76936;1.06836;5.76936;0.00134047;6.70234;0.0670234;0.0670234
3901;0.209014;-0.931636;5.76936;1.06836;5.76936;0.00134047;6.70234;0.0670234;0.0670234
3902;0.209014;-0.931636;5.76936;1.06836;5.76936;0.00134047;6.70234;0.0670234;0.0670234
3903;0.209014;-0.931636;5.76936;1.06836;5.76936;0.00134047;6.70234;0.0670234;0.0670234
3904;0.209014;-0.931636;5.76936;1.06836;5.76936;0.00134047;6.70234;0.0670234;0.0670234
3905;0.209014;-0.931636;5.76936;1.06836;5.76936;0.00134047;6.70234;0.0670234;0.0670234
3906;0.209014;-0.931636;5.76936;1.06836;5.76936;0.00134047;6.70234;0.0670234;0.0670234
3907;0.209014;-0.931636;5.76936;1.06836;5.76936;0.00134047;6.70234;0.0670234;0.0670234
3908;0.209014;-0.931636;5.76936;1.06836;5.76936;0.00134047;6.70234;0.0670234;0.0670234
3909;0.209014;-0.931636;5.76936;1.06836;5.76936;0.00134047;6.70234;0.0670234;0.0670234
3910;0.209014;-0.931636;5.76936;1.06836;5.76936;0.00134047;6.70234;0.0670234;0.0670234
3911;0.209014;-0.931636;5.76936;1.06836;5.76936;0.00134047;6.70234;0.0670234;0.0670234
3912;0.209014;-0.931636;5.76936;1.06836;5.76936;0.00134047;6.70234;0.0670234;0.0670234
3913;0.209014;-0.931636;5.76936;1.06836;5.76936;0.00134047;6.70234;0.0670234;0.0670234
3914;0.209014;-0.931636;5.76936;1.06836;5.76936;0.00134047;6.70234;0.0670234;0.0670234
3915;0.209014;-0.931636;5.76936;1.06836;5.76936;0.00134047;6.70234;0.0670234;0.0670234
3916;0.209014;-0.931636;5.76936;1.06836;5.76936;0.00134047;6.70234;0.0670234;0.0670234
3917;0.209014;-0.931636;5.76936;1.06836;5.76936;0.00134047;6.70234;0.0670234;0.0670234
3918;0.209014;-0.931636;5.76936;1.06836;5.76936;0.00134047;6.70234;0.0670234;0.0670234
3919;0.209014;-0.931636;5.76936;1.06836;5.76936;0.00134047;6.70234;0.0670234;0.0670234
3920;0.209014;-0.931636;5.76936;1.06836;5.76936;0.00134047;6.70234;0.0670234;0.0670234
3921;0.209014;-0.931636;5.76936;1.06836;5.76936;0.00134047;6.70234;0.0670234;0.0670234
3922;0.209014;-0.931636;5.76936;1.06836;5.76936;0.00134047;6.70234;0.0670234;0.0670234
3923;0.209014;-0.931636;5.76936;1.06836;5.76936;0.00134047;6.70234;0.0670234;0.0670234
3924;0.209014;-0.931636;5.76936;1.06836;5.76936;0.00134047;6.70234;0.0670234;0.0670234
3925;0.209014;-0.931636;5.76936;1.06836;5.76936;0.00134047;6.70234;0.0670234;0.0670234
3926;0.209014;-0.931636;5.76936;1.06836;5.76936;0.00134047;6.70234;0.0670234;0.0670234
3927;0.209014;-0.931636;5.76936;1.06836;5.76936;0.00134047;6.70234;0.0670234;0.0670234
3928;0.209014;-0.931636;5.76936;1.06836;5.76936;0.00134047;6.70234;0.0670234;0.0670234
3929;0.209014;-0.931636;5.76936;1.06836;5.76936;0.00134047;6.70234;0.0670234;0.0670234
3930;0.209014;-0.931636;5.76936;1.06836;5.76936;0.00134047;6.70234;0.0670234;0.0670234
3931;0.209014;-0.931636;5.76936;1.06836;5.76936;0.00134047;6.70234;0.0670234;0.0670234
3932;0.209014;-0.931636;5.76936;1.06836;5.76936;0.00134047;6.70234;0.0670234;0.0670234
3933;0.209014;-0.931636;5.76936;1.06836;5.76936;0.00134047;6.70234;0.0670234;0.0670234
3934;0.209014;-0.931636;5.76936;1.06836;5.76936;0.00134047;6.70234;0.0670234;0.0670234
3935;0.209014;-0.931636;5.76936;1.06836;5.76936;0.00134047;6.70234;0.0670234;0.0670234
3936;0.209014;-0.931636;5.76936;1.06836;5.76936;0.00134047;6.70234;0.0670234;0.0670234
3937;0.209014;-0.931636;5.76936;1.06836;5.76936;0.00134047;6.70234;0.0670234;0.0670234
3938;0.209014;-0.931636;5.76936;1.06836;5.76936;0.00134047;6.70234;0.0670234;0.0670234
3939;0.209014;-0.931636;5.76936;1.06836;5.76936;0.00134047;6.70234;0.0670234;0.0670234
3940;0.209014;-0.931636;5.76936;1.06836;5.76936;0.00134047;6.70234;0.0670234;0.0670234
3941;0.209014;-0.931636;5.76936;1.06836;5.76936;0.00134047;6.70234;0.0670234;0.0670234
3942;0.209014;-0.931636;5.76936;1.06836;5.76936;0.00134047;6.70234;0.0670234;0.0670234
3943;0.209014;-0.931636;5.76936;1.06836;5.76936;0.00134047;6.70234;0.0670234;0.0670234
3944;0.209014;-0.931636;5.76936;1.06836;5.76936;0.00134047;6.70234;0.0670234;0.0670234
3945;0.209014;-0.931636;5.76936;1.06836;5.76936;0.00134047;6.70234;0.0670234;0.0670234
3946;0.209014;-0.931636;5.76936;1.06836;5.76936;0.00134047;6.70234;0.0670234;0.0670234
3947;0.209014;-0.931636;5.76936;1.06836;5.76936;0.00134047;6.70234;0.0670234;0.0670234
3948;0.209014;-0.931636;5.76936;1.06836;5.76936;0.00134047;6.70234;0.0670234;0.0670234
3949;0.209014;-0.931636;5.76936;1.06836;5.76936;0.00134047;6.70234;0.0670234;0.0670234
3950;0.209014;-0.931636;5.76936;1.06836;5.76936;0.00134047;6.70234;0.0670234;0.0670234
3951;0.209014;-0.931636;5.76936;1.06836;5.76936;0.00134047;6.70234;0.0670234;0.0670234
3952;0.209014;-0.931636;5.76936;1.06836;5.76936;0.00134047;6.70234;0.0670234;0.0670234
3953;0.209014;-0.931636;5.76936;1.06836;5.76936;0.00134047;6.70234;0.0670234;0.0670234
3954;0.209014;-0.931636;5.76936;1.06836;5.76936;0.00134047;6.70234;0.0670234;0.0670234
3955;0.209014;-0.931636;5.76936;1.06836;5.76936;0.00134047;6.70234;0.0670234;0.0670234
3956;0.209014;-0.931636;5.76936;1.06836;5.76936;0.00134047;6.70234;0.0670234;0.0670234
3957;0.209014;-0.931636;5.76936;1.06836;5.76936;0.00134047;6.70234;0.0670234;0.0670234
3958;0.209014;-0.931636;5.76936;1.06836;5.76936;0.00134047;6.70234;0.0670234;0.0670234
3959;0.209014;-0.931636;5.76936;1.06836;5.76936;0.00134047;6.70234;0.0670234;0.0670234
3960;0.209014;-0.931636;5.76936;1.06836;5.76936;0.00134047;6.70234;0.0670234;0.0670234
3961;0.209014;-0.931636;5.76936;1.06836;5.76936;0.00134047;6.70234;0.0670234;0.0670234
3962;0.209014;-0.931636;5.76936;1.06836;5.76936;0.00134047;6.70234;0.0670234;0.0670234
3963;0.209014;-0.931636;5.76936;1.06836;5.76936;0.00134047;6.70234;0.0670234;0.0670234
3964;0.209014;-0.931636;5.76936;1.06836;5.76936;0.00134047;6.70234;0.0670234;0.0670234
3965;0.209014;-0.931636;5.76936;1.06836;5.76936;0.00134047;6.70234;0.0670234;0.0670234
3966;0.209014;-0.931636;5.76936;1.06836;5.76936;0.00134047;6.70234;0.0670234;0.0670234
3967;0.209014;-0.931636;5.76936;1.06836;5.76936;0.00134047;6.70234;0.0670234;0.0670234
3968;0.209014;-0.931636;5.76936;1.06836;5.76936;0.00134047;6.70234;0.0670234;0.0670234
3969;0.209014;-0.931636;5.76936;1.06836;5.76936;0.00134047;6.70234;0.0670234;0.0670234
3970;0.209014;-0.931636;5.76936;1.06836;5.76936;0.00134047;6.70234;0.0670234;0.0670234
3971;0.209014;-0.931636;5.76936;1.06836;5.76936;0.00134047;6.70234;0.0670234;0.0670234
3972;0.209014;-0.931636;5.76936;1.06836;5.76936;0.00134047;6.70234;0.0670234;0.0670234
3973;0.209014;-0.931636;5.76936;1.06836;5.76936;0.00134047;6.70234;0.0670234;0.0670234
3974;0.209014;-0.931636;5.76936;1.06836;5.76936;0.00134047;6.70234;0.0670234;0.0670234
3975;0.209014;-0.931636;5.76936;1.06836;5.76936;0.00134047;6.70234;0.0670234;0.0670234
3976;0.209014;-0.931636;5.76936;1.06836;5.76936;0.00134047;6.70234;0.0670234;0.0670234
3977;0.209014;-0.931636;5.76936;1.06836;5.76936;0.00134047;6.70234;0.0670234;0.0670234
3978;0.209014;-0.931636;5.76936;1.06836;5.76936;0.00134047;6.70234;0.0670234;0.0670234
3979;0.209014;-0.931636;5.76936;1.06836;5.76936;0.00134047;6.70234;0.0670234;0.0670234
3980;0.209014;-0.931636;5.76936;1.06836;5.76936;0.00134047;6.70234;0.0670234;0.0670234
3981;0.209014;-0.931636;5.76936;1.06836;5.76936;0.00134047;6.70234;0.0670234;0.0670234
3982;0.209014;-0.931636;5.76936;1.06836;5.76936;0.00134047;6.70234;0.0670234;0.0670234
3983;0.209014;-0.931636;5.76936;1.06836;5.76936;0.00134047;6.70234;0.0670234;0.0670234
3984;0.209014;-0.931636;5.76936;1.06836;5.76936;0.00134047;6.70234;0.0670234;0.0670234
3985;0.209014;-0.931636;5.76936;1.06836;5.76936;0.00134047;6.70234;0.0670234;0.0670234
3986;0.209014;-0.931636;5.76936;1.06836;5.76936;0.00134047;6.70234;0.0670234;0.0670234
3987;0.209014;-0.931636;5.76936;1.06836;5.76936;0.00134047;6.70234;0.0670234;0.0670234
3988;0.209014;-0.931636;5.76936;1.06836;5.76936;0.00134047;6.70234;0.0670234;0.0670234
3989;0.209014;-0.931636;5.76936;1.06836;5.76936;0.00134047;6.70234;0.0670234;0.0670234
3990;0.209014;-0.931636;5.76936;1.06836;5.76936;0.00134047;6.70234;0.0670234;0.0670234
3991;0.209014;-0.931636;5.76936;1.06836;5.76936;0.00134047;6.70234;0.0670234;0.0670234
3992;0.209014;-0.931636;5.76936;1.06836;5.76936;0.00134047;6.70234;0.0670234;0.0670234
3993;0.209014;-0.931636;5.76936;1.06836;5.76936;0.00134047;6.70234;0.0670234;0.0670234
3994;0.209014;-0.931636;5.76936;1.06836;5.76936;0.00134047;6.70234;0.0670234;0.0670234
3995;0.209014;-0.931636;5.76936;1.06836;5.76936;0.00134047;6.70234;0.0670234;0.0670234
3996;0.209014;-0.931636;5.76936;1.06836;5.76936;0.00134047;6.70234;0.0670234;0.0670234
3997;0.209014;-0.931636;5.76936;1.06836;5.76936;0.00134047;6.70234;0.0670234;0.0670234
3998;0.209014;-0.931636;5.76936;1.06836;5.76936;0.00134047;6.70234;0.0670234;0.0670234
3999;0.209014;-0.931636;5.76936;1.06836;5.76936;0.00134047;6.70234;0.0670234;0.0670234
4000;0.209014;-0.931636;5.76936;1.06836;5.76936;0.00134047;6.70234;0.0670234;0.0670234
4001;0.209014;-0.931636;5.76936;1.06836;5.76936;0.00134047;6.70234;0.0670234;0.0670234
4002;0.209014;-0.931636;5.76936;1.06836;5.76936;0.00134047;6.70234;0.0670234;0.0670234
4003;0.209014;-0.931636;5.76936;1.06836;5.76936;0.00134047;6.70234;0.0670234;0.0670234
4004;0.209014;-0.931636;5.76936;1.06836;5.76936;0.00134047;6.70234;0.0670234;0.0670234
4005;0.209014;-0.931636;5.76936;1.06836;5.76936;0.00134047;6.70234;0.0670234;0.0670234
4006;0.209014;-0.931636;5.76936;1.06836;5.76936;0.00134047;6.70234;0.0670234;0.0670234
4007;0.209014;-0.931636;5.76936;1.06836;5.76936;0.00134047;6.70234;0.0670234;0.0670234
4008;0.209014;-0.931636;5.76936;1.06836;5.76936;0.00134047;6.70234;0.0670234;0.0670234
4009;0.209014;-0.931636;5.76936;1.06836;5.76936;0.00134047;6.70234;0.0670234;0.0670234
4010;0.209014;-0.931636;5.76936;1.06836;5.76936;0.00134047;6.70234;0.0670234;0.0670234
4011;0.209014;-0.931636;5.76936;1.06836;5.76936;0.00134047;6.70234;0.0670234;0.0670234
4012;0.209014;-0.931636;5.76936;1.06836;5.76936;0.00134047;6.70234;0.0670234;0.0670234
4013;0.209014;-0.931636;5.76936;1.06836;5.76936;0.00134047;6.70234;0.0670234;0.0670234
4014;0.209014;-0.931636;5.76936;1.06836;5.76936;0.00134047;6.70234;0.0670234;0.0670234
4015;0.209014;-0.931636;5.76936;1.06836;5.76936;0.00134047;6.70234;0.0670234;0.0670234
4016;0.209014;-0.931636;5.76936;1.06836;5.76936;0.00134047;6.70234;0.0670234;0.0670234
4017;0.209014;-0.931636;5.76936;1.06836;5.76936;0.00134047;6.70234;0.0670234;0.0670234
4018;0.209014;-0.931636;5.76936;1.06836;5.76936;0.00134047;6.70234;0.0670234;0.0670234
4019;0.209014;-0.931636;5.76936;1.06836;5.76936;0.00134047;6.70234;0.0670234;0.0670234
4020;0.209014;-0.931636;5.76936;1.06836;5.76936;0.00134047;6.70234;0.0670234;0.0670234
4021;0.209014;-0.931636;5.76936;1.06836;5.76936;0.00134047;6.70234;0.0670234;0.0670234
4022;0.209014;-0.931636;5.76936;1.06836;5.76936;0.00134047;6.70234;0.0670234;0.0670234
4023;0.209014;-0.931636;5.76936;1.06836;5.76936;0.00134047;6.70234;0.0670234;0.0670234
4024;0.209014;-0.931636;5.76936;1.06836;5.76936;0.00134047;6.70234;0.0670234;0.0670234
4025;0.209014;-0.931636;5.76936;1.06836;5.76936;0.00134047;6.70234;0.0670234;0.0670234
4026;0.209014;-0.931636;5.76936;1.06836;5.76936;0.00134047;6.70234;0.0670234;0.0670234
4027;0.209014;-0.931636;5.76936;1.06836;5.76936;0.00134047;6.70234;0.0670234;0.0670234
4028;0.209014;-0.931636;5.76936;1.06836;5.76936;0.00134047;6.70234;0.0670234;0.0670234
4029;0.209014;-0.931636;5.76936;1.06836;5.76936;0.00134047;6.70234;0.0670234;0.0670234
4030;0.209014;-0.931636;5.76936;1.06836;5.76936;0.00134047;6.70234;0.0670234;0.0670234
4031;0.209014;-0.931636;5.76936;1.06836;5.76936;0.00134047;6.70234;0.0670234;0.0670234
4032;0.209014;-0.931636;5.76936;1.06836;5.76936;0.00134047;6.70234;0.0670234;0.0670234
4033;0.209014;-0.931636;5.76936;1.06836;5.76936;0.00134047;6.70234;0.0670234;0.0670234
4034;0.209014;-0.931636;5.76936;1.06836;5.76936;0.00134047;6.70234;0.0670234;0.0670234
4035;0.209014;-0.931636;5.76936;1.06836;5.76936;0.00134047;6.70234;0.0670234;0.0670234
4036;0.209014;-0.931636;5.76936;1.06836;5.76936;0.00134047;6.70234;0.0670234;0.0670234
4037;0.209014;-0.931636;5.76936;1.06836;5.76936;0.00134047;6.70234;0.0670234;0.0670234
4038;0.209014;-0.931636;5.76936;1.06836;5.76936;0.00134047;6.70234;0.0670234;0.0670234
4039;0.209014;-0.931636;5.76936;1.06836;5.76936;0.00134047;6.70234;0.0670234;0.0670234
4040;0.209014;-0.931636;5.76936;1.06836;5.76936;0.00134047;6.70234;0.0670234;0.0670234
4041;0.209014;-0.931636;5.76936;1.06836;5.76936;0.00134047;6.70234;0.0670234;0.0670234
4042;0.209014;-0.931636;5.76936;1.06836;5.76936;0.00134047;6.70234;0.0670234;0.0670234
4043;0.209014;-0.931636;5.76936;1.06836;5.76936;0.00134047;6.70234;0.0670234;0.0670234
4044;0.209014;-0.931636;5.76936;1.06836;5.76936;0.00134047;6.70234;0.0670234;0.0670234
4045;0.209014;-0.931636;5.76936;1.06836;5.76936;0.00134047;6.70234;0.0670234;0.0670234
4046;0.209014;-0.931636;5.76936;1.06836;5.76936;0.00134047;6.70234;0.0670234;0.0670234
4047;0.209014;-0.931636;5.76936;1.06836;5.76936;0.00134047;6.70234;0.0670234;0.0670234
4048;0.209014;-0.931636;5.76936;1.06836;5.76936;0.00134047;6.70234;0.0670234;0.0670234
4049;0.209014;-0.931636;5.76936;1.06836;5.76936;0.00134047;6.70234;0.0670234;0.0670234
4050;0.209014;-0.931636;5.76936;1.06836;5.76936;0.00134047;6.70234;0.0670234;0.0670234
4051;0.209014;-0.931636;5.76936;1.06836;5.76936;0.00134047;6.70234;0.0670234;0.0670234
4052;0.209014;-0.931636;5.76936;1.06836;5.76936;0.00134047;6.70234;0.0670234;0.0670234
4053;0.209014;-0.931636;5.76936;1.06836;5.76936;0.00134047;6.70234;0.0670234;0.0670234
4054;0.209014;-0.931636;5.76936;1.06836;5.76936;0.00134047;6.70234;0.0670234;0.0670234
4055;0.209014;-0.931636;5.76936;1.06836;5.76936;0.00134047;6.70234;0.0670234;0.0670234
4056;0.209014;-0.931636;5.76936;1.06836;5.76936;0.00134047;6.70234;0.0670234;0.0670234
4057;0.209014;-0.931636;5.76936;1.06836;5.76936;0.00134047;6.70234;0.0670234;0.0670234
4058;0.209014;-0.931636;5.76936;1.06836;5.76936;0.00134047;6.70234;0.0670234;0.0670234
4059;0.209014;-0.931636;5.76936;1.06836;5.76936;0.00134047;6.70234;0.0670234;0.0670234
4060;0.209014;-0.931636;5.76936;1.06836;5.76936;0.00134047;6.70234;0.0670234;0.0670234
4061;0.209014;-0.931636;5.76936;1.06836;5.76936;0.00134047;6.70234;0.0670234;0.0670234
4062;0.209014;-0.931636;5.76936;1.06836;5.76936;0.00134047;6.70234;0.0670234;0.0670234
4063;0.209014;-0.931636;5.76936;1.06836;5.76936;0.00134047;6.70234;0.0670234;0.0670234
4064;0.209014;-0.931636;5.76936;1.06836;5.76936;0.00134047;6.70234;0.0670234;0.0670234
4065;0.209014;-0.931636;5.76936;1.06836;5.76936;0.00134047;6.70234;0.0670234;0.0670234
4066;0.209014;-0.931636;5.76936;1.06836;5.76936;0.00134047;6.70234;0.0670234;0.0670234
4067;0.209014;-0.931636;5.76936;1.06836;5.76936;0.00134047;6.70234;0.0670234;0.0670234
4068;0.209014;-0.931636;5.76936;1.06836;5.76936;0.00134047;6.70234;0.0670234;0.0670234
4069;0.209014;-0.931636;5.76936;1.06836;5.76936;0.00134047;6.70234;0.0670234;0.0670234
4070;0.209014;-0.931636;5.76936;1.06836;5.76936;0.00134047;6.70234;0.0670234;0.0670234
4071;0.209014;-0.931636;5.76936;1.06836;5.76936;0.00134047;6.70234;0.0670234;0.0670234
4072;0.209014;-0.931636;5.76936;1.06836;5.76936;0.00134047;6.70234;0.0670234;0.0670234
4073;0.209014;-0.931636;5.76936;1.06836;5.76936;0.00134047;6.70234;0.0670234;0.0670234
4074;0.209014;-0.931636;5.76936;1.06836;5.76936;0.00134047;6.70234;0.0670234;0.0670234
4075;0.209014;-0.931636;5.76936;1.06836;5.76936;0.00134047;6.70234;0.0670234;0.0670234
4076;0.209014;-0.931636;5.76936;1.06836;5.76936;0.00134047;6.70234;0.0670234;0.0670234
4077;0.209014;-0.931636;5.76936;1.06836;5.76936;0.00134047;6.70234;0.0670234;0.0670234
4078;0.209014;-0.931636;5.76936;1.06836;5.76936;0.00134047;6.70234;0.0670234;0.0670234
4079;0.209014;-0.931636;5.76936;1.06836;5.76936;0.00134047;6.70234;0.0670234;0.0670234
4080;0.209014;-0.931636;5.76936;1.06836;5.76936;0.00134047;6.70234;0.0670234;0.0670234
4081;0.209014;-0.931636;5.76936;1.06836;5.76936;0.00134047;6.70234;0.0670234;0.0670234
4082;0.209014;-0.931636;5.76936;1.06836;5.76936;0.00134047;6.70234;0.0670234;0.0670234
4083;0.209014;-0.931636;5.76936;1.06836;5.76936;0.00134047;6.70234;0.0670234;0.0670234
4084;0.209014;-0.931636;5.76936;1.06836;5.76936;0.00134047;6.70234;0.0670234;0.0670234
4085;0.209014;-0.931636;5.76936;1.06836;5.76936;0.00134047;6.70234;0.0670234;0.0670234
4086;0.209014;-0.931636;5.76936;1.06836;5.76936;0.00134047;6.70234;0.0670234;0.0670234
4087;0.209014;-0.931636;5.76936;1.06836;5.76936;0.00134047;6.70234;0.0670234;0.0670234
4088;0.209014;-0.931636;5.76936;1.06836;5.76936;0.00134047;6.70234;0.0670234;0.0670234
4089;0.209014;-0.931636;5.76936;1.06836;5.76936;0.00134047;6.70234;0.0670234;0.0670234
4090;0.209014;-0.931636;5.76936;1.06836;5.76936;0.00134047;6.70234;0.0670234;0.0670234
4091;0.209014;-0.931636;5.76936;1.06836;5.76936;0.00134047;6.70234;0.0670234;0.0670234
4092;0.209014;-0.931636;5.76936;1.06836;5.76936;0.00134047;6.70234;0.0670234;0.0670234
4093;0.209014;-0.931636;5.76936;1.06836;5.76936;0.00134047;6.70234;0.0670234;0.0670234
4094;0.209014;-0.931636;5.76936;1.06836;5.76936;0.00134047;6.70234;0.0670234;0.0670234
4095;0.209014;-0.931636;5.76936;1.06836;5.76936;0.00134047;6.70234;0.0670234;0.0670234
4096;0.209014;-0.931636;5.76936;1.06836;5.76936;0.00134047;6.70234;0.0670234;0.0670234
4097;0.209014;-0.931636;5.76936;1.06836;5.76936;0.00134047;6.70234;0.0670234;0.0670234
4098;0.209014;-0.931636;5.76936;1.06836;5.76936;0.00134047;6.70234;0.0670234;0.0670234
4099;0.209014;-0.931636;5.76936;1.06836;5.76936;0.00134047;6.70234;0.0670234;0.0670234
4100;0.209014;-0.931636;5.76936;1.06836;5.76936;0.00134047;6.70234;0.0670234;0.0670234
4101;0.209014;-0.931636;5.76936;1.06836;5.76936;0.00134047;6.70234;0.0670234;0.0670234
4102;0.209014;-0.931636;5.76936;1.06836;5.76936;0.00134047;6.70234;0.0670234;0.0670234
4103;0.209014;-0.931636;5.76936;1.06836;5.76936;0.00134047;6.70234;0.0670234;0.0670234
4104;0.209014;-0.931636;5.76936;1.06836;5.76936;0.00134047;6.70234;0.0670234;0.0670234
4105;0.209014;-0.931636;5.76936;1.06836;5.76936;0.00134047;6.70234;0.0670234;0.0670234
4106;0.209014;-0.931636;5.76936;1.06836;5.76936;0.00134047;6.70234;0.0670234;0.0670234
4107;0.209014;-0.931636;5.76936;1.06836;5.76936;0.00134047;6.70234;0.0670234;0.0670234
4108;0.209014;-0.931636;5.76936;1.06836;5.76936;0.00134047;6.70234;0.0670234;0.0670234
4109;0.209014;-0.931636;5.76936;1.06836;5.76936;0.00134047;6.70234;0.0670234;0.0670234
4110;0.209014;-0.931636;5.76936;1.06836;5.76936;0.00134047;6.70234;0.0670234;0.0670234
4111;0.209014;-0.931636;5.76936;1.06836;5.76936;0.00134047;6.70234;0.0670234;0.0670234
4112;0.209014;-0.931636;5.76936;1.06836;5.76936;0.00134047;6.70234;0.0670234;0.0670234
4113;0.209014;-0.931636;5.76936;1.06836;5.76936;0.00134047;6.70234;0.0670234;0.0670234
4114;0.209014;-0.931636;5.76936;1.06836;5.76936;0.00134047;6.70234;0.0670234;0.0670234
4115;0.209014;-0.931636;5.76936;1.06836;5.76936;0.00134047;6.70234;0.0670234;0.0670234
4116;0.209014;-0.931636;5.76936;1.06836;5.76936;0.00134047;6.70234;0.0670234;0.0670234
4117;0.209014;-0.931636;5.76936;1.06836;5.76936;0.00134047;6.70234;0.0670234;0.0670234
4118;0.209014;-0.931636;5.76936;1.06836;5.76936;0.00134047;6.70234;0.0670234;0.0670234
4119;0.209014;-0.931636;5.76936;1.06836;5.76936;0.00134047;6.70234;0.0670234;0.0670234
4120;0.209014;-0.931636;5.76936;1.06836;5.76936;0.00134047;6.70234;0.0670234;0.0670234
4121;0.209014;-0.931636;5.76936;1.06836;5.76936;0.00134047;6.70234;0.0670234;0.0670234
4122;0.209014;-0.931636;5.76936;1.06836;5.76936;0.00134047;6.70234;0.0670234;0.0670234
4123;0.209014;-0.931636;5.76936;1.06836;5.76936;0.00134047;6.70234;0.0670234;0.0670234
4124;0.209014;-0.931636;5.76936;1.06836;5.76936;0.00134047;6.70234;0.0670234;0.0670234
4125;0.209014;-0.931636;5.76936;1.06836;5.76936;0.00134047;6.70234;0.0670234;0.0670234
4126;0.209014;-0.931636;5.76936;1.06836;5.76936;0.00134047;6.70234;0.0670234;0.0670234
4127;0.209014;-0.931636;5.76936;1.06836;5.76936;0.00134047;6.70234;0.0670234;0.0670234
4128;0.209014;-0.931636;5.76936;1.06836;5.76936;0.00134047;6.70234;0.0670234;0.0670234
4129;0.209014;-0.931636;5.76936;1.06836;5.76936;0.00134047;6.70234;0.0670234;0.0670234
4130;0.209014;-0.931636;5.76936;1.06836;5.76936;0.00134047;6.70234;0.0670234;0.0670234
4131;0.209014;-0.931636;5.76936;1.06836;5.76936;0.00134047;6.70234;0.0670234;0.0670234
4132;0.209014;-0.931636;5.76936;1.06836;5.76936;0.00134047;6.70234;0.0670234;0.0670234
4133;0.209014;-0.931636;5.76936;1.06836;5.76936;0.00134047;6.70234;0.0670234;0.0670234
4134;0.209014;-0.931636;5.76936;1.06836;5.76936;0.00134047;6.70234;0.0670234;0.0670234
4135;0.209014;-0.931636;5.76936;1.06836;5.76936;0.00134047;6.70234;0.0670234;0.0670234
4136;0.209014;-0.931636;5.76936;1.06836;5.76936;0.00134047;6.70234;0.0670234;0.0670234
4137;0.209014;-0.931636;5.76936;1.06836;5.76936;0.00134047;6.70234;0.0670234;0.0670234
4138;0.209014;-0.931636;5.76936;1.06836;5.76936;0.00134047;6.70234;0.0670234;0.0670234
4139;0.209014;-0.931636;5.76936;1.06836;5.76936;0.00134047;6.70234;0.0670234;0.0670234
4140;0.209014;-0.931636;5.76936;1.06836;5.76936;0.00134047;6.70234;0.0670234;0.0670234
4141;0.209014;-0.931636;5.76936;1.06836;5.76936;0.00134047;6.70234;0.0670234;0.0670234
4142;0.209014;-0.931636;5.76936;1.06836;5.76936;0.00134047;6.70234;0.0670234;0.0670234
4143;0.209014;-0.931636;5.76936;1.06836;5.76936;0.00134047;6.70234;0.0670234;0.0670234
4144;0.209014;-0.931636;5.76936;1.06836;5.76936;0.00134047;6.70234;0.0670234;0.0670234
4145;0.209014;-0.931636;5.76936;1.06836;5.76936;0.00134047;6.70234;0.0670234;0.0670234
4146;0.209014;-0.931636;5.76936;1.06836;5.76936;0.00134047;6.70234;0.0670234;0.0670234
4147;0.209014;-0.931636;5.76936;1.06836;5.76936;0.00134047;6.70234;0.0670234;0.0670234
4148;0.209014;-0.931636;5.76936;1.06836;5.76936;0.00134047;6.70234;0.0670234;0.0670234
4149;0.209014;-0.931636;5.76936;1.06836;5.76936;0.00134047;6.70234;0.0670234;0.0670234
4150;0.209014;-0.931636;5.76936;1.06836;5.76936;0.00134047;6.70234;0.0670234;0.0670234
4151;0.209014;-0.931636;5.76936;1.06836;5.76936;0.00134047;6.70234;0.0670234;0.0670234
4152;0.209014;-0.931636;5.76936;1.06836;5.76936;0.00134047;6.70234;0.0670234;0.0670234
4153;0.209014;-0.931636;5.76936;1.06836;5.76936;0.00134047;6.70234;0.0670234;0.0670234
4154;0.209014;-0.931636;5.76936;1.06836;5.76936;0.00134047;6.70234;0.0670234;0.0670234
4155;0.209014;-0.931636;5.76936;1.06836;5.76936;0.00134047;6.70234;0.0670234;0.0670234
4156;0.209014;-0.931636;5.76936;1.06836;5.76936;0.00134047;6.70234;0.0670234;0.0670234
4157;0.209014;-0.931636;5.76936;1.06836;5.76936;0.00134047;6.70234;0.0670234;0.0670234
4158;0.209014;-0.931636;5.76936;1.06836;5.76936;0.00134047;6.70234;0.0670234;0.0670234
4159;0.209014;-0.931636;5.76936;1.06836;5.76936;0.00134047;6.70234;0.0670234;0.0670234
4160;0.209014;-0.931636;5.76936;1.06836;5.76936;0.00134047;6.70234;0.0670234;0.0670234
4161;0.209014;-0.931636;5.76936;1.06836;5.76936;0.00134047;6.70234;0.0670234;0.0670234
4162;0.209014;-0.931636;5.76936;1.06836;5.76936;0.00134047;6.70234;0.0670234;0.0670234
4163;0.209014;-0.931636;5.76936;1.06836;5.76936;0.00134047;6.70234;0.0670234;0.0670234
4164;0.209014;-0.931636;5.76936;1.06836;5.76936;0.00134047;6.70234;0.0670234;0.0670234
4165;0.209014;-0.931636;5.76936;1.06836;5.76936;0.00134047;6.70234;0.0670234;0.0670234
4166;0.209014;-0.931636;5.76936;1.06836;5.76936;0.00134047;6.70234;0.0670234;0.0670234
4167;0.209014;-0.931636;5.76936;1.06836;5.76936;0.00134047;6.70234;0.0670234;0.0670234
4168;0.209014;-0.931636;5.76936;1.06836;5.76936;0.00134047;6.70234;0.0670234;0.0670234
4169;0.209014;-0.931636;5.76936;1.06836;5.76936;0.00134047;6.70234;0.0670234;0.0670234
4170;0.209014;-0.931636;5.76936;1.06836;5.76936;0.00134047;6.70234;0.0670234;0.0670234
4171;0.209014;-0.931636;5.76936;1.06836;5.76936;0.00134047;6.70234;0.0670234;0.0670234
4172;0.209014;-0.931636;5.76936;1.06836;5.76936;0.00134047;6.70234;0.0670234;0.0670234
4173;0.209014;-0.931636;5.76936;1.06836;5.76936;0.00134047;6.70234;0.0670234;0.0670234
4174;0.209014;-0.931636;5.76936;1.06836;5.76936;0.00134047;6.70234;0.0670234;0.0670234
4175;0.209014;-0.931636;5.76936;1.06836;5.76936;0.00134047;6.70234;0.0670234;0.0670234
4176;0.209014;-0.931636;5.76936;1.06836;5.76936;0.00134047;6.70234;0.0670234;0.0670234
4177;0.209014;-0.931636;5.76936;1.06836;5.76936;0.00134047;6.70234;0.0670234;0.0670234
4178;0.209014;-0.931636;5.76936;1.06836;5.76936;0.00134047;6.70234;0.0670234;0.0670234
4179;0.209014;-0.931636;5.76936;1.06836;5.76936;0.00134047;6.70234;0.0670234;0.0670234
4180;0.209014;-0.931636;5.76936;1.06836;5.76936;0.00134047;6.70234;0.0670234;0.0670234
4181;0.209014;-0.931636;5.76936;1.06836;5.76936;0.00134047;6.70234;0.0670234;0.0670234
4182;0.209014;-0.931636;5.76936;1.06836;5.76936;0.00134047;6.70234;0.0670234;0.0670234
4183;0.209014;-0.931636;5.76936;1.06836;5.76936;0.00134047;6.70234;0.0670234;0.0670234
4184;0.209014;-0.931636;5.76936;1.06836;5.76936;0.00134047;6.70234;0.0670234;0.0670234
4185;0.209014;-0.931636;5.76936;1.06836;5.76936;0.00134047;6.70234;0.0670234;0.0670234
4186;0.209014;-0.931636;5.76936;1.06836;5.76936;0.00134047;6.70234;0.0670234;0.0670234
4187;0.209014;-0.931636;5.76936;1.06836;5.76936;0.00134047;6.70234;0.0670234;0.0670234
4188;0.209014;-0.931636;5.76936;1.06836;5.76936;0.00134047;6.70234;0.0670234;0.0670234
4189;0.209014;-0.931636;5.76936;1.06836;5.76936;0.00134047;6.70234;0.0670234;0.0670234
4190;0.209014;-0.931636;5.76936;1.06836;5.76936;0.00134047;6.70234;0.0670234;0.0670234
4191;0.209014;-0.931636;5.76936;1.06836;5.76936;0.00134047;6.70234;0.0670234;0.0670234
4192;0.209014;-0.931636;5.76936;1.06836;5.76936;0.00134047;6.70234;0.0670234;0.0670234
4193;0.209014;-0.931636;5.76936;1.06836;5.76936;0.00134047;6.70234;0.0670234;0.0670234
4194;0.209014;-0.931636;5.76936;1.06836;5.76936;0.00134047;6.70234;0.0670234;0.0670234
4195;0.209014;-0.931636;5.76936;1.06836;5.76936;0.00134047;6.70234;0.0670234;0.0670234
4196;0.209014;-0.931636;5.76936;1.06836;5.76936;0.00134047;6.70234;0.0670234;0.0670234
4197;0.209014;-0.931636;5.76936;1.06836;5.76936;0.00134047;6.70234;0.0670234;0.0670234
4198;0.209014;-0.931636;5.76936;1.06836;5.76936;0.00134047;6.70234;0.0670234;0.0670234
4199;0.209014;-0.931636;5.76936;1.06836;5.76936;0.00134047;6.70234;0.0670234;0.0670234
4200;0.209014;-0.931636;5.76936;1.06836;5.76936;0.00134047;6.70234;0.0670234;0.0670234
4201;0.209014;-0.931636;5.76936;1.06836;5.76936;0.00134047;6.70234;0.0670234;0.0670234
4202;0.209014;-0.931636;5.76936;1.06836;5.76936;0.00134047;6.70234;0.0670234;0.0670234
4203;0.209014;-0.931636;5.76936;1.06836;5.76936;0.00134047;6.70234;0.0670234;0.0670234
4204;0.209014;-0.931636;5.76936;1.06836;5.76936;0.00134047;6.70234;0.0670234;0.0670234
4205;0.209014;-0.931636;5.76936;1.06836;5.76936;0.00134047;6.70234;0.0670234;0.0670234
4206;0.209014;-0.931636;5.76936;1.06836;5.76936;0.00134047;6.70234;0.0670234;0.0670234
4207;0.209014;-0.931636;5.76936;1.06836;5.76936;0.00134047;6.70234;0.0670234;0.0670234
4208;0.209014;-0.931636;5.76936;1.06836;5.76936;0.00134047;6.70234;0.0670234;0.0670234
4209;0.209014;-0.931636;5.76936;1.06836;5.76936;0.00134047;6.70234;0.0670234;0.0670234
4210;0.209014;-0.931636;5.76936;1.06836;5.76936;0.00134047;6.70234;0.0670234;0.0670234
4211;0.209014;-0.931636;5.76936;1.06836;5.76936;0.00134047;6.70234;0.0670234;0.0670234
4212;0.209014;-0.931636;5.76936;1.06836;5.76936;0.00134047;6.70234;0.0670234;0.0670234
4213;0.209014;-0.931636;5.76936;1.06836;5.76936;0.00134047;6.70234;0.0670234;0.0670234
4214;0.209014;-0.931636;5.76936;1.06836;5.76936;0.00134047;6.70234;0.0670234;0.0670234
4215;0.209014;-0.931636;5.76936;1.06836;5.76936;0.00134047;6.70234;0.0670234;0.0670234
4216;0.209014;-0.931636;5.76936;1.06836;5.76936;0.00134047;6.70234;0.0670234;0.0670234
4217;0.209014;-0.931636;5.76936;1.06836;5.76936;0.00134047;6.70234;0.0670234;0.0670234
4218;0.209014;-0.931636;5.76936;1.06836;5.76936;0.00134047;6.70234;0.0670234;0.0670234
4219;0.209014;-0.931636;5.76936;1.06836;5.76936;0.00134047;6.70234;0.0670234;0.0670234
4220;0.209014;-0.931636;5.76936;1.06836;5.76936;0.00134047;6.70234;0.0670234;0.0670234
4221;0.209014;-0.931636;5.76936;1.06836;5.76936;0.00134047;6.70234;0.0670234;0.0670234
4222;0.209014;-0.931636;5.76936;1.06836;5.76936;0.00134047;6.70234;0.0670234;0.0670234
4223;0.209014;-0.931636;5.76936;1.06836;5.76936;0.00134047;6.70234;0.0670234;0.0670234
4224;0.209014;-0.931636;5.76936;1.06836;5.76936;0.00134047;6.70234;0.0670234;0.0670234
4225;0.209014;-0.931636;5.76936;1.06836;5.76936;0.00134047;6.70234;0.0670234;0.0670234
4226;0.209014;-0.931636;5.76936;1.06836;5.76936;0.00134047;6.70234;0.0670234;0.0670234
4227;0.209014;-0.931636;5.76936;1.06836;5.76936;0.00134047;6.70234;0.0670234;0.0670234
4228;0.209014;-0.931636;5.76936;1.06836;5.76936;0.00134047;6.70234;0.0670234;0.0670234
4229;0.209014;-0.931636;5.76936;1.06836;5.76936;0.00134047;6.70234;0.0670234;0.0670234
4230;0.209014;-0.931636;5.76936;1.06836;5.76936;0.00134047;6.70234;0.0670234;0.0670234
4231;0.209014;-0.931636;5.76936;1.06836;5.76936;0.00134047;6.70234;0.0670234;0.0670234
4232;0.209014;-0.931636;5.76936;1.06836;5.76936;0.00134047;6.70234;0.0670234;0.0670234
4233;0.209014;-0.931636;5.76936;1.06836;5.76936;0.00134047;6.70234;0.0670234;0.0670234
4234;0.209014;-0.931636;5.76936;1.06836;5.76936;0.00134047;6.70234;0.0670234;0.0670234
4235;0.209014;-0.931636;5.76936;1.06836;5.76936;0.00134047;6.70234;0.0670234;0.0670234
4236;0.209014;-0.931636;5.76936;1.06836;5.76936;0.00134047;6.70234;0.0670234;0.0670234
4237;0.209014;-0.931636;5.76936;1.06836;5.76936;0.00134047;6.70234;0.0670234;0.0670234
4238;0.209014;-0.931636;5.76936;1.06836;5.76936;0.00134047;6.70234;0.0670234;0.0670234
4239;0.209014;-0.931636;5.76936;1.06836;5.76936;0.00134047;6.70234;0.0670234;0.0670234
4240;0.209014;-0.931636;5.76936;1.06836;5.76936;0.00134047;6.70234;0.0670234;0.0670234
4241;0.209014;-0.931636;5.76936;1.06836;5.76936;0.00134047;6.70234;0.0670234;0.0670234
4242;0.209014;-0.931636;5.76936;1.06836;5.76936;0.00134047;6.70234;0.0670234;0.0670234
4243;0.209014;-0.931636;5.76936;1.06836;5.76936;0.00134047;6.70234;0.0670234;0.0670234
4244;0.209014;-0.931636;5.76936;1.06836;5.76936;0.00134047;6.70234;0.0670234;0.0670234
4245;0.209014;-0.931636;5.76936;1.06836;5.76936;0.00134047;6.70234;0.0670234;0.0670234
4246;0.209014;-0.931636;5.76936;1.06836;5.76936;0.00134047;6.70234;0.0670234;0.0670234
4247;0.209014;-0.931636;5.76936;1.06836;5.76936;0.00134047;6.70234;0.0670234;0.0670234
4248;0.209014;-0.931636;5.76936;1.06836;5.76936;0.00134047;6.70234;0.0670234;0.0670234
4249;0.209014;-0.931636;5.76936;1.06836;5.76936;0.00134047;6.70234;0.0670234;0.0670234
4250;0.209014;-0.931636;5.76936;1.06836;5.76936;0.00134047;6.70234;0.0670234;0.0670234
4251;0.209014;-0.931636;5.76936;1.06836;5.76936;0.00134047;6.70234;0.0670234;0.0670234
4252;0.209014;-0.931636;5.76936;1.06836;5.76936;0.00134047;6.70234;0.0670234;0.0670234
4253;0.209014;-0.931636;5.76936;1.06836;5.76936;0.00134047;6.70234;0.0670234;0.0670234
4254;0.209014;-0.931636;5.76936;1.06836;5.76936;0.00134047;6.70234;0.0670234;0.0670234
4255;0.209014;-0.931636;5.76936;1.06836;5.76936;0.00134047;6.70234;0.0670234;0.0670234
4256;0.209014;-0.931636;5.76936;1.06836;5.76936;0.00134047;6.70234;0.0670234;0.0670234
4257;0.209014;-0.931636;5.76936;1.06836;5.76936;0.00134047;6.70234;0.0670234;0.0670234
4258;0.209014;-0.931636;5.76936;1.06836;5.76936;0.00134047;6.70234;0.0670234;0.0670234
4259;0.209014;-0.931636;5.76936;1.06836;5.76936;0.00134047;6.70234;0.0670234;0.0670234
4260;0.209014;-0.931636;5.76936;1.06836;5.76936;0.00134047;6.70234;0.0670234;0.0670234
4261;0.209014;-0.931636;5.76936;1.06836;5.76936;0.00134047;6.70234;0.0670234;0.0670234
4262;0.209014;-0.931636;5.76936;1.06836;5.76936;0.00134047;6.70234;0.0670234;0.0670234
4263;0.209014;-0.931636;5.76936;1.06836;5.76936;0.00134047;6.70234;0.0670234;0.0670234
4264;0.209014;-0.931636;5.76936;1.06836;5.76936;0.00134047;6.70234;0.0670234;0.0670234
4265;0.209014;-0.931636;5.76936;1.06836;5.76936;0.00134047;6.70234;0.0670234;0.0670234
4266;0.209014;-0.931636;5.76936;1.06836;5.76936;0.00134047;6.70234;0.0670234;0.0670234
4267;0.209014;-0.931636;5.76936;1.06836;5.76936;0.00134047;6.70234;0.0670234;0.0670234
4268;0.209014;-0.931636;5.76936;1.06836;5.76936;0.00134047;6.70234;0.0670234;0.0670234
4269;0.209014;-0.931636;5.76936;1.06836;5.76936;0.00134047;6.70234;0.0670234;0.0670234
4270;0.209014;-0.931636;5.76936;1.06836;5.76936;0.00134047;6.70234;0.0670234;0.0670234
4271;0.209014;-0.931636;5.76936;1.06836;5.76936;0.00134047;6.70234;0.0670234;0.0670234
4272;0.209014;-0.931636;5.76936;1.06836;5.76936;0.00134047;6.70234;0.0670234;0.0670234
4273;0.209014;-0.931636;5.76936;1.06836;5.76936;0.00134047;6.70234;0.0670234;0.0670234
4274;0.209014;-0.931636;5.76936;1.06836;5.76936;0.00134047;6.70234;0.0670234;0.0670234
4275;0.209014;-0.931636;5.76936;1.06836;5.76936;0.00134047;6.70234;0.0670234;0.0670234
4276;0.209014;-0.931636;5.76936;1.06836;5.76936;0.00134047;6.70234;0.0670234;0.0670234
4277;0.209014;-0.931636;5.76936;1.06836;5.76936;0.00134047;6.70234;0.0670234;0.0670234
4278;0.209014;-0.931636;5.76936;1.06836;5.76936;0.00134047;6.70234;0.0670234;0.0670234
4279;0.209014;-0.931636;5.76936;1.06836;5.76936;0.00134047;6.70234;0.0670234;0.0670234
4280;0.209014;-0.931636;5.76936;1.06836;5.76936;0.00134047;6.70234;0.0670234;0.0670234
4281;0.209014;-0.931636;5.76936;1.06836;5.76936;0.00134047;6.70234;0.0670234;0.0670234
4282;0.209014;-0.931636;5.76936;1.06836;5.76936;0.00134047;6.70234;0.0670234;0.0670234
4283;0.209014;-0.931636;5.76936;1.06836;5.76936;0.00134047;6.70234;0.0670234;0.0670234
4284;0.209014;-0.931636;5.76936;1.06836;5.76936;0.00134047;6.70234;0.0670234;0.0670234
4285;0.209014;-0.931636;5.76936;1.06836;5.76936;0.00134047;6.70234;0.0670234;0.0670234
4286;0.209014;-0.931636;5.76936;1.06836;5.76936;0.00134047;6.70234;0.0670234;0.0670234
4287;0.209014;-0.931636;5.76936;1.06836;5.76936;0.00134047;6.70234;0.0670234;0.0670234
4288;0.209014;-0.931636;5.76936;1.06836;5.76936;0.00134047;6.70234;0.0670234;0.0670234
4289;0.209014;-0.931636;5.76936;1.06836;5.76936;0.00134047;6.70234;0.0670234;0.0670234
4290;0.209014;-0.931636;5.76936;1.06836;5.76936;0.00134047;6.70234;0.0670234;0.0670234
4291;0.209014;-0.931636;5.76936;1.06836;5.76936;0.00134047;6.70234;0.0670234;0.0670234
4292;0.209014;-0.931636;5.76936;1.06836;5.76936;0.00134047;6.70234;0.0670234;0.0670234
4293;0.209014;-0.931636;5.76936;1.06836;5.76936;0.00134047;6.70234;0.0670234;0.0670234
4294;0.209014;-0.931636;5.76936;1.06836;5.76936;0.00134047;6.70234;0.0670234;0.0670234
4295;0.209014;-0.931636;5.76936;1.06836;5.76936;0.00134047;6.70234;0.0670234;0.0670234
4296;0.209014;-0.931636;5.76936;1.06836;5.76936;0.00134047;6.70234;0.0670234;0.0670234
4297;0.209014;-0.931636;5.76936;1.06836;5.76936;0.00134047;6.70234;0.0670234;0.0670234
4298;0.209014;-0.931636;5.76936;1.06836;5.76936;0.00134047;6.70234;0.0670234;0.0670234
4299;0.209014;-0.931636;5.76936;1.06836;5.76936;0.00134047;6.70234;0.0670234;0.0670234
4300;0.209014;-0.931636;5.76936;1.06836;5.76936;0.00134047;6.70234;0.0670234;0.0670234
4301;0.209014;-0.931636;5.76936;1.06836;5.76936;0.00134047;6.70234;0.0670234;0.0670234
4302;0.209014;-0.931636;5.76936;1.06836;5.76936;0.00134047;6.70234;0.0670234;0.0670234
4303;0.209014;-0.931636;5.76936;1.06836;5.76936;0.00134047;6.70234;0.0670234;0.0670234
4304;0.209014;-0.931636;5.76936;1.06836;5.76936;0.00134047;6.70234;0.0670234;0.0670234
4305;0.209014;-0.931636;5.76936;1.06836;5.76936;0.00134047;6.70234;0.0670234;0.0670234
4306;0.209014;-0.931636;5.76936;1.06836;5.76936;0.00134047;6.70234;0.0670234;0.0670234
4307;0.209014;-0.931636;5.76936;1.06836;5.76936;0.00134047;6.70234;0.0670234;0.0670234
4308;0.209014;-0.931636;5.76936;1.06836;5.76936;0.00134047;6.70234;0.0670234;0.0670234
4309;0.209014;-0.931636;5.76936;1.06836;5.76936;0.00134047;6.70234;0.0670234;0.0670234
4310;0.209014;-0.931636;5.76936;1.06836;5.76936;0.00134047;6.70234;0.0670234;0.0670234
4311;0.209014;-0.931636;5.76936;1.06836;5.76936;0.00134047;6.70234;0.0670234;0.0670234
4312;0.209014;-0.931636;5.76936;1.06836;5.76936;0.00134047;6.70234;0.0670234;0.0670234
4313;0.209014;-0.931636;5.76936;1.06836;5.76936;0.00134047;6.70234;0.0670234;0.0670234
4314;0.209014;-0.931636;5.76936;1.06836;5.76936;0.00134047;6.70234;0.0670234;0.0670234
4315;0.209014;-0.931636;5.76936;1.06836;5.76936;0.00134047;6.70234;0.0670234;0.0670234
4316;0.209014;-0.931636;5.76936;1.06836;5.76936;0.00134047;6.70234;0.0670234;0.0670234
4317;0.209014;-0.931636;5.76936;1.06836;5.76936;0.00134047;6.70234;0.0670234;0.0670234
4318;0.209014;-0.931636;5.76936;1.06836;5.76936;0.00134047;6.70234;0.0670234;0.0670234
4319;0.209014;-0.931636;5.76936;1.06836;5.76936;0.00134047;6.70234;0.0670234;0.0670234
4320;0.209014;-0.931636;5.76936;1.06836;5.76936;0.00134047;6.70234;0.0670234;0.0670234
4321;0.209014;-0.931636;5.76936;1.06836;5.76936;0.00134047;6.70234;0.0670234;0.0670234
4322;0.209014;-0.931636;5.76936;1.06836;5.76936;0.00134047;6.70234;0.0670234;0.0670234
4323;0.209014;-0.931636;5.76936;1.06836;5.76936;0.00134047;6.70234;0.0670234;0.0670234
4324;0.209014;-0.931636;5.76936;1.06836;5.76936;0.00134047;6.70234;0.0670234;0.0670234
4325;0.209014;-0.931636;5.76936;1.06836;5.76936;0.00134047;6.70234;0.0670234;0.0670234
4326;0.209014;-0.931636;5.76936;1.06836;5.76936;0.00134047;6.70234;0.0670234;0.0670234
4327;0.209014;-0.931636;5.76936;1.06836;5.76936;0.00134047;6.70234;0.0670234;0.0670234
4328;0.209014;-0.931636;5.76936;1.06836;5.76936;0.00134047;6.70234;0.0670234;0.0670234
4329;0.209014;-0.931636;5.76936;1.06836;5.76936;0.00134047;6.70234;0.0670234;0.0670234
4330;0.209014;-0.931636;5.76936;1.06836;5.76936;0.00134047;6.70234;0.0670234;0.0670234
4331;0.209014;-0.931636;5.76936;1.06836;5.76936;0.00134047;6.70234;0.0670234;0.0670234
4332;0.209014;-0.931636;5.76936;1.06836;5.76936;0.00134047;6.70234;0.0670234;0.0670234
4333;0.209014;-0.931636;5.76936;1.06836;5.76936;0.00134047;6.70234;0.0670234;0.0670234
4334;0.209014;-0.931636;5.76936;1.06836;5.76936;0.00134047;6.70234;0.0670234;0.0670234
4335;0.209014;-0.931636;5.76936;1.06836;5.76936;0.00134047;6.70234;0.0670234;0.0670234
4336;0.209014;-0.931636;5.76936;1.06836;5.76936;0.00134047;6.70234;0.0670234;0.0670234
4337;0.209014;-0.931636;5.76936;1.06836;5.76936;0.00134047;6.70234;0.0670234;0.0670234
4338;0.209014;-0.931636;5.76936;1.06836;5.76936;0.00134047;6.70234;0.0670234;0.0670234
4339;0.209014;-0.931636;5.76936;1.06836;5.76936;0.00134047;6.70234;0.0670234;0.0670234
4340;0.209014;-0.931636;5.76936;1.06836;5.76936;0.00134047;6.70234;0.0670234;0.0670234
4341;0.209014;-0.931636;5.76936;1.06836;5.76936;0.00134047;6.70234;0.0670234;0.0670234
4342;0.209014;-0.931636;5.76936;1.06836;5.76936;0.00134047;6.70234;0.0670234;0.0670234
4343;0.209014;-0.931636;5.76936;1.06836;5.76936;0.00134047;6.70234;0.0670234;0.0670234
4344;0.209014;-0.931636;5.76936;1.06836;5.76936;0.00134047;6.70234;0.0670234;0.0670234
4345;0.209014;-0.931636;5.76936;1.06836;5.76936;0.00134047;6.70234;0.0670234;0.0670234
4346;0.209014;-0.931636;5.76936;1.06836;5.76936;0.00134047;6.70234;0.0670234;0.0670234
4347;0.209014;-0.931636;5.76936;1.06836;5.76936;0.00134047;6.70234;0.0670234;0.0670234
4348;0.209014;-0.931636;5.76936;1.06836;5.76936;0.00134047;6.70234;0.0670234;0.0670234
4349;0.209014;-0.931636;5.76936;1.06836;5.76936;0.00134047;6.70234;0.0670234;0.0670234
4350;0.209014;-0.931636;5.76936;1.06836;5.76936;0.00134047;6.70234;0.0670234;0.0670234
4351;0.209014;-0.931636;5.76936;1.06836;5.76936;0.00134047;6.70234;0.0670234;0.0670234
4352;0.209014;-0.931636;5.76936;1.06836;5.76936;0.00134047;6.70234;0.0670234;0.0670234
4353;0.209014;-0.931636;5.76936;1.06836;5.76936;0.00134047;6.70234;0.0670234;0.0670234
4354;0.209014;-0.931636;5.76936;1.06836;5.76936;0.00134047;6.70234;0.0670234;0.0670234
4355;0.209014;-0.931636;5.76936;1.06836;5.76936;0.00134047;6.70234;0.0670234;0.0670234
4356;0.209014;-0.931636;5.76936;1.06836;5.76936;0.00134047;6.70234;0.0670234;0.0670234
4357;0.209014;-0.931636;5.76936;1.06836;5.76936;0.00134047;6.70234;0.0670234;0.0670234
4358;0.209014;-0.931636;5.76936;1.06836;5.76936;0.00134047;6.70234;0.0670234;0.0670234
4359;0.209014;-0.931636;5.76936;1.06836;5.76936;0.00134047;6.70234;0.0670234;0.0670234
4360;0.209014;-0.931636;5.76936;1.06836;5.76936;0.00134047;6.70234;0.0670234;0.0670234
4361;0.209014;-0.931636;5.76936;1.06836;5.76936;0.00134047;6.70234;0.0670234;0.0670234
4362;0.209014;-0.931636;5.76936;1.06836;5.76936;0.00134047;6.70234;0.0670234;0.0670234
4363;0.209014;-0.931636;5.76936;1.06836;5.76936;0.00134047;6.70234;0.0670234;0.0670234
4364;0.209014;-0.931636;5.76936;1.06836;5.76936;0.00134047;6.70234;0.0670234;0.0670234
4365;0.209014;-0.931636;5.76936;1.06836;5.76936;0.00134047;6.70234;0.0670234;0.0670234
4366;0.209014;-0.931636;5.76936;1.06836;5.76936;0.00134047;6.70234;0.0670234;0.0670234
4367;0.209014;-0.931636;5.76936;1.06836;5.76936;0.00134047;6.70234;0.0670234;0.0670234
4368;0.209014;-0.931636;5.76936;1.06836;5.76936;0.00134047;6.70234;0.0670234;0.0670234
4369;0.209014;-0.931636;5.76936;1.06836;5.76936;0.00134047;6.70234;0.0670234;0.0670234
4370;0.209014;-0.931636;5.76936;1.06836;5.76936;0.00134047;6.70234;0.0670234;0.0670234
4371;0.209014;-0.931636;5.76936;1.06836;5.76936;0.00134047;6.70234;0.0670234;0.0670234
4372;0.209014;-0.931636;5.76936;1.06836;5.76936;0.00134047;6.70234;0.0670234;0.0670234
4373;0.209014;-0.931636;5.76936;1.06836;5.76936;0.00134047;6.70234;0.0670234;0.0670234
4374;0.209014;-0.931636;5.76936;1.06836;5.76936;0.00134047;6.70234;0.0670234;0.0670234
4375;0.209014;-0.931636;5.76936;1.06836;5.76936;0.00134047;6.70234;0.0670234;0.0670234
4376;0.209014;-0.931636;5.76936;1.06836;5.76936;0.00134047;6.70234;0.0670234;0.0670234
4377;0.209014;-0.931636;5.76936;1.06836;5.76936;0.00134047;6.70234;0.0670234;0.0670234
4378;0.209014;-0.931636;5.76936;1.06836;5.76936;0.00134047;6.70234;0.0670234;0.0670234
4379;0.209014;-0.931636;5.76936;1.06836;5.76936;0.00134047;6.70234;0.0670234;0.0670234
4380;0.209014;-0.931636;5.76936;1.06836;5.76936;0.00134047;6.70234;0.0670234;0.0670234
4381;0.209014;-0.931636;5.76936;1.06836;5.76936;0.00134047;6.70234;0.0670234;0.0670234
4382;0.209014;-0.931636;5.76936;1.06836;5.76936;0.00134047;6.70234;0.0670234;0.0670234
4383;0.209014;-0.931636;5.76936;1.06836;5.76936;0.00134047;6.70234;0.0670234;0.0670234
4384;0.209014;-0.931636;5.76936;1.06836;5.76936;0.00134047;6.70234;0.0670234;0.0670234
4385;0.209014;-0.931636;5.76936;1.06836;5.76936;0.00134047;6.70234;0.0670234;0.0670234
4386;0.209014;-0.931636;5.76936;1.06836;5.76936;0.00134047;6.70234;0.0670234;0.0670234
4387;0.209014;-0.931636;5.76936;1.06836;5.76936;0.00134047;6.70234;0.0670234;0.0670234
4388;0.209014;-0.931636;5.76936;1.06836;5.76936;0.00134047;6.70234;0.0670234;0.0670234
4389;0.209014;-0.931636;5.76936;1.06836;5.76936;0.00134047;6.70234;0.0670234;0.0670234
4390;0.209014;-0.931636;5.76936;1.06836;5.76936;0.00134047;6.70234;0.0670234;0.0670234
4391;0.209014;-0.931636;5.76936;1.06836;5.76936;0.00134047;6.70234;0.0670234;0.0670234
4392;0.209014;-0.931636;5.76936;1.06836;5.76936;0.00134047;6.70234;0.0670234;0.0670234
4393;0.209014;-0.931636;5.76936;1.06836;5.76936;0.00134047;6.70234;0.0670234;0.0670234
4394;0.209014;-0.931636;5.76936;1.06836;5.76936;0.00134047;6.70234;0.0670234;0.0670234
4395;0.209014;-0.931636;5.76936;1.06836;5.76936;0.00134047;6.70234;0.0670234;0.0670234
4396;0.209014;-0.931636;5.76936;1.06836;5.76936;0.00134047;6.70234;0.0670234;0.0670234
4397;0.209014;-0.931636;5.76936;1.06836;5.76936;0.00134047;6.70234;0.0670234;0.0670234
4398;0.209014;-0.931636;5.76936;1.06836;5.76936;0.00134047;6.70234;0.0670234;0.0670234
4399;0.209014;-0.931636;5.76936;1.06836;5.76936;0.00134047;6.70234;0.0670234;0.0670234
4400;0.209014;-0.931636;5.76936;1.06836;5.76936;0.00134047;6.70234;0.0670234;0.0670234
4401;0.209014;-0.931636;5.76936;1.06836;5.76936;0.00134047;6.70234;0.0670234;0.0670234
4402;0.209014;-0.931636;5.76936;1.06836;5.76936;0.00134047;6.70234;0.0670234;0.0670234
4403;0.209014;-0.931636;5.76936;1.06836;5.76936;0.00134047;6.70234;0.0670234;0.0670234
4404;0.209014;-0.931636;5.76936;1.06836;5.76936;0.00134047;6.70234;0.0670234;0.0670234
4405;0.209014;-0.931636;5.76936;1.06836;5.76936;0.00134047;6.70234;0.0670234;0.0670234
4406;0.209014;-0.931636;5.76936;1.06836;5.76936;0.00134047;6.70234;0.0670234;0.0670234
4407;0.209014;-0.931636;5.76936;1.06836;5.76936;0.00134047;6.70234;0.0670234;0.0670234
4408;0.209014;-0.931636;5.76936;1.06836;5.76936;0.00134047;6.70234;0.0670234;0.0670234
4409;0.209014;-0.931636;5.76936;1.06836;5.76936;0.00134047;6.70234;0.0670234;0.0670234
4410;0.209014;-0.931636;5.76936;1.06836;5.76936;0.00134047;6.70234;0.0670234;0.0670234
4411;0.209014;-0.931636;5.76936;1.06836;5.76936;0.00134047;6.70234;0.0670234;0.0670234
4412;0.209014;-0.931636;5.76936;1.06836;5.76936;0.00134047;6.70234;0.0670234;0.0670234
4413;0.209014;-0.931636;5.76936;1.06836;5.76936;0.00134047;6.70234;0.0670234;0.0670234
4414;0.209014;-0.931636;5.76936;1.06836;5.76936;0.00134047;6.70234;0.0670234;0.0670234
4415;0.209014;-0.931636;5.76936;1.06836;5.76936;0.00134047;6.70234;0.0670234;0.0670234
4416;0.209014;-0.931636;5.76936;1.06836;5.76936;0.00134047;6.70234;0.0670234;0.0670234
4417;0.209014;-0.931636;5.76936;1.06836;5.76936;0.00134047;6.70234;0.0670234;0.0670234
4418;0.209014;-0.931636;5.76936;1.06836;5.76936;0.00134047;6.70234;0.0670234;0.0670234
4419;0.209014;-0.931636;5.76936;1.06836;5.76936;0.00134047;6.70234;0.0670234;0.0670234
4420;0.209014;-0.931636;5.76936;1.06836;5.76936;0.00134047;6.70234;0.0670234;0.0670234
4421;0.209014;-0.931636;5.76936;1.06836;5.76936;0.00134047;6.70234;0.0670234;0.0670234
4422;0.209014;-0.931636;5.76936;1.06836;5.76936;0.00134047;6.70234;0.0670234;0.0670234
4423;0.209014;-0.931636;5.76936;1.06836;5.76936;0.00134047;6.70234;0.0670234;0.0670234
4424;0.209014;-0.931636;5.76936;1.06836;5.76936;0.00134047;6.70234;0.0670234;0.0670234
4425;0.209014;-0.931636;5.76936;1.06836;5.76936;0.00134047;6.70234;0.0670234;0.0670234
4426;0.209014;-0.931636;5.76936;1.06836;5.76936;0.00134047;6.70234;0.0670234;0.0670234
4427;0.209014;-0.931636;5.76936;1.06836;5.76936;0.00134047;6.70234;0.0670234;0.0670234
4428;0.209014;-0.931636;5.76936;1.06836;5.76936;0.00134047;6.70234;0.0670234;0.0670234
4429;0.209014;-0.931636;5.76936;1.06836;5.76936;0.00134047;6.70234;0.0670234;0.0670234
4430;0.209014;-0.931636;5.76936;1.06836;5.76936;0.00134047;6.70234;0.0670234;0.0670234
4431;0.209014;-0.931636;5.76936;1.06836;5.76936;0.00134047;6.70234;0.0670234;0.0670234
4432;0.209014;-0.931636;5.76936;1.06836;5.76936;0.00134047;6.70234;0.0670234;0.0670234
4433;0.209014;-0.931636;5.76936;1.06836;5.76936;0.00134047;6.70234;0.0670234;0.0670234
4434;0.209014;-0.931636;5.76936;1.06836;5.76936;0.00134047;6.70234;0.0670234;0.0670234
4435;0.209014;-0.931636;5.76936;1.06836;5.76936;0.00134047;6.70234;0.0670234;0.0670234
4436;0.209014;-0.931636;5.76936;1.06836;5.76936;0.00134047;6.70234;0.0670234;0.0670234
4437;0.209014;-0.931636;5.76936;1.06836;5.76936;0.00134047;6.70234;0.0670234;0.0670234
4438;0.209014;-0.931636;5.76936;1.06836;5.76936;0.00134047;6.70234;0.0670234;0.0670234
4439;0.209014;-0.931636;5.76936;1.06836;5.76936;0.00134047;6.70234;0.0670234;0.0670234
4440;0.209014;-0.931636;5.76936;1.06836;5.76936;0.00134047;6.70234;0.0670234;0.0670234
4441;0.209014;-0.931636;5.76936;1.06836;5.76936;0.00134047;6.70234;0.0670234;0.0670234
4442;0.209014;-0.931636;5.76936;1.06836;5.76936;0.00134047;6.70234;0.0670234;0.0670234
4443;0.209014;-0.931636;5.76936;1.06836;5.76936;0.00134047;6.70234;0.0670234;0.0670234
4444;0.209014;-0.931636;5.76936;1.06836;5.76936;0.00134047;6.70234;0.0670234;0.0670234
4445;0.209014;-0.931636;5.76936;1.06836;5.76936;0.00134047;6.70234;0.0670234;0.0670234
4446;0.209014;-0.931636;5.76936;1.06836;5.76936;0.00134047;6.70234;0.0670234;0.0670234
4447;0.209014;-0.931636;5.76936;1.06836;5.76936;0.00134047;6.70234;0.0670234;0.0670234
4448;0.209014;-0.931636;5.76936;1.06836;5.76936;0.00134047;6.70234;0.0670234;0.0670234
4449;0.209014;-0.931636;5.76936;1.06836;5.76936;0.00134047;6.70234;0.0670234;0.0670234
4450;0.209014;-0.931636;5.76936;1.06836;5.76936;0.00134047;6.70234;0.0670234;0.0670234
4451;0.209014;-0.931636;5.76936;1.06836;5.76936;0.00134047;6.70234;0.0670234;0.0670234
4452;0.209014;-0.931636;5.76936;1.06836;5.76936;0.00134047;6.70234;0.0670234;0.0670234
4453;0.209014;-0.931636;5.76936;1.06836;5.76936;0.00134047;6.70234;0.0670234;0.0670234
4454;0.209014;-0.931636;5.76936;1.06836;5.76936;0.00134047;6.70234;0.0670234;0.0670234
4455;0.209014;-0.931636;5.76936;1.06836;5.76936;0.00134047;6.70234;0.0670234;0.0670234
4456;0.209014;-0.931636;5.76936;1.06836;5.76936;0.00134047;6.70234;0.0670234;0.0670234
4457;0.209014;-0.931636;5.76936;1.06836;5.76936;0.00134047;6.70234;0.0670234;0.0670234
4458;0.209014;-0.931636;5.76936;1.06836;5.76936;0.00134047;6.70234;0.0670234;0.0670234
4459;0.209014;-0.931636;5.76936;1.06836;5.76936;0.00134047;6.70234;0.0670234;0.0670234
4460;0.209014;-0.931636;5.76936;1.06836;5.76936;0.00134047;6.70234;0.0670234;0.0670234
4461;0.209014;-0.931636;5.76936;1.06836;5.76936;0.00134047;6.70234;0.0670234;0.0670234
4462;0.209014;-0.931636;5.76936;1.06836;5.76936;0.00134047;6.70234;0.0670234;0.0670234
4463;0.209014;-0.931636;5.76936;1.06836;5.76936;0.00134047;6.70234;0.0670234;0.0670234
4464;0.209014;-0.931636;5.76936;1.06836;5.76936;0.00134047;6.70234;0.0670234;0.0670234
4465;0.209014;-0.931636;5.76936;1.06836;5.76936;0.00134047;6.70234;0.0670234;0.0670234
4466;0.209014;-0.931636;5.76936;1.06836;5.76936;0.00134047;6.70234;0.0670234;0.0670234
4467;0.209014;-0.931636;5.76936;1.06836;5.76936;0.00134047;6.70234;0.0670234;0.0670234
4468;0.209014;-0.931636;5.76936;1.06836;5.76936;0.00134047;6.70234;0.0670234;0.0670234
4469;0.209014;-0.931636;5.76936;1.06836;5.76936;0.00134047;6.70234;0.0670234;0.0670234
4470;0.209014;-0.931636;5.76936;1.06836;5.76936;0.00134047;6.70234;0.0670234;0.0670234
4471;0.209014;-0.931636;5.76936;1.06836;5.76936;0.00134047;6.70234;0.0670234;0.0670234
4472;0.209014;-0.931636;5.76936;1.06836;5.76936;0.00134047;6.70234;0.0670234;0.0670234
4473;0.209014;-0.931636;5.76936;1.06836;5.76936;0.00134047;6.70234;0.0670234;0.0670234
4474;0.209014;-0.931636;5.76936;1.06836;5.76936;0.00134047;6.70234;0.0670234;0.0670234
4475;0.209014;-0.931636;5.76936;1.06836;5.76936;0.00134047;6.70234;0.0670234;0.0670234
4476;0.209014;-0.931636;5.76936;1.06836;5.76936;0.00134047;6.70234;0.0670234;0.0670234
4477;0.209014;-0.931636;5.76936;1.06836;5.76936;0.00134047;6.70234;0.0670234;0.0670234
4478;0.209014;-0.931636;5.76936;1.06836;5.76936;0.00134047;6.70234;0.0670234;0.0670234
4479;0.209014;-0.931636;5.76936;1.06836;5.76936;0.00134047;6.70234;0.0670234;0.0670234
4480;0.209014;-0.931636;5.76936;1.06836;5.76936;0.00134047;6.70234;0.0670234;0.0670234
4481;0.209014;-0.931636;5.76936;1.06836;5.76936;0.00134047;6.70234;0.0670234;0.0670234
4482;0.209014;-0.931636;5.76936;1.06836;5.76936;0.00134047;6.70234;0.0670234;0.0670234
4483;0.209014;-0.931636;5.76936;1.06836;5.76936;0.00134047;6.70234;0.0670234;0.0670234
4484;0.209014;-0.931636;5.76936;1.06836;5.76936;0.00134047;6.70234;0.0670234;0.0670234
4485;0.209014;-0.931636;5.76936;1.06836;5.76936;0.00134047;6.70234;0.0670234;0.0670234
4486;0.209014;-0.931636;5.76936;1.06836;5.76936;0.00134047;6.70234;0.0670234;0.0670234
4487;0.209014;-0.931636;5.76936;1.06836;5.76936;0.00134047;6.70234;0.0670234;0.0670234
4488;0.209014;-0.931636;5.76936;1.06836;5.76936;0.00134047;6.70234;0.0670234;0.0670234
4489;0.209014;-0.931636;5.76936;1.06836;5.76936;0.00134047;6.70234;0.0670234;0.0670234
4490;0.209014;-0.931636;5.76936;1.06836;5.76936;0.00134047;6.70234;0.0670234;0.0670234
4491;0.209014;-0.931636;5.76936;1.06836;5.76936;0.00134047;6.70234;0.0670234;0.0670234
4492;0.209014;-0.931636;5.76936;1.06836;5.76936;0.00134047;6.70234;0.0670234;0.0670234
4493;0.209014;-0.931636;5.76936;1.06836;5.76936;0.00134047;6.70234;0.0670234;0.0670234
4494;0.209014;-0.931636;5.76936;1.06836;5.76936;0.00134047;6.70234;0.0670234;0.0670234
4495;0.209014;-0.931636;5.76936;1.06836;5.76936;0.00134047;6.70234;0.0670234;0.0670234
4496;0.209014;-0.931636;5.76936;1.06836;5.76936;0.00134047;6.70234;0.0670234;0.0670234
4497;0.209014;-0.931636;5.76936;1.06836;5.76936;0.00134047;6.70234;0.0670234;0.0670234
4498;0.209014;-0.931636;5.76936;1.06836;5.76936;0.00134047;6.70234;0.0670234;0.0670234
4499;0.209014;-0.931636;5.76936;1.06836;5.76936;0.00134047;6.70234;0.0670234;0.0670234
4500;0.209014;-0.931636;5.76936;1.06836;5.76936;0.00134047;6.70234;0.0670234;0.0670234
4501;0.209014;-0.931636;5.76936;1.06836;5.76936;0.00134047;6.70234;0.0670234;0.0670234
4502;0.209014;-0.931636;5.76936;1.06836;5.76936;0.00134047;6.70234;0.0670234;0.0670234
4503;0.209014;-0.931636;5.76936;1.06836;5.76936;0.00134047;6.70234;0.0670234;0.0670234
4504;0.209014;-0.931636;5.76936;1.06836;5.76936;0.00134047;6.70234;0.0670234;0.0670234
4505;0.209014;-0.931636;5.76936;1.06836;5.76936;0.00134047;6.70234;0.0670234;0.0670234
4506;0.209014;-0.931636;5.76936;1.06836;5.76936;0.00134047;6.70234;0.0670234;0.0670234
4507;0.209014;-0.931636;5.76936;1.06836;5.76936;0.00134047;6.70234;0.0670234;0.0670234
4508;0.209014;-0.931636;5.76936;1.06836;5.76936;0.00134047;6.70234;0.0670234;0.0670234
4509;0.209014;-0.931636;5.76936;1.06836;5.76936;0.00134047;6.70234;0.0670234;0.0670234
4510;0.209014;-0.931636;5.76936;1.06836;5.76936;0.00134047;6.70234;0.0670234;0.0670234
4511;0.209014;-0.931636;5.76936;1.06836;5.76936;0.00134047;6.70234;0.0670234;0.0670234
4512;0.209014;-0.931636;5.76936;1.06836;5.76936;0.00134047;6.70234;0.0670234;0.0670234
4513;0.209014;-0.931636;5.76936;1.06836;5.76936;0.00134047;6.70234;0.0670234;0.0670234
4514;0.209014;-0.931636;5.76936;1.06836;5.76936;0.00134047;6.70234;0.0670234;0.0670234
4515;0.209014;-0.931636;5.76936;1.06836;5.76936;0.00134047;6.70234;0.0670234;0.0670234
4516;0.209014;-0.931636;5.76936;1.06836;5.76936;0.00134047;6.70234;0.0670234;0.0670234
4517;0.209014;-0.931636;5.76936;1.06836;5.76936;0.00134047;6.70234;0.0670234;0.0670234
4518;0.209014;-0.931636;5.76936;1.06836;5.76936;0.00134047;6.70234;0.0670234;0.0670234
4519;0.209014;-0.931636;5.76936;1.06836;5.76936;0.00134047;6.70234;0.0670234;0.0670234
4520;0.209014;-0.931636;5.76936;1.06836;5.76936;0.00134047;6.70234;0.0670234;0.0670234
4521;0.209014;-0.931636;5.76936;1.06836;5.76936;0.00134047;6.70234;0.0670234;0.0670234
4522;0.209014;-0.931636;5.76936;1.06836;5.76936;0.00134047;6.70234;0.0670234;0.0670234
4523;0.209014;-0.931636;5.76936;1.06836;5.76936;0.00134047;6.70234;0.0670234;0.0670234
4524;0.209014;-0.931636;5.76936;1.06836;5.76936;0.00134047;6.70234;0.0670234;0.0670234
4525;0.209014;-0.931636;5.76936;1.06836;5.76936;0.00134047;6.70234;0.0670234;0.0670234
4526;0.209014;-0.931636;5.76936;1.06836;5.76936;0.00134047;6.70234;0.0670234;0.0670234
4527;0.209014;-0.931636;5.76936;1.06836;5.76936;0.00134047;6.70234;0.0670234;0.0670234
4528;0.209014;-0.931636;5.76936;1.06836;5.76936;0.00134047;6.70234;0.0670234;0.0670234
4529;0.209014;-0.931636;5.76936;1.06836;5.76936;0.00134047;6.70234;0.0670234;0.0670234
4530;0.209014;-0.931636;5.76936;1.06836;5.76936;0.00134047;6.70234;0.0670234;0.0670234
4531;0.209014;-0.931636;5.76936;1.06836;5.76936;0.00134047;6.70234;0.0670234;0.0670234
4532;0.209014;-0.931636;5.76936;1.06836;5.76936;0.00134047;6.70234;0.0670234;0.0670234
4533;0.209014;-0.931636;5.76936;1.06836;5.76936;0.00134047;6.70234;0.0670234;0.0670234
4534;0.209014;-0.931636;5.76936;1.06836;5.76936;0.00134047;6.70234;0.0670234;0.0670234
4535;0.209014;-0.931636;5.76936;1.06836;5.76936;0.00134047;6.70234;0.0670234;0.0670234
4536;0.209014;-0.931636;5.76936;1.06836;5.76936;0.00134047;6.70234;0.0670234;0.0670234
4537;0.209014;-0.931636;5.76936;1.06836;5.76936;0.00134047;6.70234;0.0670234;0.0670234
4538;0.209014;-0.931636;5.76936;1.06836;5.76936;0.00134047;6.70234;0.0670234;0.0670234
4539;0.209014;-0.931636;5.76936;1.06836;5.76936;0.00134047;6.70234;0.0670234;0.0670234
4540;0.209014;-0.931636;5.76936;1.06836;5.76936;0.00134047;6.70234;0.0670234;0.0670234
4541;0.209014;-0.931636;5.76936;1.06836;5.76936;0.00134047;6.70234;0.0670234;0.0670234
4542;0.209014;-0.931636;5.76936;1.06836;5.76936;0.00134047;6.70234;0.0670234;0.0670234
4543;0.209014;-0.931636;5.76936;1.06836;5.76936;0.00134047;6.70234;0.0670234;0.0670234
4544;0.209014;-0.931636;5.76936;1.06836;5.76936;0.00134047;6.70234;0.0670234;0.0670234
4545;0.209014;-0.931636;5.76936;1.06836;5.76936;0.00134047;6.70234;0.0670234;0.0670234
4546;0.209014;-0.931636;5.76936;1.06836;5.76936;0.00134047;6.70234;0.0670234;0.0670234
4547;0.209014;-0.931636;5.76936;1.06836;5.76936;0.00134047;6.70234;0.0670234;0.0670234
4548;0.209014;-0.931636;5.76936;1.06836;5.76936;0.00134047;6.70234;0.0670234;0.0670234
4549;0.209014;-0.931636;5.76936;1.06836;5.76936;0.00134047;6.70234;0.0670234;0.0670234
4550;0.209014;-0.931636;5.76936;1.06836;5.76936;0.00134047;6.70234;0.0670234;0.0670234
4551;0.209014;-0.931636;5.76936;1.06836;5.76936;0.00134047;6.70234;0.0670234;0.0670234
4552;0.209014;-0.931636;5.76936;1.06836;5.76936;0.00134047;6.70234;0.0670234;0.0670234
4553;0.209014;-0.931636;5.76936;1.06836;5.76936;0.00134047;6.70234;0.0670234;0.0670234
4554;0.209014;-0.931636;5.76936;1.06836;5.76936;0.00134047;6.70234;0.0670234;0.0670234
4555;0.209014;-0.931636;5.76936;1.06836;5.76936;0.00134047;6.70234;0.0670234;0.0670234
4556;0.209014;-0.931636;5.76936;1.06836;5.76936;0.00134047;6.70234;0.0670234;0.0670234
4557;0.209014;-0.931636;5.76936;1.06836;5.76936;0.00134047;6.70234;0.0670234;0.0670234
4558;0.209014;-0.931636;5.76936;1.06836;5.76936;0.00134047;6.70234;0.0670234;0.0670234
4559;0.209014;-0.931636;5.76936;1.06836;5.76936;0.00134047;6.70234;0.0670234;0.0670234
4560;0.209014;-0.931636;5.76936;1.06836;5.76936;0.00134047;6.70234;0.0670234;0.0670234
4561;0.209014;-0.931636;5.76936;1.06836;5.76936;0.00134047;6.70234;0.0670234;0.0670234
4562;0.209014;-0.931636;5.76936;1.06836;5.76936;0.00134047;6.70234;0.0670234;0.0670234
4563;0.209014;-0.931636;5.76936;1.06836;5.76936;0.00134047;6.70234;0.0670234;0.0670234
4564;0.209014;-0.931636;5.76936;1.06836;5.76936;0.00134047;6.70234;0.0670234;0.0670234
4565;0.209014;-0.931636;5.76936;1.06836;5.76936;0.00134047;6.70234;0.0670234;0.0670234
4566;0.209014;-0.931636;5.76936;1.06836;5.76936;0.00134047;6.70234;0.0670234;0.0670234
4567;0.209014;-0.931636;5.76936;1.06836;5.76936;0.00134047;6.70234;0.0670234;0.0670234
4568;0.209014;-0.931636;5.76936;1.06836;5.76936;0.00134047;6.70234;0.0670234;0.0670234
4569;0.209014;-0.931636;5.76936;1.06836;5.76936;0.00134047;6.70234;0.0670234;0.0670234
4570;0.209014;-0.931636;5.76936;1.06836;5.76936;0.00134047;6.70234;0.0670234;0.0670234
4571;0.209014;-0.931636;5.76936;1.06836;5.76936;0.00134047;6.70234;0.0670234;0.0670234
4572;0.209014;-0.931636;5.76936;1.06836;5.76936;0.00134047;6.70234;0.0670234;0.0670234
4573;0.209014;-0.931636;5.76936;1.06836;5.76936;0.00134047;6.70234;0.0670234;0.0670234
4574;0.209014;-0.931636;5.76936;1.06836;5.76936;0.00134047;6.70234;0.0670234;0.0670234
4575;0.209014;-0.931636;5.76936;1.06836;5.76936;0.00134047;6.70234;0.0670234;0.0670234
4576;0.209014;-0.931636;5.76936;1.06836;5.76936;0.00134047;6.70234;0.0670234;0.0670234
4577;0.209014;-0.931636;5.76936;1.06836;5.76936;0.00134047;6.70234;0.0670234;0.0670234
4578;0.209014;-0.931636;5.76936;1.06836;5.76936;0.00134047;6.70234;0.0670234;0.0670234
4579;0.209014;-0.931636;5.76936;1.06836;5.76936;0.00134047;6.70234;0.0670234;0.0670234
4580;0.209014;-0.931636;5.76936;1.06836;5.76936;0.00134047;6.70234;0.0670234;0.0670234
4581;0.209014;-0.931636;5.76936;1.06836;5.76936;0.00134047;6.70234;0.0670234;0.0670234
4582;0.209014;-0.931636;5.76936;1.06836;5.76936;0.00134047;6.70234;0.0670234;0.0670234
4583;0.209014;-0.931636;5.76936;1.06836;5.76936;0.00134047;6.70234;0.0670234;0.0670234
4584;0.209014;-0.931636;5.76936;1.06836;5.76936;0.00134047;6.70234;0.0670234;0.0670234
4585;0.209014;-0.931636;5.76936;1.06836;5.76936;0.00134047;6.70234;0.0670234;0.0670234
4586;0.209014;-0.931636;5.76936;1.06836;5.76936;0.00134047;6.70234;0.0670234;0.0670234
4587;0.209014;-0.931636;5.76936;1.06836;5.76936;0.00134047;6.70234;0.0670234;0.0670234
4588;0.209014;-0.931636;5.76936;1.06836;5.76936;0.00134047;6.70234;0.0670234;0.0670234
4589;0.209014;-0.931636;5.76936;1.06836;5.76936;0.00134047;6.70234;0.0670234;0.0670234
4590;0.209014;-0.931636;5.76936;1.06836;5.76936;0.00134047;6.70234;0.0670234;0.0670234
4591;0.209014;-0.931636;5.76936;1.06836;5.76936;0.00134047;6.70234;0.0670234;0.0670234
4592;0.209014;-0.931636;5.76936;1.06836;5.76936;0.00134047;6.70234;0.0670234;0.0670234
4593;0.209014;-0.931636;5.76936;1.06836;5.76936;0.00134047;6.70234;0.0670234;0.0670234
4594;0.209014;-0.931636;5.76936;1.06836;5.76936;0.00134047;6.70234;0.0670234;0.0670234
4595;0.209014;-0.931636;5.76936;1.06836;5.76936;0.00134047;6.70234;0.0670234;0.0670234
4596;0.209014;-0.931636;5.76936;1.06836;5.76936;0.00134047;6.70234;0.0670234;0.0670234
4597;0.209014;-0.931636;5.76936;1.06836;5.76936;0.00134047;6.70234;0.0670234;0.0670234
4598;0.209014;-0.931636;5.76936;1.06836;5.76936;0.00134047;6.70234;0.0670234;0.0670234
4599;0.209014;-0.931636;5.76936;1.06836;5.76936;0.00134047;6.70234;0.0670234;0.0670234
4600;0.209014;-0.931636;5.76936;1.06836;5.76936;0.00134047;6.70234;0.0670234;0.0670234
4601;0.209014;-0.931636;5.76936;1.06836;5.76936;0.00134047;6.70234;0.0670234;0.0670234
4602;0.209014;-0.931636;5.76936;1.06836;5.76936;0.00134047;6.70234;0.0670234;0.0670234
4603;0.209014;-0.931636;5.76936;1.06836;5.76936;0.00134047;6.70234;0.0670234;0.0670234
4604;0.209014;-0.931636;5.76936;1.06836;5.76936;0.00134047;6.70234;0.0670234;0.0670234
4605;0.209014;-0.931636;5.76936;1.06836;5.76936;0.00134047;6.70234;0.0670234;0.0670234
4606;0.209014;-0.931636;5.76936;1.06836;5.76936;0.00134047;6.70234;0.0670234;0.0670234
4607;0.209014;-0.931636;5.76936;1.06836;5.76936;0.00134047;6.70234;0.0670234;0.0670234
4608;0.209014;-0.931636;5.76936;1.06836;5.76936;0.00134047;6.70234;0.0670234;0.0670234
4609;0.209014;-0.931636;5.76936;1.06836;5.76936;0.00134047;6.70234;0.0670234;0.0670234
4610;0.209014;-0.931636;5.76936;1.06836;5.76936;0.00134047;6.70234;0.0670234;0.0670234
4611;0.209014;-0.931636;5.76936;1.06836;5.76936;0.00134047;6.70234;0.0670234;0.0670234
4612;0.209014;-0.931636;5.76936;1.06836;5.76936;0.00134047;6.70234;0.0670234;0.0670234
4613;0.209014;-0.931636;5.76936;1.06836;5.76936;0.00134047;6.70234;0.0670234;0.0670234
4614;0.209014;-0.931636;5.76936;1.06836;5.76936;0.00134047;6.70234;0.0670234;0.0670234
4615;0.209014;-0.931636;5.76936;1.06836;5.76936;0.00134047;6.70234;0.0670234;0.0670234
4616;0.209014;-0.931636;5.76936;1.06836;5.76936;0.00134047;6.70234;0.0670234;0.0670234
4617;0.209014;-0.931636;5.76936;1.06836;5.76936;0.00134047;6.70234;0.0670234;0.0670234
4618;0.209014;-0.931636;5.76936;1.06836;5.76936;0.00134047;6.70234;0.0670234;0.0670234
4619;0.209014;-0.931636;5.76936;1.06836;5.76936;0.00134047;6.70234;0.0670234;0.0670234
4620;0.209014;-0.931636;5.76936;1.06836;5.76936;0.00134047;6.70234;0.0670234;0.0670234
4621;0.209014;-0.931636;5.76936;1.06836;5.76936;0.00134047;6.70234;0.0670234;0.0670234
4622;0.209014;-0.931636;5.76936;1.06836;5.76936;0.00134047;6.70234;0.0670234;0.0670234
4623;0.209014;-0.931636;5.76936;1.06836;5.76936;0.00134047;6.70234;0.0670234;0.0670234
4624;0.209014;-0.931636;5.76936;1.06836;5.76936;0.00134047;6.70234;0.0670234;0.0670234
4625;0.209014;-0.931636;5.76936;1.06836;5.76936;0.00134047;6.70234;0.0670234;0.0670234
4626;0.209014;-0.931636;5.76936;1.06836;5.76936;0.00134047;6.70234;0.0670234;0.0670234
4627;0.209014;-0.931636;5.76936;1.06836;5.76936;0.00134047;6.70234;0.0670234;0.0670234
4628;0.209014;-0.931636;5.76936;1.06836;5.76936;0.00134047;6.70234;0.0670234;0.0670234
4629;0.209014;-0.931636;5.76936;1.06836;5.76936;0.00134047;6.70234;0.0670234;0.0670234
4630;0.209014;-0.931636;5.76936;1.06836;5.76936;0.00134047;6.70234;0.0670234;0.0670234
4631;0.209014;-0.931636;5.76936;1.06836;5.76936;0.00134047;6.70234;0.0670234;0.0670234
4632;0.209014;-0.931636;5.76936;1.06836;5.76936;0.00134047;6.70234;0.0670234;0.0670234
4633;0.209014;-0.931636;5.76936;1.06836;5.76936;0.00134047;6.70234;0.0670234;0.0670234
4634;0.209014;-0.931636;5.76936;1.06836;5.76936;0.00134047;6.70234;0.0670234;0.0670234
4635;0.209014;-0.931636;5.76936;1.06836;5.76936;0.00134047;6.70234;0.0670234;0.0670234
4636;0.209014;-0.931636;5.76936;1.06836;5.76936;0.00134047;6.70234;0.0670234;0.0670234
4637;0.209014;-0.931636;5.76936;1.06836;5.76936;0.00134047;6.70234;0.0670234;0.0670234
4638;0.209014;-0.931636;5.76936;1.06836;5.76936;0.00134047;6.70234;0.0670234;0.0670234
4639;0.209014;-0.931636;5.76936;1.06836;5.76936;0.00134047;6.70234;0.0670234;0.0670234
4640;0.209014;-0.931636;5.76936;1.06836;5.76936;0.00134047;6.70234;0.0670234;0.0670234
4641;0.209014;-0.931636;5.76936;1.06836;5.76936;0.00134047;6.70234;0.0670234;0.0670234
4642;0.209014;-0.931636;5.76936;1.06836;5.76936;0.00134047;6.70234;0.0670234;0.0670234
4643;0.209014;-0.931636;5.76936;1.06836;5.76936;0.00134047;6.70234;0.0670234;0.0670234
4644;0.209014;-0.931636;5.76936;1.06836;5.76936;0.00134047;6.70234;0.0670234;0.0670234
4645;0.209014;-0.931636;5.76936;1.06836;5.76936;0.00134047;6.70234;0.0670234;0.0670234
4646;0.209014;-0.931636;5.76936;1.06836;5.76936;0.00134047;6.70234;0.0670234;0.0670234
4647;0.209014;-0.931636;5.76936;1.06836;5.76936;0.00134047;6.70234;0.0670234;0.0670234
4648;0.209014;-0.931636;5.76936;1.06836;5.76936;0.00134047;6.70234;0.0670234;0.0670234
4649;0.209014;-0.931636;5.76936;1.06836;5.76936;0.00134047;6.70234;0.0670234;0.0670234
4650;0.209014;-0.931636;5.76936;1.06836;5.76936;0.00134047;6.70234;0.0670234;0.0670234
4651;0.209014;-0.931636;5.76936;1.06836;5.76936;0.00134047;6.70234;0.0670234;0.0670234
4652;0.209014;-0.931636;5.76936;1.06836;5.76936;0.00134047;6.70234;0.0670234;0.0670234
4653;0.209014;-0.931636;5.76936;1.06836;5.76936;0.00134047;6.70234;0.0670234;0.0670234
4654;0.209014;-0.931636;5.76936;1.06836;5.76936;0.00134047;6.70234;0.0670234;0.0670234
4655;0.209014;-0.931636;5.76936;1.06836;5.76936;0.00134047;6.70234;0.0670234;0.0670234
4656;0.209014;-0.931636;5.76936;1.06836;5.76936;0.00134047;6.70234;0.0670234;0.0670234
4657;0.209014;-0.931636;5.76936;1.06836;5.76936;0.00134047;6.70234;0.0670234;0.0670234
4658;0.209014;-0.931636;5.76936;1.06836;5.76936;0.00134047;6.70234;0.0670234;0.0670234
4659;0.209014;-0.931636;5.76936;1.06836;5.76936;0.00134047;6.70234;0.0670234;0.0670234
4660;0.209014;-0.931636;5.76936;1.06836;5.76936;0.00134047;6.70234;0.0670234;0.0670234
4661;0.209014;-0.931636;5.76936;1.06836;5.76936;0.00134047;6.70234;0.0670234;0.0670234
4662;0.209014;-0.931636;5.76936;1.06836;5.76936;0.00134047;6.70234;0.0670234;0.0670234
4663;0.209014;-0.931636;5.76936;1.06836;5.76936;0.00134047;6.70234;0.0670234;0.0670234
4664;0.209014;-0.931636;5.76936;1.06836;5.76936;0.00134047;6.70234;0.0670234;0.0670234
4665;0.209014;-0.931636;5.76936;1.06836;5.76936;0.00134047;6.70234;0.0670234;0.0670234
4666;0.209014;-0.931636;5.76936;1.06836;5.76936;0.00134047;6.70234;0.0670234;0.0670234
4667;0.209014;-0.931636;5.76936;1.06836;5.76936;0.00134047;6.70234;0.0670234;0.0670234
4668;0.209014;-0.931636;5.76936;1.06836;5.76936;0.00134047;6.70234;0.0670234;0.0670234
4669;0.209014;-0.931636;5.76936;1.06836;5.76936;0.00134047;6.70234;0.0670234;0.0670234
4670;0.209014;-0.931636;5.76936;1.06836;5.76936;0.00134047;6.70234;0.0670234;0.0670234
4671;0.209014;-0.931636;5.76936;1.06836;5.76936;0.00134047;6.70234;0.0670234;0.0670234
4672;0.209014;-0.931636;5.76936;1.06836;5.76936;0.00134047;6.70234;0.0670234;0.0670234
4673;0.209014;-0.931636;5.76936;1.06836;5.76936;0.00134047;6.70234;0.0670234;0.0670234
4674;0.209014;-0.931636;5.76936;1.06836;5.76936;0.00134047;6.70234;0.0670234;0.0670234
4675;0.209014;-0.931636;5.76936;1.06836;5.76936;0.00134047;6.70234;0.0670234;0.0670234
4676;0.209014;-0.931636;5.76936;1.06836;5.76936;0.00134047;6.70234;0.0670234;0.0670234
4677;0.209014;-0.931636;5.76936;1.06836;5.76936;0.00134047;6.70234;0.0670234;0.0670234
4678;0.209014;-0.931636;5.76936;1.06836;5.76936;0.00134047;6.70234;0.0670234;0.0670234
4679;0.209014;-0.931636;5.76936;1.06836;5.76936;0.00134047;6.70234;0.0670234;0.0670234
4680;0.209014;-0.931636;5.76936;1.06836;5.76936;0.00134047;6.70234;0.0670234;0.0670234
4681;0.209014;-0.931636;5.76936;1.06836;5.76936;0.00134047;6.70234;0.0670234;0.0670234
4682;0.209014;-0.931636;5.76936;1.06836;5.76936;0.00134047;6.70234;0.0670234;0.0670234
4683;0.209014;-0.931636;5.76936;1.06836;5.76936;0.00134047;6.70234;0.0670234;0.0670234
4684;0.209014;-0.931636;5.76936;1.06836;5.76936;0.00134047;6.70234;0.0670234;0.0670234
4685;0.209014;-0.931636;5.76936;1.06836;5.76936;0.00134047;6.70234;0.0670234;0.0670234
4686;0.209014;-0.931636;5.76936;1.06836;5.76936;0.00134047;6.70234;0.0670234;0.0670234
4687;0.209014;-0.931636;5.76936;1.06836;5.76936;0.00134047;6.70234;0.0670234;0.0670234
4688;0.209014;-0.931636;5.76936;1.06836;5.76936;0.00134047;6.70234;0.0670234;0.0670234
4689;0.209014;-0.931636;5.76936;1.06836;5.76936;0.00134047;6.70234;0.0670234;0.0670234
4690;0.209014;-0.931636;5.76936;1.06836;5.76936;0.00134047;6.70234;0.0670234;0.0670234
4691;0.209014;-0.931636;5.76936;1.06836;5.76936;0.00134047;6.70234;0.0670234;0.0670234
4692;0.209014;-0.931636;5.76936;1.06836;5.76936;0.00134047;6.70234;0.0670234;0.0670234
4693;0.209014;-0.931636;5.76936;1.06836;5.76936;0.00134047;6.70234;0.0670234;0.0670234
4694;0.209014;-0.931636;5.76936;1.06836;5.76936;0.00134047;6.70234;0.0670234;0.0670234
4695;0.209014;-0.931636;5.76936;1.06836;5.76936;0.00134047;6.70234;0.0670234;0.0670234
4696;0.209014;-0.931636;5.76936;1.06836;5.76936;0.00134047;6.70234;0.0670234;0.0670234
4697;0.209014;-0.931636;5.76936;1.06836;5.76936;0.00134047;6.70234;0.0670234;0.0670234
4698;0.209014;-0.931636;5.76936;1.06836;5.76936;0.00134047;6.70234;0.0670234;0.0670234
4699;0.209014;-0.931636;5.76936;1.06836;5.76936;0.00134047;6.70234;0.0670234;0.0670234
4700;0.209014;-0.931636;5.76936;1.06836;5.76936;0.00134047;6.70234;0.0670234;0.0670234
4701;0.209014;-0.931636;5.76936;1.06836;5.76936;0.00134047;6.70234;0.0670234;0.0670234
4702;0.209014;-0.931636;5.76936;1.06836;5.76936;0.00134047;6.70234;0.0670234;0.0670234
4703;0.209014;-0.931636;5.76936;1.06836;5.76936;0.00134047;6.70234;0.0670234;0.0670234
4704;0.209014;-0.931636;5.76936;1.06836;5.76936;0.00134047;6.70234;0.0670234;0.0670234
4705;0.209014;-0.931636;5.76936;1.06836;5.76936;0.00134047;6.70234;0.0670234;0.0670234
4706;0.209014;-0.931636;5.76936;1.06836;5.76936;0.00134047;6.70234;0.0670234;0.0670234
4707;0.209014;-0.931636;5.76936;1.06836;5.76936;0.00134047;6.70234;0.0670234;0.0670234
4708;0.209014;-0.931636;5.76936;1.06836;5.76936;0.00134047;6.70234;0.0670234;0.0670234
4709;0.209014;-0.931636;5.76936;1.06836;5.76936;0.00134047;6.70234;0.0670234;0.0670234
4710;0.209014;-0.931636;5.76936;1.06836;5.76936;0.00134047;6.70234;0.0670234;0.0670234
4711;0.209014;-0.931636;5.76936;1.06836;5.76936;0.00134047;6.70234;0.0670234;0.0670234
4712;0.209014;-0.931636;5.76936;1.06836;5.76936;0.00134047;6.70234;0.0670234;0.0670234
4713;0.209014;-0.931636;5.76936;1.06836;5.76936;0.00134047;6.70234;0.0670234;0.0670234
4714;0.209014;-0.931636;5.76936;1.06836;5.76936;0.00134047;6.70234;0.0670234;0.0670234
4715;0.209014;-0.931636;5.76936;1.06836;5.76936;0.00134047;6.70234;0.0670234;0.0670234
4716;0.209014;-0.931636;5.76936;1.06836;5.76936;0.00134047;6.70234;0.0670234;0.0670234
4717;0.209014;-0.931636;5.76936;1.06836;5.76936;0.00134047;6.70234;0.0670234;0.0670234
4718;0.209014;-0.931636;5.76936;1.06836;5.76936;0.00134047;6.70234;0.0670234;0.0670234
4719;0.209014;-0.931636;5.76936;1.06836;5.76936;0.00134047;6.70234;0.0670234;0.0670234
4720;0.209014;-0.931636;5.76936;1.06836;5.76936;0.00134047;6.70234;0.0670234;0.0670234
4721;0.209014;-0.931636;5.76936;1.06836;5.76936;0.00134047;6.70234;0.0670234;0.0670234
4722;0.209014;-0.931636;5.76936;1.06836;5.76936;0.00134047;6.70234;0.0670234;0.0670234
4723;0.209014;-0.931636;5.76936;1.06836;5.76936;0.00134047;6.70234;0.0670234;0.0670234
4724;0.209014;-0.931636;5.76936;1.06836;5.76936;0.00134047;6.70234;0.0670234;0.0670234
4725;0.209014;-0.931636;5.76936;1.06836;5.76936;0.00134047;6.70234;0.0670234;0.0670234
4726;0.209014;-0.931636;5.76936;1.06836;5.76936;0.00134047;6.70234;0.0670234;0.0670234
4727;0.209014;-0.931636;5.76936;1.06836;5.76936;0.00134047;6.70234;0.0670234;0.0670234
4728;0.209014;-0.931636;5.76936;1.06836;5.76936;0.00134047;6.70234;0.0670234;0.0670234
4729;0.209014;-0.931636;5.76936;1.06836;5.76936;0.00134047;6.70234;0.0670234;0.0670234
4730;0.209014;-0.931636;5.76936;1.06836;5.76936;0.00134047;6.70234;0.0670234;0.0670234
4731;0.209014;-0.931636;5.76936;1.06836;5.76936;0.00134047;6.70234;0.0670234;0.0670234
4732;0.209014;-0.931636;5.76936;1.06836;5.76936;0.00134047;6.70234;0.0670234;0.0670234
4733;0.209014;-0.931636;5.76936;1.06836;5.76936;0.00134047;6.70234;0.0670234;0.0670234
4734;0.209014;-0.931636;5.76936;1.06836;5.76936;0.00134047;6.70234;0.0670234;0.0670234
4735;0.209014;-0.931636;5.76936;1.06836;5.76936;0.00134047;6.70234;0.0670234;0.0670234
4736;0.209014;-0.931636;5.76936;1.06836;5.76936;0.00134047;6.70234;0.0670234;0.0670234
4737;0.209014;-0.931636;5.76936;1.06836;5.76936;0.00134047;6.70234;0.0670234;0.0670234
4738;0.209014;-0.931636;5.76936;1.06836;5.76936;0.00134047;6.70234;0.0670234;0.0670234
4739;0.209014;-0.931636;5.76936;1.06836;5.76936;0.00134047;6.70234;0.0670234;0.0670234
4740;0.209014;-0.931636;5.76936;1.06836;5.76936;0.00134047;6.70234;0.0670234;0.0670234
4741;0.209014;-0.931636;5.76936;1.06836;5.76936;0.00134047;6.70234;0.0670234;0.0670234
4742;0.209014;-0.931636;5.76936;1.06836;5.76936;0.00134047;6.70234;0.0670234;0.0670234
4743;0.209014;-0.931636;5.76936;1.06836;5.76936;0.00134047;6.70234;0.0670234;0.0670234
4744;0.209014;-0.931636;5.76936;1.06836;5.76936;0.00134047;6.70234;0.0670234;0.0670234
4745;0.209014;-0.931636;5.76936;1.06836;5.76936;0.00134047;6.70234;0.0670234;0.0670234
4746;0.209014;-0.931636;5.76936;1.06836;5.76936;0.00134047;6.70234;0.0670234;0.0670234
4747;0.209014;-0.931636;5.76936;1.06836;5.76936;0.00134047;6.70234;0.0670234;0.0670234
4748;0.209014;-0.931636;5.76936;1.06836;5.76936;0.00134047;6.70234;0.0670234;0.0670234
4749;0.209014;-0.931636;5.76936;1.06836;5.76936;0.00134047;6.70234;0.0670234;0.0670234
4750;0.209014;-0.931636;5.76936;1.06836;5.76936;0.00134047;6.70234;0.0670234;0.0670234
4751;0.209014;-0.931636;5.76936;1.06836;5.76936;0.00134047;6.70234;0.0670234;0.0670234
4752;0.209014;-0.931636;5.76936;1.06836;5.76936;0.00134047;6.70234;0.0670234;0.0670234
4753;0.209014;-0.931636;5.76936;1.06836;5.76936;0.00134047;6.70234;0.0670234;0.0670234
4754;0.209014;-0.931636;5.76936;1.06836;5.76936;0.00134047;6.70234;0.0670234;0.0670234
4755;0.209014;-0.931636;5.76936;1.06836;5.76936;0.00134047;6.70234;0.0670234;0.0670234
4756;0.209014;-0.931636;5.76936;1.06836;5.76936;0.00134047;6.70234;0.0670234;0.0670234
4757;0.209014;-0.931636;5.76936;1.06836;5.76936;0.00134047;6.70234;0.0670234;0.0670234
4758;0.209014;-0.931636;5.76936;1.06836;5.76936;0.00134047;6.70234;0.0670234;0.0670234
4759;0.209014;-0.931636;5.76936;1.06836;5.76936;0.00134047;6.70234;0.0670234;0.0670234
4760;0.209014;-0.931636;5.76936;1.06836;5.76936;0.00134047;6.70234;0.0670234;0.0670234
4761;0.209014;-0.931636;5.76936;1.06836;5.76936;0.00134047;6.70234;0.0670234;0.0670234
4762;0.209014;-0.931636;5.76936;1.06836;5.76936;0.00134047;6.70234;0.0670234;0.0670234
4763;0.209014;-0.931636;5.76936;1.06836;5.76936;0.00134047;6.70234;0.0670234;0.0670234
4764;0.209014;-0.931636;5.76936;1.06836;5.76936;0.00134047;6.70234;0.0670234;0.0670234
4765;0.209014;-0.931636;5.76936;1.06836;5.76936;0.00134047;6.70234;0.0670234;0.0670234
4766;0.209014;-0.931636;5.76936;1.06836;5.76936;0.00134047;6.70234;0.0670234;0.0670234
4767;0.209014;-0.931636;5.76936;1.06836;5.76936;0.00134047;6.70234;0.0670234;0.0670234
4768;0.209014;-0.931636;5.76936;1.06836;5.76936;0.00134047;6.70234;0.0670234;0.0670234
4769;0.209014;-0.931636;5.76936;1.06836;5.76936;0.00134047;6.70234;0.0670234;0.0670234
4770;0.209014;-0.931636;5.76936;1.06836;5.76936;0.00134047;6.70234;0.0670234;0.0670234
4771;0.209014;-0.931636;5.76936;1.06836;5.76936;0.00134047;6.70234;0.0670234;0.0670234
4772;0.209014;-0.931636;5.76936;1.06836;5.76936;0.00134047;6.70234;0.0670234;0.0670234
4773;0.209014;-0.931636;5.76936;1.06836;5.76936;0.00134047;6.70234;0.0670234;0.0670234
4774;0.209014;-0.931636;5.76936;1.06836;5.76936;0.00134047;6.70234;0.0670234;0.0670234
4775;0.209014;-0.931636;5.76936;1.06836;5.76936;0.00134047;6.70234;0.0670234;0.0670234
4776;0.209014;-0.931636;5.76936;1.06836;5.76936;0.00134047;6.70234;0.0670234;0.0670234
4777;0.209014;-0.931636;5.76936;1.06836;5.76936;0.00134047;6.70234;0.0670234;0.0670234
4778;0.209014;-0.931636;5.76936;1.06836;5.76936;0.00134047;6.70234;0.0670234;0.0670234
4779;0.209014;-0.931636;5.76936;1.06836;5.76936;0.00134047;6.70234;0.0670234;0.0670234
4780;0.209014;-0.931636;5.76936;1.06836;5.76936;0.00134047;6.70234;0.0670234;0.0670234
4781;0.209014;-0.931636;5.76936;1.06836;5.76936;0.00134047;6.70234;0.0670234;0.0670234
4782;0.209014;-0.931636;5.76936;1.06836;5.76936;0.00134047;6.70234;0.0670234;0.0670234
4783;0.209014;-0.931636;5.76936;1.06836;5.76936;0.00134047;6.70234;0.0670234;0.0670234
4784;0.209014;-0.931636;5.76936;1.06836;5.76936;0.00134047;6.70234;0.0670234;0.0670234
4785;0.209014;-0.931636;5.76936;1.06836;5.76936;0.00134047;6.70234;0.0670234;0.0670234
4786;0.209014;-0.931636;5.76936;1.06836;5.76936;0.00134047;6.70234;0.0670234;0.0670234
4787;0.209014;-0.931636;5.76936;1.06836;5.76936;0.00134047;6.70234;0.0670234;0.0670234
4788;0.209014;-0.931636;5.76936;1.06836;5.76936;0.00134047;6.70234;0.0670234;0.0670234
4789;0.209014;-0.931636;5.76936;1.06836;5.76936;0.00134047;6.70234;0.0670234;0.0670234
4790;0.209014;-0.931636;5.76936;1.06836;5.76936;0.00134047;6.70234;0.0670234;0.0670234
4791;0.209014;-0.931636;5.76936;1.06836;5.76936;0.00134047;6.70234;0.0670234;0.0670234
4792;0.209014;-0.931636;5.76936;1.06836;5.76936;0.00134047;6.70234;0.0670234;0.0670234
4793;0.209014;-0.931636;5.76936;1.06836;5.76936;0.00134047;6.70234;0.0670234;0.0670234
4794;0.209014;-0.931636;5.76936;1.06836;5.76936;0.00134047;6.70234;0.0670234;0.0670234
4795;0.209014;-0.931636;5.76936;1.06836;5.76936;0.00134047;6.70234;0.0670234;0.0670234
4796;0.209014;-0.931636;5.76936;1.06836;5.76936;0.00134047;6.70234;0.0670234;0.0670234
4797;0.209014;-0.931636;5.76936;1.06836;5.76936;0.00134047;6.70234;0.0670234;0.0670234
4798;0.209014;-0.931636;5.76936;1.06836;5.76936;0.00134047;6.70234;0.0670234;0.0670234
4799;0.209014;-0.931636;5.76936;1.06836;5.76936;0.00134047;6.70234;0.0670234;0.0670234
4800;0.209014;-0.931636;5.76936;1.06836;5.76936;0.00134047;6.70234;0.0670234;0.0670234
4801;0.209014;-0.931636;5.76936;1.06836;5.76936;0.00134047;6.70234;0.0670234;0.0670234
4802;0.209014;-0.931636;5.76936;1.06836;5.76936;0.00134047;6.70234;0.0670234;0.0670234
4803;0.209014;-0.931636;5.76936;1.06836;5.76936;0.00134047;6.70234;0.0670234;0.0670234
4804;0.209014;-0.931636;5.76936;1.06836;5.76936;0.00134047;6.70234;0.0670234;0.0670234
4805;0.209014;-0.931636;5.76936;1.06836;5.76936;0.00134047;6.70234;0.0670234;0.0670234
4806;0.209014;-0.931636;5.76936;1.06836;5.76936;0.00134047;6.70234;0.0670234;0.0670234
4807;0.209014;-0.931636;5.76936;1.06836;5.76936;0.00134047;6.70234;0.0670234;0.0670234
4808;0.209014;-0.931636;5.76936;1.06836;5.76936;0.00134047;6.70234;0.0670234;0.0670234
4809;0.209014;-0.931636;5.76936;1.06836;5.76936;0.00134047;6.70234;0.0670234;0.0670234
4810;0.209014;-0.931636;5.76936;1.06836;5.76936;0.00134047;6.70234;0.0670234;0.0670234
4811;0.209014;-0.931636;5.76936;1.06836;5.76936;0.00134047;6.70234;0.0670234;0.0670234
4812;0.209014;-0.931636;5.76936;1.06836;5.76936;0.00134047;6.70234;0.0670234;0.0670234
4813;0.209014;-0.931636;5.76936;1.06836;5.76936;0.00134047;6.70234;0.0670234;0.0670234
4814;0.209014;-0.931636;5.76936;1.06836;5.76936;0.00134047;6.70234;0.0670234;0.0670234
4815;0.209014;-0.931636;5.76936;1.06836;5.76936;0.00134047;6.70234;0.0670234;0.0670234
4816;0.209014;-0.931636;5.76936;1.06836;5.76936;0.00134047;6.70234;0.0670234;0.0670234
4817;0.209014;-0.931636;5.76936;1.06836;5.76936;0.00134047;6.70234;0.0670234;0.0670234
4818;0.209014;-0.931636;5.76936;1.06836;5.76936;0.00134047;6.70234;0.0670234;0.0670234
4819;0.209014;-0.931636;5.76936;1.06836;5.76936;0.00134047;6.70234;0.0670234;0.0670234
4820;0.209014;-0.931636;5.76936;1.06836;5.76936;0.00134047;6.70234;0.0670234;0.0670234
4821;0.209014;-0.931636;5.76936;1.06836;5.76936;0.00134047;6.70234;0.0670234;0.0670234
4822;0.209014;-0.931636;5.76936;1.06836;5.76936;0.00134047;6.70234;0.0670234;0.0670234
4823;0.209014;-0.931636;5.76936;1.06836;5.76936;0.00134047;6.70234;0.0670234;0.0670234
4824;0.209014;-0.931636;5.76936;1.06836;5.76936;0.00134047;6.70234;0.0670234;0.0670234
4825;0.209014;-0.931636;5.76936;1.06836;5.76936;0.00134047;6.70234;0.0670234;0.0670234
4826;0.209014;-0.931636;5.76936;1.06836;5.76936;0.00134047;6.70234;0.0670234;0.0670234
4827;0.209014;-0.931636;5.76936;1.06836;5.76936;0.00134047;6.70234;0.0670234;0.0670234
4828;0.209014;-0.931636;5.76936;1.06836;5.76936;0.00134047;6.70234;0.0670234;0.0670234
4829;0.209014;-0.931636;5.76936;1.06836;5.76936;0.00134047;6.70234;0.0670234;0.0670234
4830;0.209014;-0.931636;5.76936;1.06836;5.76936;0.00134047;6.70234;0.0670234;0.0670234
4831;0.209014;-0.931636;5.76936;1.06836;5.76936;0.00134047;6.70234;0.0670234;0.0670234
4832;0.209014;-0.931636;5.76936;1.06836;5.76936;0.00134047;6.70234;0.0670234;0.0670234
4833;0.209014;-0.931636;5.76936;1.06836;5.76936;0.00134047;6.70234;0.0670234;0.0670234
4834;0.209014;-0.931636;5.76936;1.06836;5.76936;0.00134047;6.70234;0.0670234;0.0670234
4835;0.209014;-0.931636;5.76936;1.06836;5.76936;0.00134047;6.70234;0.0670234;0.0670234
4836;0.209014;-0.931636;5.76936;1.06836;5.76936;0.00134047;6.70234;0.0670234;0.0670234
4837;0.209014;-0.931636;5.76936;1.06836;5.76936;0.00134047;6.70234;0.0670234;0.0670234
4838;0.209014;-0.931636;5.76936;1.06836;5.76936;0.00134047;6.70234;0.0670234;0.0670234
4839;0.209014;-0.931636;5.76936;1.06836;5.76936;0.00134047;6.70234;0.0670234;0.0670234
4840;0.209014;-0.931636;5.76936;1.06836;5.76936;0.00134047;6.70234;0.0670234;0.0670234
4841;0.209014;-0.931636;5.76936;1.06836;5.76936;0.00134047;6.70234;0.0670234;0.0670234
4842;0.209014;-0.931636;5.76936;1.06836;5.76936;0.00134047;6.70234;0.0670234;0.0670234
4843;0.209014;-0.931636;5.76936;1.06836;5.76936;0.00134047;6.70234;0.0670234;0.0670234
4844;0.209014;-0.931636;5.76936;1.06836;5.76936;0.00134047;6.70234;0.0670234;0.0670234
4845;0.209014;-0.931636;5.76936;1.06836;5.76936;0.00134047;6.70234;0.0670234;0.0670234
4846;0.209014;-0.931636;5.76936;1.06836;5.76936;0.00134047;6.70234;0.0670234;0.0670234
4847;0.209014;-0.931636;5.76936;1.06836;5.76936;0.00134047;6.70234;0.0670234;0.0670234
4848;0.209014;-0.931636;5.76936;1.06836;5.76936;0.00134047;6.70234;0.0670234;0.0670234
4849;0.209014;-0.931636;5.76936;1.06836;5.76936;0.00134047;6.70234;0.0670234;0.0670234
4850;0.209014;-0.931636;5.76936;1.06836;5.76936;0.00134047;6.70234;0.0670234;0.0670234
4851;0.209014;-0.931636;5.76936;1.06836;5.76936;0.00134047;6.70234;0.0670234;0.0670234
4852;0.209014;-0.931636;5.76936;1.06836;5.76936;0.00134047;6.70234;0.0670234;0.0670234
4853;0.209014;-0.931636;5.76936;1.06836;5.76936;0.00134047;6.70234;0.0670234;0.0670234
4854;0.209014;-0.931636;5.76936;1.06836;5.76936;0.00134047;6.70234;0.0670234;0.0670234
4855;0.209014;-0.931636;5.76936;1.06836;5.76936;0.00134047;6.70234;0.0670234;0.0670234
4856;0.209014;-0.931636;5.76936;1.06836;5.76936;0.00134047;6.70234;0.0670234;0.0670234
4857;0.209014;-0.931636;5.76936;1.06836;5.76936;0.00134047;6.70234;0.0670234;0.0670234
4858;0.209014;-0.931636;5.76936;1.06836;5.76936;0.00134047;6.70234;0.0670234;0.0670234
4859;0.209014;-0.931636;5.76936;1.06836;5.76936;0.00134047;6.70234;0.0670234;0.0670234
4860;0.209014;-0.931636;5.76936;1.06836;5.76936;0.00134047;6.70234;0.0670234;0.0670234
4861;0.209014;-0.931636;5.76936;1.06836;5.76936;0.00134047;6.70234;0.0670234;0.0670234
4862;0.209014;-0.931636;5.76936;1.06836;5.76936;0.00134047;6.70234;0.0670234;0.0670234
4863;0.209014;-0.931636;5.76936;1.06836;5.76936;0.00134047;6.70234;0.0670234;0.0670234
4864;0.209014;-0.931636;5.76936;1.06836;5.76936;0.00134047;6.70234;0.0670234;0.0670234
4865;0.209014;-0.931636;5.76936;1.06836;5.76936;0.00134047;6.70234;0.0670234;0.0670234
4866;0.209014;-0.931636;5.76936;1.06836;5.76936;0.00134047;6.70234;0.0670234;0.0670234
4867;0.209014;-0.931636;5.76936;1.06836;5.76936;0.00134047;6.70234;0.0670234;0.0670234
4868;0.209014;-0.931636;5.76936;1.06836;5.76936;0.00134047;6.70234;0.0670234;0.0670234
4869;0.209014;-0.931636;5.76936;1.06836;5.76936;0.00134047;6.70234;0.0670234;0.0670234
4870;0.209014;-0.931636;5.76936;1.06836;5.76936;0.00134047;6.70234;0.0670234;0.0670234
4871;0.209014;-0.931636;5.76936;1.06836;5.76936;0.00134047;6.70234;0.0670234;0.0670234
4872;0.209014;-0.931636;5.76936;1.06836;5.76936;0.00134047;6.70234;0.0670234;0.0670234
4873;0.209014;-0.931636;5.76936;1.06836;5.76936;0.00134047;6.70234;0.0670234;0.0670234
4874;0.209014;-0.931636;5.76936;1.06836;5.76936;0.00134047;6.70234;0.0670234;0.0670234
4875;0.209014;-0.931636;5.76936;1.06836;5.76936;0.00134047;6.70234;0.0670234;0.0670234
4876;0.209014;-0.931636;5.76936;1.06836;5.76936;0.00134047;6.70234;0.0670234;0.0670234
4877;0.209014;-0.931636;5.76936;1.06836;5.76936;0.00134047;6.70234;0.0670234;0.0670234
4878;0.209014;-0.931636;5.76936;1.06836;5.76936;0.00134047;6.70234;0.0670234;0.0670234
4879;0.209014;-0.931636;5.76936;1.06836;5.76936;0.00134047;6.70234;0.0670234;0.0670234
4880;0.209014;-0.931636;5.76936;1.06836;5.76936;0.00134047;6.70234;0.0670234;0.0670234
4881;0.209014;-0.931636;5.76936;1.06836;5.76936;0.00134047;6.70234;0.0670234;0.0670234
4882;0.209014;-0.931636;5.76936;1.06836;5.76936;0.00134047;6.70234;0.0670234;0.0670234
4883;0.209014;-0.931636;5.76936;1.06836;5.76936;0.00134047;6.70234;0.0670234;0.0670234
4884;0.209014;-0.931636;5.76936;1.06836;5.76936;0.00134047;6.70234;0.0670234;0.0670234
4885;0.209014;-0.931636;5.76936;1.06836;5.76936;0.00134047;6.70234;0.0670234;0.0670234
4886;0.209014;-0.931636;5.76936;1.06836;5.76936;0.00134047;6.70234;0.0670234;0.0670234
4887;0.209014;-0.931636;5.76936;1.06836;5.76936;0.00134047;6.70234;0.0670234;0.0670234
4888;0.209014;-0.931636;5.76936;1.06836;5.76936;0.00134047;6.70234;0.0670234;0.0670234
4889;0.209014;-0.931636;5.76936;1.06836;5.76936;0.00134047;6.70234;0.0670234;0.0670234
4890;0.209014;-0.931636;5.76936;1.06836;5.76936;0.00134047;6.70234;0.0670234;0.0670234
4891;0.209014;-0.931636;5.76936;1.06836;5.76936;0.00134047;6.70234;0.0670234;0.0670234
4892;0.209014;-0.931636;5.76936;1.06836;5.76936;0.00134047;6.70234;0.0670234;0.0670234
4893;0.209014;-0.931636;5.76936;1.06836;5.76936;0.00134047;6.70234;0.0670234;0.0670234
4894;0.209014;-0.931636;5.76936;1.06836;5.76936;0.00134047;6.70234;0.0670234;0.0670234
4895;0.209014;-0.931636;5.76936;1.06836;5.76936;0.00134047;6.70234;0.0670234;0.0670234
4896;0.209014;-0.931636;5.76936;1.06836;5.76936;0.00134047;6.70234;0.0670234;0.0670234
4897;0.209014;-0.931636;5.76936;1.06836;5.76936;0.00134047;6.70234;0.0670234;0.0670234
4898;0.209014;-0.931636;5.76936;1.06836;5.76936;0.00134047;6.70234;0.0670234;0.0670234
4899;0.209014;-0.931636;5.76936;1.06836;5.76936;0.00134047;6.70234;0.0670234;0.0670234
4900;0.209014;-0.931636;5.76936;1.06836;5.76936;0.00134047;6.70234;0.0670234;0.0670234
4901;0.209014;-0.931636;5.76936;1.06836;5.76936;0.00134047;6.70234;0.0670234;0.0670234
4902;0.209014;-0.931636;5.76936;1.06836;5.76936;0.00134047;6.70234;0.0670234;0.0670234
4903;0.209014;-0.931636;5.76936;1.06836;5.76936;0.00134047;6.70234;0.0670234;0.0670234
4904;0.209014;-0.931636;5.76936;1.06836;5.76936;0.00134047;6.70234;0.0670234;0.0670234
4905;0.209014;-0.931636;5.76936;1.06836;5.76936;0.00134047;6.70234;0.0670234;0.0670234
4906;0.209014;-0.931636;5.76936;1.06836;5.76936;0.00134047;6.70234;0.0670234;0.0670234
4907;0.209014;-0.931636;5.76936;1.06836;5.76936;0.00134047;6.70234;0.0670234;0.0670234
4908;0.209014;-0.931636;5.76936;1.06836;5.76936;0.00134047;6.70234;0.0670234;0.0670234
4909;0.209014;-0.931636;5.76936;1.06836;5.76936;0.00134047;6.70234;0.0670234;0.0670234
4910;0.209014;-0.931636;5.76936;1.06836;5.76936;0.00134047;6.70234;0.0670234;0.0670234
4911;0.209014;-0.931636;5.76936;1.06836;5.76936;0.00134047;6.70234;0.0670234;0.0670234
4912;0.209014;-0.931636;5.76936;1.06836;5.76936;0.00134047;6.70234;0.0670234;0.0670234
4913;0.209014;-0.931636;5.76936;1.06836;5.76936;0.00134047;6.70234;0.0670234;0.0670234
4914;0.209014;-0.931636;5.76936;1.06836;5.76936;0.00134047;6.70234;0.0670234;0.0670234
4915;0.209014;-0.931636;5.76936;1.06836;5.76936;0.00134047;6.70234;0.0670234;0.0670234
4916;0.209014;-0.931636;5.76936;1.06836;5.76936;0.00134047;6.70234;0.0670234;0.0670234
4917;0.209014;-0.931636;5.76936;1.06836;5.76936;0.00134047;6.70234;0.0670234;0.0670234
4918;0.209014;-0.931636;5.76936;1.06836;5.76936;0.00134047;6.70234;0.0670234;0.0670234
4919;0.209014;-0.931636;5.76936;1.06836;5.76936;0.00134047;6.70234;0.0670234;0.0670234
4920;0.209014;-0.931636;5.76936;1.06836;5.76936;0.00134047;6.70234;0.0670234;0.0670234
4921;0.209014;-0.931636;5.76936;1.06836;5.76936;0.00134047;6.70234;0.0670234;0.0670234
4922;0.209014;-0.931636;5.76936;1.06836;5.76936;0.00134047;6.70234;0.0670234;0.0670234
4923;0.209014;-0.931636;5.76936;1.06836;5.76936;0.00134047;6.70234;0.0670234;0.0670234
4924;0.209014;-0.931636;5.76936;1.06836;5.76936;0.00134047;6.70234;0.0670234;0.0670234
4925;0.209014;-0.931636;5.76936;1.06836;5.76936;0.00134047;6.70234;0.0670234;0.0670234
4926;0.209014;-0.931636;5.76936;1.06836;5.76936;0.00134047;6.70234;0.0670234;0.0670234
4927;0.209014;-0.931636;5.76936;1.06836;5.76936;0.00134047;6.70234;0.0670234;0.0670234
4928;0.209014;-0.931636;5.76936;1.06836;5.76936;0.00134047;6.70234;0.0670234;0.0670234
4929;0.209014;-0.931636;5.76936;1.06836;5.76936;0.00134047;6.70234;0.0670234;0.0670234
4930;0.209014;-0.931636;5.76936;1.06836;5.76936;0.00134047;6.70234;0.0670234;0.0670234
4931;0.209014;-0.931636;5.76936;1.06836;5.76936;0.00134047;6.70234;0.0670234;0.0670234
4932;0.209014;-0.931636;5.76936;1.06836;5.76936;0.00134047;6.70234;0.0670234;0.0670234
4933;0.209014;-0.931636;5.76936;1.06836;5.76936;0.00134047;6.70234;0.0670234;0.0670234
4934;0.209014;-0.931636;5.76936;1.06836;5.76936;0.00134047;6.70234;0.0670234;0.0670234
4935;0.209014;-0.931636;5.76936;1.06836;5.76936;0.00134047;6.70234;0.0670234;0.0670234
4936;0.209014;-0.931636;5.76936;1.06836;5.76936;0.00134047;6.70234;0.0670234;0.0670234
4937;0.209014;-0.931636;5.76936;1.06836;5.76936;0.00134047;6.70234;0.0670234;0.0670234
4938;0.209014;-0.931636;5.76936;1.06836;5.76936;0.00134047;6.70234;0.0670234;0.0670234
4939;0.209014;-0.931636;5.76936;1.06836;5.76936;0.00134047;6.70234;0.0670234;0.0670234
4940;0.209014;-0.931636;5.76936;1.06836;5.76936;0.00134047;6.70234;0.0670234;0.0670234
4941;0.209014;-0.931636;5.76936;1.06836;5.76936;0.00134047;6.70234;0.0670234;0.0670234
4942;0.209014;-0.931636;5.76936;1.06836;5.76936;0.00134047;6.70234;0.0670234;0.0670234
4943;0.209014;-0.931636;5.76936;1.06836;5.76936;0.00134047;6.70234;0.0670234;0.0670234
4944;0.209014;-0.931636;5.76936;1.06836;5.76936;0.00134047;6.70234;0.0670234;0.0670234
4945;0.209014;-0.931636;5.76936;1.06836;5.76936;0.00134047;6.70234;0.0670234;0.0670234
4946;0.209014;-0.931636;5.76936;1.06836;5.76936;0.00134047;6.70234;0.0670234;0.0670234
4947;0.209014;-0.931636;5.76936;1.06836;5.76936;0.00134047;6.70234;0.0670234;0.0670234
4948;0.209014;-0.931636;5.76936;1.06836;5.76936;0.00134047;6.70234;0.0670234;0.0670234
4949;0.209014;-0.931636;5.76936;1.06836;5.76936;0.00134047;6.70234;0.0670234;0.0670234
4950;0.209014;-0.931636;5.76936;1.06836;5.76936;0.00134047;6.70234;0.0670234;0.0670234
4951;0.209014;-0.931636;5.76936;1.06836;5.76936;0.00134047;6.70234;0.0670234;0.0670234
4952;0.209014;-0.931636;5.76936;1.06836;5.76936;0.00134047;6.70234;0.0670234;0.0670234
4953;0.209014;-0.931636;5.76936;1.06836;5.76936;0.00134047;6.70234;0.0670234;0.0670234
4954;0.209014;-0.931636;5.76936;1.06836;5.76936;0.00134047;6.70234;0.0670234;0.0670234
4955;0.209014;-0.931636;5.76936;1.06836;5.76936;0.00134047;6.70234;0.0670234;0.0670234
4956;0.209014;-0.931636;5.76936;1.06836;5.76936;0.00134047;6.70234;0.0670234;0.0670234
4957;0.209014;-0.931636;5.76936;1.06836;5.76936;0.00134047;6.70234;0.0670234;0.0670234
4958;0.209014;-0.931636;5.76936;1.06836;5.76936;0.00134047;6.70234;0.0670234;0.0670234
4959;0.209014;-0.931636;5.76936;1.06836;5.76936;0.00134047;6.70234;0.0670234;0.0670234
4960;0.209014;-0.931636;5.76936;1.06836;5.76936;0.00134047;6.70234;0.0670234;0.0670234
4961;0.209014;-0.931636;5.76936;1.06836;5.76936;0.00134047;6.70234;0.0670234;0.0670234
4962;0.209014;-0.931636;5.76936;1.06836;5.76936;0.00134047;6.70234;0.0670234;0.0670234
4963;0.209014;-0.931636;5.76936;1.06836;5.76936;0.00134047;6.70234;0.0670234;0.0670234
4964;0.209014;-0.931636;5.76936;1.06836;5.76936;0.00134047;6.70234;0.0670234;0.0670234
4965;0.209014;-0.931636;5.76936;1.06836;5.76936;0.00134047;6.70234;0.0670234;0.0670234
4966;0.209014;-0.931636;5.76936;1.06836;5.76936;0.00134047;6.70234;0.0670234;0.0670234
4967;0.209014;-0.931636;5.76936;1.06836;5.76936;0.00134047;6.70234;0.0670234;0.0670234
4968;0.209014;-0.931636;5.76936;1.06836;5.76936;0.00134047;6.70234;0.0670234;0.0670234
4969;0.209014;-0.931636;5.76936;1.06836;5.76936;0.00134047;6.70234;0.0670234;0.0670234
4970;0.209014;-0.931636;5.76936;1.06836;5.76936;0.00134047;6.70234;0.0670234;0.0670234
4971;0.209014;-0.931636;5.76936;1.06836;5.76936;0.00134047;6.70234;0.0670234;0.0670234
4972;0.209014;-0.931636;5.76936;1.06836;5.76936;0.00134047;6.70234;0.0670234;0.0670234
4973;0.209014;-0.931636;5.76936;1.06836;5.76936;0.00134047;6.70234;0.0670234;0.0670234
4974;0.209014;-0.931636;5.76936;1.06836;5.76936;0.00134047;6.70234;0.0670234;0.0670234
4975;0.209014;-0.931636;5.76936;1.06836;5.76936;0.00134047;6.70234;0.0670234;0.0670234
4976;0.209014;-0.931636;5.76936;1.06836;5.76936;0.00134047;6.70234;0.0670234;0.0670234
4977;0.209014;-0.931636;5.76936;1.06836;5.76936;0.00134047;6.70234;0.0670234;0.0670234
4978;0.209014;-0.931636;5.76936;1.06836;5.76936;0.00134047;6.70234;0.0670234;0.0670234
4979;0.209014;-0.931636;5.76936;1.06836;5.76936;0.00134047;6.70234;0.0670234;0.0670234
4980;0.209014;-0.931636;5.76936;1.06836;5.76936;0.00134047;6.70234;0.0670234;0.0670234
4981;0.209014;-0.931636;5.76936;1.06836;5.76936;0.00134047;6.70234;0.0670234;0.0670234
4982;0.209014;-0.931636;5.76936;1.06836;5.76936;0.00134047;6.70234;0.0670234;0.0670234
4983;0.209014;-0.931636;5.76936;1.06836;5.76936;0.00134047;6.70234;0.0670234;0.0670234
4984;0.209014;-0.931636;5.76936;1.06836;5.76936;0.00134047;6.70234;0.0670234;0.0670234
4985;0.209014;-0.931636;5.76936;1.06836;5.76936;0.00134047;6.70234;0.0670234;0.0670234
4986;0.209014;-0.931636;5.76936;1.06836;5.76936;0.00134047;6.70234;0.0670234;0.0670234
4987;0.209014;-0.931636;5.76936;1.06836;5.76936;0.00134047;6.70234;0.0670234;0.0670234
4988;0.209014;-0.931636;5.76936;1.06836;5.76936;0.00134047;6.70234;0.0670234;0.0670234
4989;0.209014;-0.931636;5.76936;1.06836;5.76936;0.00134047;6.70234;0.0670234;0.0670234
4990;0.209014;-0.931636;5.76936;1.06836;5.76936;0.00134047;6.70234;0.0670234;0.0670234
4991;0.209014;-0.931636;5.76936;1.06836;5.76936;0.00134047;6.70234;0.0670234;0.0670234
4992;0.209014;-0.931636;5.76936;1.06836;5.76936;0.00134047;6.70234;0.0670234;0.0670234
4993;0.209014;-0.931636;5.76936;1.06836;5.76936;0.00134047;6.70234;0.0670234;0.0670234
4994;0.209014;-0.931636;5.76936;1.06836;5.76936;0.00134047;6.70234;0.0670234;0.0670234
4995;0.209014;-0.931636;5.76936;1.06836;5.76936;0.00134047;6.70234;0.0670234;0.0670234
4996;0.209014;-0.931636;5.76936;1.06836;5.76936;0.00134047;6.70234;0.0670234;0.0670234
4997;0.209014;-0.931636;5.76936;1.06836;5.76936;0.00134047;6.70234;0.0670234;0.0670234
4998;0.209014;-0.931636;5.76936;1.06836;5.76936;0.00134047;6.70234;0.0670234;0.0670234
4999;0.209014;-0.931636;5.76936;1.06836;5.76936;0.00134047;6.70234;0.0670234;0.0670234
5000;0.209014;-0.931636;5.76936;1.06836;5.76936;0.00134047;6.70234;0.0670234;0.0670234
5001;0.209014;-0.931636;5.76936;1.06836;5.76936;0.00134047;6.70234;0.0670234;0.0670234
5002;0.209014;-0.931636;5.76936;1.06836;5.76936;0.00134047;6.70234;0.0670234;0.0670234
5003;0.209014;-0.931636;5.76936;1.06836;5.76936;0.00134047;6.70234;0.0670234;0.0670234
5004;0.209014;-0.931636;5.76936;1.06836;5.76936;0.00134047;6.70234;0.0670234;0.0670234
5005;0.209014;-0.931636;5.76936;1.06836;5.76936;0.00134047;6.70234;0.0670234;0.0670234
5006;0.209014;-0.931636;5.76936;1.06836;5.76936;0.00134047;6.70234;0.0670234;0.0670234
5007;0.209014;-0.931636;5.76936;1.06836;5.76936;0.00134047;6.70234;0.0670234;0.0670234
5008;0.209014;-0.931636;5.76936;1.06836;5.76936;0.00134047;6.70234;0.0670234;0.0670234
5009;0.209014;-0.931636;5.76936;1.06836;5.76936;0.00134047;6.70234;0.0670234;0.0670234
5010;0.209014;-0.931636;5.76936;1.06836;5.76936;0.00134047;6.70234;0.0670234;0.0670234
5011;0.209014;-0.931636;5.76936;1.06836;5.76936;0.00134047;6.70234;0.0670234;0.0670234
5012;0.209014;-0.931636;5.76936;1.06836;5.76936;0.00134047;6.70234;0.0670234;0.0670234
5013;0.209014;-0.931636;5.76936;1.06836;5.76936;0.00134047;6.70234;0.0670234;0.0670234
5014;0.209014;-0.931636;5.76936;1.06836;5.76936;0.00134047;6.70234;0.0670234;0.0670234
5015;0.209014;-0.931636;5.76936;1.06836;5.76936;0.00134047;6.70234;0.0670234;0.0670234
5016;0.209014;-0.931636;5.76936;1.06836;5.76936;0.00134047;6.70234;0.0670234;0.0670234
5017;0.209014;-0.931636;5.76936;1.06836;5.76936;0.00134047;6.70234;0.0670234;0.0670234
5018;0.209014;-0.931636;5.76936;1.06836;5.76936;0.00134047;6.70234;0.0670234;0.0670234
5019;0.209014;-0.931636;5.76936;1.06836;5.76936;0.00134047;6.70234;0.0670234;0.0670234
5020;0.209014;-0.931636;5.76936;1.06836;5.76936;0.00134047;6.70234;0.0670234;0.0670234
5021;0.209014;-0.931636;5.76936;1.06836;5.76936;0.00134047;6.70234;0.0670234;0.0670234
5022;0.209014;-0.931636;5.76936;1.06836;5.76936;0.00134047;6.70234;0.0670234;0.0670234
5023;0.209014;-0.931636;5.76936;1.06836;5.76936;0.00134047;6.70234;0.0670234;0.0670234
5024;0.209014;-0.931636;5.76936;1.06836;5.76936;0.00134047;6.70234;0.0670234;0.0670234
5025;0.209014;-0.931636;5.76936;1.06836;5.76936;0.00134047;6.70234;0.0670234;0.0670234
5026;0.209014;-0.931636;5.76936;1.06836;5.76936;0.00134047;6.70234;0.0670234;0.0670234
5027;0.209014;-0.931636;5.76936;1.06836;5.76936;0.00134047;6.70234;0.0670234;0.0670234
5028;0.209014;-0.931636;5.76936;1.06836;5.76936;0.00134047;6.70234;0.0670234;0.0670234
5029;0.209014;-0.931636;5.76936;1.06836;5.76936;0.00134047;6.70234;0.0670234;0.0670234
5030;0.209014;-0.931636;5.76936;1.06836;5.76936;0.00134047;6.70234;0.0670234;0.0670234
5031;0.209014;-0.931636;5.76936;1.06836;5.76936;0.00134047;6.70234;0.0670234;0.0670234
5032;0.209014;-0.931636;5.76936;1.06836;5.76936;0.00134047;6.70234;0.0670234;0.0670234
5033;0.209014;-0.931636;5.76936;1.06836;5.76936;0.00134047;6.70234;0.0670234;0.0670234
5034;0.209014;-0.931636;5.76936;1.06836;5.76936;0.00134047;6.70234;0.0670234;0.0670234
5035;0.209014;-0.931636;5.76936;1.06836;5.76936;0.00134047;6.70234;0.0670234;0.0670234
5036;0.209014;-0.931636;5.76936;1.06836;5.76936;0.00134047;6.70234;0.0670234;0.0670234
5037;0.209014;-0.931636;5.76936;1.06836;5.76936;0.00134047;6.70234;0.0670234;0.0670234
5038;0.209014;-0.931636;5.76936;1.06836;5.76936;0.00134047;6.70234;0.0670234;0.0670234
5039;0.209014;-0.931636;5.76936;1.06836;5.76936;0.00134047;6.70234;0.0670234;0.0670234
5040;0.209014;-0.931636;5.76936;1.06836;5.76936;0.00134047;6.70234;0.0670234;0.0670234
5041;0.209014;-0.931636;5.76936;1.06836;5.76936;0.00134047;6.70234;0.0670234;0.0670234
5042;0.209014;-0.931636;5.76936;1.06836;5.76936;0.00134047;6.70234;0.0670234;0.0670234
5043;0.209014;-0.931636;5.76936;1.06836;5.76936;0.00134047;6.70234;0.0670234;0.0670234
5044;0.209014;-0.931636;5.76936;1.06836;5.76936;0.00134047;6.70234;0.0670234;0.0670234
5045;0.209014;-0.931636;5.76936;1.06836;5.76936;0.00134047;6.70234;0.0670234;0.0670234
5046;0.209014;-0.931636;5.76936;1.06836;5.76936;0.00134047;6.70234;0.0670234;0.0670234
5047;0.209014;-0.931636;5.76936;1.06836;5.76936;0.00134047;6.70234;0.0670234;0.0670234
5048;0.209014;-0.931636;5.76936;1.06836;5.76936;0.00134047;6.70234;0.0670234;0.0670234
5049;0.209014;-0.931636;5.76936;1.06836;5.76936;0.00134047;6.70234;0.0670234;0.0670234
5050;0.209014;-0.931636;5.76936;1.06836;5.76936;0.00134047;6.70234;0.0670234;0.0670234
5051;0.209014;-0.931636;5.76936;1.06836;5.76936;0.00134047;6.70234;0.0670234;0.0670234
5052;0.209014;-0.931636;5.76936;1.06836;5.76936;0.00134047;6.70234;0.0670234;0.0670234
5053;0.209014;-0.931636;5.76936;1.06836;5.76936;0.00134047;6.70234;0.0670234;0.0670234
5054;0.209014;-0.931636;5.76936;1.06836;5.76936;0.00134047;6.70234;0.0670234;0.0670234
5055;0.209014;-0.931636;5.76936;1.06836;5.76936;0.00134047;6.70234;0.0670234;0.0670234
5056;0.209014;-0.931636;5.76936;1.06836;5.76936;0.00134047;6.70234;0.0670234;0.0670234
5057;0.209014;-0.931636;5.76936;1.06836;5.76936;0.00134047;6.70234;0.0670234;0.0670234
5058;0.209014;-0.931636;5.76936;1.06836;5.76936;0.00134047;6.70234;0.0670234;0.0670234
5059;0.209014;-0.931636;5.76936;1.06836;5.76936;0.00134047;6.70234;0.0670234;0.0670234
5060;0.209014;-0.931636;5.76936;1.06836;5.76936;0.00134047;6.70234;0.0670234;0.0670234
5061;0.209014;-0.931636;5.76936;1.06836;5.76936;0.00134047;6.70234;0.0670234;0.0670234
5062;0.209014;-0.931636;5.76936;1.06836;5.76936;0.00134047;6.70234;0.0670234;0.0670234
5063;0.209014;-0.931636;5.76936;1.06836;5.76936;0.00134047;6.70234;0.0670234;0.0670234
5064;0.209014;-0.931636;5.76936;1.06836;5.76936;0.00134047;6.70234;0.0670234;0.0670234
5065;0.209014;-0.931636;5.76936;1.06836;5.76936;0.00134047;6.70234;0.0670234;0.0670234
5066;0.209014;-0.931636;5.76936;1.06836;5.76936;0.00134047;6.70234;0.0670234;0.0670234
5067;0.209014;-0.931636;5.76936;1.06836;5.76936;0.00134047;6.70234;0.0670234;0.0670234
5068;0.209014;-0.931636;5.76936;1.06836;5.76936;0.00134047;6.70234;0.0670234;0.0670234
5069;0.209014;-0.931636;5.76936;1.06836;5.76936;0.00134047;6.70234;0.0670234;0.0670234
5070;0.209014;-0.931636;5.76936;1.06836;5.76936;0.00134047;6.70234;0.0670234;0.0670234
5071;0.209014;-0.931636;5.76936;1.06836;5.76936;0.00134047;6.70234;0.0670234;0.0670234
5072;0.209014;-0.931636;5.76936;1.06836;5.76936;0.00134047;6.70234;0.0670234;0.0670234
5073;0.209014;-0.931636;5.76936;1.06836;5.76936;0.00134047;6.70234;0.0670234;0.0670234
5074;0.209014;-0.931636;5.76936;1.06836;5.76936;0.00134047;6.70234;0.0670234;0.0670234
5075;0.209014;-0.931636;5.76936;1.06836;5.76936;0.00134047;6.70234;0.0670234;0.0670234
5076;0.209014;-0.931636;5.76936;1.06836;5.76936;0.00134047;6.70234;0.0670234;0.0670234
5077;0.209014;-0.931636;5.76936;1.06836;5.76936;0.00134047;6.70234;0.0670234;0.0670234
5078;0.209014;-0.931636;5.76936;1.06836;5.76936;0.00134047;6.70234;0.0670234;0.0670234
5079;0.209014;-0.931636;5.76936;1.06836;5.76936;0.00134047;6.70234;0.0670234;0.0670234
5080;0.209014;-0.931636;5.76936;1.06836;5.76936;0.00134047;6.70234;0.0670234;0.0670234
5081;0.209014;-0.931636;5.76936;1.06836;5.76936;0.00134047;6.70234;0.0670234;0.0670234
5082;0.209014;-0.931636;5.76936;1.06836;5.76936;0.00134047;6.70234;0.0670234;0.0670234
5083;0.209014;-0.931636;5.76936;1.06836;5.76936;0.00134047;6.70234;0.0670234;0.0670234
5084;0.209014;-0.931636;5.76936;1.06836;5.76936;0.00134047;6.70234;0.0670234;0.0670234
5085;0.209014;-0.931636;5.76936;1.06836;5.76936;0.00134047;6.70234;0.0670234;0.0670234
5086;0.209014;-0.931636;5.76936;1.06836;5.76936;0.00134047;6.70234;0.0670234;0.0670234
5087;0.209014;-0.931636;5.76936;1.06836;5.76936;0.00134047;6.70234;0.0670234;0.0670234
5088;0.209014;-0.931636;5.76936;1.06836;5.76936;0.00134047;6.70234;0.0670234;0.0670234
5089;0.209014;-0.931636;5.76936;1.06836;5.76936;0.00134047;6.70234;0.0670234;0.0670234
5090;0.209014;-0.931636;5.76936;1.06836;5.76936;0.00134047;6.70234;0.0670234;0.0670234
5091;0.209014;-0.931636;5.76936;1.06836;5.76936;0.00134047;6.70234;0.0670234;0.0670234
5092;0.209014;-0.931636;5.76936;1.06836;5.76936;0.00134047;6.70234;0.0670234;0.0670234
5093;0.209014;-0.931636;5.76936;1.06836;5.76936;0.00134047;6.70234;0.0670234;0.0670234
5094;0.209014;-0.931636;5.76936;1.06836;5.76936;0.00134047;6.70234;0.0670234;0.0670234
5095;0.209014;-0.931636;5.76936;1.06836;5.76936;0.00134047;6.70234;0.0670234;0.0670234
5096;0.209014;-0.931636;5.76936;1.06836;5.76936;0.00134047;6.70234;0.0670234;0.0670234
5097;0.209014;-0.931636;5.76936;1.06836;5.76936;0.00134047;6.70234;0.0670234;0.0670234
5098;0.209014;-0.931636;5.76936;1.06836;5.76936;0.00134047;6.70234;0.0670234;0.0670234
5099;0.209014;-0.931636;5.76936;1.06836;5.76936;0.00134047;6.70234;0.0670234;0.0670234
5100;0.209014;-0.931636;5.76936;1.06836;5.76936;0.00134047;6.70234;0.0670234;0.0670234
5101;0.209014;-0.931636;5.76936;1.06836;5.76936;0.00134047;6.70234;0.0670234;0.0670234
5102;0.209014;-0.931636;5.76936;1.06836;5.76936;0.00134047;6.70234;0.0670234;0.0670234
5103;0.209014;-0.931636;5.76936;1.06836;5.76936;0.00134047;6.70234;0.0670234;0.0670234
5104;0.209014;-0.931636;5.76936;1.06836;5.76936;0.00134047;6.70234;0.0670234;0.0670234
5105;0.209014;-0.931636;5.76936;1.06836;5.76936;0.00134047;6.70234;0.0670234;0.0670234
5106;0.209014;-0.931636;5.76936;1.06836;5.76936;0.00134047;6.70234;0.0670234;0.0670234
5107;0.209014;-0.931636;5.76936;1.06836;5.76936;0.00134047;6.70234;0.0670234;0.0670234
5108;0.209014;-0.931636;5.76936;1.06836;5.76936;0.00134047;6.70234;0.0670234;0.0670234
5109;0.209014;-0.931636;5.76936;1.06836;5.76936;0.00134047;6.70234;0.0670234;0.0670234
5110;0.209014;-0.931636;5.76936;1.06836;5.76936;0.00134047;6.70234;0.0670234;0.0670234
5111;0.209014;-0.931636;5.76936;1.06836;5.76936;0.00134047;6.70234;0.0670234;0.0670234
5112;0.209014;-0.931636;5.76936;1.06836;5.76936;0.00134047;6.70234;0.0670234;0.0670234
5113;0.209014;-0.931636;5.76936;1.06836;5.76936;0.00134047;6.70234;0.0670234;0.0670234
5114;0.209014;-0.931636;5.76936;1.06836;5.76936;0.00134047;6.70234;0.0670234;0.0670234
5115;0.209014;-0.931636;5.76936;1.06836;5.76936;0.00134047;6.70234;0.0670234;0.0670234
5116;0.209014;-0.931636;5.76936;1.06836;5.76936;0.00134047;6.70234;0.0670234;0.0670234
5117;0.209014;-0.931636;5.76936;1.06836;5.76936;0.00134047;6.70234;0.0670234;0.0670234
5118;0.209014;-0.931636;5.76936;1.06836;5.76936;0.00134047;6.70234;0.0670234;0.0670234
5119;0.209014;-0.931636;5.76936;1.06836;5.76936;0.00134047;6.70234;0.0670234;0.0670234
5120;0.209014;-0.931636;5.76936;1.06836;5.76936;0.00134047;6.70234;0.0670234;0.0670234
5121;0.209014;-0.931636;5.76936;1.06836;5.76936;0.00134047;6.70234;0.0670234;0.0670234
5122;0.209014;-0.931636;5.76936;1.06836;5.76936;0.00134047;6.70234;0.0670234;0.0670234
5123;0.209014;-0.931636;5.76936;1.06836;5.76936;0.00134047;6.70234;0.0670234;0.0670234
5124;0.209014;-0.931636;5.76936;1.06836;5.76936;0.00134047;6.70234;0.0670234;0.0670234
5125;0.209014;-0.931636;5.76936;1.06836;5.76936;0.00134047;6.70234;0.0670234;0.0670234
5126;0.209014;-0.931636;5.76936;1.06836;5.76936;0.00134047;6.70234;0.0670234;0.0670234
5127;0.209014;-0.931636;5.76936;1.06836;5.76936;0.00134047;6.70234;0.0670234;0.0670234
5128;0.209014;-0.931636;5.76936;1.06836;5.76936;0.00134047;6.70234;0.0670234;0.0670234
5129;0.209014;-0.931636;5.76936;1.06836;5.76936;0.00134047;6.70234;0.0670234;0.0670234
5130;0.209014;-0.931636;5.76936;1.06836;5.76936;0.00134047;6.70234;0.0670234;0.0670234
5131;0.209014;-0.931636;5.76936;1.06836;5.76936;0.00134047;6.70234;0.0670234;0.0670234
5132;0.209014;-0.931636;5.76936;1.06836;5.76936;0.00134047;6.70234;0.0670234;0.0670234
5133;0.209014;-0.931636;5.76936;1.06836;5.76936;0.00134047;6.70234;0.0670234;0.0670234
5134;0.209014;-0.931636;5.76936;1.06836;5.76936;0.00134047;6.70234;0.0670234;0.0670234
5135;0.209014;-0.931636;5.76936;1.06836;5.76936;0.00134047;6.70234;0.0670234;0.0670234
5136;0.209014;-0.931636;5.76936;1.06836;5.76936;0.00134047;6.70234;0.0670234;0.0670234
5137;0.209014;-0.931636;5.76936;1.06836;5.76936;0.00134047;6.70234;0.0670234;0.0670234
5138;0.209014;-0.931636;5.76936;1.06836;5.76936;0.00134047;6.70234;0.0670234;0.0670234
5139;0.209014;-0.931636;5.76936;1.06836;5.76936;0.00134047;6.70234;0.0670234;0.0670234
5140;0.209014;-0.931636;5.76936;1.06836;5.76936;0.00134047;6.70234;0.0670234;0.0670234
5141;0.209014;-0.931636;5.76936;1.06836;5.76936;0.00134047;6.70234;0.0670234;0.0670234
5142;0.209014;-0.931636;5.76936;1.06836;5.76936;0.00134047;6.70234;0.0670234;0.0670234
5143;0.209014;-0.931636;5.76936;1.06836;5.76936;0.00134047;6.70234;0.0670234;0.0670234
5144;0.209014;-0.931636;5.76936;1.06836;5.76936;0.00134047;6.70234;0.0670234;0.0670234
5145;0.209014;-0.931636;5.76936;1.06836;5.76936;0.00134047;6.70234;0.0670234;0.0670234
5146;0.209014;-0.931636;5.76936;1.06836;5.76936;0.00134047;6.70234;0.0670234;0.0670234
5147;0.209014;-0.931636;5.76936;1.06836;5.76936;0.00134047;6.70234;0.0670234;0.0670234
5148;0.209014;-0.931636;5.76936;1.06836;5.76936;0.00134047;6.70234;0.0670234;0.0670234
5149;0.209014;-0.931636;5.76936;1.06836;5.76936;0.00134047;6.70234;0.0670234;0.0670234
5150;0.209014;-0.931636;5.76936;1.06836;5.76936;0.00134047;6.70234;0.0670234;0.0670234
5151;0.209014;-0.931636;5.76936;1.06836;5.76936;0.00134047;6.70234;0.0670234;0.0670234
5152;0.209014;-0.931636;5.76936;1.06836;5.76936;0.00134047;6.70234;0.0670234;0.0670234
5153;0.209014;-0.931636;5.76936;1.06836;5.76936;0.00134047;6.70234;0.0670234;0.0670234
5154;0.209014;-0.931636;5.76936;1.06836;5.76936;0.00134047;6.70234;0.0670234;0.0670234
5155;0.209014;-0.931636;5.76936;1.06836;5.76936;0.00134047;6.70234;0.0670234;0.0670234
5156;0.209014;-0.931636;5.76936;1.06836;5.76936;0.00134047;6.70234;0.0670234;0.0670234
5157;0.209014;-0.931636;5.76936;1.06836;5.76936;0.00134047;6.70234;0.0670234;0.0670234
5158;0.209014;-0.931636;5.76936;1.06836;5.76936;0.00134047;6.70234;0.0670234;0.0670234
5159;0.209014;-0.931636;5.76936;1.06836;5.76936;0.00134047;6.70234;0.0670234;0.0670234
5160;0.209014;-0.931636;5.76936;1.06836;5.76936;0.00134047;6.70234;0.0670234;0.0670234
5161;0.209014;-0.931636;5.76936;1.06836;5.76936;0.00134047;6.70234;0.0670234;0.0670234
5162;0.209014;-0.931636;5.76936;1.06836;5.76936;0.00134047;6.70234;0.0670234;0.0670234
5163;0.209014;-0.931636;5.76936;1.06836;5.76936;0.00134047;6.70234;0.0670234;0.0670234
5164;0.209014;-0.931636;5.76936;1.06836;5.76936;0.00134047;6.70234;0.0670234;0.0670234
5165;0.209014;-0.931636;5.76936;1.06836;5.76936;0.00134047;6.70234;0.0670234;0.0670234
5166;0.209014;-0.931636;5.76936;1.06836;5.76936;0.00134047;6.70234;0.0670234;0.0670234
5167;0.209014;-0.931636;5.76936;1.06836;5.76936;0.00134047;6.70234;0.0670234;0.0670234
5168;0.209014;-0.931636;5.76936;1.06836;5.76936;0.00134047;6.70234;0.0670234;0.0670234
5169;0.209014;-0.931636;5.76936;1.06836;5.76936;0.00134047;6.70234;0.0670234;0.0670234
5170;0.209014;-0.931636;5.76936;1.06836;5.76936;0.00134047;6.70234;0.0670234;0.0670234
5171;0.209014;-0.931636;5.76936;1.06836;5.76936;0.00134047;6.70234;0.0670234;0.0670234
5172;0.209014;-0.931636;5.76936;1.06836;5.76936;0.00134047;6.70234;0.0670234;0.0670234
5173;0.209014;-0.931636;5.76936;1.06836;5.76936;0.00134047;6.70234;0.0670234;0.0670234
5174;0.209014;-0.931636;5.76936;1.06836;5.76936;0.00134047;6.70234;0.0670234;0.0670234
5175;0.209014;-0.931636;5.76936;1.06836;5.76936;0.00134047;6.70234;0.0670234;0.0670234
5176;0.209014;-0.931636;5.76936;1.06836;5.76936;0.00134047;6.70234;0.0670234;0.0670234
5177;0.209014;-0.931636;5.76936;1.06836;5.76936;0.00134047;6.70234;0.0670234;0.0670234
5178;0.209014;-0.931636;5.76936;1.06836;5.76936;0.00134047;6.70234;0.0670234;0.0670234
5179;0.209014;-0.931636;5.76936;1.06836;5.76936;0.00134047;6.70234;0.0670234;0.0670234
5180;0.209014;-0.931636;5.76936;1.06836;5.76936;0.00134047;6.70234;0.0670234;0.0670234
5181;0.209014;-0.931636;5.76936;1.06836;5.76936;0.00134047;6.70234;0.0670234;0.0670234
5182;0.209014;-0.931636;5.76936;1.06836;5.76936;0.00134047;6.70234;0.0670234;0.0670234
5183;0.209014;-0.931636;5.76936;1.06836;5.76936;0.00134047;6.70234;0.0670234;0.0670234
5184;0.209014;-0.931636;5.76936;1.06836;5.76936;0.00134047;6.70234;0.0670234;0.0670234
5185;0.209014;-0.931636;5.76936;1.06836;5.76936;0.00134047;6.70234;0.0670234;0.0670234
5186;0.209014;-0.931636;5.76936;1.06836;5.76936;0.00134047;6.70234;0.0670234;0.0670234
5187;0.209014;-0.931636;5.76936;1.06836;5.76936;0.00134047;6.70234;0.0670234;0.0670234
5188;0.209014;-0.931636;5.76936;1.06836;5.76936;0.00134047;6.70234;0.0670234;0.0670234
5189;0.209014;-0.931636;5.76936;1.06836;5.76936;0.00134047;6.70234;0.0670234;0.0670234
5190;0.209014;-0.931636;5.76936;1.06836;5.76936;0.00134047;6.70234;0.0670234;0.0670234
5191;0.209014;-0.931636;5.76936;1.06836;5.76936;0.00134047;6.70234;0.0670234;0.0670234
5192;0.209014;-0.931636;5.76936;1.06836;5.76936;0.00134047;6.70234;0.0670234;0.0670234
5193;0.209014;-0.931636;5.76936;1.06836;5.76936;0.00134047;6.70234;0.0670234;0.0670234
5194;0.209014;-0.931636;5.76936;1.06836;5.76936;0.00134047;6.70234;0.0670234;0.0670234
5195;0.209014;-0.931636;5.76936;1.06836;5.76936;0.00134047;6.70234;0.0670234;0.0670234
5196;0.209014;-0.931636;5.76936;1.06836;5.76936;0.00134047;6.70234;0.0670234;0.0670234
5197;0.209014;-0.931636;5.76936;1.06836;5.76936;0.00134047;6.70234;0.0670234;0.0670234
5198;0.209014;-0.931636;5.76936;1.06836;5.76936;0.00134047;6.70234;0.0670234;0.0670234
5199;0.209014;-0.931636;5.76936;1.06836;5.76936;0.00134047;6.70234;0.0670234;0.0670234
5200;0.209014;-0.931636;5.76936;1.06836;5.76936;0.00134047;6.70234;0.0670234;0.0670234
5201;0.209014;-0.931636;5.76936;1.06836;5.76936;0.00134047;6.70234;0.0670234;0.0670234
5202;0.209014;-0.931636;5.76936;1.06836;5.76936;0.00134047;6.70234;0.0670234;0.0670234
5203;0.209014;-0.931636;5.76936;1.06836;5.76936;0.00134047;6.70234;0.0670234;0.0670234
5204;0.209014;-0.931636;5.76936;1.06836;5.76936;0.00134047;6.70234;0.0670234;0.0670234
5205;0.209014;-0.931636;5.76936;1.06836;5.76936;0.00134047;6.70234;0.0670234;0.0670234
5206;0.209014;-0.931636;5.76936;1.06836;5.76936;0.00134047;6.70234;0.0670234;0.0670234
5207;0.209014;-0.931636;5.76936;1.06836;5.76936;0.00134047;6.70234;0.0670234;0.0670234
5208;0.209014;-0.931636;5.76936;1.06836;5.76936;0.00134047;6.70234;0.0670234;0.0670234
5209;0.209014;-0.931636;5.76936;1.06836;5.76936;0.00134047;6.70234;0.0670234;0.0670234
5210;0.209014;-0.931636;5.76936;1.06836;5.76936;0.00134047;6.70234;0.0670234;0.0670234
5211;0.209014;-0.931636;5.76936;1.06836;5.76936;0.00134047;6.70234;0.0670234;0.0670234
5212;0.209014;-0.931636;5.76936;1.06836;5.76936;0.00134047;6.70234;0.0670234;0.0670234
5213;0.209014;-0.931636;5.76936;1.06836;5.76936;0.00134047;6.70234;0.0670234;0.0670234
5214;0.209014;-0.931636;5.76936;1.06836;5.76936;0.00134047;6.70234;0.0670234;0.0670234
5215;0.209014;-0.931636;5.76936;1.06836;5.76936;0.00134047;6.70234;0.0670234;0.0670234
5216;0.209014;-0.931636;5.76936;1.06836;5.76936;0.00134047;6.70234;0.0670234;0.0670234
5217;0.209014;-0.931636;5.76936;1.06836;5.76936;0.00134047;6.70234;0.0670234;0.0670234
5218;0.209014;-0.931636;5.76936;1.06836;5.76936;0.00134047;6.70234;0.0670234;0.0670234
5219;0.209014;-0.931636;5.76936;1.06836;5.76936;0.00134047;6.70234;0.0670234;0.0670234
5220;0.209014;-0.931636;5.76936;1.06836;5.76936;0.00134047;6.70234;0.0670234;0.0670234
5221;0.209014;-0.931636;5.76936;1.06836;5.76936;0.00134047;6.70234;0.0670234;0.0670234
5222;0.209014;-0.931636;5.76936;1.06836;5.76936;0.00134047;6.70234;0.0670234;0.0670234
5223;0.209014;-0.931636;5.76936;1.06836;5.76936;0.00134047;6.70234;0.0670234;0.0670234
5224;0.209014;-0.931636;5.76936;1.06836;5.76936;0.00134047;6.70234;0.0670234;0.0670234
5225;0.209014;-0.931636;5.76936;1.06836;5.76936;0.00134047;6.70234;0.0670234;0.0670234
5226;0.209014;-0.931636;5.76936;1.06836;5.76936;0.00134047;6.70234;0.0670234;0.0670234
5227;0.209014;-0.931636;5.76936;1.06836;5.76936;0.00134047;6.70234;0.0670234;0.0670234
5228;0.209014;-0.931636;5.76936;1.06836;5.76936;0.00134047;6.70234;0.0670234;0.0670234
5229;0.209014;-0.931636;5.76936;1.06836;5.76936;0.00134047;6.70234;0.0670234;0.0670234
5230;0.209014;-0.931636;5.76936;1.06836;5.76936;0.00134047;6.70234;0.0670234;0.0670234
5231;0.209014;-0.931636;5.76936;1.06836;5.76936;0.00134047;6.70234;0.0670234;0.0670234
5232;0.209014;-0.931636;5.76936;1.06836;5.76936;0.00134047;6.70234;0.0670234;0.0670234
5233;0.209014;-0.931636;5.76936;1.06836;5.76936;0.00134047;6.70234;0.0670234;0.0670234
5234;0.209014;-0.931636;5.76936;1.06836;5.76936;0.00134047;6.70234;0.0670234;0.0670234
5235;0.209014;-0.931636;5.76936;1.06836;5.76936;0.00134047;6.70234;0.0670234;0.0670234
5236;0.209014;-0.931636;5.76936;1.06836;5.76936;0.00134047;6.70234;0.0670234;0.0670234
5237;0.209014;-0.931636;5.76936;1.06836;5.76936;0.00134047;6.70234;0.0670234;0.0670234
5238;0.209014;-0.931636;5.76936;1.06836;5.76936;0.00134047;6.70234;0.0670234;0.0670234
5239;0.209014;-0.931636;5.76936;1.06836;5.76936;0.00134047;6.70234;0.0670234;0.0670234
5240;0.209014;-0.931636;5.76936;1.06836;5.76936;0.00134047;6.70234;0.0670234;0.0670234
5241;0.209014;-0.931636;5.76936;1.06836;5.76936;0.00134047;6.70234;0.0670234;0.0670234
5242;0.209014;-0.931636;5.76936;1.06836;5.76936;0.00134047;6.70234;0.0670234;0.0670234
5243;0.209014;-0.931636;5.76936;1.06836;5.76936;0.00134047;6.70234;0.0670234;0.0670234
5244;0.209014;-0.931636;5.76936;1.06836;5.76936;0.00134047;6.70234;0.0670234;0.0670234
5245;0.209014;-0.931636;5.76936;1.06836;5.76936;0.00134047;6.70234;0.0670234;0.0670234
5246;0.209014;-0.931636;5.76936;1.06836;5.76936;0.00134047;6.70234;0.0670234;0.0670234
5247;0.209014;-0.931636;5.76936;1.06836;5.76936;0.00134047;6.70234;0.0670234;0.0670234
5248;0.209014;-0.931636;5.76936;1.06836;5.76936;0.00134047;6.70234;0.0670234;0.0670234
5249;0.209014;-0.931636;5.76936;1.06836;5.76936;0.00134047;6.70234;0.0670234;0.0670234
5250;0.209014;-0.931636;5.76936;1.06836;5.76936;0.00134047;6.70234;0.0670234;0.0670234
5251;0.209014;-0.931636;5.76936;1.06836;5.76936;0.00134047;6.70234;0.0670234;0.0670234
5252;0.209014;-0.931636;5.76936;1.06836;5.76936;0.00134047;6.70234;0.0670234;0.0670234
5253;0.209014;-0.931636;5.76936;1.06836;5.76936;0.00134047;6.70234;0.0670234;0.0670234
5254;0.209014;-0.931636;5.76936;1.06836;5.76936;0.00134047;6.70234;0.0670234;0.0670234
5255;0.209014;-0.931636;5.76936;1.06836;5.76936;0.00134047;6.70234;0.0670234;0.0670234
5256;0.209014;-0.931636;5.76936;1.06836;5.76936;0.00134047;6.70234;0.0670234;0.0670234
5257;0.209014;-0.931636;5.76936;1.06836;5.76936;0.00134047;6.70234;0.0670234;0.0670234
5258;0.209014;-0.931636;5.76936;1.06836;5.76936;0.00134047;6.70234;0.0670234;0.0670234
5259;0.209014;-0.931636;5.76936;1.06836;5.76936;0.00134047;6.70234;0.0670234;0.0670234
5260;0.209014;-0.931636;5.76936;1.06836;5.76936;0.00134047;6.70234;0.0670234;0.0670234
5261;0.209014;-0.931636;5.76936;1.06836;5.76936;0.00134047;6.70234;0.0670234;0.0670234
5262;0.209014;-0.931636;5.76936;1.06836;5.76936;0.00134047;6.70234;0.0670234;0.0670234
5263;0.209014;-0.931636;5.76936;1.06836;5.76936;0.00134047;6.70234;0.0670234;0.0670234
5264;0.209014;-0.931636;5.76936;1.06836;5.76936;0.00134047;6.70234;0.0670234;0.0670234
5265;0.209014;-0.931636;5.76936;1.06836;5.76936;0.00134047;6.70234;0.0670234;0.0670234
5266;0.209014;-0.931636;5.76936;1.06836;5.76936;0.00134047;6.70234;0.0670234;0.0670234
5267;0.209014;-0.931636;5.76936;1.06836;5.76936;0.00134047;6.70234;0.0670234;0.0670234
5268;0.209014;-0.931636;5.76936;1.06836;5.76936;0.00134047;6.70234;0.0670234;0.0670234
5269;0.209014;-0.931636;5.76936;1.06836;5.76936;0.00134047;6.70234;0.0670234;0.0670234
5270;0.209014;-0.931636;5.76936;1.06836;5.76936;0.00134047;6.70234;0.0670234;0.0670234
5271;0.209014;-0.931636;5.76936;1.06836;5.76936;0.00134047;6.70234;0.0670234;0.0670234
5272;0.209014;-0.931636;5.76936;1.06836;5.76936;0.00134047;6.70234;0.0670234;0.0670234
5273;0.209014;-0.931636;5.76936;1.06836;5.76936;0.00134047;6.70234;0.0670234;0.0670234
5274;0.209014;-0.931636;5.76936;1.06836;5.76936;0.00134047;6.70234;0.0670234;0.0670234
5275;0.209014;-0.931636;5.76936;1.06836;5.76936;0.00134047;6.70234;0.0670234;0.0670234
5276;0.209014;-0.931636;5.76936;1.06836;5.76936;0.00134047;6.70234;0.0670234;0.0670234
5277;0.209014;-0.931636;5.76936;1.06836;5.76936;0.00134047;6.70234;0.0670234;0.0670234
5278;0.209014;-0.931636;5.76936;1.06836;5.76936;0.00134047;6.70234;0.0670234;0.0670234
5279;0.209014;-0.931636;5.76936;1.06836;5.76936;0.00134047;6.70234;0.0670234;0.0670234
5280;0.209014;-0.931636;5.76936;1.06836;5.76936;0.00134047;6.70234;0.0670234;0.0670234
5281;0.209014;-0.931636;5.76936;1.06836;5.76936;0.00134047;6.70234;0.0670234;0.0670234
5282;0.209014;-0.931636;5.76936;1.06836;5.76936;0.00134047;6.70234;0.0670234;0.0670234
5283;0.209014;-0.931636;5.76936;1.06836;5.76936;0.00134047;6.70234;0.0670234;0.0670234
5284;0.209014;-0.931636;5.76936;1.06836;5.76936;0.00134047;6.70234;0.0670234;0.0670234
5285;0.209014;-0.931636;5.76936;1.06836;5.76936;0.00134047;6.70234;0.0670234;0.0670234
5286;0.209014;-0.931636;5.76936;1.06836;5.76936;0.00134047;6.70234;0.0670234;0.0670234
5287;0.209014;-0.931636;5.76936;1.06836;5.76936;0.00134047;6.70234;0.0670234;0.0670234
5288;0.209014;-0.931636;5.76936;1.06836;5.76936;0.00134047;6.70234;0.0670234;0.0670234
5289;0.209014;-0.931636;5.76936;1.06836;5.76936;0.00134047;6.70234;0.0670234;0.0670234
5290;0.209014;-0.931636;5.76936;1.06836;5.76936;0.00134047;6.70234;0.0670234;0.0670234
5291;0.209014;-0.931636;5.76936;1.06836;5.76936;0.00134047;6.70234;0.0670234;0.0670234
5292;0.209014;-0.931636;5.76936;1.06836;5.76936;0.00134047;6.70234;0.0670234;0.0670234
5293;0.209014;-0.931636;5.76936;1.06836;5.76936;0.00134047;6.70234;0.0670234;0.0670234
5294;0.209014;-0.931636;5.76936;1.06836;5.76936;0.00134047;6.70234;0.0670234;0.0670234
5295;0.209014;-0.931636;5.76936;1.06836;5.76936;0.00134047;6.70234;0.0670234;0.0670234
5296;0.209014;-0.931636;5.76936;1.06836;5.76936;0.00134047;6.70234;0.0670234;0.0670234
5297;0.209014;-0.931636;5.76936;1.06836;5.76936;0.00134047;6.70234;0.0670234;0.0670234
5298;0.209014;-0.931636;5.76936;1.06836;5.76936;0.00134047;6.70234;0.0670234;0.0670234
5299;0.209014;-0.931636;5.76936;1.06836;5.76936;0.00134047;6.70234;0.0670234;0.0670234
5300;0.209014;-0.931636;5.76936;1.06836;5.76936;0.00134047;6.70234;0.0670234;0.0670234
5301;0.209014;-0.931636;5.76936;1.06836;5.76936;0.00134047;6.70234;0.0670234;0.0670234
5302;0.209014;-0.931636;5.76936;1.06836;5.76936;0.00134047;6.70234;0.0670234;0.0670234
5303;0.209014;-0.931636;5.76936;1.06836;5.76936;0.00134047;6.70234;0.0670234;0.0670234
5304;0.209014;-0.931636;5.76936;1.06836;5.76936;0.00134047;6.70234;0.0670234;0.0670234
5305;0.209014;-0.931636;5.76936;1.06836;5.76936;0.00134047;6.70234;0.0670234;0.0670234
5306;0.209014;-0.931636;5.76936;1.06836;5.76936;0.00134047;6.70234;0.0670234;0.0670234
5307;0.209014;-0.931636;5.76936;1.06836;5.76936;0.00134047;6.70234;0.0670234;0.0670234
5308;0.209014;-0.931636;5.76936;1.06836;5.76936;0.00134047;6.70234;0.0670234;0.0670234
5309;0.209014;-0.931636;5.76936;1.06836;5.76936;0.00134047;6.70234;0.0670234;0.0670234
5310;0.209014;-0.931636;5.76936;1.06836;5.76936;0.00134047;6.70234;0.0670234;0.0670234
5311;0.209014;-0.931636;5.76936;1.06836;5.76936;0.00134047;6.70234;0.0670234;0.0670234
5312;0.209014;-0.931636;5.76936;1.06836;5.76936;0.00134047;6.70234;0.0670234;0.0670234
5313;0.209014;-0.931636;5.76936;1.06836;5.76936;0.00134047;6.70234;0.0670234;0.0670234
5314;0.209014;-0.931636;5.76936;1.06836;5.76936;0.00134047;6.70234;0.0670234;0.0670234
5315;0.209014;-0.931636;5.76936;1.06836;5.76936;0.00134047;6.70234;0.0670234;0.0670234
5316;0.209014;-0.931636;5.76936;1.06836;5.76936;0.00134047;6.70234;0.0670234;0.0670234
5317;0.209014;-0.931636;5.76936;1.06836;5.76936;0.00134047;6.70234;0.0670234;0.0670234
5318;0.209014;-0.931636;5.76936;1.06836;5.76936;0.00134047;6.70234;0.0670234;0.0670234
5319;0.209014;-0.931636;5.76936;1.06836;5.76936;0.00134047;6.70234;0.0670234;0.0670234
5320;0.209014;-0.931636;5.76936;1.06836;5.76936;0.00134047;6.70234;0.0670234;0.0670234
5321;0.209014;-0.931636;5.76936;1.06836;5.76936;0.00134047;6.70234;0.0670234;0.0670234
5322;0.209014;-0.931636;5.76936;1.06836;5.76936;0.00134047;6.70234;0.0670234;0.0670234
5323;0.209014;-0.931636;5.76936;1.06836;5.76936;0.00134047;6.70234;0.0670234;0.0670234
5324;0.209014;-0.931636;5.76936;1.06836;5.76936;0.00134047;6.70234;0.0670234;0.0670234
5325;0.209014;-0.931636;5.76936;1.06836;5.76936;0.00134047;6.70234;0.0670234;0.0670234
5326;0.209014;-0.931636;5.76936;1.06836;5.76936;0.00134047;6.70234;0.0670234;0.0670234
5327;0.209014;-0.931636;5.76936;1.06836;5.76936;0.00134047;6.70234;0.0670234;0.0670234
5328;0.209014;-0.931636;5.76936;1.06836;5.76936;0.00134047;6.70234;0.0670234;0.0670234
5329;0.209014;-0.931636;5.76936;1.06836;5.76936;0.00134047;6.70234;0.0670234;0.0670234
5330;0.209014;-0.931636;5.76936;1.06836;5.76936;0.00134047;6.70234;0.0670234;0.0670234
5331;0.209014;-0.931636;5.76936;1.06836;5.76936;0.00134047;6.70234;0.0670234;0.0670234
5332;0.209014;-0.931636;5.76936;1.06836;5.76936;0.00134047;6.70234;0.0670234;0.0670234
5333;0.209014;-0.931636;5.76936;1.06836;5.76936;0.00134047;6.70234;0.0670234;0.0670234
5334;0.209014;-0.931636;5.76936;1.06836;5.76936;0.00134047;6.70234;0.0670234;0.0670234
5335;0.209014;-0.931636;5.76936;1.06836;5.76936;0.00134047;6.70234;0.0670234;0.0670234
5336;0.209014;-0.931636;5.76936;1.06836;5.76936;0.00134047;6.70234;0.0670234;0.0670234
5337;0.209014;-0.931636;5.76936;1.06836;5.76936;0.00134047;6.70234;0.0670234;0.0670234
5338;0.209014;-0.931636;5.76936;1.06836;5.76936;0.00134047;6.70234;0.0670234;0.0670234
5339;0.209014;-0.931636;5.76936;1.06836;5.76936;0.00134047;6.70234;0.0670234;0.0670234
5340;0.209014;-0.931636;5.76936;1.06836;5.76936;0.00134047;6.70234;0.0670234;0.0670234
5341;0.209014;-0.931636;5.76936;1.06836;5.76936;0.00134047;6.70234;0.0670234;0.0670234
5342;0.209014;-0.931636;5.76936;1.06836;5.76936;0.00134047;6.70234;0.0670234;0.0670234
5343;0.209014;-0.931636;5.76936;1.06836;5.76936;0.00134047;6.70234;0.0670234;0.0670234
5344;0.209014;-0.931636;5.76936;1.06836;5.76936;0.00134047;6.70234;0.0670234;0.0670234
5345;0.209014;-0.931636;5.76936;1.06836;5.76936;0.00134047;6.70234;0.0670234;0.0670234
5346;0.209014;-0.931636;5.76936;1.06836;5.76936;0.00134047;6.70234;0.0670234;0.0670234
5347;0.209014;-0.931636;5.76936;1.06836;5.76936;0.00134047;6.70234;0.0670234;0.0670234
5348;0.209014;-0.931636;5.76936;1.06836;5.76936;0.00134047;6.70234;0.0670234;0.0670234
5349;0.209014;-0.931636;5.76936;1.06836;5.76936;0.00134047;6.70234;0.0670234;0.0670234
5350;0.209014;-0.931636;5.76936;1.06836;5.76936;0.00134047;6.70234;0.0670234;0.0670234
5351;0.209014;-0.931636;5.76936;1.06836;5.76936;0.00134047;6.70234;0.0670234;0.0670234
5352;0.209014;-0.931636;5.76936;1.06836;5.76936;0.00134047;6.70234;0.0670234;0.0670234
5353;0.209014;-0.931636;5.76936;1.06836;5.76936;0.00134047;6.70234;0.0670234;0.0670234
5354;0.209014;-0.931636;5.76936;1.06836;5.76936;0.00134047;6.70234;0.0670234;0.0670234
5355;0.209014;-0.931636;5.76936;1.06836;5.76936;0.00134047;6.70234;0.0670234;0.0670234
5356;0.209014;-0.931636;5.76936;1.06836;5.76936;0.00134047;6.70234;0.0670234;0.0670234
5357;0.209014;-0.931636;5.76936;1.06836;5.76936;0.00134047;6.70234;0.0670234;0.0670234
5358;0.209014;-0.931636;5.76936;1.06836;5.76936;0.00134047;6.70234;0.0670234;0.0670234
5359;0.209014;-0.931636;5.76936;1.06836;5.76936;0.00134047;6.70234;0.0670234;0.0670234
5360;0.209014;-0.931636;5.76936;1.06836;5.76936;0.00134047;6.70234;0.0670234;0.0670234
5361;0.209014;-0.931636;5.76936;1.06836;5.76936;0.00134047;6.70234;0.0670234;0.0670234
5362;0.209014;-0.931636;5.76936;1.06836;5.76936;0.00134047;6.70234;0.0670234;0.0670234
5363;0.209014;-0.931636;5.76936;1.06836;5.76936;0.00134047;6.70234;0.0670234;0.0670234
5364;0.209014;-0.931636;5.76936;1.06836;5.76936;0.00134047;6.70234;0.0670234;0.0670234
5365;0.209014;-0.931636;5.76936;1.06836;5.76936;0.00134047;6.70234;0.0670234;0.0670234
5366;0.209014;-0.931636;5.76936;1.06836;5.76936;0.00134047;6.70234;0.0670234;0.0670234
5367;0.209014;-0.931636;5.76936;1.06836;5.76936;0.00134047;6.70234;0.0670234;0.0670234
5368;0.209014;-0.931636;5.76936;1.06836;5.76936;0.00134047;6.70234;0.0670234;0.0670234
5369;0.209014;-0.931636;5.76936;1.06836;5.76936;0.00134047;6.70234;0.0670234;0.0670234
5370;0.209014;-0.931636;5.76936;1.06836;5.76936;0.00134047;6.70234;0.0670234;0.0670234
5371;0.209014;-0.931636;5.76936;1.06836;5.76936;0.00134047;6.70234;0.0670234;0.0670234
5372;0.209014;-0.931636;5.76936;1.06836;5.76936;0.00134047;6.70234;0.0670234;0.0670234
5373;0.209014;-0.931636;5.76936;1.06836;5.76936;0.00134047;6.70234;0.0670234;0.0670234
5374;0.209014;-0.931636;5.76936;1.06836;5.76936;0.00134047;6.70234;0.0670234;0.0670234
5375;0.209014;-0.931636;5.76936;1.06836;5.76936;0.00134047;6.70234;0.0670234;0.0670234
5376;0.209014;-0.931636;5.76936;1.06836;5.76936;0.00134047;6.70234;0.0670234;0.0670234
5377;0.209014;-0.931636;5.76936;1.06836;5.76936;0.00134047;6.70234;0.0670234;0.0670234
5378;0.209014;-0.931636;5.76936;1.06836;5.76936;0.00134047;6.70234;0.0670234;0.0670234
5379;0.209014;-0.931636;5.76936;1.06836;5.76936;0.00134047;6.70234;0.0670234;0.0670234
5380;0.209014;-0.931636;5.76936;1.06836;5.76936;0.00134047;6.70234;0.0670234;0.0670234
5381;0.209014;-0.931636;5.76936;1.06836;5.76936;0.00134047;6.70234;0.0670234;0.0670234
5382;0.209014;-0.931636;5.76936;1.06836;5.76936;0.00134047;6.70234;0.0670234;0.0670234
5383;0.209014;-0.931636;5.76936;1.06836;5.76936;0.00134047;6.70234;0.0670234;0.0670234
5384;0.209014;-0.931636;5.76936;1.06836;5.76936;0.00134047;6.70234;0.0670234;0.0670234
5385;0.209014;-0.931636;5.76936;1.06836;5.76936;0.00134047;6.70234;0.0670234;0.0670234
5386;0.209014;-0.931636;5.76936;1.06836;5.76936;0.00134047;6.70234;0.0670234;0.0670234
5387;0.209014;-0.931636;5.76936;1.06836;5.76936;0.00134047;6.70234;0.0670234;0.0670234
5388;0.209014;-0.931636;5.76936;1.06836;5.76936;0.00134047;6.70234;0.0670234;0.0670234
5389;0.209014;-0.931636;5.76936;1.06836;5.76936;0.00134047;6.70234;0.0670234;0.0670234
5390;0.209014;-0.931636;5.76936;1.06836;5.76936;0.00134047;6.70234;0.0670234;0.0670234
5391;0.209014;-0.931636;5.76936;1.06836;5.76936;0.00134047;6.70234;0.0670234;0.0670234
5392;0.209014;-0.931636;5.76936;1.06836;5.76936;0.00134047;6.70234;0.0670234;0.0670234
5393;0.209014;-0.931636;5.76936;1.06836;5.76936;0.00134047;6.70234;0.0670234;0.0670234
5394;0.209014;-0.931636;5.76936;1.06836;5.76936;0.00134047;6.70234;0.0670234;0.0670234
5395;0.209014;-0.931636;5.76936;1.06836;5.76936;0.00134047;6.70234;0.0670234;0.0670234
5396;0.209014;-0.931636;5.76936;1.06836;5.76936;0.00134047;6.70234;0.0670234;0.0670234
5397;0.209014;-0.931636;5.76936;1.06836;5.76936;0.00134047;6.70234;0.0670234;0.0670234
5398;0.209014;-0.931636;5.76936;1.06836;5.76936;0.00134047;6.70234;0.0670234;0.0670234
5399;0.209014;-0.931636;5.76936;1.06836;5.76936;0.00134047;6.70234;0.0670234;0.0670234
5400;0.209014;-0.931636;5.76936;1.06836;5.76936;0.00134047;6.70234;0.0670234;0.0670234
5401;0.209014;-0.931636;5.76936;1.06836;5.76936;0.00134047;6.70234;0.0670234;0.0670234
5402;0.209014;-0.931636;5.76936;1.06836;5.76936;0.00134047;6.70234;0.0670234;0.0670234
5403;0.209014;-0.931636;5.76936;1.06836;5.76936;0.00134047;6.70234;0.0670234;0.0670234
5404;0.209014;-0.931636;5.76936;1.06836;5.76936;0.00134047;6.70234;0.0670234;0.0670234
5405;0.209014;-0.931636;5.76936;1.06836;5.76936;0.00134047;6.70234;0.0670234;0.0670234
5406;0.209014;-0.931636;5.76936;1.06836;5.76936;0.00134047;6.70234;0.0670234;0.0670234
5407;0.209014;-0.931636;5.76936;1.06836;5.76936;0.00134047;6.70234;0.0670234;0.0670234
5408;0.209014;-0.931636;5.76936;1.06836;5.76936;0.00134047;6.70234;0.0670234;0.0670234
5409;0.209014;-0.931636;5.76936;1.06836;5.76936;0.00134047;6.70234;0.0670234;0.0670234
5410;0.209014;-0.931636;5.76936;1.06836;5.76936;0.00134047;6.70234;0.0670234;0.0670234
5411;0.209014;-0.931636;5.76936;1.06836;5.76936;0.00134047;6.70234;0.0670234;0.0670234
5412;0.209014;-0.931636;5.76936;1.06836;5.76936;0.00134047;6.70234;0.0670234;0.0670234
5413;0.209014;-0.931636;5.76936;1.06836;5.76936;0.00134047;6.70234;0.0670234;0.0670234
5414;0.209014;-0.931636;5.76936;1.06836;5.76936;0.00134047;6.70234;0.0670234;0.0670234
5415;0.209014;-0.931636;5.76936;1.06836;5.76936;0.00134047;6.70234;0.0670234;0.0670234
5416;0.209014;-0.931636;5.76936;1.06836;5.76936;0.00134047;6.70234;0.0670234;0.0670234
5417;0.209014;-0.931636;5.76936;1.06836;5.76936;0.00134047;6.70234;0.0670234;0.0670234
5418;0.209014;-0.931636;5.76936;1.06836;5.76936;0.00134047;6.70234;0.0670234;0.0670234
5419;0.209014;-0.931636;5.76936;1.06836;5.76936;0.00134047;6.70234;0.0670234;0.0670234
5420;0.209014;-0.931636;5.76936;1.06836;5.76936;0.00134047;6.70234;0.0670234;0.0670234
5421;0.209014;-0.931636;5.76936;1.06836;5.76936;0.00134047;6.70234;0.0670234;0.0670234
5422;0.209014;-0.931636;5.76936;1.06836;5.76936;0.00134047;6.70234;0.0670234;0.0670234
5423;0.209014;-0.931636;5.76936;1.06836;5.76936;0.00134047;6.70234;0.0670234;0.0670234
5424;0.209014;-0.931636;5.76936;1.06836;5.76936;0.00134047;6.70234;0.0670234;0.0670234
5425;0.209014;-0.931636;5.76936;1.06836;5.76936;0.00134047;6.70234;0.0670234;0.0670234
5426;0.209014;-0.931636;5.76936;1.06836;5.76936;0.00134047;6.70234;0.0670234;0.0670234
5427;0.209014;-0.931636;5.76936;1.06836;5.76936;0.00134047;6.70234;0.0670234;0.0670234
5428;0.209014;-0.931636;5.76936;1.06836;5.76936;0.00134047;6.70234;0.0670234;0.0670234
5429;0.209014;-0.931636;5.76936;1.06836;5.76936;0.00134047;6.70234;0.0670234;0.0670234
5430;0.209014;-0.931636;5.76936;1.06836;5.76936;0.00134047;6.70234;0.0670234;0.0670234
5431;0.209014;-0.931636;5.76936;1.06836;5.76936;0.00134047;6.70234;0.0670234;0.0670234
5432;0.209014;-0.931636;5.76936;1.06836;5.76936;0.00134047;6.70234;0.0670234;0.0670234
5433;0.209014;-0.931636;5.76936;1.06836;5.76936;0.00134047;6.70234;0.0670234;0.0670234
5434;0.209014;-0.931636;5.76936;1.06836;5.76936;0.00134047;6.70234;0.0670234;0.0670234
5435;0.209014;-0.931636;5.76936;1.06836;5.76936;0.00134047;6.70234;0.0670234;0.0670234
5436;0.209014;-0.931636;5.76936;1.06836;5.76936;0.00134047;6.70234;0.0670234;0.0670234
5437;0.209014;-0.931636;5.76936;1.06836;5.76936;0.00134047;6.70234;0.0670234;0.0670234
5438;0.209014;-0.931636;5.76936;1.06836;5.76936;0.00134047;6.70234;0.0670234;0.0670234
5439;0.209014;-0.931636;5.76936;1.06836;5.76936;0.00134047;6.70234;0.0670234;0.0670234
5440;0.209014;-0.931636;5.76936;1.06836;5.76936;0.00134047;6.70234;0.0670234;0.0670234
5441;0.209014;-0.931636;5.76936;1.06836;5.76936;0.00134047;6.70234;0.0670234;0.0670234
5442;0.209014;-0.931636;5.76936;1.06836;5.76936;0.00134047;6.70234;0.0670234;0.0670234
5443;0.209014;-0.931636;5.76936;1.06836;5.76936;0.00134047;6.70234;0.0670234;0.0670234
5444;0.209014;-0.931636;5.76936;1.06836;5.76936;0.00134047;6.70234;0.0670234;0.0670234
5445;0.209014;-0.931636;5.76936;1.06836;5.76936;0.00134047;6.70234;0.0670234;0.0670234
5446;0.209014;-0.931636;5.76936;1.06836;5.76936;0.00134047;6.70234;0.0670234;0.0670234
5447;0.209014;-0.931636;5.76936;1.06836;5.76936;0.00134047;6.70234;0.0670234;0.0670234
5448;0.209014;-0.931636;5.76936;1.06836;5.76936;0.00134047;6.70234;0.0670234;0.0670234
5449;0.209014;-0.931636;5.76936;1.06836;5.76936;0.00134047;6.70234;0.0670234;0.0670234
5450;0.209014;-0.931636;5.76936;1.06836;5.76936;0.00134047;6.70234;0.0670234;0.0670234
5451;0.209014;-0.931636;5.76936;1.06836;5.76936;0.00134047;6.70234;0.0670234;0.0670234
5452;0.209014;-0.931636;5.76936;1.06836;5.76936;0.00134047;6.70234;0.0670234;0.0670234
5453;0.209014;-0.931636;5.76936;1.06836;5.76936;0.00134047;6.70234;0.0670234;0.0670234
5454;0.209014;-0.931636;5.76936;1.06836;5.76936;0.00134047;6.70234;0.0670234;0.0670234
5455;0.209014;-0.931636;5.76936;1.06836;5.76936;0.00134047;6.70234;0.0670234;0.0670234
5456;0.209014;-0.931636;5.76936;1.06836;5.76936;0.00134047;6.70234;0.0670234;0.0670234
5457;0.209014;-0.931636;5.76936;1.06836;5.76936;0.00134047;6.70234;0.0670234;0.0670234
5458;0.209014;-0.931636;5.76936;1.06836;5.76936;0.00134047;6.70234;0.0670234;0.0670234
5459;0.209014;-0.931636;5.76936;1.06836;5.76936;0.00134047;6.70234;0.0670234;0.0670234
5460;0.209014;-0.931636;5.76936;1.06836;5.76936;0.00134047;6.70234;0.0670234;0.0670234
5461;0.209014;-0.931636;5.76936;1.06836;5.76936;0.00134047;6.70234;0.0670234;0.0670234
5462;0.209014;-0.931636;5.76936;1.06836;5.76936;0.00134047;6.70234;0.0670234;0.0670234
5463;0.209014;-0.931636;5.76936;1.06836;5.76936;0.00134047;6.70234;0.0670234;0.0670234
5464;0.209014;-0.931636;5.76936;1.06836;5.76936;0.00134047;6.70234;0.0670234;0.0670234
5465;0.209014;-0.931636;5.76936;1.06836;5.76936;0.00134047;6.70234;0.0670234;0.0670234
5466;0.209014;-0.931636;5.76936;1.06836;5.76936;0.00134047;6.70234;0.0670234;0.0670234
5467;0.209014;-0.931636;5.76936;1.06836;5.76936;0.00134047;6.70234;0.0670234;0.0670234
5468;0.209014;-0.931636;5.76936;1.06836;5.76936;0.00134047;6.70234;0.0670234;0.0670234
5469;0.209014;-0.931636;5.76936;1.06836;5.76936;0.00134047;6.70234;0.0670234;0.0670234
5470;0.209014;-0.931636;5.76936;1.06836;5.76936;0.00134047;6.70234;0.0670234;0.0670234
5471;0.209014;-0.931636;5.76936;1.06836;5.76936;0.00134047;6.70234;0.0670234;0.0670234
5472;0.209014;-0.931636;5.76936;1.06836;5.76936;0.00134047;6.70234;0.0670234;0.0670234
5473;0.209014;-0.931636;5.76936;1.06836;5.76936;0.00134047;6.70234;0.0670234;0.0670234
5474;0.209014;-0.931636;5.76936;1.06836;5.76936;0.00134047;6.70234;0.0670234;0.0670234
5475;0.209014;-0.931636;5.76936;1.06836;5.76936;0.00134047;6.70234;0.0670234;0.0670234
5476;0.209014;-0.931636;5.76936;1.06836;5.76936;0.00134047;6.70234;0.0670234;0.0670234
5477;0.209014;-0.931636;5.76936;1.06836;5.76936;0.00134047;6.70234;0.0670234;0.0670234
5478;0.209014;-0.931636;5.76936;1.06836;5.76936;0.00134047;6.70234;0.0670234;0.0670234
5479;0.209014;-0.931636;5.76936;1.06836;5.76936;0.00134047;6.70234;0.0670234;0.0670234
5480;0.209014;-0.931636;5.76936;1.06836;5.76936;0.00134047;6.70234;0.0670234;0.0670234
5481;0.209014;-0.931636;5.76936;1.06836;5.76936;0.00134047;6.70234;0.0670234;0.0670234
5482;0.209014;-0.931636;5.76936;1.06836;5.76936;0.00134047;6.70234;0.0670234;0.0670234
5483;0.209014;-0.931636;5.76936;1.06836;5.76936;0.00134047;6.70234;0.0670234;0.0670234
5484;0.209014;-0.931636;5.76936;1.06836;5.76936;0.00134047;6.70234;0.0670234;0.0670234
5485;0.209014;-0.931636;5.76936;1.06836;5.76936;0.00134047;6.70234;0.0670234;0.0670234
5486;0.209014;-0.931636;5.76936;1.06836;5.76936;0.00134047;6.70234;0.0670234;0.0670234
5487;0.209014;-0.931636;5.76936;1.06836;5.76936;0.00134047;6.70234;0.0670234;0.0670234
5488;0.209014;-0.931636;5.76936;1.06836;5.76936;0.00134047;6.70234;0.0670234;0.0670234
5489;0.209014;-0.931636;5.76936;1.06836;5.76936;0.00134047;6.70234;0.0670234;0.0670234
5490;0.209014;-0.931636;5.76936;1.06836;5.76936;0.00134047;6.70234;0.0670234;0.0670234
5491;0.209014;-0.931636;5.76936;1.06836;5.76936;0.00134047;6.70234;0.0670234;0.0670234
5492;0.209014;-0.931636;5.76936;1.06836;5.76936;0.00134047;6.70234;0.0670234;0.0670234
5493;0.209014;-0.931636;5.76936;1.06836;5.76936;0.00134047;6.70234;0.0670234;0.0670234
5494;0.209014;-0.931636;5.76936;1.06836;5.76936;0.00134047;6.70234;0.0670234;0.0670234
5495;0.209014;-0.931636;5.76936;1.06836;5.76936;0.00134047;6.70234;0.0670234;0.0670234
5496;0.209014;-0.931636;5.76936;1.06836;5.76936;0.00134047;6.70234;0.0670234;0.0670234
5497;0.209014;-0.931636;5.76936;1.06836;5.76936;0.00134047;6.70234;0.0670234;0.0670234
5498;0.209014;-0.931636;5.76936;1.06836;5.76936;0.00134047;6.70234;0.0670234;0.0670234
5499;0.209014;-0.931636;5.76936;1.06836;5.76936;0.00134047;6.70234;0.0670234;0.0670234
5500;0.209014;-0.931636;5.76936;1.06836;5.76936;0.00134047;6.70234;0.0670234;0.0670234
5501;0.209014;-0.931636;5.76936;1.06836;5.76936;0.00134047;6.70234;0.0670234;0.0670234
5502;0.209014;-0.931636;5.76936;1.06836;5.76936;0.00134047;6.70234;0.0670234;0.0670234
5503;0.209014;-0.931636;5.76936;1.06836;5.76936;0.00134047;6.70234;0.0670234;0.0670234
5504;0.209014;-0.931636;5.76936;1.06836;5.76936;0.00134047;6.70234;0.0670234;0.0670234
5505;0.209014;-0.931636;5.76936;1.06836;5.76936;0.00134047;6.70234;0.0670234;0.0670234
5506;0.209014;-0.931636;5.76936;1.06836;5.76936;0.00134047;6.70234;0.0670234;0.0670234
5507;0.209014;-0.931636;5.76936;1.06836;5.76936;0.00134047;6.70234;0.0670234;0.0670234
5508;0.209014;-0.931636;5.76936;1.06836;5.76936;0.00134047;6.70234;0.0670234;0.0670234
5509;0.209014;-0.931636;5.76936;1.06836;5.76936;0.00134047;6.70234;0.0670234;0.0670234
5510;0.209014;-0.931636;5.76936;1.06836;5.76936;0.00134047;6.70234;0.0670234;0.0670234
5511;0.209014;-0.931636;5.76936;1.06836;5.76936;0.00134047;6.70234;0.0670234;0.0670234
5512;0.209014;-0.931636;5.76936;1.06836;5.76936;0.00134047;6.70234;0.0670234;0.0670234
5513;0.209014;-0.931636;5.76936;1.06836;5.76936;0.00134047;6.70234;0.0670234;0.0670234
5514;0.209014;-0.931636;5.76936;1.06836;5.76936;0.00134047;6.70234;0.0670234;0.0670234
5515;0.209014;-0.931636;5.76936;1.06836;5.76936;0.00134047;6.70234;0.0670234;0.0670234
5516;0.209014;-0.931636;5.76936;1.06836;5.76936;0.00134047;6.70234;0.0670234;0.0670234
5517;0.209014;-0.931636;5.76936;1.06836;5.76936;0.00134047;6.70234;0.0670234;0.0670234
5518;0.209014;-0.931636;5.76936;1.06836;5.76936;0.00134047;6.70234;0.0670234;0.0670234
5519;0.209014;-0.931636;5.76936;1.06836;5.76936;0.00134047;6.70234;0.0670234;0.0670234
5520;0.209014;-0.931636;5.76936;1.06836;5.76936;0.00134047;6.70234;0.0670234;0.0670234
5521;0.209014;-0.931636;5.76936;1.06836;5.76936;0.00134047;6.70234;0.0670234;0.0670234
5522;0.209014;-0.931636;5.76936;1.06836;5.76936;0.00134047;6.70234;0.0670234;0.0670234
5523;0.209014;-0.931636;5.76936;1.06836;5.76936;0.00134047;6.70234;0.0670234;0.0670234
5524;0.209014;-0.931636;5.76936;1.06836;5.76936;0.00134047;6.70234;0.0670234;0.0670234
5525;0.209014;-0.931636;5.76936;1.06836;5.76936;0.00134047;6.70234;0.0670234;0.0670234
5526;0.209014;-0.931636;5.76936;1.06836;5.76936;0.00134047;6.70234;0.0670234;0.0670234
5527;0.209014;-0.931636;5.76936;1.06836;5.76936;0.00134047;6.70234;0.0670234;0.0670234
5528;0.209014;-0.931636;5.76936;1.06836;5.76936;0.00134047;6.70234;0.0670234;0.0670234
5529;0.209014;-0.931636;5.76936;1.06836;5.76936;0.00134047;6.70234;0.0670234;0.0670234
5530;0.209014;-0.931636;5.76936;1.06836;5.76936;0.00134047;6.70234;0.0670234;0.0670234
5531;0.209014;-0.931636;5.76936;1.06836;5.76936;0.00134047;6.70234;0.0670234;0.0670234
5532;0.209014;-0.931636;5.76936;1.06836;5.76936;0.00134047;6.70234;0.0670234;0.0670234
5533;0.209014;-0.931636;5.76936;1.06836;5.76936;0.00134047;6.70234;0.0670234;0.0670234
5534;0.209014;-0.931636;5.76936;1.06836;5.76936;0.00134047;6.70234;0.0670234;0.0670234
5535;0.209014;-0.931636;5.76936;1.06836;5.76936;0.00134047;6.70234;0.0670234;0.0670234
5536;0.209014;-0.931636;5.76936;1.06836;5.76936;0.00134047;6.70234;0.0670234;0.0670234
5537;0.209014;-0.931636;5.76936;1.06836;5.76936;0.00134047;6.70234;0.0670234;0.0670234
5538;0.209014;-0.931636;5.76936;1.06836;5.76936;0.00134047;6.70234;0.0670234;0.0670234
5539;0.209014;-0.931636;5.76936;1.06836;5.76936;0.00134047;6.70234;0.0670234;0.0670234
5540;0.209014;-0.931636;5.76936;1.06836;5.76936;0.00134047;6.70234;0.0670234;0.0670234
5541;0.209014;-0.931636;5.76936;1.06836;5.76936;0.00134047;6.70234;0.0670234;0.0670234
5542;0.209014;-0.931636;5.76936;1.06836;5.76936;0.00134047;6.70234;0.0670234;0.0670234
5543;0.209014;-0.931636;5.76936;1.06836;5.76936;0.00134047;6.70234;0.0670234;0.0670234
5544;0.209014;-0.931636;5.76936;1.06836;5.76936;0.00134047;6.70234;0.0670234;0.0670234
5545;0.209014;-0.931636;5.76936;1.06836;5.76936;0.00134047;6.70234;0.0670234;0.0670234
5546;0.209014;-0.931636;5.76936;1.06836;5.76936;0.00134047;6.70234;0.0670234;0.0670234
5547;0.209014;-0.931636;5.76936;1.06836;5.76936;0.00134047;6.70234;0.0670234;0.0670234
5548;0.209014;-0.931636;5.76936;1.06836;5.76936;0.00134047;6.70234;0.0670234;0.0670234
5549;0.209014;-0.931636;5.76936;1.06836;5.76936;0.00134047;6.70234;0.0670234;0.0670234
5550;0.209014;-0.931636;5.76936;1.06836;5.76936;0.00134047;6.70234;0.0670234;0.0670234
5551;0.209014;-0.931636;5.76936;1.06836;5.76936;0.00134047;6.70234;0.0670234;0.0670234
5552;0.209014;-0.931636;5.76936;1.06836;5.76936;0.00134047;6.70234;0.0670234;0.0670234
5553;0.209014;-0.931636;5.76936;1.06836;5.76936;0.00134047;6.70234;0.0670234;0.0670234
5554;0.209014;-0.931636;5.76936;1.06836;5.76936;0.00134047;6.70234;0.0670234;0.0670234
5555;0.209014;-0.931636;5.76936;1.06836;5.76936;0.00134047;6.70234;0.0670234;0.0670234
5556;0.209014;-0.931636;5.76936;1.06836;5.76936;0.00134047;6.70234;0.0670234;0.0670234
5557;0.209014;-0.931636;5.76936;1.06836;5.76936;0.00134047;6.70234;0.0670234;0.0670234
5558;0.209014;-0.931636;5.76936;1.06836;5.76936;0.00134047;6.70234;0.0670234;0.0670234
5559;0.209014;-0.931636;5.76936;1.06836;5.76936;0.00134047;6.70234;0.0670234;0.0670234
5560;0.209014;-0.931636;5.76936;1.06836;5.76936;0.00134047;6.70234;0.0670234;0.0670234
5561;0.209014;-0.931636;5.76936;1.06836;5.76936;0.00134047;6.70234;0.0670234;0.0670234
5562;0.209014;-0.931636;5.76936;1.06836;5.76936;0.00134047;6.70234;0.0670234;0.0670234
5563;0.209014;-0.931636;5.76936;1.06836;5.76936;0.00134047;6.70234;0.0670234;0.0670234
5564;0.209014;-0.931636;5.76936;1.06836;5.76936;0.00134047;6.70234;0.0670234;0.0670234
5565;0.209014;-0.931636;5.76936;1.06836;5.76936;0.00134047;6.70234;0.0670234;0.0670234
5566;0.209014;-0.931636;5.76936;1.06836;5.76936;0.00134047;6.70234;0.0670234;0.0670234
5567;0.209014;-0.931636;5.76936;1.06836;5.76936;0.00134047;6.70234;0.0670234;0.0670234
5568;0.209014;-0.931636;5.76936;1.06836;5.76936;0.00134047;6.70234;0.0670234;0.0670234
5569;0.209014;-0.931636;5.76936;1.06836;5.76936;0.00134047;6.70234;0.0670234;0.0670234
5570;0.209014;-0.931636;5.76936;1.06836;5.76936;0.00134047;6.70234;0.0670234;0.0670234
5571;0.209014;-0.931636;5.76936;1.06836;5.76936;0.00134047;6.70234;0.0670234;0.0670234
5572;0.209014;-0.931636;5.76936;1.06836;5.76936;0.00134047;6.70234;0.0670234;0.0670234
5573;0.209014;-0.931636;5.76936;1.06836;5.76936;0.00134047;6.70234;0.0670234;0.0670234
5574;0.209014;-0.931636;5.76936;1.06836;5.76936;0.00134047;6.70234;0.0670234;0.0670234
5575;0.209014;-0.931636;5.76936;1.06836;5.76936;0.00134047;6.70234;0.0670234;0.0670234
5576;0.209014;-0.931636;5.76936;1.06836;5.76936;0.00134047;6.70234;0.0670234;0.0670234
5577;0.209014;-0.931636;5.76936;1.06836;5.76936;0.00134047;6.70234;0.0670234;0.0670234
5578;0.209014;-0.931636;5.76936;1.06836;5.76936;0.00134047;6.70234;0.0670234;0.0670234
5579;0.209014;-0.931636;5.76936;1.06836;5.76936;0.00134047;6.70234;0.0670234;0.0670234
5580;0.209014;-0.931636;5.76936;1.06836;5.76936;0.00134047;6.70234;0.0670234;0.0670234
5581;0.209014;-0.931636;5.76936;1.06836;5.76936;0.00134047;6.70234;0.0670234;0.0670234
5582;0.209014;-0.931636;5.76936;1.06836;5.76936;0.00134047;6.70234;0.0670234;0.0670234
5583;0.209014;-0.931636;5.76936;1.06836;5.76936;0.00134047;6.70234;0.0670234;0.0670234
5584;0.209014;-0.931636;5.76936;1.06836;5.76936;0.00134047;6.70234;0.0670234;0.0670234
5585;0.209014;-0.931636;5.76936;1.06836;5.76936;0.00134047;6.70234;0.0670234;0.0670234
5586;0.209014;-0.931636;5.76936;1.06836;5.76936;0.00134047;6.70234;0.0670234;0.0670234
5587;0.209014;-0.931636;5.76936;1.06836;5.76936;0.00134047;6.70234;0.0670234;0.0670234
5588;0.209014;-0.931636;5.76936;1.06836;5.76936;0.00134047;6.70234;0.0670234;0.0670234
5589;0.209014;-0.931636;5.76936;1.06836;5.76936;0.00134047;6.70234;0.0670234;0.0670234
5590;0.209014;-0.931636;5.76936;1.06836;5.76936;0.00134047;6.70234;0.0670234;0.0670234
5591;0.209014;-0.931636;5.76936;1.06836;5.76936;0.00134047;6.70234;0.0670234;0.0670234
5592;0.209014;-0.931636;5.76936;1.06836;5.76936;0.00134047;6.70234;0.0670234;0.0670234
5593;0.209014;-0.931636;5.76936;1.06836;5.76936;0.00134047;6.70234;0.0670234;0.0670234
5594;0.209014;-0.931636;5.76936;1.06836;5.76936;0.00134047;6.70234;0.0670234;0.0670234
5595;0.209014;-0.931636;5.76936;1.06836;5.76936;0.00134047;6.70234;0.0670234;0.0670234
5596;0.209014;-0.931636;5.76936;1.06836;5.76936;0.00134047;6.70234;0.0670234;0.0670234
5597;0.209014;-0.931636;5.76936;1.06836;5.76936;0.00134047;6.70234;0.0670234;0.0670234
5598;0.209014;-0.931636;5.76936;1.06836;5.76936;0.00134047;6.70234;0.0670234;0.0670234
5599;0.209014;-0.931636;5.76936;1.06836;5.76936;0.00134047;6.70234;0.0670234;0.0670234
5600;0.209014;-0.931636;5.76936;1.06836;5.76936;0.00134047;6.70234;0.0670234;0.0670234
5601;0.209014;-0.931636;5.76936;1.06836;5.76936;0.00134047;6.70234;0.0670234;0.0670234
5602;0.209014;-0.931636;5.76936;1.06836;5.76936;0.00134047;6.70234;0.0670234;0.0670234
5603;0.209014;-0.931636;5.76936;1.06836;5.76936;0.00134047;6.70234;0.0670234;0.0670234
5604;0.209014;-0.931636;5.76936;1.06836;5.76936;0.00134047;6.70234;0.0670234;0.0670234
5605;0.209014;-0.931636;5.76936;1.06836;5.76936;0.00134047;6.70234;0.0670234;0.0670234
5606;0.209014;-0.931636;5.76936;1.06836;5.76936;0.00134047;6.70234;0.0670234;0.0670234
5607;0.209014;-0.931636;5.76936;1.06836;5.76936;0.00134047;6.70234;0.0670234;0.0670234
5608;0.209014;-0.931636;5.76936;1.06836;5.76936;0.00134047;6.70234;0.0670234;0.0670234
5609;0.209014;-0.931636;5.76936;1.06836;5.76936;0.00134047;6.70234;0.0670234;0.0670234
5610;0.209014;-0.931636;5.76936;1.06836;5.76936;0.00134047;6.70234;0.0670234;0.0670234
5611;0.209014;-0.931636;5.76936;1.06836;5.76936;0.00134047;6.70234;0.0670234;0.0670234
5612;0.209014;-0.931636;5.76936;1.06836;5.76936;0.00134047;6.70234;0.0670234;0.0670234
5613;0.209014;-0.931636;5.76936;1.06836;5.76936;0.00134047;6.70234;0.0670234;0.0670234
5614;0.209014;-0.931636;5.76936;1.06836;5.76936;0.00134047;6.70234;0.0670234;0.0670234
5615;0.209014;-0.931636;5.76936;1.06836;5.76936;0.00134047;6.70234;0.0670234;0.0670234
5616;0.209014;-0.931636;5.76936;1.06836;5.76936;0.00134047;6.70234;0.0670234;0.0670234
5617;0.209014;-0.931636;5.76936;1.06836;5.76936;0.00134047;6.70234;0.0670234;0.0670234
5618;0.209014;-0.931636;5.76936;1.06836;5.76936;0.00134047;6.70234;0.0670234;0.0670234
5619;0.209014;-0.931636;5.76936;1.06836;5.76936;0.00134047;6.70234;0.0670234;0.0670234
5620;0.209014;-0.931636;5.76936;1.06836;5.76936;0.00134047;6.70234;0.0670234;0.0670234
5621;0.209014;-0.931636;5.76936;1.06836;5.76936;0.00134047;6.70234;0.0670234;0.0670234
5622;0.209014;-0.931636;5.76936;1.06836;5.76936;0.00134047;6.70234;0.0670234;0.0670234
5623;0.209014;-0.931636;5.76936;1.06836;5.76936;0.00134047;6.70234;0.0670234;0.0670234
5624;0.209014;-0.931636;5.76936;1.06836;5.76936;0.00134047;6.70234;0.0670234;0.0670234
5625;0.209014;-0.931636;5.76936;1.06836;5.76936;0.00134047;6.70234;0.0670234;0.0670234
5626;0.209014;-0.931636;5.76936;1.06836;5.76936;0.00134047;6.70234;0.0670234;0.0670234
5627;0.209014;-0.931636;5.76936;1.06836;5.76936;0.00134047;6.70234;0.0670234;0.0670234
5628;0.209014;-0.931636;5.76936;1.06836;5.76936;0.00134047;6.70234;0.0670234;0.0670234
5629;0.209014;-0.931636;5.76936;1.06836;5.76936;0.00134047;6.70234;0.0670234;0.0670234
5630;0.209014;-0.931636;5.76936;1.06836;5.76936;0.00134047;6.70234;0.0670234;0.0670234
5631;0.209014;-0.931636;5.76936;1.06836;5.76936;0.00134047;6.70234;0.0670234;0.0670234
5632;0.209014;-0.931636;5.76936;1.06836;5.76936;0.00134047;6.70234;0.0670234;0.0670234
5633;0.209014;-0.931636;5.76936;1.06836;5.76936;0.00134047;6.70234;0.0670234;0.0670234
5634;0.209014;-0.931636;5.76936;1.06836;5.76936;0.00134047;6.70234;0.0670234;0.0670234
5635;0.209014;-0.931636;5.76936;1.06836;5.76936;0.00134047;6.70234;0.0670234;0.0670234
5636;0.209014;-0.931636;5.76936;1.06836;5.76936;0.00134047;6.70234;0.0670234;0.0670234
5637;0.209014;-0.931636;5.76936;1.06836;5.76936;0.00134047;6.70234;0.0670234;0.0670234
5638;0.209014;-0.931636;5.76936;1.06836;5.76936;0.00134047;6.70234;0.0670234;0.0670234
5639;0.209014;-0.931636;5.76936;1.06836;5.76936;0.00134047;6.70234;0.0670234;0.0670234
5640;0.209014;-0.931636;5.76936;1.06836;5.76936;0.00134047;6.70234;0.0670234;0.0670234
5641;0.209014;-0.931636;5.76936;1.06836;5.76936;0.00134047;6.70234;0.0670234;0.0670234
5642;0.209014;-0.931636;5.76936;1.06836;5.76936;0.00134047;6.70234;0.0670234;0.0670234
5643;0.209014;-0.931636;5.76936;1.06836;5.76936;0.00134047;6.70234;0.0670234;0.0670234
5644;0.209014;-0.931636;5.76936;1.06836;5.76936;0.00134047;6.70234;0.0670234;0.0670234
5645;0.209014;-0.931636;5.76936;1.06836;5.76936;0.00134047;6.70234;0.0670234;0.0670234
5646;0.209014;-0.931636;5.76936;1.06836;5.76936;0.00134047;6.70234;0.0670234;0.0670234
5647;0.209014;-0.931636;5.76936;1.06836;5.76936;0.00134047;6.70234;0.0670234;0.0670234
5648;0.209014;-0.931636;5.76936;1.06836;5.76936;0.00134047;6.70234;0.0670234;0.0670234
5649;0.209014;-0.931636;5.76936;1.06836;5.76936;0.00134047;6.70234;0.0670234;0.0670234
5650;0.209014;-0.931636;5.76936;1.06836;5.76936;0.00134047;6.70234;0.0670234;0.0670234
5651;0.209014;-0.931636;5.76936;1.06836;5.76936;0.00134047;6.70234;0.0670234;0.0670234
5652;0.209014;-0.931636;5.76936;1.06836;5.76936;0.00134047;6.70234;0.0670234;0.0670234
5653;0.209014;-0.931636;5.76936;1.06836;5.76936;0.00134047;6.70234;0.0670234;0.0670234
5654;0.209014;-0.931636;5.76936;1.06836;5.76936;0.00134047;6.70234;0.0670234;0.0670234
5655;0.209014;-0.931636;5.76936;1.06836;5.76936;0.00134047;6.70234;0.0670234;0.0670234
5656;0.209014;-0.931636;5.76936;1.06836;5.76936;0.00134047;6.70234;0.0670234;0.0670234
5657;0.209014;-0.931636;5.76936;1.06836;5.76936;0.00134047;6.70234;0.0670234;0.0670234
5658;0.209014;-0.931636;5.76936;1.06836;5.76936;0.00134047;6.70234;0.0670234;0.0670234
5659;0.209014;-0.931636;5.76936;1.06836;5.76936;0.00134047;6.70234;0.0670234;0.0670234
5660;0.209014;-0.931636;5.76936;1.06836;5.76936;0.00134047;6.70234;0.0670234;0.0670234
5661;0.209014;-0.931636;5.76936;1.06836;5.76936;0.00134047;6.70234;0.0670234;0.0670234
5662;0.209014;-0.931636;5.76936;1.06836;5.76936;0.00134047;6.70234;0.0670234;0.0670234
5663;0.209014;-0.931636;5.76936;1.06836;5.76936;0.00134047;6.70234;0.0670234;0.0670234
5664;0.209014;-0.931636;5.76936;1.06836;5.76936;0.00134047;6.70234;0.0670234;0.0670234
5665;0.209014;-0.931636;5.76936;1.06836;5.76936;0.00134047;6.70234;0.0670234;0.0670234
5666;0.209014;-0.931636;5.76936;1.06836;5.76936;0.00134047;6.70234;0.0670234;0.0670234
5667;0.209014;-0.931636;5.76936;1.06836;5.76936;0.00134047;6.70234;0.0670234;0.0670234
5668;0.209014;-0.931636;5.76936;1.06836;5.76936;0.00134047;6.70234;0.0670234;0.0670234
5669;0.209014;-0.931636;5.76936;1.06836;5.76936;0.00134047;6.70234;0.0670234;0.0670234
5670;0.209014;-0.931636;5.76936;1.06836;5.76936;0.00134047;6.70234;0.0670234;0.0670234
5671;0.209014;-0.931636;5.76936;1.06836;5.76936;0.00134047;6.70234;0.0670234;0.0670234
5672;0.209014;-0.931636;5.76936;1.06836;5.76936;0.00134047;6.70234;0.0670234;0.0670234
5673;0.209014;-0.931636;5.76936;1.06836;5.76936;0.00134047;6.70234;0.0670234;0.0670234
5674;0.209014;-0.931636;5.76936;1.06836;5.76936;0.00134047;6.70234;0.0670234;0.0670234
5675;0.209014;-0.931636;5.76936;1.06836;5.76936;0.00134047;6.70234;0.0670234;0.0670234
5676;0.209014;-0.931636;5.76936;1.06836;5.76936;0.00134047;6.70234;0.0670234;0.0670234
5677;0.209014;-0.931636;5.76936;1.06836;5.76936;0.00134047;6.70234;0.0670234;0.0670234
5678;0.209014;-0.931636;5.76936;1.06836;5.76936;0.00134047;6.70234;0.0670234;0.0670234
5679;0.209014;-0.931636;5.76936;1.06836;5.76936;0.00134047;6.70234;0.0670234;0.0670234
5680;0.209014;-0.931636;5.76936;1.06836;5.76936;0.00134047;6.70234;0.0670234;0.0670234
5681;0.209014;-0.931636;5.76936;1.06836;5.76936;0.00134047;6.70234;0.0670234;0.0670234
5682;0.209014;-0.931636;5.76936;1.06836;5.76936;0.00134047;6.70234;0.0670234;0.0670234
5683;0.209014;-0.931636;5.76936;1.06836;5.76936;0.00134047;6.70234;0.0670234;0.0670234
5684;0.209014;-0.931636;5.76936;1.06836;5.76936;0.00134047;6.70234;0.0670234;0.0670234
5685;0.209014;-0.931636;5.76936;1.06836;5.76936;0.00134047;6.70234;0.0670234;0.0670234
5686;0.209014;-0.931636;5.76936;1.06836;5.76936;0.00134047;6.70234;0.0670234;0.0670234
5687;0.209014;-0.931636;5.76936;1.06836;5.76936;0.00134047;6.70234;0.0670234;0.0670234
5688;0.209014;-0.931636;5.76936;1.06836;5.76936;0.00134047;6.70234;0.0670234;0.0670234
5689;0.209014;-0.931636;5.76936;1.06836;5.76936;0.00134047;6.70234;0.0670234;0.0670234
5690;0.209014;-0.931636;5.76936;1.06836;5.76936;0.00134047;6.70234;0.0670234;0.0670234
5691;0.209014;-0.931636;5.76936;1.06836;5.76936;0.00134047;6.70234;0.0670234;0.0670234
5692;0.209014;-0.931636;5.76936;1.06836;5.76936;0.00134047;6.70234;0.0670234;0.0670234
5693;0.209014;-0.931636;5.76936;1.06836;5.76936;0.00134047;6.70234;0.0670234;0.0670234
5694;0.209014;-0.931636;5.76936;1.06836;5.76936;0.00134047;6.70234;0.0670234;0.0670234
5695;0.209014;-0.931636;5.76936;1.06836;5.76936;0.00134047;6.70234;0.0670234;0.0670234
5696;0.209014;-0.931636;5.76936;1.06836;5.76936;0.00134047;6.70234;0.0670234;0.0670234
5697;0.209014;-0.931636;5.76936;1.06836;5.76936;0.00134047;6.70234;0.0670234;0.0670234
5698;0.209014;-0.931636;5.76936;1.06836;5.76936;0.00134047;6.70234;0.0670234;0.0670234
5699;0.209014;-0.931636;5.76936;1.06836;5.76936;0.00134047;6.70234;0.0670234;0.0670234
5700;0.209014;-0.931636;5.76936;1.06836;5.76936;0.00134047;6.70234;0.0670234;0.0670234
5701;0.209014;-0.931636;5.76936;1.06836;5.76936;0.00134047;6.70234;0.0670234;0.0670234
5702;0.209014;-0.931636;5.76936;1.06836;5.76936;0.00134047;6.70234;0.0670234;0.0670234
5703;0.209014;-0.931636;5.76936;1.06836;5.76936;0.00134047;6.70234;0.0670234;0.0670234
5704;0.209014;-0.931636;5.76936;1.06836;5.76936;0.00134047;6.70234;0.0670234;0.0670234
5705;0.209014;-0.931636;5.76936;1.06836;5.76936;0.00134047;6.70234;0.0670234;0.0670234
5706;0.209014;-0.931636;5.76936;1.06836;5.76936;0.00134047;6.70234;0.0670234;0.0670234
5707;0.209014;-0.931636;5.76936;1.06836;5.76936;0.00134047;6.70234;0.0670234;0.0670234
5708;0.209014;-0.931636;5.76936;1.06836;5.76936;0.00134047;6.70234;0.0670234;0.0670234
5709;0.209014;-0.931636;5.76936;1.06836;5.76936;0.00134047;6.70234;0.0670234;0.0670234
5710;0.209014;-0.931636;5.76936;1.06836;5.76936;0.00134047;6.70234;0.0670234;0.0670234
5711;0.209014;-0.931636;5.76936;1.06836;5.76936;0.00134047;6.70234;0.0670234;0.0670234
5712;0.209014;-0.931636;5.76936;1.06836;5.76936;0.00134047;6.70234;0.0670234;0.0670234
5713;0.209014;-0.931636;5.76936;1.06836;5.76936;0.00134047;6.70234;0.0670234;0.0670234
5714;0.209014;-0.931636;5.76936;1.06836;5.76936;0.00134047;6.70234;0.0670234;0.0670234
5715;0.209014;-0.931636;5.76936;1.06836;5.76936;0.00134047;6.70234;0.0670234;0.0670234
5716;0.209014;-0.931636;5.76936;1.06836;5.76936;0.00134047;6.70234;0.0670234;0.0670234
5717;0.209014;-0.931636;5.76936;1.06836;5.76936;0.00134047;6.70234;0.0670234;0.0670234
5718;0.209014;-0.931636;5.76936;1.06836;5.76936;0.00134047;6.70234;0.0670234;0.0670234
5719;0.209014;-0.931636;5.76936;1.06836;5.76936;0.00134047;6.70234;0.0670234;0.0670234
5720;0.209014;-0.931636;5.76936;1.06836;5.76936;0.00134047;6.70234;0.0670234;0.0670234
5721;0.209014;-0.931636;5.76936;1.06836;5.76936;0.00134047;6.70234;0.0670234;0.0670234
5722;0.209014;-0.931636;5.76936;1.06836;5.76936;0.00134047;6.70234;0.0670234;0.0670234
5723;0.209014;-0.931636;5.76936;1.06836;5.76936;0.00134047;6.70234;0.0670234;0.0670234
5724;0.209014;-0.931636;5.76936;1.06836;5.76936;0.00134047;6.70234;0.0670234;0.0670234
5725;0.209014;-0.931636;5.76936;1.06836;5.76936;0.00134047;6.70234;0.0670234;0.0670234
5726;0.209014;-0.931636;5.76936;1.06836;5.76936;0.00134047;6.70234;0.0670234;0.0670234
5727;0.209014;-0.931636;5.76936;1.06836;5.76936;0.00134047;6.70234;0.0670234;0.0670234
5728;0.209014;-0.931636;5.76936;1.06836;5.76936;0.00134047;6.70234;0.0670234;0.0670234
5729;0.209014;-0.931636;5.76936;1.06836;5.76936;0.00134047;6.70234;0.0670234;0.0670234
5730;0.209014;-0.931636;5.76936;1.06836;5.76936;0.00134047;6.70234;0.0670234;0.0670234
5731;0.209014;-0.931636;5.76936;1.06836;5.76936;0.00134047;6.70234;0.0670234;0.0670234
5732;0.209014;-0.931636;5.76936;1.06836;5.76936;0.00134047;6.70234;0.0670234;0.0670234
5733;0.209014;-0.931636;5.76936;1.06836;5.76936;0.00134047;6.70234;0.0670234;0.0670234
5734;0.209014;-0.931636;5.76936;1.06836;5.76936;0.00134047;6.70234;0.0670234;0.0670234
5735;0.209014;-0.931636;5.76936;1.06836;5.76936;0.00134047;6.70234;0.0670234;0.0670234
5736;0.209014;-0.931636;5.76936;1.06836;5.76936;0.00134047;6.70234;0.0670234;0.0670234
5737;0.209014;-0.931636;5.76936;1.06836;5.76936;0.00134047;6.70234;0.0670234;0.0670234
5738;0.209014;-0.931636;5.76936;1.06836;5.76936;0.00134047;6.70234;0.0670234;0.0670234
5739;0.209014;-0.931636;5.76936;1.06836;5.76936;0.00134047;6.70234;0.0670234;0.0670234
5740;0.209014;-0.931636;5.76936;1.06836;5.76936;0.00134047;6.70234;0.0670234;0.0670234
5741;0.209014;-0.931636;5.76936;1.06836;5.76936;0.00134047;6.70234;0.0670234;0.0670234
5742;0.209014;-0.931636;5.76936;1.06836;5.76936;0.00134047;6.70234;0.0670234;0.0670234
5743;0.209014;-0.931636;5.76936;1.06836;5.76936;0.00134047;6.70234;0.0670234;0.0670234
5744;0.209014;-0.931636;5.76936;1.06836;5.76936;0.00134047;6.70234;0.0670234;0.0670234
5745;0.209014;-0.931636;5.76936;1.06836;5.76936;0.00134047;6.70234;0.0670234;0.0670234
5746;0.209014;-0.931636;5.76936;1.06836;5.76936;0.00134047;6.70234;0.0670234;0.0670234
5747;0.209014;-0.931636;5.76936;1.06836;5.76936;0.00134047;6.70234;0.0670234;0.0670234
5748;0.209014;-0.931636;5.76936;1.06836;5.76936;0.00134047;6.70234;0.0670234;0.0670234
5749;0.209014;-0.931636;5.76936;1.06836;5.76936;0.00134047;6.70234;0.0670234;0.0670234
5750;0.209014;-0.931636;5.76936;1.06836;5.76936;0.00134047;6.70234;0.0670234;0.0670234
5751;0.209014;-0.931636;5.76936;1.06836;5.76936;0.00134047;6.70234;0.0670234;0.0670234
5752;0.209014;-0.931636;5.76936;1.06836;5.76936;0.00134047;6.70234;0.0670234;0.0670234
5753;0.209014;-0.931636;5.76936;1.06836;5.76936;0.00134047;6.70234;0.0670234;0.0670234
5754;0.209014;-0.931636;5.76936;1.06836;5.76936;0.00134047;6.70234;0.0670234;0.0670234
5755;0.209014;-0.931636;5.76936;1.06836;5.76936;0.00134047;6.70234;0.0670234;0.0670234
5756;0.209014;-0.931636;5.76936;1.06836;5.76936;0.00134047;6.70234;0.0670234;0.0670234
5757;0.209014;-0.931636;5.76936;1.06836;5.76936;0.00134047;6.70234;0.0670234;0.0670234
5758;0.209014;-0.931636;5.76936;1.06836;5.76936;0.00134047;6.70234;0.0670234;0.0670234
5759;0.209014;-0.931636;5.76936;1.06836;5.76936;0.00134047;6.70234;0.0670234;0.0670234
5760;0.209014;-0.931636;5.76936;1.06836;5.76936;0.00134047;6.70234;0.0670234;0.0670234
5761;0.209014;-0.931636;5.76936;1.06836;5.76936;0.00134047;6.70234;0.0670234;0.0670234
5762;0.209014;-0.931636;5.76936;1.06836;5.76936;0.00134047;6.70234;0.0670234;0.0670234
5763;0.209014;-0.931636;5.76936;1.06836;5.76936;0.00134047;6.70234;0.0670234;0.0670234
5764;0.209014;-0.931636;5.76936;1.06836;5.76936;0.00134047;6.70234;0.0670234;0.0670234
5765;0.209014;-0.931636;5.76936;1.06836;5.76936;0.00134047;6.70234;0.0670234;0.0670234
5766;0.209014;-0.931636;5.76936;1.06836;5.76936;0.00134047;6.70234;0.0670234;0.0670234
5767;0.209014;-0.931636;5.76936;1.06836;5.76936;0.00134047;6.70234;0.0670234;0.0670234
5768;0.209014;-0.931636;5.76936;1.06836;5.76936;0.00134047;6.70234;0.0670234;0.0670234
5769;0.209014;-0.931636;5.76936;1.06836;5.76936;0.00134047;6.70234;0.0670234;0.0670234
5770;0.209014;-0.931636;5.76936;1.06836;5.76936;0.00134047;6.70234;0.0670234;0.0670234
5771;0.209014;-0.931636;5.76936;1.06836;5.76936;0.00134047;6.70234;0.0670234;0.0670234
5772;0.209014;-0.931636;5.76936;1.06836;5.76936;0.00134047;6.70234;0.0670234;0.0670234
5773;0.209014;-0.931636;5.76936;1.06836;5.76936;0.00134047;6.70234;0.0670234;0.0670234
5774;0.209014;-0.931636;5.76936;1.06836;5.76936;0.00134047;6.70234;0.0670234;0.0670234
5775;0.209014;-0.931636;5.76936;1.06836;5.76936;0.00134047;6.70234;0.0670234;0.0670234
5776;0.209014;-0.931636;5.76936;1.06836;5.76936;0.00134047;6.70234;0.0670234;0.0670234
5777;0.209014;-0.931636;5.76936;1.06836;5.76936;0.00134047;6.70234;0.0670234;0.0670234
5778;0.209014;-0.931636;5.76936;1.06836;5.76936;0.00134047;6.70234;0.0670234;0.0670234
5779;0.209014;-0.931636;5.76936;1.06836;5.76936;0.00134047;6.70234;0.0670234;0.0670234
5780;0.209014;-0.931636;5.76936;1.06836;5.76936;0.00134047;6.70234;0.0670234;0.0670234
5781;0.209014;-0.931636;5.76936;1.06836;5.76936;0.00134047;6.70234;0.0670234;0.0670234
5782;0.209014;-0.931636;5.76936;1.06836;5.76936;0.00134047;6.70234;0.0670234;0.0670234
5783;0.209014;-0.931636;5.76936;1.06836;5.76936;0.00134047;6.70234;0.0670234;0.0670234
5784;0.209014;-0.931636;5.76936;1.06836;5.76936;0.00134047;6.70234;0.0670234;0.0670234
5785;0.209014;-0.931636;5.76936;1.06836;5.76936;0.00134047;6.70234;0.0670234;0.0670234
5786;0.209014;-0.931636;5.76936;1.06836;5.76936;0.00134047;6.70234;0.0670234;0.0670234
5787;0.209014;-0.931636;5.76936;1.06836;5.76936;0.00134047;6.70234;0.0670234;0.0670234
5788;0.209014;-0.931636;5.76936;1.06836;5.76936;0.00134047;6.70234;0.0670234;0.0670234
5789;0.209014;-0.931636;5.76936;1.06836;5.76936;0.00134047;6.70234;0.0670234;0.0670234
5790;0.209014;-0.931636;5.76936;1.06836;5.76936;0.00134047;6.70234;0.0670234;0.0670234
5791;0.209014;-0.931636;5.76936;1.06836;5.76936;0.00134047;6.70234;0.0670234;0.0670234
5792;0.209014;-0.931636;5.76936;1.06836;5.76936;0.00134047;6.70234;0.0670234;0.0670234
5793;0.209014;-0.931636;5.76936;1.06836;5.76936;0.00134047;6.70234;0.0670234;0.0670234
5794;0.209014;-0.931636;5.76936;1.06836;5.76936;0.00134047;6.70234;0.0670234;0.0670234
5795;0.209014;-0.931636;5.76936;1.06836;5.76936;0.00134047;6.70234;0.0670234;0.0670234
5796;0.209014;-0.931636;5.76936;1.06836;5.76936;0.00134047;6.70234;0.0670234;0.0670234
5797;0.209014;-0.931636;5.76936;1.06836;5.76936;0.00134047;6.70234;0.0670234;0.0670234
5798;0.209014;-0.931636;5.76936;1.06836;5.76936;0.00134047;6.70234;0.0670234;0.0670234
5799;0.209014;-0.931636;5.76936;1.06836;5.76936;0.00134047;6.70234;0.0670234;0.0670234
5800;0.209014;-0.931636;5.76936;1.06836;5.76936;0.00134047;6.70234;0.0670234;0.0670234
5801;0.209014;-0.931636;5.76936;1.06836;5.76936;0.00134047;6.70234;0.0670234;0.0670234
5802;0.209014;-0.931636;5.76936;1.06836;5.76936;0.00134047;6.70234;0.0670234;0.0670234
5803;0.209014;-0.931636;5.76936;1.06836;5.76936;0.00134047;6.70234;0.0670234;0.0670234
5804;0.209014;-0.931636;5.76936;1.06836;5.76936;0.00134047;6.70234;0.0670234;0.0670234
5805;0.209014;-0.931636;5.76936;1.06836;5.76936;0.00134047;6.70234;0.0670234;0.0670234
5806;0.209014;-0.931636;5.76936;1.06836;5.76936;0.00134047;6.70234;0.0670234;0.0670234
5807;0.209014;-0.931636;5.76936;1.06836;5.76936;0.00134047;6.70234;0.0670234;0.0670234
5808;0.209014;-0.931636;5.76936;1.06836;5.76936;0.00134047;6.70234;0.0670234;0.0670234
5809;0.209014;-0.931636;5.76936;1.06836;5.76936;0.00134047;6.70234;0.0670234;0.0670234
5810;0.209014;-0.931636;5.76936;1.06836;5.76936;0.00134047;6.70234;0.0670234;0.0670234
5811;0.209014;-0.931636;5.76936;1.06836;5.76936;0.00134047;6.70234;0.0670234;0.0670234
5812;0.209014;-0.931636;5.76936;1.06836;5.76936;0.00134047;6.70234;0.0670234;0.0670234
5813;0.209014;-0.931636;5.76936;1.06836;5.76936;0.00134047;6.70234;0.0670234;0.0670234
5814;0.209014;-0.931636;5.76936;1.06836;5.76936;0.00134047;6.70234;0.0670234;0.0670234
5815;0.209014;-0.931636;5.76936;1.06836;5.76936;0.00134047;6.70234;0.0670234;0.0670234
5816;0.209014;-0.931636;5.76936;1.06836;5.76936;0.00134047;6.70234;0.0670234;0.0670234
5817;0.209014;-0.931636;5.76936;1.06836;5.76936;0.00134047;6.70234;0.0670234;0.0670234
5818;0.209014;-0.931636;5.76936;1.06836;5.76936;0.00134047;6.70234;0.0670234;0.0670234
5819;0.209014;-0.931636;5.76936;1.06836;5.76936;0.00134047;6.70234;0.0670234;0.0670234
5820;0.209014;-0.931636;5.76936;1.06836;5.76936;0.00134047;6.70234;0.0670234;0.0670234
5821;0.209014;-0.931636;5.76936;1.06836;5.76936;0.00134047;6.70234;0.0670234;0.0670234
5822;0.209014;-0.931636;5.76936;1.06836;5.76936;0.00134047;6.70234;0.0670234;0.0670234
5823;0.209014;-0.931636;5.76936;1.06836;5.76936;0.00134047;6.70234;0.0670234;0.0670234
5824;0.209014;-0.931636;5.76936;1.06836;5.76936;0.00134047;6.70234;0.0670234;0.0670234
5825;0.209014;-0.931636;5.76936;1.06836;5.76936;0.00134047;6.70234;0.0670234;0.0670234
5826;0.209014;-0.931636;5.76936;1.06836;5.76936;0.00134047;6.70234;0.0670234;0.0670234
5827;0.209014;-0.931636;5.76936;1.06836;5.76936;0.00134047;6.70234;0.0670234;0.0670234
5828;0.209014;-0.931636;5.76936;1.06836;5.76936;0.00134047;6.70234;0.0670234;0.0670234
5829;0.209014;-0.931636;5.76936;1.06836;5.76936;0.00134047;6.70234;0.0670234;0.0670234
5830;0.209014;-0.931636;5.76936;1.06836;5.76936;0.00134047;6.70234;0.0670234;0.0670234
5831;0.209014;-0.931636;5.76936;1.06836;5.76936;0.00134047;6.70234;0.0670234;0.0670234
5832;0.209014;-0.931636;5.76936;1.06836;5.76936;0.00134047;6.70234;0.0670234;0.0670234
5833;0.209014;-0.931636;5.76936;1.06836;5.76936;0.00134047;6.70234;0.0670234;0.0670234
5834;0.209014;-0.931636;5.76936;1.06836;5.76936;0.00134047;6.70234;0.0670234;0.0670234
5835;0.209014;-0.931636;5.76936;1.06836;5.76936;0.00134047;6.70234;0.0670234;0.0670234
5836;0.209014;-0.931636;5.76936;1.06836;5.76936;0.00134047;6.70234;0.0670234;0.0670234
5837;0.209014;-0.931636;5.76936;1.06836;5.76936;0.00134047;6.70234;0.0670234;0.0670234
5838;0.209014;-0.931636;5.76936;1.06836;5.76936;0.00134047;6.70234;0.0670234;0.0670234
5839;0.209014;-0.931636;5.76936;1.06836;5.76936;0.00134047;6.70234;0.0670234;0.0670234
5840;0.209014;-0.931636;5.76936;1.06836;5.76936;0.00134047;6.70234;0.0670234;0.0670234
5841;0.209014;-0.931636;5.76936;1.06836;5.76936;0.00134047;6.70234;0.0670234;0.0670234
5842;0.209014;-0.931636;5.76936;1.06836;5.76936;0.00134047;6.70234;0.0670234;0.0670234
5843;0.209014;-0.931636;5.76936;1.06836;5.76936;0.00134047;6.70234;0.0670234;0.0670234
5844;0.209014;-0.931636;5.76936;1.06836;5.76936;0.00134047;6.70234;0.0670234;0.0670234
5845;0.209014;-0.931636;5.76936;1.06836;5.76936;0.00134047;6.70234;0.0670234;0.0670234
5846;0.209014;-0.931636;5.76936;1.06836;5.76936;0.00134047;6.70234;0.0670234;0.0670234
5847;0.209014;-0.931636;5.76936;1.06836;5.76936;0.00134047;6.70234;0.0670234;0.0670234
5848;0.209014;-0.931636;5.76936;1.06836;5.76936;0.00134047;6.70234;0.0670234;0.0670234
5849;0.209014;-0.931636;5.76936;1.06836;5.76936;0.00134047;6.70234;0.0670234;0.0670234
5850;0.209014;-0.931636;5.76936;1.06836;5.76936;0.00134047;6.70234;0.0670234;0.0670234
5851;0.209014;-0.931636;5.76936;1.06836;5.76936;0.00134047;6.70234;0.0670234;0.0670234
5852;0.209014;-0.931636;5.76936;1.06836;5.76936;0.00134047;6.70234;0.0670234;0.0670234
5853;0.209014;-0.931636;5.76936;1.06836;5.76936;0.00134047;6.70234;0.0670234;0.0670234
5854;0.209014;-0.931636;5.76936;1.06836;5.76936;0.00134047;6.70234;0.0670234;0.0670234
5855;0.209014;-0.931636;5.76936;1.06836;5.76936;0.00134047;6.70234;0.0670234;0.0670234
5856;0.209014;-0.931636;5.76936;1.06836;5.76936;0.00134047;6.70234;0.0670234;0.0670234
5857;0.209014;-0.931636;5.76936;1.06836;5.76936;0.00134047;6.70234;0.0670234;0.0670234
5858;0.209014;-0.931636;5.76936;1.06836;5.76936;0.00134047;6.70234;0.0670234;0.0670234
5859;0.209014;-0.931636;5.76936;1.06836;5.76936;0.00134047;6.70234;0.0670234;0.0670234
5860;0.209014;-0.931636;5.76936;1.06836;5.76936;0.00134047;6.70234;0.0670234;0.0670234
5861;0.209014;-0.931636;5.76936;1.06836;5.76936;0.00134047;6.70234;0.0670234;0.0670234
5862;0.209014;-0.931636;5.76936;1.06836;5.76936;0.00134047;6.70234;0.0670234;0.0670234
5863;0.209014;-0.931636;5.76936;1.06836;5.76936;0.00134047;6.70234;0.0670234;0.0670234
5864;0.209014;-0.931636;5.76936;1.06836;5.76936;0.00134047;6.70234;0.0670234;0.0670234
5865;0.209014;-0.931636;5.76936;1.06836;5.76936;0.00134047;6.70234;0.0670234;0.0670234
5866;0.209014;-0.931636;5.76936;1.06836;5.76936;0.00134047;6.70234;0.0670234;0.0670234
5867;0.209014;-0.931636;5.76936;1.06836;5.76936;0.00134047;6.70234;0.0670234;0.0670234
5868;0.209014;-0.931636;5.76936;1.06836;5.76936;0.00134047;6.70234;0.0670234;0.0670234
5869;0.209014;-0.931636;5.76936;1.06836;5.76936;0.00134047;6.70234;0.0670234;0.0670234
5870;0.209014;-0.931636;5.76936;1.06836;5.76936;0.00134047;6.70234;0.0670234;0.0670234
5871;0.209014;-0.931636;5.76936;1.06836;5.76936;0.00134047;6.70234;0.0670234;0.0670234
5872;0.209014;-0.931636;5.76936;1.06836;5.76936;0.00134047;6.70234;0.0670234;0.0670234
5873;0.209014;-0.931636;5.76936;1.06836;5.76936;0.00134047;6.70234;0.0670234;0.0670234
5874;0.209014;-0.931636;5.76936;1.06836;5.76936;0.00134047;6.70234;0.0670234;0.0670234
5875;0.209014;-0.931636;5.76936;1.06836;5.76936;0.00134047;6.70234;0.0670234;0.0670234
5876;0.209014;-0.931636;5.76936;1.06836;5.76936;0.00134047;6.70234;0.0670234;0.0670234
5877;0.209014;-0.931636;5.76936;1.06836;5.76936;0.00134047;6.70234;0.0670234;0.0670234
5878;0.209014;-0.931636;5.76936;1.06836;5.76936;0.00134047;6.70234;0.0670234;0.0670234
5879;0.209014;-0.931636;5.76936;1.06836;5.76936;0.00134047;6.70234;0.0670234;0.0670234
5880;0.209014;-0.931636;5.76936;1.06836;5.76936;0.00134047;6.70234;0.0670234;0.0670234
5881;0.209014;-0.931636;5.76936;1.06836;5.76936;0.00134047;6.70234;0.0670234;0.0670234
5882;0.209014;-0.931636;5.76936;1.06836;5.76936;0.00134047;6.70234;0.0670234;0.0670234
5883;0.209014;-0.931636;5.76936;1.06836;5.76936;0.00134047;6.70234;0.0670234;0.0670234
5884;0.209014;-0.931636;5.76936;1.06836;5.76936;0.00134047;6.70234;0.0670234;0.0670234
5885;0.209014;-0.931636;5.76936;1.06836;5.76936;0.00134047;6.70234;0.0670234;0.0670234
5886;0.209014;-0.931636;5.76936;1.06836;5.76936;0.00134047;6.70234;0.0670234;0.0670234
5887;0.209014;-0.931636;5.76936;1.06836;5.76936;0.00134047;6.70234;0.0670234;0.0670234
5888;0.209014;-0.931636;5.76936;1.06836;5.76936;0.00134047;6.70234;0.0670234;0.0670234
5889;0.209014;-0.931636;5.76936;1.06836;5.76936;0.00134047;6.70234;0.0670234;0.0670234
5890;0.209014;-0.931636;5.76936;1.06836;5.76936;0.00134047;6.70234;0.0670234;0.0670234
5891;0.209014;-0.931636;5.76936;1.06836;5.76936;0.00134047;6.70234;0.0670234;0.0670234
5892;0.209014;-0.931636;5.76936;1.06836;5.76936;0.00134047;6.70234;0.0670234;0.0670234
5893;0.209014;-0.931636;5.76936;1.06836;5.76936;0.00134047;6.70234;0.0670234;0.0670234
5894;0.209014;-0.931636;5.76936;1.06836;5.76936;0.00134047;6.70234;0.0670234;0.0670234
5895;0.209014;-0.931636;5.76936;1.06836;5.76936;0.00134047;6.70234;0.0670234;0.0670234
5896;0.209014;-0.931636;5.76936;1.06836;5.76936;0.00134047;6.70234;0.0670234;0.0670234
5897;0.209014;-0.931636;5.76936;1.06836;5.76936;0.00134047;6.70234;0.0670234;0.0670234
5898;0.209014;-0.931636;5.76936;1.06836;5.76936;0.00134047;6.70234;0.0670234;0.0670234
5899;0.209014;-0.931636;5.76936;1.06836;5.76936;0.00134047;6.70234;0.0670234;0.0670234
5900;0.209014;-0.931636;5.76936;1.06836;5.76936;0.00134047;6.70234;0.0670234;0.0670234
5901;0.209014;-0.931636;5.76936;1.06836;5.76936;0.00134047;6.70234;0.0670234;0.0670234
5902;0.209014;-0.931636;5.76936;1.06836;5.76936;0.00134047;6.70234;0.0670234;0.0670234
5903;0.209014;-0.931636;5.76936;1.06836;5.76936;0.00134047;6.70234;0.0670234;0.0670234
5904;0.209014;-0.931636;5.76936;1.06836;5.76936;0.00134047;6.70234;0.0670234;0.0670234
5905;0.209014;-0.931636;5.76936;1.06836;5.76936;0.00134047;6.70234;0.0670234;0.0670234
5906;0.209014;-0.931636;5.76936;1.06836;5.76936;0.00134047;6.70234;0.0670234;0.0670234
5907;0.209014;-0.931636;5.76936;1.06836;5.76936;0.00134047;6.70234;0.0670234;0.0670234
5908;0.209014;-0.931636;5.76936;1.06836;5.76936;0.00134047;6.70234;0.0670234;0.0670234
5909;0.209014;-0.931636;5.76936;1.06836;5.76936;0.00134047;6.70234;0.0670234;0.0670234
5910;0.209014;-0.931636;5.76936;1.06836;5.76936;0.00134047;6.70234;0.0670234;0.0670234
5911;0.209014;-0.931636;5.76936;1.06836;5.76936;0.00134047;6.70234;0.0670234;0.0670234
5912;0.209014;-0.931636;5.76936;1.06836;5.76936;0.00134047;6.70234;0.0670234;0.0670234
5913;0.209014;-0.931636;5.76936;1.06836;5.76936;0.00134047;6.70234;0.0670234;0.0670234
5914;0.209014;-0.931636;5.76936;1.06836;5.76936;0.00134047;6.70234;0.0670234;0.0670234
5915;0.209014;-0.931636;5.76936;1.06836;5.76936;0.00134047;6.70234;0.0670234;0.0670234
5916;0.209014;-0.931636;5.76936;1.06836;5.76936;0.00134047;6.70234;0.0670234;0.0670234
5917;0.209014;-0.931636;5.76936;1.06836;5.76936;0.00134047;6.70234;0.0670234;0.0670234
5918;0.209014;-0.931636;5.76936;1.06836;5.76936;0.00134047;6.70234;0.0670234;0.0670234
5919;0.209014;-0.931636;5.76936;1.06836;5.76936;0.00134047;6.70234;0.0670234;0.0670234
5920;0.209014;-0.931636;5.76936;1.06836;5.76936;0.00134047;6.70234;0.0670234;0.0670234
5921;0.209014;-0.931636;5.76936;1.06836;5.76936;0.00134047;6.70234;0.0670234;0.0670234
5922;0.209014;-0.931636;5.76936;1.06836;5.76936;0.00134047;6.70234;0.0670234;0.0670234
5923;0.209014;-0.931636;5.76936;1.06836;5.76936;0.00134047;6.70234;0.0670234;0.0670234
5924;0.209014;-0.931636;5.76936;1.06836;5.76936;0.00134047;6.70234;0.0670234;0.0670234
5925;0.209014;-0.931636;5.76936;1.06836;5.76936;0.00134047;6.70234;0.0670234;0.0670234
5926;0.209014;-0.931636;5.76936;1.06836;5.76936;0.00134047;6.70234;0.0670234;0.0670234
5927;0.209014;-0.931636;5.76936;1.06836;5.76936;0.00134047;6.70234;0.0670234;0.0670234
5928;0.209014;-0.931636;5.76936;1.06836;5.76936;0.00134047;6.70234;0.0670234;0.0670234
5929;0.209014;-0.931636;5.76936;1.06836;5.76936;0.00134047;6.70234;0.0670234;0.0670234
5930;0.209014;-0.931636;5.76936;1.06836;5.76936;0.00134047;6.70234;0.0670234;0.0670234
5931;0.209014;-0.931636;5.76936;1.06836;5.76936;0.00134047;6.70234;0.0670234;0.0670234
5932;0.209014;-0.931636;5.76936;1.06836;5.76936;0.00134047;6.70234;0.0670234;0.0670234
5933;0.209014;-0.931636;5.76936;1.06836;5.76936;0.00134047;6.70234;0.0670234;0.0670234
5934;0.209014;-0.931636;5.76936;1.06836;5.76936;0.00134047;6.70234;0.0670234;0.0670234
5935;0.209014;-0.931636;5.76936;1.06836;5.76936;0.00134047;6.70234;0.0670234;0.0670234
5936;0.209014;-0.931636;5.76936;1.06836;5.76936;0.00134047;6.70234;0.0670234;0.0670234
5937;0.209014;-0.931636;5.76936;1.06836;5.76936;0.00134047;6.70234;0.0670234;0.0670234
5938;0.209014;-0.931636;5.76936;1.06836;5.76936;0.00134047;6.70234;0.0670234;0.0670234
5939;0.209014;-0.931636;5.76936;1.06836;5.76936;0.00134047;6.70234;0.0670234;0.0670234
5940;0.209014;-0.931636;5.76936;1.06836;5.76936;0.00134047;6.70234;0.0670234;0.0670234
5941;0.209014;-0.931636;5.76936;1.06836;5.76936;0.00134047;6.70234;0.0670234;0.0670234
5942;0.209014;-0.931636;5.76936;1.06836;5.76936;0.00134047;6.70234;0.0670234;0.0670234
5943;0.209014;-0.931636;5.76936;1.06836;5.76936;0.00134047;6.70234;0.0670234;0.0670234
5944;0.209014;-0.931636;5.76936;1.06836;5.76936;0.00134047;6.70234;0.0670234;0.0670234
5945;0.209014;-0.931636;5.76936;1.06836;5.76936;0.00134047;6.70234;0.0670234;0.0670234
5946;0.209014;-0.931636;5.76936;1.06836;5.76936;0.00134047;6.70234;0.0670234;0.0670234
5947;0.209014;-0.931636;5.76936;1.06836;5.76936;0.00134047;6.70234;0.0670234;0.0670234
5948;0.209014;-0.931636;5.76936;1.06836;5.76936;0.00134047;6.70234;0.0670234;0.0670234
5949;0.209014;-0.931636;5.76936;1.06836;5.76936;0.00134047;6.70234;0.0670234;0.0670234
5950;0.209014;-0.931636;5.76936;1.06836;5.76936;0.00134047;6.70234;0.0670234;0.0670234
5951;0.209014;-0.931636;5.76936;1.06836;5.76936;0.00134047;6.70234;0.0670234;0.0670234
5952;0.209014;-0.931636;5.76936;1.06836;5.76936;0.00134047;6.70234;0.0670234;0.0670234
5953;0.209014;-0.931636;5.76936;1.06836;5.76936;0.00134047;6.70234;0.0670234;0.0670234
5954;0.209014;-0.931636;5.76936;1.06836;5.76936;0.00134047;6.70234;0.0670234;0.0670234
5955;0.209014;-0.931636;5.76936;1.06836;5.76936;0.00134047;6.70234;0.0670234;0.0670234
5956;0.209014;-0.931636;5.76936;1.06836;5.76936;0.00134047;6.70234;0.0670234;0.0670234
5957;0.209014;-0.931636;5.76936;1.06836;5.76936;0.00134047;6.70234;0.0670234;0.0670234
5958;0.209014;-0.931636;5.76936;1.06836;5.76936;0.00134047;6.70234;0.0670234;0.0670234
5959;0.209014;-0.931636;5.76936;1.06836;5.76936;0.00134047;6.70234;0.0670234;0.0670234
5960;0.209014;-0.931636;5.76936;1.06836;5.76936;0.00134047;6.70234;0.0670234;0.0670234
5961;0.209014;-0.931636;5.76936;1.06836;5.76936;0.00134047;6.70234;0.0670234;0.0670234
5962;0.209014;-0.931636;5.76936;1.06836;5.76936;0.00134047;6.70234;0.0670234;0.0670234
5963;0.209014;-0.931636;5.76936;1.06836;5.76936;0.00134047;6.70234;0.0670234;0.0670234
5964;0.209014;-0.931636;5.76936;1.06836;5.76936;0.00134047;6.70234;0.0670234;0.0670234
5965;0.209014;-0.931636;5.76936;1.06836;5.76936;0.00134047;6.70234;0.0670234;0.0670234
5966;0.209014;-0.931636;5.76936;1.06836;5.76936;0.00134047;6.70234;0.0670234;0.0670234
5967;0.209014;-0.931636;5.76936;1.06836;5.76936;0.00134047;6.70234;0.0670234;0.0670234
5968;0.209014;-0.931636;5.76936;1.06836;5.76936;0.00134047;6.70234;0.0670234;0.0670234
5969;0.209014;-0.931636;5.76936;1.06836;5.76936;0.00134047;6.70234;0.0670234;0.0670234
5970;0.209014;-0.931636;5.76936;1.06836;5.76936;0.00134047;6.70234;0.0670234;0.0670234
5971;0.209014;-0.931636;5.76936;1.06836;5.76936;0.00134047;6.70234;0.0670234;0.0670234
5972;0.209014;-0.931636;5.76936;1.06836;5.76936;0.00134047;6.70234;0.0670234;0.0670234
5973;0.209014;-0.931636;5.76936;1.06836;5.76936;0.00134047;6.70234;0.0670234;0.0670234
5974;0.209014;-0.931636;5.76936;1.06836;5.76936;0.00134047;6.70234;0.0670234;0.0670234
5975;0.209014;-0.931636;5.76936;1.06836;5.76936;0.00134047;6.70234;0.0670234;0.0670234
5976;0.209014;-0.931636;5.76936;1.06836;5.76936;0.00134047;6.70234;0.0670234;0.0670234
5977;0.209014;-0.931636;5.76936;1.06836;5.76936;0.00134047;6.70234;0.0670234;0.0670234
5978;0.209014;-0.931636;5.76936;1.06836;5.76936;0.00134047;6.70234;0.0670234;0.0670234
5979;0.209014;-0.931636;5.76936;1.06836;5.76936;0.00134047;6.70234;0.0670234;0.0670234
5980;0.209014;-0.931636;5.76936;1.06836;5.76936;0.00134047;6.70234;0.0670234;0.0670234
5981;0.209014;-0.931636;5.76936;1.06836;5.76936;0.00134047;6.70234;0.0670234;0.0670234
5982;0.209014;-0.931636;5.76936;1.06836;5.76936;0.00134047;6.70234;0.0670234;0.0670234
5983;0.209014;-0.931636;5.76936;1.06836;5.76936;0.00134047;6.70234;0.0670234;0.0670234
5984;0.209014;-0.931636;5.76936;1.06836;5.76936;0.00134047;6.70234;0.0670234;0.0670234
5985;0.209014;-0.931636;5.76936;1.06836;5.76936;0.00134047;6.70234;0.0670234;0.0670234
5986;0.209014;-0.931636;5.76936;1.06836;5.76936;0.00134047;6.70234;0.0670234;0.0670234
5987;0.209014;-0.931636;5.76936;1.06836;5.76936;0.00134047;6.70234;0.0670234;0.0670234
5988;0.209014;-0.931636;5.76936;1.06836;5.76936;0.00134047;6.70234;0.0670234;0.0670234
5989;0.209014;-0.931636;5.76936;1.06836;5.76936;0.00134047;6.70234;0.0670234;0.0670234
5990;0.209014;-0.931636;5.76936;1.06836;5.76936;0.00134047;6.70234;0.0670234;0.0670234
5991;0.209014;-0.931636;5.76936;1.06836;5.76936;0.00134047;6.70234;0.0670234;0.0670234
5992;0.209014;-0.931636;5.76936;1.06836;5.76936;0.00134047;6.70234;0.0670234;0.0670234
5993;0.209014;-0.931636;5.76936;1.06836;5.76936;0.00134047;6.70234;0.0670234;0.0670234
5994;0.209014;-0.931636;5.76936;1.06836;5.76936;0.00134047;6.70234;0.0670234;0.0670234
5995;0.209014;-0.931636;5.76936;1.06836;5.76936;0.00134047;6.70234;0.0670234;0.0670234
5996;0.209014;-0.931636;5.76936;1.06836;5.76936;0.00134047;6.70234;0.0670234;0.0670234
5997;0.209014;-0.931636;5.76936;1.06836;5.76936;0.00134047;6.70234;0.0670234;0.0670234
5998;0.209014;-0.931636;5.76936;1.06836;5.76936;0.00134047;6.70234;0.0670234;0.0670234
5999;0.209014;-0.931636;5.76936;1.06836;5.76936;0.00134047;6.70234;0.0670234;0.0670234
6000;0.209014;-0.931636;5.76936;1.06836;5.76936;0.00134047;6.70234;0.0670234;0.0670234
6001;0.209014;-0.931636;5.76936;1.06836;5.76936;0.00134047;6.70234;0.0670234;0.0670234
6002;0.209014;-0.931636;5.76936;1.06836;5.76936;0.00134047;6.70234;0.0670234;0.0670234
6003;0.209014;-0.931636;5.76936;1.06836;5.76936;0.00134047;6.70234;0.0670234;0.0670234
6004;0.209014;-0.931636;5.76936;1.06836;5.76936;0.00134047;6.70234;0.0670234;0.0670234
6005;0.209014;-0.931636;5.76936;1.06836;5.76936;0.00134047;6.70234;0.0670234;0.0670234
6006;0.209014;-0.931636;5.76936;1.06836;5.76936;0.00134047;6.70234;0.0670234;0.0670234
6007;0.209014;-0.931636;5.76936;1.06836;5.76936;0.00134047;6.70234;0.0670234;0.0670234
6008;0.209014;-0.931636;5.76936;1.06836;5.76936;0.00134047;6.70234;0.0670234;0.0670234
6009;0.209014;-0.931636;5.76936;1.06836;5.76936;0.00134047;6.70234;0.0670234;0.0670234
6010;0.209014;-0.931636;5.76936;1.06836;5.76936;0.00134047;6.70234;0.0670234;0.0670234
6011;0.209014;-0.931636;5.76936;1.06836;5.76936;0.00134047;6.70234;0.0670234;0.0670234
6012;0.209014;-0.931636;5.76936;1.06836;5.76936;0.00134047;6.70234;0.0670234;0.0670234
6013;0.209014;-0.931636;5.76936;1.06836;5.76936;0.00134047;6.70234;0.0670234;0.0670234
6014;0.209014;-0.931636;5.76936;1.06836;5.76936;0.00134047;6.70234;0.0670234;0.0670234
6015;0.209014;-0.931636;5.76936;1.06836;5.76936;0.00134047;6.70234;0.0670234;0.0670234
6016;0.209014;-0.931636;5.76936;1.06836;5.76936;0.00134047;6.70234;0.0670234;0.0670234
6017;0.209014;-0.931636;5.76936;1.06836;5.76936;0.00134047;6.70234;0.0670234;0.0670234
6018;0.209014;-0.931636;5.76936;1.06836;5.76936;0.00134047;6.70234;0.0670234;0.0670234
6019;0.209014;-0.931636;5.76936;1.06836;5.76936;0.00134047;6.70234;0.0670234;0.0670234
6020;0.209014;-0.931636;5.76936;1.06836;5.76936;0.00134047;6.70234;0.0670234;0.0670234
6021;0.209014;-0.931636;5.76936;1.06836;5.76936;0.00134047;6.70234;0.0670234;0.0670234
6022;0.209014;-0.931636;5.76936;1.06836;5.76936;0.00134047;6.70234;0.0670234;0.0670234
6023;0.209014;-0.931636;5.76936;1.06836;5.76936;0.00134047;6.70234;0.0670234;0.0670234
6024;0.209014;-0.931636;5.76936;1.06836;5.76936;0.00134047;6.70234;0.0670234;0.0670234
6025;0.209014;-0.931636;5.76936;1.06836;5.76936;0.00134047;6.70234;0.0670234;0.0670234
6026;0.209014;-0.931636;5.76936;1.06836;5.76936;0.00134047;6.70234;0.0670234;0.0670234
6027;0.209014;-0.931636;5.76936;1.06836;5.76936;0.00134047;6.70234;0.0670234;0.0670234
6028;0.209014;-0.931636;5.76936;1.06836;5.76936;0.00134047;6.70234;0.0670234;0.0670234
6029;0.209014;-0.931636;5.76936;1.06836;5.76936;0.00134047;6.70234;0.0670234;0.0670234
6030;0.209014;-0.931636;5.76936;1.06836;5.76936;0.00134047;6.70234;0.0670234;0.0670234
6031;0.209014;-0.931636;5.76936;1.06836;5.76936;0.00134047;6.70234;0.0670234;0.0670234
6032;0.209014;-0.931636;5.76936;1.06836;5.76936;0.00134047;6.70234;0.0670234;0.0670234
6033;0.209014;-0.931636;5.76936;1.06836;5.76936;0.00134047;6.70234;0.0670234;0.0670234
6034;0.209014;-0.931636;5.76936;1.06836;5.76936;0.00134047;6.70234;0.0670234;0.0670234
6035;0.209014;-0.931636;5.76936;1.06836;5.76936;0.00134047;6.70234;0.0670234;0.0670234
6036;0.209014;-0.931636;5.76936;1.06836;5.76936;0.00134047;6.70234;0.0670234;0.0670234
6037;0.209014;-0.931636;5.76936;1.06836;5.76936;0.00134047;6.70234;0.0670234;0.0670234
6038;0.209014;-0.931636;5.76936;1.06836;5.76936;0.00134047;6.70234;0.0670234;0.0670234
6039;0.209014;-0.931636;5.76936;1.06836;5.76936;0.00134047;6.70234;0.0670234;0.0670234
6040;0.209014;-0.931636;5.76936;1.06836;5.76936;0.00134047;6.70234;0.0670234;0.0670234
6041;0.209014;-0.931636;5.76936;1.06836;5.76936;0.00134047;6.70234;0.0670234;0.0670234
6042;0.209014;-0.931636;5.76936;1.06836;5.76936;0.00134047;6.70234;0.0670234;0.0670234
6043;0.209014;-0.931636;5.76936;1.06836;5.76936;0.00134047;6.70234;0.0670234;0.0670234
6044;0.209014;-0.931636;5.76936;1.06836;5.76936;0.00134047;6.70234;0.0670234;0.0670234
6045;0.209014;-0.931636;5.76936;1.06836;5.76936;0.00134047;6.70234;0.0670234;0.0670234
6046;0.209014;-0.931636;5.76936;1.06836;5.76936;0.00134047;6.70234;0.0670234;0.0670234
6047;0.209014;-0.931636;5.76936;1.06836;5.76936;0.00134047;6.70234;0.0670234;0.0670234
6048;0.209014;-0.931636;5.76936;1.06836;5.76936;0.00134047;6.70234;0.0670234;0.0670234
6049;0.209014;-0.931636;5.76936;1.06836;5.76936;0.00134047;6.70234;0.0670234;0.0670234
6050;0.209014;-0.931636;5.76936;1.06836;5.76936;0.00134047;6.70234;0.0670234;0.0670234
6051;0.209014;-0.931636;5.76936;1.06836;5.76936;0.00134047;6.70234;0.0670234;0.0670234
6052;0.209014;-0.931636;5.76936;1.06836;5.76936;0.00134047;6.70234;0.0670234;0.0670234
6053;0.209014;-0.931636;5.76936;1.06836;5.76936;0.00134047;6.70234;0.0670234;0.0670234
6054;0.209014;-0.931636;5.76936;1.06836;5.76936;0.00134047;6.70234;0.0670234;0.0670234
6055;0.209014;-0.931636;5.76936;1.06836;5.76936;0.00134047;6.70234;0.0670234;0.0670234
6056;0.209014;-0.931636;5.76936;1.06836;5.76936;0.00134047;6.70234;0.0670234;0.0670234
6057;0.209014;-0.931636;5.76936;1.06836;5.76936;0.00134047;6.70234;0.0670234;0.0670234
6058;0.209014;-0.931636;5.76936;1.06836;5.76936;0.00134047;6.70234;0.0670234;0.0670234
6059;0.209014;-0.931636;5.76936;1.06836;5.76936;0.00134047;6.70234;0.0670234;0.0670234
6060;0.209014;-0.931636;5.76936;1.06836;5.76936;0.00134047;6.70234;0.0670234;0.0670234
6061;0.209014;-0.931636;5.76936;1.06836;5.76936;0.00134047;6.70234;0.0670234;0.0670234
6062;0.209014;-0.931636;5.76936;1.06836;5.76936;0.00134047;6.70234;0.0670234;0.0670234
6063;0.209014;-0.931636;5.76936;1.06836;5.76936;0.00134047;6.70234;0.0670234;0.0670234
6064;0.209014;-0.931636;5.76936;1.06836;5.76936;0.00134047;6.70234;0.0670234;0.0670234
6065;0.209014;-0.931636;5.76936;1.06836;5.76936;0.00134047;6.70234;0.0670234;0.0670234
6066;0.209014;-0.931636;5.76936;1.06836;5.76936;0.00134047;6.70234;0.0670234;0.0670234
6067;0.209014;-0.931636;5.76936;1.06836;5.76936;0.00134047;6.70234;0.0670234;0.0670234
6068;0.209014;-0.931636;5.76936;1.06836;5.76936;0.00134047;6.70234;0.0670234;0.0670234
6069;0.209014;-0.931636;5.76936;1.06836;5.76936;0.00134047;6.70234;0.0670234;0.0670234
6070;0.209014;-0.931636;5.76936;1.06836;5.76936;0.00134047;6.70234;0.0670234;0.0670234
6071;0.209014;-0.931636;5.76936;1.06836;5.76936;0.00134047;6.70234;0.0670234;0.0670234
6072;0.209014;-0.931636;5.76936;1.06836;5.76936;0.00134047;6.70234;0.0670234;0.0670234
6073;0.209014;-0.931636;5.76936;1.06836;5.76936;0.00134047;6.70234;0.0670234;0.0670234
6074;0.209014;-0.931636;5.76936;1.06836;5.76936;0.00134047;6.70234;0.0670234;0.0670234
6075;0.209014;-0.931636;5.76936;1.06836;5.76936;0.00134047;6.70234;0.0670234;0.0670234
6076;0.209014;-0.931636;5.76936;1.06836;5.76936;0.00134047;6.70234;0.0670234;0.0670234
6077;0.209014;-0.931636;5.76936;1.06836;5.76936;0.00134047;6.70234;0.0670234;0.0670234
6078;0.209014;-0.931636;5.76936;1.06836;5.76936;0.00134047;6.70234;0.0670234;0.0670234
6079;0.209014;-0.931636;5.76936;1.06836;5.76936;0.00134047;6.70234;0.0670234;0.0670234
6080;0.209014;-0.931636;5.76936;1.06836;5.76936;0.00134047;6.70234;0.0670234;0.0670234
6081;0.209014;-0.931636;5.76936;1.06836;5.76936;0.00134047;6.70234;0.0670234;0.0670234
6082;0.209014;-0.931636;5.76936;1.06836;5.76936;0.00134047;6.70234;0.0670234;0.0670234
6083;0.209014;-0.931636;5.76936;1.06836;5.76936;0.00134047;6.70234;0.0670234;0.0670234
6084;0.209014;-0.931636;5.76936;1.06836;5.76936;0.00134047;6.70234;0.0670234;0.0670234
6085;0.209014;-0.931636;5.76936;1.06836;5.76936;0.00134047;6.70234;0.0670234;0.0670234
6086;0.209014;-0.931636;5.76936;1.06836;5.76936;0.00134047;6.70234;0.0670234;0.0670234
6087;0.209014;-0.931636;5.76936;1.06836;5.76936;0.00134047;6.70234;0.0670234;0.0670234
6088;0.209014;-0.931636;5.76936;1.06836;5.76936;0.00134047;6.70234;0.0670234;0.0670234
6089;0.209014;-0.931636;5.76936;1.06836;5.76936;0.00134047;6.70234;0.0670234;0.0670234
6090;0.209014;-0.931636;5.76936;1.06836;5.76936;0.00134047;6.70234;0.0670234;0.0670234
6091;0.209014;-0.931636;5.76936;1.06836;5.76936;0.00134047;6.70234;0.0670234;0.0670234
6092;0.209014;-0.931636;5.76936;1.06836;5.76936;0.00134047;6.70234;0.0670234;0.0670234
6093;0.209014;-0.931636;5.76936;1.06836;5.76936;0.00134047;6.70234;0.0670234;0.0670234
6094;0.209014;-0.931636;5.76936;1.06836;5.76936;0.00134047;6.70234;0.0670234;0.0670234
6095;0.209014;-0.931636;5.76936;1.06836;5.76936;0.00134047;6.70234;0.0670234;0.0670234
6096;0.209014;-0.931636;5.76936;1.06836;5.76936;0.00134047;6.70234;0.0670234;0.0670234
6097;0.209014;-0.931636;5.76936;1.06836;5.76936;0.00134047;6.70234;0.0670234;0.0670234
6098;0.209014;-0.931636;5.76936;1.06836;5.76936;0.00134047;6.70234;0.0670234;0.0670234
6099;0.209014;-0.931636;5.76936;1.06836;5.76936;0.00134047;6.70234;0.0670234;0.0670234
6100;0.209014;-0.931636;5.76936;1.06836;5.76936;0.00134047;6.70234;0.0670234;0.0670234
6101;0.209014;-0.931636;5.76936;1.06836;5.76936;0.00134047;6.70234;0.0670234;0.0670234
6102;0.209014;-0.931636;5.76936;1.06836;5.76936;0.00134047;6.70234;0.0670234;0.0670234
6103;0.209014;-0.931636;5.76936;1.06836;5.76936;0.00134047;6.70234;0.0670234;0.0670234
6104;0.209014;-0.931636;5.76936;1.06836;5.76936;0.00134047;6.70234;0.0670234;0.0670234
6105;0.209014;-0.931636;5.76936;1.06836;5.76936;0.00134047;6.70234;0.0670234;0.0670234
6106;0.209014;-0.931636;5.76936;1.06836;5.76936;0.00134047;6.70234;0.0670234;0.0670234
6107;0.209014;-0.931636;5.76936;1.06836;5.76936;0.00134047;6.70234;0.0670234;0.0670234
6108;0.209014;-0.931636;5.76936;1.06836;5.76936;0.00134047;6.70234;0.0670234;0.0670234
6109;0.209014;-0.931636;5.76936;1.06836;5.76936;0.00134047;6.70234;0.0670234;0.0670234
6110;0.209014;-0.931636;5.76936;1.06836;5.76936;0.00134047;6.70234;0.0670234;0.0670234
6111;0.209014;-0.931636;5.76936;1.06836;5.76936;0.00134047;6.70234;0.0670234;0.0670234
6112;0.209014;-0.931636;5.76936;1.06836;5.76936;0.00134047;6.70234;0.0670234;0.0670234
6113;0.209014;-0.931636;5.76936;1.06836;5.76936;0.00134047;6.70234;0.0670234;0.0670234
6114;0.209014;-0.931636;5.76936;1.06836;5.76936;0.00134047;6.70234;0.0670234;0.0670234
6115;0.209014;-0.931636;5.76936;1.06836;5.76936;0.00134047;6.70234;0.0670234;0.0670234
6116;0.209014;-0.931636;5.76936;1.06836;5.76936;0.00134047;6.70234;0.0670234;0.0670234
6117;0.209014;-0.931636;5.76936;1.06836;5.76936;0.00134047;6.70234;0.0670234;0.0670234
6118;0.209014;-0.931636;5.76936;1.06836;5.76936;0.00134047;6.70234;0.0670234;0.0670234
6119;0.209014;-0.931636;5.76936;1.06836;5.76936;0.00134047;6.70234;0.0670234;0.0670234
6120;0.209014;-0.931636;5.76936;1.06836;5.76936;0.00134047;6.70234;0.0670234;0.0670234
6121;0.209014;-0.931636;5.76936;1.06836;5.76936;0.00134047;6.70234;0.0670234;0.0670234
6122;0.209014;-0.931636;5.76936;1.06836;5.76936;0.00134047;6.70234;0.0670234;0.0670234
6123;0.209014;-0.931636;5.76936;1.06836;5.76936;0.00134047;6.70234;0.0670234;0.0670234
6124;0.209014;-0.931636;5.76936;1.06836;5.76936;0.00134047;6.70234;0.0670234;0.0670234
6125;0.209014;-0.931636;5.76936;1.06836;5.76936;0.00134047;6.70234;0.0670234;0.0670234
6126;0.209014;-0.931636;5.76936;1.06836;5.76936;0.00134047;6.70234;0.0670234;0.0670234
6127;0.209014;-0.931636;5.76936;1.06836;5.76936;0.00134047;6.70234;0.0670234;0.0670234
6128;0.209014;-0.931636;5.76936;1.06836;5.76936;0.00134047;6.70234;0.0670234;0.0670234
6129;0.209014;-0.931636;5.76936;1.06836;5.76936;0.00134047;6.70234;0.0670234;0.0670234
6130;0.209014;-0.931636;5.76936;1.06836;5.76936;0.00134047;6.70234;0.0670234;0.0670234
6131;0.209014;-0.931636;5.76936;1.06836;5.76936;0.00134047;6.70234;0.0670234;0.0670234
6132;0.209014;-0.931636;5.76936;1.06836;5.76936;0.00134047;6.70234;0.0670234;0.0670234
6133;0.209014;-0.931636;5.76936;1.06836;5.76936;0.00134047;6.70234;0.0670234;0.0670234
6134;0.209014;-0.931636;5.76936;1.06836;5.76936;0.00134047;6.70234;0.0670234;0.0670234
6135;0.209014;-0.931636;5.76936;1.06836;5.76936;0.00134047;6.70234;0.0670234;0.0670234
6136;0.209014;-0.931636;5.76936;1.06836;5.76936;0.00134047;6.70234;0.0670234;0.0670234
6137;0.209014;-0.931636;5.76936;1.06836;5.76936;0.00134047;6.70234;0.0670234;0.0670234
6138;0.209014;-0.931636;5.76936;1.06836;5.76936;0.00134047;6.70234;0.0670234;0.0670234
6139;0.209014;-0.931636;5.76936;1.06836;5.76936;0.00134047;6.70234;0.0670234;0.0670234
6140;0.209014;-0.931636;5.76936;1.06836;5.76936;0.00134047;6.70234;0.0670234;0.0670234
6141;0.209014;-0.931636;5.76936;1.06836;5.76936;0.00134047;6.70234;0.0670234;0.0670234
6142;0.209014;-0.931636;5.76936;1.06836;5.76936;0.00134047;6.70234;0.0670234;0.0670234
6143;0.209014;-0.931636;5.76936;1.06836;5.76936;0.00134047;6.70234;0.0670234;0.0670234
6144;0.209014;-0.931636;5.76936;1.06836;5.76936;0.00134047;6.70234;0.0670234;0.0670234
6145;0.209014;-0.931636;5.76936;1.06836;5.76936;0.00134047;6.70234;0.0670234;0.0670234
6146;0.209014;-0.931636;5.76936;1.06836;5.76936;0.00134047;6.70234;0.0670234;0.0670234
6147;0.209014;-0.931636;5.76936;1.06836;5.76936;0.00134047;6.70234;0.0670234;0.0670234
6148;0.209014;-0.931636;5.76936;1.06836;5.76936;0.00134047;6.70234;0.0670234;0.0670234
6149;0.209014;-0.931636;5.76936;1.06836;5.76936;0.00134047;6.70234;0.0670234;0.0670234
6150;0.209014;-0.931636;5.76936;1.06836;5.76936;0.00134047;6.70234;0.0670234;0.0670234
6151;0.209014;-0.931636;5.76936;1.06836;5.76936;0.00134047;6.70234;0.0670234;0.0670234
6152;0.209014;-0.931636;5.76936;1.06836;5.76936;0.00134047;6.70234;0.0670234;0.0670234
6153;0.209014;-0.931636;5.76936;1.06836;5.76936;0.00134047;6.70234;0.0670234;0.0670234
6154;0.209014;-0.931636;5.76936;1.06836;5.76936;0.00134047;6.70234;0.0670234;0.0670234
6155;0.209014;-0.931636;5.76936;1.06836;5.76936;0.00134047;6.70234;0.0670234;0.0670234
6156;0.209014;-0.931636;5.76936;1.06836;5.76936;0.00134047;6.70234;0.0670234;0.0670234
6157;0.209014;-0.931636;5.76936;1.06836;5.76936;0.00134047;6.70234;0.0670234;0.0670234
6158;0.209014;-0.931636;5.76936;1.06836;5.76936;0.00134047;6.70234;0.0670234;0.0670234
6159;0.209014;-0.931636;5.76936;1.06836;5.76936;0.00134047;6.70234;0.0670234;0.0670234
6160;0.209014;-0.931636;5.76936;1.06836;5.76936;0.00134047;6.70234;0.0670234;0.0670234
6161;0.209014;-0.931636;5.76936;1.06836;5.76936;0.00134047;6.70234;0.0670234;0.0670234
6162;0.209014;-0.931636;5.76936;1.06836;5.76936;0.00134047;6.70234;0.0670234;0.0670234
6163;0.209014;-0.931636;5.76936;1.06836;5.76936;0.00134047;6.70234;0.0670234;0.0670234
6164;0.209014;-0.931636;5.76936;1.06836;5.76936;0.00134047;6.70234;0.0670234;0.0670234
6165;0.209014;-0.931636;5.76936;1.06836;5.76936;0.00134047;6.70234;0.0670234;0.0670234
6166;0.209014;-0.931636;5.76936;1.06836;5.76936;0.00134047;6.70234;0.0670234;0.0670234
6167;0.209014;-0.931636;5.76936;1.06836;5.76936;0.00134047;6.70234;0.0670234;0.0670234
6168;0.209014;-0.931636;5.76936;1.06836;5.76936;0.00134047;6.70234;0.0670234;0.0670234
6169;0.209014;-0.931636;5.76936;1.06836;5.76936;0.00134047;6.70234;0.0670234;0.0670234
6170;0.209014;-0.931636;5.76936;1.06836;5.76936;0.00134047;6.70234;0.0670234;0.0670234
6171;0.209014;-0.931636;5.76936;1.06836;5.76936;0.00134047;6.70234;0.0670234;0.0670234
6172;0.209014;-0.931636;5.76936;1.06836;5.76936;0.00134047;6.70234;0.0670234;0.0670234
6173;0.209014;-0.931636;5.76936;1.06836;5.76936;0.00134047;6.70234;0.0670234;0.0670234
6174;0.209014;-0.931636;5.76936;1.06836;5.76936;0.00134047;6.70234;0.0670234;0.0670234
6175;0.209014;-0.931636;5.76936;1.06836;5.76936;0.00134047;6.70234;0.0670234;0.0670234
6176;0.209014;-0.931636;5.76936;1.06836;5.76936;0.00134047;6.70234;0.0670234;0.0670234
6177;0.209014;-0.931636;5.76936;1.06836;5.76936;0.00134047;6.70234;0.0670234;0.0670234
6178;0.209014;-0.931636;5.76936;1.06836;5.76936;0.00134047;6.70234;0.0670234;0.0670234
6179;0.209014;-0.931636;5.76936;1.06836;5.76936;0.00134047;6.70234;0.0670234;0.0670234
6180;0.209014;-0.931636;5.76936;1.06836;5.76936;0.00134047;6.70234;0.0670234;0.0670234
6181;0.209014;-0.931636;5.76936;1.06836;5.76936;0.00134047;6.70234;0.0670234;0.0670234
6182;0.209014;-0.931636;5.76936;1.06836;5.76936;0.00134047;6.70234;0.0670234;0.0670234
6183;0.209014;-0.931636;5.76936;1.06836;5.76936;0.00134047;6.70234;0.0670234;0.0670234
6184;0.209014;-0.931636;5.76936;1.06836;5.76936;0.00134047;6.70234;0.0670234;0.0670234
6185;0.209014;-0.931636;5.76936;1.06836;5.76936;0.00134047;6.70234;0.0670234;0.0670234
6186;0.209014;-0.931636;5.76936;1.06836;5.76936;0.00134047;6.70234;0.0670234;0.0670234
6187;0.209014;-0.931636;5.76936;1.06836;5.76936;0.00134047;6.70234;0.0670234;0.0670234
6188;0.209014;-0.931636;5.76936;1.06836;5.76936;0.00134047;6.70234;0.0670234;0.0670234
6189;0.209014;-0.931636;5.76936;1.06836;5.76936;0.00134047;6.70234;0.0670234;0.0670234
6190;0.209014;-0.931636;5.76936;1.06836;5.76936;0.00134047;6.70234;0.0670234;0.0670234
6191;0.209014;-0.931636;5.76936;1.06836;5.76936;0.00134047;6.70234;0.0670234;0.0670234
6192;0.209014;-0.931636;5.76936;1.06836;5.76936;0.00134047;6.70234;0.0670234;0.0670234
6193;0.209014;-0.931636;5.76936;1.06836;5.76936;0.00134047;6.70234;0.0670234;0.0670234
6194;0.209014;-0.931636;5.76936;1.06836;5.76936;0.00134047;6.70234;0.0670234;0.0670234
6195;0.209014;-0.931636;5.76936;1.06836;5.76936;0.00134047;6.70234;0.0670234;0.0670234
6196;0.209014;-0.931636;5.76936;1.06836;5.76936;0.00134047;6.70234;0.0670234;0.0670234
6197;0.209014;-0.931636;5.76936;1.06836;5.76936;0.00134047;6.70234;0.0670234;0.0670234
6198;0.209014;-0.931636;5.76936;1.06836;5.76936;0.00134047;6.70234;0.0670234;0.0670234
6199;0.209014;-0.931636;5.76936;1.06836;5.76936;0.00134047;6.70234;0.0670234;0.0670234
6200;0.209014;-0.931636;5.76936;1.06836;5.76936;0.00134047;6.70234;0.0670234;0.0670234
6201;0.209014;-0.931636;5.76936;1.06836;5.76936;0.00134047;6.70234;0.0670234;0.0670234
6202;0.209014;-0.931636;5.76936;1.06836;5.76936;0.00134047;6.70234;0.0670234;0.0670234
6203;0.209014;-0.931636;5.76936;1.06836;5.76936;0.00134047;6.70234;0.0670234;0.0670234
6204;0.209014;-0.931636;5.76936;1.06836;5.76936;0.00134047;6.70234;0.0670234;0.0670234
6205;0.209014;-0.931636;5.76936;1.06836;5.76936;0.00134047;6.70234;0.0670234;0.0670234
6206;0.209014;-0.931636;5.76936;1.06836;5.76936;0.00134047;6.70234;0.0670234;0.0670234
6207;0.209014;-0.931636;5.76936;1.06836;5.76936;0.00134047;6.70234;0.0670234;0.0670234
6208;0.209014;-0.931636;5.76936;1.06836;5.76936;0.00134047;6.70234;0.0670234;0.0670234
6209;0.209014;-0.931636;5.76936;1.06836;5.76936;0.00134047;6.70234;0.0670234;0.0670234
6210;0.209014;-0.931636;5.76936;1.06836;5.76936;0.00134047;6.70234;0.0670234;0.0670234
6211;0.209014;-0.931636;5.76936;1.06836;5.76936;0.00134047;6.70234;0.0670234;0.0670234
6212;0.209014;-0.931636;5.76936;1.06836;5.76936;0.00134047;6.70234;0.0670234;0.0670234
6213;0.209014;-0.931636;5.76936;1.06836;5.76936;0.00134047;6.70234;0.0670234;0.0670234
6214;0.209014;-0.931636;5.76936;1.06836;5.76936;0.00134047;6.70234;0.0670234;0.0670234
6215;0.209014;-0.931636;5.76936;1.06836;5.76936;0.00134047;6.70234;0.0670234;0.0670234
6216;0.209014;-0.931636;5.76936;1.06836;5.76936;0.00134047;6.70234;0.0670234;0.0670234
6217;0.209014;-0.931636;5.76936;1.06836;5.76936;0.00134047;6.70234;0.0670234;0.0670234
6218;0.209014;-0.931636;5.76936;1.06836;5.76936;0.00134047;6.70234;0.0670234;0.0670234
6219;0.209014;-0.931636;5.76936;1.06836;5.76936;0.00134047;6.70234;0.0670234;0.0670234
6220;0.209014;-0.931636;5.76936;1.06836;5.76936;0.00134047;6.70234;0.0670234;0.0670234
6221;0.209014;-0.931636;5.76936;1.06836;5.76936;0.00134047;6.70234;0.0670234;0.0670234
6222;0.209014;-0.931636;5.76936;1.06836;5.76936;0.00134047;6.70234;0.0670234;0.0670234
6223;0.209014;-0.931636;5.76936;1.06836;5.76936;0.00134047;6.70234;0.0670234;0.0670234
6224;0.209014;-0.931636;5.76936;1.06836;5.76936;0.00134047;6.70234;0.0670234;0.0670234
6225;0.209014;-0.931636;5.76936;1.06836;5.76936;0.00134047;6.70234;0.0670234;0.0670234
6226;0.209014;-0.931636;5.76936;1.06836;5.76936;0.00134047;6.70234;0.0670234;0.0670234
6227;0.209014;-0.931636;5.76936;1.06836;5.76936;0.00134047;6.70234;0.0670234;0.0670234
6228;0.209014;-0.931636;5.76936;1.06836;5.76936;0.00134047;6.70234;0.0670234;0.0670234
6229;0.209014;-0.931636;5.76936;1.06836;5.76936;0.00134047;6.70234;0.0670234;0.0670234
6230;0.209014;-0.931636;5.76936;1.06836;5.76936;0.00134047;6.70234;0.0670234;0.0670234
6231;0.209014;-0.931636;5.76936;1.06836;5.76936;0.00134047;6.70234;0.0670234;0.0670234
6232;0.209014;-0.931636;5.76936;1.06836;5.76936;0.00134047;6.70234;0.0670234;0.0670234
6233;0.209014;-0.931636;5.76936;1.06836;5.76936;0.00134047;6.70234;0.0670234;0.0670234
6234;0.209014;-0.931636;5.76936;1.06836;5.76936;0.00134047;6.70234;0.0670234;0.0670234
6235;0.209014;-0.931636;5.76936;1.06836;5.76936;0.00134047;6.70234;0.0670234;0.0670234
6236;0.209014;-0.931636;5.76936;1.06836;5.76936;0.00134047;6.70234;0.0670234;0.0670234
6237;0.209014;-0.931636;5.76936;1.06836;5.76936;0.00134047;6.70234;0.0670234;0.0670234
6238;0.209014;-0.931636;5.76936;1.06836;5.76936;0.00134047;6.70234;0.0670234;0.0670234
6239;0.209014;-0.931636;5.76936;1.06836;5.76936;0.00134047;6.70234;0.0670234;0.0670234
6240;0.209014;-0.931636;5.76936;1.06836;5.76936;0.00134047;6.70234;0.0670234;0.0670234
6241;0.209014;-0.931636;5.76936;1.06836;5.76936;0.00134047;6.70234;0.0670234;0.0670234
6242;0.209014;-0.931636;5.76936;1.06836;5.76936;0.00134047;6.70234;0.0670234;0.0670234
6243;0.209014;-0.931636;5.76936;1.06836;5.76936;0.00134047;6.70234;0.0670234;0.0670234
6244;0.209014;-0.931636;5.76936;1.06836;5.76936;0.00134047;6.70234;0.0670234;0.0670234
6245;0.209014;-0.931636;5.76936;1.06836;5.76936;0.00134047;6.70234;0.0670234;0.0670234
6246;0.209014;-0.931636;5.76936;1.06836;5.76936;0.00134047;6.70234;0.0670234;0.0670234
6247;0.209014;-0.931636;5.76936;1.06836;5.76936;0.00134047;6.70234;0.0670234;0.0670234
6248;0.209014;-0.931636;5.76936;1.06836;5.76936;0.00134047;6.70234;0.0670234;0.0670234
6249;0.209014;-0.931636;5.76936;1.06836;5.76936;0.00134047;6.70234;0.0670234;0.0670234
6250;0.209014;-0.931636;5.76936;1.06836;5.76936;0.00134047;6.70234;0.0670234;0.0670234
6251;0.209014;-0.931636;5.76936;1.06836;5.76936;0.00134047;6.70234;0.0670234;0.0670234
6252;0.209014;-0.931636;5.76936;1.06836;5.76936;0.00134047;6.70234;0.0670234;0.0670234
6253;0.209014;-0.931636;5.76936;1.06836;5.76936;0.00134047;6.70234;0.0670234;0.0670234
6254;0.209014;-0.931636;5.76936;1.06836;5.76936;0.00134047;6.70234;0.0670234;0.0670234
6255;0.209014;-0.931636;5.76936;1.06836;5.76936;0.00134047;6.70234;0.0670234;0.0670234
6256;0.209014;-0.931636;5.76936;1.06836;5.76936;0.00134047;6.70234;0.0670234;0.0670234
6257;0.209014;-0.931636;5.76936;1.06836;5.76936;0.00134047;6.70234;0.0670234;0.0670234
6258;0.209014;-0.931636;5.76936;1.06836;5.76936;0.00134047;6.70234;0.0670234;0.0670234
6259;0.209014;-0.931636;5.76936;1.06836;5.76936;0.00134047;6.70234;0.0670234;0.0670234
6260;0.209014;-0.931636;5.76936;1.06836;5.76936;0.00134047;6.70234;0.0670234;0.0670234
6261;0.209014;-0.931636;5.76936;1.06836;5.76936;0.00134047;6.70234;0.0670234;0.0670234
6262;0.209014;-0.931636;5.76936;1.06836;5.76936;0.00134047;6.70234;0.0670234;0.0670234
6263;0.209014;-0.931636;5.76936;1.06836;5.76936;0.00134047;6.70234;0.0670234;0.0670234
6264;0.209014;-0.931636;5.76936;1.06836;5.76936;0.00134047;6.70234;0.0670234;0.0670234
6265;0.209014;-0.931636;5.76936;1.06836;5.76936;0.00134047;6.70234;0.0670234;0.0670234
6266;0.209014;-0.931636;5.76936;1.06836;5.76936;0.00134047;6.70234;0.0670234;0.0670234
6267;0.209014;-0.931636;5.76936;1.06836;5.76936;0.00134047;6.70234;0.0670234;0.0670234
6268;0.209014;-0.931636;5.76936;1.06836;5.76936;0.00134047;6.70234;0.0670234;0.0670234
6269;0.209014;-0.931636;5.76936;1.06836;5.76936;0.00134047;6.70234;0.0670234;0.0670234
6270;0.209014;-0.931636;5.76936;1.06836;5.76936;0.00134047;6.70234;0.0670234;0.0670234
6271;0.209014;-0.931636;5.76936;1.06836;5.76936;0.00134047;6.70234;0.0670234;0.0670234
6272;0.209014;-0.931636;5.76936;1.06836;5.76936;0.00134047;6.70234;0.0670234;0.0670234
6273;0.209014;-0.931636;5.76936;1.06836;5.76936;0.00134047;6.70234;0.0670234;0.0670234
6274;0.209014;-0.931636;5.76936;1.06836;5.76936;0.00134047;6.70234;0.0670234;0.0670234
6275;0.209014;-0.931636;5.76936;1.06836;5.76936;0.00134047;6.70234;0.0670234;0.0670234
6276;0.209014;-0.931636;5.76936;1.06836;5.76936;0.00134047;6.70234;0.0670234;0.0670234
6277;0.209014;-0.931636;5.76936;1.06836;5.76936;0.00134047;6.70234;0.0670234;0.0670234
6278;0.209014;-0.931636;5.76936;1.06836;5.76936;0.00134047;6.70234;0.0670234;0.0670234
6279;0.209014;-0.931636;5.76936;1.06836;5.76936;0.00134047;6.70234;0.0670234;0.0670234
6280;0.209014;-0.931636;5.76936;1.06836;5.76936;0.00134047;6.70234;0.0670234;0.0670234
6281;0.209014;-0.931636;5.76936;1.06836;5.76936;0.00134047;6.70234;0.0670234;0.0670234
6282;0.209014;-0.931636;5.76936;1.06836;5.76936;0.00134047;6.70234;0.0670234;0.0670234
6283;0.209014;-0.931636;5.76936;1.06836;5.76936;0.00134047;6.70234;0.0670234;0.0670234
6284;0.209014;-0.931636;5.76936;1.06836;5.76936;0.00134047;6.70234;0.0670234;0.0670234
6285;0.209014;-0.931636;5.76936;1.06836;5.76936;0.00134047;6.70234;0.0670234;0.0670234
6286;0.209014;-0.931636;5.76936;1.06836;5.76936;0.00134047;6.70234;0.0670234;0.0670234
6287;0.209014;-0.931636;5.76936;1.06836;5.76936;0.00134047;6.70234;0.0670234;0.0670234
6288;0.209014;-0.931636;5.76936;1.06836;5.76936;0.00134047;6.70234;0.0670234;0.0670234
6289;0.209014;-0.931636;5.76936;1.06836;5.76936;0.00134047;6.70234;0.0670234;0.0670234
6290;0.209014;-0.931636;5.76936;1.06836;5.76936;0.00134047;6.70234;0.0670234;0.0670234
6291;0.209014;-0.931636;5.76936;1.06836;5.76936;0.00134047;6.70234;0.0670234;0.0670234
6292;0.209014;-0.931636;5.76936;1.06836;5.76936;0.00134047;6.70234;0.0670234;0.0670234
6293;0.209014;-0.931636;5.76936;1.06836;5.76936;0.00134047;6.70234;0.0670234;0.0670234
6294;0.209014;-0.931636;5.76936;1.06836;5.76936;0.00134047;6.70234;0.0670234;0.0670234
6295;0.209014;-0.931636;5.76936;1.06836;5.76936;0.00134047;6.70234;0.0670234;0.0670234
6296;0.209014;-0.931636;5.76936;1.06836;5.76936;0.00134047;6.70234;0.0670234;0.0670234
6297;0.209014;-0.931636;5.76936;1.06836;5.76936;0.00134047;6.70234;0.0670234;0.0670234
6298;0.209014;-0.931636;5.76936;1.06836;5.76936;0.00134047;6.70234;0.0670234;0.0670234
6299;0.209014;-0.931636;5.76936;1.06836;5.76936;0.00134047;6.70234;0.0670234;0.0670234
6300;0.209014;-0.931636;5.76936;1.06836;5.76936;0.00134047;6.70234;0.0670234;0.0670234
6301;0.209014;-0.931636;5.76936;1.06836;5.76936;0.00134047;6.70234;0.0670234;0.0670234
6302;0.209014;-0.931636;5.76936;1.06836;5.76936;0.00134047;6.70234;0.0670234;0.0670234
6303;0.209014;-0.931636;5.76936;1.06836;5.76936;0.00134047;6.70234;0.0670234;0.0670234
6304;0.209014;-0.931636;5.76936;1.06836;5.76936;0.00134047;6.70234;0.0670234;0.0670234
6305;0.209014;-0.931636;5.76936;1.06836;5.76936;0.00134047;6.70234;0.0670234;0.0670234
6306;0.209014;-0.931636;5.76936;1.06836;5.76936;0.00134047;6.70234;0.0670234;0.0670234
6307;0.209014;-0.931636;5.76936;1.06836;5.76936;0.00134047;6.70234;0.0670234;0.0670234
6308;0.209014;-0.931636;5.76936;1.06836;5.76936;0.00134047;6.70234;0.0670234;0.0670234
6309;0.209014;-0.931636;5.76936;1.06836;5.76936;0.00134047;6.70234;0.0670234;0.0670234
6310;0.209014;-0.931636;5.76936;1.06836;5.76936;0.00134047;6.70234;0.0670234;0.0670234
6311;0.209014;-0.931636;5.76936;1.06836;5.76936;0.00134047;6.70234;0.0670234;0.0670234
6312;0.209014;-0.931636;5.76936;1.06836;5.76936;0.00134047;6.70234;0.0670234;0.0670234
6313;0.209014;-0.931636;5.76936;1.06836;5.76936;0.00134047;6.70234;0.0670234;0.0670234
6314;0.209014;-0.931636;5.76936;1.06836;5.76936;0.00134047;6.70234;0.0670234;0.0670234
6315;0.209014;-0.931636;5.76936;1.06836;5.76936;0.00134047;6.70234;0.0670234;0.0670234
6316;0.209014;-0.931636;5.76936;1.06836;5.76936;0.00134047;6.70234;0.0670234;0.0670234
6317;0.209014;-0.931636;5.76936;1.06836;5.76936;0.00134047;6.70234;0.0670234;0.0670234
6318;0.209014;-0.931636;5.76936;1.06836;5.76936;0.00134047;6.70234;0.0670234;0.0670234
6319;0.209014;-0.931636;5.76936;1.06836;5.76936;0.00134047;6.70234;0.0670234;0.0670234
6320;0.209014;-0.931636;5.76936;1.06836;5.76936;0.00134047;6.70234;0.0670234;0.0670234
6321;0.209014;-0.931636;5.76936;1.06836;5.76936;0.00134047;6.70234;0.0670234;0.0670234
6322;0.209014;-0.931636;5.76936;1.06836;5.76936;0.00134047;6.70234;0.0670234;0.0670234
6323;0.209014;-0.931636;5.76936;1.06836;5.76936;0.00134047;6.70234;0.0670234;0.0670234
6324;0.209014;-0.931636;5.76936;1.06836;5.76936;0.00134047;6.70234;0.0670234;0.0670234
6325;0.209014;-0.931636;5.76936;1.06836;5.76936;0.00134047;6.70234;0.0670234;0.0670234
6326;0.209014;-0.931636;5.76936;1.06836;5.76936;0.00134047;6.70234;0.0670234;0.0670234
6327;0.209014;-0.931636;5.76936;1.06836;5.76936;0.00134047;6.70234;0.0670234;0.0670234
6328;0.209014;-0.931636;5.76936;1.06836;5.76936;0.00134047;6.70234;0.0670234;0.0670234
6329;0.209014;-0.931636;5.76936;1.06836;5.76936;0.00134047;6.70234;0.0670234;0.0670234
6330;0.209014;-0.931636;5.76936;1.06836;5.76936;0.00134047;6.70234;0.0670234;0.0670234
6331;0.209014;-0.931636;5.76936;1.06836;5.76936;0.00134047;6.70234;0.0670234;0.0670234
6332;0.209014;-0.931636;5.76936;1.06836;5.76936;0.00134047;6.70234;0.0670234;0.0670234
6333;0.209014;-0.931636;5.76936;1.06836;5.76936;0.00134047;6.70234;0.0670234;0.0670234
6334;0.209014;-0.931636;5.76936;1.06836;5.76936;0.00134047;6.70234;0.0670234;0.0670234
6335;0.209014;-0.931636;5.76936;1.06836;5.76936;0.00134047;6.70234;0.0670234;0.0670234
6336;0.209014;-0.931636;5.76936;1.06836;5.76936;0.00134047;6.70234;0.0670234;0.0670234
6337;0.209014;-0.931636;5.76936;1.06836;5.76936;0.00134047;6.70234;0.0670234;0.0670234
6338;0.209014;-0.931636;5.76936;1.06836;5.76936;0.00134047;6.70234;0.0670234;0.0670234
6339;0.209014;-0.931636;5.76936;1.06836;5.76936;0.00134047;6.70234;0.0670234;0.0670234
6340;0.209014;-0.931636;5.76936;1.06836;5.76936;0.00134047;6.70234;0.0670234;0.0670234
6341;0.209014;-0.931636;5.76936;1.06836;5.76936;0.00134047;6.70234;0.0670234;0.0670234
6342;0.209014;-0.931636;5.76936;1.06836;5.76936;0.00134047;6.70234;0.0670234;0.0670234
6343;0.209014;-0.931636;5.76936;1.06836;5.76936;0.00134047;6.70234;0.0670234;0.0670234
6344;0.209014;-0.931636;5.76936;1.06836;5.76936;0.00134047;6.70234;0.0670234;0.0670234
6345;0.209014;-0.931636;5.76936;1.06836;5.76936;0.00134047;6.70234;0.0670234;0.0670234
6346;0.209014;-0.931636;5.76936;1.06836;5.76936;0.00134047;6.70234;0.0670234;0.0670234
6347;0.209014;-0.931636;5.76936;1.06836;5.76936;0.00134047;6.70234;0.0670234;0.0670234
6348;0.209014;-0.931636;5.76936;1.06836;5.76936;0.00134047;6.70234;0.0670234;0.0670234
6349;0.209014;-0.931636;5.76936;1.06836;5.76936;0.00134047;6.70234;0.0670234;0.0670234
6350;0.209014;-0.931636;5.76936;1.06836;5.76936;0.00134047;6.70234;0.0670234;0.0670234
6351;0.209014;-0.931636;5.76936;1.06836;5.76936;0.00134047;6.70234;0.0670234;0.0670234
6352;0.209014;-0.931636;5.76936;1.06836;5.76936;0.00134047;6.70234;0.0670234;0.0670234
6353;0.209014;-0.931636;5.76936;1.06836;5.76936;0.00134047;6.70234;0.0670234;0.0670234
6354;0.209014;-0.931636;5.76936;1.06836;5.76936;0.00134047;6.70234;0.0670234;0.0670234
6355;0.209014;-0.931636;5.76936;1.06836;5.76936;0.00134047;6.70234;0.0670234;0.0670234
6356;0.209014;-0.931636;5.76936;1.06836;5.76936;0.00134047;6.70234;0.0670234;0.0670234
6357;0.209014;-0.931636;5.76936;1.06836;5.76936;0.00134047;6.70234;0.0670234;0.0670234
6358;0.209014;-0.931636;5.76936;1.06836;5.76936;0.00134047;6.70234;0.0670234;0.0670234
6359;0.209014;-0.931636;5.76936;1.06836;5.76936;0.00134047;6.70234;0.0670234;0.0670234
6360;0.209014;-0.931636;5.76936;1.06836;5.76936;0.00134047;6.70234;0.0670234;0.0670234
6361;0.209014;-0.931636;5.76936;1.06836;5.76936;0.00134047;6.70234;0.0670234;0.0670234
6362;0.209014;-0.931636;5.76936;1.06836;5.76936;0.00134047;6.70234;0.0670234;0.0670234
6363;0.209014;-0.931636;5.76936;1.06836;5.76936;0.00134047;6.70234;0.0670234;0.0670234
6364;0.209014;-0.931636;5.76936;1.06836;5.76936;0.00134047;6.70234;0.0670234;0.0670234
6365;0.209014;-0.931636;5.76936;1.06836;5.76936;0.00134047;6.70234;0.0670234;0.0670234
6366;0.209014;-0.931636;5.76936;1.06836;5.76936;0.00134047;6.70234;0.0670234;0.0670234
6367;0.209014;-0.931636;5.76936;1.06836;5.76936;0.00134047;6.70234;0.0670234;0.0670234
6368;0.209014;-0.931636;5.76936;1.06836;5.76936;0.00134047;6.70234;0.0670234;0.0670234
6369;0.209014;-0.931636;5.76936;1.06836;5.76936;0.00134047;6.70234;0.0670234;0.0670234
6370;0.209014;-0.931636;5.76936;1.06836;5.76936;0.00134047;6.70234;0.0670234;0.0670234
6371;0.209014;-0.931636;5.76936;1.06836;5.76936;0.00134047;6.70234;0.0670234;0.0670234
6372;0.209014;-0.931636;5.76936;1.06836;5.76936;0.00134047;6.70234;0.0670234;0.0670234
6373;0.209014;-0.931636;5.76936;1.06836;5.76936;0.00134047;6.70234;0.0670234;0.0670234
6374;0.209014;-0.931636;5.76936;1.06836;5.76936;0.00134047;6.70234;0.0670234;0.0670234
6375;0.209014;-0.931636;5.76936;1.06836;5.76936;0.00134047;6.70234;0.0670234;0.0670234
6376;0.209014;-0.931636;5.76936;1.06836;5.76936;0.00134047;6.70234;0.0670234;0.0670234
6377;0.209014;-0.931636;5.76936;1.06836;5.76936;0.00134047;6.70234;0.0670234;0.0670234
6378;0.209014;-0.931636;5.76936;1.06836;5.76936;0.00134047;6.70234;0.0670234;0.0670234
6379;0.209014;-0.931636;5.76936;1.06836;5.76936;0.00134047;6.70234;0.0670234;0.0670234
6380;0.209014;-0.931636;5.76936;1.06836;5.76936;0.00134047;6.70234;0.0670234;0.0670234
6381;0.209014;-0.931636;5.76936;1.06836;5.76936;0.00134047;6.70234;0.0670234;0.0670234
6382;0.209014;-0.931636;5.76936;1.06836;5.76936;0.00134047;6.70234;0.0670234;0.0670234
6383;0.209014;-0.931636;5.76936;1.06836;5.76936;0.00134047;6.70234;0.0670234;0.0670234
6384;0.209014;-0.931636;5.76936;1.06836;5.76936;0.00134047;6.70234;0.0670234;0.0670234
6385;0.209014;-0.931636;5.76936;1.06836;5.76936;0.00134047;6.70234;0.0670234;0.0670234
6386;0.209014;-0.931636;5.76936;1.06836;5.76936;0.00134047;6.70234;0.0670234;0.0670234
6387;0.209014;-0.931636;5.76936;1.06836;5.76936;0.00134047;6.70234;0.0670234;0.0670234
6388;0.209014;-0.931636;5.76936;1.06836;5.76936;0.00134047;6.70234;0.0670234;0.0670234
6389;0.209014;-0.931636;5.76936;1.06836;5.76936;0.00134047;6.70234;0.0670234;0.0670234
6390;0.209014;-0.931636;5.76936;1.06836;5.76936;0.00134047;6.70234;0.0670234;0.0670234
6391;0.209014;-0.931636;5.76936;1.06836;5.76936;0.00134047;6.70234;0.0670234;0.0670234
6392;0.209014;-0.931636;5.76936;1.06836;5.76936;0.00134047;6.70234;0.0670234;0.0670234
6393;0.209014;-0.931636;5.76936;1.06836;5.76936;0.00134047;6.70234;0.0670234;0.0670234
6394;0.209014;-0.931636;5.76936;1.06836;5.76936;0.00134047;6.70234;0.0670234;0.0670234
6395;0.209014;-0.931636;5.76936;1.06836;5.76936;0.00134047;6.70234;0.0670234;0.0670234
6396;0.209014;-0.931636;5.76936;1.06836;5.76936;0.00134047;6.70234;0.0670234;0.0670234
6397;0.209014;-0.931636;5.76936;1.06836;5.76936;0.00134047;6.70234;0.0670234;0.0670234
6398;0.209014;-0.931636;5.76936;1.06836;5.76936;0.00134047;6.70234;0.0670234;0.0670234
6399;0.209014;-0.931636;5.76936;1.06836;5.76936;0.00134047;6.70234;0.0670234;0.0670234
6400;0.209014;-0.931636;5.76936;1.06836;5.76936;0.00134047;6.70234;0.0670234;0.0670234
6401;0.209014;-0.931636;5.76936;1.06836;5.76936;0.00134047;6.70234;0.0670234;0.0670234
6402;0.209014;-0.931636;5.76936;1.06836;5.76936;0.00134047;6.70234;0.0670234;0.0670234
6403;0.209014;-0.931636;5.76936;1.06836;5.76936;0.00134047;6.70234;0.0670234;0.0670234
6404;0.209014;-0.931636;5.76936;1.06836;5.76936;0.00134047;6.70234;0.0670234;0.0670234
6405;0.209014;-0.931636;5.76936;1.06836;5.76936;0.00134047;6.70234;0.0670234;0.0670234
6406;0.209014;-0.931636;5.76936;1.06836;5.76936;0.00134047;6.70234;0.0670234;0.0670234
6407;0.209014;-0.931636;5.76936;1.06836;5.76936;0.00134047;6.70234;0.0670234;0.0670234
6408;0.209014;-0.931636;5.76936;1.06836;5.76936;0.00134047;6.70234;0.0670234;0.0670234
6409;0.209014;-0.931636;5.76936;1.06836;5.76936;0.00134047;6.70234;0.0670234;0.0670234
6410;0.209014;-0.931636;5.76936;1.06836;5.76936;0.00134047;6.70234;0.0670234;0.0670234
6411;0.209014;-0.931636;5.76936;1.06836;5.76936;0.00134047;6.70234;0.0670234;0.0670234
6412;0.209014;-0.931636;5.76936;1.06836;5.76936;0.00134047;6.70234;0.0670234;0.0670234
6413;0.209014;-0.931636;5.76936;1.06836;5.76936;0.00134047;6.70234;0.0670234;0.0670234
6414;0.209014;-0.931636;5.76936;1.06836;5.76936;0.00134047;6.70234;0.0670234;0.0670234
6415;0.209014;-0.931636;5.76936;1.06836;5.76936;0.00134047;6.70234;0.0670234;0.0670234
6416;0.209014;-0.931636;5.76936;1.06836;5.76936;0.00134047;6.70234;0.0670234;0.0670234
6417;0.209014;-0.931636;5.76936;1.06836;5.76936;0.00134047;6.70234;0.0670234;0.0670234
6418;0.209014;-0.931636;5.76936;1.06836;5.76936;0.00134047;6.70234;0.0670234;0.0670234
6419;0.209014;-0.931636;5.76936;1.06836;5.76936;0.00134047;6.70234;0.0670234;0.0670234
6420;0.209014;-0.931636;5.76936;1.06836;5.76936;0.00134047;6.70234;0.0670234;0.0670234
6421;0.209014;-0.931636;5.76936;1.06836;5.76936;0.00134047;6.70234;0.0670234;0.0670234
6422;0.209014;-0.931636;5.76936;1.06836;5.76936;0.00134047;6.70234;0.0670234;0.0670234
6423;0.209014;-0.931636;5.76936;1.06836;5.76936;0.00134047;6.70234;0.0670234;0.0670234
6424;0.209014;-0.931636;5.76936;1.06836;5.76936;0.00134047;6.70234;0.0670234;0.0670234
6425;0.209014;-0.931636;5.76936;1.06836;5.76936;0.00134047;6.70234;0.0670234;0.0670234
6426;0.209014;-0.931636;5.76936;1.06836;5.76936;0.00134047;6.70234;0.0670234;0.0670234
6427;0.209014;-0.931636;5.76936;1.06836;5.76936;0.00134047;6.70234;0.0670234;0.0670234
6428;0.209014;-0.931636;5.76936;1.06836;5.76936;0.00134047;6.70234;0.0670234;0.0670234
6429;0.209014;-0.931636;5.76936;1.06836;5.76936;0.00134047;6.70234;0.0670234;0.0670234
6430;0.209014;-0.931636;5.76936;1.06836;5.76936;0.00134047;6.70234;0.0670234;0.0670234
6431;0.209014;-0.931636;5.76936;1.06836;5.76936;0.00134047;6.70234;0.0670234;0.0670234
6432;0.209014;-0.931636;5.76936;1.06836;5.76936;0.00134047;6.70234;0.0670234;0.0670234
6433;0.209014;-0.931636;5.76936;1.06836;5.76936;0.00134047;6.70234;0.0670234;0.0670234
6434;0.209014;-0.931636;5.76936;1.06836;5.76936;0.00134047;6.70234;0.0670234;0.0670234
6435;0.209014;-0.931636;5.76936;1.06836;5.76936;0.00134047;6.70234;0.0670234;0.0670234
6436;0.209014;-0.931636;5.76936;1.06836;5.76936;0.00134047;6.70234;0.0670234;0.0670234
6437;0.209014;-0.931636;5.76936;1.06836;5.76936;0.00134047;6.70234;0.0670234;0.0670234
6438;0.209014;-0.931636;5.76936;1.06836;5.76936;0.00134047;6.70234;0.0670234;0.0670234
6439;0.209014;-0.931636;5.76936;1.06836;5.76936;0.00134047;6.70234;0.0670234;0.0670234
6440;0.209014;-0.931636;5.76936;1.06836;5.76936;0.00134047;6.70234;0.0670234;0.0670234
6441;0.209014;-0.931636;5.76936;1.06836;5.76936;0.00134047;6.70234;0.0670234;0.0670234
6442;0.209014;-0.931636;5.76936;1.06836;5.76936;0.00134047;6.70234;0.0670234;0.0670234
6443;0.209014;-0.931636;5.76936;1.06836;5.76936;0.00134047;6.70234;0.0670234;0.0670234
6444;0.209014;-0.931636;5.76936;1.06836;5.76936;0.00134047;6.70234;0.0670234;0.0670234
6445;0.209014;-0.931636;5.76936;1.06836;5.76936;0.00134047;6.70234;0.0670234;0.0670234
6446;0.209014;-0.931636;5.76936;1.06836;5.76936;0.00134047;6.70234;0.0670234;0.0670234
6447;0.209014;-0.931636;5.76936;1.06836;5.76936;0.00134047;6.70234;0.0670234;0.0670234
6448;0.209014;-0.931636;5.76936;1.06836;5.76936;0.00134047;6.70234;0.0670234;0.0670234
6449;0.209014;-0.931636;5.76936;1.06836;5.76936;0.00134047;6.70234;0.0670234;0.0670234
6450;0.209014;-0.931636;5.76936;1.06836;5.76936;0.00134047;6.70234;0.0670234;0.0670234
6451;0.209014;-0.931636;5.76936;1.06836;5.76936;0.00134047;6.70234;0.0670234;0.0670234
6452;0.209014;-0.931636;5.76936;1.06836;5.76936;0.00134047;6.70234;0.0670234;0.0670234
6453;0.209014;-0.931636;5.76936;1.06836;5.76936;0.00134047;6.70234;0.0670234;0.0670234
6454;0.209014;-0.931636;5.76936;1.06836;5.76936;0.00134047;6.70234;0.0670234;0.0670234
6455;0.209014;-0.931636;5.76936;1.06836;5.76936;0.00134047;6.70234;0.0670234;0.0670234
6456;0.209014;-0.931636;5.76936;1.06836;5.76936;0.00134047;6.70234;0.0670234;0.0670234
6457;0.209014;-0.931636;5.76936;1.06836;5.76936;0.00134047;6.70234;0.0670234;0.0670234
6458;0.209014;-0.931636;5.76936;1.06836;5.76936;0.00134047;6.70234;0.0670234;0.0670234
6459;0.209014;-0.931636;5.76936;1.06836;5.76936;0.00134047;6.70234;0.0670234;0.0670234
6460;0.209014;-0.931636;5.76936;1.06836;5.76936;0.00134047;6.70234;0.0670234;0.0670234
6461;0.209014;-0.931636;5.76936;1.06836;5.76936;0.00134047;6.70234;0.0670234;0.0670234
6462;0.209014;-0.931636;5.76936;1.06836;5.76936;0.00134047;6.70234;0.0670234;0.0670234
6463;0.209014;-0.931636;5.76936;1.06836;5.76936;0.00134047;6.70234;0.0670234;0.0670234
6464;0.209014;-0.931636;5.76936;1.06836;5.76936;0.00134047;6.70234;0.0670234;0.0670234
6465;0.209014;-0.931636;5.76936;1.06836;5.76936;0.00134047;6.70234;0.0670234;0.0670234
6466;0.209014;-0.931636;5.76936;1.06836;5.76936;0.00134047;6.70234;0.0670234;0.0670234
6467;0.209014;-0.931636;5.76936;1.06836;5.76936;0.00134047;6.70234;0.0670234;0.0670234
6468;0.209014;-0.931636;5.76936;1.06836;5.76936;0.00134047;6.70234;0.0670234;0.0670234
6469;0.209014;-0.931636;5.76936;1.06836;5.76936;0.00134047;6.70234;0.0670234;0.0670234
6470;0.209014;-0.931636;5.76936;1.06836;5.76936;0.00134047;6.70234;0.0670234;0.0670234
6471;0.209014;-0.931636;5.76936;1.06836;5.76936;0.00134047;6.70234;0.0670234;0.0670234
6472;0.209014;-0.931636;5.76936;1.06836;5.76936;0.00134047;6.70234;0.0670234;0.0670234
6473;0.209014;-0.931636;5.76936;1.06836;5.76936;0.00134047;6.70234;0.0670234;0.0670234
6474;0.209014;-0.931636;5.76936;1.06836;5.76936;0.00134047;6.70234;0.0670234;0.0670234
6475;0.209014;-0.931636;5.76936;1.06836;5.76936;0.00134047;6.70234;0.0670234;0.0670234
6476;0.209014;-0.931636;5.76936;1.06836;5.76936;0.00134047;6.70234;0.0670234;0.0670234
6477;0.209014;-0.931636;5.76936;1.06836;5.76936;0.00134047;6.70234;0.0670234;0.0670234
6478;0.209014;-0.931636;5.76936;1.06836;5.76936;0.00134047;6.70234;0.0670234;0.0670234
6479;0.209014;-0.931636;5.76936;1.06836;5.76936;0.00134047;6.70234;0.0670234;0.0670234
6480;0.209014;-0.931636;5.76936;1.06836;5.76936;0.00134047;6.70234;0.0670234;0.0670234
6481;0.209014;-0.931636;5.76936;1.06836;5.76936;0.00134047;6.70234;0.0670234;0.0670234
6482;0.209014;-0.931636;5.76936;1.06836;5.76936;0.00134047;6.70234;0.0670234;0.0670234
6483;0.209014;-0.931636;5.76936;1.06836;5.76936;0.00134047;6.70234;0.0670234;0.0670234
6484;0.209014;-0.931636;5.76936;1.06836;5.76936;0.00134047;6.70234;0.0670234;0.0670234
6485;0.209014;-0.931636;5.76936;1.06836;5.76936;0.00134047;6.70234;0.0670234;0.0670234
6486;0.209014;-0.931636;5.76936;1.06836;5.76936;0.00134047;6.70234;0.0670234;0.0670234
6487;0.209014;-0.931636;5.76936;1.06836;5.76936;0.00134047;6.70234;0.0670234;0.0670234
6488;0.209014;-0.931636;5.76936;1.06836;5.76936;0.00134047;6.70234;0.0670234;0.0670234
6489;0.209014;-0.931636;5.76936;1.06836;5.76936;0.00134047;6.70234;0.0670234;0.0670234
6490;0.209014;-0.931636;5.76936;1.06836;5.76936;0.00134047;6.70234;0.0670234;0.0670234
6491;0.209014;-0.931636;5.76936;1.06836;5.76936;0.00134047;6.70234;0.0670234;0.0670234
6492;0.209014;-0.931636;5.76936;1.06836;5.76936;0.00134047;6.70234;0.0670234;0.0670234
6493;0.209014;-0.931636;5.76936;1.06836;5.76936;0.00134047;6.70234;0.0670234;0.0670234
6494;0.209014;-0.931636;5.76936;1.06836;5.76936;0.00134047;6.70234;0.0670234;0.0670234
6495;0.209014;-0.931636;5.76936;1.06836;5.76936;0.00134047;6.70234;0.0670234;0.0670234
6496;0.209014;-0.931636;5.76936;1.06836;5.76936;0.00134047;6.70234;0.0670234;0.0670234
6497;0.209014;-0.931636;5.76936;1.06836;5.76936;0.00134047;6.70234;0.0670234;0.0670234
6498;0.209014;-0.931636;5.76936;1.06836;5.76936;0.00134047;6.70234;0.0670234;0.0670234
6499;0.209014;-0.931636;5.76936;1.06836;5.76936;0.00134047;6.70234;0.0670234;0.0670234
6500;0.209014;-0.931636;5.76936;1.06836;5.76936;0.00134047;6.70234;0.0670234;0.0670234
6501;0.209014;-0.931636;5.76936;1.06836;5.76936;0.00134047;6.70234;0.0670234;0.0670234
6502;0.209014;-0.931636;5.76936;1.06836;5.76936;0.00134047;6.70234;0.0670234;0.0670234
6503;0.209014;-0.931636;5.76936;1.06836;5.76936;0.00134047;6.70234;0.0670234;0.0670234
6504;0.209014;-0.931636;5.76936;1.06836;5.76936;0.00134047;6.70234;0.0670234;0.0670234
6505;0.209014;-0.931636;5.76936;1.06836;5.76936;0.00134047;6.70234;0.0670234;0.0670234
6506;0.209014;-0.931636;5.76936;1.06836;5.76936;0.00134047;6.70234;0.0670234;0.0670234
6507;0.209014;-0.931636;5.76936;1.06836;5.76936;0.00134047;6.70234;0.0670234;0.0670234
6508;0.209014;-0.931636;5.76936;1.06836;5.76936;0.00134047;6.70234;0.0670234;0.0670234
6509;0.209014;-0.931636;5.76936;1.06836;5.76936;0.00134047;6.70234;0.0670234;0.0670234
6510;0.209014;-0.931636;5.76936;1.06836;5.76936;0.00134047;6.70234;0.0670234;0.0670234
6511;0.209014;-0.931636;5.76936;1.06836;5.76936;0.00134047;6.70234;0.0670234;0.0670234
6512;0.209014;-0.931636;5.76936;1.06836;5.76936;0.00134047;6.70234;0.0670234;0.0670234
6513;0.209014;-0.931636;5.76936;1.06836;5.76936;0.00134047;6.70234;0.0670234;0.0670234
6514;0.209014;-0.931636;5.76936;1.06836;5.76936;0.00134047;6.70234;0.0670234;0.0670234
6515;0.209014;-0.931636;5.76936;1.06836;5.76936;0.00134047;6.70234;0.0670234;0.0670234
6516;0.209014;-0.931636;5.76936;1.06836;5.76936;0.00134047;6.70234;0.0670234;0.0670234
6517;0.209014;-0.931636;5.76936;1.06836;5.76936;0.00134047;6.70234;0.0670234;0.0670234
6518;0.209014;-0.931636;5.76936;1.06836;5.76936;0.00134047;6.70234;0.0670234;0.0670234
6519;0.209014;-0.931636;5.76936;1.06836;5.76936;0.00134047;6.70234;0.0670234;0.0670234
6520;0.209014;-0.931636;5.76936;1.06836;5.76936;0.00134047;6.70234;0.0670234;0.0670234
6521;0.209014;-0.931636;5.76936;1.06836;5.76936;0.00134047;6.70234;0.0670234;0.0670234
6522;0.209014;-0.931636;5.76936;1.06836;5.76936;0.00134047;6.70234;0.0670234;0.0670234
6523;0.209014;-0.931636;5.76936;1.06836;5.76936;0.00134047;6.70234;0.0670234;0.0670234
6524;0.209014;-0.931636;5.76936;1.06836;5.76936;0.00134047;6.70234;0.0670234;0.0670234
6525;0.209014;-0.931636;5.76936;1.06836;5.76936;0.00134047;6.70234;0.0670234;0.0670234
6526;0.209014;-0.931636;5.76936;1.06836;5.76936;0.00134047;6.70234;0.0670234;0.0670234
6527;0.209014;-0.931636;5.76936;1.06836;5.76936;0.00134047;6.70234;0.0670234;0.0670234
6528;0.209014;-0.931636;5.76936;1.06836;5.76936;0.00134047;6.70234;0.0670234;0.0670234
6529;0.209014;-0.931636;5.76936;1.06836;5.76936;0.00134047;6.70234;0.0670234;0.0670234
6530;0.209014;-0.931636;5.76936;1.06836;5.76936;0.00134047;6.70234;0.0670234;0.0670234
6531;0.209014;-0.931636;5.76936;1.06836;5.76936;0.00134047;6.70234;0.0670234;0.0670234
6532;0.209014;-0.931636;5.76936;1.06836;5.76936;0.00134047;6.70234;0.0670234;0.0670234
6533;0.209014;-0.931636;5.76936;1.06836;5.76936;0.00134047;6.70234;0.0670234;0.0670234
6534;0.209014;-0.931636;5.76936;1.06836;5.76936;0.00134047;6.70234;0.0670234;0.0670234
6535;0.209014;-0.931636;5.76936;1.06836;5.76936;0.00134047;6.70234;0.0670234;0.0670234
6536;0.209014;-0.931636;5.76936;1.06836;5.76936;0.00134047;6.70234;0.0670234;0.0670234
6537;0.209014;-0.931636;5.76936;1.06836;5.76936;0.00134047;6.70234;0.0670234;0.0670234
6538;0.209014;-0.931636;5.76936;1.06836;5.76936;0.00134047;6.70234;0.0670234;0.0670234
6539;0.209014;-0.931636;5.76936;1.06836;5.76936;0.00134047;6.70234;0.0670234;0.0670234
6540;0.209014;-0.931636;5.76936;1.06836;5.76936;0.00134047;6.70234;0.0670234;0.0670234
6541;0.209014;-0.931636;5.76936;1.06836;5.76936;0.00134047;6.70234;0.0670234;0.0670234
6542;0.209014;-0.931636;5.76936;1.06836;5.76936;0.00134047;6.70234;0.0670234;0.0670234
6543;0.209014;-0.931636;5.76936;1.06836;5.76936;0.00134047;6.70234;0.0670234;0.0670234
6544;0.209014;-0.931636;5.76936;1.06836;5.76936;0.00134047;6.70234;0.0670234;0.0670234
6545;0.209014;-0.931636;5.76936;1.06836;5.76936;0.00134047;6.70234;0.0670234;0.0670234
6546;0.209014;-0.931636;5.76936;1.06836;5.76936;0.00134047;6.70234;0.0670234;0.0670234
6547;0.209014;-0.931636;5.76936;1.06836;5.76936;0.00134047;6.70234;0.0670234;0.0670234
6548;0.209014;-0.931636;5.76936;1.06836;5.76936;0.00134047;6.70234;0.0670234;0.0670234
6549;0.209014;-0.931636;5.76936;1.06836;5.76936;0.00134047;6.70234;0.0670234;0.0670234
6550;0.209014;-0.931636;5.76936;1.06836;5.76936;0.00134047;6.70234;0.0670234;0.0670234
6551;0.209014;-0.931636;5.76936;1.06836;5.76936;0.00134047;6.70234;0.0670234;0.0670234
6552;0.209014;-0.931636;5.76936;1.06836;5.76936;0.00134047;6.70234;0.0670234;0.0670234
6553;0.209014;-0.931636;5.76936;1.06836;5.76936;0.00134047;6.70234;0.0670234;0.0670234
6554;0.209014;-0.931636;5.76936;1.06836;5.76936;0.00134047;6.70234;0.0670234;0.0670234
6555;0.209014;-0.931636;5.76936;1.06836;5.76936;0.00134047;6.70234;0.0670234;0.0670234
6556;0.209014;-0.931636;5.76936;1.06836;5.76936;0.00134047;6.70234;0.0670234;0.0670234
6557;0.209014;-0.931636;5.76936;1.06836;5.76936;0.00134047;6.70234;0.0670234;0.0670234
6558;0.209014;-0.931636;5.76936;1.06836;5.76936;0.00134047;6.70234;0.0670234;0.0670234
6559;0.209014;-0.931636;5.76936;1.06836;5.76936;0.00134047;6.70234;0.0670234;0.0670234
6560;0.209014;-0.931636;5.76936;1.06836;5.76936;0.00134047;6.70234;0.0670234;0.0670234
6561;0.209014;-0.931636;5.76936;1.06836;5.76936;0.00134047;6.70234;0.0670234;0.0670234
6562;0.209014;-0.931636;5.76936;1.06836;5.76936;0.00134047;6.70234;0.0670234;0.0670234
6563;0.209014;-0.931636;5.76936;1.06836;5.76936;0.00134047;6.70234;0.0670234;0.0670234
6564;0.209014;-0.931636;5.76936;1.06836;5.76936;0.00134047;6.70234;0.0670234;0.0670234
6565;0.209014;-0.931636;5.76936;1.06836;5.76936;0.00134047;6.70234;0.0670234;0.0670234
6566;0.209014;-0.931636;5.76936;1.06836;5.76936;0.00134047;6.70234;0.0670234;0.0670234
6567;0.209014;-0.931636;5.76936;1.06836;5.76936;0.00134047;6.70234;0.0670234;0.0670234
6568;0.209014;-0.931636;5.76936;1.06836;5.76936;0.00134047;6.70234;0.0670234;0.0670234
6569;0.209014;-0.931636;5.76936;1.06836;5.76936;0.00134047;6.70234;0.0670234;0.0670234
6570;0.209014;-0.931636;5.76936;1.06836;5.76936;0.00134047;6.70234;0.0670234;0.0670234
6571;0.209014;-0.931636;5.76936;1.06836;5.76936;0.00134047;6.70234;0.0670234;0.0670234
6572;0.209014;-0.931636;5.76936;1.06836;5.76936;0.00134047;6.70234;0.0670234;0.0670234
6573;0.209014;-0.931636;5.76936;1.06836;5.76936;0.00134047;6.70234;0.0670234;0.0670234
6574;0.209014;-0.931636;5.76936;1.06836;5.76936;0.00134047;6.70234;0.0670234;0.0670234
6575;0.209014;-0.931636;5.76936;1.06836;5.76936;0.00134047;6.70234;0.0670234;0.0670234
6576;0.209014;-0.931636;5.76936;1.06836;5.76936;0.00134047;6.70234;0.0670234;0.0670234
6577;0.209014;-0.931636;5.76936;1.06836;5.76936;0.00134047;6.70234;0.0670234;0.0670234
6578;0.209014;-0.931636;5.76936;1.06836;5.76936;0.00134047;6.70234;0.0670234;0.0670234
6579;0.209014;-0.931636;5.76936;1.06836;5.76936;0.00134047;6.70234;0.0670234;0.0670234
6580;0.209014;-0.931636;5.76936;1.06836;5.76936;0.00134047;6.70234;0.0670234;0.0670234
6581;0.209014;-0.931636;5.76936;1.06836;5.76936;0.00134047;6.70234;0.0670234;0.0670234
6582;0.209014;-0.931636;5.76936;1.06836;5.76936;0.00134047;6.70234;0.0670234;0.0670234
6583;0.209014;-0.931636;5.76936;1.06836;5.76936;0.00134047;6.70234;0.0670234;0.0670234
6584;0.209014;-0.931636;5.76936;1.06836;5.76936;0.00134047;6.70234;0.0670234;0.0670234
6585;0.209014;-0.931636;5.76936;1.06836;5.76936;0.00134047;6.70234;0.0670234;0.0670234
6586;0.209014;-0.931636;5.76936;1.06836;5.76936;0.00134047;6.70234;0.0670234;0.0670234
6587;0.209014;-0.931636;5.76936;1.06836;5.76936;0.00134047;6.70234;0.0670234;0.0670234
6588;0.209014;-0.931636;5.76936;1.06836;5.76936;0.00134047;6.70234;0.0670234;0.0670234
6589;0.209014;-0.931636;5.76936;1.06836;5.76936;0.00134047;6.70234;0.0670234;0.0670234
6590;0.209014;-0.931636;5.76936;1.06836;5.76936;0.00134047;6.70234;0.0670234;0.0670234
6591;0.209014;-0.931636;5.76936;1.06836;5.76936;0.00134047;6.70234;0.0670234;0.0670234
6592;0.209014;-0.931636;5.76936;1.06836;5.76936;0.00134047;6.70234;0.0670234;0.0670234
6593;0.209014;-0.931636;5.76936;1.06836;5.76936;0.00134047;6.70234;0.0670234;0.0670234
6594;0.209014;-0.931636;5.76936;1.06836;5.76936;0.00134047;6.70234;0.0670234;0.0670234
6595;0.209014;-0.931636;5.76936;1.06836;5.76936;0.00134047;6.70234;0.0670234;0.0670234
6596;0.209014;-0.931636;5.76936;1.06836;5.76936;0.00134047;6.70234;0.0670234;0.0670234
6597;0.209014;-0.931636;5.76936;1.06836;5.76936;0.00134047;6.70234;0.0670234;0.0670234
6598;0.209014;-0.931636;5.76936;1.06836;5.76936;0.00134047;6.70234;0.0670234;0.0670234
6599;0.209014;-0.931636;5.76936;1.06836;5.76936;0.00134047;6.70234;0.0670234;0.0670234
6600;0.209014;-0.931636;5.76936;1.06836;5.76936;0.00134047;6.70234;0.0670234;0.0670234
6601;0.209014;-0.931636;5.76936;1.06836;5.76936;0.00134047;6.70234;0.0670234;0.0670234
6602;0.209014;-0.931636;5.76936;1.06836;5.76936;0.00134047;6.70234;0.0670234;0.0670234
6603;0.209014;-0.931636;5.76936;1.06836;5.76936;0.00134047;6.70234;0.0670234;0.0670234
6604;0.209014;-0.931636;5.76936;1.06836;5.76936;0.00134047;6.70234;0.0670234;0.0670234
6605;0.209014;-0.931636;5.76936;1.06836;5.76936;0.00134047;6.70234;0.0670234;0.0670234
6606;0.209014;-0.931636;5.76936;1.06836;5.76936;0.00134047;6.70234;0.0670234;0.0670234
6607;0.209014;-0.931636;5.76936;1.06836;5.76936;0.00134047;6.70234;0.0670234;0.0670234
6608;0.209014;-0.931636;5.76936;1.06836;5.76936;0.00134047;6.70234;0.0670234;0.0670234
6609;0.209014;-0.931636;5.76936;1.06836;5.76936;0.00134047;6.70234;0.0670234;0.0670234
6610;0.209014;-0.931636;5.76936;1.06836;5.76936;0.00134047;6.70234;0.0670234;0.0670234
6611;0.209014;-0.931636;5.76936;1.06836;5.76936;0.00134047;6.70234;0.0670234;0.0670234
6612;0.209014;-0.931636;5.76936;1.06836;5.76936;0.00134047;6.70234;0.0670234;0.0670234
6613;0.209014;-0.931636;5.76936;1.06836;5.76936;0.00134047;6.70234;0.0670234;0.0670234
6614;0.209014;-0.931636;5.76936;1.06836;5.76936;0.00134047;6.70234;0.0670234;0.0670234
6615;0.209014;-0.931636;5.76936;1.06836;5.76936;0.00134047;6.70234;0.0670234;0.0670234
6616;0.209014;-0.931636;5.76936;1.06836;5.76936;0.00134047;6.70234;0.0670234;0.0670234
6617;0.209014;-0.931636;5.76936;1.06836;5.76936;0.00134047;6.70234;0.0670234;0.0670234
6618;0.209014;-0.931636;5.76936;1.06836;5.76936;0.00134047;6.70234;0.0670234;0.0670234
6619;0.209014;-0.931636;5.76936;1.06836;5.76936;0.00134047;6.70234;0.0670234;0.0670234
6620;0.209014;-0.931636;5.76936;1.06836;5.76936;0.00134047;6.70234;0.0670234;0.0670234
6621;0.209014;-0.931636;5.76936;1.06836;5.76936;0.00134047;6.70234;0.0670234;0.0670234
6622;0.209014;-0.931636;5.76936;1.06836;5.76936;0.00134047;6.70234;0.0670234;0.0670234
6623;0.209014;-0.931636;5.76936;1.06836;5.76936;0.00134047;6.70234;0.0670234;0.0670234
6624;0.209014;-0.931636;5.76936;1.06836;5.76936;0.00134047;6.70234;0.0670234;0.0670234
6625;0.209014;-0.931636;5.76936;1.06836;5.76936;0.00134047;6.70234;0.0670234;0.0670234
6626;0.209014;-0.931636;5.76936;1.06836;5.76936;0.00134047;6.70234;0.0670234;0.0670234
6627;0.209014;-0.931636;5.76936;1.06836;5.76936;0.00134047;6.70234;0.0670234;0.0670234
6628;0.209014;-0.931636;5.76936;1.06836;5.76936;0.00134047;6.70234;0.0670234;0.0670234
6629;0.209014;-0.931636;5.76936;1.06836;5.76936;0.00134047;6.70234;0.0670234;0.0670234
6630;0.209014;-0.931636;5.76936;1.06836;5.76936;0.00134047;6.70234;0.0670234;0.0670234
6631;0.209014;-0.931636;5.76936;1.06836;5.76936;0.00134047;6.70234;0.0670234;0.0670234
6632;0.209014;-0.931636;5.76936;1.06836;5.76936;0.00134047;6.70234;0.0670234;0.0670234
6633;0.209014;-0.931636;5.76936;1.06836;5.76936;0.00134047;6.70234;0.0670234;0.0670234
6634;0.209014;-0.931636;5.76936;1.06836;5.76936;0.00134047;6.70234;0.0670234;0.0670234
6635;0.209014;-0.931636;5.76936;1.06836;5.76936;0.00134047;6.70234;0.0670234;0.0670234
6636;0.209014;-0.931636;5.76936;1.06836;5.76936;0.00134047;6.70234;0.0670234;0.0670234
6637;0.209014;-0.931636;5.76936;1.06836;5.76936;0.00134047;6.70234;0.0670234;0.0670234
6638;0.209014;-0.931636;5.76936;1.06836;5.76936;0.00134047;6.70234;0.0670234;0.0670234
6639;0.209014;-0.931636;5.76936;1.06836;5.76936;0.00134047;6.70234;0.0670234;0.0670234
6640;0.209014;-0.931636;5.76936;1.06836;5.76936;0.00134047;6.70234;0.0670234;0.0670234
6641;0.209014;-0.931636;5.76936;1.06836;5.76936;0.00134047;6.70234;0.0670234;0.0670234
6642;0.209014;-0.931636;5.76936;1.06836;5.76936;0.00134047;6.70234;0.0670234;0.0670234
6643;0.209014;-0.931636;5.76936;1.06836;5.76936;0.00134047;6.70234;0.0670234;0.0670234
6644;0.209014;-0.931636;5.76936;1.06836;5.76936;0.00134047;6.70234;0.0670234;0.0670234
6645;0.209014;-0.931636;5.76936;1.06836;5.76936;0.00134047;6.70234;0.0670234;0.0670234
6646;0.209014;-0.931636;5.76936;1.06836;5.76936;0.00134047;6.70234;0.0670234;0.0670234
6647;0.209014;-0.931636;5.76936;1.06836;5.76936;0.00134047;6.70234;0.0670234;0.0670234
6648;0.209014;-0.931636;5.76936;1.06836;5.76936;0.00134047;6.70234;0.0670234;0.0670234
6649;0.209014;-0.931636;5.76936;1.06836;5.76936;0.00134047;6.70234;0.0670234;0.0670234
6650;0.209014;-0.931636;5.76936;1.06836;5.76936;0.00134047;6.70234;0.0670234;0.0670234
6651;0.209014;-0.931636;5.76936;1.06836;5.76936;0.00134047;6.70234;0.0670234;0.0670234
6652;0.209014;-0.931636;5.76936;1.06836;5.76936;0.00134047;6.70234;0.0670234;0.0670234
6653;0.209014;-0.931636;5.76936;1.06836;5.76936;0.00134047;6.70234;0.0670234;0.0670234
6654;0.209014;-0.931636;5.76936;1.06836;5.76936;0.00134047;6.70234;0.0670234;0.0670234
6655;0.209014;-0.931636;5.76936;1.06836;5.76936;0.00134047;6.70234;0.0670234;0.0670234
6656;0.209014;-0.931636;5.76936;1.06836;5.76936;0.00134047;6.70234;0.0670234;0.0670234
6657;0.209014;-0.931636;5.76936;1.06836;5.76936;0.00134047;6.70234;0.0670234;0.0670234
6658;0.209014;-0.931636;5.76936;1.06836;5.76936;0.00134047;6.70234;0.0670234;0.0670234
6659;0.209014;-0.931636;5.76936;1.06836;5.76936;0.00134047;6.70234;0.0670234;0.0670234
6660;0.209014;-0.931636;5.76936;1.06836;5.76936;0.00134047;6.70234;0.0670234;0.0670234
6661;0.209014;-0.931636;5.76936;1.06836;5.76936;0.00134047;6.70234;0.0670234;0.0670234
6662;0.209014;-0.931636;5.76936;1.06836;5.76936;0.00134047;6.70234;0.0670234;0.0670234
6663;0.209014;-0.931636;5.76936;1.06836;5.76936;0.00134047;6.70234;0.0670234;0.0670234
6664;0.209014;-0.931636;5.76936;1.06836;5.76936;0.00134047;6.70234;0.0670234;0.0670234
6665;0.209014;-0.931636;5.76936;1.06836;5.76936;0.00134047;6.70234;0.0670234;0.0670234
6666;0.209014;-0.931636;5.76936;1.06836;5.76936;0.00134047;6.70234;0.0670234;0.0670234
6667;0.209014;-0.931636;5.76936;1.06836;5.76936;0.00134047;6.70234;0.0670234;0.0670234
6668;0.209014;-0.931636;5.76936;1.06836;5.76936;0.00134047;6.70234;0.0670234;0.0670234
6669;0.209014;-0.931636;5.76936;1.06836;5.76936;0.00134047;6.70234;0.0670234;0.0670234
6670;0.209014;-0.931636;5.76936;1.06836;5.76936;0.00134047;6.70234;0.0670234;0.0670234
6671;0.209014;-0.931636;5.76936;1.06836;5.76936;0.00134047;6.70234;0.0670234;0.0670234
6672;0.209014;-0.931636;5.76936;1.06836;5.76936;0.00134047;6.70234;0.0670234;0.0670234
6673;0.209014;-0.931636;5.76936;1.06836;5.76936;0.00134047;6.70234;0.0670234;0.0670234
6674;0.209014;-0.931636;5.76936;1.06836;5.76936;0.00134047;6.70234;0.0670234;0.0670234
6675;0.209014;-0.931636;5.76936;1.06836;5.76936;0.00134047;6.70234;0.0670234;0.0670234
6676;0.209014;-0.931636;5.76936;1.06836;5.76936;0.00134047;6.70234;0.0670234;0.0670234
6677;0.209014;-0.931636;5.76936;1.06836;5.76936;0.00134047;6.70234;0.0670234;0.0670234
6678;0.209014;-0.931636;5.76936;1.06836;5.76936;0.00134047;6.70234;0.0670234;0.0670234
6679;0.209014;-0.931636;5.76936;1.06836;5.76936;0.00134047;6.70234;0.0670234;0.0670234
6680;0.209014;-0.931636;5.76936;1.06836;5.76936;0.00134047;6.70234;0.0670234;0.0670234
6681;0.209014;-0.931636;5.76936;1.06836;5.76936;0.00134047;6.70234;0.0670234;0.0670234
6682;0.209014;-0.931636;5.76936;1.06836;5.76936;0.00134047;6.70234;0.0670234;0.0670234
6683;0.209014;-0.931636;5.76936;1.06836;5.76936;0.00134047;6.70234;0.0670234;0.0670234
6684;0.209014;-0.931636;5.76936;1.06836;5.76936;0.00134047;6.70234;0.0670234;0.0670234
6685;0.209014;-0.931636;5.76936;1.06836;5.76936;0.00134047;6.70234;0.0670234;0.0670234
6686;0.209014;-0.931636;5.76936;1.06836;5.76936;0.00134047;6.70234;0.0670234;0.0670234
6687;0.209014;-0.931636;5.76936;1.06836;5.76936;0.00134047;6.70234;0.0670234;0.0670234
6688;0.209014;-0.931636;5.76936;1.06836;5.76936;0.00134047;6.70234;0.0670234;0.0670234
6689;0.209014;-0.931636;5.76936;1.06836;5.76936;0.00134047;6.70234;0.0670234;0.0670234
6690;0.209014;-0.931636;5.76936;1.06836;5.76936;0.00134047;6.70234;0.0670234;0.0670234
6691;0.209014;-0.931636;5.76936;1.06836;5.76936;0.00134047;6.70234;0.0670234;0.0670234
6692;0.209014;-0.931636;5.76936;1.06836;5.76936;0.00134047;6.70234;0.0670234;0.0670234
6693;0.209014;-0.931636;5.76936;1.06836;5.76936;0.00134047;6.70234;0.0670234;0.0670234
6694;0.209014;-0.931636;5.76936;1.06836;5.76936;0.00134047;6.70234;0.0670234;0.0670234
6695;0.209014;-0.931636;5.76936;1.06836;5.76936;0.00134047;6.70234;0.0670234;0.0670234
6696;0.209014;-0.931636;5.76936;1.06836;5.76936;0.00134047;6.70234;0.0670234;0.0670234
6697;0.209014;-0.931636;5.76936;1.06836;5.76936;0.00134047;6.70234;0.0670234;0.0670234
6698;0.209014;-0.931636;5.76936;1.06836;5.76936;0.00134047;6.70234;0.0670234;0.0670234
6699;0.209014;-0.931636;5.76936;1.06836;5.76936;0.00134047;6.70234;0.0670234;0.0670234
6700;0.209014;-0.931636;5.76936;1.06836;5.76936;0.00134047;6.70234;0.0670234;0.0670234
6701;0.209014;-0.931636;5.76936;1.06836;5.76936;0.00134047;6.70234;0.0670234;0.0670234
6702;0.209014;-0.931636;5.76936;1.06836;5.76936;0.00134047;6.70234;0.0670234;0.0670234
6703;0.209014;-0.931636;5.76936;1.06836;5.76936;0.00134047;6.70234;0.0670234;0.0670234
6704;0.209014;-0.931636;5.76936;1.06836;5.76936;0.00134047;6.70234;0.0670234;0.0670234
6705;0.209014;-0.931636;5.76936;1.06836;5.76936;0.00134047;6.70234;0.0670234;0.0670234
6706;0.209014;-0.931636;5.76936;1.06836;5.76936;0.00134047;6.70234;0.0670234;0.0670234
6707;0.209014;-0.931636;5.76936;1.06836;5.76936;0.00134047;6.70234;0.0670234;0.0670234
6708;0.209014;-0.931636;5.76936;1.06836;5.76936;0.00134047;6.70234;0.0670234;0.0670234
6709;0.209014;-0.931636;5.76936;1.06836;5.76936;0.00134047;6.70234;0.0670234;0.0670234
6710;0.209014;-0.931636;5.76936;1.06836;5.76936;0.00134047;6.70234;0.0670234;0.0670234
6711;0.209014;-0.931636;5.76936;1.06836;5.76936;0.00134047;6.70234;0.0670234;0.0670234
6712;0.209014;-0.931636;5.76936;1.06836;5.76936;0.00134047;6.70234;0.0670234;0.0670234
6713;0.209014;-0.931636;5.76936;1.06836;5.76936;0.00134047;6.70234;0.0670234;0.0670234
6714;0.209014;-0.931636;5.76936;1.06836;5.76936;0.00134047;6.70234;0.0670234;0.0670234
6715;0.209014;-0.931636;5.76936;1.06836;5.76936;0.00134047;6.70234;0.0670234;0.0670234
6716;0.209014;-0.931636;5.76936;1.06836;5.76936;0.00134047;6.70234;0.0670234;0.0670234
6717;0.209014;-0.931636;5.76936;1.06836;5.76936;0.00134047;6.70234;0.0670234;0.0670234
6718;0.209014;-0.931636;5.76936;1.06836;5.76936;0.00134047;6.70234;0.0670234;0.0670234
6719;0.209014;-0.931636;5.76936;1.06836;5.76936;0.00134047;6.70234;0.0670234;0.0670234
6720;0.209014;-0.931636;5.76936;1.06836;5.76936;0.00134047;6.70234;0.0670234;0.0670234
6721;0.209014;-0.931636;5.76936;1.06836;5.76936;0.00134047;6.70234;0.0670234;0.0670234
6722;0.209014;-0.931636;5.76936;1.06836;5.76936;0.00134047;6.70234;0.0670234;0.0670234
6723;0.209014;-0.931636;5.76936;1.06836;5.76936;0.00134047;6.70234;0.0670234;0.0670234
6724;0.209014;-0.931636;5.76936;1.06836;5.76936;0.00134047;6.70234;0.0670234;0.0670234
6725;0.209014;-0.931636;5.76936;1.06836;5.76936;0.00134047;6.70234;0.0670234;0.0670234
6726;0.209014;-0.931636;5.76936;1.06836;5.76936;0.00134047;6.70234;0.0670234;0.0670234
6727;0.209014;-0.931636;5.76936;1.06836;5.76936;0.00134047;6.70234;0.0670234;0.0670234
6728;0.209014;-0.931636;5.76936;1.06836;5.76936;0.00134047;6.70234;0.0670234;0.0670234
6729;0.209014;-0.931636;5.76936;1.06836;5.76936;0.00134047;6.70234;0.0670234;0.0670234
6730;0.209014;-0.931636;5.76936;1.06836;5.76936;0.00134047;6.70234;0.0670234;0.0670234
6731;0.209014;-0.931636;5.76936;1.06836;5.76936;0.00134047;6.70234;0.0670234;0.0670234
6732;0.209014;-0.931636;5.76936;1.06836;5.76936;0.00134047;6.70234;0.0670234;0.0670234
6733;0.209014;-0.931636;5.76936;1.06836;5.76936;0.00134047;6.70234;0.0670234;0.0670234
6734;0.209014;-0.931636;5.76936;1.06836;5.76936;0.00134047;6.70234;0.0670234;0.0670234
6735;0.209014;-0.931636;5.76936;1.06836;5.76936;0.00134047;6.70234;0.0670234;0.0670234
6736;0.209014;-0.931636;5.76936;1.06836;5.76936;0.00134047;6.70234;0.0670234;0.0670234
6737;0.209014;-0.931636;5.76936;1.06836;5.76936;0.00134047;6.70234;0.0670234;0.0670234
6738;0.209014;-0.931636;5.76936;1.06836;5.76936;0.00134047;6.70234;0.0670234;0.0670234
6739;0.209014;-0.931636;5.76936;1.06836;5.76936;0.00134047;6.70234;0.0670234;0.0670234
6740;0.209014;-0.931636;5.76936;1.06836;5.76936;0.00134047;6.70234;0.0670234;0.0670234
6741;0.209014;-0.931636;5.76936;1.06836;5.76936;0.00134047;6.70234;0.0670234;0.0670234
6742;0.209014;-0.931636;5.76936;1.06836;5.76936;0.00134047;6.70234;0.0670234;0.0670234
6743;0.209014;-0.931636;5.76936;1.06836;5.76936;0.00134047;6.70234;0.0670234;0.0670234
6744;0.209014;-0.931636;5.76936;1.06836;5.76936;0.00134047;6.70234;0.0670234;0.0670234
6745;0.209014;-0.931636;5.76936;1.06836;5.76936;0.00134047;6.70234;0.0670234;0.0670234
6746;0.209014;-0.931636;5.76936;1.06836;5.76936;0.00134047;6.70234;0.0670234;0.0670234
6747;0.209014;-0.931636;5.76936;1.06836;5.76936;0.00134047;6.70234;0.0670234;0.0670234
6748;0.209014;-0.931636;5.76936;1.06836;5.76936;0.00134047;6.70234;0.0670234;0.0670234
6749;0.209014;-0.931636;5.76936;1.06836;5.76936;0.00134047;6.70234;0.0670234;0.0670234
6750;0.209014;-0.931636;5.76936;1.06836;5.76936;0.00134047;6.70234;0.0670234;0.0670234
6751;0.209014;-0.931636;5.76936;1.06836;5.76936;0.00134047;6.70234;0.0670234;0.0670234
6752;0.209014;-0.931636;5.76936;1.06836;5.76936;0.00134047;6.70234;0.0670234;0.0670234
6753;0.209014;-0.931636;5.76936;1.06836;5.76936;0.00134047;6.70234;0.0670234;0.0670234
6754;0.209014;-0.931636;5.76936;1.06836;5.76936;0.00134047;6.70234;0.0670234;0.0670234
6755;0.209014;-0.931636;5.76936;1.06836;5.76936;0.00134047;6.70234;0.0670234;0.0670234
6756;0.209014;-0.931636;5.76936;1.06836;5.76936;0.00134047;6.70234;0.0670234;0.0670234
6757;0.209014;-0.931636;5.76936;1.06836;5.76936;0.00134047;6.70234;0.0670234;0.0670234
6758;0.209014;-0.931636;5.76936;1.06836;5.76936;0.00134047;6.70234;0.0670234;0.0670234
6759;0.209014;-0.931636;5.76936;1.06836;5.76936;0.00134047;6.70234;0.0670234;0.0670234
6760;0.209014;-0.931636;5.76936;1.06836;5.76936;0.00134047;6.70234;0.0670234;0.0670234
6761;0.209014;-0.931636;5.76936;1.06836;5.76936;0.00134047;6.70234;0.0670234;0.0670234
6762;0.209014;-0.931636;5.76936;1.06836;5.76936;0.00134047;6.70234;0.0670234;0.0670234
6763;0.209014;-0.931636;5.76936;1.06836;5.76936;0.00134047;6.70234;0.0670234;0.0670234
6764;0.209014;-0.931636;5.76936;1.06836;5.76936;0.00134047;6.70234;0.0670234;0.0670234
6765;0.209014;-0.931636;5.76936;1.06836;5.76936;0.00134047;6.70234;0.0670234;0.0670234
6766;0.209014;-0.931636;5.76936;1.06836;5.76936;0.00134047;6.70234;0.0670234;0.0670234
6767;0.209014;-0.931636;5.76936;1.06836;5.76936;0.00134047;6.70234;0.0670234;0.0670234
6768;0.209014;-0.931636;5.76936;1.06836;5.76936;0.00134047;6.70234;0.0670234;0.0670234
6769;0.209014;-0.931636;5.76936;1.06836;5.76936;0.00134047;6.70234;0.0670234;0.0670234
6770;0.209014;-0.931636;5.76936;1.06836;5.76936;0.00134047;6.70234;0.0670234;0.0670234
6771;0.209014;-0.931636;5.76936;1.06836;5.76936;0.00134047;6.70234;0.0670234;0.0670234
6772;0.209014;-0.931636;5.76936;1.06836;5.76936;0.00134047;6.70234;0.0670234;0.0670234
6773;0.209014;-0.931636;5.76936;1.06836;5.76936;0.00134047;6.70234;0.0670234;0.0670234
6774;0.209014;-0.931636;5.76936;1.06836;5.76936;0.00134047;6.70234;0.0670234;0.0670234
6775;0.209014;-0.931636;5.76936;1.06836;5.76936;0.00134047;6.70234;0.0670234;0.0670234
6776;0.209014;-0.931636;5.76936;1.06836;5.76936;0.00134047;6.70234;0.0670234;0.0670234
6777;0.209014;-0.931636;5.76936;1.06836;5.76936;0.00134047;6.70234;0.0670234;0.0670234
6778;0.209014;-0.931636;5.76936;1.06836;5.76936;0.00134047;6.70234;0.0670234;0.0670234
6779;0.209014;-0.931636;5.76936;1.06836;5.76936;0.00134047;6.70234;0.0670234;0.0670234
6780;0.209014;-0.931636;5.76936;1.06836;5.76936;0.00134047;6.70234;0.0670234;0.0670234
6781;0.209014;-0.931636;5.76936;1.06836;5.76936;0.00134047;6.70234;0.0670234;0.0670234
6782;0.209014;-0.931636;5.76936;1.06836;5.76936;0.00134047;6.70234;0.0670234;0.0670234
6783;0.209014;-0.931636;5.76936;1.06836;5.76936;0.00134047;6.70234;0.0670234;0.0670234
6784;0.209014;-0.931636;5.76936;1.06836;5.76936;0.00134047;6.70234;0.0670234;0.0670234
6785;0.209014;-0.931636;5.76936;1.06836;5.76936;0.00134047;6.70234;0.0670234;0.0670234
6786;0.209014;-0.931636;5.76936;1.06836;5.76936;0.00134047;6.70234;0.0670234;0.0670234
6787;0.209014;-0.931636;5.76936;1.06836;5.76936;0.00134047;6.70234;0.0670234;0.0670234
6788;0.209014;-0.931636;5.76936;1.06836;5.76936;0.00134047;6.70234;0.0670234;0.0670234
6789;0.209014;-0.931636;5.76936;1.06836;5.76936;0.00134047;6.70234;0.0670234;0.0670234
6790;0.209014;-0.931636;5.76936;1.06836;5.76936;0.00134047;6.70234;0.0670234;0.0670234
6791;0.209014;-0.931636;5.76936;1.06836;5.76936;0.00134047;6.70234;0.0670234;0.0670234
6792;0.209014;-0.931636;5.76936;1.06836;5.76936;0.00134047;6.70234;0.0670234;0.0670234
6793;0.209014;-0.931636;5.76936;1.06836;5.76936;0.00134047;6.70234;0.0670234;0.0670234
6794;0.209014;-0.931636;5.76936;1.06836;5.76936;0.00134047;6.70234;0.0670234;0.0670234
6795;0.209014;-0.931636;5.76936;1.06836;5.76936;0.00134047;6.70234;0.0670234;0.0670234
6796;0.209014;-0.931636;5.76936;1.06836;5.76936;0.00134047;6.70234;0.0670234;0.0670234
6797;0.209014;-0.931636;5.76936;1.06836;5.76936;0.00134047;6.70234;0.0670234;0.0670234
6798;0.209014;-0.931636;5.76936;1.06836;5.76936;0.00134047;6.70234;0.0670234;0.0670234
6799;0.209014;-0.931636;5.76936;1.06836;5.76936;0.00134047;6.70234;0.0670234;0.0670234
6800;0.209014;-0.931636;5.76936;1.06836;5.76936;0.00134047;6.70234;0.0670234;0.0670234
6801;0.209014;-0.931636;5.76936;1.06836;5.76936;0.00134047;6.70234;0.0670234;0.0670234
6802;0.209014;-0.931636;5.76936;1.06836;5.76936;0.00134047;6.70234;0.0670234;0.0670234
6803;0.209014;-0.931636;5.76936;1.06836;5.76936;0.00134047;6.70234;0.0670234;0.0670234
6804;0.209014;-0.931636;5.76936;1.06836;5.76936;0.00134047;6.70234;0.0670234;0.0670234
6805;0.209014;-0.931636;5.76936;1.06836;5.76936;0.00134047;6.70234;0.0670234;0.0670234
6806;0.209014;-0.931636;5.76936;1.06836;5.76936;0.00134047;6.70234;0.0670234;0.0670234
6807;0.209014;-0.931636;5.76936;1.06836;5.76936;0.00134047;6.70234;0.0670234;0.0670234
6808;0.209014;-0.931636;5.76936;1.06836;5.76936;0.00134047;6.70234;0.0670234;0.0670234
6809;0.209014;-0.931636;5.76936;1.06836;5.76936;0.00134047;6.70234;0.0670234;0.0670234
6810;0.209014;-0.931636;5.76936;1.06836;5.76936;0.00134047;6.70234;0.0670234;0.0670234
6811;0.209014;-0.931636;5.76936;1.06836;5.76936;0.00134047;6.70234;0.0670234;0.0670234
6812;0.209014;-0.931636;5.76936;1.06836;5.76936;0.00134047;6.70234;0.0670234;0.0670234
6813;0.209014;-0.931636;5.76936;1.06836;5.76936;0.00134047;6.70234;0.0670234;0.0670234
6814;0.209014;-0.931636;5.76936;1.06836;5.76936;0.00134047;6.70234;0.0670234;0.0670234
6815;0.209014;-0.931636;5.76936;1.06836;5.76936;0.00134047;6.70234;0.0670234;0.0670234
6816;0.209014;-0.931636;5.76936;1.06836;5.76936;0.00134047;6.70234;0.0670234;0.0670234
6817;0.209014;-0.931636;5.76936;1.06836;5.76936;0.00134047;6.70234;0.0670234;0.0670234
6818;0.209014;-0.931636;5.76936;1.06836;5.76936;0.00134047;6.70234;0.0670234;0.0670234
6819;0.209014;-0.931636;5.76936;1.06836;5.76936;0.00134047;6.70234;0.0670234;0.0670234
6820;0.209014;-0.931636;5.76936;1.06836;5.76936;0.00134047;6.70234;0.0670234;0.0670234
6821;0.209014;-0.931636;5.76936;1.06836;5.76936;0.00134047;6.70234;0.0670234;0.0670234
6822;0.209014;-0.931636;5.76936;1.06836;5.76936;0.00134047;6.70234;0.0670234;0.0670234
6823;0.209014;-0.931636;5.76936;1.06836;5.76936;0.00134047;6.70234;0.0670234;0.0670234
6824;0.209014;-0.931636;5.76936;1.06836;5.76936;0.00134047;6.70234;0.0670234;0.0670234
6825;0.209014;-0.931636;5.76936;1.06836;5.76936;0.00134047;6.70234;0.0670234;0.0670234
6826;0.209014;-0.931636;5.76936;1.06836;5.76936;0.00134047;6.70234;0.0670234;0.0670234
6827;0.209014;-0.931636;5.76936;1.06836;5.76936;0.00134047;6.70234;0.0670234;0.0670234
6828;0.209014;-0.931636;5.76936;1.06836;5.76936;0.00134047;6.70234;0.0670234;0.0670234
6829;0.209014;-0.931636;5.76936;1.06836;5.76936;0.00134047;6.70234;0.0670234;0.0670234
6830;0.209014;-0.931636;5.76936;1.06836;5.76936;0.00134047;6.70234;0.0670234;0.0670234
6831;0.209014;-0.931636;5.76936;1.06836;5.76936;0.00134047;6.70234;0.0670234;0.0670234
6832;0.209014;-0.931636;5.76936;1.06836;5.76936;0.00134047;6.70234;0.0670234;0.0670234
6833;0.209014;-0.931636;5.76936;1.06836;5.76936;0.00134047;6.70234;0.0670234;0.0670234
6834;0.209014;-0.931636;5.76936;1.06836;5.76936;0.00134047;6.70234;0.0670234;0.0670234
6835;0.209014;-0.931636;5.76936;1.06836;5.76936;0.00134047;6.70234;0.0670234;0.0670234
6836;0.209014;-0.931636;5.76936;1.06836;5.76936;0.00134047;6.70234;0.0670234;0.0670234
6837;0.209014;-0.931636;5.76936;1.06836;5.76936;0.00134047;6.70234;0.0670234;0.0670234
6838;0.209014;-0.931636;5.76936;1.06836;5.76936;0.00134047;6.70234;0.0670234;0.0670234
6839;0.209014;-0.931636;5.76936;1.06836;5.76936;0.00134047;6.70234;0.0670234;0.0670234
6840;0.209014;-0.931636;5.76936;1.06836;5.76936;0.00134047;6.70234;0.0670234;0.0670234
6841;0.209014;-0.931636;5.76936;1.06836;5.76936;0.00134047;6.70234;0.0670234;0.0670234
6842;0.209014;-0.931636;5.76936;1.06836;5.76936;0.00134047;6.70234;0.0670234;0.0670234
6843;0.209014;-0.931636;5.76936;1.06836;5.76936;0.00134047;6.70234;0.0670234;0.0670234
6844;0.209014;-0.931636;5.76936;1.06836;5.76936;0.00134047;6.70234;0.0670234;0.0670234
6845;0.209014;-0.931636;5.76936;1.06836;5.76936;0.00134047;6.70234;0.0670234;0.0670234
6846;0.209014;-0.931636;5.76936;1.06836;5.76936;0.00134047;6.70234;0.0670234;0.0670234
6847;0.209014;-0.931636;5.76936;1.06836;5.76936;0.00134047;6.70234;0.0670234;0.0670234
6848;0.209014;-0.931636;5.76936;1.06836;5.76936;0.00134047;6.70234;0.0670234;0.0670234
6849;0.209014;-0.931636;5.76936;1.06836;5.76936;0.00134047;6.70234;0.0670234;0.0670234
6850;0.209014;-0.931636;5.76936;1.06836;5.76936;0.00134047;6.70234;0.0670234;0.0670234
6851;0.209014;-0.931636;5.76936;1.06836;5.76936;0.00134047;6.70234;0.0670234;0.0670234
6852;0.209014;-0.931636;5.76936;1.06836;5.76936;0.00134047;6.70234;0.0670234;0.0670234
6853;0.209014;-0.931636;5.76936;1.06836;5.76936;0.00134047;6.70234;0.0670234;0.0670234
6854;0.209014;-0.931636;5.76936;1.06836;5.76936;0.00134047;6.70234;0.0670234;0.0670234
6855;0.209014;-0.931636;5.76936;1.06836;5.76936;0.00134047;6.70234;0.0670234;0.0670234
6856;0.209014;-0.931636;5.76936;1.06836;5.76936;0.00134047;6.70234;0.0670234;0.0670234
6857;0.209014;-0.931636;5.76936;1.06836;5.76936;0.00134047;6.70234;0.0670234;0.0670234
6858;0.209014;-0.931636;5.76936;1.06836;5.76936;0.00134047;6.70234;0.0670234;0.0670234
6859;0.209014;-0.931636;5.76936;1.06836;5.76936;0.00134047;6.70234;0.0670234;0.0670234
6860;0.209014;-0.931636;5.76936;1.06836;5.76936;0.00134047;6.70234;0.0670234;0.0670234
6861;0.209014;-0.931636;5.76936;1.06836;5.76936;0.00134047;6.70234;0.0670234;0.0670234
6862;0.209014;-0.931636;5.76936;1.06836;5.76936;0.00134047;6.70234;0.0670234;0.0670234
6863;0.209014;-0.931636;5.76936;1.06836;5.76936;0.00134047;6.70234;0.0670234;0.0670234
6864;0.209014;-0.931636;5.76936;1.06836;5.76936;0.00134047;6.70234;0.0670234;0.0670234
6865;0.209014;-0.931636;5.76936;1.06836;5.76936;0.00134047;6.70234;0.0670234;0.0670234
6866;0.209014;-0.931636;5.76936;1.06836;5.76936;0.00134047;6.70234;0.0670234;0.0670234
6867;0.209014;-0.931636;5.76936;1.06836;5.76936;0.00134047;6.70234;0.0670234;0.0670234
6868;0.209014;-0.931636;5.76936;1.06836;5.76936;0.00134047;6.70234;0.0670234;0.0670234
6869;0.209014;-0.931636;5.76936;1.06836;5.76936;0.00134047;6.70234;0.0670234;0.0670234
6870;0.209014;-0.931636;5.76936;1.06836;5.76936;0.00134047;6.70234;0.0670234;0.0670234
6871;0.209014;-0.931636;5.76936;1.06836;5.76936;0.00134047;6.70234;0.0670234;0.0670234
6872;0.209014;-0.931636;5.76936;1.06836;5.76936;0.00134047;6.70234;0.0670234;0.0670234
6873;0.209014;-0.931636;5.76936;1.06836;5.76936;0.00134047;6.70234;0.0670234;0.0670234
6874;0.209014;-0.931636;5.76936;1.06836;5.76936;0.00134047;6.70234;0.0670234;0.0670234
6875;0.209014;-0.931636;5.76936;1.06836;5.76936;0.00134047;6.70234;0.0670234;0.0670234
6876;0.209014;-0.931636;5.76936;1.06836;5.76936;0.00134047;6.70234;0.0670234;0.0670234
6877;0.209014;-0.931636;5.76936;1.06836;5.76936;0.00134047;6.70234;0.0670234;0.0670234
6878;0.209014;-0.931636;5.76936;1.06836;5.76936;0.00134047;6.70234;0.0670234;0.0670234
6879;0.209014;-0.931636;5.76936;1.06836;5.76936;0.00134047;6.70234;0.0670234;0.0670234
6880;0.209014;-0.931636;5.76936;1.06836;5.76936;0.00134047;6.70234;0.0670234;0.0670234
6881;0.209014;-0.931636;5.76936;1.06836;5.76936;0.00134047;6.70234;0.0670234;0.0670234
6882;0.209014;-0.931636;5.76936;1.06836;5.76936;0.00134047;6.70234;0.0670234;0.0670234
6883;0.209014;-0.931636;5.76936;1.06836;5.76936;0.00134047;6.70234;0.0670234;0.0670234
6884;0.209014;-0.931636;5.76936;1.06836;5.76936;0.00134047;6.70234;0.0670234;0.0670234
6885;0.209014;-0.931636;5.76936;1.06836;5.76936;0.00134047;6.70234;0.0670234;0.0670234
6886;0.209014;-0.931636;5.76936;1.06836;5.76936;0.00134047;6.70234;0.0670234;0.0670234
6887;0.209014;-0.931636;5.76936;1.06836;5.76936;0.00134047;6.70234;0.0670234;0.0670234
6888;0.209014;-0.931636;5.76936;1.06836;5.76936;0.00134047;6.70234;0.0670234;0.0670234
6889;0.209014;-0.931636;5.76936;1.06836;5.76936;0.00134047;6.70234;0.0670234;0.0670234
6890;0.209014;-0.931636;5.76936;1.06836;5.76936;0.00134047;6.70234;0.0670234;0.0670234
6891;0.209014;-0.931636;5.76936;1.06836;5.76936;0.00134047;6.70234;0.0670234;0.0670234
6892;0.209014;-0.931636;5.76936;1.06836;5.76936;0.00134047;6.70234;0.0670234;0.0670234
6893;0.209014;-0.931636;5.76936;1.06836;5.76936;0.00134047;6.70234;0.0670234;0.0670234
6894;0.209014;-0.931636;5.76936;1.06836;5.76936;0.00134047;6.70234;0.0670234;0.0670234
6895;0.209014;-0.931636;5.76936;1.06836;5.76936;0.00134047;6.70234;0.0670234;0.0670234
6896;0.209014;-0.931636;5.76936;1.06836;5.76936;0.00134047;6.70234;0.0670234;0.0670234
6897;0.209014;-0.931636;5.76936;1.06836;5.76936;0.00134047;6.70234;0.0670234;0.0670234
6898;0.209014;-0.931636;5.76936;1.06836;5.76936;0.00134047;6.70234;0.0670234;0.0670234
6899;0.209014;-0.931636;5.76936;1.06836;5.76936;0.00134047;6.70234;0.0670234;0.0670234
6900;0.209014;-0.931636;5.76936;1.06836;5.76936;0.00134047;6.70234;0.0670234;0.0670234
6901;0.209014;-0.931636;5.76936;1.06836;5.76936;0.00134047;6.70234;0.0670234;0.0670234
6902;0.209014;-0.931636;5.76936;1.06836;5.76936;0.00134047;6.70234;0.0670234;0.0670234
6903;0.209014;-0.931636;5.76936;1.06836;5.76936;0.00134047;6.70234;0.0670234;0.0670234
6904;0.209014;-0.931636;5.76936;1.06836;5.76936;0.00134047;6.70234;0.0670234;0.0670234
6905;0.209014;-0.931636;5.76936;1.06836;5.76936;0.00134047;6.70234;0.0670234;0.0670234
6906;0.209014;-0.931636;5.76936;1.06836;5.76936;0.00134047;6.70234;0.0670234;0.0670234
6907;0.209014;-0.931636;5.76936;1.06836;5.76936;0.00134047;6.70234;0.0670234;0.0670234
6908;0.209014;-0.931636;5.76936;1.06836;5.76936;0.00134047;6.70234;0.0670234;0.0670234
6909;0.209014;-0.931636;5.76936;1.06836;5.76936;0.00134047;6.70234;0.0670234;0.0670234
6910;0.209014;-0.931636;5.76936;1.06836;5.76936;0.00134047;6.70234;0.0670234;0.0670234
6911;0.209014;-0.931636;5.76936;1.06836;5.76936;0.00134047;6.70234;0.0670234;0.0670234
6912;0.209014;-0.931636;5.76936;1.06836;5.76936;0.00134047;6.70234;0.0670234;0.0670234
6913;0.209014;-0.931636;5.76936;1.06836;5.76936;0.00134047;6.70234;0.0670234;0.0670234
6914;0.209014;-0.931636;5.76936;1.06836;5.76936;0.00134047;6.70234;0.0670234;0.0670234
6915;0.209014;-0.931636;5.76936;1.06836;5.76936;0.00134047;6.70234;0.0670234;0.0670234
6916;0.209014;-0.931636;5.76936;1.06836;5.76936;0.00134047;6.70234;0.0670234;0.0670234
6917;0.209014;-0.931636;5.76936;1.06836;5.76936;0.00134047;6.70234;0.0670234;0.0670234
6918;0.209014;-0.931636;5.76936;1.06836;5.76936;0.00134047;6.70234;0.0670234;0.0670234
6919;0.209014;-0.931636;5.76936;1.06836;5.76936;0.00134047;6.70234;0.0670234;0.0670234
6920;0.209014;-0.931636;5.76936;1.06836;5.76936;0.00134047;6.70234;0.0670234;0.0670234
6921;0.209014;-0.931636;5.76936;1.06836;5.76936;0.00134047;6.70234;0.0670234;0.0670234
6922;0.209014;-0.931636;5.76936;1.06836;5.76936;0.00134047;6.70234;0.0670234;0.0670234
6923;0.209014;-0.931636;5.76936;1.06836;5.76936;0.00134047;6.70234;0.0670234;0.0670234
6924;0.209014;-0.931636;5.76936;1.06836;5.76936;0.00134047;6.70234;0.0670234;0.0670234
6925;0.209014;-0.931636;5.76936;1.06836;5.76936;0.00134047;6.70234;0.0670234;0.0670234
6926;0.209014;-0.931636;5.76936;1.06836;5.76936;0.00134047;6.70234;0.0670234;0.0670234
6927;0.209014;-0.931636;5.76936;1.06836;5.76936;0.00134047;6.70234;0.0670234;0.0670234
6928;0.209014;-0.931636;5.76936;1.06836;5.76936;0.00134047;6.70234;0.0670234;0.0670234
6929;0.209014;-0.931636;5.76936;1.06836;5.76936;0.00134047;6.70234;0.0670234;0.0670234
6930;0.209014;-0.931636;5.76936;1.06836;5.76936;0.00134047;6.70234;0.0670234;0.0670234
6931;0.209014;-0.931636;5.76936;1.06836;5.76936;0.00134047;6.70234;0.0670234;0.0670234
6932;0.209014;-0.931636;5.76936;1.06836;5.76936;0.00134047;6.70234;0.0670234;0.0670234
6933;0.209014;-0.931636;5.76936;1.06836;5.76936;0.00134047;6.70234;0.0670234;0.0670234
6934;0.209014;-0.931636;5.76936;1.06836;5.76936;0.00134047;6.70234;0.0670234;0.0670234
6935;0.209014;-0.931636;5.76936;1.06836;5.76936;0.00134047;6.70234;0.0670234;0.0670234
6936;0.209014;-0.931636;5.76936;1.06836;5.76936;0.00134047;6.70234;0.0670234;0.0670234
6937;0.209014;-0.931636;5.76936;1.06836;5.76936;0.00134047;6.70234;0.0670234;0.0670234
6938;0.209014;-0.931636;5.76936;1.06836;5.76936;0.00134047;6.70234;0.0670234;0.0670234
6939;0.209014;-0.931636;5.76936;1.06836;5.76936;0.00134047;6.70234;0.0670234;0.0670234
6940;0.209014;-0.931636;5.76936;1.06836;5.76936;0.00134047;6.70234;0.0670234;0.0670234
6941;0.209014;-0.931636;5.76936;1.06836;5.76936;0.00134047;6.70234;0.0670234;0.0670234
6942;0.209014;-0.931636;5.76936;1.06836;5.76936;0.00134047;6.70234;0.0670234;0.0670234
6943;0.209014;-0.931636;5.76936;1.06836;5.76936;0.00134047;6.70234;0.0670234;0.0670234
6944;0.209014;-0.931636;5.76936;1.06836;5.76936;0.00134047;6.70234;0.0670234;0.0670234
6945;0.209014;-0.931636;5.76936;1.06836;5.76936;0.00134047;6.70234;0.0670234;0.0670234
6946;0.209014;-0.931636;5.76936;1.06836;5.76936;0.00134047;6.70234;0.0670234;0.0670234
6947;0.209014;-0.931636;5.76936;1.06836;5.76936;0.00134047;6.70234;0.0670234;0.0670234
6948;0.209014;-0.931636;5.76936;1.06836;5.76936;0.00134047;6.70234;0.0670234;0.0670234
6949;0.209014;-0.931636;5.76936;1.06836;5.76936;0.00134047;6.70234;0.0670234;0.0670234
6950;0.209014;-0.931636;5.76936;1.06836;5.76936;0.00134047;6.70234;0.0670234;0.0670234
6951;0.209014;-0.931636;5.76936;1.06836;5.76936;0.00134047;6.70234;0.0670234;0.0670234
6952;0.209014;-0.931636;5.76936;1.06836;5.76936;0.00134047;6.70234;0.0670234;0.0670234
6953;0.209014;-0.931636;5.76936;1.06836;5.76936;0.00134047;6.70234;0.0670234;0.0670234
6954;0.209014;-0.931636;5.76936;1.06836;5.76936;0.00134047;6.70234;0.0670234;0.0670234
6955;0.209014;-0.931636;5.76936;1.06836;5.76936;0.00134047;6.70234;0.0670234;0.0670234
6956;0.209014;-0.931636;5.76936;1.06836;5.76936;0.00134047;6.70234;0.0670234;0.0670234
6957;0.209014;-0.931636;5.76936;1.06836;5.76936;0.00134047;6.70234;0.0670234;0.0670234
6958;0.209014;-0.931636;5.76936;1.06836;5.76936;0.00134047;6.70234;0.0670234;0.0670234
6959;0.209014;-0.931636;5.76936;1.06836;5.76936;0.00134047;6.70234;0.0670234;0.0670234
6960;0.209014;-0.931636;5.76936;1.06836;5.76936;0.00134047;6.70234;0.0670234;0.0670234
6961;0.209014;-0.931636;5.76936;1.06836;5.76936;0.00134047;6.70234;0.0670234;0.0670234
6962;0.209014;-0.931636;5.76936;1.06836;5.76936;0.00134047;6.70234;0.0670234;0.0670234
6963;0.209014;-0.931636;5.76936;1.06836;5.76936;0.00134047;6.70234;0.0670234;0.0670234
6964;0.209014;-0.931636;5.76936;1.06836;5.76936;0.00134047;6.70234;0.0670234;0.0670234
6965;0.209014;-0.931636;5.76936;1.06836;5.76936;0.00134047;6.70234;0.0670234;0.0670234
6966;0.209014;-0.931636;5.76936;1.06836;5.76936;0.00134047;6.70234;0.0670234;0.0670234
6967;0.209014;-0.931636;5.76936;1.06836;5.76936;0.00134047;6.70234;0.0670234;0.0670234
6968;0.209014;-0.931636;5.76936;1.06836;5.76936;0.00134047;6.70234;0.0670234;0.0670234
6969;0.209014;-0.931636;5.76936;1.06836;5.76936;0.00134047;6.70234;0.0670234;0.0670234
6970;0.209014;-0.931636;5.76936;1.06836;5.76936;0.00134047;6.70234;0.0670234;0.0670234
6971;0.209014;-0.931636;5.76936;1.06836;5.76936;0.00134047;6.70234;0.0670234;0.0670234
6972;0.209014;-0.931636;5.76936;1.06836;5.76936;0.00134047;6.70234;0.0670234;0.0670234
6973;0.209014;-0.931636;5.76936;1.06836;5.76936;0.00134047;6.70234;0.0670234;0.0670234
6974;0.209014;-0.931636;5.76936;1.06836;5.76936;0.00134047;6.70234;0.0670234;0.0670234
6975;0.209014;-0.931636;5.76936;1.06836;5.76936;0.00134047;6.70234;0.0670234;0.0670234
6976;0.209014;-0.931636;5.76936;1.06836;5.76936;0.00134047;6.70234;0.0670234;0.0670234
6977;0.209014;-0.931636;5.76936;1.06836;5.76936;0.00134047;6.70234;0.0670234;0.0670234
6978;0.209014;-0.931636;5.76936;1.06836;5.76936;0.00134047;6.70234;0.0670234;0.0670234
6979;0.209014;-0.931636;5.76936;1.06836;5.76936;0.00134047;6.70234;0.0670234;0.0670234
6980;0.209014;-0.931636;5.76936;1.06836;5.76936;0.00134047;6.70234;0.0670234;0.0670234
6981;0.209014;-0.931636;5.76936;1.06836;5.76936;0.00134047;6.70234;0.0670234;0.0670234
6982;0.209014;-0.931636;5.76936;1.06836;5.76936;0.00134047;6.70234;0.0670234;0.0670234
6983;0.209014;-0.931636;5.76936;1.06836;5.76936;0.00134047;6.70234;0.0670234;0.0670234
6984;0.209014;-0.931636;5.76936;1.06836;5.76936;0.00134047;6.70234;0.0670234;0.0670234
6985;0.209014;-0.931636;5.76936;1.06836;5.76936;0.00134047;6.70234;0.0670234;0.0670234
6986;0.209014;-0.931636;5.76936;1.06836;5.76936;0.00134047;6.70234;0.0670234;0.0670234
6987;0.209014;-0.931636;5.76936;1.06836;5.76936;0.00134047;6.70234;0.0670234;0.0670234
6988;0.209014;-0.931636;5.76936;1.06836;5.76936;0.00134047;6.70234;0.0670234;0.0670234
6989;0.209014;-0.931636;5.76936;1.06836;5.76936;0.00134047;6.70234;0.0670234;0.0670234
6990;0.209014;-0.931636;5.76936;1.06836;5.76936;0.00134047;6.70234;0.0670234;0.0670234
6991;0.209014;-0.931636;5.76936;1.06836;5.76936;0.00134047;6.70234;0.0670234;0.0670234
6992;0.209014;-0.931636;5.76936;1.06836;5.76936;0.00134047;6.70234;0.0670234;0.0670234
6993;0.209014;-0.931636;5.76936;1.06836;5.76936;0.00134047;6.70234;0.0670234;0.0670234
6994;0.209014;-0.931636;5.76936;1.06836;5.76936;0.00134047;6.70234;0.0670234;0.0670234
6995;0.209014;-0.931636;5.76936;1.06836;5.76936;0.00134047;6.70234;0.0670234;0.0670234
6996;0.209014;-0.931636;5.76936;1.06836;5.76936;0.00134047;6.70234;0.0670234;0.0670234
6997;0.209014;-0.931636;5.76936;1.06836;5.76936;0.00134047;6.70234;0.0670234;0.0670234
6998;0.209014;-0.931636;5.76936;1.06836;5.76936;0.00134047;6.70234;0.0670234;0.0670234
6999;0.209014;-0.931636;5.76936;1.06836;5.76936;0.00134047;6.70234;0.0670234;0.0670234
7000;0.209014;-0.931636;5.76936;1.06836;5.76936;0.00134047;6.70234;0.0670234;0.0670234
7001;0.209014;-0.931636;5.76936;1.06836;5.76936;0.00134047;6.70234;0.0670234;0.0670234
7002;0.209014;-0.931636;5.76936;1.06836;5.76936;0.00134047;6.70234;0.0670234;0.0670234
7003;0.209014;-0.931636;5.76936;1.06836;5.76936;0.00134047;6.70234;0.0670234;0.0670234
7004;0.209014;-0.931636;5.76936;1.06836;5.76936;0.00134047;6.70234;0.0670234;0.0670234
7005;0.209014;-0.931636;5.76936;1.06836;5.76936;0.00134047;6.70234;0.0670234;0.0670234
7006;0.209014;-0.931636;5.76936;1.06836;5.76936;0.00134047;6.70234;0.0670234;0.0670234
7007;0.209014;-0.931636;5.76936;1.06836;5.76936;0.00134047;6.70234;0.0670234;0.0670234
7008;0.209014;-0.931636;5.76936;1.06836;5.76936;0.00134047;6.70234;0.0670234;0.0670234
7009;0.209014;-0.931636;5.76936;1.06836;5.76936;0.00134047;6.70234;0.0670234;0.0670234
7010;0.209014;-0.931636;5.76936;1.06836;5.76936;0.00134047;6.70234;0.0670234;0.0670234
7011;0.209014;-0.931636;5.76936;1.06836;5.76936;0.00134047;6.70234;0.0670234;0.0670234
7012;0.209014;-0.931636;5.76936;1.06836;5.76936;0.00134047;6.70234;0.0670234;0.0670234
7013;0.209014;-0.931636;5.76936;1.06836;5.76936;0.00134047;6.70234;0.0670234;0.0670234
7014;0.209014;-0.931636;5.76936;1.06836;5.76936;0.00134047;6.70234;0.0670234;0.0670234
7015;0.209014;-0.931636;5.76936;1.06836;5.76936;0.00134047;6.70234;0.0670234;0.0670234
7016;0.209014;-0.931636;5.76936;1.06836;5.76936;0.00134047;6.70234;0.0670234;0.0670234
7017;0.209014;-0.931636;5.76936;1.06836;5.76936;0.00134047;6.70234;0.0670234;0.0670234
7018;0.209014;-0.931636;5.76936;1.06836;5.76936;0.00134047;6.70234;0.0670234;0.0670234
7019;0.209014;-0.931636;5.76936;1.06836;5.76936;0.00134047;6.70234;0.0670234;0.0670234
7020;0.209014;-0.931636;5.76936;1.06836;5.76936;0.00134047;6.70234;0.0670234;0.0670234
7021;0.209014;-0.931636;5.76936;1.06836;5.76936;0.00134047;6.70234;0.0670234;0.0670234
7022;0.209014;-0.931636;5.76936;1.06836;5.76936;0.00134047;6.70234;0.0670234;0.0670234
7023;0.209014;-0.931636;5.76936;1.06836;5.76936;0.00134047;6.70234;0.0670234;0.0670234
7024;0.209014;-0.931636;5.76936;1.06836;5.76936;0.00134047;6.70234;0.0670234;0.0670234
7025;0.209014;-0.931636;5.76936;1.06836;5.76936;0.00134047;6.70234;0.0670234;0.0670234
7026;0.209014;-0.931636;5.76936;1.06836;5.76936;0.00134047;6.70234;0.0670234;0.0670234
7027;0.209014;-0.931636;5.76936;1.06836;5.76936;0.00134047;6.70234;0.0670234;0.0670234
7028;0.209014;-0.931636;5.76936;1.06836;5.76936;0.00134047;6.70234;0.0670234;0.0670234
7029;0.209014;-0.931636;5.76936;1.06836;5.76936;0.00134047;6.70234;0.0670234;0.0670234
7030;0.209014;-0.931636;5.76936;1.06836;5.76936;0.00134047;6.70234;0.0670234;0.0670234
7031;0.209014;-0.931636;5.76936;1.06836;5.76936;0.00134047;6.70234;0.0670234;0.0670234
7032;0.209014;-0.931636;5.76936;1.06836;5.76936;0.00134047;6.70234;0.0670234;0.0670234
7033;0.209014;-0.931636;5.76936;1.06836;5.76936;0.00134047;6.70234;0.0670234;0.0670234
7034;0.209014;-0.931636;5.76936;1.06836;5.76936;0.00134047;6.70234;0.0670234;0.0670234
7035;0.209014;-0.931636;5.76936;1.06836;5.76936;0.00134047;6.70234;0.0670234;0.0670234
7036;0.209014;-0.931636;5.76936;1.06836;5.76936;0.00134047;6.70234;0.0670234;0.0670234
7037;0.209014;-0.931636;5.76936;1.06836;5.76936;0.00134047;6.70234;0.0670234;0.0670234
7038;0.209014;-0.931636;5.76936;1.06836;5.76936;0.00134047;6.70234;0.0670234;0.0670234
7039;0.209014;-0.931636;5.76936;1.06836;5.76936;0.00134047;6.70234;0.0670234;0.0670234
7040;0.209014;-0.931636;5.76936;1.06836;5.76936;0.00134047;6.70234;0.0670234;0.0670234
7041;0.209014;-0.931636;5.76936;1.06836;5.76936;0.00134047;6.70234;0.0670234;0.0670234
7042;0.209014;-0.931636;5.76936;1.06836;5.76936;0.00134047;6.70234;0.0670234;0.0670234
7043;0.209014;-0.931636;5.76936;1.06836;5.76936;0.00134047;6.70234;0.0670234;0.0670234
7044;0.209014;-0.931636;5.76936;1.06836;5.76936;0.00134047;6.70234;0.0670234;0.0670234
7045;0.209014;-0.931636;5.76936;1.06836;5.76936;0.00134047;6.70234;0.0670234;0.0670234
7046;0.209014;-0.931636;5.76936;1.06836;5.76936;0.00134047;6.70234;0.0670234;0.0670234
7047;0.209014;-0.931636;5.76936;1.06836;5.76936;0.00134047;6.70234;0.0670234;0.0670234
7048;0.209014;-0.931636;5.76936;1.06836;5.76936;0.00134047;6.70234;0.0670234;0.0670234
7049;0.209014;-0.931636;5.76936;1.06836;5.76936;0.00134047;6.70234;0.0670234;0.0670234
7050;0.209014;-0.931636;5.76936;1.06836;5.76936;0.00134047;6.70234;0.0670234;0.0670234
7051;0.209014;-0.931636;5.76936;1.06836;5.76936;0.00134047;6.70234;0.0670234;0.0670234
7052;0.209014;-0.931636;5.76936;1.06836;5.76936;0.00134047;6.70234;0.0670234;0.0670234
7053;0.209014;-0.931636;5.76936;1.06836;5.76936;0.00134047;6.70234;0.0670234;0.0670234
7054;0.209014;-0.931636;5.76936;1.06836;5.76936;0.00134047;6.70234;0.0670234;0.0670234
7055;0.209014;-0.931636;5.76936;1.06836;5.76936;0.00134047;6.70234;0.0670234;0.0670234
7056;0.209014;-0.931636;5.76936;1.06836;5.76936;0.00134047;6.70234;0.0670234;0.0670234
7057;0.209014;-0.931636;5.76936;1.06836;5.76936;0.00134047;6.70234;0.0670234;0.0670234
7058;0.209014;-0.931636;5.76936;1.06836;5.76936;0.00134047;6.70234;0.0670234;0.0670234
7059;0.209014;-0.931636;5.76936;1.06836;5.76936;0.00134047;6.70234;0.0670234;0.0670234
7060;0.209014;-0.931636;5.76936;1.06836;5.76936;0.00134047;6.70234;0.0670234;0.0670234
7061;0.209014;-0.931636;5.76936;1.06836;5.76936;0.00134047;6.70234;0.0670234;0.0670234
7062;0.209014;-0.931636;5.76936;1.06836;5.76936;0.00134047;6.70234;0.0670234;0.0670234
7063;0.209014;-0.931636;5.76936;1.06836;5.76936;0.00134047;6.70234;0.0670234;0.0670234
7064;0.209014;-0.931636;5.76936;1.06836;5.76936;0.00134047;6.70234;0.0670234;0.0670234
7065;0.209014;-0.931636;5.76936;1.06836;5.76936;0.00134047;6.70234;0.0670234;0.0670234
7066;0.209014;-0.931636;5.76936;1.06836;5.76936;0.00134047;6.70234;0.0670234;0.0670234
7067;0.209014;-0.931636;5.76936;1.06836;5.76936;0.00134047;6.70234;0.0670234;0.0670234
7068;0.209014;-0.931636;5.76936;1.06836;5.76936;0.00134047;6.70234;0.0670234;0.0670234
7069;0.209014;-0.931636;5.76936;1.06836;5.76936;0.00134047;6.70234;0.0670234;0.0670234
7070;0.209014;-0.931636;5.76936;1.06836;5.76936;0.00134047;6.70234;0.0670234;0.0670234
7071;0.209014;-0.931636;5.76936;1.06836;5.76936;0.00134047;6.70234;0.0670234;0.0670234
7072;0.209014;-0.931636;5.76936;1.06836;5.76936;0.00134047;6.70234;0.0670234;0.0670234
7073;0.209014;-0.931636;5.76936;1.06836;5.76936;0.00134047;6.70234;0.0670234;0.0670234
7074;0.209014;-0.931636;5.76936;1.06836;5.76936;0.00134047;6.70234;0.0670234;0.0670234
7075;0.209014;-0.931636;5.76936;1.06836;5.76936;0.00134047;6.70234;0.0670234;0.0670234
7076;0.209014;-0.931636;5.76936;1.06836;5.76936;0.00134047;6.70234;0.0670234;0.0670234
7077;0.209014;-0.931636;5.76936;1.06836;5.76936;0.00134047;6.70234;0.0670234;0.0670234
7078;0.209014;-0.931636;5.76936;1.06836;5.76936;0.00134047;6.70234;0.0670234;0.0670234
7079;0.209014;-0.931636;5.76936;1.06836;5.76936;0.00134047;6.70234;0.0670234;0.0670234
7080;0.209014;-0.931636;5.76936;1.06836;5.76936;0.00134047;6.70234;0.0670234;0.0670234
7081;0.209014;-0.931636;5.76936;1.06836;5.76936;0.00134047;6.70234;0.0670234;0.0670234
7082;0.209014;-0.931636;5.76936;1.06836;5.76936;0.00134047;6.70234;0.0670234;0.0670234
7083;0.209014;-0.931636;5.76936;1.06836;5.76936;0.00134047;6.70234;0.0670234;0.0670234
7084;0.209014;-0.931636;5.76936;1.06836;5.76936;0.00134047;6.70234;0.0670234;0.0670234
7085;0.209014;-0.931636;5.76936;1.06836;5.76936;0.00134047;6.70234;0.0670234;0.0670234
7086;0.209014;-0.931636;5.76936;1.06836;5.76936;0.00134047;6.70234;0.0670234;0.0670234
7087;0.209014;-0.931636;5.76936;1.06836;5.76936;0.00134047;6.70234;0.0670234;0.0670234
7088;0.209014;-0.931636;5.76936;1.06836;5.76936;0.00134047;6.70234;0.0670234;0.0670234
7089;0.209014;-0.931636;5.76936;1.06836;5.76936;0.00134047;6.70234;0.0670234;0.0670234
7090;0.209014;-0.931636;5.76936;1.06836;5.76936;0.00134047;6.70234;0.0670234;0.0670234
7091;0.209014;-0.931636;5.76936;1.06836;5.76936;0.00134047;6.70234;0.0670234;0.0670234
7092;0.209014;-0.931636;5.76936;1.06836;5.76936;0.00134047;6.70234;0.0670234;0.0670234
7093;0.209014;-0.931636;5.76936;1.06836;5.76936;0.00134047;6.70234;0.0670234;0.0670234
7094;0.209014;-0.931636;5.76936;1.06836;5.76936;0.00134047;6.70234;0.0670234;0.0670234
7095;0.209014;-0.931636;5.76936;1.06836;5.76936;0.00134047;6.70234;0.0670234;0.0670234
7096;0.209014;-0.931636;5.76936;1.06836;5.76936;0.00134047;6.70234;0.0670234;0.0670234
7097;0.209014;-0.931636;5.76936;1.06836;5.76936;0.00134047;6.70234;0.0670234;0.0670234
7098;0.209014;-0.931636;5.76936;1.06836;5.76936;0.00134047;6.70234;0.0670234;0.0670234
7099;0.209014;-0.931636;5.76936;1.06836;5.76936;0.00134047;6.70234;0.0670234;0.0670234
7100;0.209014;-0.931636;5.76936;1.06836;5.76936;0.00134047;6.70234;0.0670234;0.0670234
7101;0.209014;-0.931636;5.76936;1.06836;5.76936;0.00134047;6.70234;0.0670234;0.0670234
7102;0.209014;-0.931636;5.76936;1.06836;5.76936;0.00134047;6.70234;0.0670234;0.0670234
7103;0.209014;-0.931636;5.76936;1.06836;5.76936;0.00134047;6.70234;0.0670234;0.0670234
7104;0.209014;-0.931636;5.76936;1.06836;5.76936;0.00134047;6.70234;0.0670234;0.0670234
7105;0.209014;-0.931636;5.76936;1.06836;5.76936;0.00134047;6.70234;0.0670234;0.0670234
7106;0.209014;-0.931636;5.76936;1.06836;5.76936;0.00134047;6.70234;0.0670234;0.0670234
7107;0.209014;-0.931636;5.76936;1.06836;5.76936;0.00134047;6.70234;0.0670234;0.0670234
7108;0.209014;-0.931636;5.76936;1.06836;5.76936;0.00134047;6.70234;0.0670234;0.0670234
7109;0.209014;-0.931636;5.76936;1.06836;5.76936;0.00134047;6.70234;0.0670234;0.0670234
7110;0.209014;-0.931636;5.76936;1.06836;5.76936;0.00134047;6.70234;0.0670234;0.0670234
7111;0.209014;-0.931636;5.76936;1.06836;5.76936;0.00134047;6.70234;0.0670234;0.0670234
7112;0.209014;-0.931636;5.76936;1.06836;5.76936;0.00134047;6.70234;0.0670234;0.0670234
7113;0.209014;-0.931636;5.76936;1.06836;5.76936;0.00134047;6.70234;0.0670234;0.0670234
7114;0.209014;-0.931636;5.76936;1.06836;5.76936;0.00134047;6.70234;0.0670234;0.0670234
7115;0.209014;-0.931636;5.76936;1.06836;5.76936;0.00134047;6.70234;0.0670234;0.0670234
7116;0.209014;-0.931636;5.76936;1.06836;5.76936;0.00134047;6.70234;0.0670234;0.0670234
7117;0.209014;-0.931636;5.76936;1.06836;5.76936;0.00134047;6.70234;0.0670234;0.0670234
7118;0.209014;-0.931636;5.76936;1.06836;5.76936;0.00134047;6.70234;0.0670234;0.0670234
7119;0.209014;-0.931636;5.76936;1.06836;5.76936;0.00134047;6.70234;0.0670234;0.0670234
7120;0.209014;-0.931636;5.76936;1.06836;5.76936;0.00134047;6.70234;0.0670234;0.0670234
7121;0.209014;-0.931636;5.76936;1.06836;5.76936;0.00134047;6.70234;0.0670234;0.0670234
7122;0.209014;-0.931636;5.76936;1.06836;5.76936;0.00134047;6.70234;0.0670234;0.0670234
7123;0.209014;-0.931636;5.76936;1.06836;5.76936;0.00134047;6.70234;0.0670234;0.0670234
7124;0.209014;-0.931636;5.76936;1.06836;5.76936;0.00134047;6.70234;0.0670234;0.0670234
7125;0.209014;-0.931636;5.76936;1.06836;5.76936;0.00134047;6.70234;0.0670234;0.0670234
7126;0.209014;-0.931636;5.76936;1.06836;5.76936;0.00134047;6.70234;0.0670234;0.0670234
7127;0.209014;-0.931636;5.76936;1.06836;5.76936;0.00134047;6.70234;0.0670234;0.0670234
7128;0.209014;-0.931636;5.76936;1.06836;5.76936;0.00134047;6.70234;0.0670234;0.0670234
7129;0.209014;-0.931636;5.76936;1.06836;5.76936;0.00134047;6.70234;0.0670234;0.0670234
7130;0.209014;-0.931636;5.76936;1.06836;5.76936;0.00134047;6.70234;0.0670234;0.0670234
7131;0.209014;-0.931636;5.76936;1.06836;5.76936;0.00134047;6.70234;0.0670234;0.0670234
7132;0.209014;-0.931636;5.76936;1.06836;5.76936;0.00134047;6.70234;0.0670234;0.0670234
7133;0.209014;-0.931636;5.76936;1.06836;5.76936;0.00134047;6.70234;0.0670234;0.0670234
7134;0.209014;-0.931636;5.76936;1.06836;5.76936;0.00134047;6.70234;0.0670234;0.0670234
7135;0.209014;-0.931636;5.76936;1.06836;5.76936;0.00134047;6.70234;0.0670234;0.0670234
7136;0.209014;-0.931636;5.76936;1.06836;5.76936;0.00134047;6.70234;0.0670234;0.0670234
7137;0.209014;-0.931636;5.76936;1.06836;5.76936;0.00134047;6.70234;0.0670234;0.0670234
7138;0.209014;-0.931636;5.76936;1.06836;5.76936;0.00134047;6.70234;0.0670234;0.0670234
7139;0.209014;-0.931636;5.76936;1.06836;5.76936;0.00134047;6.70234;0.0670234;0.0670234
7140;0.209014;-0.931636;5.76936;1.06836;5.76936;0.00134047;6.70234;0.0670234;0.0670234
7141;0.209014;-0.931636;5.76936;1.06836;5.76936;0.00134047;6.70234;0.0670234;0.0670234
7142;0.209014;-0.931636;5.76936;1.06836;5.76936;0.00134047;6.70234;0.0670234;0.0670234
7143;0.209014;-0.931636;5.76936;1.06836;5.76936;0.00134047;6.70234;0.0670234;0.0670234
7144;0.209014;-0.931636;5.76936;1.06836;5.76936;0.00134047;6.70234;0.0670234;0.0670234
7145;0.209014;-0.931636;5.76936;1.06836;5.76936;0.00134047;6.70234;0.0670234;0.0670234
7146;0.209014;-0.931636;5.76936;1.06836;5.76936;0.00134047;6.70234;0.0670234;0.0670234
7147;0.209014;-0.931636;5.76936;1.06836;5.76936;0.00134047;6.70234;0.0670234;0.0670234
7148;0.209014;-0.931636;5.76936;1.06836;5.76936;0.00134047;6.70234;0.0670234;0.0670234
7149;0.209014;-0.931636;5.76936;1.06836;5.76936;0.00134047;6.70234;0.0670234;0.0670234
7150;0.209014;-0.931636;5.76936;1.06836;5.76936;0.00134047;6.70234;0.0670234;0.0670234
7151;0.209014;-0.931636;5.76936;1.06836;5.76936;0.00134047;6.70234;0.0670234;0.0670234
7152;0.209014;-0.931636;5.76936;1.06836;5.76936;0.00134047;6.70234;0.0670234;0.0670234
7153;0.209014;-0.931636;5.76936;1.06836;5.76936;0.00134047;6.70234;0.0670234;0.0670234
7154;0.209014;-0.931636;5.76936;1.06836;5.76936;0.00134047;6.70234;0.0670234;0.0670234
7155;0.209014;-0.931636;5.76936;1.06836;5.76936;0.00134047;6.70234;0.0670234;0.0670234
7156;0.209014;-0.931636;5.76936;1.06836;5.76936;0.00134047;6.70234;0.0670234;0.0670234
7157;0.209014;-0.931636;5.76936;1.06836;5.76936;0.00134047;6.70234;0.0670234;0.0670234
7158;0.209014;-0.931636;5.76936;1.06836;5.76936;0.00134047;6.70234;0.0670234;0.0670234
7159;0.209014;-0.931636;5.76936;1.06836;5.76936;0.00134047;6.70234;0.0670234;0.0670234
7160;0.209014;-0.931636;5.76936;1.06836;5.76936;0.00134047;6.70234;0.0670234;0.0670234
7161;0.209014;-0.931636;5.76936;1.06836;5.76936;0.00134047;6.70234;0.0670234;0.0670234
7162;0.209014;-0.931636;5.76936;1.06836;5.76936;0.00134047;6.70234;0.0670234;0.0670234
7163;0.209014;-0.931636;5.76936;1.06836;5.76936;0.00134047;6.70234;0.0670234;0.0670234
7164;0.209014;-0.931636;5.76936;1.06836;5.76936;0.00134047;6.70234;0.0670234;0.0670234
7165;0.209014;-0.931636;5.76936;1.06836;5.76936;0.00134047;6.70234;0.0670234;0.0670234
7166;0.209014;-0.931636;5.76936;1.06836;5.76936;0.00134047;6.70234;0.0670234;0.0670234
7167;0.209014;-0.931636;5.76936;1.06836;5.76936;0.00134047;6.70234;0.0670234;0.0670234
7168;0.209014;-0.931636;5.76936;1.06836;5.76936;0.00134047;6.70234;0.0670234;0.0670234
7169;0.209014;-0.931636;5.76936;1.06836;5.76936;0.00134047;6.70234;0.0670234;0.0670234
7170;0.209014;-0.931636;5.76936;1.06836;5.76936;0.00134047;6.70234;0.0670234;0.0670234
7171;0.209014;-0.931636;5.76936;1.06836;5.76936;0.00134047;6.70234;0.0670234;0.0670234
7172;0.209014;-0.931636;5.76936;1.06836;5.76936;0.00134047;6.70234;0.0670234;0.0670234
7173;0.209014;-0.931636;5.76936;1.06836;5.76936;0.00134047;6.70234;0.0670234;0.0670234
7174;0.209014;-0.931636;5.76936;1.06836;5.76936;0.00134047;6.70234;0.0670234;0.0670234
7175;0.209014;-0.931636;5.76936;1.06836;5.76936;0.00134047;6.70234;0.0670234;0.0670234
7176;0.209014;-0.931636;5.76936;1.06836;5.76936;0.00134047;6.70234;0.0670234;0.0670234
7177;0.209014;-0.931636;5.76936;1.06836;5.76936;0.00134047;6.70234;0.0670234;0.0670234
7178;0.209014;-0.931636;5.76936;1.06836;5.76936;0.00134047;6.70234;0.0670234;0.0670234
7179;0.209014;-0.931636;5.76936;1.06836;5.76936;0.00134047;6.70234;0.0670234;0.0670234
7180;0.209014;-0.931636;5.76936;1.06836;5.76936;0.00134047;6.70234;0.0670234;0.0670234
7181;0.209014;-0.931636;5.76936;1.06836;5.76936;0.00134047;6.70234;0.0670234;0.0670234
7182;0.209014;-0.931636;5.76936;1.06836;5.76936;0.00134047;6.70234;0.0670234;0.0670234
7183;0.209014;-0.931636;5.76936;1.06836;5.76936;0.00134047;6.70234;0.0670234;0.0670234
7184;0.209014;-0.931636;5.76936;1.06836;5.76936;0.00134047;6.70234;0.0670234;0.0670234
7185;0.209014;-0.931636;5.76936;1.06836;5.76936;0.00134047;6.70234;0.0670234;0.0670234
7186;0.209014;-0.931636;5.76936;1.06836;5.76936;0.00134047;6.70234;0.0670234;0.0670234
7187;0.209014;-0.931636;5.76936;1.06836;5.76936;0.00134047;6.70234;0.0670234;0.0670234
7188;0.209014;-0.931636;5.76936;1.06836;5.76936;0.00134047;6.70234;0.0670234;0.0670234
7189;0.209014;-0.931636;5.76936;1.06836;5.76936;0.00134047;6.70234;0.0670234;0.0670234
7190;0.209014;-0.931636;5.76936;1.06836;5.76936;0.00134047;6.70234;0.0670234;0.0670234
7191;0.209014;-0.931636;5.76936;1.06836;5.76936;0.00134047;6.70234;0.0670234;0.0670234
7192;0.209014;-0.931636;5.76936;1.06836;5.76936;0.00134047;6.70234;0.0670234;0.0670234
7193;0.209014;-0.931636;5.76936;1.06836;5.76936;0.00134047;6.70234;0.0670234;0.0670234
7194;0.209014;-0.931636;5.76936;1.06836;5.76936;0.00134047;6.70234;0.0670234;0.0670234
7195;0.209014;-0.931636;5.76936;1.06836;5.76936;0.00134047;6.70234;0.0670234;0.0670234
7196;0.209014;-0.931636;5.76936;1.06836;5.76936;0.00134047;6.70234;0.0670234;0.0670234
7197;0.209014;-0.931636;5.76936;1.06836;5.76936;0.00134047;6.70234;0.0670234;0.0670234
7198;0.209014;-0.931636;5.76936;1.06836;5.76936;0.00134047;6.70234;0.0670234;0.0670234
7199;0.209014;-0.931636;5.76936;1.06836;5.76936;0.00134047;6.70234;0.0670234;0.0670234
7200;0.209014;-0.931636;5.76936;1.06836;5.76936;0.00134047;6.70234;0.0670234;0.0670234
7201;0.209014;-0.931636;5.76936;1.06836;5.76936;0.00134047;6.70234;0.0670234;0.0670234
7202;0.209014;-0.931636;5.76936;1.06836;5.76936;0.00134047;6.70234;0.0670234;0.0670234
7203;0.209014;-0.931636;5.76936;1.06836;5.76936;0.00134047;6.70234;0.0670234;0.0670234
7204;0.209014;-0.931636;5.76936;1.06836;5.76936;0.00134047;6.70234;0.0670234;0.0670234
7205;0.209014;-0.931636;5.76936;1.06836;5.76936;0.00134047;6.70234;0.0670234;0.0670234
7206;0.209014;-0.931636;5.76936;1.06836;5.76936;0.00134047;6.70234;0.0670234;0.0670234
7207;0.209014;-0.931636;5.76936;1.06836;5.76936;0.00134047;6.70234;0.0670234;0.0670234
7208;0.209014;-0.931636;5.76936;1.06836;5.76936;0.00134047;6.70234;0.0670234;0.0670234
7209;0.209014;-0.931636;5.76936;1.06836;5.76936;0.00134047;6.70234;0.0670234;0.0670234
7210;0.209014;-0.931636;5.76936;1.06836;5.76936;0.00134047;6.70234;0.0670234;0.0670234
7211;0.209014;-0.931636;5.76936;1.06836;5.76936;0.00134047;6.70234;0.0670234;0.0670234
7212;0.209014;-0.931636;5.76936;1.06836;5.76936;0.00134047;6.70234;0.0670234;0.0670234
7213;0.209014;-0.931636;5.76936;1.06836;5.76936;0.00134047;6.70234;0.0670234;0.0670234
7214;0.209014;-0.931636;5.76936;1.06836;5.76936;0.00134047;6.70234;0.0670234;0.0670234
7215;0.209014;-0.931636;5.76936;1.06836;5.76936;0.00134047;6.70234;0.0670234;0.0670234
7216;0.209014;-0.931636;5.76936;1.06836;5.76936;0.00134047;6.70234;0.0670234;0.0670234
7217;0.209014;-0.931636;5.76936;1.06836;5.76936;0.00134047;6.70234;0.0670234;0.0670234
7218;0.209014;-0.931636;5.76936;1.06836;5.76936;0.00134047;6.70234;0.0670234;0.0670234
7219;0.209014;-0.931636;5.76936;1.06836;5.76936;0.00134047;6.70234;0.0670234;0.0670234
7220;0.209014;-0.931636;5.76936;1.06836;5.76936;0.00134047;6.70234;0.0670234;0.0670234
7221;0.209014;-0.931636;5.76936;1.06836;5.76936;0.00134047;6.70234;0.0670234;0.0670234
7222;0.209014;-0.931636;5.76936;1.06836;5.76936;0.00134047;6.70234;0.0670234;0.0670234
7223;0.209014;-0.931636;5.76936;1.06836;5.76936;0.00134047;6.70234;0.0670234;0.0670234
7224;0.209014;-0.931636;5.76936;1.06836;5.76936;0.00134047;6.70234;0.0670234;0.0670234
7225;0.209014;-0.931636;5.76936;1.06836;5.76936;0.00134047;6.70234;0.0670234;0.0670234
7226;0.209014;-0.931636;5.76936;1.06836;5.76936;0.00134047;6.70234;0.0670234;0.0670234
7227;0.209014;-0.931636;5.76936;1.06836;5.76936;0.00134047;6.70234;0.0670234;0.0670234
7228;0.209014;-0.931636;5.76936;1.06836;5.76936;0.00134047;6.70234;0.0670234;0.0670234
7229;0.209014;-0.931636;5.76936;1.06836;5.76936;0.00134047;6.70234;0.0670234;0.0670234
7230;0.209014;-0.931636;5.76936;1.06836;5.76936;0.00134047;6.70234;0.0670234;0.0670234
7231;0.209014;-0.931636;5.76936;1.06836;5.76936;0.00134047;6.70234;0.0670234;0.0670234
7232;0.209014;-0.931636;5.76936;1.06836;5.76936;0.00134047;6.70234;0.0670234;0.0670234
7233;0.209014;-0.931636;5.76936;1.06836;5.76936;0.00134047;6.70234;0.0670234;0.0670234
7234;0.209014;-0.931636;5.76936;1.06836;5.76936;0.00134047;6.70234;0.0670234;0.0670234
7235;0.209014;-0.931636;5.76936;1.06836;5.76936;0.00134047;6.70234;0.0670234;0.0670234
7236;0.209014;-0.931636;5.76936;1.06836;5.76936;0.00134047;6.70234;0.0670234;0.0670234
7237;0.209014;-0.931636;5.76936;1.06836;5.76936;0.00134047;6.70234;0.0670234;0.0670234
7238;0.209014;-0.931636;5.76936;1.06836;5.76936;0.00134047;6.70234;0.0670234;0.0670234
7239;0.209014;-0.931636;5.76936;1.06836;5.76936;0.00134047;6.70234;0.0670234;0.0670234
7240;0.209014;-0.931636;5.76936;1.06836;5.76936;0.00134047;6.70234;0.0670234;0.0670234
7241;0.209014;-0.931636;5.76936;1.06836;5.76936;0.00134047;6.70234;0.0670234;0.0670234
7242;0.209014;-0.931636;5.76936;1.06836;5.76936;0.00134047;6.70234;0.0670234;0.0670234
7243;0.209014;-0.931636;5.76936;1.06836;5.76936;0.00134047;6.70234;0.0670234;0.0670234
7244;0.209014;-0.931636;5.76936;1.06836;5.76936;0.00134047;6.70234;0.0670234;0.0670234
7245;0.209014;-0.931636;5.76936;1.06836;5.76936;0.00134047;6.70234;0.0670234;0.0670234
7246;0.209014;-0.931636;5.76936;1.06836;5.76936;0.00134047;6.70234;0.0670234;0.0670234
7247;0.209014;-0.931636;5.76936;1.06836;5.76936;0.00134047;6.70234;0.0670234;0.0670234
7248;0.209014;-0.931636;5.76936;1.06836;5.76936;0.00134047;6.70234;0.0670234;0.0670234
7249;0.209014;-0.931636;5.76936;1.06836;5.76936;0.00134047;6.70234;0.0670234;0.0670234
7250;0.209014;-0.931636;5.76936;1.06836;5.76936;0.00134047;6.70234;0.0670234;0.0670234
7251;0.209014;-0.931636;5.76936;1.06836;5.76936;0.00134047;6.70234;0.0670234;0.0670234
7252;0.209014;-0.931636;5.76936;1.06836;5.76936;0.00134047;6.70234;0.0670234;0.0670234
7253;0.209014;-0.931636;5.76936;1.06836;5.76936;0.00134047;6.70234;0.0670234;0.0670234
7254;0.209014;-0.931636;5.76936;1.06836;5.76936;0.00134047;6.70234;0.0670234;0.0670234
7255;0.209014;-0.931636;5.76936;1.06836;5.76936;0.00134047;6.70234;0.0670234;0.0670234
7256;0.209014;-0.931636;5.76936;1.06836;5.76936;0.00134047;6.70234;0.0670234;0.0670234
7257;0.209014;-0.931636;5.76936;1.06836;5.76936;0.00134047;6.70234;0.0670234;0.0670234
7258;0.209014;-0.931636;5.76936;1.06836;5.76936;0.00134047;6.70234;0.0670234;0.0670234
7259;0.209014;-0.931636;5.76936;1.06836;5.76936;0.00134047;6.70234;0.0670234;0.0670234
7260;0.209014;-0.931636;5.76936;1.06836;5.76936;0.00134047;6.70234;0.0670234;0.0670234
7261;0.209014;-0.931636;5.76936;1.06836;5.76936;0.00134047;6.70234;0.0670234;0.0670234
7262;0.209014;-0.931636;5.76936;1.06836;5.76936;0.00134047;6.70234;0.0670234;0.0670234
7263;0.209014;-0.931636;5.76936;1.06836;5.76936;0.00134047;6.70234;0.0670234;0.0670234
7264;0.209014;-0.931636;5.76936;1.06836;5.76936;0.00134047;6.70234;0.0670234;0.0670234
7265;0.209014;-0.931636;5.76936;1.06836;5.76936;0.00134047;6.70234;0.0670234;0.0670234
7266;0.209014;-0.931636;5.76936;1.06836;5.76936;0.00134047;6.70234;0.0670234;0.0670234
7267;0.209014;-0.931636;5.76936;1.06836;5.76936;0.00134047;6.70234;0.0670234;0.0670234
7268;0.209014;-0.931636;5.76936;1.06836;5.76936;0.00134047;6.70234;0.0670234;0.0670234
7269;0.209014;-0.931636;5.76936;1.06836;5.76936;0.00134047;6.70234;0.0670234;0.0670234
7270;0.209014;-0.931636;5.76936;1.06836;5.76936;0.00134047;6.70234;0.0670234;0.0670234
7271;0.209014;-0.931636;5.76936;1.06836;5.76936;0.00134047;6.70234;0.0670234;0.0670234
7272;0.209014;-0.931636;5.76936;1.06836;5.76936;0.00134047;6.70234;0.0670234;0.0670234
7273;0.209014;-0.931636;5.76936;1.06836;5.76936;0.00134047;6.70234;0.0670234;0.0670234
7274;0.209014;-0.931636;5.76936;1.06836;5.76936;0.00134047;6.70234;0.0670234;0.0670234
7275;0.209014;-0.931636;5.76936;1.06836;5.76936;0.00134047;6.70234;0.0670234;0.0670234
7276;0.209014;-0.931636;5.76936;1.06836;5.76936;0.00134047;6.70234;0.0670234;0.0670234
7277;0.209014;-0.931636;5.76936;1.06836;5.76936;0.00134047;6.70234;0.0670234;0.0670234
7278;0.209014;-0.931636;5.76936;1.06836;5.76936;0.00134047;6.70234;0.0670234;0.0670234
7279;0.209014;-0.931636;5.76936;1.06836;5.76936;0.00134047;6.70234;0.0670234;0.0670234
7280;0.209014;-0.931636;5.76936;1.06836;5.76936;0.00134047;6.70234;0.0670234;0.0670234
7281;0.209014;-0.931636;5.76936;1.06836;5.76936;0.00134047;6.70234;0.0670234;0.0670234
7282;0.209014;-0.931636;5.76936;1.06836;5.76936;0.00134047;6.70234;0.0670234;0.0670234
7283;0.209014;-0.931636;5.76936;1.06836;5.76936;0.00134047;6.70234;0.0670234;0.0670234
7284;0.209014;-0.931636;5.76936;1.06836;5.76936;0.00134047;6.70234;0.0670234;0.0670234
7285;0.209014;-0.931636;5.76936;1.06836;5.76936;0.00134047;6.70234;0.0670234;0.0670234
7286;0.209014;-0.931636;5.76936;1.06836;5.76936;0.00134047;6.70234;0.0670234;0.0670234
7287;0.209014;-0.931636;5.76936;1.06836;5.76936;0.00134047;6.70234;0.0670234;0.0670234
7288;0.209014;-0.931636;5.76936;1.06836;5.76936;0.00134047;6.70234;0.0670234;0.0670234
7289;0.209014;-0.931636;5.76936;1.06836;5.76936;0.00134047;6.70234;0.0670234;0.0670234
7290;0.209014;-0.931636;5.76936;1.06836;5.76936;0.00134047;6.70234;0.0670234;0.0670234
7291;0.209014;-0.931636;5.76936;1.06836;5.76936;0.00134047;6.70234;0.0670234;0.0670234
7292;0.209014;-0.931636;5.76936;1.06836;5.76936;0.00134047;6.70234;0.0670234;0.0670234
7293;0.209014;-0.931636;5.76936;1.06836;5.76936;0.00134047;6.70234;0.0670234;0.0670234
7294;0.209014;-0.931636;5.76936;1.06836;5.76936;0.00134047;6.70234;0.0670234;0.0670234
7295;0.209014;-0.931636;5.76936;1.06836;5.76936;0.00134047;6.70234;0.0670234;0.0670234
7296;0.209014;-0.931636;5.76936;1.06836;5.76936;0.00134047;6.70234;0.0670234;0.0670234
7297;0.209014;-0.931636;5.76936;1.06836;5.76936;0.00134047;6.70234;0.0670234;0.0670234
7298;0.209014;-0.931636;5.76936;1.06836;5.76936;0.00134047;6.70234;0.0670234;0.0670234
7299;0.209014;-0.931636;5.76936;1.06836;5.76936;0.00134047;6.70234;0.0670234;0.0670234
7300;0.209014;-0.931636;5.76936;1.06836;5.76936;0.00134047;6.70234;0.0670234;0.0670234
7301;0.209014;-0.931636;5.76936;1.06836;5.76936;0.00134047;6.70234;0.0670234;0.0670234
7302;0.209014;-0.931636;5.76936;1.06836;5.76936;0.00134047;6.70234;0.0670234;0.0670234
7303;0.209014;-0.931636;5.76936;1.06836;5.76936;0.00134047;6.70234;0.0670234;0.0670234
7304;0.209014;-0.931636;5.76936;1.06836;5.76936;0.00134047;6.70234;0.0670234;0.0670234
7305;0.209014;-0.931636;5.76936;1.06836;5.76936;0.00134047;6.70234;0.0670234;0.0670234
7306;0.209014;-0.931636;5.76936;1.06836;5.76936;0.00134047;6.70234;0.0670234;0.0670234
7307;0.209014;-0.931636;5.76936;1.06836;5.76936;0.00134047;6.70234;0.0670234;0.0670234
7308;0.209014;-0.931636;5.76936;1.06836;5.76936;0.00134047;6.70234;0.0670234;0.0670234
7309;0.209014;-0.931636;5.76936;1.06836;5.76936;0.00134047;6.70234;0.0670234;0.0670234
7310;0.209014;-0.931636;5.76936;1.06836;5.76936;0.00134047;6.70234;0.0670234;0.0670234
7311;0.209014;-0.931636;5.76936;1.06836;5.76936;0.00134047;6.70234;0.0670234;0.0670234
7312;0.209014;-0.931636;5.76936;1.06836;5.76936;0.00134047;6.70234;0.0670234;0.0670234
7313;0.209014;-0.931636;5.76936;1.06836;5.76936;0.00134047;6.70234;0.0670234;0.0670234
7314;0.209014;-0.931636;5.76936;1.06836;5.76936;0.00134047;6.70234;0.0670234;0.0670234
7315;0.209014;-0.931636;5.76936;1.06836;5.76936;0.00134047;6.70234;0.0670234;0.0670234
7316;0.209014;-0.931636;5.76936;1.06836;5.76936;0.00134047;6.70234;0.0670234;0.0670234
7317;0.209014;-0.931636;5.76936;1.06836;5.76936;0.00134047;6.70234;0.0670234;0.0670234
7318;0.209014;-0.931636;5.76936;1.06836;5.76936;0.00134047;6.70234;0.0670234;0.0670234
7319;0.209014;-0.931636;5.76936;1.06836;5.76936;0.00134047;6.70234;0.0670234;0.0670234
7320;0.209014;-0.931636;5.76936;1.06836;5.76936;0.00134047;6.70234;0.0670234;0.0670234
7321;0.209014;-0.931636;5.76936;1.06836;5.76936;0.00134047;6.70234;0.0670234;0.0670234
7322;0.209014;-0.931636;5.76936;1.06836;5.76936;0.00134047;6.70234;0.0670234;0.0670234
7323;0.209014;-0.931636;5.76936;1.06836;5.76936;0.00134047;6.70234;0.0670234;0.0670234
7324;0.209014;-0.931636;5.76936;1.06836;5.76936;0.00134047;6.70234;0.0670234;0.0670234
7325;0.209014;-0.931636;5.76936;1.06836;5.76936;0.00134047;6.70234;0.0670234;0.0670234
7326;0.209014;-0.931636;5.76936;1.06836;5.76936;0.00134047;6.70234;0.0670234;0.0670234
7327;0.209014;-0.931636;5.76936;1.06836;5.76936;0.00134047;6.70234;0.0670234;0.0670234
7328;0.209014;-0.931636;5.76936;1.06836;5.76936;0.00134047;6.70234;0.0670234;0.0670234
7329;0.209014;-0.931636;5.76936;1.06836;5.76936;0.00134047;6.70234;0.0670234;0.0670234
7330;0.209014;-0.931636;5.76936;1.06836;5.76936;0.00134047;6.70234;0.0670234;0.0670234
7331;0.209014;-0.931636;5.76936;1.06836;5.76936;0.00134047;6.70234;0.0670234;0.0670234
7332;0.209014;-0.931636;5.76936;1.06836;5.76936;0.00134047;6.70234;0.0670234;0.0670234
7333;0.209014;-0.931636;5.76936;1.06836;5.76936;0.00134047;6.70234;0.0670234;0.0670234
7334;0.209014;-0.931636;5.76936;1.06836;5.76936;0.00134047;6.70234;0.0670234;0.0670234
7335;0.209014;-0.931636;5.76936;1.06836;5.76936;0.00134047;6.70234;0.0670234;0.0670234
7336;0.209014;-0.931636;5.76936;1.06836;5.76936;0.00134047;6.70234;0.0670234;0.0670234
7337;0.209014;-0.931636;5.76936;1.06836;5.76936;0.00134047;6.70234;0.0670234;0.0670234
7338;0.209014;-0.931636;5.76936;1.06836;5.76936;0.00134047;6.70234;0.0670234;0.0670234
7339;0.209014;-0.931636;5.76936;1.06836;5.76936;0.00134047;6.70234;0.0670234;0.0670234
7340;0.209014;-0.931636;5.76936;1.06836;5.76936;0.00134047;6.70234;0.0670234;0.0670234
7341;0.209014;-0.931636;5.76936;1.06836;5.76936;0.00134047;6.70234;0.0670234;0.0670234
7342;0.209014;-0.931636;5.76936;1.06836;5.76936;0.00134047;6.70234;0.0670234;0.0670234
7343;0.209014;-0.931636;5.76936;1.06836;5.76936;0.00134047;6.70234;0.0670234;0.0670234
7344;0.209014;-0.931636;5.76936;1.06836;5.76936;0.00134047;6.70234;0.0670234;0.0670234
7345;0.209014;-0.931636;5.76936;1.06836;5.76936;0.00134047;6.70234;0.0670234;0.0670234
7346;0.209014;-0.931636;5.76936;1.06836;5.76936;0.00134047;6.70234;0.0670234;0.0670234
7347;0.209014;-0.931636;5.76936;1.06836;5.76936;0.00134047;6.70234;0.0670234;0.0670234
7348;0.209014;-0.931636;5.76936;1.06836;5.76936;0.00134047;6.70234;0.0670234;0.0670234
7349;0.209014;-0.931636;5.76936;1.06836;5.76936;0.00134047;6.70234;0.0670234;0.0670234
7350;0.209014;-0.931636;5.76936;1.06836;5.76936;0.00134047;6.70234;0.0670234;0.0670234
7351;0.209014;-0.931636;5.76936;1.06836;5.76936;0.00134047;6.70234;0.0670234;0.0670234
7352;0.209014;-0.931636;5.76936;1.06836;5.76936;0.00134047;6.70234;0.0670234;0.0670234
7353;0.209014;-0.931636;5.76936;1.06836;5.76936;0.00134047;6.70234;0.0670234;0.0670234
7354;0.209014;-0.931636;5.76936;1.06836;5.76936;0.00134047;6.70234;0.0670234;0.0670234
7355;0.209014;-0.931636;5.76936;1.06836;5.76936;0.00134047;6.70234;0.0670234;0.0670234
7356;0.209014;-0.931636;5.76936;1.06836;5.76936;0.00134047;6.70234;0.0670234;0.0670234
7357;0.209014;-0.931636;5.76936;1.06836;5.76936;0.00134047;6.70234;0.0670234;0.0670234
7358;0.209014;-0.931636;5.76936;1.06836;5.76936;0.00134047;6.70234;0.0670234;0.0670234
7359;0.209014;-0.931636;5.76936;1.06836;5.76936;0.00134047;6.70234;0.0670234;0.0670234
7360;0.209014;-0.931636;5.76936;1.06836;5.76936;0.00134047;6.70234;0.0670234;0.0670234
7361;0.209014;-0.931636;5.76936;1.06836;5.76936;0.00134047;6.70234;0.0670234;0.0670234
7362;0.209014;-0.931636;5.76936;1.06836;5.76936;0.00134047;6.70234;0.0670234;0.0670234
7363;0.209014;-0.931636;5.76936;1.06836;5.76936;0.00134047;6.70234;0.0670234;0.0670234
7364;0.209014;-0.931636;5.76936;1.06836;5.76936;0.00134047;6.70234;0.0670234;0.0670234
7365;0.209014;-0.931636;5.76936;1.06836;5.76936;0.00134047;6.70234;0.0670234;0.0670234
7366;0.209014;-0.931636;5.76936;1.06836;5.76936;0.00134047;6.70234;0.0670234;0.0670234
7367;0.209014;-0.931636;5.76936;1.06836;5.76936;0.00134047;6.70234;0.0670234;0.0670234
7368;0.209014;-0.931636;5.76936;1.06836;5.76936;0.00134047;6.70234;0.0670234;0.0670234
7369;0.209014;-0.931636;5.76936;1.06836;5.76936;0.00134047;6.70234;0.0670234;0.0670234
7370;0.209014;-0.931636;5.76936;1.06836;5.76936;0.00134047;6.70234;0.0670234;0.0670234
7371;0.209014;-0.931636;5.76936;1.06836;5.76936;0.00134047;6.70234;0.0670234;0.0670234
7372;0.209014;-0.931636;5.76936;1.06836;5.76936;0.00134047;6.70234;0.0670234;0.0670234
7373;0.209014;-0.931636;5.76936;1.06836;5.76936;0.00134047;6.70234;0.0670234;0.0670234
7374;0.209014;-0.931636;5.76936;1.06836;5.76936;0.00134047;6.70234;0.0670234;0.0670234
7375;0.209014;-0.931636;5.76936;1.06836;5.76936;0.00134047;6.70234;0.0670234;0.0670234
7376;0.209014;-0.931636;5.76936;1.06836;5.76936;0.00134047;6.70234;0.0670234;0.0670234
7377;0.209014;-0.931636;5.76936;1.06836;5.76936;0.00134047;6.70234;0.0670234;0.0670234
7378;0.209014;-0.931636;5.76936;1.06836;5.76936;0.00134047;6.70234;0.0670234;0.0670234
7379;0.209014;-0.931636;5.76936;1.06836;5.76936;0.00134047;6.70234;0.0670234;0.0670234
7380;0.209014;-0.931636;5.76936;1.06836;5.76936;0.00134047;6.70234;0.0670234;0.0670234
7381;0.209014;-0.931636;5.76936;1.06836;5.76936;0.00134047;6.70234;0.0670234;0.0670234
7382;0.209014;-0.931636;5.76936;1.06836;5.76936;0.00134047;6.70234;0.0670234;0.0670234
7383;0.209014;-0.931636;5.76936;1.06836;5.76936;0.00134047;6.70234;0.0670234;0.0670234
7384;0.209014;-0.931636;5.76936;1.06836;5.76936;0.00134047;6.70234;0.0670234;0.0670234
7385;0.209014;-0.931636;5.76936;1.06836;5.76936;0.00134047;6.70234;0.0670234;0.0670234
7386;0.209014;-0.931636;5.76936;1.06836;5.76936;0.00134047;6.70234;0.0670234;0.0670234
7387;0.209014;-0.931636;5.76936;1.06836;5.76936;0.00134047;6.70234;0.0670234;0.0670234
7388;0.209014;-0.931636;5.76936;1.06836;5.76936;0.00134047;6.70234;0.0670234;0.0670234
7389;0.209014;-0.931636;5.76936;1.06836;5.76936;0.00134047;6.70234;0.0670234;0.0670234
7390;0.209014;-0.931636;5.76936;1.06836;5.76936;0.00134047;6.70234;0.0670234;0.0670234
7391;0.209014;-0.931636;5.76936;1.06836;5.76936;0.00134047;6.70234;0.0670234;0.0670234
7392;0.209014;-0.931636;5.76936;1.06836;5.76936;0.00134047;6.70234;0.0670234;0.0670234
7393;0.209014;-0.931636;5.76936;1.06836;5.76936;0.00134047;6.70234;0.0670234;0.0670234
7394;0.209014;-0.931636;5.76936;1.06836;5.76936;0.00134047;6.70234;0.0670234;0.0670234
7395;0.209014;-0.931636;5.76936;1.06836;5.76936;0.00134047;6.70234;0.0670234;0.0670234
7396;0.209014;-0.931636;5.76936;1.06836;5.76936;0.00134047;6.70234;0.0670234;0.0670234
7397;0.209014;-0.931636;5.76936;1.06836;5.76936;0.00134047;6.70234;0.0670234;0.0670234
7398;0.209014;-0.931636;5.76936;1.06836;5.76936;0.00134047;6.70234;0.0670234;0.0670234
7399;0.209014;-0.931636;5.76936;1.06836;5.76936;0.00134047;6.70234;0.0670234;0.0670234
7400;0.209014;-0.931636;5.76936;1.06836;5.76936;0.00134047;6.70234;0.0670234;0.0670234
7401;0.209014;-0.931636;5.76936;1.06836;5.76936;0.00134047;6.70234;0.0670234;0.0670234
7402;0.209014;-0.931636;5.76936;1.06836;5.76936;0.00134047;6.70234;0.0670234;0.0670234
7403;0.209014;-0.931636;5.76936;1.06836;5.76936;0.00134047;6.70234;0.0670234;0.0670234
7404;0.209014;-0.931636;5.76936;1.06836;5.76936;0.00134047;6.70234;0.0670234;0.0670234
7405;0.209014;-0.931636;5.76936;1.06836;5.76936;0.00134047;6.70234;0.0670234;0.0670234
7406;0.209014;-0.931636;5.76936;1.06836;5.76936;0.00134047;6.70234;0.0670234;0.0670234
7407;0.209014;-0.931636;5.76936;1.06836;5.76936;0.00134047;6.70234;0.0670234;0.0670234
7408;0.209014;-0.931636;5.76936;1.06836;5.76936;0.00134047;6.70234;0.0670234;0.0670234
7409;0.209014;-0.931636;5.76936;1.06836;5.76936;0.00134047;6.70234;0.0670234;0.0670234
7410;0.209014;-0.931636;5.76936;1.06836;5.76936;0.00134047;6.70234;0.0670234;0.0670234
7411;0.209014;-0.931636;5.76936;1.06836;5.76936;0.00134047;6.70234;0.0670234;0.0670234
7412;0.209014;-0.931636;5.76936;1.06836;5.76936;0.00134047;6.70234;0.0670234;0.0670234
7413;0.209014;-0.931636;5.76936;1.06836;5.76936;0.00134047;6.70234;0.0670234;0.0670234
7414;0.209014;-0.931636;5.76936;1.06836;5.76936;0.00134047;6.70234;0.0670234;0.0670234
7415;0.209014;-0.931636;5.76936;1.06836;5.76936;0.00134047;6.70234;0.0670234;0.0670234
7416;0.209014;-0.931636;5.76936;1.06836;5.76936;0.00134047;6.70234;0.0670234;0.0670234
7417;0.209014;-0.931636;5.76936;1.06836;5.76936;0.00134047;6.70234;0.0670234;0.0670234
7418;0.209014;-0.931636;5.76936;1.06836;5.76936;0.00134047;6.70234;0.0670234;0.0670234
7419;0.209014;-0.931636;5.76936;1.06836;5.76936;0.00134047;6.70234;0.0670234;0.0670234
7420;0.209014;-0.931636;5.76936;1.06836;5.76936;0.00134047;6.70234;0.0670234;0.0670234
7421;0.209014;-0.931636;5.76936;1.06836;5.76936;0.00134047;6.70234;0.0670234;0.0670234
7422;0.209014;-0.931636;5.76936;1.06836;5.76936;0.00134047;6.70234;0.0670234;0.0670234
7423;0.209014;-0.931636;5.76936;1.06836;5.76936;0.00134047;6.70234;0.0670234;0.0670234
7424;0.209014;-0.931636;5.76936;1.06836;5.76936;0.00134047;6.70234;0.0670234;0.0670234
7425;0.209014;-0.931636;5.76936;1.06836;5.76936;0.00134047;6.70234;0.0670234;0.0670234
7426;0.209014;-0.931636;5.76936;1.06836;5.76936;0.00134047;6.70234;0.0670234;0.0670234
7427;0.209014;-0.931636;5.76936;1.06836;5.76936;0.00134047;6.70234;0.0670234;0.0670234
7428;0.209014;-0.931636;5.76936;1.06836;5.76936;0.00134047;6.70234;0.0670234;0.0670234
7429;0.209014;-0.931636;5.76936;1.06836;5.76936;0.00134047;6.70234;0.0670234;0.0670234
7430;0.209014;-0.931636;5.76936;1.06836;5.76936;0.00134047;6.70234;0.0670234;0.0670234
7431;0.209014;-0.931636;5.76936;1.06836;5.76936;0.00134047;6.70234;0.0670234;0.0670234
7432;0.209014;-0.931636;5.76936;1.06836;5.76936;0.00134047;6.70234;0.0670234;0.0670234
7433;0.209014;-0.931636;5.76936;1.06836;5.76936;0.00134047;6.70234;0.0670234;0.0670234
7434;0.209014;-0.931636;5.76936;1.06836;5.76936;0.00134047;6.70234;0.0670234;0.0670234
7435;0.209014;-0.931636;5.76936;1.06836;5.76936;0.00134047;6.70234;0.0670234;0.0670234
7436;0.209014;-0.931636;5.76936;1.06836;5.76936;0.00134047;6.70234;0.0670234;0.0670234
7437;0.209014;-0.931636;5.76936;1.06836;5.76936;0.00134047;6.70234;0.0670234;0.0670234
7438;0.209014;-0.931636;5.76936;1.06836;5.76936;0.00134047;6.70234;0.0670234;0.0670234
7439;0.209014;-0.931636;5.76936;1.06836;5.76936;0.00134047;6.70234;0.0670234;0.0670234
7440;0.209014;-0.931636;5.76936;1.06836;5.76936;0.00134047;6.70234;0.0670234;0.0670234
7441;0.209014;-0.931636;5.76936;1.06836;5.76936;0.00134047;6.70234;0.0670234;0.0670234
7442;0.209014;-0.931636;5.76936;1.06836;5.76936;0.00134047;6.70234;0.0670234;0.0670234
7443;0.209014;-0.931636;5.76936;1.06836;5.76936;0.00134047;6.70234;0.0670234;0.0670234
7444;0.209014;-0.931636;5.76936;1.06836;5.76936;0.00134047;6.70234;0.0670234;0.0670234
7445;0.209014;-0.931636;5.76936;1.06836;5.76936;0.00134047;6.70234;0.0670234;0.0670234
7446;0.209014;-0.931636;5.76936;1.06836;5.76936;0.00134047;6.70234;0.0670234;0.0670234
7447;0.209014;-0.931636;5.76936;1.06836;5.76936;0.00134047;6.70234;0.0670234;0.0670234
7448;0.209014;-0.931636;5.76936;1.06836;5.76936;0.00134047;6.70234;0.0670234;0.0670234
7449;0.209014;-0.931636;5.76936;1.06836;5.76936;0.00134047;6.70234;0.0670234;0.0670234
7450;0.209014;-0.931636;5.76936;1.06836;5.76936;0.00134047;6.70234;0.0670234;0.0670234
7451;0.209014;-0.931636;5.76936;1.06836;5.76936;0.00134047;6.70234;0.0670234;0.0670234
7452;0.209014;-0.931636;5.76936;1.06836;5.76936;0.00134047;6.70234;0.0670234;0.0670234
7453;0.209014;-0.931636;5.76936;1.06836;5.76936;0.00134047;6.70234;0.0670234;0.0670234
7454;0.209014;-0.931636;5.76936;1.06836;5.76936;0.00134047;6.70234;0.0670234;0.0670234
7455;0.209014;-0.931636;5.76936;1.06836;5.76936;0.00134047;6.70234;0.0670234;0.0670234
7456;0.209014;-0.931636;5.76936;1.06836;5.76936;0.00134047;6.70234;0.0670234;0.0670234
7457;0.209014;-0.931636;5.76936;1.06836;5.76936;0.00134047;6.70234;0.0670234;0.0670234
7458;0.209014;-0.931636;5.76936;1.06836;5.76936;0.00134047;6.70234;0.0670234;0.0670234
7459;0.209014;-0.931636;5.76936;1.06836;5.76936;0.00134047;6.70234;0.0670234;0.0670234
7460;0.209014;-0.931636;5.76936;1.06836;5.76936;0.00134047;6.70234;0.0670234;0.0670234
7461;0.209014;-0.931636;5.76936;1.06836;5.76936;0.00134047;6.70234;0.0670234;0.0670234
7462;0.209014;-0.931636;5.76936;1.06836;5.76936;0.00134047;6.70234;0.0670234;0.0670234
7463;0.209014;-0.931636;5.76936;1.06836;5.76936;0.00134047;6.70234;0.0670234;0.0670234
7464;0.209014;-0.931636;5.76936;1.06836;5.76936;0.00134047;6.70234;0.0670234;0.0670234
7465;0.209014;-0.931636;5.76936;1.06836;5.76936;0.00134047;6.70234;0.0670234;0.0670234
7466;0.209014;-0.931636;5.76936;1.06836;5.76936;0.00134047;6.70234;0.0670234;0.0670234
7467;0.209014;-0.931636;5.76936;1.06836;5.76936;0.00134047;6.70234;0.0670234;0.0670234
7468;0.209014;-0.931636;5.76936;1.06836;5.76936;0.00134047;6.70234;0.0670234;0.0670234
7469;0.209014;-0.931636;5.76936;1.06836;5.76936;0.00134047;6.70234;0.0670234;0.0670234
7470;0.209014;-0.931636;5.76936;1.06836;5.76936;0.00134047;6.70234;0.0670234;0.0670234
7471;0.209014;-0.931636;5.76936;1.06836;5.76936;0.00134047;6.70234;0.0670234;0.0670234
7472;0.209014;-0.931636;5.76936;1.06836;5.76936;0.00134047;6.70234;0.0670234;0.0670234
7473;0.209014;-0.931636;5.76936;1.06836;5.76936;0.00134047;6.70234;0.0670234;0.0670234
7474;0.209014;-0.931636;5.76936;1.06836;5.76936;0.00134047;6.70234;0.0670234;0.0670234
7475;0.209014;-0.931636;5.76936;1.06836;5.76936;0.00134047;6.70234;0.0670234;0.0670234
7476;0.209014;-0.931636;5.76936;1.06836;5.76936;0.00134047;6.70234;0.0670234;0.0670234
7477;0.209014;-0.931636;5.76936;1.06836;5.76936;0.00134047;6.70234;0.0670234;0.0670234
7478;0.209014;-0.931636;5.76936;1.06836;5.76936;0.00134047;6.70234;0.0670234;0.0670234
7479;0.209014;-0.931636;5.76936;1.06836;5.76936;0.00134047;6.70234;0.0670234;0.0670234
7480;0.209014;-0.931636;5.76936;1.06836;5.76936;0.00134047;6.70234;0.0670234;0.0670234
7481;0.209014;-0.931636;5.76936;1.06836;5.76936;0.00134047;6.70234;0.0670234;0.0670234
7482;0.209014;-0.931636;5.76936;1.06836;5.76936;0.00134047;6.70234;0.0670234;0.0670234
7483;0.209014;-0.931636;5.76936;1.06836;5.76936;0.00134047;6.70234;0.0670234;0.0670234
7484;0.209014;-0.931636;5.76936;1.06836;5.76936;0.00134047;6.70234;0.0670234;0.0670234
7485;0.209014;-0.931636;5.76936;1.06836;5.76936;0.00134047;6.70234;0.0670234;0.0670234
7486;0.209014;-0.931636;5.76936;1.06836;5.76936;0.00134047;6.70234;0.0670234;0.0670234
7487;0.209014;-0.931636;5.76936;1.06836;5.76936;0.00134047;6.70234;0.0670234;0.0670234
7488;0.209014;-0.931636;5.76936;1.06836;5.76936;0.00134047;6.70234;0.0670234;0.0670234
7489;0.209014;-0.931636;5.76936;1.06836;5.76936;0.00134047;6.70234;0.0670234;0.0670234
7490;0.209014;-0.931636;5.76936;1.06836;5.76936;0.00134047;6.70234;0.0670234;0.0670234
7491;0.209014;-0.931636;5.76936;1.06836;5.76936;0.00134047;6.70234;0.0670234;0.0670234
7492;0.209014;-0.931636;5.76936;1.06836;5.76936;0.00134047;6.70234;0.0670234;0.0670234
7493;0.209014;-0.931636;5.76936;1.06836;5.76936;0.00134047;6.70234;0.0670234;0.0670234
7494;0.209014;-0.931636;5.76936;1.06836;5.76936;0.00134047;6.70234;0.0670234;0.0670234
7495;0.209014;-0.931636;5.76936;1.06836;5.76936;0.00134047;6.70234;0.0670234;0.0670234
7496;0.209014;-0.931636;5.76936;1.06836;5.76936;0.00134047;6.70234;0.0670234;0.0670234
7497;0.209014;-0.931636;5.76936;1.06836;5.76936;0.00134047;6.70234;0.0670234;0.0670234
7498;0.209014;-0.931636;5.76936;1.06836;5.76936;0.00134047;6.70234;0.0670234;0.0670234
7499;0.209014;-0.931636;5.76936;1.06836;5.76936;0.00134047;6.70234;0.0670234;0.0670234
7500;0.209014;-0.931636;5.76936;1.06836;5.76936;0.00134047;6.70234;0.0670234;0.0670234
7501;0.209014;-0.931636;5.76936;1.06836;5.76936;0.00134047;6.70234;0.0670234;0.0670234
7502;0.209014;-0.931636;5.76936;1.06836;5.76936;0.00134047;6.70234;0.0670234;0.0670234
7503;0.209014;-0.931636;5.76936;1.06836;5.76936;0.00134047;6.70234;0.0670234;0.0670234
7504;0.209014;-0.931636;5.76936;1.06836;5.76936;0.00134047;6.70234;0.0670234;0.0670234
7505;0.209014;-0.931636;5.76936;1.06836;5.76936;0.00134047;6.70234;0.0670234;0.0670234
7506;0.209014;-0.931636;5.76936;1.06836;5.76936;0.00134047;6.70234;0.0670234;0.0670234
7507;0.209014;-0.931636;5.76936;1.06836;5.76936;0.00134047;6.70234;0.0670234;0.0670234
7508;0.209014;-0.931636;5.76936;1.06836;5.76936;0.00134047;6.70234;0.0670234;0.0670234
7509;0.209014;-0.931636;5.76936;1.06836;5.76936;0.00134047;6.70234;0.0670234;0.0670234
7510;0.209014;-0.931636;5.76936;1.06836;5.76936;0.00134047;6.70234;0.0670234;0.0670234
7511;0.209014;-0.931636;5.76936;1.06836;5.76936;0.00134047;6.70234;0.0670234;0.0670234
7512;0.209014;-0.931636;5.76936;1.06836;5.76936;0.00134047;6.70234;0.0670234;0.0670234
7513;0.209014;-0.931636;5.76936;1.06836;5.76936;0.00134047;6.70234;0.0670234;0.0670234
7514;0.209014;-0.931636;5.76936;1.06836;5.76936;0.00134047;6.70234;0.0670234;0.0670234
7515;0.209014;-0.931636;5.76936;1.06836;5.76936;0.00134047;6.70234;0.0670234;0.0670234
7516;0.209014;-0.931636;5.76936;1.06836;5.76936;0.00134047;6.70234;0.0670234;0.0670234
7517;0.209014;-0.931636;5.76936;1.06836;5.76936;0.00134047;6.70234;0.0670234;0.0670234
7518;0.209014;-0.931636;5.76936;1.06836;5.76936;0.00134047;6.70234;0.0670234;0.0670234
7519;0.209014;-0.931636;5.76936;1.06836;5.76936;0.00134047;6.70234;0.0670234;0.0670234
7520;0.209014;-0.931636;5.76936;1.06836;5.76936;0.00134047;6.70234;0.0670234;0.0670234
7521;0.209014;-0.931636;5.76936;1.06836;5.76936;0.00134047;6.70234;0.0670234;0.0670234
7522;0.209014;-0.931636;5.76936;1.06836;5.76936;0.00134047;6.70234;0.0670234;0.0670234
7523;0.209014;-0.931636;5.76936;1.06836;5.76936;0.00134047;6.70234;0.0670234;0.0670234
7524;0.209014;-0.931636;5.76936;1.06836;5.76936;0.00134047;6.70234;0.0670234;0.0670234
7525;0.209014;-0.931636;5.76936;1.06836;5.76936;0.00134047;6.70234;0.0670234;0.0670234
7526;0.209014;-0.931636;5.76936;1.06836;5.76936;0.00134047;6.70234;0.0670234;0.0670234
7527;0.209014;-0.931636;5.76936;1.06836;5.76936;0.00134047;6.70234;0.0670234;0.0670234
7528;0.209014;-0.931636;5.76936;1.06836;5.76936;0.00134047;6.70234;0.0670234;0.0670234
7529;0.209014;-0.931636;5.76936;1.06836;5.76936;0.00134047;6.70234;0.0670234;0.0670234
7530;0.209014;-0.931636;5.76936;1.06836;5.76936;0.00134047;6.70234;0.0670234;0.0670234
7531;0.209014;-0.931636;5.76936;1.06836;5.76936;0.00134047;6.70234;0.0670234;0.0670234
7532;0.209014;-0.931636;5.76936;1.06836;5.76936;0.00134047;6.70234;0.0670234;0.0670234
7533;0.209014;-0.931636;5.76936;1.06836;5.76936;0.00134047;6.70234;0.0670234;0.0670234
7534;0.209014;-0.931636;5.76936;1.06836;5.76936;0.00134047;6.70234;0.0670234;0.0670234
7535;0.209014;-0.931636;5.76936;1.06836;5.76936;0.00134047;6.70234;0.0670234;0.0670234
7536;0.209014;-0.931636;5.76936;1.06836;5.76936;0.00134047;6.70234;0.0670234;0.0670234
7537;0.209014;-0.931636;5.76936;1.06836;5.76936;0.00134047;6.70234;0.0670234;0.0670234
7538;0.209014;-0.931636;5.76936;1.06836;5.76936;0.00134047;6.70234;0.0670234;0.0670234
7539;0.209014;-0.931636;5.76936;1.06836;5.76936;0.00134047;6.70234;0.0670234;0.0670234
7540;0.209014;-0.931636;5.76936;1.06836;5.76936;0.00134047;6.70234;0.0670234;0.0670234
7541;0.209014;-0.931636;5.76936;1.06836;5.76936;0.00134047;6.70234;0.0670234;0.0670234
7542;0.209014;-0.931636;5.76936;1.06836;5.76936;0.00134047;6.70234;0.0670234;0.0670234
7543;0.209014;-0.931636;5.76936;1.06836;5.76936;0.00134047;6.70234;0.0670234;0.0670234
7544;0.209014;-0.931636;5.76936;1.06836;5.76936;0.00134047;6.70234;0.0670234;0.0670234
7545;0.209014;-0.931636;5.76936;1.06836;5.76936;0.00134047;6.70234;0.0670234;0.0670234
7546;0.209014;-0.931636;5.76936;1.06836;5.76936;0.00134047;6.70234;0.0670234;0.0670234
7547;0.209014;-0.931636;5.76936;1.06836;5.76936;0.00134047;6.70234;0.0670234;0.0670234
7548;0.209014;-0.931636;5.76936;1.06836;5.76936;0.00134047;6.70234;0.0670234;0.0670234
7549;0.209014;-0.931636;5.76936;1.06836;5.76936;0.00134047;6.70234;0.0670234;0.0670234
7550;0.209014;-0.931636;5.76936;1.06836;5.76936;0.00134047;6.70234;0.0670234;0.0670234
7551;0.209014;-0.931636;5.76936;1.06836;5.76936;0.00134047;6.70234;0.0670234;0.0670234
7552;0.209014;-0.931636;5.76936;1.06836;5.76936;0.00134047;6.70234;0.0670234;0.0670234
7553;0.209014;-0.931636;5.76936;1.06836;5.76936;0.00134047;6.70234;0.0670234;0.0670234
7554;0.209014;-0.931636;5.76936;1.06836;5.76936;0.00134047;6.70234;0.0670234;0.0670234
7555;0.209014;-0.931636;5.76936;1.06836;5.76936;0.00134047;6.70234;0.0670234;0.0670234
7556;0.209014;-0.931636;5.76936;1.06836;5.76936;0.00134047;6.70234;0.0670234;0.0670234
7557;0.209014;-0.931636;5.76936;1.06836;5.76936;0.00134047;6.70234;0.0670234;0.0670234
7558;0.209014;-0.931636;5.76936;1.06836;5.76936;0.00134047;6.70234;0.0670234;0.0670234
7559;0.209014;-0.931636;5.76936;1.06836;5.76936;0.00134047;6.70234;0.0670234;0.0670234
7560;0.209014;-0.931636;5.76936;1.06836;5.76936;0.00134047;6.70234;0.0670234;0.0670234
7561;0.209014;-0.931636;5.76936;1.06836;5.76936;0.00134047;6.70234;0.0670234;0.0670234
7562;0.209014;-0.931636;5.76936;1.06836;5.76936;0.00134047;6.70234;0.0670234;0.0670234
7563;0.209014;-0.931636;5.76936;1.06836;5.76936;0.00134047;6.70234;0.0670234;0.0670234
7564;0.209014;-0.931636;5.76936;1.06836;5.76936;0.00134047;6.70234;0.0670234;0.0670234
7565;0.209014;-0.931636;5.76936;1.06836;5.76936;0.00134047;6.70234;0.0670234;0.0670234
7566;0.209014;-0.931636;5.76936;1.06836;5.76936;0.00134047;6.70234;0.0670234;0.0670234
7567;0.209014;-0.931636;5.76936;1.06836;5.76936;0.00134047;6.70234;0.0670234;0.0670234
7568;0.209014;-0.931636;5.76936;1.06836;5.76936;0.00134047;6.70234;0.0670234;0.0670234
7569;0.209014;-0.931636;5.76936;1.06836;5.76936;0.00134047;6.70234;0.0670234;0.0670234
7570;0.209014;-0.931636;5.76936;1.06836;5.76936;0.00134047;6.70234;0.0670234;0.0670234
7571;0.209014;-0.931636;5.76936;1.06836;5.76936;0.00134047;6.70234;0.0670234;0.0670234
7572;0.209014;-0.931636;5.76936;1.06836;5.76936;0.00134047;6.70234;0.0670234;0.0670234
7573;0.209014;-0.931636;5.76936;1.06836;5.76936;0.00134047;6.70234;0.0670234;0.0670234
7574;0.209014;-0.931636;5.76936;1.06836;5.76936;0.00134047;6.70234;0.0670234;0.0670234
7575;0.209014;-0.931636;5.76936;1.06836;5.76936;0.00134047;6.70234;0.0670234;0.0670234
7576;0.209014;-0.931636;5.76936;1.06836;5.76936;0.00134047;6.70234;0.0670234;0.0670234
7577;0.209014;-0.931636;5.76936;1.06836;5.76936;0.00134047;6.70234;0.0670234;0.0670234
7578;0.209014;-0.931636;5.76936;1.06836;5.76936;0.00134047;6.70234;0.0670234;0.0670234
7579;0.209014;-0.931636;5.76936;1.06836;5.76936;0.00134047;6.70234;0.0670234;0.0670234
7580;0.209014;-0.931636;5.76936;1.06836;5.76936;0.00134047;6.70234;0.0670234;0.0670234
7581;0.209014;-0.931636;5.76936;1.06836;5.76936;0.00134047;6.70234;0.0670234;0.0670234
7582;0.209014;-0.931636;5.76936;1.06836;5.76936;0.00134047;6.70234;0.0670234;0.0670234
7583;0.209014;-0.931636;5.76936;1.06836;5.76936;0.00134047;6.70234;0.0670234;0.0670234
7584;0.209014;-0.931636;5.76936;1.06836;5.76936;0.00134047;6.70234;0.0670234;0.0670234
7585;0.209014;-0.931636;5.76936;1.06836;5.76936;0.00134047;6.70234;0.0670234;0.0670234
7586;0.209014;-0.931636;5.76936;1.06836;5.76936;0.00134047;6.70234;0.0670234;0.0670234
7587;0.209014;-0.931636;5.76936;1.06836;5.76936;0.00134047;6.70234;0.0670234;0.0670234
7588;0.209014;-0.931636;5.76936;1.06836;5.76936;0.00134047;6.70234;0.0670234;0.0670234
7589;0.209014;-0.931636;5.76936;1.06836;5.76936;0.00134047;6.70234;0.0670234;0.0670234
7590;0.209014;-0.931636;5.76936;1.06836;5.76936;0.00134047;6.70234;0.0670234;0.0670234
7591;0.209014;-0.931636;5.76936;1.06836;5.76936;0.00134047;6.70234;0.0670234;0.0670234
7592;0.209014;-0.931636;5.76936;1.06836;5.76936;0.00134047;6.70234;0.0670234;0.0670234
7593;0.209014;-0.931636;5.76936;1.06836;5.76936;0.00134047;6.70234;0.0670234;0.0670234
7594;0.209014;-0.931636;5.76936;1.06836;5.76936;0.00134047;6.70234;0.0670234;0.0670234
7595;0.209014;-0.931636;5.76936;1.06836;5.76936;0.00134047;6.70234;0.0670234;0.0670234
7596;0.209014;-0.931636;5.76936;1.06836;5.76936;0.00134047;6.70234;0.0670234;0.0670234
7597;0.209014;-0.931636;5.76936;1.06836;5.76936;0.00134047;6.70234;0.0670234;0.0670234
7598;0.209014;-0.931636;5.76936;1.06836;5.76936;0.00134047;6.70234;0.0670234;0.0670234
7599;0.209014;-0.931636;5.76936;1.06836;5.76936;0.00134047;6.70234;0.0670234;0.0670234
7600;0.209014;-0.931636;5.76936;1.06836;5.76936;0.00134047;6.70234;0.0670234;0.0670234
7601;0.209014;-0.931636;5.76936;1.06836;5.76936;0.00134047;6.70234;0.0670234;0.0670234
7602;0.209014;-0.931636;5.76936;1.06836;5.76936;0.00134047;6.70234;0.0670234;0.0670234
7603;0.209014;-0.931636;5.76936;1.06836;5.76936;0.00134047;6.70234;0.0670234;0.0670234
7604;0.209014;-0.931636;5.76936;1.06836;5.76936;0.00134047;6.70234;0.0670234;0.0670234
7605;0.209014;-0.931636;5.76936;1.06836;5.76936;0.00134047;6.70234;0.0670234;0.0670234
7606;0.209014;-0.931636;5.76936;1.06836;5.76936;0.00134047;6.70234;0.0670234;0.0670234
7607;0.209014;-0.931636;5.76936;1.06836;5.76936;0.00134047;6.70234;0.0670234;0.0670234
7608;0.209014;-0.931636;5.76936;1.06836;5.76936;0.00134047;6.70234;0.0670234;0.0670234
7609;0.209014;-0.931636;5.76936;1.06836;5.76936;0.00134047;6.70234;0.0670234;0.0670234
7610;0.209014;-0.931636;5.76936;1.06836;5.76936;0.00134047;6.70234;0.0670234;0.0670234
7611;0.209014;-0.931636;5.76936;1.06836;5.76936;0.00134047;6.70234;0.0670234;0.0670234
7612;0.209014;-0.931636;5.76936;1.06836;5.76936;0.00134047;6.70234;0.0670234;0.0670234
7613;0.209014;-0.931636;5.76936;1.06836;5.76936;0.00134047;6.70234;0.0670234;0.0670234
7614;0.209014;-0.931636;5.76936;1.06836;5.76936;0.00134047;6.70234;0.0670234;0.0670234
7615;0.209014;-0.931636;5.76936;1.06836;5.76936;0.00134047;6.70234;0.0670234;0.0670234
7616;0.209014;-0.931636;5.76936;1.06836;5.76936;0.00134047;6.70234;0.0670234;0.0670234
7617;0.209014;-0.931636;5.76936;1.06836;5.76936;0.00134047;6.70234;0.0670234;0.0670234
7618;0.209014;-0.931636;5.76936;1.06836;5.76936;0.00134047;6.70234;0.0670234;0.0670234
7619;0.209014;-0.931636;5.76936;1.06836;5.76936;0.00134047;6.70234;0.0670234;0.0670234
7620;0.209014;-0.931636;5.76936;1.06836;5.76936;0.00134047;6.70234;0.0670234;0.0670234
7621;0.209014;-0.931636;5.76936;1.06836;5.76936;0.00134047;6.70234;0.0670234;0.0670234
7622;0.209014;-0.931636;5.76936;1.06836;5.76936;0.00134047;6.70234;0.0670234;0.0670234
7623;0.209014;-0.931636;5.76936;1.06836;5.76936;0.00134047;6.70234;0.0670234;0.0670234
7624;0.209014;-0.931636;5.76936;1.06836;5.76936;0.00134047;6.70234;0.0670234;0.0670234
7625;0.209014;-0.931636;5.76936;1.06836;5.76936;0.00134047;6.70234;0.0670234;0.0670234
7626;0.209014;-0.931636;5.76936;1.06836;5.76936;0.00134047;6.70234;0.0670234;0.0670234
7627;0.209014;-0.931636;5.76936;1.06836;5.76936;0.00134047;6.70234;0.0670234;0.0670234
7628;0.209014;-0.931636;5.76936;1.06836;5.76936;0.00134047;6.70234;0.0670234;0.0670234
7629;0.209014;-0.931636;5.76936;1.06836;5.76936;0.00134047;6.70234;0.0670234;0.0670234
7630;0.209014;-0.931636;5.76936;1.06836;5.76936;0.00134047;6.70234;0.0670234;0.0670234
7631;0.209014;-0.931636;5.76936;1.06836;5.76936;0.00134047;6.70234;0.0670234;0.0670234
7632;0.209014;-0.931636;5.76936;1.06836;5.76936;0.00134047;6.70234;0.0670234;0.0670234
7633;0.209014;-0.931636;5.76936;1.06836;5.76936;0.00134047;6.70234;0.0670234;0.0670234
7634;0.209014;-0.931636;5.76936;1.06836;5.76936;0.00134047;6.70234;0.0670234;0.0670234
7635;0.209014;-0.931636;5.76936;1.06836;5.76936;0.00134047;6.70234;0.0670234;0.0670234
7636;0.209014;-0.931636;5.76936;1.06836;5.76936;0.00134047;6.70234;0.0670234;0.0670234
7637;0.209014;-0.931636;5.76936;1.06836;5.76936;0.00134047;6.70234;0.0670234;0.0670234
7638;0.209014;-0.931636;5.76936;1.06836;5.76936;0.00134047;6.70234;0.0670234;0.0670234
7639;0.209014;-0.931636;5.76936;1.06836;5.76936;0.00134047;6.70234;0.0670234;0.0670234
7640;0.209014;-0.931636;5.76936;1.06836;5.76936;0.00134047;6.70234;0.0670234;0.0670234
7641;0.209014;-0.931636;5.76936;1.06836;5.76936;0.00134047;6.70234;0.0670234;0.0670234
7642;0.209014;-0.931636;5.76936;1.06836;5.76936;0.00134047;6.70234;0.0670234;0.0670234
7643;0.209014;-0.931636;5.76936;1.06836;5.76936;0.00134047;6.70234;0.0670234;0.0670234
7644;0.209014;-0.931636;5.76936;1.06836;5.76936;0.00134047;6.70234;0.0670234;0.0670234
7645;0.209014;-0.931636;5.76936;1.06836;5.76936;0.00134047;6.70234;0.0670234;0.0670234
7646;0.209014;-0.931636;5.76936;1.06836;5.76936;0.00134047;6.70234;0.0670234;0.0670234
7647;0.209014;-0.931636;5.76936;1.06836;5.76936;0.00134047;6.70234;0.0670234;0.0670234
7648;0.209014;-0.931636;5.76936;1.06836;5.76936;0.00134047;6.70234;0.0670234;0.0670234
7649;0.209014;-0.931636;5.76936;1.06836;5.76936;0.00134047;6.70234;0.0670234;0.0670234
7650;0.209014;-0.931636;5.76936;1.06836;5.76936;0.00134047;6.70234;0.0670234;0.0670234
7651;0.209014;-0.931636;5.76936;1.06836;5.76936;0.00134047;6.70234;0.0670234;0.0670234
7652;0.209014;-0.931636;5.76936;1.06836;5.76936;0.00134047;6.70234;0.0670234;0.0670234
7653;0.209014;-0.931636;5.76936;1.06836;5.76936;0.00134047;6.70234;0.0670234;0.0670234
7654;0.209014;-0.931636;5.76936;1.06836;5.76936;0.00134047;6.70234;0.0670234;0.0670234
7655;0.209014;-0.931636;5.76936;1.06836;5.76936;0.00134047;6.70234;0.0670234;0.0670234
7656;0.209014;-0.931636;5.76936;1.06836;5.76936;0.00134047;6.70234;0.0670234;0.0670234
7657;0.209014;-0.931636;5.76936;1.06836;5.76936;0.00134047;6.70234;0.0670234;0.0670234
7658;0.209014;-0.931636;5.76936;1.06836;5.76936;0.00134047;6.70234;0.0670234;0.0670234
7659;0.209014;-0.931636;5.76936;1.06836;5.76936;0.00134047;6.70234;0.0670234;0.0670234
7660;0.209014;-0.931636;5.76936;1.06836;5.76936;0.00134047;6.70234;0.0670234;0.0670234
7661;0.209014;-0.931636;5.76936;1.06836;5.76936;0.00134047;6.70234;0.0670234;0.0670234
7662;0.209014;-0.931636;5.76936;1.06836;5.76936;0.00134047;6.70234;0.0670234;0.0670234
7663;0.209014;-0.931636;5.76936;1.06836;5.76936;0.00134047;6.70234;0.0670234;0.0670234
7664;0.209014;-0.931636;5.76936;1.06836;5.76936;0.00134047;6.70234;0.0670234;0.0670234
7665;0.209014;-0.931636;5.76936;1.06836;5.76936;0.00134047;6.70234;0.0670234;0.0670234
7666;0.209014;-0.931636;5.76936;1.06836;5.76936;0.00134047;6.70234;0.0670234;0.0670234
7667;0.209014;-0.931636;5.76936;1.06836;5.76936;0.00134047;6.70234;0.0670234;0.0670234
7668;0.209014;-0.931636;5.76936;1.06836;5.76936;0.00134047;6.70234;0.0670234;0.0670234
7669;0.209014;-0.931636;5.76936;1.06836;5.76936;0.00134047;6.70234;0.0670234;0.0670234
7670;0.209014;-0.931636;5.76936;1.06836;5.76936;0.00134047;6.70234;0.0670234;0.0670234
7671;0.209014;-0.931636;5.76936;1.06836;5.76936;0.00134047;6.70234;0.0670234;0.0670234
7672;0.209014;-0.931636;5.76936;1.06836;5.76936;0.00134047;6.70234;0.0670234;0.0670234
7673;0.209014;-0.931636;5.76936;1.06836;5.76936;0.00134047;6.70234;0.0670234;0.0670234
7674;0.209014;-0.931636;5.76936;1.06836;5.76936;0.00134047;6.70234;0.0670234;0.0670234
7675;0.209014;-0.931636;5.76936;1.06836;5.76936;0.00134047;6.70234;0.0670234;0.0670234
7676;0.209014;-0.931636;5.76936;1.06836;5.76936;0.00134047;6.70234;0.0670234;0.0670234
7677;0.209014;-0.931636;5.76936;1.06836;5.76936;0.00134047;6.70234;0.0670234;0.0670234
7678;0.209014;-0.931636;5.76936;1.06836;5.76936;0.00134047;6.70234;0.0670234;0.0670234
7679;0.209014;-0.931636;5.76936;1.06836;5.76936;0.00134047;6.70234;0.0670234;0.0670234
7680;0.209014;-0.931636;5.76936;1.06836;5.76936;0.00134047;6.70234;0.0670234;0.0670234
7681;0.209014;-0.931636;5.76936;1.06836;5.76936;0.00134047;6.70234;0.0670234;0.0670234
7682;0.209014;-0.931636;5.76936;1.06836;5.76936;0.00134047;6.70234;0.0670234;0.0670234
7683;0.209014;-0.931636;5.76936;1.06836;5.76936;0.00134047;6.70234;0.0670234;0.0670234
7684;0.209014;-0.931636;5.76936;1.06836;5.76936;0.00134047;6.70234;0.0670234;0.0670234
7685;0.209014;-0.931636;5.76936;1.06836;5.76936;0.00134047;6.70234;0.0670234;0.0670234
7686;0.209014;-0.931636;5.76936;1.06836;5.76936;0.00134047;6.70234;0.0670234;0.0670234
7687;0.209014;-0.931636;5.76936;1.06836;5.76936;0.00134047;6.70234;0.0670234;0.0670234
7688;0.209014;-0.931636;5.76936;1.06836;5.76936;0.00134047;6.70234;0.0670234;0.0670234
7689;0.209014;-0.931636;5.76936;1.06836;5.76936;0.00134047;6.70234;0.0670234;0.0670234
7690;0.209014;-0.931636;5.76936;1.06836;5.76936;0.00134047;6.70234;0.0670234;0.0670234
7691;0.209014;-0.931636;5.76936;1.06836;5.76936;0.00134047;6.70234;0.0670234;0.0670234
7692;0.209014;-0.931636;5.76936;1.06836;5.76936;0.00134047;6.70234;0.0670234;0.0670234
7693;0.209014;-0.931636;5.76936;1.06836;5.76936;0.00134047;6.70234;0.0670234;0.0670234
7694;0.209014;-0.931636;5.76936;1.06836;5.76936;0.00134047;6.70234;0.0670234;0.0670234
7695;0.209014;-0.931636;5.76936;1.06836;5.76936;0.00134047;6.70234;0.0670234;0.0670234
7696;0.209014;-0.931636;5.76936;1.06836;5.76936;0.00134047;6.70234;0.0670234;0.0670234
7697;0.209014;-0.931636;5.76936;1.06836;5.76936;0.00134047;6.70234;0.0670234;0.0670234
7698;0.209014;-0.931636;5.76936;1.06836;5.76936;0.00134047;6.70234;0.0670234;0.0670234
7699;0.209014;-0.931636;5.76936;1.06836;5.76936;0.00134047;6.70234;0.0670234;0.0670234
7700;0.209014;-0.931636;5.76936;1.06836;5.76936;0.00134047;6.70234;0.0670234;0.0670234
7701;0.209014;-0.931636;5.76936;1.06836;5.76936;0.00134047;6.70234;0.0670234;0.0670234
7702;0.209014;-0.931636;5.76936;1.06836;5.76936;0.00134047;6.70234;0.0670234;0.0670234
7703;0.209014;-0.931636;5.76936;1.06836;5.76936;0.00134047;6.70234;0.0670234;0.0670234
7704;0.209014;-0.931636;5.76936;1.06836;5.76936;0.00134047;6.70234;0.0670234;0.0670234
7705;0.209014;-0.931636;5.76936;1.06836;5.76936;0.00134047;6.70234;0.0670234;0.0670234
7706;0.209014;-0.931636;5.76936;1.06836;5.76936;0.00134047;6.70234;0.0670234;0.0670234
7707;0.209014;-0.931636;5.76936;1.06836;5.76936;0.00134047;6.70234;0.0670234;0.0670234
7708;0.209014;-0.931636;5.76936;1.06836;5.76936;0.00134047;6.70234;0.0670234;0.0670234
7709;0.209014;-0.931636;5.76936;1.06836;5.76936;0.00134047;6.70234;0.0670234;0.0670234
7710;0.209014;-0.931636;5.76936;1.06836;5.76936;0.00134047;6.70234;0.0670234;0.0670234
7711;0.209014;-0.931636;5.76936;1.06836;5.76936;0.00134047;6.70234;0.0670234;0.0670234
7712;0.209014;-0.931636;5.76936;1.06836;5.76936;0.00134047;6.70234;0.0670234;0.0670234
7713;0.209014;-0.931636;5.76936;1.06836;5.76936;0.00134047;6.70234;0.0670234;0.0670234
7714;0.209014;-0.931636;5.76936;1.06836;5.76936;0.00134047;6.70234;0.0670234;0.0670234
7715;0.209014;-0.931636;5.76936;1.06836;5.76936;0.00134047;6.70234;0.0670234;0.0670234
7716;0.209014;-0.931636;5.76936;1.06836;5.76936;0.00134047;6.70234;0.0670234;0.0670234
7717;0.209014;-0.931636;5.76936;1.06836;5.76936;0.00134047;6.70234;0.0670234;0.0670234
7718;0.209014;-0.931636;5.76936;1.06836;5.76936;0.00134047;6.70234;0.0670234;0.0670234
7719;0.209014;-0.931636;5.76936;1.06836;5.76936;0.00134047;6.70234;0.0670234;0.0670234
7720;0.209014;-0.931636;5.76936;1.06836;5.76936;0.00134047;6.70234;0.0670234;0.0670234
7721;0.209014;-0.931636;5.76936;1.06836;5.76936;0.00134047;6.70234;0.0670234;0.0670234
7722;0.209014;-0.931636;5.76936;1.06836;5.76936;0.00134047;6.70234;0.0670234;0.0670234
7723;0.209014;-0.931636;5.76936;1.06836;5.76936;0.00134047;6.70234;0.0670234;0.0670234
7724;0.209014;-0.931636;5.76936;1.06836;5.76936;0.00134047;6.70234;0.0670234;0.0670234
7725;0.209014;-0.931636;5.76936;1.06836;5.76936;0.00134047;6.70234;0.0670234;0.0670234
7726;0.209014;-0.931636;5.76936;1.06836;5.76936;0.00134047;6.70234;0.0670234;0.0670234
7727;0.209014;-0.931636;5.76936;1.06836;5.76936;0.00134047;6.70234;0.0670234;0.0670234
7728;0.209014;-0.931636;5.76936;1.06836;5.76936;0.00134047;6.70234;0.0670234;0.0670234
7729;0.209014;-0.931636;5.76936;1.06836;5.76936;0.00134047;6.70234;0.0670234;0.0670234
7730;0.209014;-0.931636;5.76936;1.06836;5.76936;0.00134047;6.70234;0.0670234;0.0670234
7731;0.209014;-0.931636;5.76936;1.06836;5.76936;0.00134047;6.70234;0.0670234;0.0670234
7732;0.209014;-0.931636;5.76936;1.06836;5.76936;0.00134047;6.70234;0.0670234;0.0670234
7733;0.209014;-0.931636;5.76936;1.06836;5.76936;0.00134047;6.70234;0.0670234;0.0670234
7734;0.209014;-0.931636;5.76936;1.06836;5.76936;0.00134047;6.70234;0.0670234;0.0670234
7735;0.209014;-0.931636;5.76936;1.06836;5.76936;0.00134047;6.70234;0.0670234;0.0670234
7736;0.209014;-0.931636;5.76936;1.06836;5.76936;0.00134047;6.70234;0.0670234;0.0670234
7737;0.209014;-0.931636;5.76936;1.06836;5.76936;0.00134047;6.70234;0.0670234;0.0670234
7738;0.209014;-0.931636;5.76936;1.06836;5.76936;0.00134047;6.70234;0.0670234;0.0670234
7739;0.209014;-0.931636;5.76936;1.06836;5.76936;0.00134047;6.70234;0.0670234;0.0670234
7740;0.209014;-0.931636;5.76936;1.06836;5.76936;0.00134047;6.70234;0.0670234;0.0670234
7741;0.209014;-0.931636;5.76936;1.06836;5.76936;0.00134047;6.70234;0.0670234;0.0670234
7742;0.209014;-0.931636;5.76936;1.06836;5.76936;0.00134047;6.70234;0.0670234;0.0670234
7743;0.209014;-0.931636;5.76936;1.06836;5.76936;0.00134047;6.70234;0.0670234;0.0670234
7744;0.209014;-0.931636;5.76936;1.06836;5.76936;0.00134047;6.70234;0.0670234;0.0670234
7745;0.209014;-0.931636;5.76936;1.06836;5.76936;0.00134047;6.70234;0.0670234;0.0670234
7746;0.209014;-0.931636;5.76936;1.06836;5.76936;0.00134047;6.70234;0.0670234;0.0670234
7747;0.209014;-0.931636;5.76936;1.06836;5.76936;0.00134047;6.70234;0.0670234;0.0670234
7748;0.209014;-0.931636;5.76936;1.06836;5.76936;0.00134047;6.70234;0.0670234;0.0670234
7749;0.209014;-0.931636;5.76936;1.06836;5.76936;0.00134047;6.70234;0.0670234;0.0670234
7750;0.209014;-0.931636;5.76936;1.06836;5.76936;0.00134047;6.70234;0.0670234;0.0670234
7751;0.209014;-0.931636;5.76936;1.06836;5.76936;0.00134047;6.70234;0.0670234;0.0670234
7752;0.209014;-0.931636;5.76936;1.06836;5.76936;0.00134047;6.70234;0.0670234;0.0670234
7753;0.209014;-0.931636;5.76936;1.06836;5.76936;0.00134047;6.70234;0.0670234;0.0670234
7754;0.209014;-0.931636;5.76936;1.06836;5.76936;0.00134047;6.70234;0.0670234;0.0670234
7755;0.209014;-0.931636;5.76936;1.06836;5.76936;0.00134047;6.70234;0.0670234;0.0670234
7756;0.209014;-0.931636;5.76936;1.06836;5.76936;0.00134047;6.70234;0.0670234;0.0670234
7757;0.209014;-0.931636;5.76936;1.06836;5.76936;0.00134047;6.70234;0.0670234;0.0670234
7758;0.209014;-0.931636;5.76936;1.06836;5.76936;0.00134047;6.70234;0.0670234;0.0670234
7759;0.209014;-0.931636;5.76936;1.06836;5.76936;0.00134047;6.70234;0.0670234;0.0670234
7760;0.209014;-0.931636;5.76936;1.06836;5.76936;0.00134047;6.70234;0.0670234;0.0670234
7761;0.209014;-0.931636;5.76936;1.06836;5.76936;0.00134047;6.70234;0.0670234;0.0670234
7762;0.209014;-0.931636;5.76936;1.06836;5.76936;0.00134047;6.70234;0.0670234;0.0670234
7763;0.209014;-0.931636;5.76936;1.06836;5.76936;0.00134047;6.70234;0.0670234;0.0670234
7764;0.209014;-0.931636;5.76936;1.06836;5.76936;0.00134047;6.70234;0.0670234;0.0670234
7765;0.209014;-0.931636;5.76936;1.06836;5.76936;0.00134047;6.70234;0.0670234;0.0670234
7766;0.209014;-0.931636;5.76936;1.06836;5.76936;0.00134047;6.70234;0.0670234;0.0670234
7767;0.209014;-0.931636;5.76936;1.06836;5.76936;0.00134047;6.70234;0.0670234;0.0670234
7768;0.209014;-0.931636;5.76936;1.06836;5.76936;0.00134047;6.70234;0.0670234;0.0670234
7769;0.209014;-0.931636;5.76936;1.06836;5.76936;0.00134047;6.70234;0.0670234;0.0670234
7770;0.209014;-0.931636;5.76936;1.06836;5.76936;0.00134047;6.70234;0.0670234;0.0670234
7771;0.209014;-0.931636;5.76936;1.06836;5.76936;0.00134047;6.70234;0.0670234;0.0670234
7772;0.209014;-0.931636;5.76936;1.06836;5.76936;0.00134047;6.70234;0.0670234;0.0670234
7773;0.209014;-0.931636;5.76936;1.06836;5.76936;0.00134047;6.70234;0.0670234;0.0670234
7774;0.209014;-0.931636;5.76936;1.06836;5.76936;0.00134047;6.70234;0.0670234;0.0670234
7775;0.209014;-0.931636;5.76936;1.06836;5.76936;0.00134047;6.70234;0.0670234;0.0670234
7776;0.209014;-0.931636;5.76936;1.06836;5.76936;0.00134047;6.70234;0.0670234;0.0670234
7777;0.209014;-0.931636;5.76936;1.06836;5.76936;0.00134047;6.70234;0.0670234;0.0670234
7778;0.209014;-0.931636;5.76936;1.06836;5.76936;0.00134047;6.70234;0.0670234;0.0670234
7779;0.209014;-0.931636;5.76936;1.06836;5.76936;0.00134047;6.70234;0.0670234;0.0670234
7780;0.209014;-0.931636;5.76936;1.06836;5.76936;0.00134047;6.70234;0.0670234;0.0670234
7781;0.209014;-0.931636;5.76936;1.06836;5.76936;0.00134047;6.70234;0.0670234;0.0670234
7782;0.209014;-0.931636;5.76936;1.06836;5.76936;0.00134047;6.70234;0.0670234;0.0670234
7783;0.209014;-0.931636;5.76936;1.06836;5.76936;0.00134047;6.70234;0.0670234;0.0670234
7784;0.209014;-0.931636;5.76936;1.06836;5.76936;0.00134047;6.70234;0.0670234;0.0670234
7785;0.209014;-0.931636;5.76936;1.06836;5.76936;0.00134047;6.70234;0.0670234;0.0670234
7786;0.209014;-0.931636;5.76936;1.06836;5.76936;0.00134047;6.70234;0.0670234;0.0670234
7787;0.209014;-0.931636;5.76936;1.06836;5.76936;0.00134047;6.70234;0.0670234;0.0670234
7788;0.209014;-0.931636;5.76936;1.06836;5.76936;0.00134047;6.70234;0.0670234;0.0670234
7789;0.209014;-0.931636;5.76936;1.06836;5.76936;0.00134047;6.70234;0.0670234;0.0670234
7790;0.209014;-0.931636;5.76936;1.06836;5.76936;0.00134047;6.70234;0.0670234;0.0670234
7791;0.209014;-0.931636;5.76936;1.06836;5.76936;0.00134047;6.70234;0.0670234;0.0670234
7792;0.209014;-0.931636;5.76936;1.06836;5.76936;0.00134047;6.70234;0.0670234;0.0670234
7793;0.209014;-0.931636;5.76936;1.06836;5.76936;0.00134047;6.70234;0.0670234;0.0670234
7794;0.209014;-0.931636;5.76936;1.06836;5.76936;0.00134047;6.70234;0.0670234;0.0670234
7795;0.209014;-0.931636;5.76936;1.06836;5.76936;0.00134047;6.70234;0.0670234;0.0670234
7796;0.209014;-0.931636;5.76936;1.06836;5.76936;0.00134047;6.70234;0.0670234;0.0670234
7797;0.209014;-0.931636;5.76936;1.06836;5.76936;0.00134047;6.70234;0.0670234;0.0670234
7798;0.209014;-0.931636;5.76936;1.06836;5.76936;0.00134047;6.70234;0.0670234;0.0670234
7799;0.209014;-0.931636;5.76936;1.06836;5.76936;0.00134047;6.70234;0.0670234;0.0670234
7800;0.209014;-0.931636;5.76936;1.06836;5.76936;0.00134047;6.70234;0.0670234;0.0670234
7801;0.209014;-0.931636;5.76936;1.06836;5.76936;0.00134047;6.70234;0.0670234;0.0670234
7802;0.209014;-0.931636;5.76936;1.06836;5.76936;0.00134047;6.70234;0.0670234;0.0670234
7803;0.209014;-0.931636;5.76936;1.06836;5.76936;0.00134047;6.70234;0.0670234;0.0670234
7804;0.209014;-0.931636;5.76936;1.06836;5.76936;0.00134047;6.70234;0.0670234;0.0670234
7805;0.209014;-0.931636;5.76936;1.06836;5.76936;0.00134047;6.70234;0.0670234;0.0670234
7806;0.209014;-0.931636;5.76936;1.06836;5.76936;0.00134047;6.70234;0.0670234;0.0670234
7807;0.209014;-0.931636;5.76936;1.06836;5.76936;0.00134047;6.70234;0.0670234;0.0670234
7808;0.209014;-0.931636;5.76936;1.06836;5.76936;0.00134047;6.70234;0.0670234;0.0670234
7809;0.209014;-0.931636;5.76936;1.06836;5.76936;0.00134047;6.70234;0.0670234;0.0670234
7810;0.209014;-0.931636;5.76936;1.06836;5.76936;0.00134047;6.70234;0.0670234;0.0670234
7811;0.209014;-0.931636;5.76936;1.06836;5.76936;0.00134047;6.70234;0.0670234;0.0670234
7812;0.209014;-0.931636;5.76936;1.06836;5.76936;0.00134047;6.70234;0.0670234;0.0670234
7813;0.209014;-0.931636;5.76936;1.06836;5.76936;0.00134047;6.70234;0.0670234;0.0670234
7814;0.209014;-0.931636;5.76936;1.06836;5.76936;0.00134047;6.70234;0.0670234;0.0670234
7815;0.209014;-0.931636;5.76936;1.06836;5.76936;0.00134047;6.70234;0.0670234;0.0670234
7816;0.209014;-0.931636;5.76936;1.06836;5.76936;0.00134047;6.70234;0.0670234;0.0670234
7817;0.209014;-0.931636;5.76936;1.06836;5.76936;0.00134047;6.70234;0.0670234;0.0670234
7818;0.209014;-0.931636;5.76936;1.06836;5.76936;0.00134047;6.70234;0.0670234;0.0670234
7819;0.209014;-0.931636;5.76936;1.06836;5.76936;0.00134047;6.70234;0.0670234;0.0670234
7820;0.209014;-0.931636;5.76936;1.06836;5.76936;0.00134047;6.70234;0.0670234;0.0670234
7821;0.209014;-0.931636;5.76936;1.06836;5.76936;0.00134047;6.70234;0.0670234;0.0670234
7822;0.209014;-0.931636;5.76936;1.06836;5.76936;0.00134047;6.70234;0.0670234;0.0670234
7823;0.209014;-0.931636;5.76936;1.06836;5.76936;0.00134047;6.70234;0.0670234;0.0670234
7824;0.209014;-0.931636;5.76936;1.06836;5.76936;0.00134047;6.70234;0.0670234;0.0670234
7825;0.209014;-0.931636;5.76936;1.06836;5.76936;0.00134047;6.70234;0.0670234;0.0670234
7826;0.209014;-0.931636;5.76936;1.06836;5.76936;0.00134047;6.70234;0.0670234;0.0670234
7827;0.209014;-0.931636;5.76936;1.06836;5.76936;0.00134047;6.70234;0.0670234;0.0670234
7828;0.209014;-0.931636;5.76936;1.06836;5.76936;0.00134047;6.70234;0.0670234;0.0670234
7829;0.209014;-0.931636;5.76936;1.06836;5.76936;0.00134047;6.70234;0.0670234;0.0670234
7830;0.209014;-0.931636;5.76936;1.06836;5.76936;0.00134047;6.70234;0.0670234;0.0670234
7831;0.209014;-0.931636;5.76936;1.06836;5.76936;0.00134047;6.70234;0.0670234;0.0670234
7832;0.209014;-0.931636;5.76936;1.06836;5.76936;0.00134047;6.70234;0.0670234;0.0670234
7833;0.209014;-0.931636;5.76936;1.06836;5.76936;0.00134047;6.70234;0.0670234;0.0670234
7834;0.209014;-0.931636;5.76936;1.06836;5.76936;0.00134047;6.70234;0.0670234;0.0670234
7835;0.209014;-0.931636;5.76936;1.06836;5.76936;0.00134047;6.70234;0.0670234;0.0670234
7836;0.209014;-0.931636;5.76936;1.06836;5.76936;0.00134047;6.70234;0.0670234;0.0670234
7837;0.209014;-0.931636;5.76936;1.06836;5.76936;0.00134047;6.70234;0.0670234;0.0670234
7838;0.209014;-0.931636;5.76936;1.06836;5.76936;0.00134047;6.70234;0.0670234;0.0670234
7839;0.209014;-0.931636;5.76936;1.06836;5.76936;0.00134047;6.70234;0.0670234;0.0670234
7840;0.209014;-0.931636;5.76936;1.06836;5.76936;0.00134047;6.70234;0.0670234;0.0670234
7841;0.209014;-0.931636;5.76936;1.06836;5.76936;0.00134047;6.70234;0.0670234;0.0670234
7842;0.209014;-0.931636;5.76936;1.06836;5.76936;0.00134047;6.70234;0.0670234;0.0670234
7843;0.209014;-0.931636;5.76936;1.06836;5.76936;0.00134047;6.70234;0.0670234;0.0670234
7844;0.209014;-0.931636;5.76936;1.06836;5.76936;0.00134047;6.70234;0.0670234;0.0670234
7845;0.209014;-0.931636;5.76936;1.06836;5.76936;0.00134047;6.70234;0.0670234;0.0670234
7846;0.209014;-0.931636;5.76936;1.06836;5.76936;0.00134047;6.70234;0.0670234;0.0670234
7847;0.209014;-0.931636;5.76936;1.06836;5.76936;0.00134047;6.70234;0.0670234;0.0670234
7848;0.209014;-0.931636;5.76936;1.06836;5.76936;0.00134047;6.70234;0.0670234;0.0670234
7849;0.209014;-0.931636;5.76936;1.06836;5.76936;0.00134047;6.70234;0.0670234;0.0670234
7850;0.209014;-0.931636;5.76936;1.06836;5.76936;0.00134047;6.70234;0.0670234;0.0670234
7851;0.209014;-0.931636;5.76936;1.06836;5.76936;0.00134047;6.70234;0.0670234;0.0670234
7852;0.209014;-0.931636;5.76936;1.06836;5.76936;0.00134047;6.70234;0.0670234;0.0670234
7853;0.209014;-0.931636;5.76936;1.06836;5.76936;0.00134047;6.70234;0.0670234;0.0670234
7854;0.209014;-0.931636;5.76936;1.06836;5.76936;0.00134047;6.70234;0.0670234;0.0670234
7855;0.209014;-0.931636;5.76936;1.06836;5.76936;0.00134047;6.70234;0.0670234;0.0670234
7856;0.209014;-0.931636;5.76936;1.06836;5.76936;0.00134047;6.70234;0.0670234;0.0670234
7857;0.209014;-0.931636;5.76936;1.06836;5.76936;0.00134047;6.70234;0.0670234;0.0670234
7858;0.209014;-0.931636;5.76936;1.06836;5.76936;0.00134047;6.70234;0.0670234;0.0670234
7859;0.209014;-0.931636;5.76936;1.06836;5.76936;0.00134047;6.70234;0.0670234;0.0670234
7860;0.209014;-0.931636;5.76936;1.06836;5.76936;0.00134047;6.70234;0.0670234;0.0670234
7861;0.209014;-0.931636;5.76936;1.06836;5.76936;0.00134047;6.70234;0.0670234;0.0670234
7862;0.209014;-0.931636;5.76936;1.06836;5.76936;0.00134047;6.70234;0.0670234;0.0670234
7863;0.209014;-0.931636;5.76936;1.06836;5.76936;0.00134047;6.70234;0.0670234;0.0670234
7864;0.209014;-0.931636;5.76936;1.06836;5.76936;0.00134047;6.70234;0.0670234;0.0670234
7865;0.209014;-0.931636;5.76936;1.06836;5.76936;0.00134047;6.70234;0.0670234;0.0670234
7866;0.209014;-0.931636;5.76936;1.06836;5.76936;0.00134047;6.70234;0.0670234;0.0670234
7867;0.209014;-0.931636;5.76936;1.06836;5.76936;0.00134047;6.70234;0.0670234;0.0670234
7868;0.209014;-0.931636;5.76936;1.06836;5.76936;0.00134047;6.70234;0.0670234;0.0670234
7869;0.209014;-0.931636;5.76936;1.06836;5.76936;0.00134047;6.70234;0.0670234;0.0670234
7870;0.209014;-0.931636;5.76936;1.06836;5.76936;0.00134047;6.70234;0.0670234;0.0670234
7871;0.209014;-0.931636;5.76936;1.06836;5.76936;0.00134047;6.70234;0.0670234;0.0670234
7872;0.209014;-0.931636;5.76936;1.06836;5.76936;0.00134047;6.70234;0.0670234;0.0670234
7873;0.209014;-0.931636;5.76936;1.06836;5.76936;0.00134047;6.70234;0.0670234;0.0670234
7874;0.209014;-0.931636;5.76936;1.06836;5.76936;0.00134047;6.70234;0.0670234;0.0670234
7875;0.209014;-0.931636;5.76936;1.06836;5.76936;0.00134047;6.70234;0.0670234;0.0670234
7876;0.209014;-0.931636;5.76936;1.06836;5.76936;0.00134047;6.70234;0.0670234;0.0670234
7877;0.209014;-0.931636;5.76936;1.06836;5.76936;0.00134047;6.70234;0.0670234;0.0670234
7878;0.209014;-0.931636;5.76936;1.06836;5.76936;0.00134047;6.70234;0.0670234;0.0670234
7879;0.209014;-0.931636;5.76936;1.06836;5.76936;0.00134047;6.70234;0.0670234;0.0670234
7880;0.209014;-0.931636;5.76936;1.06836;5.76936;0.00134047;6.70234;0.0670234;0.0670234
7881;0.209014;-0.931636;5.76936;1.06836;5.76936;0.00134047;6.70234;0.0670234;0.0670234
7882;0.209014;-0.931636;5.76936;1.06836;5.76936;0.00134047;6.70234;0.0670234;0.0670234
7883;0.209014;-0.931636;5.76936;1.06836;5.76936;0.00134047;6.70234;0.0670234;0.0670234
7884;0.209014;-0.931636;5.76936;1.06836;5.76936;0.00134047;6.70234;0.0670234;0.0670234
7885;0.209014;-0.931636;5.76936;1.06836;5.76936;0.00134047;6.70234;0.0670234;0.0670234
7886;0.209014;-0.931636;5.76936;1.06836;5.76936;0.00134047;6.70234;0.0670234;0.0670234
7887;0.209014;-0.931636;5.76936;1.06836;5.76936;0.00134047;6.70234;0.0670234;0.0670234
7888;0.209014;-0.931636;5.76936;1.06836;5.76936;0.00134047;6.70234;0.0670234;0.0670234
7889;0.209014;-0.931636;5.76936;1.06836;5.76936;0.00134047;6.70234;0.0670234;0.0670234
7890;0.209014;-0.931636;5.76936;1.06836;5.76936;0.00134047;6.70234;0.0670234;0.0670234
7891;0.209014;-0.931636;5.76936;1.06836;5.76936;0.00134047;6.70234;0.0670234;0.0670234
7892;0.209014;-0.931636;5.76936;1.06836;5.76936;0.00134047;6.70234;0.0670234;0.0670234
7893;0.209014;-0.931636;5.76936;1.06836;5.76936;0.00134047;6.70234;0.0670234;0.0670234
7894;0.209014;-0.931636;5.76936;1.06836;5.76936;0.00134047;6.70234;0.0670234;0.0670234
7895;0.209014;-0.931636;5.76936;1.06836;5.76936;0.00134047;6.70234;0.0670234;0.0670234
7896;0.209014;-0.931636;5.76936;1.06836;5.76936;0.00134047;6.70234;0.0670234;0.0670234
7897;0.209014;-0.931636;5.76936;1.06836;5.76936;0.00134047;6.70234;0.0670234;0.0670234
7898;0.209014;-0.931636;5.76936;1.06836;5.76936;0.00134047;6.70234;0.0670234;0.0670234
7899;0.209014;-0.931636;5.76936;1.06836;5.76936;0.00134047;6.70234;0.0670234;0.0670234
7900;0.209014;-0.931636;5.76936;1.06836;5.76936;0.00134047;6.70234;0.0670234;0.0670234
7901;0.209014;-0.931636;5.76936;1.06836;5.76936;0.00134047;6.70234;0.0670234;0.0670234
7902;0.209014;-0.931636;5.76936;1.06836;5.76936;0.00134047;6.70234;0.0670234;0.0670234
7903;0.209014;-0.931636;5.76936;1.06836;5.76936;0.00134047;6.70234;0.0670234;0.0670234
7904;0.209014;-0.931636;5.76936;1.06836;5.76936;0.00134047;6.70234;0.0670234;0.0670234
7905;0.209014;-0.931636;5.76936;1.06836;5.76936;0.00134047;6.70234;0.0670234;0.0670234
7906;0.209014;-0.931636;5.76936;1.06836;5.76936;0.00134047;6.70234;0.0670234;0.0670234
7907;0.209014;-0.931636;5.76936;1.06836;5.76936;0.00134047;6.70234;0.0670234;0.0670234
7908;0.209014;-0.931636;5.76936;1.06836;5.76936;0.00134047;6.70234;0.0670234;0.0670234
7909;0.209014;-0.931636;5.76936;1.06836;5.76936;0.00134047;6.70234;0.0670234;0.0670234
7910;0.209014;-0.931636;5.76936;1.06836;5.76936;0.00134047;6.70234;0.0670234;0.0670234
7911;0.209014;-0.931636;5.76936;1.06836;5.76936;0.00134047;6.70234;0.0670234;0.0670234
7912;0.209014;-0.931636;5.76936;1.06836;5.76936;0.00134047;6.70234;0.0670234;0.0670234
7913;0.209014;-0.931636;5.76936;1.06836;5.76936;0.00134047;6.70234;0.0670234;0.0670234
7914;0.209014;-0.931636;5.76936;1.06836;5.76936;0.00134047;6.70234;0.0670234;0.0670234
7915;0.209014;-0.931636;5.76936;1.06836;5.76936;0.00134047;6.70234;0.0670234;0.0670234
7916;0.209014;-0.931636;5.76936;1.06836;5.76936;0.00134047;6.70234;0.0670234;0.0670234
7917;0.209014;-0.931636;5.76936;1.06836;5.76936;0.00134047;6.70234;0.0670234;0.0670234
7918;0.209014;-0.931636;5.76936;1.06836;5.76936;0.00134047;6.70234;0.0670234;0.0670234
7919;0.209014;-0.931636;5.76936;1.06836;5.76936;0.00134047;6.70234;0.0670234;0.0670234
7920;0.209014;-0.931636;5.76936;1.06836;5.76936;0.00134047;6.70234;0.0670234;0.0670234
7921;0.209014;-0.931636;5.76936;1.06836;5.76936;0.00134047;6.70234;0.0670234;0.0670234
7922;0.209014;-0.931636;5.76936;1.06836;5.76936;0.00134047;6.70234;0.0670234;0.0670234
7923;0.209014;-0.931636;5.76936;1.06836;5.76936;0.00134047;6.70234;0.0670234;0.0670234
7924;0.209014;-0.931636;5.76936;1.06836;5.76936;0.00134047;6.70234;0.0670234;0.0670234
7925;0.209014;-0.931636;5.76936;1.06836;5.76936;0.00134047;6.70234;0.0670234;0.0670234
7926;0.209014;-0.931636;5.76936;1.06836;5.76936;0.00134047;6.70234;0.0670234;0.0670234
7927;0.209014;-0.931636;5.76936;1.06836;5.76936;0.00134047;6.70234;0.0670234;0.0670234
7928;0.209014;-0.931636;5.76936;1.06836;5.76936;0.00134047;6.70234;0.0670234;0.0670234
7929;0.209014;-0.931636;5.76936;1.06836;5.76936;0.00134047;6.70234;0.0670234;0.0670234
7930;0.209014;-0.931636;5.76936;1.06836;5.76936;0.00134047;6.70234;0.0670234;0.0670234
7931;0.209014;-0.931636;5.76936;1.06836;5.76936;0.00134047;6.70234;0.0670234;0.0670234
7932;0.209014;-0.931636;5.76936;1.06836;5.76936;0.00134047;6.70234;0.0670234;0.0670234
7933;0.209014;-0.931636;5.76936;1.06836;5.76936;0.00134047;6.70234;0.0670234;0.0670234
7934;0.209014;-0.931636;5.76936;1.06836;5.76936;0.00134047;6.70234;0.0670234;0.0670234
7935;0.209014;-0.931636;5.76936;1.06836;5.76936;0.00134047;6.70234;0.0670234;0.0670234
7936;0.209014;-0.931636;5.76936;1.06836;5.76936;0.00134047;6.70234;0.0670234;0.0670234
7937;0.209014;-0.931636;5.76936;1.06836;5.76936;0.00134047;6.70234;0.0670234;0.0670234
7938;0.209014;-0.931636;5.76936;1.06836;5.76936;0.00134047;6.70234;0.0670234;0.0670234
7939;0.209014;-0.931636;5.76936;1.06836;5.76936;0.00134047;6.70234;0.0670234;0.0670234
7940;0.209014;-0.931636;5.76936;1.06836;5.76936;0.00134047;6.70234;0.0670234;0.0670234
7941;0.209014;-0.931636;5.76936;1.06836;5.76936;0.00134047;6.70234;0.0670234;0.0670234
7942;0.209014;-0.931636;5.76936;1.06836;5.76936;0.00134047;6.70234;0.0670234;0.0670234
7943;0.209014;-0.931636;5.76936;1.06836;5.76936;0.00134047;6.70234;0.0670234;0.0670234
7944;0.209014;-0.931636;5.76936;1.06836;5.76936;0.00134047;6.70234;0.0670234;0.0670234
7945;0.209014;-0.931636;5.76936;1.06836;5.76936;0.00134047;6.70234;0.0670234;0.0670234
7946;0.209014;-0.931636;5.76936;1.06836;5.76936;0.00134047;6.70234;0.0670234;0.0670234
7947;0.209014;-0.931636;5.76936;1.06836;5.76936;0.00134047;6.70234;0.0670234;0.0670234
7948;0.209014;-0.931636;5.76936;1.06836;5.76936;0.00134047;6.70234;0.0670234;0.0670234
7949;0.209014;-0.931636;5.76936;1.06836;5.76936;0.00134047;6.70234;0.0670234;0.0670234
7950;0.209014;-0.931636;5.76936;1.06836;5.76936;0.00134047;6.70234;0.0670234;0.0670234
7951;0.209014;-0.931636;5.76936;1.06836;5.76936;0.00134047;6.70234;0.0670234;0.0670234
7952;0.209014;-0.931636;5.76936;1.06836;5.76936;0.00134047;6.70234;0.0670234;0.0670234
7953;0.209014;-0.931636;5.76936;1.06836;5.76936;0.00134047;6.70234;0.0670234;0.0670234
7954;0.209014;-0.931636;5.76936;1.06836;5.76936;0.00134047;6.70234;0.0670234;0.0670234
7955;0.209014;-0.931636;5.76936;1.06836;5.76936;0.00134047;6.70234;0.0670234;0.0670234
7956;0.209014;-0.931636;5.76936;1.06836;5.76936;0.00134047;6.70234;0.0670234;0.0670234
7957;0.209014;-0.931636;5.76936;1.06836;5.76936;0.00134047;6.70234;0.0670234;0.0670234
7958;0.209014;-0.931636;5.76936;1.06836;5.76936;0.00134047;6.70234;0.0670234;0.0670234
7959;0.209014;-0.931636;5.76936;1.06836;5.76936;0.00134047;6.70234;0.0670234;0.0670234
7960;0.209014;-0.931636;5.76936;1.06836;5.76936;0.00134047;6.70234;0.0670234;0.0670234
7961;0.209014;-0.931636;5.76936;1.06836;5.76936;0.00134047;6.70234;0.0670234;0.0670234
7962;0.209014;-0.931636;5.76936;1.06836;5.76936;0.00134047;6.70234;0.0670234;0.0670234
7963;0.209014;-0.931636;5.76936;1.06836;5.76936;0.00134047;6.70234;0.0670234;0.0670234
7964;0.209014;-0.931636;5.76936;1.06836;5.76936;0.00134047;6.70234;0.0670234;0.0670234
7965;0.209014;-0.931636;5.76936;1.06836;5.76936;0.00134047;6.70234;0.0670234;0.0670234
7966;0.209014;-0.931636;5.76936;1.06836;5.76936;0.00134047;6.70234;0.0670234;0.0670234
7967;0.209014;-0.931636;5.76936;1.06836;5.76936;0.00134047;6.70234;0.0670234;0.0670234
7968;0.209014;-0.931636;5.76936;1.06836;5.76936;0.00134047;6.70234;0.0670234;0.0670234
7969;0.209014;-0.931636;5.76936;1.06836;5.76936;0.00134047;6.70234;0.0670234;0.0670234
7970;0.209014;-0.931636;5.76936;1.06836;5.76936;0.00134047;6.70234;0.0670234;0.0670234
7971;0.209014;-0.931636;5.76936;1.06836;5.76936;0.00134047;6.70234;0.0670234;0.0670234
7972;0.209014;-0.931636;5.76936;1.06836;5.76936;0.00134047;6.70234;0.0670234;0.0670234
7973;0.209014;-0.931636;5.76936;1.06836;5.76936;0.00134047;6.70234;0.0670234;0.0670234
7974;0.209014;-0.931636;5.76936;1.06836;5.76936;0.00134047;6.70234;0.0670234;0.0670234
7975;0.209014;-0.931636;5.76936;1.06836;5.76936;0.00134047;6.70234;0.0670234;0.0670234
7976;0.209014;-0.931636;5.76936;1.06836;5.76936;0.00134047;6.70234;0.0670234;0.0670234
7977;0.209014;-0.931636;5.76936;1.06836;5.76936;0.00134047;6.70234;0.0670234;0.0670234
7978;0.209014;-0.931636;5.76936;1.06836;5.76936;0.00134047;6.70234;0.0670234;0.0670234
7979;0.209014;-0.931636;5.76936;1.06836;5.76936;0.00134047;6.70234;0.0670234;0.0670234
7980;0.209014;-0.931636;5.76936;1.06836;5.76936;0.00134047;6.70234;0.0670234;0.0670234
7981;0.209014;-0.931636;5.76936;1.06836;5.76936;0.00134047;6.70234;0.0670234;0.0670234
7982;0.209014;-0.931636;5.76936;1.06836;5.76936;0.00134047;6.70234;0.0670234;0.0670234
7983;0.209014;-0.931636;5.76936;1.06836;5.76936;0.00134047;6.70234;0.0670234;0.0670234
7984;0.209014;-0.931636;5.76936;1.06836;5.76936;0.00134047;6.70234;0.0670234;0.0670234
7985;0.209014;-0.931636;5.76936;1.06836;5.76936;0.00134047;6.70234;0.0670234;0.0670234
7986;0.209014;-0.931636;5.76936;1.06836;5.76936;0.00134047;6.70234;0.0670234;0.0670234
7987;0.209014;-0.931636;5.76936;1.06836;5.76936;0.00134047;6.70234;0.0670234;0.0670234
7988;0.209014;-0.931636;5.76936;1.06836;5.76936;0.00134047;6.70234;0.0670234;0.0670234
7989;0.209014;-0.931636;5.76936;1.06836;5.76936;0.00134047;6.70234;0.0670234;0.0670234
7990;0.209014;-0.931636;5.76936;1.06836;5.76936;0.00134047;6.70234;0.0670234;0.0670234
7991;0.209014;-0.931636;5.76936;1.06836;5.76936;0.00134047;6.70234;0.0670234;0.0670234
7992;0.209014;-0.931636;5.76936;1.06836;5.76936;0.00134047;6.70234;0.0670234;0.0670234
7993;0.209014;-0.931636;5.76936;1.06836;5.76936;0.00134047;6.70234;0.0670234;0.0670234
7994;0.209014;-0.931636;5.76936;1.06836;5.76936;0.00134047;6.70234;0.0670234;0.0670234
7995;0.209014;-0.931636;5.76936;1.06836;5.76936;0.00134047;6.70234;0.0670234;0.0670234
7996;0.209014;-0.931636;5.76936;1.06836;5.76936;0.00134047;6.70234;0.0670234;0.0670234
7997;0.209014;-0.931636;5.76936;1.06836;5.76936;0.00134047;6.70234;0.0670234;0.0670234
7998;0.209014;-0.931636;5.76936;1.06836;5.76936;0.00134047;6.70234;0.0670234;0.0670234
7999;0.209014;-0.931636;5.76936;1.06836;5.76936;0.00134047;6.70234;0.0670234;0.0670234
8000;0.209014;-0.931636;5.76936;1.06836;5.76936;0.00134047;6.70234;0.0670234;0.0670234
8001;0.209014;-0.931636;5.76936;1.06836;5.76936;0.00134047;6.70234;0.0670234;0.0670234
8002;0.209014;-0.931636;5.76936;1.06836;5.76936;0.00134047;6.70234;0.0670234;0.0670234
8003;0.209014;-0.931636;5.76936;1.06836;5.76936;0.00134047;6.70234;0.0670234;0.0670234
8004;0.209014;-0.931636;5.76936;1.06836;5.76936;0.00134047;6.70234;0.0670234;0.0670234
8005;0.209014;-0.931636;5.76936;1.06836;5.76936;0.00134047;6.70234;0.0670234;0.0670234
8006;0.209014;-0.931636;5.76936;1.06836;5.76936;0.00134047;6.70234;0.0670234;0.0670234
8007;0.209014;-0.931636;5.76936;1.06836;5.76936;0.00134047;6.70234;0.0670234;0.0670234
8008;0.209014;-0.931636;5.76936;1.06836;5.76936;0.00134047;6.70234;0.0670234;0.0670234
8009;0.209014;-0.931636;5.76936;1.06836;5.76936;0.00134047;6.70234;0.0670234;0.0670234
8010;0.209014;-0.931636;5.76936;1.06836;5.76936;0.00134047;6.70234;0.0670234;0.0670234
8011;0.209014;-0.931636;5.76936;1.06836;5.76936;0.00134047;6.70234;0.0670234;0.0670234
8012;0.209014;-0.931636;5.76936;1.06836;5.76936;0.00134047;6.70234;0.0670234;0.0670234
8013;0.209014;-0.931636;5.76936;1.06836;5.76936;0.00134047;6.70234;0.0670234;0.0670234
8014;0.209014;-0.931636;5.76936;1.06836;5.76936;0.00134047;6.70234;0.0670234;0.0670234
8015;0.209014;-0.931636;5.76936;1.06836;5.76936;0.00134047;6.70234;0.0670234;0.0670234
8016;0.209014;-0.931636;5.76936;1.06836;5.76936;0.00134047;6.70234;0.0670234;0.0670234
8017;0.209014;-0.931636;5.76936;1.06836;5.76936;0.00134047;6.70234;0.0670234;0.0670234
8018;0.209014;-0.931636;5.76936;1.06836;5.76936;0.00134047;6.70234;0.0670234;0.0670234
8019;0.209014;-0.931636;5.76936;1.06836;5.76936;0.00134047;6.70234;0.0670234;0.0670234
8020;0.209014;-0.931636;5.76936;1.06836;5.76936;0.00134047;6.70234;0.0670234;0.0670234
8021;0.209014;-0.931636;5.76936;1.06836;5.76936;0.00134047;6.70234;0.0670234;0.0670234
8022;0.209014;-0.931636;5.76936;1.06836;5.76936;0.00134047;6.70234;0.0670234;0.0670234
8023;0.209014;-0.931636;5.76936;1.06836;5.76936;0.00134047;6.70234;0.0670234;0.0670234
8024;0.209014;-0.931636;5.76936;1.06836;5.76936;0.00134047;6.70234;0.0670234;0.0670234
8025;0.209014;-0.931636;5.76936;1.06836;5.76936;0.00134047;6.70234;0.0670234;0.0670234
8026;0.209014;-0.931636;5.76936;1.06836;5.76936;0.00134047;6.70234;0.0670234;0.0670234
8027;0.209014;-0.931636;5.76936;1.06836;5.76936;0.00134047;6.70234;0.0670234;0.0670234
8028;0.209014;-0.931636;5.76936;1.06836;5.76936;0.00134047;6.70234;0.0670234;0.0670234
8029;0.209014;-0.931636;5.76936;1.06836;5.76936;0.00134047;6.70234;0.0670234;0.0670234
8030;0.209014;-0.931636;5.76936;1.06836;5.76936;0.00134047;6.70234;0.0670234;0.0670234
8031;0.209014;-0.931636;5.76936;1.06836;5.76936;0.00134047;6.70234;0.0670234;0.0670234
8032;0.209014;-0.931636;5.76936;1.06836;5.76936;0.00134047;6.70234;0.0670234;0.0670234
8033;0.209014;-0.931636;5.76936;1.06836;5.76936;0.00134047;6.70234;0.0670234;0.0670234
8034;0.209014;-0.931636;5.76936;1.06836;5.76936;0.00134047;6.70234;0.0670234;0.0670234
8035;0.209014;-0.931636;5.76936;1.06836;5.76936;0.00134047;6.70234;0.0670234;0.0670234
8036;0.209014;-0.931636;5.76936;1.06836;5.76936;0.00134047;6.70234;0.0670234;0.0670234
8037;0.209014;-0.931636;5.76936;1.06836;5.76936;0.00134047;6.70234;0.0670234;0.0670234
8038;0.209014;-0.931636;5.76936;1.06836;5.76936;0.00134047;6.70234;0.0670234;0.0670234
8039;0.209014;-0.931636;5.76936;1.06836;5.76936;0.00134047;6.70234;0.0670234;0.0670234
8040;0.209014;-0.931636;5.76936;1.06836;5.76936;0.00134047;6.70234;0.0670234;0.0670234
8041;0.209014;-0.931636;5.76936;1.06836;5.76936;0.00134047;6.70234;0.0670234;0.0670234
8042;0.209014;-0.931636;5.76936;1.06836;5.76936;0.00134047;6.70234;0.0670234;0.0670234
8043;0.209014;-0.931636;5.76936;1.06836;5.76936;0.00134047;6.70234;0.0670234;0.0670234
8044;0.209014;-0.931636;5.76936;1.06836;5.76936;0.00134047;6.70234;0.0670234;0.0670234
8045;0.209014;-0.931636;5.76936;1.06836;5.76936;0.00134047;6.70234;0.0670234;0.0670234
8046;0.209014;-0.931636;5.76936;1.06836;5.76936;0.00134047;6.70234;0.0670234;0.0670234
8047;0.209014;-0.931636;5.76936;1.06836;5.76936;0.00134047;6.70234;0.0670234;0.0670234
8048;0.209014;-0.931636;5.76936;1.06836;5.76936;0.00134047;6.70234;0.0670234;0.0670234
8049;0.209014;-0.931636;5.76936;1.06836;5.76936;0.00134047;6.70234;0.0670234;0.0670234
8050;0.209014;-0.931636;5.76936;1.06836;5.76936;0.00134047;6.70234;0.0670234;0.0670234
8051;0.209014;-0.931636;5.76936;1.06836;5.76936;0.00134047;6.70234;0.0670234;0.0670234
8052;0.209014;-0.931636;5.76936;1.06836;5.76936;0.00134047;6.70234;0.0670234;0.0670234
8053;0.209014;-0.931636;5.76936;1.06836;5.76936;0.00134047;6.70234;0.0670234;0.0670234
8054;0.209014;-0.931636;5.76936;1.06836;5.76936;0.00134047;6.70234;0.0670234;0.0670234
8055;0.209014;-0.931636;5.76936;1.06836;5.76936;0.00134047;6.70234;0.0670234;0.0670234
8056;0.209014;-0.931636;5.76936;1.06836;5.76936;0.00134047;6.70234;0.0670234;0.0670234
8057;0.209014;-0.931636;5.76936;1.06836;5.76936;0.00134047;6.70234;0.0670234;0.0670234
8058;0.209014;-0.931636;5.76936;1.06836;5.76936;0.00134047;6.70234;0.0670234;0.0670234
8059;0.209014;-0.931636;5.76936;1.06836;5.76936;0.00134047;6.70234;0.0670234;0.0670234
8060;0.209014;-0.931636;5.76936;1.06836;5.76936;0.00134047;6.70234;0.0670234;0.0670234
8061;0.209014;-0.931636;5.76936;1.06836;5.76936;0.00134047;6.70234;0.0670234;0.0670234
8062;0.209014;-0.931636;5.76936;1.06836;5.76936;0.00134047;6.70234;0.0670234;0.0670234
8063;0.209014;-0.931636;5.76936;1.06836;5.76936;0.00134047;6.70234;0.0670234;0.0670234
8064;0.209014;-0.931636;5.76936;1.06836;5.76936;0.00134047;6.70234;0.0670234;0.0670234
8065;0.209014;-0.931636;5.76936;1.06836;5.76936;0.00134047;6.70234;0.0670234;0.0670234
8066;0.209014;-0.931636;5.76936;1.06836;5.76936;0.00134047;6.70234;0.0670234;0.0670234
8067;0.209014;-0.931636;5.76936;1.06836;5.76936;0.00134047;6.70234;0.0670234;0.0670234
8068;0.209014;-0.931636;5.76936;1.06836;5.76936;0.00134047;6.70234;0.0670234;0.0670234
8069;0.209014;-0.931636;5.76936;1.06836;5.76936;0.00134047;6.70234;0.0670234;0.0670234
8070;0.209014;-0.931636;5.76936;1.06836;5.76936;0.00134047;6.70234;0.0670234;0.0670234
8071;0.209014;-0.931636;5.76936;1.06836;5.76936;0.00134047;6.70234;0.0670234;0.0670234
8072;0.209014;-0.931636;5.76936;1.06836;5.76936;0.00134047;6.70234;0.0670234;0.0670234
8073;0.209014;-0.931636;5.76936;1.06836;5.76936;0.00134047;6.70234;0.0670234;0.0670234
8074;0.209014;-0.931636;5.76936;1.06836;5.76936;0.00134047;6.70234;0.0670234;0.0670234
8075;0.209014;-0.931636;5.76936;1.06836;5.76936;0.00134047;6.70234;0.0670234;0.0670234
8076;0.209014;-0.931636;5.76936;1.06836;5.76936;0.00134047;6.70234;0.0670234;0.0670234
8077;0.209014;-0.931636;5.76936;1.06836;5.76936;0.00134047;6.70234;0.0670234;0.0670234
8078;0.209014;-0.931636;5.76936;1.06836;5.76936;0.00134047;6.70234;0.0670234;0.0670234
8079;0.209014;-0.931636;5.76936;1.06836;5.76936;0.00134047;6.70234;0.0670234;0.0670234
8080;0.209014;-0.931636;5.76936;1.06836;5.76936;0.00134047;6.70234;0.0670234;0.0670234
8081;0.209014;-0.931636;5.76936;1.06836;5.76936;0.00134047;6.70234;0.0670234;0.0670234
8082;0.209014;-0.931636;5.76936;1.06836;5.76936;0.00134047;6.70234;0.0670234;0.0670234
8083;0.209014;-0.931636;5.76936;1.06836;5.76936;0.00134047;6.70234;0.0670234;0.0670234
8084;0.209014;-0.931636;5.76936;1.06836;5.76936;0.00134047;6.70234;0.0670234;0.0670234
8085;0.209014;-0.931636;5.76936;1.06836;5.76936;0.00134047;6.70234;0.0670234;0.0670234
8086;0.209014;-0.931636;5.76936;1.06836;5.76936;0.00134047;6.70234;0.0670234;0.0670234
8087;0.209014;-0.931636;5.76936;1.06836;5.76936;0.00134047;6.70234;0.0670234;0.0670234
8088;0.209014;-0.931636;5.76936;1.06836;5.76936;0.00134047;6.70234;0.0670234;0.0670234
8089;0.209014;-0.931636;5.76936;1.06836;5.76936;0.00134047;6.70234;0.0670234;0.0670234
8090;0.209014;-0.931636;5.76936;1.06836;5.76936;0.00134047;6.70234;0.0670234;0.0670234
8091;0.209014;-0.931636;5.76936;1.06836;5.76936;0.00134047;6.70234;0.0670234;0.0670234
8092;0.209014;-0.931636;5.76936;1.06836;5.76936;0.00134047;6.70234;0.0670234;0.0670234
8093;0.209014;-0.931636;5.76936;1.06836;5.76936;0.00134047;6.70234;0.0670234;0.0670234
8094;0.209014;-0.931636;5.76936;1.06836;5.76936;0.00134047;6.70234;0.0670234;0.0670234
8095;0.209014;-0.931636;5.76936;1.06836;5.76936;0.00134047;6.70234;0.0670234;0.0670234
8096;0.209014;-0.931636;5.76936;1.06836;5.76936;0.00134047;6.70234;0.0670234;0.0670234
8097;0.209014;-0.931636;5.76936;1.06836;5.76936;0.00134047;6.70234;0.0670234;0.0670234
8098;0.209014;-0.931636;5.76936;1.06836;5.76936;0.00134047;6.70234;0.0670234;0.0670234
8099;0.209014;-0.931636;5.76936;1.06836;5.76936;0.00134047;6.70234;0.0670234;0.0670234
8100;0.209014;-0.931636;5.76936;1.06836;5.76936;0.00134047;6.70234;0.0670234;0.0670234
8101;0.209014;-0.931636;5.76936;1.06836;5.76936;0.00134047;6.70234;0.0670234;0.0670234
8102;0.209014;-0.931636;5.76936;1.06836;5.76936;0.00134047;6.70234;0.0670234;0.0670234
8103;0.209014;-0.931636;5.76936;1.06836;5.76936;0.00134047;6.70234;0.0670234;0.0670234
8104;0.209014;-0.931636;5.76936;1.06836;5.76936;0.00134047;6.70234;0.0670234;0.0670234
8105;0.209014;-0.931636;5.76936;1.06836;5.76936;0.00134047;6.70234;0.0670234;0.0670234
8106;0.209014;-0.931636;5.76936;1.06836;5.76936;0.00134047;6.70234;0.0670234;0.0670234
8107;0.209014;-0.931636;5.76936;1.06836;5.76936;0.00134047;6.70234;0.0670234;0.0670234
8108;0.209014;-0.931636;5.76936;1.06836;5.76936;0.00134047;6.70234;0.0670234;0.0670234
8109;0.209014;-0.931636;5.76936;1.06836;5.76936;0.00134047;6.70234;0.0670234;0.0670234
8110;0.209014;-0.931636;5.76936;1.06836;5.76936;0.00134047;6.70234;0.0670234;0.0670234
8111;0.209014;-0.931636;5.76936;1.06836;5.76936;0.00134047;6.70234;0.0670234;0.0670234
8112;0.209014;-0.931636;5.76936;1.06836;5.76936;0.00134047;6.70234;0.0670234;0.0670234
8113;0.209014;-0.931636;5.76936;1.06836;5.76936;0.00134047;6.70234;0.0670234;0.0670234
8114;0.209014;-0.931636;5.76936;1.06836;5.76936;0.00134047;6.70234;0.0670234;0.0670234
8115;0.209014;-0.931636;5.76936;1.06836;5.76936;0.00134047;6.70234;0.0670234;0.0670234
8116;0.209014;-0.931636;5.76936;1.06836;5.76936;0.00134047;6.70234;0.0670234;0.0670234
8117;0.209014;-0.931636;5.76936;1.06836;5.76936;0.00134047;6.70234;0.0670234;0.0670234
8118;0.209014;-0.931636;5.76936;1.06836;5.76936;0.00134047;6.70234;0.0670234;0.0670234
8119;0.209014;-0.931636;5.76936;1.06836;5.76936;0.00134047;6.70234;0.0670234;0.0670234
8120;0.209014;-0.931636;5.76936;1.06836;5.76936;0.00134047;6.70234;0.0670234;0.0670234
8121;0.209014;-0.931636;5.76936;1.06836;5.76936;0.00134047;6.70234;0.0670234;0.0670234
8122;0.209014;-0.931636;5.76936;1.06836;5.76936;0.00134047;6.70234;0.0670234;0.0670234
8123;0.209014;-0.931636;5.76936;1.06836;5.76936;0.00134047;6.70234;0.0670234;0.0670234
8124;0.209014;-0.931636;5.76936;1.06836;5.76936;0.00134047;6.70234;0.0670234;0.0670234
8125;0.209014;-0.931636;5.76936;1.06836;5.76936;0.00134047;6.70234;0.0670234;0.0670234
8126;0.209014;-0.931636;5.76936;1.06836;5.76936;0.00134047;6.70234;0.0670234;0.0670234
8127;0.209014;-0.931636;5.76936;1.06836;5.76936;0.00134047;6.70234;0.0670234;0.0670234
8128;0.209014;-0.931636;5.76936;1.06836;5.76936;0.00134047;6.70234;0.0670234;0.0670234
8129;0.209014;-0.931636;5.76936;1.06836;5.76936;0.00134047;6.70234;0.0670234;0.0670234
8130;0.209014;-0.931636;5.76936;1.06836;5.76936;0.00134047;6.70234;0.0670234;0.0670234
8131;0.209014;-0.931636;5.76936;1.06836;5.76936;0.00134047;6.70234;0.0670234;0.0670234
8132;0.209014;-0.931636;5.76936;1.06836;5.76936;0.00134047;6.70234;0.0670234;0.0670234
8133;0.209014;-0.931636;5.76936;1.06836;5.76936;0.00134047;6.70234;0.0670234;0.0670234
8134;0.209014;-0.931636;5.76936;1.06836;5.76936;0.00134047;6.70234;0.0670234;0.0670234
8135;0.209014;-0.931636;5.76936;1.06836;5.76936;0.00134047;6.70234;0.0670234;0.0670234
8136;0.209014;-0.931636;5.76936;1.06836;5.76936;0.00134047;6.70234;0.0670234;0.0670234
8137;0.209014;-0.931636;5.76936;1.06836;5.76936;0.00134047;6.70234;0.0670234;0.0670234
8138;0.209014;-0.931636;5.76936;1.06836;5.76936;0.00134047;6.70234;0.0670234;0.0670234
8139;0.209014;-0.931636;5.76936;1.06836;5.76936;0.00134047;6.70234;0.0670234;0.0670234
8140;0.209014;-0.931636;5.76936;1.06836;5.76936;0.00134047;6.70234;0.0670234;0.0670234
8141;0.209014;-0.931636;5.76936;1.06836;5.76936;0.00134047;6.70234;0.0670234;0.0670234
8142;0.209014;-0.931636;5.76936;1.06836;5.76936;0.00134047;6.70234;0.0670234;0.0670234
8143;0.209014;-0.931636;5.76936;1.06836;5.76936;0.00134047;6.70234;0.0670234;0.0670234
8144;0.209014;-0.931636;5.76936;1.06836;5.76936;0.00134047;6.70234;0.0670234;0.0670234
8145;0.209014;-0.931636;5.76936;1.06836;5.76936;0.00134047;6.70234;0.0670234;0.0670234
8146;0.209014;-0.931636;5.76936;1.06836;5.76936;0.00134047;6.70234;0.0670234;0.0670234
8147;0.209014;-0.931636;5.76936;1.06836;5.76936;0.00134047;6.70234;0.0670234;0.0670234
8148;0.209014;-0.931636;5.76936;1.06836;5.76936;0.00134047;6.70234;0.0670234;0.0670234
8149;0.209014;-0.931636;5.76936;1.06836;5.76936;0.00134047;6.70234;0.0670234;0.0670234
8150;0.209014;-0.931636;5.76936;1.06836;5.76936;0.00134047;6.70234;0.0670234;0.0670234
8151;0.209014;-0.931636;5.76936;1.06836;5.76936;0.00134047;6.70234;0.0670234;0.0670234
8152;0.209014;-0.931636;5.76936;1.06836;5.76936;0.00134047;6.70234;0.0670234;0.0670234
8153;0.209014;-0.931636;5.76936;1.06836;5.76936;0.00134047;6.70234;0.0670234;0.0670234
8154;0.209014;-0.931636;5.76936;1.06836;5.76936;0.00134047;6.70234;0.0670234;0.0670234
8155;0.209014;-0.931636;5.76936;1.06836;5.76936;0.00134047;6.70234;0.0670234;0.0670234
8156;0.209014;-0.931636;5.76936;1.06836;5.76936;0.00134047;6.70234;0.0670234;0.0670234
8157;0.209014;-0.931636;5.76936;1.06836;5.76936;0.00134047;6.70234;0.0670234;0.0670234
8158;0.209014;-0.931636;5.76936;1.06836;5.76936;0.00134047;6.70234;0.0670234;0.0670234
8159;0.209014;-0.931636;5.76936;1.06836;5.76936;0.00134047;6.70234;0.0670234;0.0670234
8160;0.209014;-0.931636;5.76936;1.06836;5.76936;0.00134047;6.70234;0.0670234;0.0670234
8161;0.209014;-0.931636;5.76936;1.06836;5.76936;0.00134047;6.70234;0.0670234;0.0670234
8162;0.209014;-0.931636;5.76936;1.06836;5.76936;0.00134047;6.70234;0.0670234;0.0670234
8163;0.209014;-0.931636;5.76936;1.06836;5.76936;0.00134047;6.70234;0.0670234;0.0670234
8164;0.209014;-0.931636;5.76936;1.06836;5.76936;0.00134047;6.70234;0.0670234;0.0670234
8165;0.209014;-0.931636;5.76936;1.06836;5.76936;0.00134047;6.70234;0.0670234;0.0670234
8166;0.209014;-0.931636;5.76936;1.06836;5.76936;0.00134047;6.70234;0.0670234;0.0670234
8167;0.209014;-0.931636;5.76936;1.06836;5.76936;0.00134047;6.70234;0.0670234;0.0670234
8168;0.209014;-0.931636;5.76936;1.06836;5.76936;0.00134047;6.70234;0.0670234;0.0670234
8169;0.209014;-0.931636;5.76936;1.06836;5.76936;0.00134047;6.70234;0.0670234;0.0670234
8170;0.209014;-0.931636;5.76936;1.06836;5.76936;0.00134047;6.70234;0.0670234;0.0670234
8171;0.209014;-0.931636;5.76936;1.06836;5.76936;0.00134047;6.70234;0.0670234;0.0670234
8172;0.209014;-0.931636;5.76936;1.06836;5.76936;0.00134047;6.70234;0.0670234;0.0670234
8173;0.209014;-0.931636;5.76936;1.06836;5.76936;0.00134047;6.70234;0.0670234;0.0670234
8174;0.209014;-0.931636;5.76936;1.06836;5.76936;0.00134047;6.70234;0.0670234;0.0670234
8175;0.209014;-0.931636;5.76936;1.06836;5.76936;0.00134047;6.70234;0.0670234;0.0670234
8176;0.209014;-0.931636;5.76936;1.06836;5.76936;0.00134047;6.70234;0.0670234;0.0670234
8177;0.209014;-0.931636;5.76936;1.06836;5.76936;0.00134047;6.70234;0.0670234;0.0670234
8178;0.209014;-0.931636;5.76936;1.06836;5.76936;0.00134047;6.70234;0.0670234;0.0670234
8179;0.209014;-0.931636;5.76936;1.06836;5.76936;0.00134047;6.70234;0.0670234;0.0670234
8180;0.209014;-0.931636;5.76936;1.06836;5.76936;0.00134047;6.70234;0.0670234;0.0670234
8181;0.209014;-0.931636;5.76936;1.06836;5.76936;0.00134047;6.70234;0.0670234;0.0670234
8182;0.209014;-0.931636;5.76936;1.06836;5.76936;0.00134047;6.70234;0.0670234;0.0670234
8183;0.209014;-0.931636;5.76936;1.06836;5.76936;0.00134047;6.70234;0.0670234;0.0670234
8184;0.209014;-0.931636;5.76936;1.06836;5.76936;0.00134047;6.70234;0.0670234;0.0670234
8185;0.209014;-0.931636;5.76936;1.06836;5.76936;0.00134047;6.70234;0.0670234;0.0670234
8186;0.209014;-0.931636;5.76936;1.06836;5.76936;0.00134047;6.70234;0.0670234;0.0670234
8187;0.209014;-0.931636;5.76936;1.06836;5.76936;0.00134047;6.70234;0.0670234;0.0670234
8188;0.209014;-0.931636;5.76936;1.06836;5.76936;0.00134047;6.70234;0.0670234;0.0670234
8189;0.209014;-0.931636;5.76936;1.06836;5.76936;0.00134047;6.70234;0.0670234;0.0670234
8190;0.209014;-0.931636;5.76936;1.06836;5.76936;0.00134047;6.70234;0.0670234;0.0670234
8191;0.209014;-0.931636;5.76936;1.06836;5.76936;0.00134047;6.70234;0.0670234;0.0670234
8192;0.209014;-0.931636;5.76936;1.06836;5.76936;0.00134047;6.70234;0.0670234;0.0670234
8193;0.209014;-0.931636;5.76936;1.06836;5.76936;0.00134047;6.70234;0.0670234;0.0670234
8194;0.209014;-0.931636;5.76936;1.06836;5.76936;0.00134047;6.70234;0.0670234;0.0670234
8195;0.209014;-0.931636;5.76936;1.06836;5.76936;0.00134047;6.70234;0.0670234;0.0670234
8196;0.209014;-0.931636;5.76936;1.06836;5.76936;0.00134047;6.70234;0.0670234;0.0670234
8197;0.209014;-0.931636;5.76936;1.06836;5.76936;0.00134047;6.70234;0.0670234;0.0670234
8198;0.209014;-0.931636;5.76936;1.06836;5.76936;0.00134047;6.70234;0.0670234;0.0670234
8199;0.209014;-0.931636;5.76936;1.06836;5.76936;0.00134047;6.70234;0.0670234;0.0670234
8200;0.209014;-0.931636;5.76936;1.06836;5.76936;0.00134047;6.70234;0.0670234;0.0670234
8201;0.209014;-0.931636;5.76936;1.06836;5.76936;0.00134047;6.70234;0.0670234;0.0670234
8202;0.209014;-0.931636;5.76936;1.06836;5.76936;0.00134047;6.70234;0.0670234;0.0670234
8203;0.209014;-0.931636;5.76936;1.06836;5.76936;0.00134047;6.70234;0.0670234;0.0670234
8204;0.209014;-0.931636;5.76936;1.06836;5.76936;0.00134047;6.70234;0.0670234;0.0670234
8205;0.209014;-0.931636;5.76936;1.06836;5.76936;0.00134047;6.70234;0.0670234;0.0670234
8206;0.209014;-0.931636;5.76936;1.06836;5.76936;0.00134047;6.70234;0.0670234;0.0670234
8207;0.209014;-0.931636;5.76936;1.06836;5.76936;0.00134047;6.70234;0.0670234;0.0670234
8208;0.209014;-0.931636;5.76936;1.06836;5.76936;0.00134047;6.70234;0.0670234;0.0670234
8209;0.209014;-0.931636;5.76936;1.06836;5.76936;0.00134047;6.70234;0.0670234;0.0670234
8210;0.209014;-0.931636;5.76936;1.06836;5.76936;0.00134047;6.70234;0.0670234;0.0670234
8211;0.209014;-0.931636;5.76936;1.06836;5.76936;0.00134047;6.70234;0.0670234;0.0670234
8212;0.209014;-0.931636;5.76936;1.06836;5.76936;0.00134047;6.70234;0.0670234;0.0670234
8213;0.209014;-0.931636;5.76936;1.06836;5.76936;0.00134047;6.70234;0.0670234;0.0670234
8214;0.209014;-0.931636;5.76936;1.06836;5.76936;0.00134047;6.70234;0.0670234;0.0670234
8215;0.209014;-0.931636;5.76936;1.06836;5.76936;0.00134047;6.70234;0.0670234;0.0670234
8216;0.209014;-0.931636;5.76936;1.06836;5.76936;0.00134047;6.70234;0.0670234;0.0670234
8217;0.209014;-0.931636;5.76936;1.06836;5.76936;0.00134047;6.70234;0.0670234;0.0670234
8218;0.209014;-0.931636;5.76936;1.06836;5.76936;0.00134047;6.70234;0.0670234;0.0670234
8219;0.209014;-0.931636;5.76936;1.06836;5.76936;0.00134047;6.70234;0.0670234;0.0670234
8220;0.209014;-0.931636;5.76936;1.06836;5.76936;0.00134047;6.70234;0.0670234;0.0670234
8221;0.209014;-0.931636;5.76936;1.06836;5.76936;0.00134047;6.70234;0.0670234;0.0670234
8222;0.209014;-0.931636;5.76936;1.06836;5.76936;0.00134047;6.70234;0.0670234;0.0670234
8223;0.209014;-0.931636;5.76936;1.06836;5.76936;0.00134047;6.70234;0.0670234;0.0670234
8224;0.209014;-0.931636;5.76936;1.06836;5.76936;0.00134047;6.70234;0.0670234;0.0670234
8225;0.209014;-0.931636;5.76936;1.06836;5.76936;0.00134047;6.70234;0.0670234;0.0670234
8226;0.209014;-0.931636;5.76936;1.06836;5.76936;0.00134047;6.70234;0.0670234;0.0670234
8227;0.209014;-0.931636;5.76936;1.06836;5.76936;0.00134047;6.70234;0.0670234;0.0670234
8228;0.209014;-0.931636;5.76936;1.06836;5.76936;0.00134047;6.70234;0.0670234;0.0670234
8229;0.209014;-0.931636;5.76936;1.06836;5.76936;0.00134047;6.70234;0.0670234;0.0670234
8230;0.209014;-0.931636;5.76936;1.06836;5.76936;0.00134047;6.70234;0.0670234;0.0670234
8231;0.209014;-0.931636;5.76936;1.06836;5.76936;0.00134047;6.70234;0.0670234;0.0670234
8232;0.209014;-0.931636;5.76936;1.06836;5.76936;0.00134047;6.70234;0.0670234;0.0670234
8233;0.209014;-0.931636;5.76936;1.06836;5.76936;0.00134047;6.70234;0.0670234;0.0670234
8234;0.209014;-0.931636;5.76936;1.06836;5.76936;0.00134047;6.70234;0.0670234;0.0670234
8235;0.209014;-0.931636;5.76936;1.06836;5.76936;0.00134047;6.70234;0.0670234;0.0670234
8236;0.209014;-0.931636;5.76936;1.06836;5.76936;0.00134047;6.70234;0.0670234;0.0670234
8237;0.209014;-0.931636;5.76936;1.06836;5.76936;0.00134047;6.70234;0.0670234;0.0670234
8238;0.209014;-0.931636;5.76936;1.06836;5.76936;0.00134047;6.70234;0.0670234;0.0670234
8239;0.209014;-0.931636;5.76936;1.06836;5.76936;0.00134047;6.70234;0.0670234;0.0670234
8240;0.209014;-0.931636;5.76936;1.06836;5.76936;0.00134047;6.70234;0.0670234;0.0670234
8241;0.209014;-0.931636;5.76936;1.06836;5.76936;0.00134047;6.70234;0.0670234;0.0670234
8242;0.209014;-0.931636;5.76936;1.06836;5.76936;0.00134047;6.70234;0.0670234;0.0670234
8243;0.209014;-0.931636;5.76936;1.06836;5.76936;0.00134047;6.70234;0.0670234;0.0670234
8244;0.209014;-0.931636;5.76936;1.06836;5.76936;0.00134047;6.70234;0.0670234;0.0670234
8245;0.209014;-0.931636;5.76936;1.06836;5.76936;0.00134047;6.70234;0.0670234;0.0670234
8246;0.209014;-0.931636;5.76936;1.06836;5.76936;0.00134047;6.70234;0.0670234;0.0670234
8247;0.209014;-0.931636;5.76936;1.06836;5.76936;0.00134047;6.70234;0.0670234;0.0670234
8248;0.209014;-0.931636;5.76936;1.06836;5.76936;0.00134047;6.70234;0.0670234;0.0670234
8249;0.209014;-0.931636;5.76936;1.06836;5.76936;0.00134047;6.70234;0.0670234;0.0670234
8250;0.209014;-0.931636;5.76936;1.06836;5.76936;0.00134047;6.70234;0.0670234;0.0670234
8251;0.209014;-0.931636;5.76936;1.06836;5.76936;0.00134047;6.70234;0.0670234;0.0670234
8252;0.209014;-0.931636;5.76936;1.06836;5.76936;0.00134047;6.70234;0.0670234;0.0670234
8253;0.209014;-0.931636;5.76936;1.06836;5.76936;0.00134047;6.70234;0.0670234;0.0670234
8254;0.209014;-0.931636;5.76936;1.06836;5.76936;0.00134047;6.70234;0.0670234;0.0670234
8255;0.209014;-0.931636;5.76936;1.06836;5.76936;0.00134047;6.70234;0.0670234;0.0670234
8256;0.209014;-0.931636;5.76936;1.06836;5.76936;0.00134047;6.70234;0.0670234;0.0670234
8257;0.209014;-0.931636;5.76936;1.06836;5.76936;0.00134047;6.70234;0.0670234;0.0670234
8258;0.209014;-0.931636;5.76936;1.06836;5.76936;0.00134047;6.70234;0.0670234;0.0670234
8259;0.209014;-0.931636;5.76936;1.06836;5.76936;0.00134047;6.70234;0.0670234;0.0670234
8260;0.209014;-0.931636;5.76936;1.06836;5.76936;0.00134047;6.70234;0.0670234;0.0670234
8261;0.209014;-0.931636;5.76936;1.06836;5.76936;0.00134047;6.70234;0.0670234;0.0670234
8262;0.209014;-0.931636;5.76936;1.06836;5.76936;0.00134047;6.70234;0.0670234;0.0670234
8263;0.209014;-0.931636;5.76936;1.06836;5.76936;0.00134047;6.70234;0.0670234;0.0670234
8264;0.209014;-0.931636;5.76936;1.06836;5.76936;0.00134047;6.70234;0.0670234;0.0670234
8265;0.209014;-0.931636;5.76936;1.06836;5.76936;0.00134047;6.70234;0.0670234;0.0670234
8266;0.209014;-0.931636;5.76936;1.06836;5.76936;0.00134047;6.70234;0.0670234;0.0670234
8267;0.209014;-0.931636;5.76936;1.06836;5.76936;0.00134047;6.70234;0.0670234;0.0670234
8268;0.209014;-0.931636;5.76936;1.06836;5.76936;0.00134047;6.70234;0.0670234;0.0670234
8269;0.209014;-0.931636;5.76936;1.06836;5.76936;0.00134047;6.70234;0.0670234;0.0670234
8270;0.209014;-0.931636;5.76936;1.06836;5.76936;0.00134047;6.70234;0.0670234;0.0670234
8271;0.209014;-0.931636;5.76936;1.06836;5.76936;0.00134047;6.70234;0.0670234;0.0670234
8272;0.209014;-0.931636;5.76936;1.06836;5.76936;0.00134047;6.70234;0.0670234;0.0670234
8273;0.209014;-0.931636;5.76936;1.06836;5.76936;0.00134047;6.70234;0.0670234;0.0670234
8274;0.209014;-0.931636;5.76936;1.06836;5.76936;0.00134047;6.70234;0.0670234;0.0670234
8275;0.209014;-0.931636;5.76936;1.06836;5.76936;0.00134047;6.70234;0.0670234;0.0670234
8276;0.209014;-0.931636;5.76936;1.06836;5.76936;0.00134047;6.70234;0.0670234;0.0670234
8277;0.209014;-0.931636;5.76936;1.06836;5.76936;0.00134047;6.70234;0.0670234;0.0670234
8278;0.209014;-0.931636;5.76936;1.06836;5.76936;0.00134047;6.70234;0.0670234;0.0670234
8279;0.209014;-0.931636;5.76936;1.06836;5.76936;0.00134047;6.70234;0.0670234;0.0670234
8280;0.209014;-0.931636;5.76936;1.06836;5.76936;0.00134047;6.70234;0.0670234;0.0670234
8281;0.209014;-0.931636;5.76936;1.06836;5.76936;0.00134047;6.70234;0.0670234;0.0670234
8282;0.209014;-0.931636;5.76936;1.06836;5.76936;0.00134047;6.70234;0.0670234;0.0670234
8283;0.209014;-0.931636;5.76936;1.06836;5.76936;0.00134047;6.70234;0.0670234;0.0670234
8284;0.209014;-0.931636;5.76936;1.06836;5.76936;0.00134047;6.70234;0.0670234;0.0670234
8285;0.209014;-0.931636;5.76936;1.06836;5.76936;0.00134047;6.70234;0.0670234;0.0670234
8286;0.209014;-0.931636;5.76936;1.06836;5.76936;0.00134047;6.70234;0.0670234;0.0670234
8287;0.209014;-0.931636;5.76936;1.06836;5.76936;0.00134047;6.70234;0.0670234;0.0670234
8288;0.209014;-0.931636;5.76936;1.06836;5.76936;0.00134047;6.70234;0.0670234;0.0670234
8289;0.209014;-0.931636;5.76936;1.06836;5.76936;0.00134047;6.70234;0.0670234;0.0670234
8290;0.209014;-0.931636;5.76936;1.06836;5.76936;0.00134047;6.70234;0.0670234;0.0670234
8291;0.209014;-0.931636;5.76936;1.06836;5.76936;0.00134047;6.70234;0.0670234;0.0670234
8292;0.209014;-0.931636;5.76936;1.06836;5.76936;0.00134047;6.70234;0.0670234;0.0670234
8293;0.209014;-0.931636;5.76936;1.06836;5.76936;0.00134047;6.70234;0.0670234;0.0670234
8294;0.209014;-0.931636;5.76936;1.06836;5.76936;0.00134047;6.70234;0.0670234;0.0670234
8295;0.209014;-0.931636;5.76936;1.06836;5.76936;0.00134047;6.70234;0.0670234;0.0670234
8296;0.209014;-0.931636;5.76936;1.06836;5.76936;0.00134047;6.70234;0.0670234;0.0670234
8297;0.209014;-0.931636;5.76936;1.06836;5.76936;0.00134047;6.70234;0.0670234;0.0670234
8298;0.209014;-0.931636;5.76936;1.06836;5.76936;0.00134047;6.70234;0.0670234;0.0670234
8299;0.209014;-0.931636;5.76936;1.06836;5.76936;0.00134047;6.70234;0.0670234;0.0670234
8300;0.209014;-0.931636;5.76936;1.06836;5.76936;0.00134047;6.70234;0.0670234;0.0670234
8301;0.209014;-0.931636;5.76936;1.06836;5.76936;0.00134047;6.70234;0.0670234;0.0670234
8302;0.209014;-0.931636;5.76936;1.06836;5.76936;0.00134047;6.70234;0.0670234;0.0670234
8303;0.209014;-0.931636;5.76936;1.06836;5.76936;0.00134047;6.70234;0.0670234;0.0670234
8304;0.209014;-0.931636;5.76936;1.06836;5.76936;0.00134047;6.70234;0.0670234;0.0670234
8305;0.209014;-0.931636;5.76936;1.06836;5.76936;0.00134047;6.70234;0.0670234;0.0670234
8306;0.209014;-0.931636;5.76936;1.06836;5.76936;0.00134047;6.70234;0.0670234;0.0670234
8307;0.209014;-0.931636;5.76936;1.06836;5.76936;0.00134047;6.70234;0.0670234;0.0670234
8308;0.209014;-0.931636;5.76936;1.06836;5.76936;0.00134047;6.70234;0.0670234;0.0670234
8309;0.209014;-0.931636;5.76936;1.06836;5.76936;0.00134047;6.70234;0.0670234;0.0670234
8310;0.209014;-0.931636;5.76936;1.06836;5.76936;0.00134047;6.70234;0.0670234;0.0670234
8311;0.209014;-0.931636;5.76936;1.06836;5.76936;0.00134047;6.70234;0.0670234;0.0670234
8312;0.209014;-0.931636;5.76936;1.06836;5.76936;0.00134047;6.70234;0.0670234;0.0670234
8313;0.209014;-0.931636;5.76936;1.06836;5.76936;0.00134047;6.70234;0.0670234;0.0670234
8314;0.209014;-0.931636;5.76936;1.06836;5.76936;0.00134047;6.70234;0.0670234;0.0670234
8315;0.209014;-0.931636;5.76936;1.06836;5.76936;0.00134047;6.70234;0.0670234;0.0670234
8316;0.209014;-0.931636;5.76936;1.06836;5.76936;0.00134047;6.70234;0.0670234;0.0670234
8317;0.209014;-0.931636;5.76936;1.06836;5.76936;0.00134047;6.70234;0.0670234;0.0670234
8318;0.209014;-0.931636;5.76936;1.06836;5.76936;0.00134047;6.70234;0.0670234;0.0670234
8319;0.209014;-0.931636;5.76936;1.06836;5.76936;0.00134047;6.70234;0.0670234;0.0670234
8320;0.209014;-0.931636;5.76936;1.06836;5.76936;0.00134047;6.70234;0.0670234;0.0670234
8321;0.209014;-0.931636;5.76936;1.06836;5.76936;0.00134047;6.70234;0.0670234;0.0670234
8322;0.209014;-0.931636;5.76936;1.06836;5.76936;0.00134047;6.70234;0.0670234;0.0670234
8323;0.209014;-0.931636;5.76936;1.06836;5.76936;0.00134047;6.70234;0.0670234;0.0670234
8324;0.209014;-0.931636;5.76936;1.06836;5.76936;0.00134047;6.70234;0.0670234;0.0670234
8325;0.209014;-0.931636;5.76936;1.06836;5.76936;0.00134047;6.70234;0.0670234;0.0670234
8326;0.209014;-0.931636;5.76936;1.06836;5.76936;0.00134047;6.70234;0.0670234;0.0670234
8327;0.209014;-0.931636;5.76936;1.06836;5.76936;0.00134047;6.70234;0.0670234;0.0670234
8328;0.209014;-0.931636;5.76936;1.06836;5.76936;0.00134047;6.70234;0.0670234;0.0670234
8329;0.209014;-0.931636;5.76936;1.06836;5.76936;0.00134047;6.70234;0.0670234;0.0670234
8330;0.209014;-0.931636;5.76936;1.06836;5.76936;0.00134047;6.70234;0.0670234;0.0670234
8331;0.209014;-0.931636;5.76936;1.06836;5.76936;0.00134047;6.70234;0.0670234;0.0670234
8332;0.209014;-0.931636;5.76936;1.06836;5.76936;0.00134047;6.70234;0.0670234;0.0670234
8333;0.209014;-0.931636;5.76936;1.06836;5.76936;0.00134047;6.70234;0.0670234;0.0670234
8334;0.209014;-0.931636;5.76936;1.06836;5.76936;0.00134047;6.70234;0.0670234;0.0670234
8335;0.209014;-0.931636;5.76936;1.06836;5.76936;0.00134047;6.70234;0.0670234;0.0670234
8336;0.209014;-0.931636;5.76936;1.06836;5.76936;0.00134047;6.70234;0.0670234;0.0670234
8337;0.209014;-0.931636;5.76936;1.06836;5.76936;0.00134047;6.70234;0.0670234;0.0670234
8338;0.209014;-0.931636;5.76936;1.06836;5.76936;0.00134047;6.70234;0.0670234;0.0670234
8339;0.209014;-0.931636;5.76936;1.06836;5.76936;0.00134047;6.70234;0.0670234;0.0670234
8340;0.209014;-0.931636;5.76936;1.06836;5.76936;0.00134047;6.70234;0.0670234;0.0670234
8341;0.209014;-0.931636;5.76936;1.06836;5.76936;0.00134047;6.70234;0.0670234;0.0670234
8342;0.209014;-0.931636;5.76936;1.06836;5.76936;0.00134047;6.70234;0.0670234;0.0670234
8343;0.209014;-0.931636;5.76936;1.06836;5.76936;0.00134047;6.70234;0.0670234;0.0670234
8344;0.209014;-0.931636;5.76936;1.06836;5.76936;0.00134047;6.70234;0.0670234;0.0670234
8345;0.209014;-0.931636;5.76936;1.06836;5.76936;0.00134047;6.70234;0.0670234;0.0670234
8346;0.209014;-0.931636;5.76936;1.06836;5.76936;0.00134047;6.70234;0.0670234;0.0670234
8347;0.209014;-0.931636;5.76936;1.06836;5.76936;0.00134047;6.70234;0.0670234;0.0670234
8348;0.209014;-0.931636;5.76936;1.06836;5.76936;0.00134047;6.70234;0.0670234;0.0670234
8349;0.209014;-0.931636;5.76936;1.06836;5.76936;0.00134047;6.70234;0.0670234;0.0670234
8350;0.209014;-0.931636;5.76936;1.06836;5.76936;0.00134047;6.70234;0.0670234;0.0670234
8351;0.209014;-0.931636;5.76936;1.06836;5.76936;0.00134047;6.70234;0.0670234;0.0670234
8352;0.209014;-0.931636;5.76936;1.06836;5.76936;0.00134047;6.70234;0.0670234;0.0670234
8353;0.209014;-0.931636;5.76936;1.06836;5.76936;0.00134047;6.70234;0.0670234;0.0670234
8354;0.209014;-0.931636;5.76936;1.06836;5.76936;0.00134047;6.70234;0.0670234;0.0670234
8355;0.209014;-0.931636;5.76936;1.06836;5.76936;0.00134047;6.70234;0.0670234;0.0670234
8356;0.209014;-0.931636;5.76936;1.06836;5.76936;0.00134047;6.70234;0.0670234;0.0670234
8357;0.209014;-0.931636;5.76936;1.06836;5.76936;0.00134047;6.70234;0.0670234;0.0670234
8358;0.209014;-0.931636;5.76936;1.06836;5.76936;0.00134047;6.70234;0.0670234;0.0670234
8359;0.209014;-0.931636;5.76936;1.06836;5.76936;0.00134047;6.70234;0.0670234;0.0670234
8360;0.209014;-0.931636;5.76936;1.06836;5.76936;0.00134047;6.70234;0.0670234;0.0670234
8361;0.209014;-0.931636;5.76936;1.06836;5.76936;0.00134047;6.70234;0.0670234;0.0670234
8362;0.209014;-0.931636;5.76936;1.06836;5.76936;0.00134047;6.70234;0.0670234;0.0670234
8363;0.209014;-0.931636;5.76936;1.06836;5.76936;0.00134047;6.70234;0.0670234;0.0670234
8364;0.209014;-0.931636;5.76936;1.06836;5.76936;0.00134047;6.70234;0.0670234;0.0670234
8365;0.209014;-0.931636;5.76936;1.06836;5.76936;0.00134047;6.70234;0.0670234;0.0670234
8366;0.209014;-0.931636;5.76936;1.06836;5.76936;0.00134047;6.70234;0.0670234;0.0670234
8367;0.209014;-0.931636;5.76936;1.06836;5.76936;0.00134047;6.70234;0.0670234;0.0670234
8368;0.209014;-0.931636;5.76936;1.06836;5.76936;0.00134047;6.70234;0.0670234;0.0670234
8369;0.209014;-0.931636;5.76936;1.06836;5.76936;0.00134047;6.70234;0.0670234;0.0670234
8370;0.209014;-0.931636;5.76936;1.06836;5.76936;0.00134047;6.70234;0.0670234;0.0670234
8371;0.209014;-0.931636;5.76936;1.06836;5.76936;0.00134047;6.70234;0.0670234;0.0670234
8372;0.209014;-0.931636;5.76936;1.06836;5.76936;0.00134047;6.70234;0.0670234;0.0670234
8373;0.209014;-0.931636;5.76936;1.06836;5.76936;0.00134047;6.70234;0.0670234;0.0670234
8374;0.209014;-0.931636;5.76936;1.06836;5.76936;0.00134047;6.70234;0.0670234;0.0670234
8375;0.209014;-0.931636;5.76936;1.06836;5.76936;0.00134047;6.70234;0.0670234;0.0670234
8376;0.209014;-0.931636;5.76936;1.06836;5.76936;0.00134047;6.70234;0.0670234;0.0670234
8377;0.209014;-0.931636;5.76936;1.06836;5.76936;0.00134047;6.70234;0.0670234;0.0670234
8378;0.209014;-0.931636;5.76936;1.06836;5.76936;0.00134047;6.70234;0.0670234;0.0670234
8379;0.209014;-0.931636;5.76936;1.06836;5.76936;0.00134047;6.70234;0.0670234;0.0670234
8380;0.209014;-0.931636;5.76936;1.06836;5.76936;0.00134047;6.70234;0.0670234;0.0670234
8381;0.209014;-0.931636;5.76936;1.06836;5.76936;0.00134047;6.70234;0.0670234;0.0670234
8382;0.209014;-0.931636;5.76936;1.06836;5.76936;0.00134047;6.70234;0.0670234;0.0670234
8383;0.209014;-0.931636;5.76936;1.06836;5.76936;0.00134047;6.70234;0.0670234;0.0670234
8384;0.209014;-0.931636;5.76936;1.06836;5.76936;0.00134047;6.70234;0.0670234;0.0670234
8385;0.209014;-0.931636;5.76936;1.06836;5.76936;0.00134047;6.70234;0.0670234;0.0670234
8386;0.209014;-0.931636;5.76936;1.06836;5.76936;0.00134047;6.70234;0.0670234;0.0670234
8387;0.209014;-0.931636;5.76936;1.06836;5.76936;0.00134047;6.70234;0.0670234;0.0670234
8388;0.209014;-0.931636;5.76936;1.06836;5.76936;0.00134047;6.70234;0.0670234;0.0670234
8389;0.209014;-0.931636;5.76936;1.06836;5.76936;0.00134047;6.70234;0.0670234;0.0670234
8390;0.209014;-0.931636;5.76936;1.06836;5.76936;0.00134047;6.70234;0.0670234;0.0670234
8391;0.209014;-0.931636;5.76936;1.06836;5.76936;0.00134047;6.70234;0.0670234;0.0670234
8392;0.209014;-0.931636;5.76936;1.06836;5.76936;0.00134047;6.70234;0.0670234;0.0670234
8393;0.209014;-0.931636;5.76936;1.06836;5.76936;0.00134047;6.70234;0.0670234;0.0670234
8394;0.209014;-0.931636;5.76936;1.06836;5.76936;0.00134047;6.70234;0.0670234;0.0670234
8395;0.209014;-0.931636;5.76936;1.06836;5.76936;0.00134047;6.70234;0.0670234;0.0670234
8396;0.209014;-0.931636;5.76936;1.06836;5.76936;0.00134047;6.70234;0.0670234;0.0670234
8397;0.209014;-0.931636;5.76936;1.06836;5.76936;0.00134047;6.70234;0.0670234;0.0670234
8398;0.209014;-0.931636;5.76936;1.06836;5.76936;0.00134047;6.70234;0.0670234;0.0670234
8399;0.209014;-0.931636;5.76936;1.06836;5.76936;0.00134047;6.70234;0.0670234;0.0670234
8400;0.209014;-0.931636;5.76936;1.06836;5.76936;0.00134047;6.70234;0.0670234;0.0670234
8401;0.209014;-0.931636;5.76936;1.06836;5.76936;0.00134047;6.70234;0.0670234;0.0670234
8402;0.209014;-0.931636;5.76936;1.06836;5.76936;0.00134047;6.70234;0.0670234;0.0670234
8403;0.209014;-0.931636;5.76936;1.06836;5.76936;0.00134047;6.70234;0.0670234;0.0670234
8404;0.209014;-0.931636;5.76936;1.06836;5.76936;0.00134047;6.70234;0.0670234;0.0670234
8405;0.209014;-0.931636;5.76936;1.06836;5.76936;0.00134047;6.70234;0.0670234;0.0670234
8406;0.209014;-0.931636;5.76936;1.06836;5.76936;0.00134047;6.70234;0.0670234;0.0670234
8407;0.209014;-0.931636;5.76936;1.06836;5.76936;0.00134047;6.70234;0.0670234;0.0670234
8408;0.209014;-0.931636;5.76936;1.06836;5.76936;0.00134047;6.70234;0.0670234;0.0670234
8409;0.209014;-0.931636;5.76936;1.06836;5.76936;0.00134047;6.70234;0.0670234;0.0670234
8410;0.209014;-0.931636;5.76936;1.06836;5.76936;0.00134047;6.70234;0.0670234;0.0670234
8411;0.209014;-0.931636;5.76936;1.06836;5.76936;0.00134047;6.70234;0.0670234;0.0670234
8412;0.209014;-0.931636;5.76936;1.06836;5.76936;0.00134047;6.70234;0.0670234;0.0670234
8413;0.209014;-0.931636;5.76936;1.06836;5.76936;0.00134047;6.70234;0.0670234;0.0670234
8414;0.209014;-0.931636;5.76936;1.06836;5.76936;0.00134047;6.70234;0.0670234;0.0670234
8415;0.209014;-0.931636;5.76936;1.06836;5.76936;0.00134047;6.70234;0.0670234;0.0670234
8416;0.209014;-0.931636;5.76936;1.06836;5.76936;0.00134047;6.70234;0.0670234;0.0670234
8417;0.209014;-0.931636;5.76936;1.06836;5.76936;0.00134047;6.70234;0.0670234;0.0670234
8418;0.209014;-0.931636;5.76936;1.06836;5.76936;0.00134047;6.70234;0.0670234;0.0670234
8419;0.209014;-0.931636;5.76936;1.06836;5.76936;0.00134047;6.70234;0.0670234;0.0670234
8420;0.209014;-0.931636;5.76936;1.06836;5.76936;0.00134047;6.70234;0.0670234;0.0670234
8421;0.209014;-0.931636;5.76936;1.06836;5.76936;0.00134047;6.70234;0.0670234;0.0670234
8422;0.209014;-0.931636;5.76936;1.06836;5.76936;0.00134047;6.70234;0.0670234;0.0670234
8423;0.209014;-0.931636;5.76936;1.06836;5.76936;0.00134047;6.70234;0.0670234;0.0670234
8424;0.209014;-0.931636;5.76936;1.06836;5.76936;0.00134047;6.70234;0.0670234;0.0670234
8425;0.209014;-0.931636;5.76936;1.06836;5.76936;0.00134047;6.70234;0.0670234;0.0670234
8426;0.209014;-0.931636;5.76936;1.06836;5.76936;0.00134047;6.70234;0.0670234;0.0670234
8427;0.209014;-0.931636;5.76936;1.06836;5.76936;0.00134047;6.70234;0.0670234;0.0670234
8428;0.209014;-0.931636;5.76936;1.06836;5.76936;0.00134047;6.70234;0.0670234;0.0670234
8429;0.209014;-0.931636;5.76936;1.06836;5.76936;0.00134047;6.70234;0.0670234;0.0670234
8430;0.209014;-0.931636;5.76936;1.06836;5.76936;0.00134047;6.70234;0.0670234;0.0670234
8431;0.209014;-0.931636;5.76936;1.06836;5.76936;0.00134047;6.70234;0.0670234;0.0670234
8432;0.209014;-0.931636;5.76936;1.06836;5.76936;0.00134047;6.70234;0.0670234;0.0670234
8433;0.209014;-0.931636;5.76936;1.06836;5.76936;0.00134047;6.70234;0.0670234;0.0670234
8434;0.209014;-0.931636;5.76936;1.06836;5.76936;0.00134047;6.70234;0.0670234;0.0670234
8435;0.209014;-0.931636;5.76936;1.06836;5.76936;0.00134047;6.70234;0.0670234;0.0670234
8436;0.209014;-0.931636;5.76936;1.06836;5.76936;0.00134047;6.70234;0.0670234;0.0670234
8437;0.209014;-0.931636;5.76936;1.06836;5.76936;0.00134047;6.70234;0.0670234;0.0670234
8438;0.209014;-0.931636;5.76936;1.06836;5.76936;0.00134047;6.70234;0.0670234;0.0670234
8439;0.209014;-0.931636;5.76936;1.06836;5.76936;0.00134047;6.70234;0.0670234;0.0670234
8440;0.209014;-0.931636;5.76936;1.06836;5.76936;0.00134047;6.70234;0.0670234;0.0670234
8441;0.209014;-0.931636;5.76936;1.06836;5.76936;0.00134047;6.70234;0.0670234;0.0670234
8442;0.209014;-0.931636;5.76936;1.06836;5.76936;0.00134047;6.70234;0.0670234;0.0670234
8443;0.209014;-0.931636;5.76936;1.06836;5.76936;0.00134047;6.70234;0.0670234;0.0670234
8444;0.209014;-0.931636;5.76936;1.06836;5.76936;0.00134047;6.70234;0.0670234;0.0670234
8445;0.209014;-0.931636;5.76936;1.06836;5.76936;0.00134047;6.70234;0.0670234;0.0670234
8446;0.209014;-0.931636;5.76936;1.06836;5.76936;0.00134047;6.70234;0.0670234;0.0670234
8447;0.209014;-0.931636;5.76936;1.06836;5.76936;0.00134047;6.70234;0.0670234;0.0670234
8448;0.209014;-0.931636;5.76936;1.06836;5.76936;0.00134047;6.70234;0.0670234;0.0670234
8449;0.209014;-0.931636;5.76936;1.06836;5.76936;0.00134047;6.70234;0.0670234;0.0670234
8450;0.209014;-0.931636;5.76936;1.06836;5.76936;0.00134047;6.70234;0.0670234;0.0670234
8451;0.209014;-0.931636;5.76936;1.06836;5.76936;0.00134047;6.70234;0.0670234;0.0670234
8452;0.209014;-0.931636;5.76936;1.06836;5.76936;0.00134047;6.70234;0.0670234;0.0670234
8453;0.209014;-0.931636;5.76936;1.06836;5.76936;0.00134047;6.70234;0.0670234;0.0670234
8454;0.209014;-0.931636;5.76936;1.06836;5.76936;0.00134047;6.70234;0.0670234;0.0670234
8455;0.209014;-0.931636;5.76936;1.06836;5.76936;0.00134047;6.70234;0.0670234;0.0670234
8456;0.209014;-0.931636;5.76936;1.06836;5.76936;0.00134047;6.70234;0.0670234;0.0670234
8457;0.209014;-0.931636;5.76936;1.06836;5.76936;0.00134047;6.70234;0.0670234;0.0670234
8458;0.209014;-0.931636;5.76936;1.06836;5.76936;0.00134047;6.70234;0.0670234;0.0670234
8459;0.209014;-0.931636;5.76936;1.06836;5.76936;0.00134047;6.70234;0.0670234;0.0670234
8460;0.209014;-0.931636;5.76936;1.06836;5.76936;0.00134047;6.70234;0.0670234;0.0670234
8461;0.209014;-0.931636;5.76936;1.06836;5.76936;0.00134047;6.70234;0.0670234;0.0670234
8462;0.209014;-0.931636;5.76936;1.06836;5.76936;0.00134047;6.70234;0.0670234;0.0670234
8463;0.209014;-0.931636;5.76936;1.06836;5.76936;0.00134047;6.70234;0.0670234;0.0670234
8464;0.209014;-0.931636;5.76936;1.06836;5.76936;0.00134047;6.70234;0.0670234;0.0670234
8465;0.209014;-0.931636;5.76936;1.06836;5.76936;0.00134047;6.70234;0.0670234;0.0670234
8466;0.209014;-0.931636;5.76936;1.06836;5.76936;0.00134047;6.70234;0.0670234;0.0670234
8467;0.209014;-0.931636;5.76936;1.06836;5.76936;0.00134047;6.70234;0.0670234;0.0670234
8468;0.209014;-0.931636;5.76936;1.06836;5.76936;0.00134047;6.70234;0.0670234;0.0670234
8469;0.209014;-0.931636;5.76936;1.06836;5.76936;0.00134047;6.70234;0.0670234;0.0670234
8470;0.209014;-0.931636;5.76936;1.06836;5.76936;0.00134047;6.70234;0.0670234;0.0670234
8471;0.209014;-0.931636;5.76936;1.06836;5.76936;0.00134047;6.70234;0.0670234;0.0670234
8472;0.209014;-0.931636;5.76936;1.06836;5.76936;0.00134047;6.70234;0.0670234;0.0670234
8473;0.209014;-0.931636;5.76936;1.06836;5.76936;0.00134047;6.70234;0.0670234;0.0670234
8474;0.209014;-0.931636;5.76936;1.06836;5.76936;0.00134047;6.70234;0.0670234;0.0670234
8475;0.209014;-0.931636;5.76936;1.06836;5.76936;0.00134047;6.70234;0.0670234;0.0670234
8476;0.209014;-0.931636;5.76936;1.06836;5.76936;0.00134047;6.70234;0.0670234;0.0670234
8477;0.209014;-0.931636;5.76936;1.06836;5.76936;0.00134047;6.70234;0.0670234;0.0670234
8478;0.209014;-0.931636;5.76936;1.06836;5.76936;0.00134047;6.70234;0.0670234;0.0670234
8479;0.209014;-0.931636;5.76936;1.06836;5.76936;0.00134047;6.70234;0.0670234;0.0670234
8480;0.209014;-0.931636;5.76936;1.06836;5.76936;0.00134047;6.70234;0.0670234;0.0670234
8481;0.209014;-0.931636;5.76936;1.06836;5.76936;0.00134047;6.70234;0.0670234;0.0670234
8482;0.209014;-0.931636;5.76936;1.06836;5.76936;0.00134047;6.70234;0.0670234;0.0670234
8483;0.209014;-0.931636;5.76936;1.06836;5.76936;0.00134047;6.70234;0.0670234;0.0670234
8484;0.209014;-0.931636;5.76936;1.06836;5.76936;0.00134047;6.70234;0.0670234;0.0670234
8485;0.209014;-0.931636;5.76936;1.06836;5.76936;0.00134047;6.70234;0.0670234;0.0670234
8486;0.209014;-0.931636;5.76936;1.06836;5.76936;0.00134047;6.70234;0.0670234;0.0670234
8487;0.209014;-0.931636;5.76936;1.06836;5.76936;0.00134047;6.70234;0.0670234;0.0670234
8488;0.209014;-0.931636;5.76936;1.06836;5.76936;0.00134047;6.70234;0.0670234;0.0670234
8489;0.209014;-0.931636;5.76936;1.06836;5.76936;0.00134047;6.70234;0.0670234;0.0670234
8490;0.209014;-0.931636;5.76936;1.06836;5.76936;0.00134047;6.70234;0.0670234;0.0670234
8491;0.209014;-0.931636;5.76936;1.06836;5.76936;0.00134047;6.70234;0.0670234;0.0670234
8492;0.209014;-0.931636;5.76936;1.06836;5.76936;0.00134047;6.70234;0.0670234;0.0670234
8493;0.209014;-0.931636;5.76936;1.06836;5.76936;0.00134047;6.70234;0.0670234;0.0670234
8494;0.209014;-0.931636;5.76936;1.06836;5.76936;0.00134047;6.70234;0.0670234;0.0670234
8495;0.209014;-0.931636;5.76936;1.06836;5.76936;0.00134047;6.70234;0.0670234;0.0670234
8496;0.209014;-0.931636;5.76936;1.06836;5.76936;0.00134047;6.70234;0.0670234;0.0670234
8497;0.209014;-0.931636;5.76936;1.06836;5.76936;0.00134047;6.70234;0.0670234;0.0670234
8498;0.209014;-0.931636;5.76936;1.06836;5.76936;0.00134047;6.70234;0.0670234;0.0670234
8499;0.209014;-0.931636;5.76936;1.06836;5.76936;0.00134047;6.70234;0.0670234;0.0670234
8500;0.209014;-0.931636;5.76936;1.06836;5.76936;0.00134047;6.70234;0.0670234;0.0670234
8501;0.209014;-0.931636;5.76936;1.06836;5.76936;0.00134047;6.70234;0.0670234;0.0670234
8502;0.209014;-0.931636;5.76936;1.06836;5.76936;0.00134047;6.70234;0.0670234;0.0670234
8503;0.209014;-0.931636;5.76936;1.06836;5.76936;0.00134047;6.70234;0.0670234;0.0670234
8504;0.209014;-0.931636;5.76936;1.06836;5.76936;0.00134047;6.70234;0.0670234;0.0670234
8505;0.209014;-0.931636;5.76936;1.06836;5.76936;0.00134047;6.70234;0.0670234;0.0670234
8506;0.209014;-0.931636;5.76936;1.06836;5.76936;0.00134047;6.70234;0.0670234;0.0670234
8507;0.209014;-0.931636;5.76936;1.06836;5.76936;0.00134047;6.70234;0.0670234;0.0670234
8508;0.209014;-0.931636;5.76936;1.06836;5.76936;0.00134047;6.70234;0.0670234;0.0670234
8509;0.209014;-0.931636;5.76936;1.06836;5.76936;0.00134047;6.70234;0.0670234;0.0670234
8510;0.209014;-0.931636;5.76936;1.06836;5.76936;0.00134047;6.70234;0.0670234;0.0670234
8511;0.209014;-0.931636;5.76936;1.06836;5.76936;0.00134047;6.70234;0.0670234;0.0670234
8512;0.209014;-0.931636;5.76936;1.06836;5.76936;0.00134047;6.70234;0.0670234;0.0670234
8513;0.209014;-0.931636;5.76936;1.06836;5.76936;0.00134047;6.70234;0.0670234;0.0670234
8514;0.209014;-0.931636;5.76936;1.06836;5.76936;0.00134047;6.70234;0.0670234;0.0670234
8515;0.209014;-0.931636;5.76936;1.06836;5.76936;0.00134047;6.70234;0.0670234;0.0670234
8516;0.209014;-0.931636;5.76936;1.06836;5.76936;0.00134047;6.70234;0.0670234;0.0670234
8517;0.209014;-0.931636;5.76936;1.06836;5.76936;0.00134047;6.70234;0.0670234;0.0670234
8518;0.209014;-0.931636;5.76936;1.06836;5.76936;0.00134047;6.70234;0.0670234;0.0670234
8519;0.209014;-0.931636;5.76936;1.06836;5.76936;0.00134047;6.70234;0.0670234;0.0670234
8520;0.209014;-0.931636;5.76936;1.06836;5.76936;0.00134047;6.70234;0.0670234;0.0670234
8521;0.209014;-0.931636;5.76936;1.06836;5.76936;0.00134047;6.70234;0.0670234;0.0670234
8522;0.209014;-0.931636;5.76936;1.06836;5.76936;0.00134047;6.70234;0.0670234;0.0670234
8523;0.209014;-0.931636;5.76936;1.06836;5.76936;0.00134047;6.70234;0.0670234;0.0670234
8524;0.209014;-0.931636;5.76936;1.06836;5.76936;0.00134047;6.70234;0.0670234;0.0670234
8525;0.209014;-0.931636;5.76936;1.06836;5.76936;0.00134047;6.70234;0.0670234;0.0670234
8526;0.209014;-0.931636;5.76936;1.06836;5.76936;0.00134047;6.70234;0.0670234;0.0670234
8527;0.209014;-0.931636;5.76936;1.06836;5.76936;0.00134047;6.70234;0.0670234;0.0670234
8528;0.209014;-0.931636;5.76936;1.06836;5.76936;0.00134047;6.70234;0.0670234;0.0670234
8529;0.209014;-0.931636;5.76936;1.06836;5.76936;0.00134047;6.70234;0.0670234;0.0670234
8530;0.209014;-0.931636;5.76936;1.06836;5.76936;0.00134047;6.70234;0.0670234;0.0670234
8531;0.209014;-0.931636;5.76936;1.06836;5.76936;0.00134047;6.70234;0.0670234;0.0670234
8532;0.209014;-0.931636;5.76936;1.06836;5.76936;0.00134047;6.70234;0.0670234;0.0670234
8533;0.209014;-0.931636;5.76936;1.06836;5.76936;0.00134047;6.70234;0.0670234;0.0670234
8534;0.209014;-0.931636;5.76936;1.06836;5.76936;0.00134047;6.70234;0.0670234;0.0670234
8535;0.209014;-0.931636;5.76936;1.06836;5.76936;0.00134047;6.70234;0.0670234;0.0670234
8536;0.209014;-0.931636;5.76936;1.06836;5.76936;0.00134047;6.70234;0.0670234;0.0670234
8537;0.209014;-0.931636;5.76936;1.06836;5.76936;0.00134047;6.70234;0.0670234;0.0670234
8538;0.209014;-0.931636;5.76936;1.06836;5.76936;0.00134047;6.70234;0.0670234;0.0670234
8539;0.209014;-0.931636;5.76936;1.06836;5.76936;0.00134047;6.70234;0.0670234;0.0670234
8540;0.209014;-0.931636;5.76936;1.06836;5.76936;0.00134047;6.70234;0.0670234;0.0670234
8541;0.209014;-0.931636;5.76936;1.06836;5.76936;0.00134047;6.70234;0.0670234;0.0670234
8542;0.209014;-0.931636;5.76936;1.06836;5.76936;0.00134047;6.70234;0.0670234;0.0670234
8543;0.209014;-0.931636;5.76936;1.06836;5.76936;0.00134047;6.70234;0.0670234;0.0670234
8544;0.209014;-0.931636;5.76936;1.06836;5.76936;0.00134047;6.70234;0.0670234;0.0670234
8545;0.209014;-0.931636;5.76936;1.06836;5.76936;0.00134047;6.70234;0.0670234;0.0670234
8546;0.209014;-0.931636;5.76936;1.06836;5.76936;0.00134047;6.70234;0.0670234;0.0670234
8547;0.209014;-0.931636;5.76936;1.06836;5.76936;0.00134047;6.70234;0.0670234;0.0670234
8548;0.209014;-0.931636;5.76936;1.06836;5.76936;0.00134047;6.70234;0.0670234;0.0670234
8549;0.209014;-0.931636;5.76936;1.06836;5.76936;0.00134047;6.70234;0.0670234;0.0670234
8550;0.209014;-0.931636;5.76936;1.06836;5.76936;0.00134047;6.70234;0.0670234;0.0670234
8551;0.209014;-0.931636;5.76936;1.06836;5.76936;0.00134047;6.70234;0.0670234;0.0670234
8552;0.209014;-0.931636;5.76936;1.06836;5.76936;0.00134047;6.70234;0.0670234;0.0670234
8553;0.209014;-0.931636;5.76936;1.06836;5.76936;0.00134047;6.70234;0.0670234;0.0670234
8554;0.209014;-0.931636;5.76936;1.06836;5.76936;0.00134047;6.70234;0.0670234;0.0670234
8555;0.209014;-0.931636;5.76936;1.06836;5.76936;0.00134047;6.70234;0.0670234;0.0670234
8556;0.209014;-0.931636;5.76936;1.06836;5.76936;0.00134047;6.70234;0.0670234;0.0670234
8557;0.209014;-0.931636;5.76936;1.06836;5.76936;0.00134047;6.70234;0.0670234;0.0670234
8558;0.209014;-0.931636;5.76936;1.06836;5.76936;0.00134047;6.70234;0.0670234;0.0670234
8559;0.209014;-0.931636;5.76936;1.06836;5.76936;0.00134047;6.70234;0.0670234;0.0670234
8560;0.209014;-0.931636;5.76936;1.06836;5.76936;0.00134047;6.70234;0.0670234;0.0670234
8561;0.209014;-0.931636;5.76936;1.06836;5.76936;0.00134047;6.70234;0.0670234;0.0670234
8562;0.209014;-0.931636;5.76936;1.06836;5.76936;0.00134047;6.70234;0.0670234;0.0670234
8563;0.209014;-0.931636;5.76936;1.06836;5.76936;0.00134047;6.70234;0.0670234;0.0670234
8564;0.209014;-0.931636;5.76936;1.06836;5.76936;0.00134047;6.70234;0.0670234;0.0670234
8565;0.209014;-0.931636;5.76936;1.06836;5.76936;0.00134047;6.70234;0.0670234;0.0670234
8566;0.209014;-0.931636;5.76936;1.06836;5.76936;0.00134047;6.70234;0.0670234;0.0670234
8567;0.209014;-0.931636;5.76936;1.06836;5.76936;0.00134047;6.70234;0.0670234;0.0670234
8568;0.209014;-0.931636;5.76936;1.06836;5.76936;0.00134047;6.70234;0.0670234;0.0670234
8569;0.209014;-0.931636;5.76936;1.06836;5.76936;0.00134047;6.70234;0.0670234;0.0670234
8570;0.209014;-0.931636;5.76936;1.06836;5.76936;0.00134047;6.70234;0.0670234;0.0670234
8571;0.209014;-0.931636;5.76936;1.06836;5.76936;0.00134047;6.70234;0.0670234;0.0670234
8572;0.209014;-0.931636;5.76936;1.06836;5.76936;0.00134047;6.70234;0.0670234;0.0670234
8573;0.209014;-0.931636;5.76936;1.06836;5.76936;0.00134047;6.70234;0.0670234;0.0670234
8574;0.209014;-0.931636;5.76936;1.06836;5.76936;0.00134047;6.70234;0.0670234;0.0670234
8575;0.209014;-0.931636;5.76936;1.06836;5.76936;0.00134047;6.70234;0.0670234;0.0670234
8576;0.209014;-0.931636;5.76936;1.06836;5.76936;0.00134047;6.70234;0.0670234;0.0670234
8577;0.209014;-0.931636;5.76936;1.06836;5.76936;0.00134047;6.70234;0.0670234;0.0670234
8578;0.209014;-0.931636;5.76936;1.06836;5.76936;0.00134047;6.70234;0.0670234;0.0670234
8579;0.209014;-0.931636;5.76936;1.06836;5.76936;0.00134047;6.70234;0.0670234;0.0670234
8580;0.209014;-0.931636;5.76936;1.06836;5.76936;0.00134047;6.70234;0.0670234;0.0670234
8581;0.209014;-0.931636;5.76936;1.06836;5.76936;0.00134047;6.70234;0.0670234;0.0670234
8582;0.209014;-0.931636;5.76936;1.06836;5.76936;0.00134047;6.70234;0.0670234;0.0670234
8583;0.209014;-0.931636;5.76936;1.06836;5.76936;0.00134047;6.70234;0.0670234;0.0670234
8584;0.209014;-0.931636;5.76936;1.06836;5.76936;0.00134047;6.70234;0.0670234;0.0670234
8585;0.209014;-0.931636;5.76936;1.06836;5.76936;0.00134047;6.70234;0.0670234;0.0670234
8586;0.209014;-0.931636;5.76936;1.06836;5.76936;0.00134047;6.70234;0.0670234;0.0670234
8587;0.209014;-0.931636;5.76936;1.06836;5.76936;0.00134047;6.70234;0.0670234;0.0670234
8588;0.209014;-0.931636;5.76936;1.06836;5.76936;0.00134047;6.70234;0.0670234;0.0670234
8589;0.209014;-0.931636;5.76936;1.06836;5.76936;0.00134047;6.70234;0.0670234;0.0670234
8590;0.209014;-0.931636;5.76936;1.06836;5.76936;0.00134047;6.70234;0.0670234;0.0670234
8591;0.209014;-0.931636;5.76936;1.06836;5.76936;0.00134047;6.70234;0.0670234;0.0670234
8592;0.209014;-0.931636;5.76936;1.06836;5.76936;0.00134047;6.70234;0.0670234;0.0670234
8593;0.209014;-0.931636;5.76936;1.06836;5.76936;0.00134047;6.70234;0.0670234;0.0670234
8594;0.209014;-0.931636;5.76936;1.06836;5.76936;0.00134047;6.70234;0.0670234;0.0670234
8595;0.209014;-0.931636;5.76936;1.06836;5.76936;0.00134047;6.70234;0.0670234;0.0670234
8596;0.209014;-0.931636;5.76936;1.06836;5.76936;0.00134047;6.70234;0.0670234;0.0670234
8597;0.209014;-0.931636;5.76936;1.06836;5.76936;0.00134047;6.70234;0.0670234;0.0670234
8598;0.209014;-0.931636;5.76936;1.06836;5.76936;0.00134047;6.70234;0.0670234;0.0670234
8599;0.209014;-0.931636;5.76936;1.06836;5.76936;0.00134047;6.70234;0.0670234;0.0670234
8600;0.209014;-0.931636;5.76936;1.06836;5.76936;0.00134047;6.70234;0.0670234;0.0670234
8601;0.209014;-0.931636;5.76936;1.06836;5.76936;0.00134047;6.70234;0.0670234;0.0670234
8602;0.209014;-0.931636;5.76936;1.06836;5.76936;0.00134047;6.70234;0.0670234;0.0670234
8603;0.209014;-0.931636;5.76936;1.06836;5.76936;0.00134047;6.70234;0.0670234;0.0670234
8604;0.209014;-0.931636;5.76936;1.06836;5.76936;0.00134047;6.70234;0.0670234;0.0670234
8605;0.209014;-0.931636;5.76936;1.06836;5.76936;0.00134047;6.70234;0.0670234;0.0670234
8606;0.209014;-0.931636;5.76936;1.06836;5.76936;0.00134047;6.70234;0.0670234;0.0670234
8607;0.209014;-0.931636;5.76936;1.06836;5.76936;0.00134047;6.70234;0.0670234;0.0670234
8608;0.209014;-0.931636;5.76936;1.06836;5.76936;0.00134047;6.70234;0.0670234;0.0670234
8609;0.209014;-0.931636;5.76936;1.06836;5.76936;0.00134047;6.70234;0.0670234;0.0670234
8610;0.209014;-0.931636;5.76936;1.06836;5.76936;0.00134047;6.70234;0.0670234;0.0670234
8611;0.209014;-0.931636;5.76936;1.06836;5.76936;0.00134047;6.70234;0.0670234;0.0670234
8612;0.209014;-0.931636;5.76936;1.06836;5.76936;0.00134047;6.70234;0.0670234;0.0670234
8613;0.209014;-0.931636;5.76936;1.06836;5.76936;0.00134047;6.70234;0.0670234;0.0670234
8614;0.209014;-0.931636;5.76936;1.06836;5.76936;0.00134047;6.70234;0.0670234;0.0670234
8615;0.209014;-0.931636;5.76936;1.06836;5.76936;0.00134047;6.70234;0.0670234;0.0670234
8616;0.209014;-0.931636;5.76936;1.06836;5.76936;0.00134047;6.70234;0.0670234;0.0670234
8617;0.209014;-0.931636;5.76936;1.06836;5.76936;0.00134047;6.70234;0.0670234;0.0670234
8618;0.209014;-0.931636;5.76936;1.06836;5.76936;0.00134047;6.70234;0.0670234;0.0670234
8619;0.209014;-0.931636;5.76936;1.06836;5.76936;0.00134047;6.70234;0.0670234;0.0670234
8620;0.209014;-0.931636;5.76936;1.06836;5.76936;0.00134047;6.70234;0.0670234;0.0670234
8621;0.209014;-0.931636;5.76936;1.06836;5.76936;0.00134047;6.70234;0.0670234;0.0670234
8622;0.209014;-0.931636;5.76936;1.06836;5.76936;0.00134047;6.70234;0.0670234;0.0670234
8623;0.209014;-0.931636;5.76936;1.06836;5.76936;0.00134047;6.70234;0.0670234;0.0670234
8624;0.209014;-0.931636;5.76936;1.06836;5.76936;0.00134047;6.70234;0.0670234;0.0670234
8625;0.209014;-0.931636;5.76936;1.06836;5.76936;0.00134047;6.70234;0.0670234;0.0670234
8626;0.209014;-0.931636;5.76936;1.06836;5.76936;0.00134047;6.70234;0.0670234;0.0670234
8627;0.209014;-0.931636;5.76936;1.06836;5.76936;0.00134047;6.70234;0.0670234;0.0670234
8628;0.209014;-0.931636;5.76936;1.06836;5.76936;0.00134047;6.70234;0.0670234;0.0670234
8629;0.209014;-0.931636;5.76936;1.06836;5.76936;0.00134047;6.70234;0.0670234;0.0670234
8630;0.209014;-0.931636;5.76936;1.06836;5.76936;0.00134047;6.70234;0.0670234;0.0670234
8631;0.209014;-0.931636;5.76936;1.06836;5.76936;0.00134047;6.70234;0.0670234;0.0670234
8632;0.209014;-0.931636;5.76936;1.06836;5.76936;0.00134047;6.70234;0.0670234;0.0670234
8633;0.209014;-0.931636;5.76936;1.06836;5.76936;0.00134047;6.70234;0.0670234;0.0670234
8634;0.209014;-0.931636;5.76936;1.06836;5.76936;0.00134047;6.70234;0.0670234;0.0670234
8635;0.209014;-0.931636;5.76936;1.06836;5.76936;0.00134047;6.70234;0.0670234;0.0670234
8636;0.209014;-0.931636;5.76936;1.06836;5.76936;0.00134047;6.70234;0.0670234;0.0670234
8637;0.209014;-0.931636;5.76936;1.06836;5.76936;0.00134047;6.70234;0.0670234;0.0670234
8638;0.209014;-0.931636;5.76936;1.06836;5.76936;0.00134047;6.70234;0.0670234;0.0670234
8639;0.209014;-0.931636;5.76936;1.06836;5.76936;0.00134047;6.70234;0.0670234;0.0670234
8640;0.209014;-0.931636;5.76936;1.06836;5.76936;0.00134047;6.70234;0.0670234;0.0670234
8641;0.209014;-0.931636;5.76936;1.06836;5.76936;0.00134047;6.70234;0.0670234;0.0670234
8642;0.209014;-0.931636;5.76936;1.06836;5.76936;0.00134047;6.70234;0.0670234;0.0670234
8643;0.209014;-0.931636;5.76936;1.06836;5.76936;0.00134047;6.70234;0.0670234;0.0670234
8644;0.209014;-0.931636;5.76936;1.06836;5.76936;0.00134047;6.70234;0.0670234;0.0670234
8645;0.209014;-0.931636;5.76936;1.06836;5.76936;0.00134047;6.70234;0.0670234;0.0670234
8646;0.209014;-0.931636;5.76936;1.06836;5.76936;0.00134047;6.70234;0.0670234;0.0670234
8647;0.209014;-0.931636;5.76936;1.06836;5.76936;0.00134047;6.70234;0.0670234;0.0670234
8648;0.209014;-0.931636;5.76936;1.06836;5.76936;0.00134047;6.70234;0.0670234;0.0670234
8649;0.209014;-0.931636;5.76936;1.06836;5.76936;0.00134047;6.70234;0.0670234;0.0670234
8650;0.209014;-0.931636;5.76936;1.06836;5.76936;0.00134047;6.70234;0.0670234;0.0670234
8651;0.209014;-0.931636;5.76936;1.06836;5.76936;0.00134047;6.70234;0.0670234;0.0670234
8652;0.209014;-0.931636;5.76936;1.06836;5.76936;0.00134047;6.70234;0.0670234;0.0670234
8653;0.209014;-0.931636;5.76936;1.06836;5.76936;0.00134047;6.70234;0.0670234;0.0670234
8654;0.209014;-0.931636;5.76936;1.06836;5.76936;0.00134047;6.70234;0.0670234;0.0670234
8655;0.209014;-0.931636;5.76936;1.06836;5.76936;0.00134047;6.70234;0.0670234;0.0670234
8656;0.209014;-0.931636;5.76936;1.06836;5.76936;0.00134047;6.70234;0.0670234;0.0670234
8657;0.209014;-0.931636;5.76936;1.06836;5.76936;0.00134047;6.70234;0.0670234;0.0670234
8658;0.209014;-0.931636;5.76936;1.06836;5.76936;0.00134047;6.70234;0.0670234;0.0670234
8659;0.209014;-0.931636;5.76936;1.06836;5.76936;0.00134047;6.70234;0.0670234;0.0670234
8660;0.209014;-0.931636;5.76936;1.06836;5.76936;0.00134047;6.70234;0.0670234;0.0670234
8661;0.209014;-0.931636;5.76936;1.06836;5.76936;0.00134047;6.70234;0.0670234;0.0670234
8662;0.209014;-0.931636;5.76936;1.06836;5.76936;0.00134047;6.70234;0.0670234;0.0670234
8663;0.209014;-0.931636;5.76936;1.06836;5.76936;0.00134047;6.70234;0.0670234;0.0670234
8664;0.209014;-0.931636;5.76936;1.06836;5.76936;0.00134047;6.70234;0.0670234;0.0670234
8665;0.209014;-0.931636;5.76936;1.06836;5.76936;0.00134047;6.70234;0.0670234;0.0670234
8666;0.209014;-0.931636;5.76936;1.06836;5.76936;0.00134047;6.70234;0.0670234;0.0670234
8667;0.209014;-0.931636;5.76936;1.06836;5.76936;0.00134047;6.70234;0.0670234;0.0670234
8668;0.209014;-0.931636;5.76936;1.06836;5.76936;0.00134047;6.70234;0.0670234;0.0670234
8669;0.209014;-0.931636;5.76936;1.06836;5.76936;0.00134047;6.70234;0.0670234;0.0670234
8670;0.209014;-0.931636;5.76936;1.06836;5.76936;0.00134047;6.70234;0.0670234;0.0670234
8671;0.209014;-0.931636;5.76936;1.06836;5.76936;0.00134047;6.70234;0.0670234;0.0670234
8672;0.209014;-0.931636;5.76936;1.06836;5.76936;0.00134047;6.70234;0.0670234;0.0670234
8673;0.209014;-0.931636;5.76936;1.06836;5.76936;0.00134047;6.70234;0.0670234;0.0670234
8674;0.209014;-0.931636;5.76936;1.06836;5.76936;0.00134047;6.70234;0.0670234;0.0670234
8675;0.209014;-0.931636;5.76936;1.06836;5.76936;0.00134047;6.70234;0.0670234;0.0670234
8676;0.209014;-0.931636;5.76936;1.06836;5.76936;0.00134047;6.70234;0.0670234;0.0670234
8677;0.209014;-0.931636;5.76936;1.06836;5.76936;0.00134047;6.70234;0.0670234;0.0670234
8678;0.209014;-0.931636;5.76936;1.06836;5.76936;0.00134047;6.70234;0.0670234;0.0670234
8679;0.209014;-0.931636;5.76936;1.06836;5.76936;0.00134047;6.70234;0.0670234;0.0670234
8680;0.209014;-0.931636;5.76936;1.06836;5.76936;0.00134047;6.70234;0.0670234;0.0670234
8681;0.209014;-0.931636;5.76936;1.06836;5.76936;0.00134047;6.70234;0.0670234;0.0670234
8682;0.209014;-0.931636;5.76936;1.06836;5.76936;0.00134047;6.70234;0.0670234;0.0670234
8683;0.209014;-0.931636;5.76936;1.06836;5.76936;0.00134047;6.70234;0.0670234;0.0670234
8684;0.209014;-0.931636;5.76936;1.06836;5.76936;0.00134047;6.70234;0.0670234;0.0670234
8685;0.209014;-0.931636;5.76936;1.06836;5.76936;0.00134047;6.70234;0.0670234;0.0670234
8686;0.209014;-0.931636;5.76936;1.06836;5.76936;0.00134047;6.70234;0.0670234;0.0670234
8687;0.209014;-0.931636;5.76936;1.06836;5.76936;0.00134047;6.70234;0.0670234;0.0670234
8688;0.209014;-0.931636;5.76936;1.06836;5.76936;0.00134047;6.70234;0.0670234;0.0670234
8689;0.209014;-0.931636;5.76936;1.06836;5.76936;0.00134047;6.70234;0.0670234;0.0670234
8690;0.209014;-0.931636;5.76936;1.06836;5.76936;0.00134047;6.70234;0.0670234;0.0670234
8691;0.209014;-0.931636;5.76936;1.06836;5.76936;0.00134047;6.70234;0.0670234;0.0670234
8692;0.209014;-0.931636;5.76936;1.06836;5.76936;0.00134047;6.70234;0.0670234;0.0670234
8693;0.209014;-0.931636;5.76936;1.06836;5.76936;0.00134047;6.70234;0.0670234;0.0670234
8694;0.209014;-0.931636;5.76936;1.06836;5.76936;0.00134047;6.70234;0.0670234;0.0670234
8695;0.209014;-0.931636;5.76936;1.06836;5.76936;0.00134047;6.70234;0.0670234;0.0670234
8696;0.209014;-0.931636;5.76936;1.06836;5.76936;0.00134047;6.70234;0.0670234;0.0670234
8697;0.209014;-0.931636;5.76936;1.06836;5.76936;0.00134047;6.70234;0.0670234;0.0670234
8698;0.209014;-0.931636;5.76936;1.06836;5.76936;0.00134047;6.70234;0.0670234;0.0670234
8699;0.209014;-0.931636;5.76936;1.06836;5.76936;0.00134047;6.70234;0.0670234;0.0670234
8700;0.209014;-0.931636;5.76936;1.06836;5.76936;0.00134047;6.70234;0.0670234;0.0670234
8701;0.209014;-0.931636;5.76936;1.06836;5.76936;0.00134047;6.70234;0.0670234;0.0670234
8702;0.209014;-0.931636;5.76936;1.06836;5.76936;0.00134047;6.70234;0.0670234;0.0670234
8703;0.209014;-0.931636;5.76936;1.06836;5.76936;0.00134047;6.70234;0.0670234;0.0670234
8704;0.209014;-0.931636;5.76936;1.06836;5.76936;0.00134047;6.70234;0.0670234;0.0670234
8705;0.209014;-0.931636;5.76936;1.06836;5.76936;0.00134047;6.70234;0.0670234;0.0670234
8706;0.209014;-0.931636;5.76936;1.06836;5.76936;0.00134047;6.70234;0.0670234;0.0670234
8707;0.209014;-0.931636;5.76936;1.06836;5.76936;0.00134047;6.70234;0.0670234;0.0670234
8708;0.209014;-0.931636;5.76936;1.06836;5.76936;0.00134047;6.70234;0.0670234;0.0670234
8709;0.209014;-0.931636;5.76936;1.06836;5.76936;0.00134047;6.70234;0.0670234;0.0670234
8710;0.209014;-0.931636;5.76936;1.06836;5.76936;0.00134047;6.70234;0.0670234;0.0670234
8711;0.209014;-0.931636;5.76936;1.06836;5.76936;0.00134047;6.70234;0.0670234;0.0670234
8712;0.209014;-0.931636;5.76936;1.06836;5.76936;0.00134047;6.70234;0.0670234;0.0670234
8713;0.209014;-0.931636;5.76936;1.06836;5.76936;0.00134047;6.70234;0.0670234;0.0670234
8714;0.209014;-0.931636;5.76936;1.06836;5.76936;0.00134047;6.70234;0.0670234;0.0670234
8715;0.209014;-0.931636;5.76936;1.06836;5.76936;0.00134047;6.70234;0.0670234;0.0670234
8716;0.209014;-0.931636;5.76936;1.06836;5.76936;0.00134047;6.70234;0.0670234;0.0670234
8717;0.209014;-0.931636;5.76936;1.06836;5.76936;0.00134047;6.70234;0.0670234;0.0670234
8718;0.209014;-0.931636;5.76936;1.06836;5.76936;0.00134047;6.70234;0.0670234;0.0670234
8719;0.209014;-0.931636;5.76936;1.06836;5.76936;0.00134047;6.70234;0.0670234;0.0670234
8720;0.209014;-0.931636;5.76936;1.06836;5.76936;0.00134047;6.70234;0.0670234;0.0670234
8721;0.209014;-0.931636;5.76936;1.06836;5.76936;0.00134047;6.70234;0.0670234;0.0670234
8722;0.209014;-0.931636;5.76936;1.06836;5.76936;0.00134047;6.70234;0.0670234;0.0670234
8723;0.209014;-0.931636;5.76936;1.06836;5.76936;0.00134047;6.70234;0.0670234;0.0670234
8724;0.209014;-0.931636;5.76936;1.06836;5.76936;0.00134047;6.70234;0.0670234;0.0670234
8725;0.209014;-0.931636;5.76936;1.06836;5.76936;0.00134047;6.70234;0.0670234;0.0670234
8726;0.209014;-0.931636;5.76936;1.06836;5.76936;0.00134047;6.70234;0.0670234;0.0670234
8727;0.209014;-0.931636;5.76936;1.06836;5.76936;0.00134047;6.70234;0.0670234;0.0670234
8728;0.209014;-0.931636;5.76936;1.06836;5.76936;0.00134047;6.70234;0.0670234;0.0670234
8729;0.209014;-0.931636;5.76936;1.06836;5.76936;0.00134047;6.70234;0.0670234;0.0670234
8730;0.209014;-0.931636;5.76936;1.06836;5.76936;0.00134047;6.70234;0.0670234;0.0670234
8731;0.209014;-0.931636;5.76936;1.06836;5.76936;0.00134047;6.70234;0.0670234;0.0670234
8732;0.209014;-0.931636;5.76936;1.06836;5.76936;0.00134047;6.70234;0.0670234;0.0670234
8733;0.209014;-0.931636;5.76936;1.06836;5.76936;0.00134047;6.70234;0.0670234;0.0670234
8734;0.209014;-0.931636;5.76936;1.06836;5.76936;0.00134047;6.70234;0.0670234;0.0670234
8735;0.209014;-0.931636;5.76936;1.06836;5.76936;0.00134047;6.70234;0.0670234;0.0670234
8736;0.209014;-0.931636;5.76936;1.06836;5.76936;0.00134047;6.70234;0.0670234;0.0670234
8737;0.209014;-0.931636;5.76936;1.06836;5.76936;0.00134047;6.70234;0.0670234;0.0670234
8738;0.209014;-0.931636;5.76936;1.06836;5.76936;0.00134047;6.70234;0.0670234;0.0670234
8739;0.209014;-0.931636;5.76936;1.06836;5.76936;0.00134047;6.70234;0.0670234;0.0670234
8740;0.209014;-0.931636;5.76936;1.06836;5.76936;0.00134047;6.70234;0.0670234;0.0670234
8741;0.209014;-0.931636;5.76936;1.06836;5.76936;0.00134047;6.70234;0.0670234;0.0670234
8742;0.209014;-0.931636;5.76936;1.06836;5.76936;0.00134047;6.70234;0.0670234;0.0670234
8743;0.209014;-0.931636;5.76936;1.06836;5.76936;0.00134047;6.70234;0.0670234;0.0670234
8744;0.209014;-0.931636;5.76936;1.06836;5.76936;0.00134047;6.70234;0.0670234;0.0670234
8745;0.209014;-0.931636;5.76936;1.06836;5.76936;0.00134047;6.70234;0.0670234;0.0670234
8746;0.209014;-0.931636;5.76936;1.06836;5.76936;0.00134047;6.70234;0.0670234;0.0670234
8747;0.209014;-0.931636;5.76936;1.06836;5.76936;0.00134047;6.70234;0.0670234;0.0670234
8748;0.209014;-0.931636;5.76936;1.06836;5.76936;0.00134047;6.70234;0.0670234;0.0670234
8749;0.209014;-0.931636;5.76936;1.06836;5.76936;0.00134047;6.70234;0.0670234;0.0670234
8750;0.209014;-0.931636;5.76936;1.06836;5.76936;0.00134047;6.70234;0.0670234;0.0670234
8751;0.209014;-0.931636;5.76936;1.06836;5.76936;0.00134047;6.70234;0.0670234;0.0670234
8752;0.209014;-0.931636;5.76936;1.06836;5.76936;0.00134047;6.70234;0.0670234;0.0670234
8753;0.209014;-0.931636;5.76936;1.06836;5.76936;0.00134047;6.70234;0.0670234;0.0670234
8754;0.209014;-0.931636;5.76936;1.06836;5.76936;0.00134047;6.70234;0.0670234;0.0670234
8755;0.209014;-0.931636;5.76936;1.06836;5.76936;0.00134047;6.70234;0.0670234;0.0670234
8756;0.209014;-0.931636;5.76936;1.06836;5.76936;0.00134047;6.70234;0.0670234;0.0670234
8757;0.209014;-0.931636;5.76936;1.06836;5.76936;0.00134047;6.70234;0.0670234;0.0670234
8758;0.209014;-0.931636;5.76936;1.06836;5.76936;0.00134047;6.70234;0.0670234;0.0670234
8759;0.209014;-0.931636;5.76936;1.06836;5.76936;0.00134047;6.70234;0.0670234;0.0670234
8760;0.209014;-0.931636;5.76936;1.06836;5.76936;0.00134047;6.70234;0.0670234;0.0670234
8761;0.209014;-0.931636;5.76936;1.06836;5.76936;0.00134047;6.70234;0.0670234;0.0670234
8762;0.209014;-0.931636;5.76936;1.06836;5.76936;0.00134047;6.70234;0.0670234;0.0670234
8763;0.209014;-0.931636;5.76936;1.06836;5.76936;0.00134047;6.70234;0.0670234;0.0670234
8764;0.209014;-0.931636;5.76936;1.06836;5.76936;0.00134047;6.70234;0.0670234;0.0670234
8765;0.209014;-0.931636;5.76936;1.06836;5.76936;0.00134047;6.70234;0.0670234;0.0670234
8766;0.209014;-0.931636;5.76936;1.06836;5.76936;0.00134047;6.70234;0.0670234;0.0670234
8767;0.209014;-0.931636;5.76936;1.06836;5.76936;0.00134047;6.70234;0.0670234;0.0670234
8768;0.209014;-0.931636;5.76936;1.06836;5.76936;0.00134047;6.70234;0.0670234;0.0670234
8769;0.209014;-0.931636;5.76936;1.06836;5.76936;0.00134047;6.70234;0.0670234;0.0670234
8770;0.209014;-0.931636;5.76936;1.06836;5.76936;0.00134047;6.70234;0.0670234;0.0670234
8771;0.209014;-0.931636;5.76936;1.06836;5.76936;0.00134047;6.70234;0.0670234;0.0670234
8772;0.209014;-0.931636;5.76936;1.06836;5.76936;0.00134047;6.70234;0.0670234;0.0670234
8773;0.209014;-0.931636;5.76936;1.06836;5.76936;0.00134047;6.70234;0.0670234;0.0670234
8774;0.209014;-0.931636;5.76936;1.06836;5.76936;0.00134047;6.70234;0.0670234;0.0670234
8775;0.209014;-0.931636;5.76936;1.06836;5.76936;0.00134047;6.70234;0.0670234;0.0670234
8776;0.209014;-0.931636;5.76936;1.06836;5.76936;0.00134047;6.70234;0.0670234;0.0670234
8777;0.209014;-0.931636;5.76936;1.06836;5.76936;0.00134047;6.70234;0.0670234;0.0670234
8778;0.209014;-0.931636;5.76936;1.06836;5.76936;0.00134047;6.70234;0.0670234;0.0670234
8779;0.209014;-0.931636;5.76936;1.06836;5.76936;0.00134047;6.70234;0.0670234;0.0670234
8780;0.209014;-0.931636;5.76936;1.06836;5.76936;0.00134047;6.70234;0.0670234;0.0670234
8781;0.209014;-0.931636;5.76936;1.06836;5.76936;0.00134047;6.70234;0.0670234;0.0670234
8782;0.209014;-0.931636;5.76936;1.06836;5.76936;0.00134047;6.70234;0.0670234;0.0670234
8783;0.209014;-0.931636;5.76936;1.06836;5.76936;0.00134047;6.70234;0.0670234;0.0670234
8784;0.209014;-0.931636;5.76936;1.06836;5.76936;0.00134047;6.70234;0.0670234;0.0670234
8785;0.209014;-0.931636;5.76936;1.06836;5.76936;0.00134047;6.70234;0.0670234;0.0670234
8786;0.209014;-0.931636;5.76936;1.06836;5.76936;0.00134047;6.70234;0.0670234;0.0670234
8787;0.209014;-0.931636;5.76936;1.06836;5.76936;0.00134047;6.70234;0.0670234;0.0670234
8788;0.209014;-0.931636;5.76936;1.06836;5.76936;0.00134047;6.70234;0.0670234;0.0670234
8789;0.209014;-0.931636;5.76936;1.06836;5.76936;0.00134047;6.70234;0.0670234;0.0670234
8790;0.209014;-0.931636;5.76936;1.06836;5.76936;0.00134047;6.70234;0.0670234;0.0670234
8791;0.209014;-0.931636;5.76936;1.06836;5.76936;0.00134047;6.70234;0.0670234;0.0670234
8792;0.209014;-0.931636;5.76936;1.06836;5.76936;0.00134047;6.70234;0.0670234;0.0670234
8793;0.209014;-0.931636;5.76936;1.06836;5.76936;0.00134047;6.70234;0.0670234;0.0670234
8794;0.209014;-0.931636;5.76936;1.06836;5.76936;0.00134047;6.70234;0.0670234;0.0670234
8795;0.209014;-0.931636;5.76936;1.06836;5.76936;0.00134047;6.70234;0.0670234;0.0670234
8796;0.209014;-0.931636;5.76936;1.06836;5.76936;0.00134047;6.70234;0.0670234;0.0670234
8797;0.209014;-0.931636;5.76936;1.06836;5.76936;0.00134047;6.70234;0.0670234;0.0670234
8798;0.209014;-0.931636;5.76936;1.06836;5.76936;0.00134047;6.70234;0.0670234;0.0670234
8799;0.209014;-0.931636;5.76936;1.06836;5.76936;0.00134047;6.70234;0.0670234;0.0670234
8800;0.209014;-0.931636;5.76936;1.06836;5.76936;0.00134047;6.70234;0.0670234;0.0670234
8801;0.209014;-0.931636;5.76936;1.06836;5.76936;0.00134047;6.70234;0.0670234;0.0670234
8802;0.209014;-0.931636;5.76936;1.06836;5.76936;0.00134047;6.70234;0.0670234;0.0670234
8803;0.209014;-0.931636;5.76936;1.06836;5.76936;0.00134047;6.70234;0.0670234;0.0670234
8804;0.209014;-0.931636;5.76936;1.06836;5.76936;0.00134047;6.70234;0.0670234;0.0670234
8805;0.209014;-0.931636;5.76936;1.06836;5.76936;0.00134047;6.70234;0.0670234;0.0670234
8806;0.209014;-0.931636;5.76936;1.06836;5.76936;0.00134047;6.70234;0.0670234;0.0670234
8807;0.209014;-0.931636;5.76936;1.06836;5.76936;0.00134047;6.70234;0.0670234;0.0670234
8808;0.209014;-0.931636;5.76936;1.06836;5.76936;0.00134047;6.70234;0.0670234;0.0670234
8809;0.209014;-0.931636;5.76936;1.06836;5.76936;0.00134047;6.70234;0.0670234;0.0670234
8810;0.209014;-0.931636;5.76936;1.06836;5.76936;0.00134047;6.70234;0.0670234;0.0670234
8811;0.209014;-0.931636;5.76936;1.06836;5.76936;0.00134047;6.70234;0.0670234;0.0670234
8812;0.209014;-0.931636;5.76936;1.06836;5.76936;0.00134047;6.70234;0.0670234;0.0670234
8813;0.209014;-0.931636;5.76936;1.06836;5.76936;0.00134047;6.70234;0.0670234;0.0670234
8814;0.209014;-0.931636;5.76936;1.06836;5.76936;0.00134047;6.70234;0.0670234;0.0670234
8815;0.209014;-0.931636;5.76936;1.06836;5.76936;0.00134047;6.70234;0.0670234;0.0670234
8816;0.209014;-0.931636;5.76936;1.06836;5.76936;0.00134047;6.70234;0.0670234;0.0670234
8817;0.209014;-0.931636;5.76936;1.06836;5.76936;0.00134047;6.70234;0.0670234;0.0670234
8818;0.209014;-0.931636;5.76936;1.06836;5.76936;0.00134047;6.70234;0.0670234;0.0670234
8819;0.209014;-0.931636;5.76936;1.06836;5.76936;0.00134047;6.70234;0.0670234;0.0670234
8820;0.209014;-0.931636;5.76936;1.06836;5.76936;0.00134047;6.70234;0.0670234;0.0670234
8821;0.209014;-0.931636;5.76936;1.06836;5.76936;0.00134047;6.70234;0.0670234;0.0670234
8822;0.209014;-0.931636;5.76936;1.06836;5.76936;0.00134047;6.70234;0.0670234;0.0670234
8823;0.209014;-0.931636;5.76936;1.06836;5.76936;0.00134047;6.70234;0.0670234;0.0670234
8824;0.209014;-0.931636;5.76936;1.06836;5.76936;0.00134047;6.70234;0.0670234;0.0670234
8825;0.209014;-0.931636;5.76936;1.06836;5.76936;0.00134047;6.70234;0.0670234;0.0670234
8826;0.209014;-0.931636;5.76936;1.06836;5.76936;0.00134047;6.70234;0.0670234;0.0670234
8827;0.209014;-0.931636;5.76936;1.06836;5.76936;0.00134047;6.70234;0.0670234;0.0670234
8828;0.209014;-0.931636;5.76936;1.06836;5.76936;0.00134047;6.70234;0.0670234;0.0670234
8829;0.209014;-0.931636;5.76936;1.06836;5.76936;0.00134047;6.70234;0.0670234;0.0670234
8830;0.209014;-0.931636;5.76936;1.06836;5.76936;0.00134047;6.70234;0.0670234;0.0670234
8831;0.209014;-0.931636;5.76936;1.06836;5.76936;0.00134047;6.70234;0.0670234;0.0670234
8832;0.209014;-0.931636;5.76936;1.06836;5.76936;0.00134047;6.70234;0.0670234;0.0670234
8833;0.209014;-0.931636;5.76936;1.06836;5.76936;0.00134047;6.70234;0.0670234;0.0670234
8834;0.209014;-0.931636;5.76936;1.06836;5.76936;0.00134047;6.70234;0.0670234;0.0670234
8835;0.209014;-0.931636;5.76936;1.06836;5.76936;0.00134047;6.70234;0.0670234;0.0670234
8836;0.209014;-0.931636;5.76936;1.06836;5.76936;0.00134047;6.70234;0.0670234;0.0670234
8837;0.209014;-0.931636;5.76936;1.06836;5.76936;0.00134047;6.70234;0.0670234;0.0670234
8838;0.209014;-0.931636;5.76936;1.06836;5.76936;0.00134047;6.70234;0.0670234;0.0670234
8839;0.209014;-0.931636;5.76936;1.06836;5.76936;0.00134047;6.70234;0.0670234;0.0670234
8840;0.209014;-0.931636;5.76936;1.06836;5.76936;0.00134047;6.70234;0.0670234;0.0670234
8841;0.209014;-0.931636;5.76936;1.06836;5.76936;0.00134047;6.70234;0.0670234;0.0670234
8842;0.209014;-0.931636;5.76936;1.06836;5.76936;0.00134047;6.70234;0.0670234;0.0670234
8843;0.209014;-0.931636;5.76936;1.06836;5.76936;0.00134047;6.70234;0.0670234;0.0670234
8844;0.209014;-0.931636;5.76936;1.06836;5.76936;0.00134047;6.70234;0.0670234;0.0670234
8845;0.209014;-0.931636;5.76936;1.06836;5.76936;0.00134047;6.70234;0.0670234;0.0670234
8846;0.209014;-0.931636;5.76936;1.06836;5.76936;0.00134047;6.70234;0.0670234;0.0670234
8847;0.209014;-0.931636;5.76936;1.06836;5.76936;0.00134047;6.70234;0.0670234;0.0670234
8848;0.209014;-0.931636;5.76936;1.06836;5.76936;0.00134047;6.70234;0.0670234;0.0670234
8849;0.209014;-0.931636;5.76936;1.06836;5.76936;0.00134047;6.70234;0.0670234;0.0670234
8850;0.209014;-0.931636;5.76936;1.06836;5.76936;0.00134047;6.70234;0.0670234;0.0670234
8851;0.209014;-0.931636;5.76936;1.06836;5.76936;0.00134047;6.70234;0.0670234;0.0670234
8852;0.209014;-0.931636;5.76936;1.06836;5.76936;0.00134047;6.70234;0.0670234;0.0670234
8853;0.209014;-0.931636;5.76936;1.06836;5.76936;0.00134047;6.70234;0.0670234;0.0670234
8854;0.209014;-0.931636;5.76936;1.06836;5.76936;0.00134047;6.70234;0.0670234;0.0670234
8855;0.209014;-0.931636;5.76936;1.06836;5.76936;0.00134047;6.70234;0.0670234;0.0670234
8856;0.209014;-0.931636;5.76936;1.06836;5.76936;0.00134047;6.70234;0.0670234;0.0670234
8857;0.209014;-0.931636;5.76936;1.06836;5.76936;0.00134047;6.70234;0.0670234;0.0670234
8858;0.209014;-0.931636;5.76936;1.06836;5.76936;0.00134047;6.70234;0.0670234;0.0670234
8859;0.209014;-0.931636;5.76936;1.06836;5.76936;0.00134047;6.70234;0.0670234;0.0670234
8860;0.209014;-0.931636;5.76936;1.06836;5.76936;0.00134047;6.70234;0.0670234;0.0670234
8861;0.209014;-0.931636;5.76936;1.06836;5.76936;0.00134047;6.70234;0.0670234;0.0670234
8862;0.209014;-0.931636;5.76936;1.06836;5.76936;0.00134047;6.70234;0.0670234;0.0670234
8863;0.209014;-0.931636;5.76936;1.06836;5.76936;0.00134047;6.70234;0.0670234;0.0670234
8864;0.209014;-0.931636;5.76936;1.06836;5.76936;0.00134047;6.70234;0.0670234;0.0670234
8865;0.209014;-0.931636;5.76936;1.06836;5.76936;0.00134047;6.70234;0.0670234;0.0670234
8866;0.209014;-0.931636;5.76936;1.06836;5.76936;0.00134047;6.70234;0.0670234;0.0670234
8867;0.209014;-0.931636;5.76936;1.06836;5.76936;0.00134047;6.70234;0.0670234;0.0670234
8868;0.209014;-0.931636;5.76936;1.06836;5.76936;0.00134047;6.70234;0.0670234;0.0670234
8869;0.209014;-0.931636;5.76936;1.06836;5.76936;0.00134047;6.70234;0.0670234;0.0670234
8870;0.209014;-0.931636;5.76936;1.06836;5.76936;0.00134047;6.70234;0.0670234;0.0670234
8871;0.209014;-0.931636;5.76936;1.06836;5.76936;0.00134047;6.70234;0.0670234;0.0670234
8872;0.209014;-0.931636;5.76936;1.06836;5.76936;0.00134047;6.70234;0.0670234;0.0670234
8873;0.209014;-0.931636;5.76936;1.06836;5.76936;0.00134047;6.70234;0.0670234;0.0670234
8874;0.209014;-0.931636;5.76936;1.06836;5.76936;0.00134047;6.70234;0.0670234;0.0670234
8875;0.209014;-0.931636;5.76936;1.06836;5.76936;0.00134047;6.70234;0.0670234;0.0670234
8876;0.209014;-0.931636;5.76936;1.06836;5.76936;0.00134047;6.70234;0.0670234;0.0670234
8877;0.209014;-0.931636;5.76936;1.06836;5.76936;0.00134047;6.70234;0.0670234;0.0670234
8878;0.209014;-0.931636;5.76936;1.06836;5.76936;0.00134047;6.70234;0.0670234;0.0670234
8879;0.209014;-0.931636;5.76936;1.06836;5.76936;0.00134047;6.70234;0.0670234;0.0670234
8880;0.209014;-0.931636;5.76936;1.06836;5.76936;0.00134047;6.70234;0.0670234;0.0670234
8881;0.209014;-0.931636;5.76936;1.06836;5.76936;0.00134047;6.70234;0.0670234;0.0670234
8882;0.209014;-0.931636;5.76936;1.06836;5.76936;0.00134047;6.70234;0.0670234;0.0670234
8883;0.209014;-0.931636;5.76936;1.06836;5.76936;0.00134047;6.70234;0.0670234;0.0670234
8884;0.209014;-0.931636;5.76936;1.06836;5.76936;0.00134047;6.70234;0.0670234;0.0670234
8885;0.209014;-0.931636;5.76936;1.06836;5.76936;0.00134047;6.70234;0.0670234;0.0670234
8886;0.209014;-0.931636;5.76936;1.06836;5.76936;0.00134047;6.70234;0.0670234;0.0670234
8887;0.209014;-0.931636;5.76936;1.06836;5.76936;0.00134047;6.70234;0.0670234;0.0670234
8888;0.209014;-0.931636;5.76936;1.06836;5.76936;0.00134047;6.70234;0.0670234;0.0670234
8889;0.209014;-0.931636;5.76936;1.06836;5.76936;0.00134047;6.70234;0.0670234;0.0670234
8890;0.209014;-0.931636;5.76936;1.06836;5.76936;0.00134047;6.70234;0.0670234;0.0670234
8891;0.209014;-0.931636;5.76936;1.06836;5.76936;0.00134047;6.70234;0.0670234;0.0670234
8892;0.209014;-0.931636;5.76936;1.06836;5.76936;0.00134047;6.70234;0.0670234;0.0670234
8893;0.209014;-0.931636;5.76936;1.06836;5.76936;0.00134047;6.70234;0.0670234;0.0670234
8894;0.209014;-0.931636;5.76936;1.06836;5.76936;0.00134047;6.70234;0.0670234;0.0670234
8895;0.209014;-0.931636;5.76936;1.06836;5.76936;0.00134047;6.70234;0.0670234;0.0670234
8896;0.209014;-0.931636;5.76936;1.06836;5.76936;0.00134047;6.70234;0.0670234;0.0670234
8897;0.209014;-0.931636;5.76936;1.06836;5.76936;0.00134047;6.70234;0.0670234;0.0670234
8898;0.209014;-0.931636;5.76936;1.06836;5.76936;0.00134047;6.70234;0.0670234;0.0670234
8899;0.209014;-0.931636;5.76936;1.06836;5.76936;0.00134047;6.70234;0.0670234;0.0670234
8900;0.209014;-0.931636;5.76936;1.06836;5.76936;0.00134047;6.70234;0.0670234;0.0670234
8901;0.209014;-0.931636;5.76936;1.06836;5.76936;0.00134047;6.70234;0.0670234;0.0670234
8902;0.209014;-0.931636;5.76936;1.06836;5.76936;0.00134047;6.70234;0.0670234;0.0670234
8903;0.209014;-0.931636;5.76936;1.06836;5.76936;0.00134047;6.70234;0.0670234;0.0670234
8904;0.209014;-0.931636;5.76936;1.06836;5.76936;0.00134047;6.70234;0.0670234;0.0670234
8905;0.209014;-0.931636;5.76936;1.06836;5.76936;0.00134047;6.70234;0.0670234;0.0670234
8906;0.209014;-0.931636;5.76936;1.06836;5.76936;0.00134047;6.70234;0.0670234;0.0670234
8907;0.209014;-0.931636;5.76936;1.06836;5.76936;0.00134047;6.70234;0.0670234;0.0670234
8908;0.209014;-0.931636;5.76936;1.06836;5.76936;0.00134047;6.70234;0.0670234;0.0670234
8909;0.209014;-0.931636;5.76936;1.06836;5.76936;0.00134047;6.70234;0.0670234;0.0670234
8910;0.209014;-0.931636;5.76936;1.06836;5.76936;0.00134047;6.70234;0.0670234;0.0670234
8911;0.209014;-0.931636;5.76936;1.06836;5.76936;0.00134047;6.70234;0.0670234;0.0670234
8912;0.209014;-0.931636;5.76936;1.06836;5.76936;0.00134047;6.70234;0.0670234;0.0670234
8913;0.209014;-0.931636;5.76936;1.06836;5.76936;0.00134047;6.70234;0.0670234;0.0670234
8914;0.209014;-0.931636;5.76936;1.06836;5.76936;0.00134047;6.70234;0.0670234;0.0670234
8915;0.209014;-0.931636;5.76936;1.06836;5.76936;0.00134047;6.70234;0.0670234;0.0670234
8916;0.209014;-0.931636;5.76936;1.06836;5.76936;0.00134047;6.70234;0.0670234;0.0670234
8917;0.209014;-0.931636;5.76936;1.06836;5.76936;0.00134047;6.70234;0.0670234;0.0670234
8918;0.209014;-0.931636;5.76936;1.06836;5.76936;0.00134047;6.70234;0.0670234;0.0670234
8919;0.209014;-0.931636;5.76936;1.06836;5.76936;0.00134047;6.70234;0.0670234;0.0670234
8920;0.209014;-0.931636;5.76936;1.06836;5.76936;0.00134047;6.70234;0.0670234;0.0670234
8921;0.209014;-0.931636;5.76936;1.06836;5.76936;0.00134047;6.70234;0.0670234;0.0670234
8922;0.209014;-0.931636;5.76936;1.06836;5.76936;0.00134047;6.70234;0.0670234;0.0670234
8923;0.209014;-0.931636;5.76936;1.06836;5.76936;0.00134047;6.70234;0.0670234;0.0670234
8924;0.209014;-0.931636;5.76936;1.06836;5.76936;0.00134047;6.70234;0.0670234;0.0670234
8925;0.209014;-0.931636;5.76936;1.06836;5.76936;0.00134047;6.70234;0.0670234;0.0670234
8926;0.209014;-0.931636;5.76936;1.06836;5.76936;0.00134047;6.70234;0.0670234;0.0670234
8927;0.209014;-0.931636;5.76936;1.06836;5.76936;0.00134047;6.70234;0.0670234;0.0670234
8928;0.209014;-0.931636;5.76936;1.06836;5.76936;0.00134047;6.70234;0.0670234;0.0670234
8929;0.209014;-0.931636;5.76936;1.06836;5.76936;0.00134047;6.70234;0.0670234;0.0670234
8930;0.209014;-0.931636;5.76936;1.06836;5.76936;0.00134047;6.70234;0.0670234;0.0670234
8931;0.209014;-0.931636;5.76936;1.06836;5.76936;0.00134047;6.70234;0.0670234;0.0670234
8932;0.209014;-0.931636;5.76936;1.06836;5.76936;0.00134047;6.70234;0.0670234;0.0670234
8933;0.209014;-0.931636;5.76936;1.06836;5.76936;0.00134047;6.70234;0.0670234;0.0670234
8934;0.209014;-0.931636;5.76936;1.06836;5.76936;0.00134047;6.70234;0.0670234;0.0670234
8935;0.209014;-0.931636;5.76936;1.06836;5.76936;0.00134047;6.70234;0.0670234;0.0670234
8936;0.209014;-0.931636;5.76936;1.06836;5.76936;0.00134047;6.70234;0.0670234;0.0670234
8937;0.209014;-0.931636;5.76936;1.06836;5.76936;0.00134047;6.70234;0.0670234;0.0670234
8938;0.209014;-0.931636;5.76936;1.06836;5.76936;0.00134047;6.70234;0.0670234;0.0670234
8939;0.209014;-0.931636;5.76936;1.06836;5.76936;0.00134047;6.70234;0.0670234;0.0670234
8940;0.209014;-0.931636;5.76936;1.06836;5.76936;0.00134047;6.70234;0.0670234;0.0670234
8941;0.209014;-0.931636;5.76936;1.06836;5.76936;0.00134047;6.70234;0.0670234;0.0670234
8942;0.209014;-0.931636;5.76936;1.06836;5.76936;0.00134047;6.70234;0.0670234;0.0670234
8943;0.209014;-0.931636;5.76936;1.06836;5.76936;0.00134047;6.70234;0.0670234;0.0670234
8944;0.209014;-0.931636;5.76936;1.06836;5.76936;0.00134047;6.70234;0.0670234;0.0670234
8945;0.209014;-0.931636;5.76936;1.06836;5.76936;0.00134047;6.70234;0.0670234;0.0670234
8946;0.209014;-0.931636;5.76936;1.06836;5.76936;0.00134047;6.70234;0.0670234;0.0670234
8947;0.209014;-0.931636;5.76936;1.06836;5.76936;0.00134047;6.70234;0.0670234;0.0670234
8948;0.209014;-0.931636;5.76936;1.06836;5.76936;0.00134047;6.70234;0.0670234;0.0670234
8949;0.209014;-0.931636;5.76936;1.06836;5.76936;0.00134047;6.70234;0.0670234;0.0670234
8950;0.209014;-0.931636;5.76936;1.06836;5.76936;0.00134047;6.70234;0.0670234;0.0670234
8951;0.209014;-0.931636;5.76936;1.06836;5.76936;0.00134047;6.70234;0.0670234;0.0670234
8952;0.209014;-0.931636;5.76936;1.06836;5.76936;0.00134047;6.70234;0.0670234;0.0670234
8953;0.209014;-0.931636;5.76936;1.06836;5.76936;0.00134047;6.70234;0.0670234;0.0670234
8954;0.209014;-0.931636;5.76936;1.06836;5.76936;0.00134047;6.70234;0.0670234;0.0670234
8955;0.209014;-0.931636;5.76936;1.06836;5.76936;0.00134047;6.70234;0.0670234;0.0670234
8956;0.209014;-0.931636;5.76936;1.06836;5.76936;0.00134047;6.70234;0.0670234;0.0670234
8957;0.209014;-0.931636;5.76936;1.06836;5.76936;0.00134047;6.70234;0.0670234;0.0670234
8958;0.209014;-0.931636;5.76936;1.06836;5.76936;0.00134047;6.70234;0.0670234;0.0670234
8959;0.209014;-0.931636;5.76936;1.06836;5.76936;0.00134047;6.70234;0.0670234;0.0670234
8960;0.209014;-0.931636;5.76936;1.06836;5.76936;0.00134047;6.70234;0.0670234;0.0670234
8961;0.209014;-0.931636;5.76936;1.06836;5.76936;0.00134047;6.70234;0.0670234;0.0670234
8962;0.209014;-0.931636;5.76936;1.06836;5.76936;0.00134047;6.70234;0.0670234;0.0670234
8963;0.209014;-0.931636;5.76936;1.06836;5.76936;0.00134047;6.70234;0.0670234;0.0670234
8964;0.209014;-0.931636;5.76936;1.06836;5.76936;0.00134047;6.70234;0.0670234;0.0670234
8965;0.209014;-0.931636;5.76936;1.06836;5.76936;0.00134047;6.70234;0.0670234;0.0670234
8966;0.209014;-0.931636;5.76936;1.06836;5.76936;0.00134047;6.70234;0.0670234;0.0670234
8967;0.209014;-0.931636;5.76936;1.06836;5.76936;0.00134047;6.70234;0.0670234;0.0670234
8968;0.209014;-0.931636;5.76936;1.06836;5.76936;0.00134047;6.70234;0.0670234;0.0670234
8969;0.209014;-0.931636;5.76936;1.06836;5.76936;0.00134047;6.70234;0.0670234;0.0670234
8970;0.209014;-0.931636;5.76936;1.06836;5.76936;0.00134047;6.70234;0.0670234;0.0670234
8971;0.209014;-0.931636;5.76936;1.06836;5.76936;0.00134047;6.70234;0.0670234;0.0670234
8972;0.209014;-0.931636;5.76936;1.06836;5.76936;0.00134047;6.70234;0.0670234;0.0670234
8973;0.209014;-0.931636;5.76936;1.06836;5.76936;0.00134047;6.70234;0.0670234;0.0670234
8974;0.209014;-0.931636;5.76936;1.06836;5.76936;0.00134047;6.70234;0.0670234;0.0670234
8975;0.209014;-0.931636;5.76936;1.06836;5.76936;0.00134047;6.70234;0.0670234;0.0670234
8976;0.209014;-0.931636;5.76936;1.06836;5.76936;0.00134047;6.70234;0.0670234;0.0670234
8977;0.209014;-0.931636;5.76936;1.06836;5.76936;0.00134047;6.70234;0.0670234;0.0670234
8978;0.209014;-0.931636;5.76936;1.06836;5.76936;0.00134047;6.70234;0.0670234;0.0670234
8979;0.209014;-0.931636;5.76936;1.06836;5.76936;0.00134047;6.70234;0.0670234;0.0670234
8980;0.209014;-0.931636;5.76936;1.06836;5.76936;0.00134047;6.70234;0.0670234;0.0670234
8981;0.209014;-0.931636;5.76936;1.06836;5.76936;0.00134047;6.70234;0.0670234;0.0670234
8982;0.209014;-0.931636;5.76936;1.06836;5.76936;0.00134047;6.70234;0.0670234;0.0670234
8983;0.209014;-0.931636;5.76936;1.06836;5.76936;0.00134047;6.70234;0.0670234;0.0670234
8984;0.209014;-0.931636;5.76936;1.06836;5.76936;0.00134047;6.70234;0.0670234;0.0670234
8985;0.209014;-0.931636;5.76936;1.06836;5.76936;0.00134047;6.70234;0.0670234;0.0670234
8986;0.209014;-0.931636;5.76936;1.06836;5.76936;0.00134047;6.70234;0.0670234;0.0670234
8987;0.209014;-0.931636;5.76936;1.06836;5.76936;0.00134047;6.70234;0.0670234;0.0670234
8988;0.209014;-0.931636;5.76936;1.06836;5.76936;0.00134047;6.70234;0.0670234;0.0670234
8989;0.209014;-0.931636;5.76936;1.06836;5.76936;0.00134047;6.70234;0.0670234;0.0670234
8990;0.209014;-0.931636;5.76936;1.06836;5.76936;0.00134047;6.70234;0.0670234;0.0670234
8991;0.209014;-0.931636;5.76936;1.06836;5.76936;0.00134047;6.70234;0.0670234;0.0670234
8992;0.209014;-0.931636;5.76936;1.06836;5.76936;0.00134047;6.70234;0.0670234;0.0670234
8993;0.209014;-0.931636;5.76936;1.06836;5.76936;0.00134047;6.70234;0.0670234;0.0670234
8994;0.209014;-0.931636;5.76936;1.06836;5.76936;0.00134047;6.70234;0.0670234;0.0670234
8995;0.209014;-0.931636;5.76936;1.06836;5.76936;0.00134047;6.70234;0.0670234;0.0670234
8996;0.209014;-0.931636;5.76936;1.06836;5.76936;0.00134047;6.70234;0.0670234;0.0670234
8997;0.209014;-0.931636;5.76936;1.06836;5.76936;0.00134047;6.70234;0.0670234;0.0670234
8998;0.209014;-0.931636;5.76936;1.06836;5.76936;0.00134047;6.70234;0.0670234;0.0670234
8999;0.209014;-0.931636;5.76936;1.06836;5.76936;0.00134047;6.70234;0.0670234;0.0670234
9000;0.209014;-0.931636;5.76936;1.06836;5.76936;0.00134047;6.70234;0.0670234;0.0670234
9001;0.209014;-0.931636;5.76936;1.06836;5.76936;0.00134047;6.70234;0.0670234;0.0670234
9002;0.209014;-0.931636;5.76936;1.06836;5.76936;0.00134047;6.70234;0.0670234;0.0670234
9003;0.209014;-0.931636;5.76936;1.06836;5.76936;0.00134047;6.70234;0.0670234;0.0670234
9004;0.209014;-0.931636;5.76936;1.06836;5.76936;0.00134047;6.70234;0.0670234;0.0670234
9005;0.209014;-0.931636;5.76936;1.06836;5.76936;0.00134047;6.70234;0.0670234;0.0670234
9006;0.209014;-0.931636;5.76936;1.06836;5.76936;0.00134047;6.70234;0.0670234;0.0670234
9007;0.209014;-0.931636;5.76936;1.06836;5.76936;0.00134047;6.70234;0.0670234;0.0670234
9008;0.209014;-0.931636;5.76936;1.06836;5.76936;0.00134047;6.70234;0.0670234;0.0670234
9009;0.209014;-0.931636;5.76936;1.06836;5.76936;0.00134047;6.70234;0.0670234;0.0670234
9010;0.209014;-0.931636;5.76936;1.06836;5.76936;0.00134047;6.70234;0.0670234;0.0670234
9011;0.209014;-0.931636;5.76936;1.06836;5.76936;0.00134047;6.70234;0.0670234;0.0670234
9012;0.209014;-0.931636;5.76936;1.06836;5.76936;0.00134047;6.70234;0.0670234;0.0670234
9013;0.209014;-0.931636;5.76936;1.06836;5.76936;0.00134047;6.70234;0.0670234;0.0670234
9014;0.209014;-0.931636;5.76936;1.06836;5.76936;0.00134047;6.70234;0.0670234;0.0670234
9015;0.209014;-0.931636;5.76936;1.06836;5.76936;0.00134047;6.70234;0.0670234;0.0670234
9016;0.209014;-0.931636;5.76936;1.06836;5.76936;0.00134047;6.70234;0.0670234;0.0670234
9017;0.209014;-0.931636;5.76936;1.06836;5.76936;0.00134047;6.70234;0.0670234;0.0670234
9018;0.209014;-0.931636;5.76936;1.06836;5.76936;0.00134047;6.70234;0.0670234;0.0670234
9019;0.209014;-0.931636;5.76936;1.06836;5.76936;0.00134047;6.70234;0.0670234;0.0670234
9020;0.209014;-0.931636;5.76936;1.06836;5.76936;0.00134047;6.70234;0.0670234;0.0670234
9021;0.209014;-0.931636;5.76936;1.06836;5.76936;0.00134047;6.70234;0.0670234;0.0670234
9022;0.209014;-0.931636;5.76936;1.06836;5.76936;0.00134047;6.70234;0.0670234;0.0670234
9023;0.209014;-0.931636;5.76936;1.06836;5.76936;0.00134047;6.70234;0.0670234;0.0670234
9024;0.209014;-0.931636;5.76936;1.06836;5.76936;0.00134047;6.70234;0.0670234;0.0670234
9025;0.209014;-0.931636;5.76936;1.06836;5.76936;0.00134047;6.70234;0.0670234;0.0670234
9026;0.209014;-0.931636;5.76936;1.06836;5.76936;0.00134047;6.70234;0.0670234;0.0670234
9027;0.209014;-0.931636;5.76936;1.06836;5.76936;0.00134047;6.70234;0.0670234;0.0670234
9028;0.209014;-0.931636;5.76936;1.06836;5.76936;0.00134047;6.70234;0.0670234;0.0670234
9029;0.209014;-0.931636;5.76936;1.06836;5.76936;0.00134047;6.70234;0.0670234;0.0670234
9030;0.209014;-0.931636;5.76936;1.06836;5.76936;0.00134047;6.70234;0.0670234;0.0670234
9031;0.209014;-0.931636;5.76936;1.06836;5.76936;0.00134047;6.70234;0.0670234;0.0670234
9032;0.209014;-0.931636;5.76936;1.06836;5.76936;0.00134047;6.70234;0.0670234;0.0670234
9033;0.209014;-0.931636;5.76936;1.06836;5.76936;0.00134047;6.70234;0.0670234;0.0670234
9034;0.209014;-0.931636;5.76936;1.06836;5.76936;0.00134047;6.70234;0.0670234;0.0670234
9035;0.209014;-0.931636;5.76936;1.06836;5.76936;0.00134047;6.70234;0.0670234;0.0670234
9036;0.209014;-0.931636;5.76936;1.06836;5.76936;0.00134047;6.70234;0.0670234;0.0670234
9037;0.209014;-0.931636;5.76936;1.06836;5.76936;0.00134047;6.70234;0.0670234;0.0670234
9038;0.209014;-0.931636;5.76936;1.06836;5.76936;0.00134047;6.70234;0.0670234;0.0670234
9039;0.209014;-0.931636;5.76936;1.06836;5.76936;0.00134047;6.70234;0.0670234;0.0670234
9040;0.209014;-0.931636;5.76936;1.06836;5.76936;0.00134047;6.70234;0.0670234;0.0670234
9041;0.209014;-0.931636;5.76936;1.06836;5.76936;0.00134047;6.70234;0.0670234;0.0670234
9042;0.209014;-0.931636;5.76936;1.06836;5.76936;0.00134047;6.70234;0.0670234;0.0670234
9043;0.209014;-0.931636;5.76936;1.06836;5.76936;0.00134047;6.70234;0.0670234;0.0670234
9044;0.209014;-0.931636;5.76936;1.06836;5.76936;0.00134047;6.70234;0.0670234;0.0670234
9045;0.209014;-0.931636;5.76936;1.06836;5.76936;0.00134047;6.70234;0.0670234;0.0670234
9046;0.209014;-0.931636;5.76936;1.06836;5.76936;0.00134047;6.70234;0.0670234;0.0670234
9047;0.209014;-0.931636;5.76936;1.06836;5.76936;0.00134047;6.70234;0.0670234;0.0670234
9048;0.209014;-0.931636;5.76936;1.06836;5.76936;0.00134047;6.70234;0.0670234;0.0670234
9049;0.209014;-0.931636;5.76936;1.06836;5.76936;0.00134047;6.70234;0.0670234;0.0670234
9050;0.209014;-0.931636;5.76936;1.06836;5.76936;0.00134047;6.70234;0.0670234;0.0670234
9051;0.209014;-0.931636;5.76936;1.06836;5.76936;0.00134047;6.70234;0.0670234;0.0670234
9052;0.209014;-0.931636;5.76936;1.06836;5.76936;0.00134047;6.70234;0.0670234;0.0670234
9053;0.209014;-0.931636;5.76936;1.06836;5.76936;0.00134047;6.70234;0.0670234;0.0670234
9054;0.209014;-0.931636;5.76936;1.06836;5.76936;0.00134047;6.70234;0.0670234;0.0670234
9055;0.209014;-0.931636;5.76936;1.06836;5.76936;0.00134047;6.70234;0.0670234;0.0670234
9056;0.209014;-0.931636;5.76936;1.06836;5.76936;0.00134047;6.70234;0.0670234;0.0670234
9057;0.209014;-0.931636;5.76936;1.06836;5.76936;0.00134047;6.70234;0.0670234;0.0670234
9058;0.209014;-0.931636;5.76936;1.06836;5.76936;0.00134047;6.70234;0.0670234;0.0670234
9059;0.209014;-0.931636;5.76936;1.06836;5.76936;0.00134047;6.70234;0.0670234;0.0670234
9060;0.209014;-0.931636;5.76936;1.06836;5.76936;0.00134047;6.70234;0.0670234;0.0670234
9061;0.209014;-0.931636;5.76936;1.06836;5.76936;0.00134047;6.70234;0.0670234;0.0670234
9062;0.209014;-0.931636;5.76936;1.06836;5.76936;0.00134047;6.70234;0.0670234;0.0670234
9063;0.209014;-0.931636;5.76936;1.06836;5.76936;0.00134047;6.70234;0.0670234;0.0670234
9064;0.209014;-0.931636;5.76936;1.06836;5.76936;0.00134047;6.70234;0.0670234;0.0670234
9065;0.209014;-0.931636;5.76936;1.06836;5.76936;0.00134047;6.70234;0.0670234;0.0670234
9066;0.209014;-0.931636;5.76936;1.06836;5.76936;0.00134047;6.70234;0.0670234;0.0670234
9067;0.209014;-0.931636;5.76936;1.06836;5.76936;0.00134047;6.70234;0.0670234;0.0670234
9068;0.209014;-0.931636;5.76936;1.06836;5.76936;0.00134047;6.70234;0.0670234;0.0670234
9069;0.209014;-0.931636;5.76936;1.06836;5.76936;0.00134047;6.70234;0.0670234;0.0670234
9070;0.209014;-0.931636;5.76936;1.06836;5.76936;0.00134047;6.70234;0.0670234;0.0670234
9071;0.209014;-0.931636;5.76936;1.06836;5.76936;0.00134047;6.70234;0.0670234;0.0670234
9072;0.209014;-0.931636;5.76936;1.06836;5.76936;0.00134047;6.70234;0.0670234;0.0670234
9073;0.209014;-0.931636;5.76936;1.06836;5.76936;0.00134047;6.70234;0.0670234;0.0670234
9074;0.209014;-0.931636;5.76936;1.06836;5.76936;0.00134047;6.70234;0.0670234;0.0670234
9075;0.209014;-0.931636;5.76936;1.06836;5.76936;0.00134047;6.70234;0.0670234;0.0670234
9076;0.209014;-0.931636;5.76936;1.06836;5.76936;0.00134047;6.70234;0.0670234;0.0670234
9077;0.209014;-0.931636;5.76936;1.06836;5.76936;0.00134047;6.70234;0.0670234;0.0670234
9078;0.209014;-0.931636;5.76936;1.06836;5.76936;0.00134047;6.70234;0.0670234;0.0670234
9079;0.209014;-0.931636;5.76936;1.06836;5.76936;0.00134047;6.70234;0.0670234;0.0670234
9080;0.209014;-0.931636;5.76936;1.06836;5.76936;0.00134047;6.70234;0.0670234;0.0670234
9081;0.209014;-0.931636;5.76936;1.06836;5.76936;0.00134047;6.70234;0.0670234;0.0670234
9082;0.209014;-0.931636;5.76936;1.06836;5.76936;0.00134047;6.70234;0.0670234;0.0670234
9083;0.209014;-0.931636;5.76936;1.06836;5.76936;0.00134047;6.70234;0.0670234;0.0670234
9084;0.209014;-0.931636;5.76936;1.06836;5.76936;0.00134047;6.70234;0.0670234;0.0670234
9085;0.209014;-0.931636;5.76936;1.06836;5.76936;0.00134047;6.70234;0.0670234;0.0670234
9086;0.209014;-0.931636;5.76936;1.06836;5.76936;0.00134047;6.70234;0.0670234;0.0670234
9087;0.209014;-0.931636;5.76936;1.06836;5.76936;0.00134047;6.70234;0.0670234;0.0670234
9088;0.209014;-0.931636;5.76936;1.06836;5.76936;0.00134047;6.70234;0.0670234;0.0670234
9089;0.209014;-0.931636;5.76936;1.06836;5.76936;0.00134047;6.70234;0.0670234;0.0670234
9090;0.209014;-0.931636;5.76936;1.06836;5.76936;0.00134047;6.70234;0.0670234;0.0670234
9091;0.209014;-0.931636;5.76936;1.06836;5.76936;0.00134047;6.70234;0.0670234;0.0670234
9092;0.209014;-0.931636;5.76936;1.06836;5.76936;0.00134047;6.70234;0.0670234;0.0670234
9093;0.209014;-0.931636;5.76936;1.06836;5.76936;0.00134047;6.70234;0.0670234;0.0670234
9094;0.209014;-0.931636;5.76936;1.06836;5.76936;0.00134047;6.70234;0.0670234;0.0670234
9095;0.209014;-0.931636;5.76936;1.06836;5.76936;0.00134047;6.70234;0.0670234;0.0670234
9096;0.209014;-0.931636;5.76936;1.06836;5.76936;0.00134047;6.70234;0.0670234;0.0670234
9097;0.209014;-0.931636;5.76936;1.06836;5.76936;0.00134047;6.70234;0.0670234;0.0670234
9098;0.209014;-0.931636;5.76936;1.06836;5.76936;0.00134047;6.70234;0.0670234;0.0670234
9099;0.209014;-0.931636;5.76936;1.06836;5.76936;0.00134047;6.70234;0.0670234;0.0670234
9100;0.209014;-0.931636;5.76936;1.06836;5.76936;0.00134047;6.70234;0.0670234;0.0670234
9101;0.209014;-0.931636;5.76936;1.06836;5.76936;0.00134047;6.70234;0.0670234;0.0670234
9102;0.209014;-0.931636;5.76936;1.06836;5.76936;0.00134047;6.70234;0.0670234;0.0670234
9103;0.209014;-0.931636;5.76936;1.06836;5.76936;0.00134047;6.70234;0.0670234;0.0670234
9104;0.209014;-0.931636;5.76936;1.06836;5.76936;0.00134047;6.70234;0.0670234;0.0670234
9105;0.209014;-0.931636;5.76936;1.06836;5.76936;0.00134047;6.70234;0.0670234;0.0670234
9106;0.209014;-0.931636;5.76936;1.06836;5.76936;0.00134047;6.70234;0.0670234;0.0670234
9107;0.209014;-0.931636;5.76936;1.06836;5.76936;0.00134047;6.70234;0.0670234;0.0670234
9108;0.209014;-0.931636;5.76936;1.06836;5.76936;0.00134047;6.70234;0.0670234;0.0670234
9109;0.209014;-0.931636;5.76936;1.06836;5.76936;0.00134047;6.70234;0.0670234;0.0670234
9110;0.209014;-0.931636;5.76936;1.06836;5.76936;0.00134047;6.70234;0.0670234;0.0670234
9111;0.209014;-0.931636;5.76936;1.06836;5.76936;0.00134047;6.70234;0.0670234;0.0670234
9112;0.209014;-0.931636;5.76936;1.06836;5.76936;0.00134047;6.70234;0.0670234;0.0670234
9113;0.209014;-0.931636;5.76936;1.06836;5.76936;0.00134047;6.70234;0.0670234;0.0670234
9114;0.209014;-0.931636;5.76936;1.06836;5.76936;0.00134047;6.70234;0.0670234;0.0670234
9115;0.209014;-0.931636;5.76936;1.06836;5.76936;0.00134047;6.70234;0.0670234;0.0670234
9116;0.209014;-0.931636;5.76936;1.06836;5.76936;0.00134047;6.70234;0.0670234;0.0670234
9117;0.209014;-0.931636;5.76936;1.06836;5.76936;0.00134047;6.70234;0.0670234;0.0670234
9118;0.209014;-0.931636;5.76936;1.06836;5.76936;0.00134047;6.70234;0.0670234;0.0670234
9119;0.209014;-0.931636;5.76936;1.06836;5.76936;0.00134047;6.70234;0.0670234;0.0670234
9120;0.209014;-0.931636;5.76936;1.06836;5.76936;0.00134047;6.70234;0.0670234;0.0670234
9121;0.209014;-0.931636;5.76936;1.06836;5.76936;0.00134047;6.70234;0.0670234;0.0670234
9122;0.209014;-0.931636;5.76936;1.06836;5.76936;0.00134047;6.70234;0.0670234;0.0670234
9123;0.209014;-0.931636;5.76936;1.06836;5.76936;0.00134047;6.70234;0.0670234;0.0670234
9124;0.209014;-0.931636;5.76936;1.06836;5.76936;0.00134047;6.70234;0.0670234;0.0670234
9125;0.209014;-0.931636;5.76936;1.06836;5.76936;0.00134047;6.70234;0.0670234;0.0670234
9126;0.209014;-0.931636;5.76936;1.06836;5.76936;0.00134047;6.70234;0.0670234;0.0670234
9127;0.209014;-0.931636;5.76936;1.06836;5.76936;0.00134047;6.70234;0.0670234;0.0670234
9128;0.209014;-0.931636;5.76936;1.06836;5.76936;0.00134047;6.70234;0.0670234;0.0670234
9129;0.209014;-0.931636;5.76936;1.06836;5.76936;0.00134047;6.70234;0.0670234;0.0670234
9130;0.209014;-0.931636;5.76936;1.06836;5.76936;0.00134047;6.70234;0.0670234;0.0670234
9131;0.209014;-0.931636;5.76936;1.06836;5.76936;0.00134047;6.70234;0.0670234;0.0670234
9132;0.209014;-0.931636;5.76936;1.06836;5.76936;0.00134047;6.70234;0.0670234;0.0670234
9133;0.209014;-0.931636;5.76936;1.06836;5.76936;0.00134047;6.70234;0.0670234;0.0670234
9134;0.209014;-0.931636;5.76936;1.06836;5.76936;0.00134047;6.70234;0.0670234;0.0670234
9135;0.209014;-0.931636;5.76936;1.06836;5.76936;0.00134047;6.70234;0.0670234;0.0670234
9136;0.209014;-0.931636;5.76936;1.06836;5.76936;0.00134047;6.70234;0.0670234;0.0670234
9137;0.209014;-0.931636;5.76936;1.06836;5.76936;0.00134047;6.70234;0.0670234;0.0670234
9138;0.209014;-0.931636;5.76936;1.06836;5.76936;0.00134047;6.70234;0.0670234;0.0670234
9139;0.209014;-0.931636;5.76936;1.06836;5.76936;0.00134047;6.70234;0.0670234;0.0670234
9140;0.209014;-0.931636;5.76936;1.06836;5.76936;0.00134047;6.70234;0.0670234;0.0670234
9141;0.209014;-0.931636;5.76936;1.06836;5.76936;0.00134047;6.70234;0.0670234;0.0670234
9142;0.209014;-0.931636;5.76936;1.06836;5.76936;0.00134047;6.70234;0.0670234;0.0670234
9143;0.209014;-0.931636;5.76936;1.06836;5.76936;0.00134047;6.70234;0.0670234;0.0670234
9144;0.209014;-0.931636;5.76936;1.06836;5.76936;0.00134047;6.70234;0.0670234;0.0670234
9145;0.209014;-0.931636;5.76936;1.06836;5.76936;0.00134047;6.70234;0.0670234;0.0670234
9146;0.209014;-0.931636;5.76936;1.06836;5.76936;0.00134047;6.70234;0.0670234;0.0670234
9147;0.209014;-0.931636;5.76936;1.06836;5.76936;0.00134047;6.70234;0.0670234;0.0670234
9148;0.209014;-0.931636;5.76936;1.06836;5.76936;0.00134047;6.70234;0.0670234;0.0670234
9149;0.209014;-0.931636;5.76936;1.06836;5.76936;0.00134047;6.70234;0.0670234;0.0670234
9150;0.209014;-0.931636;5.76936;1.06836;5.76936;0.00134047;6.70234;0.0670234;0.0670234
9151;0.209014;-0.931636;5.76936;1.06836;5.76936;0.00134047;6.70234;0.0670234;0.0670234
9152;0.209014;-0.931636;5.76936;1.06836;5.76936;0.00134047;6.70234;0.0670234;0.0670234
9153;0.209014;-0.931636;5.76936;1.06836;5.76936;0.00134047;6.70234;0.0670234;0.0670234
9154;0.209014;-0.931636;5.76936;1.06836;5.76936;0.00134047;6.70234;0.0670234;0.0670234
9155;0.209014;-0.931636;5.76936;1.06836;5.76936;0.00134047;6.70234;0.0670234;0.0670234
9156;0.209014;-0.931636;5.76936;1.06836;5.76936;0.00134047;6.70234;0.0670234;0.0670234
9157;0.209014;-0.931636;5.76936;1.06836;5.76936;0.00134047;6.70234;0.0670234;0.0670234
9158;0.209014;-0.931636;5.76936;1.06836;5.76936;0.00134047;6.70234;0.0670234;0.0670234
9159;0.209014;-0.931636;5.76936;1.06836;5.76936;0.00134047;6.70234;0.0670234;0.0670234
9160;0.209014;-0.931636;5.76936;1.06836;5.76936;0.00134047;6.70234;0.0670234;0.0670234
9161;0.209014;-0.931636;5.76936;1.06836;5.76936;0.00134047;6.70234;0.0670234;0.0670234
9162;0.209014;-0.931636;5.76936;1.06836;5.76936;0.00134047;6.70234;0.0670234;0.0670234
9163;0.209014;-0.931636;5.76936;1.06836;5.76936;0.00134047;6.70234;0.0670234;0.0670234
9164;0.209014;-0.931636;5.76936;1.06836;5.76936;0.00134047;6.70234;0.0670234;0.0670234
9165;0.209014;-0.931636;5.76936;1.06836;5.76936;0.00134047;6.70234;0.0670234;0.0670234
9166;0.209014;-0.931636;5.76936;1.06836;5.76936;0.00134047;6.70234;0.0670234;0.0670234
9167;0.209014;-0.931636;5.76936;1.06836;5.76936;0.00134047;6.70234;0.0670234;0.0670234
9168;0.209014;-0.931636;5.76936;1.06836;5.76936;0.00134047;6.70234;0.0670234;0.0670234
9169;0.209014;-0.931636;5.76936;1.06836;5.76936;0.00134047;6.70234;0.0670234;0.0670234
9170;0.209014;-0.931636;5.76936;1.06836;5.76936;0.00134047;6.70234;0.0670234;0.0670234
9171;0.209014;-0.931636;5.76936;1.06836;5.76936;0.00134047;6.70234;0.0670234;0.0670234
9172;0.209014;-0.931636;5.76936;1.06836;5.76936;0.00134047;6.70234;0.0670234;0.0670234
9173;0.209014;-0.931636;5.76936;1.06836;5.76936;0.00134047;6.70234;0.0670234;0.0670234
9174;0.209014;-0.931636;5.76936;1.06836;5.76936;0.00134047;6.70234;0.0670234;0.0670234
9175;0.209014;-0.931636;5.76936;1.06836;5.76936;0.00134047;6.70234;0.0670234;0.0670234
9176;0.209014;-0.931636;5.76936;1.06836;5.76936;0.00134047;6.70234;0.0670234;0.0670234
9177;0.209014;-0.931636;5.76936;1.06836;5.76936;0.00134047;6.70234;0.0670234;0.0670234
9178;0.209014;-0.931636;5.76936;1.06836;5.76936;0.00134047;6.70234;0.0670234;0.0670234
9179;0.209014;-0.931636;5.76936;1.06836;5.76936;0.00134047;6.70234;0.0670234;0.0670234
9180;0.209014;-0.931636;5.76936;1.06836;5.76936;0.00134047;6.70234;0.0670234;0.0670234
9181;0.209014;-0.931636;5.76936;1.06836;5.76936;0.00134047;6.70234;0.0670234;0.0670234
9182;0.209014;-0.931636;5.76936;1.06836;5.76936;0.00134047;6.70234;0.0670234;0.0670234
9183;0.209014;-0.931636;5.76936;1.06836;5.76936;0.00134047;6.70234;0.0670234;0.0670234
9184;0.209014;-0.931636;5.76936;1.06836;5.76936;0.00134047;6.70234;0.0670234;0.0670234
9185;0.209014;-0.931636;5.76936;1.06836;5.76936;0.00134047;6.70234;0.0670234;0.0670234
9186;0.209014;-0.931636;5.76936;1.06836;5.76936;0.00134047;6.70234;0.0670234;0.0670234
9187;0.209014;-0.931636;5.76936;1.06836;5.76936;0.00134047;6.70234;0.0670234;0.0670234
9188;0.209014;-0.931636;5.76936;1.06836;5.76936;0.00134047;6.70234;0.0670234;0.0670234
9189;0.209014;-0.931636;5.76936;1.06836;5.76936;0.00134047;6.70234;0.0670234;0.0670234
9190;0.209014;-0.931636;5.76936;1.06836;5.76936;0.00134047;6.70234;0.0670234;0.0670234
9191;0.209014;-0.931636;5.76936;1.06836;5.76936;0.00134047;6.70234;0.0670234;0.0670234
9192;0.209014;-0.931636;5.76936;1.06836;5.76936;0.00134047;6.70234;0.0670234;0.0670234
9193;0.209014;-0.931636;5.76936;1.06836;5.76936;0.00134047;6.70234;0.0670234;0.0670234
9194;0.209014;-0.931636;5.76936;1.06836;5.76936;0.00134047;6.70234;0.0670234;0.0670234
9195;0.209014;-0.931636;5.76936;1.06836;5.76936;0.00134047;6.70234;0.0670234;0.0670234
9196;0.209014;-0.931636;5.76936;1.06836;5.76936;0.00134047;6.70234;0.0670234;0.0670234
9197;0.209014;-0.931636;5.76936;1.06836;5.76936;0.00134047;6.70234;0.0670234;0.0670234
9198;0.209014;-0.931636;5.76936;1.06836;5.76936;0.00134047;6.70234;0.0670234;0.0670234
9199;0.209014;-0.931636;5.76936;1.06836;5.76936;0.00134047;6.70234;0.0670234;0.0670234
9200;0.209014;-0.931636;5.76936;1.06836;5.76936;0.00134047;6.70234;0.0670234;0.0670234
9201;0.209014;-0.931636;5.76936;1.06836;5.76936;0.00134047;6.70234;0.0670234;0.0670234
9202;0.209014;-0.931636;5.76936;1.06836;5.76936;0.00134047;6.70234;0.0670234;0.0670234
9203;0.209014;-0.931636;5.76936;1.06836;5.76936;0.00134047;6.70234;0.0670234;0.0670234
9204;0.209014;-0.931636;5.76936;1.06836;5.76936;0.00134047;6.70234;0.0670234;0.0670234
9205;0.209014;-0.931636;5.76936;1.06836;5.76936;0.00134047;6.70234;0.0670234;0.0670234
9206;0.209014;-0.931636;5.76936;1.06836;5.76936;0.00134047;6.70234;0.0670234;0.0670234
9207;0.209014;-0.931636;5.76936;1.06836;5.76936;0.00134047;6.70234;0.0670234;0.0670234
9208;0.209014;-0.931636;5.76936;1.06836;5.76936;0.00134047;6.70234;0.0670234;0.0670234
9209;0.209014;-0.931636;5.76936;1.06836;5.76936;0.00134047;6.70234;0.0670234;0.0670234
9210;0.209014;-0.931636;5.76936;1.06836;5.76936;0.00134047;6.70234;0.0670234;0.0670234
9211;0.209014;-0.931636;5.76936;1.06836;5.76936;0.00134047;6.70234;0.0670234;0.0670234
9212;0.209014;-0.931636;5.76936;1.06836;5.76936;0.00134047;6.70234;0.0670234;0.0670234
9213;0.209014;-0.931636;5.76936;1.06836;5.76936;0.00134047;6.70234;0.0670234;0.0670234
9214;0.209014;-0.931636;5.76936;1.06836;5.76936;0.00134047;6.70234;0.0670234;0.0670234
9215;0.209014;-0.931636;5.76936;1.06836;5.76936;0.00134047;6.70234;0.0670234;0.0670234
9216;0.209014;-0.931636;5.76936;1.06836;5.76936;0.00134047;6.70234;0.0670234;0.0670234
9217;0.209014;-0.931636;5.76936;1.06836;5.76936;0.00134047;6.70234;0.0670234;0.0670234
9218;0.209014;-0.931636;5.76936;1.06836;5.76936;0.00134047;6.70234;0.0670234;0.0670234
9219;0.209014;-0.931636;5.76936;1.06836;5.76936;0.00134047;6.70234;0.0670234;0.0670234
9220;0.209014;-0.931636;5.76936;1.06836;5.76936;0.00134047;6.70234;0.0670234;0.0670234
9221;0.209014;-0.931636;5.76936;1.06836;5.76936;0.00134047;6.70234;0.0670234;0.0670234
9222;0.209014;-0.931636;5.76936;1.06836;5.76936;0.00134047;6.70234;0.0670234;0.0670234
9223;0.209014;-0.931636;5.76936;1.06836;5.76936;0.00134047;6.70234;0.0670234;0.0670234
9224;0.209014;-0.931636;5.76936;1.06836;5.76936;0.00134047;6.70234;0.0670234;0.0670234
9225;0.209014;-0.931636;5.76936;1.06836;5.76936;0.00134047;6.70234;0.0670234;0.0670234
9226;0.209014;-0.931636;5.76936;1.06836;5.76936;0.00134047;6.70234;0.0670234;0.0670234
9227;0.209014;-0.931636;5.76936;1.06836;5.76936;0.00134047;6.70234;0.0670234;0.0670234
9228;0.209014;-0.931636;5.76936;1.06836;5.76936;0.00134047;6.70234;0.0670234;0.0670234
9229;0.209014;-0.931636;5.76936;1.06836;5.76936;0.00134047;6.70234;0.0670234;0.0670234
9230;0.209014;-0.931636;5.76936;1.06836;5.76936;0.00134047;6.70234;0.0670234;0.0670234
9231;0.209014;-0.931636;5.76936;1.06836;5.76936;0.00134047;6.70234;0.0670234;0.0670234
9232;0.209014;-0.931636;5.76936;1.06836;5.76936;0.00134047;6.70234;0.0670234;0.0670234
9233;0.209014;-0.931636;5.76936;1.06836;5.76936;0.00134047;6.70234;0.0670234;0.0670234
9234;0.209014;-0.931636;5.76936;1.06836;5.76936;0.00134047;6.70234;0.0670234;0.0670234
9235;0.209014;-0.931636;5.76936;1.06836;5.76936;0.00134047;6.70234;0.0670234;0.0670234
9236;0.209014;-0.931636;5.76936;1.06836;5.76936;0.00134047;6.70234;0.0670234;0.0670234
9237;0.209014;-0.931636;5.76936;1.06836;5.76936;0.00134047;6.70234;0.0670234;0.0670234
9238;0.209014;-0.931636;5.76936;1.06836;5.76936;0.00134047;6.70234;0.0670234;0.0670234
9239;0.209014;-0.931636;5.76936;1.06836;5.76936;0.00134047;6.70234;0.0670234;0.0670234
9240;0.209014;-0.931636;5.76936;1.06836;5.76936;0.00134047;6.70234;0.0670234;0.0670234
9241;0.209014;-0.931636;5.76936;1.06836;5.76936;0.00134047;6.70234;0.0670234;0.0670234
9242;0.209014;-0.931636;5.76936;1.06836;5.76936;0.00134047;6.70234;0.0670234;0.0670234
9243;0.209014;-0.931636;5.76936;1.06836;5.76936;0.00134047;6.70234;0.0670234;0.0670234
9244;0.209014;-0.931636;5.76936;1.06836;5.76936;0.00134047;6.70234;0.0670234;0.0670234
9245;0.209014;-0.931636;5.76936;1.06836;5.76936;0.00134047;6.70234;0.0670234;0.0670234
9246;0.209014;-0.931636;5.76936;1.06836;5.76936;0.00134047;6.70234;0.0670234;0.0670234
9247;0.209014;-0.931636;5.76936;1.06836;5.76936;0.00134047;6.70234;0.0670234;0.0670234
9248;0.209014;-0.931636;5.76936;1.06836;5.76936;0.00134047;6.70234;0.0670234;0.0670234
9249;0.209014;-0.931636;5.76936;1.06836;5.76936;0.00134047;6.70234;0.0670234;0.0670234
9250;0.209014;-0.931636;5.76936;1.06836;5.76936;0.00134047;6.70234;0.0670234;0.0670234
9251;0.209014;-0.931636;5.76936;1.06836;5.76936;0.00134047;6.70234;0.0670234;0.0670234
9252;0.209014;-0.931636;5.76936;1.06836;5.76936;0.00134047;6.70234;0.0670234;0.0670234
9253;0.209014;-0.931636;5.76936;1.06836;5.76936;0.00134047;6.70234;0.0670234;0.0670234
9254;0.209014;-0.931636;5.76936;1.06836;5.76936;0.00134047;6.70234;0.0670234;0.0670234
9255;0.209014;-0.931636;5.76936;1.06836;5.76936;0.00134047;6.70234;0.0670234;0.0670234
9256;0.209014;-0.931636;5.76936;1.06836;5.76936;0.00134047;6.70234;0.0670234;0.0670234
9257;0.209014;-0.931636;5.76936;1.06836;5.76936;0.00134047;6.70234;0.0670234;0.0670234
9258;0.209014;-0.931636;5.76936;1.06836;5.76936;0.00134047;6.70234;0.0670234;0.0670234
9259;0.209014;-0.931636;5.76936;1.06836;5.76936;0.00134047;6.70234;0.0670234;0.0670234
9260;0.209014;-0.931636;5.76936;1.06836;5.76936;0.00134047;6.70234;0.0670234;0.0670234
9261;0.209014;-0.931636;5.76936;1.06836;5.76936;0.00134047;6.70234;0.0670234;0.0670234
9262;0.209014;-0.931636;5.76936;1.06836;5.76936;0.00134047;6.70234;0.0670234;0.0670234
9263;0.209014;-0.931636;5.76936;1.06836;5.76936;0.00134047;6.70234;0.0670234;0.0670234
9264;0.209014;-0.931636;5.76936;1.06836;5.76936;0.00134047;6.70234;0.0670234;0.0670234
9265;0.209014;-0.931636;5.76936;1.06836;5.76936;0.00134047;6.70234;0.0670234;0.0670234
9266;0.209014;-0.931636;5.76936;1.06836;5.76936;0.00134047;6.70234;0.0670234;0.0670234
9267;0.209014;-0.931636;5.76936;1.06836;5.76936;0.00134047;6.70234;0.0670234;0.0670234
9268;0.209014;-0.931636;5.76936;1.06836;5.76936;0.00134047;6.70234;0.0670234;0.0670234
9269;0.209014;-0.931636;5.76936;1.06836;5.76936;0.00134047;6.70234;0.0670234;0.0670234
9270;0.209014;-0.931636;5.76936;1.06836;5.76936;0.00134047;6.70234;0.0670234;0.0670234
9271;0.209014;-0.931636;5.76936;1.06836;5.76936;0.00134047;6.70234;0.0670234;0.0670234
9272;0.209014;-0.931636;5.76936;1.06836;5.76936;0.00134047;6.70234;0.0670234;0.0670234
9273;0.209014;-0.931636;5.76936;1.06836;5.76936;0.00134047;6.70234;0.0670234;0.0670234
9274;0.209014;-0.931636;5.76936;1.06836;5.76936;0.00134047;6.70234;0.0670234;0.0670234
9275;0.209014;-0.931636;5.76936;1.06836;5.76936;0.00134047;6.70234;0.0670234;0.0670234
9276;0.209014;-0.931636;5.76936;1.06836;5.76936;0.00134047;6.70234;0.0670234;0.0670234
9277;0.209014;-0.931636;5.76936;1.06836;5.76936;0.00134047;6.70234;0.0670234;0.0670234
9278;0.209014;-0.931636;5.76936;1.06836;5.76936;0.00134047;6.70234;0.0670234;0.0670234
9279;0.209014;-0.931636;5.76936;1.06836;5.76936;0.00134047;6.70234;0.0670234;0.0670234
9280;0.209014;-0.931636;5.76936;1.06836;5.76936;0.00134047;6.70234;0.0670234;0.0670234
9281;0.209014;-0.931636;5.76936;1.06836;5.76936;0.00134047;6.70234;0.0670234;0.0670234
9282;0.209014;-0.931636;5.76936;1.06836;5.76936;0.00134047;6.70234;0.0670234;0.0670234
9283;0.209014;-0.931636;5.76936;1.06836;5.76936;0.00134047;6.70234;0.0670234;0.0670234
9284;0.209014;-0.931636;5.76936;1.06836;5.76936;0.00134047;6.70234;0.0670234;0.0670234
9285;0.209014;-0.931636;5.76936;1.06836;5.76936;0.00134047;6.70234;0.0670234;0.0670234
9286;0.209014;-0.931636;5.76936;1.06836;5.76936;0.00134047;6.70234;0.0670234;0.0670234
9287;0.209014;-0.931636;5.76936;1.06836;5.76936;0.00134047;6.70234;0.0670234;0.0670234
9288;0.209014;-0.931636;5.76936;1.06836;5.76936;0.00134047;6.70234;0.0670234;0.0670234
9289;0.209014;-0.931636;5.76936;1.06836;5.76936;0.00134047;6.70234;0.0670234;0.0670234
9290;0.209014;-0.931636;5.76936;1.06836;5.76936;0.00134047;6.70234;0.0670234;0.0670234
9291;0.209014;-0.931636;5.76936;1.06836;5.76936;0.00134047;6.70234;0.0670234;0.0670234
9292;0.209014;-0.931636;5.76936;1.06836;5.76936;0.00134047;6.70234;0.0670234;0.0670234
9293;0.209014;-0.931636;5.76936;1.06836;5.76936;0.00134047;6.70234;0.0670234;0.0670234
9294;0.209014;-0.931636;5.76936;1.06836;5.76936;0.00134047;6.70234;0.0670234;0.0670234
9295;0.209014;-0.931636;5.76936;1.06836;5.76936;0.00134047;6.70234;0.0670234;0.0670234
9296;0.209014;-0.931636;5.76936;1.06836;5.76936;0.00134047;6.70234;0.0670234;0.0670234
9297;0.209014;-0.931636;5.76936;1.06836;5.76936;0.00134047;6.70234;0.0670234;0.0670234
9298;0.209014;-0.931636;5.76936;1.06836;5.76936;0.00134047;6.70234;0.0670234;0.0670234
9299;0.209014;-0.931636;5.76936;1.06836;5.76936;0.00134047;6.70234;0.0670234;0.0670234
9300;0.209014;-0.931636;5.76936;1.06836;5.76936;0.00134047;6.70234;0.0670234;0.0670234
9301;0.209014;-0.931636;5.76936;1.06836;5.76936;0.00134047;6.70234;0.0670234;0.0670234
9302;0.209014;-0.931636;5.76936;1.06836;5.76936;0.00134047;6.70234;0.0670234;0.0670234
9303;0.209014;-0.931636;5.76936;1.06836;5.76936;0.00134047;6.70234;0.0670234;0.0670234
9304;0.209014;-0.931636;5.76936;1.06836;5.76936;0.00134047;6.70234;0.0670234;0.0670234
9305;0.209014;-0.931636;5.76936;1.06836;5.76936;0.00134047;6.70234;0.0670234;0.0670234
9306;0.209014;-0.931636;5.76936;1.06836;5.76936;0.00134047;6.70234;0.0670234;0.0670234
9307;0.209014;-0.931636;5.76936;1.06836;5.76936;0.00134047;6.70234;0.0670234;0.0670234
9308;0.209014;-0.931636;5.76936;1.06836;5.76936;0.00134047;6.70234;0.0670234;0.0670234
9309;0.209014;-0.931636;5.76936;1.06836;5.76936;0.00134047;6.70234;0.0670234;0.0670234
9310;0.209014;-0.931636;5.76936;1.06836;5.76936;0.00134047;6.70234;0.0670234;0.0670234
9311;0.209014;-0.931636;5.76936;1.06836;5.76936;0.00134047;6.70234;0.0670234;0.0670234
9312;0.209014;-0.931636;5.76936;1.06836;5.76936;0.00134047;6.70234;0.0670234;0.0670234
9313;0.209014;-0.931636;5.76936;1.06836;5.76936;0.00134047;6.70234;0.0670234;0.0670234
9314;0.209014;-0.931636;5.76936;1.06836;5.76936;0.00134047;6.70234;0.0670234;0.0670234
9315;0.209014;-0.931636;5.76936;1.06836;5.76936;0.00134047;6.70234;0.0670234;0.0670234
9316;0.209014;-0.931636;5.76936;1.06836;5.76936;0.00134047;6.70234;0.0670234;0.0670234
9317;0.209014;-0.931636;5.76936;1.06836;5.76936;0.00134047;6.70234;0.0670234;0.0670234
9318;0.209014;-0.931636;5.76936;1.06836;5.76936;0.00134047;6.70234;0.0670234;0.0670234
9319;0.209014;-0.931636;5.76936;1.06836;5.76936;0.00134047;6.70234;0.0670234;0.0670234
9320;0.209014;-0.931636;5.76936;1.06836;5.76936;0.00134047;6.70234;0.0670234;0.0670234
9321;0.209014;-0.931636;5.76936;1.06836;5.76936;0.00134047;6.70234;0.0670234;0.0670234
9322;0.209014;-0.931636;5.76936;1.06836;5.76936;0.00134047;6.70234;0.0670234;0.0670234
9323;0.209014;-0.931636;5.76936;1.06836;5.76936;0.00134047;6.70234;0.0670234;0.0670234
9324;0.209014;-0.931636;5.76936;1.06836;5.76936;0.00134047;6.70234;0.0670234;0.0670234
9325;0.209014;-0.931636;5.76936;1.06836;5.76936;0.00134047;6.70234;0.0670234;0.0670234
9326;0.209014;-0.931636;5.76936;1.06836;5.76936;0.00134047;6.70234;0.0670234;0.0670234
9327;0.209014;-0.931636;5.76936;1.06836;5.76936;0.00134047;6.70234;0.0670234;0.0670234
9328;0.209014;-0.931636;5.76936;1.06836;5.76936;0.00134047;6.70234;0.0670234;0.0670234
9329;0.209014;-0.931636;5.76936;1.06836;5.76936;0.00134047;6.70234;0.0670234;0.0670234
9330;0.209014;-0.931636;5.76936;1.06836;5.76936;0.00134047;6.70234;0.0670234;0.0670234
9331;0.209014;-0.931636;5.76936;1.06836;5.76936;0.00134047;6.70234;0.0670234;0.0670234
9332;0.209014;-0.931636;5.76936;1.06836;5.76936;0.00134047;6.70234;0.0670234;0.0670234
9333;0.209014;-0.931636;5.76936;1.06836;5.76936;0.00134047;6.70234;0.0670234;0.0670234
9334;0.209014;-0.931636;5.76936;1.06836;5.76936;0.00134047;6.70234;0.0670234;0.0670234
9335;0.209014;-0.931636;5.76936;1.06836;5.76936;0.00134047;6.70234;0.0670234;0.0670234
9336;0.209014;-0.931636;5.76936;1.06836;5.76936;0.00134047;6.70234;0.0670234;0.0670234
9337;0.209014;-0.931636;5.76936;1.06836;5.76936;0.00134047;6.70234;0.0670234;0.0670234
9338;0.209014;-0.931636;5.76936;1.06836;5.76936;0.00134047;6.70234;0.0670234;0.0670234
9339;0.209014;-0.931636;5.76936;1.06836;5.76936;0.00134047;6.70234;0.0670234;0.0670234
9340;0.209014;-0.931636;5.76936;1.06836;5.76936;0.00134047;6.70234;0.0670234;0.0670234
9341;0.209014;-0.931636;5.76936;1.06836;5.76936;0.00134047;6.70234;0.0670234;0.0670234
9342;0.209014;-0.931636;5.76936;1.06836;5.76936;0.00134047;6.70234;0.0670234;0.0670234
9343;0.209014;-0.931636;5.76936;1.06836;5.76936;0.00134047;6.70234;0.0670234;0.0670234
9344;0.209014;-0.931636;5.76936;1.06836;5.76936;0.00134047;6.70234;0.0670234;0.0670234
9345;0.209014;-0.931636;5.76936;1.06836;5.76936;0.00134047;6.70234;0.0670234;0.0670234
9346;0.209014;-0.931636;5.76936;1.06836;5.76936;0.00134047;6.70234;0.0670234;0.0670234
9347;0.209014;-0.931636;5.76936;1.06836;5.76936;0.00134047;6.70234;0.0670234;0.0670234
9348;0.209014;-0.931636;5.76936;1.06836;5.76936;0.00134047;6.70234;0.0670234;0.0670234
9349;0.209014;-0.931636;5.76936;1.06836;5.76936;0.00134047;6.70234;0.0670234;0.0670234
9350;0.209014;-0.931636;5.76936;1.06836;5.76936;0.00134047;6.70234;0.0670234;0.0670234
9351;0.209014;-0.931636;5.76936;1.06836;5.76936;0.00134047;6.70234;0.0670234;0.0670234
9352;0.209014;-0.931636;5.76936;1.06836;5.76936;0.00134047;6.70234;0.0670234;0.0670234
9353;0.209014;-0.931636;5.76936;1.06836;5.76936;0.00134047;6.70234;0.0670234;0.0670234
9354;0.209014;-0.931636;5.76936;1.06836;5.76936;0.00134047;6.70234;0.0670234;0.0670234
9355;0.209014;-0.931636;5.76936;1.06836;5.76936;0.00134047;6.70234;0.0670234;0.0670234
9356;0.209014;-0.931636;5.76936;1.06836;5.76936;0.00134047;6.70234;0.0670234;0.0670234
9357;0.209014;-0.931636;5.76936;1.06836;5.76936;0.00134047;6.70234;0.0670234;0.0670234
9358;0.209014;-0.931636;5.76936;1.06836;5.76936;0.00134047;6.70234;0.0670234;0.0670234
9359;0.209014;-0.931636;5.76936;1.06836;5.76936;0.00134047;6.70234;0.0670234;0.0670234
9360;0.209014;-0.931636;5.76936;1.06836;5.76936;0.00134047;6.70234;0.0670234;0.0670234
9361;0.209014;-0.931636;5.76936;1.06836;5.76936;0.00134047;6.70234;0.0670234;0.0670234
9362;0.209014;-0.931636;5.76936;1.06836;5.76936;0.00134047;6.70234;0.0670234;0.0670234
9363;0.209014;-0.931636;5.76936;1.06836;5.76936;0.00134047;6.70234;0.0670234;0.0670234
9364;0.209014;-0.931636;5.76936;1.06836;5.76936;0.00134047;6.70234;0.0670234;0.0670234
9365;0.209014;-0.931636;5.76936;1.06836;5.76936;0.00134047;6.70234;0.0670234;0.0670234
9366;0.209014;-0.931636;5.76936;1.06836;5.76936;0.00134047;6.70234;0.0670234;0.0670234
9367;0.209014;-0.931636;5.76936;1.06836;5.76936;0.00134047;6.70234;0.0670234;0.0670234
9368;0.209014;-0.931636;5.76936;1.06836;5.76936;0.00134047;6.70234;0.0670234;0.0670234
9369;0.209014;-0.931636;5.76936;1.06836;5.76936;0.00134047;6.70234;0.0670234;0.0670234
9370;0.209014;-0.931636;5.76936;1.06836;5.76936;0.00134047;6.70234;0.0670234;0.0670234
9371;0.209014;-0.931636;5.76936;1.06836;5.76936;0.00134047;6.70234;0.0670234;0.0670234
9372;0.209014;-0.931636;5.76936;1.06836;5.76936;0.00134047;6.70234;0.0670234;0.0670234
9373;0.209014;-0.931636;5.76936;1.06836;5.76936;0.00134047;6.70234;0.0670234;0.0670234
9374;0.209014;-0.931636;5.76936;1.06836;5.76936;0.00134047;6.70234;0.0670234;0.0670234
9375;0.209014;-0.931636;5.76936;1.06836;5.76936;0.00134047;6.70234;0.0670234;0.0670234
9376;0.209014;-0.931636;5.76936;1.06836;5.76936;0.00134047;6.70234;0.0670234;0.0670234
9377;0.209014;-0.931636;5.76936;1.06836;5.76936;0.00134047;6.70234;0.0670234;0.0670234
9378;0.209014;-0.931636;5.76936;1.06836;5.76936;0.00134047;6.70234;0.0670234;0.0670234
9379;0.209014;-0.931636;5.76936;1.06836;5.76936;0.00134047;6.70234;0.0670234;0.0670234
9380;0.209014;-0.931636;5.76936;1.06836;5.76936;0.00134047;6.70234;0.0670234;0.0670234
9381;0.209014;-0.931636;5.76936;1.06836;5.76936;0.00134047;6.70234;0.0670234;0.0670234
9382;0.209014;-0.931636;5.76936;1.06836;5.76936;0.00134047;6.70234;0.0670234;0.0670234
9383;0.209014;-0.931636;5.76936;1.06836;5.76936;0.00134047;6.70234;0.0670234;0.0670234
9384;0.209014;-0.931636;5.76936;1.06836;5.76936;0.00134047;6.70234;0.0670234;0.0670234
9385;0.209014;-0.931636;5.76936;1.06836;5.76936;0.00134047;6.70234;0.0670234;0.0670234
9386;0.209014;-0.931636;5.76936;1.06836;5.76936;0.00134047;6.70234;0.0670234;0.0670234
9387;0.209014;-0.931636;5.76936;1.06836;5.76936;0.00134047;6.70234;0.0670234;0.0670234
9388;0.209014;-0.931636;5.76936;1.06836;5.76936;0.00134047;6.70234;0.0670234;0.0670234
9389;0.209014;-0.931636;5.76936;1.06836;5.76936;0.00134047;6.70234;0.0670234;0.0670234
9390;0.209014;-0.931636;5.76936;1.06836;5.76936;0.00134047;6.70234;0.0670234;0.0670234
9391;0.209014;-0.931636;5.76936;1.06836;5.76936;0.00134047;6.70234;0.0670234;0.0670234
9392;0.209014;-0.931636;5.76936;1.06836;5.76936;0.00134047;6.70234;0.0670234;0.0670234
9393;0.209014;-0.931636;5.76936;1.06836;5.76936;0.00134047;6.70234;0.0670234;0.0670234
9394;0.209014;-0.931636;5.76936;1.06836;5.76936;0.00134047;6.70234;0.0670234;0.0670234
9395;0.209014;-0.931636;5.76936;1.06836;5.76936;0.00134047;6.70234;0.0670234;0.0670234
9396;0.209014;-0.931636;5.76936;1.06836;5.76936;0.00134047;6.70234;0.0670234;0.0670234
9397;0.209014;-0.931636;5.76936;1.06836;5.76936;0.00134047;6.70234;0.0670234;0.0670234
9398;0.209014;-0.931636;5.76936;1.06836;5.76936;0.00134047;6.70234;0.0670234;0.0670234
9399;0.209014;-0.931636;5.76936;1.06836;5.76936;0.00134047;6.70234;0.0670234;0.0670234
9400;0.209014;-0.931636;5.76936;1.06836;5.76936;0.00134047;6.70234;0.0670234;0.0670234
9401;0.209014;-0.931636;5.76936;1.06836;5.76936;0.00134047;6.70234;0.0670234;0.0670234
9402;0.209014;-0.931636;5.76936;1.06836;5.76936;0.00134047;6.70234;0.0670234;0.0670234
9403;0.209014;-0.931636;5.76936;1.06836;5.76936;0.00134047;6.70234;0.0670234;0.0670234
9404;0.209014;-0.931636;5.76936;1.06836;5.76936;0.00134047;6.70234;0.0670234;0.0670234
9405;0.209014;-0.931636;5.76936;1.06836;5.76936;0.00134047;6.70234;0.0670234;0.0670234
9406;0.209014;-0.931636;5.76936;1.06836;5.76936;0.00134047;6.70234;0.0670234;0.0670234
9407;0.209014;-0.931636;5.76936;1.06836;5.76936;0.00134047;6.70234;0.0670234;0.0670234
9408;0.209014;-0.931636;5.76936;1.06836;5.76936;0.00134047;6.70234;0.0670234;0.0670234
9409;0.209014;-0.931636;5.76936;1.06836;5.76936;0.00134047;6.70234;0.0670234;0.0670234
9410;0.209014;-0.931636;5.76936;1.06836;5.76936;0.00134047;6.70234;0.0670234;0.0670234
9411;0.209014;-0.931636;5.76936;1.06836;5.76936;0.00134047;6.70234;0.0670234;0.0670234
9412;0.209014;-0.931636;5.76936;1.06836;5.76936;0.00134047;6.70234;0.0670234;0.0670234
9413;0.209014;-0.931636;5.76936;1.06836;5.76936;0.00134047;6.70234;0.0670234;0.0670234
9414;0.209014;-0.931636;5.76936;1.06836;5.76936;0.00134047;6.70234;0.0670234;0.0670234
9415;0.209014;-0.931636;5.76936;1.06836;5.76936;0.00134047;6.70234;0.0670234;0.0670234
9416;0.209014;-0.931636;5.76936;1.06836;5.76936;0.00134047;6.70234;0.0670234;0.0670234
9417;0.209014;-0.931636;5.76936;1.06836;5.76936;0.00134047;6.70234;0.0670234;0.0670234
9418;0.209014;-0.931636;5.76936;1.06836;5.76936;0.00134047;6.70234;0.0670234;0.0670234
9419;0.209014;-0.931636;5.76936;1.06836;5.76936;0.00134047;6.70234;0.0670234;0.0670234
9420;0.209014;-0.931636;5.76936;1.06836;5.76936;0.00134047;6.70234;0.0670234;0.0670234
9421;0.209014;-0.931636;5.76936;1.06836;5.76936;0.00134047;6.70234;0.0670234;0.0670234
9422;0.209014;-0.931636;5.76936;1.06836;5.76936;0.00134047;6.70234;0.0670234;0.0670234
9423;0.209014;-0.931636;5.76936;1.06836;5.76936;0.00134047;6.70234;0.0670234;0.0670234
9424;0.209014;-0.931636;5.76936;1.06836;5.76936;0.00134047;6.70234;0.0670234;0.0670234
9425;0.209014;-0.931636;5.76936;1.06836;5.76936;0.00134047;6.70234;0.0670234;0.0670234
9426;0.209014;-0.931636;5.76936;1.06836;5.76936;0.00134047;6.70234;0.0670234;0.0670234
9427;0.209014;-0.931636;5.76936;1.06836;5.76936;0.00134047;6.70234;0.0670234;0.0670234
9428;0.209014;-0.931636;5.76936;1.06836;5.76936;0.00134047;6.70234;0.0670234;0.0670234
9429;0.209014;-0.931636;5.76936;1.06836;5.76936;0.00134047;6.70234;0.0670234;0.0670234
9430;0.209014;-0.931636;5.76936;1.06836;5.76936;0.00134047;6.70234;0.0670234;0.0670234
9431;0.209014;-0.931636;5.76936;1.06836;5.76936;0.00134047;6.70234;0.0670234;0.0670234
9432;0.209014;-0.931636;5.76936;1.06836;5.76936;0.00134047;6.70234;0.0670234;0.0670234
9433;0.209014;-0.931636;5.76936;1.06836;5.76936;0.00134047;6.70234;0.0670234;0.0670234
9434;0.209014;-0.931636;5.76936;1.06836;5.76936;0.00134047;6.70234;0.0670234;0.0670234
9435;0.209014;-0.931636;5.76936;1.06836;5.76936;0.00134047;6.70234;0.0670234;0.0670234
9436;0.209014;-0.931636;5.76936;1.06836;5.76936;0.00134047;6.70234;0.0670234;0.0670234
9437;0.209014;-0.931636;5.76936;1.06836;5.76936;0.00134047;6.70234;0.0670234;0.0670234
9438;0.209014;-0.931636;5.76936;1.06836;5.76936;0.00134047;6.70234;0.0670234;0.0670234
9439;0.209014;-0.931636;5.76936;1.06836;5.76936;0.00134047;6.70234;0.0670234;0.0670234
9440;0.209014;-0.931636;5.76936;1.06836;5.76936;0.00134047;6.70234;0.0670234;0.0670234
9441;0.209014;-0.931636;5.76936;1.06836;5.76936;0.00134047;6.70234;0.0670234;0.0670234
9442;0.209014;-0.931636;5.76936;1.06836;5.76936;0.00134047;6.70234;0.0670234;0.0670234
9443;0.209014;-0.931636;5.76936;1.06836;5.76936;0.00134047;6.70234;0.0670234;0.0670234
9444;0.209014;-0.931636;5.76936;1.06836;5.76936;0.00134047;6.70234;0.0670234;0.0670234
9445;0.209014;-0.931636;5.76936;1.06836;5.76936;0.00134047;6.70234;0.0670234;0.0670234
9446;0.209014;-0.931636;5.76936;1.06836;5.76936;0.00134047;6.70234;0.0670234;0.0670234
9447;0.209014;-0.931636;5.76936;1.06836;5.76936;0.00134047;6.70234;0.0670234;0.0670234
9448;0.209014;-0.931636;5.76936;1.06836;5.76936;0.00134047;6.70234;0.0670234;0.0670234
9449;0.209014;-0.931636;5.76936;1.06836;5.76936;0.00134047;6.70234;0.0670234;0.0670234
9450;0.209014;-0.931636;5.76936;1.06836;5.76936;0.00134047;6.70234;0.0670234;0.0670234
9451;0.209014;-0.931636;5.76936;1.06836;5.76936;0.00134047;6.70234;0.0670234;0.0670234
9452;0.209014;-0.931636;5.76936;1.06836;5.76936;0.00134047;6.70234;0.0670234;0.0670234
9453;0.209014;-0.931636;5.76936;1.06836;5.76936;0.00134047;6.70234;0.0670234;0.0670234
9454;0.209014;-0.931636;5.76936;1.06836;5.76936;0.00134047;6.70234;0.0670234;0.0670234
9455;0.209014;-0.931636;5.76936;1.06836;5.76936;0.00134047;6.70234;0.0670234;0.0670234
9456;0.209014;-0.931636;5.76936;1.06836;5.76936;0.00134047;6.70234;0.0670234;0.0670234
9457;0.209014;-0.931636;5.76936;1.06836;5.76936;0.00134047;6.70234;0.0670234;0.0670234
9458;0.209014;-0.931636;5.76936;1.06836;5.76936;0.00134047;6.70234;0.0670234;0.0670234
9459;0.209014;-0.931636;5.76936;1.06836;5.76936;0.00134047;6.70234;0.0670234;0.0670234
9460;0.209014;-0.931636;5.76936;1.06836;5.76936;0.00134047;6.70234;0.0670234;0.0670234
9461;0.209014;-0.931636;5.76936;1.06836;5.76936;0.00134047;6.70234;0.0670234;0.0670234
9462;0.209014;-0.931636;5.76936;1.06836;5.76936;0.00134047;6.70234;0.0670234;0.0670234
9463;0.209014;-0.931636;5.76936;1.06836;5.76936;0.00134047;6.70234;0.0670234;0.0670234
9464;0.209014;-0.931636;5.76936;1.06836;5.76936;0.00134047;6.70234;0.0670234;0.0670234
9465;0.209014;-0.931636;5.76936;1.06836;5.76936;0.00134047;6.70234;0.0670234;0.0670234
9466;0.209014;-0.931636;5.76936;1.06836;5.76936;0.00134047;6.70234;0.0670234;0.0670234
9467;0.209014;-0.931636;5.76936;1.06836;5.76936;0.00134047;6.70234;0.0670234;0.0670234
9468;0.209014;-0.931636;5.76936;1.06836;5.76936;0.00134047;6.70234;0.0670234;0.0670234
9469;0.209014;-0.931636;5.76936;1.06836;5.76936;0.00134047;6.70234;0.0670234;0.0670234
9470;0.209014;-0.931636;5.76936;1.06836;5.76936;0.00134047;6.70234;0.0670234;0.0670234
9471;0.209014;-0.931636;5.76936;1.06836;5.76936;0.00134047;6.70234;0.0670234;0.0670234
9472;0.209014;-0.931636;5.76936;1.06836;5.76936;0.00134047;6.70234;0.0670234;0.0670234
9473;0.209014;-0.931636;5.76936;1.06836;5.76936;0.00134047;6.70234;0.0670234;0.0670234
9474;0.209014;-0.931636;5.76936;1.06836;5.76936;0.00134047;6.70234;0.0670234;0.0670234
9475;0.209014;-0.931636;5.76936;1.06836;5.76936;0.00134047;6.70234;0.0670234;0.0670234
9476;0.209014;-0.931636;5.76936;1.06836;5.76936;0.00134047;6.70234;0.0670234;0.0670234
9477;0.209014;-0.931636;5.76936;1.06836;5.76936;0.00134047;6.70234;0.0670234;0.0670234
9478;0.209014;-0.931636;5.76936;1.06836;5.76936;0.00134047;6.70234;0.0670234;0.0670234
9479;0.209014;-0.931636;5.76936;1.06836;5.76936;0.00134047;6.70234;0.0670234;0.0670234
9480;0.209014;-0.931636;5.76936;1.06836;5.76936;0.00134047;6.70234;0.0670234;0.0670234
9481;0.209014;-0.931636;5.76936;1.06836;5.76936;0.00134047;6.70234;0.0670234;0.0670234
9482;0.209014;-0.931636;5.76936;1.06836;5.76936;0.00134047;6.70234;0.0670234;0.0670234
9483;0.209014;-0.931636;5.76936;1.06836;5.76936;0.00134047;6.70234;0.0670234;0.0670234
9484;0.209014;-0.931636;5.76936;1.06836;5.76936;0.00134047;6.70234;0.0670234;0.0670234
9485;0.209014;-0.931636;5.76936;1.06836;5.76936;0.00134047;6.70234;0.0670234;0.0670234
9486;0.209014;-0.931636;5.76936;1.06836;5.76936;0.00134047;6.70234;0.0670234;0.0670234
9487;0.209014;-0.931636;5.76936;1.06836;5.76936;0.00134047;6.70234;0.0670234;0.0670234
9488;0.209014;-0.931636;5.76936;1.06836;5.76936;0.00134047;6.70234;0.0670234;0.0670234
9489;0.209014;-0.931636;5.76936;1.06836;5.76936;0.00134047;6.70234;0.0670234;0.0670234
9490;0.209014;-0.931636;5.76936;1.06836;5.76936;0.00134047;6.70234;0.0670234;0.0670234
9491;0.209014;-0.931636;5.76936;1.06836;5.76936;0.00134047;6.70234;0.0670234;0.0670234
9492;0.209014;-0.931636;5.76936;1.06836;5.76936;0.00134047;6.70234;0.0670234;0.0670234
9493;0.209014;-0.931636;5.76936;1.06836;5.76936;0.00134047;6.70234;0.0670234;0.0670234
9494;0.209014;-0.931636;5.76936;1.06836;5.76936;0.00134047;6.70234;0.0670234;0.0670234
9495;0.209014;-0.931636;5.76936;1.06836;5.76936;0.00134047;6.70234;0.0670234;0.0670234
9496;0.209014;-0.931636;5.76936;1.06836;5.76936;0.00134047;6.70234;0.0670234;0.0670234
9497;0.209014;-0.931636;5.76936;1.06836;5.76936;0.00134047;6.70234;0.0670234;0.0670234
9498;0.209014;-0.931636;5.76936;1.06836;5.76936;0.00134047;6.70234;0.0670234;0.0670234
9499;0.209014;-0.931636;5.76936;1.06836;5.76936;0.00134047;6.70234;0.0670234;0.0670234
9500;0.209014;-0.931636;5.76936;1.06836;5.76936;0.00134047;6.70234;0.0670234;0.0670234
9501;0.209014;-0.931636;5.76936;1.06836;5.76936;0.00134047;6.70234;0.0670234;0.0670234
9502;0.209014;-0.931636;5.76936;1.06836;5.76936;0.00134047;6.70234;0.0670234;0.0670234
9503;0.209014;-0.931636;5.76936;1.06836;5.76936;0.00134047;6.70234;0.0670234;0.0670234
9504;0.209014;-0.931636;5.76936;1.06836;5.76936;0.00134047;6.70234;0.0670234;0.0670234
9505;0.209014;-0.931636;5.76936;1.06836;5.76936;0.00134047;6.70234;0.0670234;0.0670234
9506;0.209014;-0.931636;5.76936;1.06836;5.76936;0.00134047;6.70234;0.0670234;0.0670234
9507;0.209014;-0.931636;5.76936;1.06836;5.76936;0.00134047;6.70234;0.0670234;0.0670234
9508;0.209014;-0.931636;5.76936;1.06836;5.76936;0.00134047;6.70234;0.0670234;0.0670234
9509;0.209014;-0.931636;5.76936;1.06836;5.76936;0.00134047;6.70234;0.0670234;0.0670234
9510;0.209014;-0.931636;5.76936;1.06836;5.76936;0.00134047;6.70234;0.0670234;0.0670234
9511;0.209014;-0.931636;5.76936;1.06836;5.76936;0.00134047;6.70234;0.0670234;0.0670234
9512;0.209014;-0.931636;5.76936;1.06836;5.76936;0.00134047;6.70234;0.0670234;0.0670234
9513;0.209014;-0.931636;5.76936;1.06836;5.76936;0.00134047;6.70234;0.0670234;0.0670234
9514;0.209014;-0.931636;5.76936;1.06836;5.76936;0.00134047;6.70234;0.0670234;0.0670234
9515;0.209014;-0.931636;5.76936;1.06836;5.76936;0.00134047;6.70234;0.0670234;0.0670234
9516;0.209014;-0.931636;5.76936;1.06836;5.76936;0.00134047;6.70234;0.0670234;0.0670234
9517;0.209014;-0.931636;5.76936;1.06836;5.76936;0.00134047;6.70234;0.0670234;0.0670234
9518;0.209014;-0.931636;5.76936;1.06836;5.76936;0.00134047;6.70234;0.0670234;0.0670234
9519;0.209014;-0.931636;5.76936;1.06836;5.76936;0.00134047;6.70234;0.0670234;0.0670234
9520;0.209014;-0.931636;5.76936;1.06836;5.76936;0.00134047;6.70234;0.0670234;0.0670234
9521;0.209014;-0.931636;5.76936;1.06836;5.76936;0.00134047;6.70234;0.0670234;0.0670234
9522;0.209014;-0.931636;5.76936;1.06836;5.76936;0.00134047;6.70234;0.0670234;0.0670234
9523;0.209014;-0.931636;5.76936;1.06836;5.76936;0.00134047;6.70234;0.0670234;0.0670234
9524;0.209014;-0.931636;5.76936;1.06836;5.76936;0.00134047;6.70234;0.0670234;0.0670234
9525;0.209014;-0.931636;5.76936;1.06836;5.76936;0.00134047;6.70234;0.0670234;0.0670234
9526;0.209014;-0.931636;5.76936;1.06836;5.76936;0.00134047;6.70234;0.0670234;0.0670234
9527;0.209014;-0.931636;5.76936;1.06836;5.76936;0.00134047;6.70234;0.0670234;0.0670234
9528;0.209014;-0.931636;5.76936;1.06836;5.76936;0.00134047;6.70234;0.0670234;0.0670234
9529;0.209014;-0.931636;5.76936;1.06836;5.76936;0.00134047;6.70234;0.0670234;0.0670234
9530;0.209014;-0.931636;5.76936;1.06836;5.76936;0.00134047;6.70234;0.0670234;0.0670234
9531;0.209014;-0.931636;5.76936;1.06836;5.76936;0.00134047;6.70234;0.0670234;0.0670234
9532;0.209014;-0.931636;5.76936;1.06836;5.76936;0.00134047;6.70234;0.0670234;0.0670234
9533;0.209014;-0.931636;5.76936;1.06836;5.76936;0.00134047;6.70234;0.0670234;0.0670234
9534;0.209014;-0.931636;5.76936;1.06836;5.76936;0.00134047;6.70234;0.0670234;0.0670234
9535;0.209014;-0.931636;5.76936;1.06836;5.76936;0.00134047;6.70234;0.0670234;0.0670234
9536;0.209014;-0.931636;5.76936;1.06836;5.76936;0.00134047;6.70234;0.0670234;0.0670234
9537;0.209014;-0.931636;5.76936;1.06836;5.76936;0.00134047;6.70234;0.0670234;0.0670234
9538;0.209014;-0.931636;5.76936;1.06836;5.76936;0.00134047;6.70234;0.0670234;0.0670234
9539;0.209014;-0.931636;5.76936;1.06836;5.76936;0.00134047;6.70234;0.0670234;0.0670234
9540;0.209014;-0.931636;5.76936;1.06836;5.76936;0.00134047;6.70234;0.0670234;0.0670234
9541;0.209014;-0.931636;5.76936;1.06836;5.76936;0.00134047;6.70234;0.0670234;0.0670234
9542;0.209014;-0.931636;5.76936;1.06836;5.76936;0.00134047;6.70234;0.0670234;0.0670234
9543;0.209014;-0.931636;5.76936;1.06836;5.76936;0.00134047;6.70234;0.0670234;0.0670234
9544;0.209014;-0.931636;5.76936;1.06836;5.76936;0.00134047;6.70234;0.0670234;0.0670234
9545;0.209014;-0.931636;5.76936;1.06836;5.76936;0.00134047;6.70234;0.0670234;0.0670234
9546;0.209014;-0.931636;5.76936;1.06836;5.76936;0.00134047;6.70234;0.0670234;0.0670234
9547;0.209014;-0.931636;5.76936;1.06836;5.76936;0.00134047;6.70234;0.0670234;0.0670234
9548;0.209014;-0.931636;5.76936;1.06836;5.76936;0.00134047;6.70234;0.0670234;0.0670234
9549;0.209014;-0.931636;5.76936;1.06836;5.76936;0.00134047;6.70234;0.0670234;0.0670234
9550;0.209014;-0.931636;5.76936;1.06836;5.76936;0.00134047;6.70234;0.0670234;0.0670234
9551;0.209014;-0.931636;5.76936;1.06836;5.76936;0.00134047;6.70234;0.0670234;0.0670234
9552;0.209014;-0.931636;5.76936;1.06836;5.76936;0.00134047;6.70234;0.0670234;0.0670234
9553;0.209014;-0.931636;5.76936;1.06836;5.76936;0.00134047;6.70234;0.0670234;0.0670234
9554;0.209014;-0.931636;5.76936;1.06836;5.76936;0.00134047;6.70234;0.0670234;0.0670234
9555;0.209014;-0.931636;5.76936;1.06836;5.76936;0.00134047;6.70234;0.0670234;0.0670234
9556;0.209014;-0.931636;5.76936;1.06836;5.76936;0.00134047;6.70234;0.0670234;0.0670234
9557;0.209014;-0.931636;5.76936;1.06836;5.76936;0.00134047;6.70234;0.0670234;0.0670234
9558;0.209014;-0.931636;5.76936;1.06836;5.76936;0.00134047;6.70234;0.0670234;0.0670234
9559;0.209014;-0.931636;5.76936;1.06836;5.76936;0.00134047;6.70234;0.0670234;0.0670234
9560;0.209014;-0.931636;5.76936;1.06836;5.76936;0.00134047;6.70234;0.0670234;0.0670234
9561;0.209014;-0.931636;5.76936;1.06836;5.76936;0.00134047;6.70234;0.0670234;0.0670234
9562;0.209014;-0.931636;5.76936;1.06836;5.76936;0.00134047;6.70234;0.0670234;0.0670234
9563;0.209014;-0.931636;5.76936;1.06836;5.76936;0.00134047;6.70234;0.0670234;0.0670234
9564;0.209014;-0.931636;5.76936;1.06836;5.76936;0.00134047;6.70234;0.0670234;0.0670234
9565;0.209014;-0.931636;5.76936;1.06836;5.76936;0.00134047;6.70234;0.0670234;0.0670234
9566;0.209014;-0.931636;5.76936;1.06836;5.76936;0.00134047;6.70234;0.0670234;0.0670234
9567;0.209014;-0.931636;5.76936;1.06836;5.76936;0.00134047;6.70234;0.0670234;0.0670234
9568;0.209014;-0.931636;5.76936;1.06836;5.76936;0.00134047;6.70234;0.0670234;0.0670234
9569;0.209014;-0.931636;5.76936;1.06836;5.76936;0.00134047;6.70234;0.0670234;0.0670234
9570;0.209014;-0.931636;5.76936;1.06836;5.76936;0.00134047;6.70234;0.0670234;0.0670234
9571;0.209014;-0.931636;5.76936;1.06836;5.76936;0.00134047;6.70234;0.0670234;0.0670234
9572;0.209014;-0.931636;5.76936;1.06836;5.76936;0.00134047;6.70234;0.0670234;0.0670234
9573;0.209014;-0.931636;5.76936;1.06836;5.76936;0.00134047;6.70234;0.0670234;0.0670234
9574;0.209014;-0.931636;5.76936;1.06836;5.76936;0.00134047;6.70234;0.0670234;0.0670234
9575;0.209014;-0.931636;5.76936;1.06836;5.76936;0.00134047;6.70234;0.0670234;0.0670234
9576;0.209014;-0.931636;5.76936;1.06836;5.76936;0.00134047;6.70234;0.0670234;0.0670234
9577;0.209014;-0.931636;5.76936;1.06836;5.76936;0.00134047;6.70234;0.0670234;0.0670234
9578;0.209014;-0.931636;5.76936;1.06836;5.76936;0.00134047;6.70234;0.0670234;0.0670234
9579;0.209014;-0.931636;5.76936;1.06836;5.76936;0.00134047;6.70234;0.0670234;0.0670234
9580;0.209014;-0.931636;5.76936;1.06836;5.76936;0.00134047;6.70234;0.0670234;0.0670234
9581;0.209014;-0.931636;5.76936;1.06836;5.76936;0.00134047;6.70234;0.0670234;0.0670234
9582;0.209014;-0.931636;5.76936;1.06836;5.76936;0.00134047;6.70234;0.0670234;0.0670234
9583;0.209014;-0.931636;5.76936;1.06836;5.76936;0.00134047;6.70234;0.0670234;0.0670234
9584;0.209014;-0.931636;5.76936;1.06836;5.76936;0.00134047;6.70234;0.0670234;0.0670234
9585;0.209014;-0.931636;5.76936;1.06836;5.76936;0.00134047;6.70234;0.0670234;0.0670234
9586;0.209014;-0.931636;5.76936;1.06836;5.76936;0.00134047;6.70234;0.0670234;0.0670234
9587;0.209014;-0.931636;5.76936;1.06836;5.76936;0.00134047;6.70234;0.0670234;0.0670234
9588;0.209014;-0.931636;5.76936;1.06836;5.76936;0.00134047;6.70234;0.0670234;0.0670234
9589;0.209014;-0.931636;5.76936;1.06836;5.76936;0.00134047;6.70234;0.0670234;0.0670234
9590;0.209014;-0.931636;5.76936;1.06836;5.76936;0.00134047;6.70234;0.0670234;0.0670234
9591;0.209014;-0.931636;5.76936;1.06836;5.76936;0.00134047;6.70234;0.0670234;0.0670234
9592;0.209014;-0.931636;5.76936;1.06836;5.76936;0.00134047;6.70234;0.0670234;0.0670234
9593;0.209014;-0.931636;5.76936;1.06836;5.76936;0.00134047;6.70234;0.0670234;0.0670234
9594;0.209014;-0.931636;5.76936;1.06836;5.76936;0.00134047;6.70234;0.0670234;0.0670234
9595;0.209014;-0.931636;5.76936;1.06836;5.76936;0.00134047;6.70234;0.0670234;0.0670234
9596;0.209014;-0.931636;5.76936;1.06836;5.76936;0.00134047;6.70234;0.0670234;0.0670234
9597;0.209014;-0.931636;5.76936;1.06836;5.76936;0.00134047;6.70234;0.0670234;0.0670234
9598;0.209014;-0.931636;5.76936;1.06836;5.76936;0.00134047;6.70234;0.0670234;0.0670234
9599;0.209014;-0.931636;5.76936;1.06836;5.76936;0.00134047;6.70234;0.0670234;0.0670234
9600;0.209014;-0.931636;5.76936;1.06836;5.76936;0.00134047;6.70234;0.0670234;0.0670234
9601;0.209014;-0.931636;5.76936;1.06836;5.76936;0.00134047;6.70234;0.0670234;0.0670234
9602;0.209014;-0.931636;5.76936;1.06836;5.76936;0.00134047;6.70234;0.0670234;0.0670234
9603;0.209014;-0.931636;5.76936;1.06836;5.76936;0.00134047;6.70234;0.0670234;0.0670234
9604;0.209014;-0.931636;5.76936;1.06836;5.76936;0.00134047;6.70234;0.0670234;0.0670234
9605;0.209014;-0.931636;5.76936;1.06836;5.76936;0.00134047;6.70234;0.0670234;0.0670234
9606;0.209014;-0.931636;5.76936;1.06836;5.76936;0.00134047;6.70234;0.0670234;0.0670234
9607;0.209014;-0.931636;5.76936;1.06836;5.76936;0.00134047;6.70234;0.0670234;0.0670234
9608;0.209014;-0.931636;5.76936;1.06836;5.76936;0.00134047;6.70234;0.0670234;0.0670234
9609;0.209014;-0.931636;5.76936;1.06836;5.76936;0.00134047;6.70234;0.0670234;0.0670234
9610;0.209014;-0.931636;5.76936;1.06836;5.76936;0.00134047;6.70234;0.0670234;0.0670234
9611;0.209014;-0.931636;5.76936;1.06836;5.76936;0.00134047;6.70234;0.0670234;0.0670234
9612;0.209014;-0.931636;5.76936;1.06836;5.76936;0.00134047;6.70234;0.0670234;0.0670234
9613;0.209014;-0.931636;5.76936;1.06836;5.76936;0.00134047;6.70234;0.0670234;0.0670234
9614;0.209014;-0.931636;5.76936;1.06836;5.76936;0.00134047;6.70234;0.0670234;0.0670234
9615;0.209014;-0.931636;5.76936;1.06836;5.76936;0.00134047;6.70234;0.0670234;0.0670234
9616;0.209014;-0.931636;5.76936;1.06836;5.76936;0.00134047;6.70234;0.0670234;0.0670234
9617;0.209014;-0.931636;5.76936;1.06836;5.76936;0.00134047;6.70234;0.0670234;0.0670234
9618;0.209014;-0.931636;5.76936;1.06836;5.76936;0.00134047;6.70234;0.0670234;0.0670234
9619;0.209014;-0.931636;5.76936;1.06836;5.76936;0.00134047;6.70234;0.0670234;0.0670234
9620;0.209014;-0.931636;5.76936;1.06836;5.76936;0.00134047;6.70234;0.0670234;0.0670234
9621;0.209014;-0.931636;5.76936;1.06836;5.76936;0.00134047;6.70234;0.0670234;0.0670234
9622;0.209014;-0.931636;5.76936;1.06836;5.76936;0.00134047;6.70234;0.0670234;0.0670234
9623;0.209014;-0.931636;5.76936;1.06836;5.76936;0.00134047;6.70234;0.0670234;0.0670234
9624;0.209014;-0.931636;5.76936;1.06836;5.76936;0.00134047;6.70234;0.0670234;0.0670234
9625;0.209014;-0.931636;5.76936;1.06836;5.76936;0.00134047;6.70234;0.0670234;0.0670234
9626;0.209014;-0.931636;5.76936;1.06836;5.76936;0.00134047;6.70234;0.0670234;0.0670234
9627;0.209014;-0.931636;5.76936;1.06836;5.76936;0.00134047;6.70234;0.0670234;0.0670234
9628;0.209014;-0.931636;5.76936;1.06836;5.76936;0.00134047;6.70234;0.0670234;0.0670234
9629;0.209014;-0.931636;5.76936;1.06836;5.76936;0.00134047;6.70234;0.0670234;0.0670234
9630;0.209014;-0.931636;5.76936;1.06836;5.76936;0.00134047;6.70234;0.0670234;0.0670234
9631;0.209014;-0.931636;5.76936;1.06836;5.76936;0.00134047;6.70234;0.0670234;0.0670234
9632;0.209014;-0.931636;5.76936;1.06836;5.76936;0.00134047;6.70234;0.0670234;0.0670234
9633;0.209014;-0.931636;5.76936;1.06836;5.76936;0.00134047;6.70234;0.0670234;0.0670234
9634;0.209014;-0.931636;5.76936;1.06836;5.76936;0.00134047;6.70234;0.0670234;0.0670234
9635;0.209014;-0.931636;5.76936;1.06836;5.76936;0.00134047;6.70234;0.0670234;0.0670234
9636;0.209014;-0.931636;5.76936;1.06836;5.76936;0.00134047;6.70234;0.0670234;0.0670234
9637;0.209014;-0.931636;5.76936;1.06836;5.76936;0.00134047;6.70234;0.0670234;0.0670234
9638;0.209014;-0.931636;5.76936;1.06836;5.76936;0.00134047;6.70234;0.0670234;0.0670234
9639;0.209014;-0.931636;5.76936;1.06836;5.76936;0.00134047;6.70234;0.0670234;0.0670234
9640;0.209014;-0.931636;5.76936;1.06836;5.76936;0.00134047;6.70234;0.0670234;0.0670234
9641;0.209014;-0.931636;5.76936;1.06836;5.76936;0.00134047;6.70234;0.0670234;0.0670234
9642;0.209014;-0.931636;5.76936;1.06836;5.76936;0.00134047;6.70234;0.0670234;0.0670234
9643;0.209014;-0.931636;5.76936;1.06836;5.76936;0.00134047;6.70234;0.0670234;0.0670234
9644;0.209014;-0.931636;5.76936;1.06836;5.76936;0.00134047;6.70234;0.0670234;0.0670234
9645;0.209014;-0.931636;5.76936;1.06836;5.76936;0.00134047;6.70234;0.0670234;0.0670234
9646;0.209014;-0.931636;5.76936;1.06836;5.76936;0.00134047;6.70234;0.0670234;0.0670234
9647;0.209014;-0.931636;5.76936;1.06836;5.76936;0.00134047;6.70234;0.0670234;0.0670234
9648;0.209014;-0.931636;5.76936;1.06836;5.76936;0.00134047;6.70234;0.0670234;0.0670234
9649;0.209014;-0.931636;5.76936;1.06836;5.76936;0.00134047;6.70234;0.0670234;0.0670234
9650;0.209014;-0.931636;5.76936;1.06836;5.76936;0.00134047;6.70234;0.0670234;0.0670234
9651;0.209014;-0.931636;5.76936;1.06836;5.76936;0.00134047;6.70234;0.0670234;0.0670234
9652;0.209014;-0.931636;5.76936;1.06836;5.76936;0.00134047;6.70234;0.0670234;0.0670234
9653;0.209014;-0.931636;5.76936;1.06836;5.76936;0.00134047;6.70234;0.0670234;0.0670234
9654;0.209014;-0.931636;5.76936;1.06836;5.76936;0.00134047;6.70234;0.0670234;0.0670234
9655;0.209014;-0.931636;5.76936;1.06836;5.76936;0.00134047;6.70234;0.0670234;0.0670234
9656;0.209014;-0.931636;5.76936;1.06836;5.76936;0.00134047;6.70234;0.0670234;0.0670234
9657;0.209014;-0.931636;5.76936;1.06836;5.76936;0.00134047;6.70234;0.0670234;0.0670234
9658;0.209014;-0.931636;5.76936;1.06836;5.76936;0.00134047;6.70234;0.0670234;0.0670234
9659;0.209014;-0.931636;5.76936;1.06836;5.76936;0.00134047;6.70234;0.0670234;0.0670234
9660;0.209014;-0.931636;5.76936;1.06836;5.76936;0.00134047;6.70234;0.0670234;0.0670234
9661;0.209014;-0.931636;5.76936;1.06836;5.76936;0.00134047;6.70234;0.0670234;0.0670234
9662;0.209014;-0.931636;5.76936;1.06836;5.76936;0.00134047;6.70234;0.0670234;0.0670234
9663;0.209014;-0.931636;5.76936;1.06836;5.76936;0.00134047;6.70234;0.0670234;0.0670234
9664;0.209014;-0.931636;5.76936;1.06836;5.76936;0.00134047;6.70234;0.0670234;0.0670234
9665;0.209014;-0.931636;5.76936;1.06836;5.76936;0.00134047;6.70234;0.0670234;0.0670234
9666;0.209014;-0.931636;5.76936;1.06836;5.76936;0.00134047;6.70234;0.0670234;0.0670234
9667;0.209014;-0.931636;5.76936;1.06836;5.76936;0.00134047;6.70234;0.0670234;0.0670234
9668;0.209014;-0.931636;5.76936;1.06836;5.76936;0.00134047;6.70234;0.0670234;0.0670234
9669;0.209014;-0.931636;5.76936;1.06836;5.76936;0.00134047;6.70234;0.0670234;0.0670234
9670;0.209014;-0.931636;5.76936;1.06836;5.76936;0.00134047;6.70234;0.0670234;0.0670234
9671;0.209014;-0.931636;5.76936;1.06836;5.76936;0.00134047;6.70234;0.0670234;0.0670234
9672;0.209014;-0.931636;5.76936;1.06836;5.76936;0.00134047;6.70234;0.0670234;0.0670234
9673;0.209014;-0.931636;5.76936;1.06836;5.76936;0.00134047;6.70234;0.0670234;0.0670234
9674;0.209014;-0.931636;5.76936;1.06836;5.76936;0.00134047;6.70234;0.0670234;0.0670234
9675;0.209014;-0.931636;5.76936;1.06836;5.76936;0.00134047;6.70234;0.0670234;0.0670234
9676;0.209014;-0.931636;5.76936;1.06836;5.76936;0.00134047;6.70234;0.0670234;0.0670234
9677;0.209014;-0.931636;5.76936;1.06836;5.76936;0.00134047;6.70234;0.0670234;0.0670234
9678;0.209014;-0.931636;5.76936;1.06836;5.76936;0.00134047;6.70234;0.0670234;0.0670234
9679;0.209014;-0.931636;5.76936;1.06836;5.76936;0.00134047;6.70234;0.0670234;0.0670234
9680;0.209014;-0.931636;5.76936;1.06836;5.76936;0.00134047;6.70234;0.0670234;0.0670234
9681;0.209014;-0.931636;5.76936;1.06836;5.76936;0.00134047;6.70234;0.0670234;0.0670234
9682;0.209014;-0.931636;5.76936;1.06836;5.76936;0.00134047;6.70234;0.0670234;0.0670234
9683;0.209014;-0.931636;5.76936;1.06836;5.76936;0.00134047;6.70234;0.0670234;0.0670234
9684;0.209014;-0.931636;5.76936;1.06836;5.76936;0.00134047;6.70234;0.0670234;0.0670234
9685;0.209014;-0.931636;5.76936;1.06836;5.76936;0.00134047;6.70234;0.0670234;0.0670234
9686;0.209014;-0.931636;5.76936;1.06836;5.76936;0.00134047;6.70234;0.0670234;0.0670234
9687;0.209014;-0.931636;5.76936;1.06836;5.76936;0.00134047;6.70234;0.0670234;0.0670234
9688;0.209014;-0.931636;5.76936;1.06836;5.76936;0.00134047;6.70234;0.0670234;0.0670234
9689;0.209014;-0.931636;5.76936;1.06836;5.76936;0.00134047;6.70234;0.0670234;0.0670234
9690;0.209014;-0.931636;5.76936;1.06836;5.76936;0.00134047;6.70234;0.0670234;0.0670234
9691;0.209014;-0.931636;5.76936;1.06836;5.76936;0.00134047;6.70234;0.0670234;0.0670234
9692;0.209014;-0.931636;5.76936;1.06836;5.76936;0.00134047;6.70234;0.0670234;0.0670234
9693;0.209014;-0.931636;5.76936;1.06836;5.76936;0.00134047;6.70234;0.0670234;0.0670234
9694;0.209014;-0.931636;5.76936;1.06836;5.76936;0.00134047;6.70234;0.0670234;0.0670234
9695;0.209014;-0.931636;5.76936;1.06836;5.76936;0.00134047;6.70234;0.0670234;0.0670234
9696;0.209014;-0.931636;5.76936;1.06836;5.76936;0.00134047;6.70234;0.0670234;0.0670234
9697;0.209014;-0.931636;5.76936;1.06836;5.76936;0.00134047;6.70234;0.0670234;0.0670234
9698;0.209014;-0.931636;5.76936;1.06836;5.76936;0.00134047;6.70234;0.0670234;0.0670234
9699;0.209014;-0.931636;5.76936;1.06836;5.76936;0.00134047;6.70234;0.0670234;0.0670234
9700;0.209014;-0.931636;5.76936;1.06836;5.76936;0.00134047;6.70234;0.0670234;0.0670234
9701;0.209014;-0.931636;5.76936;1.06836;5.76936;0.00134047;6.70234;0.0670234;0.0670234
9702;0.209014;-0.931636;5.76936;1.06836;5.76936;0.00134047;6.70234;0.0670234;0.0670234
9703;0.209014;-0.931636;5.76936;1.06836;5.76936;0.00134047;6.70234;0.0670234;0.0670234
9704;0.209014;-0.931636;5.76936;1.06836;5.76936;0.00134047;6.70234;0.0670234;0.0670234
9705;0.209014;-0.931636;5.76936;1.06836;5.76936;0.00134047;6.70234;0.0670234;0.0670234
9706;0.209014;-0.931636;5.76936;1.06836;5.76936;0.00134047;6.70234;0.0670234;0.0670234
9707;0.209014;-0.931636;5.76936;1.06836;5.76936;0.00134047;6.70234;0.0670234;0.0670234
9708;0.209014;-0.931636;5.76936;1.06836;5.76936;0.00134047;6.70234;0.0670234;0.0670234
9709;0.209014;-0.931636;5.76936;1.06836;5.76936;0.00134047;6.70234;0.0670234;0.0670234
9710;0.209014;-0.931636;5.76936;1.06836;5.76936;0.00134047;6.70234;0.0670234;0.0670234
9711;0.209014;-0.931636;5.76936;1.06836;5.76936;0.00134047;6.70234;0.0670234;0.0670234
9712;0.209014;-0.931636;5.76936;1.06836;5.76936;0.00134047;6.70234;0.0670234;0.0670234
9713;0.209014;-0.931636;5.76936;1.06836;5.76936;0.00134047;6.70234;0.0670234;0.0670234
9714;0.209014;-0.931636;5.76936;1.06836;5.76936;0.00134047;6.70234;0.0670234;0.0670234
9715;0.209014;-0.931636;5.76936;1.06836;5.76936;0.00134047;6.70234;0.0670234;0.0670234
9716;0.209014;-0.931636;5.76936;1.06836;5.76936;0.00134047;6.70234;0.0670234;0.0670234
9717;0.209014;-0.931636;5.76936;1.06836;5.76936;0.00134047;6.70234;0.0670234;0.0670234
9718;0.209014;-0.931636;5.76936;1.06836;5.76936;0.00134047;6.70234;0.0670234;0.0670234
9719;0.209014;-0.931636;5.76936;1.06836;5.76936;0.00134047;6.70234;0.0670234;0.0670234
9720;0.209014;-0.931636;5.76936;1.06836;5.76936;0.00134047;6.70234;0.0670234;0.0670234
9721;0.209014;-0.931636;5.76936;1.06836;5.76936;0.00134047;6.70234;0.0670234;0.0670234
9722;0.209014;-0.931636;5.76936;1.06836;5.76936;0.00134047;6.70234;0.0670234;0.0670234
9723;0.209014;-0.931636;5.76936;1.06836;5.76936;0.00134047;6.70234;0.0670234;0.0670234
9724;0.209014;-0.931636;5.76936;1.06836;5.76936;0.00134047;6.70234;0.0670234;0.0670234
9725;0.209014;-0.931636;5.76936;1.06836;5.76936;0.00134047;6.70234;0.0670234;0.0670234
9726;0.209014;-0.931636;5.76936;1.06836;5.76936;0.00134047;6.70234;0.0670234;0.0670234
9727;0.209014;-0.931636;5.76936;1.06836;5.76936;0.00134047;6.70234;0.0670234;0.0670234
9728;0.209014;-0.931636;5.76936;1.06836;5.76936;0.00134047;6.70234;0.0670234;0.0670234
9729;0.209014;-0.931636;5.76936;1.06836;5.76936;0.00134047;6.70234;0.0670234;0.0670234
9730;0.209014;-0.931636;5.76936;1.06836;5.76936;0.00134047;6.70234;0.0670234;0.0670234
9731;0.209014;-0.931636;5.76936;1.06836;5.76936;0.00134047;6.70234;0.0670234;0.0670234
9732;0.209014;-0.931636;5.76936;1.06836;5.76936;0.00134047;6.70234;0.0670234;0.0670234
9733;0.209014;-0.931636;5.76936;1.06836;5.76936;0.00134047;6.70234;0.0670234;0.0670234
9734;0.209014;-0.931636;5.76936;1.06836;5.76936;0.00134047;6.70234;0.0670234;0.0670234
9735;0.209014;-0.931636;5.76936;1.06836;5.76936;0.00134047;6.70234;0.0670234;0.0670234
9736;0.209014;-0.931636;5.76936;1.06836;5.76936;0.00134047;6.70234;0.0670234;0.0670234
9737;0.209014;-0.931636;5.76936;1.06836;5.76936;0.00134047;6.70234;0.0670234;0.0670234
9738;0.209014;-0.931636;5.76936;1.06836;5.76936;0.00134047;6.70234;0.0670234;0.0670234
9739;0.209014;-0.931636;5.76936;1.06836;5.76936;0.00134047;6.70234;0.0670234;0.0670234
9740;0.209014;-0.931636;5.76936;1.06836;5.76936;0.00134047;6.70234;0.0670234;0.0670234
9741;0.209014;-0.931636;5.76936;1.06836;5.76936;0.00134047;6.70234;0.0670234;0.0670234
9742;0.209014;-0.931636;5.76936;1.06836;5.76936;0.00134047;6.70234;0.0670234;0.0670234
9743;0.209014;-0.931636;5.76936;1.06836;5.76936;0.00134047;6.70234;0.0670234;0.0670234
9744;0.209014;-0.931636;5.76936;1.06836;5.76936;0.00134047;6.70234;0.0670234;0.0670234
9745;0.209014;-0.931636;5.76936;1.06836;5.76936;0.00134047;6.70234;0.0670234;0.0670234
9746;0.209014;-0.931636;5.76936;1.06836;5.76936;0.00134047;6.70234;0.0670234;0.0670234
9747;0.209014;-0.931636;5.76936;1.06836;5.76936;0.00134047;6.70234;0.0670234;0.0670234
9748;0.209014;-0.931636;5.76936;1.06836;5.76936;0.00134047;6.70234;0.0670234;0.0670234
9749;0.209014;-0.931636;5.76936;1.06836;5.76936;0.00134047;6.70234;0.0670234;0.0670234
9750;0.209014;-0.931636;5.76936;1.06836;5.76936;0.00134047;6.70234;0.0670234;0.0670234
9751;0.209014;-0.931636;5.76936;1.06836;5.76936;0.00134047;6.70234;0.0670234;0.0670234
9752;0.209014;-0.931636;5.76936;1.06836;5.76936;0.00134047;6.70234;0.0670234;0.0670234
9753;0.209014;-0.931636;5.76936;1.06836;5.76936;0.00134047;6.70234;0.0670234;0.0670234
9754;0.209014;-0.931636;5.76936;1.06836;5.76936;0.00134047;6.70234;0.0670234;0.0670234
9755;0.209014;-0.931636;5.76936;1.06836;5.76936;0.00134047;6.70234;0.0670234;0.0670234
9756;0.209014;-0.931636;5.76936;1.06836;5.76936;0.00134047;6.70234;0.0670234;0.0670234
9757;0.209014;-0.931636;5.76936;1.06836;5.76936;0.00134047;6.70234;0.0670234;0.0670234
9758;0.209014;-0.931636;5.76936;1.06836;5.76936;0.00134047;6.70234;0.0670234;0.0670234
9759;0.209014;-0.931636;5.76936;1.06836;5.76936;0.00134047;6.70234;0.0670234;0.0670234
9760;0.209014;-0.931636;5.76936;1.06836;5.76936;0.00134047;6.70234;0.0670234;0.0670234
9761;0.209014;-0.931636;5.76936;1.06836;5.76936;0.00134047;6.70234;0.0670234;0.0670234
9762;0.209014;-0.931636;5.76936;1.06836;5.76936;0.00134047;6.70234;0.0670234;0.0670234
9763;0.209014;-0.931636;5.76936;1.06836;5.76936;0.00134047;6.70234;0.0670234;0.0670234
9764;0.209014;-0.931636;5.76936;1.06836;5.76936;0.00134047;6.70234;0.0670234;0.0670234
9765;0.209014;-0.931636;5.76936;1.06836;5.76936;0.00134047;6.70234;0.0670234;0.0670234
9766;0.209014;-0.931636;5.76936;1.06836;5.76936;0.00134047;6.70234;0.0670234;0.0670234
9767;0.209014;-0.931636;5.76936;1.06836;5.76936;0.00134047;6.70234;0.0670234;0.0670234
9768;0.209014;-0.931636;5.76936;1.06836;5.76936;0.00134047;6.70234;0.0670234;0.0670234
9769;0.209014;-0.931636;5.76936;1.06836;5.76936;0.00134047;6.70234;0.0670234;0.0670234
9770;0.209014;-0.931636;5.76936;1.06836;5.76936;0.00134047;6.70234;0.0670234;0.0670234
9771;0.209014;-0.931636;5.76936;1.06836;5.76936;0.00134047;6.70234;0.0670234;0.0670234
9772;0.209014;-0.931636;5.76936;1.06836;5.76936;0.00134047;6.70234;0.0670234;0.0670234
9773;0.209014;-0.931636;5.76936;1.06836;5.76936;0.00134047;6.70234;0.0670234;0.0670234
9774;0.209014;-0.931636;5.76936;1.06836;5.76936;0.00134047;6.70234;0.0670234;0.0670234
9775;0.209014;-0.931636;5.76936;1.06836;5.76936;0.00134047;6.70234;0.0670234;0.0670234
9776;0.209014;-0.931636;5.76936;1.06836;5.76936;0.00134047;6.70234;0.0670234;0.0670234
9777;0.209014;-0.931636;5.76936;1.06836;5.76936;0.00134047;6.70234;0.0670234;0.0670234
9778;0.209014;-0.931636;5.76936;1.06836;5.76936;0.00134047;6.70234;0.0670234;0.0670234
9779;0.209014;-0.931636;5.76936;1.06836;5.76936;0.00134047;6.70234;0.0670234;0.0670234
9780;0.209014;-0.931636;5.76936;1.06836;5.76936;0.00134047;6.70234;0.0670234;0.0670234
9781;0.209014;-0.931636;5.76936;1.06836;5.76936;0.00134047;6.70234;0.0670234;0.0670234
9782;0.209014;-0.931636;5.76936;1.06836;5.76936;0.00134047;6.70234;0.0670234;0.0670234
9783;0.209014;-0.931636;5.76936;1.06836;5.76936;0.00134047;6.70234;0.0670234;0.0670234
9784;0.209014;-0.931636;5.76936;1.06836;5.76936;0.00134047;6.70234;0.0670234;0.0670234
9785;0.209014;-0.931636;5.76936;1.06836;5.76936;0.00134047;6.70234;0.0670234;0.0670234
9786;0.209014;-0.931636;5.76936;1.06836;5.76936;0.00134047;6.70234;0.0670234;0.0670234
9787;0.209014;-0.931636;5.76936;1.06836;5.76936;0.00134047;6.70234;0.0670234;0.0670234
9788;0.209014;-0.931636;5.76936;1.06836;5.76936;0.00134047;6.70234;0.0670234;0.0670234
9789;0.209014;-0.931636;5.76936;1.06836;5.76936;0.00134047;6.70234;0.0670234;0.0670234
9790;0.209014;-0.931636;5.76936;1.06836;5.76936;0.00134047;6.70234;0.0670234;0.0670234
9791;0.209014;-0.931636;5.76936;1.06836;5.76936;0.00134047;6.70234;0.0670234;0.0670234
9792;0.209014;-0.931636;5.76936;1.06836;5.76936;0.00134047;6.70234;0.0670234;0.0670234
9793;0.209014;-0.931636;5.76936;1.06836;5.76936;0.00134047;6.70234;0.0670234;0.0670234
9794;0.209014;-0.931636;5.76936;1.06836;5.76936;0.00134047;6.70234;0.0670234;0.0670234
9795;0.209014;-0.931636;5.76936;1.06836;5.76936;0.00134047;6.70234;0.0670234;0.0670234
9796;0.209014;-0.931636;5.76936;1.06836;5.76936;0.00134047;6.70234;0.0670234;0.0670234
9797;0.209014;-0.931636;5.76936;1.06836;5.76936;0.00134047;6.70234;0.0670234;0.0670234
9798;0.209014;-0.931636;5.76936;1.06836;5.76936;0.00134047;6.70234;0.0670234;0.0670234
9799;0.209014;-0.931636;5.76936;1.06836;5.76936;0.00134047;6.70234;0.0670234;0.0670234
9800;0.209014;-0.931636;5.76936;1.06836;5.76936;0.00134047;6.70234;0.0670234;0.0670234
9801;0.209014;-0.931636;5.76936;1.06836;5.76936;0.00134047;6.70234;0.0670234;0.0670234
9802;0.209014;-0.931636;5.76936;1.06836;5.76936;0.00134047;6.70234;0.0670234;0.0670234
9803;0.209014;-0.931636;5.76936;1.06836;5.76936;0.00134047;6.70234;0.0670234;0.0670234
9804;0.209014;-0.931636;5.76936;1.06836;5.76936;0.00134047;6.70234;0.0670234;0.0670234
9805;0.209014;-0.931636;5.76936;1.06836;5.76936;0.00134047;6.70234;0.0670234;0.0670234
9806;0.209014;-0.931636;5.76936;1.06836;5.76936;0.00134047;6.70234;0.0670234;0.0670234
9807;0.209014;-0.931636;5.76936;1.06836;5.76936;0.00134047;6.70234;0.0670234;0.0670234
9808;0.209014;-0.931636;5.76936;1.06836;5.76936;0.00134047;6.70234;0.0670234;0.0670234
9809;0.209014;-0.931636;5.76936;1.06836;5.76936;0.00134047;6.70234;0.0670234;0.0670234
9810;0.209014;-0.931636;5.76936;1.06836;5.76936;0.00134047;6.70234;0.0670234;0.0670234
9811;0.209014;-0.931636;5.76936;1.06836;5.76936;0.00134047;6.70234;0.0670234;0.0670234
9812;0.209014;-0.931636;5.76936;1.06836;5.76936;0.00134047;6.70234;0.0670234;0.0670234
9813;0.209014;-0.931636;5.76936;1.06836;5.76936;0.00134047;6.70234;0.0670234;0.0670234
9814;0.209014;-0.931636;5.76936;1.06836;5.76936;0.00134047;6.70234;0.0670234;0.0670234
9815;0.209014;-0.931636;5.76936;1.06836;5.76936;0.00134047;6.70234;0.0670234;0.0670234
9816;0.209014;-0.931636;5.76936;1.06836;5.76936;0.00134047;6.70234;0.0670234;0.0670234
9817;0.209014;-0.931636;5.76936;1.06836;5.76936;0.00134047;6.70234;0.0670234;0.0670234
9818;0.209014;-0.931636;5.76936;1.06836;5.76936;0.00134047;6.70234;0.0670234;0.0670234
9819;0.209014;-0.931636;5.76936;1.06836;5.76936;0.00134047;6.70234;0.0670234;0.0670234
9820;0.209014;-0.931636;5.76936;1.06836;5.76936;0.00134047;6.70234;0.0670234;0.0670234
9821;0.209014;-0.931636;5.76936;1.06836;5.76936;0.00134047;6.70234;0.0670234;0.0670234
9822;0.209014;-0.931636;5.76936;1.06836;5.76936;0.00134047;6.70234;0.0670234;0.0670234
9823;0.209014;-0.931636;5.76936;1.06836;5.76936;0.00134047;6.70234;0.0670234;0.0670234
9824;0.209014;-0.931636;5.76936;1.06836;5.76936;0.00134047;6.70234;0.0670234;0.0670234
9825;0.209014;-0.931636;5.76936;1.06836;5.76936;0.00134047;6.70234;0.0670234;0.0670234
9826;0.209014;-0.931636;5.76936;1.06836;5.76936;0.00134047;6.70234;0.0670234;0.0670234
9827;0.209014;-0.931636;5.76936;1.06836;5.76936;0.00134047;6.70234;0.0670234;0.0670234
9828;0.209014;-0.931636;5.76936;1.06836;5.76936;0.00134047;6.70234;0.0670234;0.0670234
9829;0.209014;-0.931636;5.76936;1.06836;5.76936;0.00134047;6.70234;0.0670234;0.0670234
9830;0.209014;-0.931636;5.76936;1.06836;5.76936;0.00134047;6.70234;0.0670234;0.0670234
9831;0.209014;-0.931636;5.76936;1.06836;5.76936;0.00134047;6.70234;0.0670234;0.0670234
9832;0.209014;-0.931636;5.76936;1.06836;5.76936;0.00134047;6.70234;0.0670234;0.0670234
9833;0.209014;-0.931636;5.76936;1.06836;5.76936;0.00134047;6.70234;0.0670234;0.0670234
9834;0.209014;-0.931636;5.76936;1.06836;5.76936;0.00134047;6.70234;0.0670234;0.0670234
9835;0.209014;-0.931636;5.76936;1.06836;5.76936;0.00134047;6.70234;0.0670234;0.0670234
9836;0.209014;-0.931636;5.76936;1.06836;5.76936;0.00134047;6.70234;0.0670234;0.0670234
9837;0.209014;-0.931636;5.76936;1.06836;5.76936;0.00134047;6.70234;0.0670234;0.0670234
9838;0.209014;-0.931636;5.76936;1.06836;5.76936;0.00134047;6.70234;0.0670234;0.0670234
9839;0.209014;-0.931636;5.76936;1.06836;5.76936;0.00134047;6.70234;0.0670234;0.0670234
9840;0.209014;-0.931636;5.76936;1.06836;5.76936;0.00134047;6.70234;0.0670234;0.0670234
9841;0.209014;-0.931636;5.76936;1.06836;5.76936;0.00134047;6.70234;0.0670234;0.0670234
9842;0.209014;-0.931636;5.76936;1.06836;5.76936;0.00134047;6.70234;0.0670234;0.0670234
9843;0.209014;-0.931636;5.76936;1.06836;5.76936;0.00134047;6.70234;0.0670234;0.0670234
9844;0.209014;-0.931636;5.76936;1.06836;5.76936;0.00134047;6.70234;0.0670234;0.0670234
9845;0.209014;-0.931636;5.76936;1.06836;5.76936;0.00134047;6.70234;0.0670234;0.0670234
9846;0.209014;-0.931636;5.76936;1.06836;5.76936;0.00134047;6.70234;0.0670234;0.0670234
9847;0.209014;-0.931636;5.76936;1.06836;5.76936;0.00134047;6.70234;0.0670234;0.0670234
9848;0.209014;-0.931636;5.76936;1.06836;5.76936;0.00134047;6.70234;0.0670234;0.0670234
9849;0.209014;-0.931636;5.76936;1.06836;5.76936;0.00134047;6.70234;0.0670234;0.0670234
9850;0.209014;-0.931636;5.76936;1.06836;5.76936;0.00134047;6.70234;0.0670234;0.0670234
9851;0.209014;-0.931636;5.76936;1.06836;5.76936;0.00134047;6.70234;0.0670234;0.0670234
9852;0.209014;-0.931636;5.76936;1.06836;5.76936;0.00134047;6.70234;0.0670234;0.0670234
9853;0.209014;-0.931636;5.76936;1.06836;5.76936;0.00134047;6.70234;0.0670234;0.0670234
9854;0.209014;-0.931636;5.76936;1.06836;5.76936;0.00134047;6.70234;0.0670234;0.0670234
9855;0.209014;-0.931636;5.76936;1.06836;5.76936;0.00134047;6.70234;0.0670234;0.0670234
9856;0.209014;-0.931636;5.76936;1.06836;5.76936;0.00134047;6.70234;0.0670234;0.0670234
9857;0.209014;-0.931636;5.76936;1.06836;5.76936;0.00134047;6.70234;0.0670234;0.0670234
9858;0.209014;-0.931636;5.76936;1.06836;5.76936;0.00134047;6.70234;0.0670234;0.0670234
9859;0.209014;-0.931636;5.76936;1.06836;5.76936;0.00134047;6.70234;0.0670234;0.0670234
9860;0.209014;-0.931636;5.76936;1.06836;5.76936;0.00134047;6.70234;0.0670234;0.0670234
9861;0.209014;-0.931636;5.76936;1.06836;5.76936;0.00134047;6.70234;0.0670234;0.0670234
9862;0.209014;-0.931636;5.76936;1.06836;5.76936;0.00134047;6.70234;0.0670234;0.0670234
9863;0.209014;-0.931636;5.76936;1.06836;5.76936;0.00134047;6.70234;0.0670234;0.0670234
9864;0.209014;-0.931636;5.76936;1.06836;5.76936;0.00134047;6.70234;0.0670234;0.0670234
9865;0.209014;-0.931636;5.76936;1.06836;5.76936;0.00134047;6.70234;0.0670234;0.0670234
9866;0.209014;-0.931636;5.76936;1.06836;5.76936;0.00134047;6.70234;0.0670234;0.0670234
9867;0.209014;-0.931636;5.76936;1.06836;5.76936;0.00134047;6.70234;0.0670234;0.0670234
9868;0.209014;-0.931636;5.76936;1.06836;5.76936;0.00134047;6.70234;0.0670234;0.0670234
9869;0.209014;-0.931636;5.76936;1.06836;5.76936;0.00134047;6.70234;0.0670234;0.0670234
9870;0.209014;-0.931636;5.76936;1.06836;5.76936;0.00134047;6.70234;0.0670234;0.0670234
9871;0.209014;-0.931636;5.76936;1.06836;5.76936;0.00134047;6.70234;0.0670234;0.0670234
9872;0.209014;-0.931636;5.76936;1.06836;5.76936;0.00134047;6.70234;0.0670234;0.0670234
9873;0.209014;-0.931636;5.76936;1.06836;5.76936;0.00134047;6.70234;0.0670234;0.0670234
9874;0.209014;-0.931636;5.76936;1.06836;5.76936;0.00134047;6.70234;0.0670234;0.0670234
9875;0.209014;-0.931636;5.76936;1.06836;5.76936;0.00134047;6.70234;0.0670234;0.0670234
9876;0.209014;-0.931636;5.76936;1.06836;5.76936;0.00134047;6.70234;0.0670234;0.0670234
9877;0.209014;-0.931636;5.76936;1.06836;5.76936;0.00134047;6.70234;0.0670234;0.0670234
9878;0.209014;-0.931636;5.76936;1.06836;5.76936;0.00134047;6.70234;0.0670234;0.0670234
9879;0.209014;-0.931636;5.76936;1.06836;5.76936;0.00134047;6.70234;0.0670234;0.0670234
9880;0.209014;-0.931636;5.76936;1.06836;5.76936;0.00134047;6.70234;0.0670234;0.0670234
9881;0.209014;-0.931636;5.76936;1.06836;5.76936;0.00134047;6.70234;0.0670234;0.0670234
9882;0.209014;-0.931636;5.76936;1.06836;5.76936;0.00134047;6.70234;0.0670234;0.0670234
9883;0.209014;-0.931636;5.76936;1.06836;5.76936;0.00134047;6.70234;0.0670234;0.0670234
9884;0.209014;-0.931636;5.76936;1.06836;5.76936;0.00134047;6.70234;0.0670234;0.0670234
9885;0.209014;-0.931636;5.76936;1.06836;5.76936;0.00134047;6.70234;0.0670234;0.0670234
9886;0.209014;-0.931636;5.76936;1.06836;5.76936;0.00134047;6.70234;0.0670234;0.0670234
9887;0.209014;-0.931636;5.76936;1.06836;5.76936;0.00134047;6.70234;0.0670234;0.0670234
9888;0.209014;-0.931636;5.76936;1.06836;5.76936;0.00134047;6.70234;0.0670234;0.0670234
9889;0.209014;-0.931636;5.76936;1.06836;5.76936;0.00134047;6.70234;0.0670234;0.0670234
9890;0.209014;-0.931636;5.76936;1.06836;5.76936;0.00134047;6.70234;0.0670234;0.0670234
9891;0.209014;-0.931636;5.76936;1.06836;5.76936;0.00134047;6.70234;0.0670234;0.0670234
9892;0.209014;-0.931636;5.76936;1.06836;5.76936;0.00134047;6.70234;0.0670234;0.0670234
9893;0.209014;-0.931636;5.76936;1.06836;5.76936;0.00134047;6.70234;0.0670234;0.0670234
9894;0.209014;-0.931636;5.76936;1.06836;5.76936;0.00134047;6.70234;0.0670234;0.0670234
9895;0.209014;-0.931636;5.76936;1.06836;5.76936;0.00134047;6.70234;0.0670234;0.0670234
9896;0.209014;-0.931636;5.76936;1.06836;5.76936;0.00134047;6.70234;0.0670234;0.0670234
9897;0.209014;-0.931636;5.76936;1.06836;5.76936;0.00134047;6.70234;0.0670234;0.0670234
9898;0.209014;-0.931636;5.76936;1.06836;5.76936;0.00134047;6.70234;0.0670234;0.0670234
9899;0.209014;-0.931636;5.76936;1.06836;5.76936;0.00134047;6.70234;0.0670234;0.0670234
9900;0.209014;-0.931636;5.76936;1.06836;5.76936;0.00134047;6.70234;0.0670234;0.0670234
9901;0.209014;-0.931636;5.76936;1.06836;5.76936;0.00134047;6.70234;0.0670234;0.0670234
9902;0.209014;-0.931636;5.76936;1.06836;5.76936;0.00134047;6.70234;0.0670234;0.0670234
9903;0.209014;-0.931636;5.76936;1.06836;5.76936;0.00134047;6.70234;0.0670234;0.0670234
9904;0.209014;-0.931636;5.76936;1.06836;5.76936;0.00134047;6.70234;0.0670234;0.0670234
9905;0.209014;-0.931636;5.76936;1.06836;5.76936;0.00134047;6.70234;0.0670234;0.0670234
9906;0.209014;-0.931636;5.76936;1.06836;5.76936;0.00134047;6.70234;0.0670234;0.0670234
9907;0.209014;-0.931636;5.76936;1.06836;5.76936;0.00134047;6.70234;0.0670234;0.0670234
9908;0.209014;-0.931636;5.76936;1.06836;5.76936;0.00134047;6.70234;0.0670234;0.0670234
9909;0.209014;-0.931636;5.76936;1.06836;5.76936;0.00134047;6.70234;0.0670234;0.0670234
9910;0.209014;-0.931636;5.76936;1.06836;5.76936;0.00134047;6.70234;0.0670234;0.0670234
9911;0.209014;-0.931636;5.76936;1.06836;5.76936;0.00134047;6.70234;0.0670234;0.0670234
9912;0.209014;-0.931636;5.76936;1.06836;5.76936;0.00134047;6.70234;0.0670234;0.0670234
9913;0.209014;-0.931636;5.76936;1.06836;5.76936;0.00134047;6.70234;0.0670234;0.0670234
9914;0.209014;-0.931636;5.76936;1.06836;5.76936;0.00134047;6.70234;0.0670234;0.0670234
9915;0.209014;-0.931636;5.76936;1.06836;5.76936;0.00134047;6.70234;0.0670234;0.0670234
9916;0.209014;-0.931636;5.76936;1.06836;5.76936;0.00134047;6.70234;0.0670234;0.0670234
9917;0.209014;-0.931636;5.76936;1.06836;5.76936;0.00134047;6.70234;0.0670234;0.0670234
9918;0.209014;-0.931636;5.76936;1.06836;5.76936;0.00134047;6.70234;0.0670234;0.0670234
9919;0.209014;-0.931636;5.76936;1.06836;5.76936;0.00134047;6.70234;0.0670234;0.0670234
9920;0.209014;-0.931636;5.76936;1.06836;5.76936;0.00134047;6.70234;0.0670234;0.0670234
9921;0.209014;-0.931636;5.76936;1.06836;5.76936;0.00134047;6.70234;0.0670234;0.0670234
9922;0.209014;-0.931636;5.76936;1.06836;5.76936;0.00134047;6.70234;0.0670234;0.0670234
9923;0.209014;-0.931636;5.76936;1.06836;5.76936;0.00134047;6.70234;0.0670234;0.0670234
9924;0.209014;-0.931636;5.76936;1.06836;5.76936;0.00134047;6.70234;0.0670234;0.0670234
9925;0.209014;-0.931636;5.76936;1.06836;5.76936;0.00134047;6.70234;0.0670234;0.0670234
9926;0.209014;-0.931636;5.76936;1.06836;5.76936;0.00134047;6.70234;0.0670234;0.0670234
9927;0.209014;-0.931636;5.76936;1.06836;5.76936;0.00134047;6.70234;0.0670234;0.0670234
9928;0.209014;-0.931636;5.76936;1.06836;5.76936;0.00134047;6.70234;0.0670234;0.0670234
9929;0.209014;-0.931636;5.76936;1.06836;5.76936;0.00134047;6.70234;0.0670234;0.0670234
9930;0.209014;-0.931636;5.76936;1.06836;5.76936;0.00134047;6.70234;0.0670234;0.0670234
9931;0.209014;-0.931636;5.76936;1.06836;5.76936;0.00134047;6.70234;0.0670234;0.0670234
9932;0.209014;-0.931636;5.76936;1.06836;5.76936;0.00134047;6.70234;0.0670234;0.0670234
9933;0.209014;-0.931636;5.76936;1.06836;5.76936;0.00134047;6.70234;0.0670234;0.0670234
9934;0.209014;-0.931636;5.76936;1.06836;5.76936;0.00134047;6.70234;0.0670234;0.0670234
9935;0.209014;-0.931636;5.76936;1.06836;5.76936;0.00134047;6.70234;0.0670234;0.0670234
9936;0.209014;-0.931636;5.76936;1.06836;5.76936;0.00134047;6.70234;0.0670234;0.0670234
9937;0.209014;-0.931636;5.76936;1.06836;5.76936;0.00134047;6.70234;0.0670234;0.0670234
9938;0.209014;-0.931636;5.76936;1.06836;5.76936;0.00134047;6.70234;0.0670234;0.0670234
9939;0.209014;-0.931636;5.76936;1.06836;5.76936;0.00134047;6.70234;0.0670234;0.0670234
9940;0.209014;-0.931636;5.76936;1.06836;5.76936;0.00134047;6.70234;0.0670234;0.0670234
9941;0.209014;-0.931636;5.76936;1.06836;5.76936;0.00134047;6.70234;0.0670234;0.0670234
9942;0.209014;-0.931636;5.76936;1.06836;5.76936;0.00134047;6.70234;0.0670234;0.0670234
9943;0.209014;-0.931636;5.76936;1.06836;5.76936;0.00134047;6.70234;0.0670234;0.0670234
9944;0.209014;-0.931636;5.76936;1.06836;5.76936;0.00134047;6.70234;0.0670234;0.0670234
9945;0.209014;-0.931636;5.76936;1.06836;5.76936;0.00134047;6.70234;0.0670234;0.0670234
9946;0.209014;-0.931636;5.76936;1.06836;5.76936;0.00134047;6.70234;0.0670234;0.0670234
9947;0.209014;-0.931636;5.76936;1.06836;5.76936;0.00134047;6.70234;0.0670234;0.0670234
9948;0.209014;-0.931636;5.76936;1.06836;5.76936;0.00134047;6.70234;0.0670234;0.0670234
9949;0.209014;-0.931636;5.76936;1.06836;5.76936;0.00134047;6.70234;0.0670234;0.0670234
9950;0.209014;-0.931636;5.76936;1.06836;5.76936;0.00134047;6.70234;0.0670234;0.0670234
9951;0.209014;-0.931636;5.76936;1.06836;5.76936;0.00134047;6.70234;0.0670234;0.0670234
9952;0.209014;-0.931636;5.76936;1.06836;5.76936;0.00134047;6.70234;0.0670234;0.0670234
9953;0.209014;-0.931636;5.76936;1.06836;5.76936;0.00134047;6.70234;0.0670234;0.0670234
9954;0.209014;-0.931636;5.76936;1.06836;5.76936;0.00134047;6.70234;0.0670234;0.0670234
9955;0.209014;-0.931636;5.76936;1.06836;5.76936;0.00134047;6.70234;0.0670234;0.0670234
9956;0.209014;-0.931636;5.76936;1.06836;5.76936;0.00134047;6.70234;0.0670234;0.0670234
9957;0.209014;-0.931636;5.76936;1.06836;5.76936;0.00134047;6.70234;0.0670234;0.0670234
9958;0.209014;-0.931636;5.76936;1.06836;5.76936;0.00134047;6.70234;0.0670234;0.0670234
9959;0.209014;-0.931636;5.76936;1.06836;5.76936;0.00134047;6.70234;0.0670234;0.0670234
9960;0.209014;-0.931636;5.76936;1.06836;5.76936;0.00134047;6.70234;0.0670234;0.0670234
9961;0.209014;-0.931636;5.76936;1.06836;5.76936;0.00134047;6.70234;0.0670234;0.0670234
9962;0.209014;-0.931636;5.76936;1.06836;5.76936;0.00134047;6.70234;0.0670234;0.0670234
9963;0.209014;-0.931636;5.76936;1.06836;5.76936;0.00134047;6.70234;0.0670234;0.0670234
9964;0.209014;-0.931636;5.76936;1.06836;5.76936;0.00134047;6.70234;0.0670234;0.0670234
9965;0.209014;-0.931636;5.76936;1.06836;5.76936;0.00134047;6.70234;0.0670234;0.0670234
9966;0.209014;-0.931636;5.76936;1.06836;5.76936;0.00134047;6.70234;0.0670234;0.0670234
9967;0.209014;-0.931636;5.76936;1.06836;5.76936;0.00134047;6.70234;0.0670234;0.0670234
9968;0.209014;-0.931636;5.76936;1.06836;5.76936;0.00134047;6.70234;0.0670234;0.0670234
9969;0.209014;-0.931636;5.76936;1.06836;5.76936;0.00134047;6.70234;0.0670234;0.0670234
9970;0.209014;-0.931636;5.76936;1.06836;5.76936;0.00134047;6.70234;0.0670234;0.0670234
9971;0.209014;-0.931636;5.76936;1.06836;5.76936;0.00134047;6.70234;0.0670234;0.0670234
9972;0.209014;-0.931636;5.76936;1.06836;5.76936;0.00134047;6.70234;0.0670234;0.0670234
9973;0.209014;-0.931636;5.76936;1.06836;5.76936;0.00134047;6.70234;0.0670234;0.0670234
9974;0.209014;-0.931636;5.76936;1.06836;5.76936;0.00134047;6.70234;0.0670234;0.0670234
9975;0.209014;-0.931636;5.76936;1.06836;5.76936;0.00134047;6.70234;0.0670234;0.0670234
9976;0.209014;-0.931636;5.76936;1.06836;5.76936;0.00134047;6.70234;0.0670234;0.0670234
9977;0.209014;-0.931636;5.76936;1.06836;5.76936;0.00134047;6.70234;0.0670234;0.0670234
9978;0.209014;-0.931636;5.76936;1.06836;5.76936;0.00134047;6.70234;0.0670234;0.0670234
9979;0.209014;-0.931636;5.76936;1.06836;5.76936;0.00134047;6.70234;0.0670234;0.0670234
9980;0.209014;-0.931636;5.76936;1.06836;5.76936;0.00134047;6.70234;0.0670234;0.0670234
9981;0.209014;-0.931636;5.76936;1.06836;5.76936;0.00134047;6.70234;0.0670234;0.0670234
9982;0.209014;-0.931636;5.76936;1.06836;5.76936;0.00134047;6.70234;0.0670234;0.0670234
9983;0.209014;-0.931636;5.76936;1.06836;5.76936;0.00134047;6.70234;0.0670234;0.0670234
9984;0.209014;-0.931636;5.76936;1.06836;5.76936;0.00134047;6.70234;0.0670234;0.0670234
9985;0.209014;-0.931636;5.76936;1.06836;5.76936;0.00134047;6.70234;0.0670234;0.0670234
9986;0.209014;-0.931636;5.76936;1.06836;5.76936;0.00134047;6.70234;0.0670234;0.0670234
9987;0.209014;-0.931636;5.76936;1.06836;5.76936;0.00134047;6.70234;0.0670234;0.0670234
9988;0.209014;-0.931636;5.76936;1.06836;5.76936;0.00134047;6.70234;0.0670234;0.0670234
9989;0.209014;-0.931636;5.76936;1.06836;5.76936;0.00134047;6.70234;0.0670234;0.0670234
9990;0.209014;-0.931636;5.76936;1.06836;5.76936;0.00134047;6.70234;0.0670234;0.0670234
9991;0.209014;-0.931636;5.76936;1.06836;5.76936;0.00134047;6.70234;0.0670234;0.0670234
9992;0.209014;-0.931636;5.76936;1.06836;5.76936;0.00134047;6.70234;0.0670234;0.0670234
9993;0.209014;-0.931636;5.76936;1.06836;5.76936;0.00134047;6.70234;0.0670234;0.0670234
9994;0.209014;-0.931636;5.76936;1.06836;5.76936;0.00134047;6.70234;0.0670234;0.0670234
9995;0.209014;-0.931636;5.76936;1.06836;5.76936;0.00134047;6.70234;0.0670234;0.0670234
9996;0.209014;-0.931636;5.76936;1.06836;5.76936;0.00134047;6.70234;0.0670234;0.0670234
9997;0.209014;-0.931636;5.76936;1.06836;5.76936;0.00134047;6.70234;0.0670234;0.0670234
9998;0.209014;-0.931636;5.76936;1.06836;5.76936;0.00134047;6.70234;0.0670234;0.0670234
9999;0.209014;-0.931636;5.76936;1.06836;5.76936;0.00134047;6.70234;0.0670234;0.0670234
