Epoch;ErrorScore;w1;w2;w3;w4;b1;b2;b3;b4
0;49.7278;-0.99282;-0.289036;1.00718;-0.289036;-0.000140785;0.703925;0.00213292;0.00493126
1;38.7663;-0.986483;0.338402;1.01352;0.338402;-0.00026503;1.32515;0.00400724;0.00933523
2;30.1949;-0.980895;0.891808;1.01911;0.891808;-0.000374615;1.87308;0.00564796;0.0132666
3;23.6833;-0.975949;1.38153;1.02405;1.38153;-0.000471591;2.35795;0.00708512;0.0167876
4;18.7587;-0.971552;1.81694;1.02845;1.81694;-0.00055781;2.78905;0.00834718;0.0199555
5;14.9944;-0.967625;2.20573;1.03237;2.20573;-0.000634798;3.17399;0.00945803;0.0228177
6;12.0736;-0.964107;2.55406;1.03589;2.55406;-0.000703775;3.51887;0.010437;0.0254124
7;9.7765;-0.960948;2.86692;1.03905;2.86692;-0.000765727;3.82863;0.0112997;0.0277709
8;7.95089;-0.958105;3.14841;1.04189;3.14841;-0.000821467;4.10733;0.0120591;0.0299191
9;6.48887;-0.955544;3.40198;1.04446;3.40198;-0.000871679;4.3584;0.0127263;0.0318789
10;5.31168;-0.953235;3.63061;1.04676;3.63061;-0.000916952;4.58476;0.0133106;0.0336695
11;4.36022;-0.951152;3.83688;1.04885;3.83688;-0.000957798;4.78899;0.0138204;0.0353075
12;3.58912;-0.949272;4.02306;1.05073;4.02306;-0.000994666;4.97333;0.014263;0.036808
13;2.96298;-0.947574;4.19117;1.05243;4.19117;-0.00102796;5.13978;0.0146449;0.038184
14;2.45385;-0.946041;4.34301;1.05396;4.34301;-0.00105802;5.29011;0.0149721;0.0394477
15;2.03944;-0.944656;4.48016;1.05534;4.48016;-0.00108518;5.42591;0.0152498;0.0406097
16;1.70187;-0.943404;4.60409;1.0566;4.60409;-0.00110972;5.5486;0.0154827;0.0416796
17;1.42673;-0.942273;4.71606;1.05773;4.71606;-0.00113189;5.65947;0.0156751;0.0426662
18;1.2024;-0.941251;4.81725;1.05875;4.81725;-0.00115193;5.75966;0.0158309;0.0435775
19;1.01943;-0.940328;4.90871;1.05967;4.90871;-0.00117004;5.85021;0.0159536;0.0444205
20;0.870158;-0.939493;4.99136;1.06051;4.99136;-0.00118641;5.93204;0.0160464;0.0452017
21;0.748362;-0.938739;5.06608;1.06126;5.06608;-0.0012012;6.00602;0.0161121;0.045927
22;0.648972;-0.938057;5.13361;1.06194;5.13361;-0.00121458;6.07288;0.0161533;0.0466017
23;0.56786;-0.93744;5.19466;1.06256;5.19466;-0.00122666;6.13332;0.0161723;0.0472306
24;0.501662;-0.936883;5.24984;1.06312;5.24984;-0.00123759;6.18796;0.0161713;0.047818
25;0.447637;-0.936379;5.29973;1.06362;5.29973;-0.00124747;6.23735;0.0161522;0.0483679
26;0.403546;-0.935924;5.34482;1.06408;5.34482;-0.0012564;6.282;0.0161168;0.0488839
27;0.367565;-0.935512;5.3856;1.06449;5.3856;-0.00126447;6.32237;0.0160665;0.0493691
28;0.338204;-0.93514;5.42245;1.06486;5.42245;-0.00127177;6.35887;0.0160028;0.0498265
29;0.314248;-0.934803;5.45578;1.0652;5.45578;-0.00127837;6.39186;0.015927;0.0502587
30;0.294704;-0.934499;5.4859;1.0655;5.4859;-0.00128434;6.42169;0.0158402;0.0506682
31;0.278761;-0.934224;5.51314;1.06578;5.51314;-0.00128973;6.44865;0.0157436;0.0510571
32;0.265759;-0.933975;5.53776;1.06602;5.53776;-0.00129461;6.47303;0.015638;0.0514273
33;0.255157;-0.93375;5.56003;1.06625;5.56003;-0.00129902;6.49508;0.0155243;0.0517807
34;0.246514;-0.933547;5.58015;1.06645;5.58015;-0.001303;6.515;0.0154033;0.0521189
35;0.23947;-0.933363;5.59835;1.06664;5.59835;-0.0013066;6.53302;0.0152757;0.0524432
36;0.233731;-0.933197;5.61481;1.0668;5.61481;-0.00130986;6.54931;0.0151422;0.052755
37;0.229056;-0.933047;5.62968;1.06695;5.62968;-0.00131281;6.56404;0.0150032;0.0530556
38;0.22525;-0.932911;5.64313;1.06709;5.64313;-0.00131547;6.57736;0.0148593;0.0533459
39;0.222153;-0.932788;5.65529;1.06721;5.65529;-0.00131788;6.5894;0.0147111;0.053627
40;0.219633;-0.932677;5.66629;1.06732;5.66629;-0.00132006;6.60028;0.0145588;0.0538997
41;0.217585;-0.932577;5.67623;1.06742;5.67623;-0.00132203;6.61013;0.0144029;0.0541649
42;0.21592;-0.932486;5.68522;1.06751;5.68522;-0.00132381;6.61903;0.0142438;0.0544232
43;0.214569;-0.932404;5.69334;1.0676;5.69334;-0.00132541;6.62707;0.0140818;0.0546754
44;0.213472;-0.93233;5.70069;1.06767;5.70069;-0.00132687;6.63435;0.0139171;0.0549219
45;0.212583;-0.932263;5.70733;1.06774;5.70733;-0.00132818;6.64092;0.0137499;0.0551634
46;0.211863;-0.932202;5.71334;1.0678;5.71334;-0.00132937;6.64687;0.0135806;0.0554003
47;0.21128;-0.932147;5.71877;1.06785;5.71877;-0.00133045;6.65225;0.0134094;0.055633
48;0.21081;-0.932097;5.72368;1.0679;5.72368;-0.00133142;6.65711;0.0132363;0.0558621
49;0.21043;-0.932053;5.72812;1.06795;5.72812;-0.0013323;6.6615;0.0130617;0.0560877
50;0.210124;-0.932012;5.73213;1.06799;5.73213;-0.0013331;6.66548;0.0128856;0.0563102
51;0.209878;-0.931975;5.73576;1.06802;5.73576;-0.00133381;6.66907;0.0127082;0.05653
52;0.20968;-0.931942;5.73904;1.06806;5.73904;-0.00133446;6.67232;0.0125296;0.0567473
53;0.209522;-0.931912;5.74201;1.06809;5.74201;-0.00133505;6.67526;0.01235;0.0569623
54;0.209396;-0.931885;5.74469;1.06811;5.74469;-0.00133558;6.67791;0.0121693;0.0571753
55;0.209296;-0.931861;5.74712;1.06814;5.74712;-0.00133606;6.68032;0.0119878;0.0573864
56;0.209216;-0.931839;5.74931;1.06816;5.74931;-0.0013365;6.68249;0.0118056;0.0575958
57;0.209153;-0.931819;5.75129;1.06818;5.75129;-0.00133689;6.68445;0.0116226;0.0578038
58;0.209104;-0.931801;5.75309;1.0682;5.75309;-0.00133725;6.68623;0.0114389;0.0580103
59;0.209065;-0.931784;5.75471;1.06822;5.75471;-0.00133757;6.68783;0.0112547;0.0582156
60;0.209035;-0.931769;5.75617;1.06823;5.75617;-0.00133786;6.68928;0.0110699;0.0584198
61;0.209012;-0.931756;5.7575;1.06824;5.7575;-0.00133812;6.69059;0.0108847;0.058623
62;0.208995;-0.931744;5.7587;1.06826;5.7587;-0.00133836;6.69178;0.010699;0.0588252
63;0.208982;-0.931733;5.75978;1.06827;5.75978;-0.00133857;6.69285;0.010513;0.0590266
64;0.208972;-0.931723;5.76076;1.06828;5.76076;-0.00133876;6.69382;0.0103266;0.0592273
65;0.208965;-0.931714;5.76165;1.06829;5.76165;-0.00133894;6.6947;0.0101399;0.0594273
66;0.20896;-0.931706;5.76245;1.06829;5.76245;-0.0013391;6.69549;0.00995287;0.0596266
67;0.208957;-0.931699;5.76317;1.0683;5.76317;-0.00133924;6.69621;0.00976561;0.0598255
68;0.208956;-0.931692;5.76383;1.06831;5.76383;-0.00133937;6.69686;0.00957811;0.0600238
69;0.208955;-0.931686;5.76442;1.06831;5.76442;-0.00133949;6.69744;0.0093904;0.0602216
70;0.208955;-0.931681;5.76495;1.06832;5.76495;-0.00133959;6.69797;0.0092025;0.0604191
71;0.208955;-0.931676;5.76544;1.06832;5.76544;-0.00133969;6.69845;0.00901443;0.0606162
72;0.208956;-0.931671;5.76587;1.06833;5.76587;-0.00133978;6.69888;0.0088262;0.0608129
73;0.208958;-0.931667;5.76627;1.06833;5.76627;-0.00133986;6.69928;0.00863783;0.0610094
74;0.208959;-0.931664;5.76663;1.06834;5.76663;-0.00133993;6.69963;0.00844933;0.0612055
75;0.20896;-0.931661;5.76695;1.06834;5.76695;-0.00133999;6.69995;0.00826072;0.0614014
76;0.208962;-0.931658;5.76724;1.06834;5.76724;-0.00134005;6.70024;0.008072;0.0615971
77;0.208964;-0.931655;5.76751;1.06835;5.76751;-0.0013401;6.7005;0.00788319;0.0617926
78;0.208965;-0.931652;5.76775;1.06835;5.76775;-0.00134015;6.70074;0.00769429;0.0619879
79;0.208967;-0.93165;5.76796;1.06835;5.76796;-0.00134019;6.70095;0.00750532;0.062183
80;0.208968;-0.931648;5.76816;1.06835;5.76816;-0.00134023;6.70115;0.00731628;0.062378
81;0.208969;-0.931647;5.76833;1.06835;5.76833;-0.00134026;6.70132;0.00712717;0.0625729
82;0.208971;-0.931645;5.76849;1.06836;5.76849;-0.0013403;6.70148;0.00693801;0.0627676
83;0.208972;-0.931643;5.76864;1.06836;5.76864;-0.00134032;6.70162;0.00674879;0.0629622
84;0.208973;-0.931642;5.76877;1.06836;5.76877;-0.00134035;6.70175;0.00655953;0.0631567
85;0.208974;-0.931641;5.76889;1.06836;5.76889;-0.00134037;6.70187;0.00637023;0.0633512
86;0.208975;-0.93164;5.76899;1.06836;5.76899;-0.00134039;6.70197;0.00618089;0.0635455
87;0.208976;-0.931639;5.76909;1.06836;5.76909;-0.00134041;6.70207;0.00599152;0.0637398
88;0.208977;-0.931638;5.76918;1.06836;5.76918;-0.00134043;6.70216;0.00580211;0.063934
89;0.208978;-0.931637;5.76926;1.06836;5.76926;-0.00134045;6.70223;0.00561268;0.0641281
90;0.208979;-0.931636;5.76933;1.06836;5.76933;-0.00134046;6.7023;0.00542322;0.0643222
91;0.208979;-0.931636;5.76939;1.06836;5.76939;-0.00134047;6.70237;0.00523374;0.0645162
92;0.20898;-0.931635;5.76945;1.06836;5.76945;-0.00134049;6.70243;0.00504424;0.0647102
93;0.20898;-0.931635;5.7695;1.06837;5.7695;-0.0013405;6.70248;0.00485472;0.0649041
94;0.208981;-0.931634;5.76955;1.06837;5.76955;-0.00134051;6.70253;0.00466518;0.0650981
95;0.208981;-0.931634;5.76959;1.06837;5.76959;-0.00134051;6.70257;0.00447563;0.0652919
96;0.208982;-0.931633;5.76963;1.06837;5.76963;-0.00134052;6.70261;0.00428606;0.0654858
97;0.208982;-0.931633;5.76967;1.06837;5.76967;-0.00134053;6.70264;0.00409649;0.0656796
98;0.208983;-0.931633;5.7697;1.06837;5.7697;-0.00134053;6.70267;0.0039069;0.0658734
99;0.208983;-0.931632;5.76973;1.06837;5.76973;-0.00134054;6.7027;0.0037173;0.0660672
100;0.208983;-0.931632;5.76975;1.06837;5.76975;-0.00134055;6.70273;0.00352769;0.0662609
101;0.208983;-0.931632;5.76978;1.06837;5.76978;-0.00134055;6.70275;0.00333807;0.0664546
102;0.208984;-0.931632;5.7698;1.06837;5.7698;-0.00134055;6.70277;0.00314845;0.0666484
103;0.208984;-0.931632;5.76982;1.06837;5.76982;-0.00134056;6.70279;0.00295881;0.0668421
104;0.208984;-0.931631;5.76984;1.06837;5.76984;-0.00134056;6.70281;0.00276918;0.0670358
105;0.208984;-0.931631;5.76985;1.06837;5.76985;-0.00134056;6.70282;0.00257953;0.0672294
106;0.208984;-0.931631;5.76987;1.06837;5.76987;-0.00134057;6.70284;0.00238989;0.0674231
107;0.208985;-0.931631;5.76988;1.06837;5.76988;-0.00134057;6.70285;0.00220023;0.0676168
108;0.208985;-0.931631;5.76989;1.06837;5.76989;-0.00134057;6.70286;0.00201058;0.0678104
109;0.208985;-0.931631;5.7699;1.06837;5.7699;-0.00134057;6.70287;0.00182092;0.068004
110;0.208985;-0.931631;5.76991;1.06837;5.76991;-0.00134058;6.70288;0.00163125;0.0681977
111;0.208985;-0.931631;5.76992;1.06837;5.76992;-0.00134058;6.70289;0.00144159;0.0683913
112;0.208985;-0.93163;5.76993;1.06837;5.76993;-0.00134058;6.7029;0.00125192;0.0685849
113;0.208985;-0.93163;5.76993;1.06837;5.76993;-0.00134058;6.7029;0.00106225;0.0687785
114;0.208985;-0.93163;5.76994;1.06837;5.76994;-0.00134058;6.70291;0.000872572;0.0689721
115;0.208985;-0.93163;5.76995;1.06837;5.76995;-0.00134058;6.70292;0.000682896;0.0691657
116;0.208985;-0.93163;5.76995;1.06837;5.76995;-0.00134058;6.70292;0.000493218;0.0693593
117;0.208985;-0.93163;5.76996;1.06837;5.76996;-0.00134059;6.70293;0.000303539;0.0695529
118;0.208985;-0.93163;5.76996;1.06837;5.76996;-0.00134059;6.70293;0.000113858;0.0697465
119;0.208986;-0.93163;5.76996;1.06837;5.76996;-0.00134059;6.70293;-7.58244e-05;0.0699401
120;0.208986;-0.93163;5.76997;1.06837;5.76997;-0.00134059;6.70294;-0.000265508;0.0701337
121;0.208986;-0.93163;5.76997;1.06837;5.76997;-0.00134059;6.70294;-0.000455192;0.0703273
122;0.208986;-0.93163;5.76997;1.06837;5.76997;-0.00134059;6.70294;-0.000644878;0.0705209
123;0.208986;-0.93163;5.76998;1.06837;5.76998;-0.00134059;6.70295;-0.000834564;0.0707144
124;0.208986;-0.93163;5.76998;1.06837;5.76998;-0.00134059;6.70295;-0.00102425;0.070908
125;0.208986;-0.93163;5.76998;1.06837;5.76998;-0.00134059;6.70295;-0.00121394;0.0711016
126;0.208986;-0.93163;5.76998;1.06837;5.76998;-0.00134059;6.70295;-0.00140363;0.0712952
127;0.208986;-0.93163;5.76998;1.06837;5.76998;-0.00134059;6.70295;-0.00159332;0.0714888
128;0.208986;-0.93163;5.76998;1.06837;5.76998;-0.00134059;6.70295;-0.00178301;0.0716823
129;0.208986;-0.93163;5.76999;1.06837;5.76999;-0.00134059;6.70296;-0.0019727;0.0718759
130;0.208986;-0.93163;5.76999;1.06837;5.76999;-0.00134059;6.70296;-0.00216239;0.0720695
131;0.208986;-0.93163;5.76999;1.06837;5.76999;-0.00134059;6.70296;-0.00235208;0.072263
132;0.208986;-0.93163;5.76999;1.06837;5.76999;-0.00134059;6.70296;-0.00254177;0.0724566
133;0.208986;-0.93163;5.76999;1.06837;5.76999;-0.00134059;6.70296;-0.00273146;0.0726502
134;0.208986;-0.93163;5.76999;1.06837;5.76999;-0.00134059;6.70296;-0.00292115;0.0728437
135;0.208986;-0.93163;5.76999;1.06837;5.76999;-0.00134059;6.70296;-0.00311085;0.0730373
136;0.208986;-0.93163;5.76999;1.06837;5.76999;-0.00134059;6.70296;-0.00330054;0.0732309
137;0.208986;-0.93163;5.76999;1.06837;5.76999;-0.00134059;6.70296;-0.00349023;0.0734244
138;0.208986;-0.93163;5.76999;1.06837;5.76999;-0.00134059;6.70296;-0.00367992;0.073618
139;0.208986;-0.93163;5.76999;1.06837;5.76999;-0.00134059;6.70296;-0.00386962;0.0738116
140;0.208986;-0.93163;5.76999;1.06837;5.76999;-0.00134059;6.70296;-0.00405931;0.0740051
141;0.208986;-0.93163;5.76999;1.06837;5.76999;-0.00134059;6.70296;-0.004249;0.0741987
142;0.208986;-0.93163;5.76999;1.06837;5.76999;-0.00134059;6.70297;-0.0044387;0.0743923
143;0.208986;-0.93163;5.77;1.06837;5.77;-0.00134059;6.70297;-0.00462839;0.0745858
144;0.208986;-0.93163;5.77;1.06837;5.77;-0.00134059;6.70297;-0.00481808;0.0747794
145;0.208986;-0.93163;5.77;1.06837;5.77;-0.00134059;6.70297;-0.00500778;0.074973
146;0.208986;-0.93163;5.77;1.06837;5.77;-0.00134059;6.70297;-0.00519747;0.0751665
147;0.208986;-0.93163;5.77;1.06837;5.77;-0.00134059;6.70297;-0.00538717;0.0753601
148;0.208986;-0.93163;5.77;1.06837;5.77;-0.00134059;6.70297;-0.00557686;0.0755536
149;0.208986;-0.93163;5.77;1.06837;5.77;-0.00134059;6.70297;-0.00576655;0.0757472
150;0.208986;-0.93163;5.77;1.06837;5.77;-0.00134059;6.70297;-0.00595625;0.0759408
151;0.208986;-0.93163;5.77;1.06837;5.77;-0.00134059;6.70297;-0.00614594;0.0761343
152;0.208986;-0.93163;5.77;1.06837;5.77;-0.00134059;6.70297;-0.00633564;0.0763279
153;0.208986;-0.93163;5.77;1.06837;5.77;-0.00134059;6.70297;-0.00652533;0.0765215
154;0.208986;-0.93163;5.77;1.06837;5.77;-0.00134059;6.70297;-0.00671502;0.076715
155;0.208986;-0.93163;5.77;1.06837;5.77;-0.00134059;6.70297;-0.00690472;0.0769086
156;0.208986;-0.93163;5.77;1.06837;5.77;-0.00134059;6.70297;-0.00709441;0.0771021
157;0.208986;-0.93163;5.77;1.06837;5.77;-0.00134059;6.70297;-0.00728411;0.0772957
158;0.208986;-0.93163;5.77;1.06837;5.77;-0.00134059;6.70297;-0.0074738;0.0774893
159;0.208986;-0.93163;5.77;1.06837;5.77;-0.00134059;6.70297;-0.0076635;0.0776828
160;0.208986;-0.93163;5.77;1.06837;5.77;-0.00134059;6.70297;-0.00785319;0.0778764
161;0.208986;-0.93163;5.77;1.06837;5.77;-0.00134059;6.70297;-0.00804289;0.0780699
162;0.208986;-0.93163;5.77;1.06837;5.77;-0.00134059;6.70297;-0.00823258;0.0782635
163;0.208986;-0.93163;5.77;1.06837;5.77;-0.00134059;6.70297;-0.00842227;0.0784571
164;0.208986;-0.93163;5.77;1.06837;5.77;-0.00134059;6.70297;-0.00861197;0.0786506
165;0.208986;-0.93163;5.77;1.06837;5.77;-0.00134059;6.70297;-0.00880166;0.0788442
166;0.208986;-0.93163;5.77;1.06837;5.77;-0.00134059;6.70297;-0.00899136;0.0790378
167;0.208986;-0.93163;5.77;1.06837;5.77;-0.00134059;6.70297;-0.00918105;0.0792313
168;0.208986;-0.93163;5.77;1.06837;5.77;-0.00134059;6.70297;-0.00937075;0.0794249
169;0.208986;-0.93163;5.77;1.06837;5.77;-0.00134059;6.70297;-0.00956044;0.0796184
170;0.208986;-0.93163;5.77;1.06837;5.77;-0.00134059;6.70297;-0.00975014;0.079812
171;0.208986;-0.93163;5.77;1.06837;5.77;-0.00134059;6.70297;-0.00993983;0.0800056
172;0.208986;-0.93163;5.77;1.06837;5.77;-0.00134059;6.70297;-0.0101295;0.0801991
173;0.208986;-0.93163;5.77;1.06837;5.77;-0.00134059;6.70297;-0.0103192;0.0803927
174;0.208986;-0.93163;5.77;1.06837;5.77;-0.00134059;6.70297;-0.0105089;0.0805862
175;0.208986;-0.93163;5.77;1.06837;5.77;-0.00134059;6.70297;-0.0106986;0.0807798
176;0.208986;-0.93163;5.77;1.06837;5.77;-0.00134059;6.70297;-0.0108883;0.0809734
177;0.208986;-0.93163;5.77;1.06837;5.77;-0.00134059;6.70297;-0.011078;0.0811669
178;0.208986;-0.93163;5.77;1.06837;5.77;-0.00134059;6.70297;-0.0112677;0.0813605
179;0.208986;-0.93163;5.77;1.06837;5.77;-0.00134059;6.70297;-0.0114574;0.081554
180;0.208986;-0.93163;5.77;1.06837;5.77;-0.00134059;6.70297;-0.0116471;0.0817476
181;0.208986;-0.93163;5.77;1.06837;5.77;-0.00134059;6.70297;-0.0118368;0.0819412
182;0.208986;-0.93163;5.77;1.06837;5.77;-0.00134059;6.70297;-0.0120265;0.0821347
183;0.208986;-0.93163;5.77;1.06837;5.77;-0.00134059;6.70297;-0.0122162;0.0823283
184;0.208986;-0.93163;5.77;1.06837;5.77;-0.00134059;6.70297;-0.0124059;0.0825219
185;0.208986;-0.93163;5.77;1.06837;5.77;-0.00134059;6.70297;-0.0125956;0.0827154
186;0.208986;-0.93163;5.77;1.06837;5.77;-0.00134059;6.70297;-0.0127852;0.082909
187;0.208986;-0.93163;5.77;1.06837;5.77;-0.00134059;6.70297;-0.0129749;0.0831025
188;0.208986;-0.93163;5.77;1.06837;5.77;-0.00134059;6.70297;-0.0131646;0.0832961
189;0.208986;-0.93163;5.77;1.06837;5.77;-0.00134059;6.70297;-0.0133543;0.0834897
190;0.208986;-0.93163;5.77;1.06837;5.77;-0.00134059;6.70297;-0.013544;0.0836832
191;0.208986;-0.93163;5.77;1.06837;5.77;-0.00134059;6.70297;-0.0137337;0.0838768
192;0.208986;-0.93163;5.77;1.06837;5.77;-0.00134059;6.70297;-0.0139234;0.0840703
193;0.208986;-0.93163;5.77;1.06837;5.77;-0.00134059;6.70297;-0.0141131;0.0842639
194;0.208986;-0.93163;5.77;1.06837;5.77;-0.00134059;6.70297;-0.0143028;0.0844575
195;0.208986;-0.93163;5.77;1.06837;5.77;-0.00134059;6.70297;-0.0144925;0.084651
196;0.208986;-0.93163;5.77;1.06837;5.77;-0.00134059;6.70297;-0.0146822;0.0848446
197;0.208986;-0.93163;5.77;1.06837;5.77;-0.00134059;6.70297;-0.0148719;0.0850381
198;0.208986;-0.93163;5.77;1.06837;5.77;-0.00134059;6.70297;-0.0150616;0.0852317
199;0.208986;-0.93163;5.77;1.06837;5.77;-0.00134059;6.70297;-0.0152513;0.0854253
200;0.208986;-0.93163;5.77;1.06837;5.77;-0.00134059;6.70297;-0.015441;0.0856188
201;0.208986;-0.93163;5.77;1.06837;5.77;-0.00134059;6.70297;-0.0156307;0.0858124
202;0.208986;-0.93163;5.77;1.06837;5.77;-0.00134059;6.70297;-0.0158204;0.086006
203;0.208986;-0.93163;5.77;1.06837;5.77;-0.00134059;6.70297;-0.0160101;0.0861995
204;0.208986;-0.93163;5.77;1.06837;5.77;-0.00134059;6.70297;-0.0161998;0.0863931
205;0.208986;-0.93163;5.77;1.06837;5.77;-0.00134059;6.70297;-0.0163894;0.0865866
206;0.208986;-0.93163;5.77;1.06837;5.77;-0.00134059;6.70297;-0.0165791;0.0867802
207;0.208986;-0.93163;5.77;1.06837;5.77;-0.00134059;6.70297;-0.0167688;0.0869738
208;0.208986;-0.93163;5.77;1.06837;5.77;-0.00134059;6.70297;-0.0169585;0.0871673
209;0.208986;-0.93163;5.77;1.06837;5.77;-0.00134059;6.70297;-0.0171482;0.0873609
210;0.208986;-0.93163;5.77;1.06837;5.77;-0.00134059;6.70297;-0.0173379;0.0875544
211;0.208986;-0.93163;5.77;1.06837;5.77;-0.00134059;6.70297;-0.0175276;0.087748
212;0.208986;-0.93163;5.77;1.06837;5.77;-0.00134059;6.70297;-0.0177173;0.0879416
213;0.208986;-0.93163;5.77;1.06837;5.77;-0.00134059;6.70297;-0.017907;0.0881351
214;0.208986;-0.93163;5.77;1.06837;5.77;-0.00134059;6.70297;-0.0180967;0.0883287
215;0.208986;-0.93163;5.77;1.06837;5.77;-0.00134059;6.70297;-0.0182864;0.0885222
216;0.208986;-0.93163;5.77;1.06837;5.77;-0.00134059;6.70297;-0.0184761;0.0887158
217;0.208986;-0.93163;5.77;1.06837;5.77;-0.00134059;6.70297;-0.0186658;0.0889094
218;0.208986;-0.93163;5.77;1.06837;5.77;-0.00134059;6.70297;-0.0188555;0.0891029
219;0.208986;-0.93163;5.76999;1.06837;5.76999;-0.00134059;6.70297;-0.0190452;0.0892965
220;0.208986;-0.93163;5.76999;1.06837;5.76999;-0.00134059;6.70297;-0.0192349;0.0894901
221;0.208986;-0.93163;5.76999;1.06837;5.76999;-0.00134059;6.70297;-0.0194246;0.0896836
222;0.208986;-0.93163;5.76999;1.06837;5.76999;-0.00134059;6.70297;-0.0196143;0.0898772
223;0.208986;-0.93163;5.76999;1.06837;5.76999;-0.00134059;6.70297;-0.0198039;0.0900707
224;0.208986;-0.93163;5.76999;1.06837;5.76999;-0.00134059;6.70297;-0.0199936;0.0902643
225;0.208986;-0.93163;5.76999;1.06837;5.76999;-0.00134059;6.70297;-0.0201833;0.0904579
226;0.208986;-0.93163;5.76999;1.06837;5.76999;-0.00134059;6.70297;-0.020373;0.0906514
227;0.208986;-0.93163;5.76999;1.06837;5.76999;-0.00134059;6.70296;-0.0205627;0.090845
228;0.208986;-0.93163;5.76999;1.06837;5.76999;-0.00134059;6.70296;-0.0207524;0.0910385
229;0.208986;-0.93163;5.76999;1.06837;5.76999;-0.00134059;6.70296;-0.0209421;0.0912321
230;0.208986;-0.93163;5.76999;1.06837;5.76999;-0.00134059;6.70296;-0.0211318;0.0914257
231;0.208986;-0.93163;5.76999;1.06837;5.76999;-0.00134059;6.70296;-0.0213215;0.0916192
232;0.208986;-0.93163;5.76999;1.06837;5.76999;-0.00134059;6.70296;-0.0215112;0.0918128
233;0.208986;-0.93163;5.76999;1.06837;5.76999;-0.00134059;6.70296;-0.0217009;0.0920063
234;0.208986;-0.93163;5.76999;1.06837;5.76999;-0.00134059;6.70296;-0.0218906;0.0921999
235;0.208986;-0.93163;5.76999;1.06837;5.76999;-0.00134059;6.70296;-0.0220803;0.0923935
236;0.208986;-0.93163;5.76999;1.06837;5.76999;-0.00134059;6.70296;-0.02227;0.092587
237;0.208986;-0.93163;5.76999;1.06837;5.76999;-0.00134059;6.70296;-0.0224597;0.0927806
238;0.208986;-0.93163;5.76999;1.06837;5.76999;-0.00134059;6.70296;-0.0226494;0.0929742
239;0.208986;-0.93163;5.76999;1.06837;5.76999;-0.00134059;6.70296;-0.0228391;0.0931677
240;0.208986;-0.93163;5.76999;1.06837;5.76999;-0.00134059;6.70296;-0.0230288;0.0933613
241;0.208986;-0.93163;5.76999;1.06837;5.76999;-0.00134059;6.70296;-0.0232185;0.0935548
242;0.208986;-0.93163;5.76999;1.06837;5.76999;-0.00134059;6.70296;-0.0234081;0.0937484
243;0.208986;-0.93163;5.76999;1.06837;5.76999;-0.00134059;6.70296;-0.0235978;0.093942
244;0.208986;-0.93163;5.76999;1.06837;5.76999;-0.00134059;6.70296;-0.0237875;0.0941355
245;0.208986;-0.93163;5.76999;1.06837;5.76999;-0.00134059;6.70296;-0.0239772;0.0943291
246;0.208986;-0.93163;5.76999;1.06837;5.76999;-0.00134059;6.70296;-0.0241669;0.0945226
247;0.208986;-0.93163;5.76999;1.06837;5.76999;-0.00134059;6.70296;-0.0243566;0.0947162
248;0.208986;-0.93163;5.76999;1.06837;5.76999;-0.00134059;6.70296;-0.0245463;0.0949098
249;0.208986;-0.93163;5.76999;1.06837;5.76999;-0.00134059;6.70296;-0.024736;0.0951033
250;0.208986;-0.93163;5.76999;1.06837;5.76999;-0.00134059;6.70296;-0.0249257;0.0952969
251;0.208986;-0.93163;5.76999;1.06837;5.76999;-0.00134059;6.70296;-0.0251154;0.0954904
252;0.208986;-0.93163;5.76999;1.06837;5.76999;-0.00134059;6.70296;-0.0253051;0.095684
253;0.208986;-0.93163;5.76999;1.06837;5.76999;-0.00134059;6.70296;-0.0254948;0.0958776
254;0.208986;-0.93163;5.76999;1.06837;5.76999;-0.00134059;6.70296;-0.0256845;0.0960711
255;0.208986;-0.93163;5.76999;1.06837;5.76999;-0.00134059;6.70296;-0.0258742;0.0962647
256;0.208986;-0.93163;5.76999;1.06837;5.76999;-0.00134059;6.70296;-0.0260639;0.0964582
257;0.208986;-0.93163;5.76999;1.06837;5.76999;-0.00134059;6.70296;-0.0262536;0.0966518
258;0.208986;-0.93163;5.76999;1.06837;5.76999;-0.00134059;6.70296;-0.0264433;0.0968454
259;0.208986;-0.93163;5.76999;1.06837;5.76999;-0.00134059;6.70296;-0.026633;0.0970389
260;0.208986;-0.93163;5.76999;1.06837;5.76999;-0.00134059;6.70296;-0.0268226;0.0972325
261;0.208986;-0.93163;5.76999;1.06837;5.76999;-0.00134059;6.70296;-0.0270123;0.0974261
262;0.208986;-0.93163;5.76999;1.06837;5.76999;-0.00134059;6.70296;-0.027202;0.0976196
263;0.208986;-0.93163;5.76999;1.06837;5.76999;-0.00134059;6.70296;-0.0273917;0.0978132
264;0.208986;-0.93163;5.76999;1.06837;5.76999;-0.00134059;6.70296;-0.0275814;0.0980067
265;0.208986;-0.93163;5.76999;1.06837;5.76999;-0.00134059;6.70296;-0.0277711;0.0982003
266;0.208986;-0.93163;5.76999;1.06837;5.76999;-0.00134059;6.70296;-0.0279608;0.0983939
267;0.208986;-0.93163;5.76999;1.06837;5.76999;-0.00134059;6.70296;-0.0281505;0.0985874
268;0.208986;-0.93163;5.76999;1.06837;5.76999;-0.00134059;6.70296;-0.0283402;0.098781
269;0.208986;-0.93163;5.76999;1.06837;5.76999;-0.00134059;6.70296;-0.0285299;0.0989745
270;0.208986;-0.93163;5.76999;1.06837;5.76999;-0.00134059;6.70296;-0.0287196;0.0991681
271;0.208986;-0.93163;5.76999;1.06837;5.76999;-0.00134059;6.70296;-0.0289093;0.0993617
272;0.208986;-0.93163;5.76999;1.06837;5.76999;-0.00134059;6.70296;-0.029099;0.0995552
273;0.208986;-0.93163;5.76999;1.06837;5.76999;-0.00134059;6.70296;-0.0292887;0.0997488
274;0.208986;-0.93163;5.76999;1.06837;5.76999;-0.00134059;6.70296;-0.0294784;0.0999423
275;0.208986;-0.93163;5.76999;1.06837;5.76999;-0.00134059;6.70296;-0.0296681;0.100136
276;0.208986;-0.93163;5.76999;1.06837;5.76999;-0.00134059;6.70296;-0.0298578;0.100329
277;0.208986;-0.93163;5.76999;1.06837;5.76999;-0.00134059;6.70296;-0.0300475;0.100523
278;0.208986;-0.93163;5.76999;1.06837;5.76999;-0.00134059;6.70296;-0.0302371;0.100717
279;0.208986;-0.93163;5.76999;1.06837;5.76999;-0.00134059;6.70296;-0.0304268;0.10091
280;0.208986;-0.93163;5.76999;1.06837;5.76999;-0.00134059;6.70296;-0.0306165;0.101104
281;0.208986;-0.93163;5.76999;1.06837;5.76999;-0.00134059;6.70296;-0.0308062;0.101297
282;0.208986;-0.93163;5.76999;1.06837;5.76999;-0.00134059;6.70296;-0.0309959;0.101491
283;0.208986;-0.93163;5.76999;1.06837;5.76999;-0.00134059;6.70296;-0.0311856;0.101684
284;0.208986;-0.93163;5.76999;1.06837;5.76999;-0.00134059;6.70296;-0.0313753;0.101878
285;0.208986;-0.93163;5.76999;1.06837;5.76999;-0.00134059;6.70296;-0.031565;0.102072
286;0.208986;-0.93163;5.76999;1.06837;5.76999;-0.00134059;6.70296;-0.0317547;0.102265
287;0.208986;-0.93163;5.76999;1.06837;5.76999;-0.00134059;6.70296;-0.0319444;0.102459
288;0.208986;-0.93163;5.76999;1.06837;5.76999;-0.00134059;6.70296;-0.0321341;0.102652
289;0.208986;-0.93163;5.76999;1.06837;5.76999;-0.00134059;6.70296;-0.0323238;0.102846
290;0.208986;-0.93163;5.76999;1.06837;5.76999;-0.00134059;6.70296;-0.0325135;0.103039
291;0.208986;-0.93163;5.76999;1.06837;5.76999;-0.00134059;6.70296;-0.0327032;0.103233
292;0.208986;-0.93163;5.76999;1.06837;5.76999;-0.00134059;6.70296;-0.0328929;0.103426
293;0.208986;-0.93163;5.76999;1.06837;5.76999;-0.00134059;6.70296;-0.0330826;0.10362
294;0.208986;-0.93163;5.76999;1.06837;5.76999;-0.00134059;6.70296;-0.0332723;0.103814
295;0.208986;-0.93163;5.76999;1.06837;5.76999;-0.00134059;6.70296;-0.033462;0.104007
296;0.208986;-0.93163;5.76999;1.06837;5.76999;-0.00134059;6.70296;-0.0336516;0.104201
297;0.208986;-0.93163;5.76999;1.06837;5.76999;-0.00134059;6.70296;-0.0338413;0.104394
298;0.208986;-0.93163;5.76999;1.06837;5.76999;-0.00134059;6.70296;-0.034031;0.104588
299;0.208986;-0.93163;5.76999;1.06837;5.76999;-0.00134059;6.70296;-0.0342207;0.104781
300;0.208986;-0.93163;5.76999;1.06837;5.76999;-0.00134059;6.70296;-0.0344104;0.104975
301;0.208986;-0.93163;5.76999;1.06837;5.76999;-0.00134059;6.70296;-0.0346001;0.105168
302;0.208986;-0.93163;5.76999;1.06837;5.76999;-0.00134059;6.70296;-0.0347898;0.105362
303;0.208986;-0.93163;5.76999;1.06837;5.76999;-0.00134059;6.70296;-0.0349795;0.105556
304;0.208986;-0.93163;5.76999;1.06837;5.76999;-0.00134059;6.70296;-0.0351692;0.105749
305;0.208986;-0.93163;5.76999;1.06837;5.76999;-0.00134059;6.70296;-0.0353589;0.105943
306;0.208986;-0.93163;5.76999;1.06837;5.76999;-0.00134059;6.70296;-0.0355486;0.106136
307;0.208986;-0.93163;5.76999;1.06837;5.76999;-0.00134059;6.70296;-0.0357383;0.10633
308;0.208986;-0.93163;5.76999;1.06837;5.76999;-0.00134059;6.70296;-0.035928;0.106523
309;0.208986;-0.93163;5.76999;1.06837;5.76999;-0.00134059;6.70296;-0.0361177;0.106717
310;0.208986;-0.93163;5.76999;1.06837;5.76999;-0.00134059;6.70296;-0.0363074;0.106911
311;0.208986;-0.93163;5.76999;1.06837;5.76999;-0.00134059;6.70296;-0.0364971;0.107104
312;0.208986;-0.93163;5.76999;1.06837;5.76999;-0.00134059;6.70296;-0.0366868;0.107298
313;0.208986;-0.93163;5.76999;1.06837;5.76999;-0.00134059;6.70296;-0.0368765;0.107491
314;0.208986;-0.93163;5.76999;1.06837;5.76999;-0.00134059;6.70296;-0.0370661;0.107685
315;0.208986;-0.93163;5.76999;1.06837;5.76999;-0.00134059;6.70296;-0.0372558;0.107878
316;0.208986;-0.93163;5.76999;1.06837;5.76999;-0.00134059;6.70296;-0.0374455;0.108072
317;0.208986;-0.93163;5.76999;1.06837;5.76999;-0.00134059;6.70296;-0.0376352;0.108265
318;0.208986;-0.93163;5.76999;1.06837;5.76999;-0.00134059;6.70296;-0.0378249;0.108459
319;0.208986;-0.93163;5.76999;1.06837;5.76999;-0.00134059;6.70296;-0.0380146;0.108653
320;0.208986;-0.93163;5.76999;1.06837;5.76999;-0.00134059;6.70296;-0.0382043;0.108846
321;0.208986;-0.93163;5.76999;1.06837;5.76999;-0.00134059;6.70296;-0.038394;0.10904
322;0.208986;-0.93163;5.76999;1.06837;5.76999;-0.00134059;6.70296;-0.0385837;0.109233
323;0.208986;-0.93163;5.76999;1.06837;5.76999;-0.00134059;6.70296;-0.0387734;0.109427
324;0.208986;-0.93163;5.76999;1.06837;5.76999;-0.00134059;6.70296;-0.0389631;0.10962
325;0.208986;-0.93163;5.76999;1.06837;5.76999;-0.00134059;6.70296;-0.0391528;0.109814
326;0.208986;-0.93163;5.76999;1.06837;5.76999;-0.00134059;6.70296;-0.0393425;0.110008
327;0.208986;-0.93163;5.76999;1.06837;5.76999;-0.00134059;6.70296;-0.0395322;0.110201
328;0.208986;-0.93163;5.76999;1.06837;5.76999;-0.00134059;6.70296;-0.0397219;0.110395
329;0.208986;-0.93163;5.76999;1.06837;5.76999;-0.00134059;6.70296;-0.0399116;0.110588
330;0.208986;-0.93163;5.76999;1.06837;5.76999;-0.00134059;6.70296;-0.0401013;0.110782
331;0.208986;-0.93163;5.76999;1.06837;5.76999;-0.00134059;6.70296;-0.040291;0.110975
332;0.208986;-0.93163;5.76999;1.06837;5.76999;-0.00134059;6.70296;-0.0404806;0.111169
333;0.208986;-0.93163;5.76999;1.06837;5.76999;-0.00134059;6.70296;-0.0406703;0.111362
334;0.208986;-0.93163;5.76999;1.06837;5.76999;-0.00134059;6.70296;-0.04086;0.111556
335;0.208986;-0.93163;5.76999;1.06837;5.76999;-0.00134059;6.70296;-0.0410497;0.11175
336;0.208986;-0.93163;5.76999;1.06837;5.76999;-0.00134059;6.70296;-0.0412394;0.111943
337;0.208986;-0.93163;5.76999;1.06837;5.76999;-0.00134059;6.70296;-0.0414291;0.112137
338;0.208986;-0.93163;5.76999;1.06837;5.76999;-0.00134059;6.70296;-0.0416188;0.11233
339;0.208986;-0.93163;5.76999;1.06837;5.76999;-0.00134059;6.70296;-0.0418085;0.112524
340;0.208986;-0.93163;5.76999;1.06837;5.76999;-0.00134059;6.70296;-0.0419982;0.112717
341;0.208986;-0.93163;5.76999;1.06837;5.76999;-0.00134059;6.70296;-0.0421879;0.112911
342;0.208986;-0.93163;5.76999;1.06837;5.76999;-0.00134059;6.70296;-0.0423776;0.113104
343;0.208986;-0.93163;5.76999;1.06837;5.76999;-0.00134059;6.70296;-0.0425673;0.113298
344;0.208986;-0.93163;5.76999;1.06837;5.76999;-0.00134059;6.70296;-0.042757;0.113492
345;0.208986;-0.93163;5.76999;1.06837;5.76999;-0.00134059;6.70296;-0.0429467;0.113685
346;0.208986;-0.93163;5.76999;1.06837;5.76999;-0.00134059;6.70296;-0.0431364;0.113879
347;0.208986;-0.93163;5.76999;1.06837;5.76999;-0.00134059;6.70296;-0.0433261;0.114072
348;0.208986;-0.93163;5.76999;1.06837;5.76999;-0.00134059;6.70296;-0.0435158;0.114266
349;0.208986;-0.93163;5.76999;1.06837;5.76999;-0.00134059;6.70296;-0.0437055;0.114459
350;0.208986;-0.93163;5.76999;1.06837;5.76999;-0.00134059;6.70296;-0.0438951;0.114653
351;0.208986;-0.93163;5.76999;1.06837;5.76999;-0.00134059;6.70296;-0.0440848;0.114847
352;0.208986;-0.93163;5.76999;1.06837;5.76999;-0.00134059;6.70296;-0.0442745;0.11504
353;0.208986;-0.93163;5.76999;1.06837;5.76999;-0.00134059;6.70296;-0.0444642;0.115234
354;0.208986;-0.93163;5.76999;1.06837;5.76999;-0.00134059;6.70296;-0.0446539;0.115427
355;0.208986;-0.93163;5.76999;1.06837;5.76999;-0.00134059;6.70296;-0.0448436;0.115621
356;0.208986;-0.93163;5.76999;1.06837;5.76999;-0.00134059;6.70296;-0.0450333;0.115814
357;0.208986;-0.93163;5.76999;1.06837;5.76999;-0.00134059;6.70296;-0.045223;0.116008
358;0.208986;-0.93163;5.76999;1.06837;5.76999;-0.00134059;6.70296;-0.0454127;0.116201
359;0.208986;-0.93163;5.76999;1.06837;5.76999;-0.00134059;6.70296;-0.0456024;0.116395
360;0.208986;-0.93163;5.76999;1.06837;5.76999;-0.00134059;6.70296;-0.0457921;0.116589
361;0.208986;-0.93163;5.76999;1.06837;5.76999;-0.00134059;6.70296;-0.0459818;0.116782
362;0.208986;-0.93163;5.76999;1.06837;5.76999;-0.00134059;6.70296;-0.0461715;0.116976
363;0.208986;-0.93163;5.76999;1.06837;5.76999;-0.00134059;6.70296;-0.0463612;0.117169
364;0.208986;-0.93163;5.76999;1.06837;5.76999;-0.00134059;6.70296;-0.0465509;0.117363
365;0.208986;-0.93163;5.76999;1.06837;5.76999;-0.00134059;6.70296;-0.0467406;0.117556
366;0.208986;-0.93163;5.76999;1.06837;5.76999;-0.00134059;6.70296;-0.0469303;0.11775
367;0.208986;-0.93163;5.76999;1.06837;5.76999;-0.00134059;6.70296;-0.04712;0.117944
368;0.208986;-0.93163;5.76999;1.06837;5.76999;-0.00134059;6.70296;-0.0473096;0.118137
369;0.208986;-0.93163;5.76999;1.06837;5.76999;-0.00134059;6.70296;-0.0474993;0.118331
370;0.208986;-0.93163;5.76999;1.06837;5.76999;-0.00134059;6.70296;-0.047689;0.118524
371;0.208986;-0.93163;5.76999;1.06837;5.76999;-0.00134059;6.70296;-0.0478787;0.118718
372;0.208986;-0.93163;5.76999;1.06837;5.76999;-0.00134059;6.70296;-0.0480684;0.118911
373;0.208986;-0.93163;5.76999;1.06837;5.76999;-0.00134059;6.70296;-0.0482581;0.119105
374;0.208986;-0.93163;5.76999;1.06837;5.76999;-0.00134059;6.70296;-0.0484478;0.119298
375;0.208986;-0.93163;5.76999;1.06837;5.76999;-0.00134059;6.70296;-0.0486375;0.119492
376;0.208986;-0.93163;5.76999;1.06837;5.76999;-0.00134059;6.70296;-0.0488272;0.119686
377;0.208986;-0.93163;5.76999;1.06837;5.76999;-0.00134059;6.70296;-0.0490169;0.119879
378;0.208986;-0.93163;5.76999;1.06837;5.76999;-0.00134059;6.70296;-0.0492066;0.120073
379;0.208986;-0.93163;5.76999;1.06837;5.76999;-0.00134059;6.70296;-0.0493963;0.120266
380;0.208986;-0.93163;5.76999;1.06837;5.76999;-0.00134059;6.70296;-0.049586;0.12046
381;0.208986;-0.93163;5.76999;1.06837;5.76999;-0.00134059;6.70296;-0.0497757;0.120653
382;0.208986;-0.93163;5.76999;1.06837;5.76999;-0.00134059;6.70296;-0.0499654;0.120847
383;0.208986;-0.93163;5.76999;1.06837;5.76999;-0.00134059;6.70296;-0.0501551;0.12104
384;0.208986;-0.93163;5.76999;1.06837;5.76999;-0.00134059;6.70296;-0.0503448;0.121234
385;0.208986;-0.93163;5.76999;1.06837;5.76999;-0.00134059;6.70296;-0.0505345;0.121428
386;0.208986;-0.93163;5.76999;1.06837;5.76999;-0.00134059;6.70296;-0.0507241;0.121621
387;0.208987;-0.93163;5.76999;1.06837;5.76999;-0.00134059;6.70296;-0.0509138;0.121815
388;0.208987;-0.93163;5.76999;1.06837;5.76999;-0.00134059;6.70296;-0.0511035;0.122008
389;0.208987;-0.93163;5.76999;1.06837;5.76999;-0.00134059;6.70296;-0.0512932;0.122202
390;0.208987;-0.93163;5.76999;1.06837;5.76999;-0.00134059;6.70296;-0.0514829;0.122395
391;0.208987;-0.93163;5.76999;1.06837;5.76999;-0.00134059;6.70296;-0.0516726;0.122589
392;0.208987;-0.93163;5.76999;1.06837;5.76999;-0.00134059;6.70296;-0.0518623;0.122783
393;0.208987;-0.93163;5.76999;1.06837;5.76999;-0.00134059;6.70296;-0.052052;0.122976
394;0.208987;-0.93163;5.76999;1.06837;5.76999;-0.00134059;6.70296;-0.0522417;0.12317
395;0.208987;-0.93163;5.76999;1.06837;5.76999;-0.00134059;6.70296;-0.0524314;0.123363
396;0.208987;-0.93163;5.76999;1.06837;5.76999;-0.00134059;6.70296;-0.0526211;0.123557
397;0.208987;-0.93163;5.76999;1.06837;5.76999;-0.00134059;6.70296;-0.0528108;0.12375
398;0.208987;-0.93163;5.76999;1.06837;5.76999;-0.00134059;6.70296;-0.0530005;0.123944
399;0.208987;-0.93163;5.76999;1.06837;5.76999;-0.00134059;6.70296;-0.0531902;0.124137
400;0.208987;-0.93163;5.76999;1.06837;5.76999;-0.00134059;6.70296;-0.0533799;0.124331
401;0.208987;-0.93163;5.76999;1.06837;5.76999;-0.00134059;6.70296;-0.0535696;0.124525
402;0.208987;-0.93163;5.76999;1.06837;5.76999;-0.00134059;6.70296;-0.0537593;0.124718
403;0.208987;-0.93163;5.76999;1.06837;5.76999;-0.00134059;6.70296;-0.053949;0.124912
404;0.208987;-0.93163;5.76999;1.06837;5.76999;-0.00134059;6.70296;-0.0541386;0.125105
405;0.208987;-0.93163;5.76999;1.06837;5.76999;-0.00134059;6.70296;-0.0543283;0.125299
406;0.208987;-0.93163;5.76999;1.06837;5.76999;-0.00134059;6.70296;-0.054518;0.125492
407;0.208987;-0.93163;5.76999;1.06837;5.76999;-0.00134059;6.70296;-0.0547077;0.125686
408;0.208987;-0.93163;5.76999;1.06837;5.76999;-0.00134059;6.70296;-0.0548974;0.12588
409;0.208987;-0.93163;5.76999;1.06837;5.76999;-0.00134059;6.70296;-0.0550871;0.126073
410;0.208987;-0.93163;5.76999;1.06837;5.76999;-0.00134059;6.70296;-0.0552768;0.126267
411;0.208987;-0.93163;5.76999;1.06837;5.76999;-0.00134059;6.70296;-0.0554665;0.12646
412;0.208987;-0.93163;5.76999;1.06837;5.76999;-0.00134059;6.70296;-0.0556562;0.126654
413;0.208987;-0.93163;5.76999;1.06837;5.76999;-0.00134059;6.70296;-0.0558459;0.126847
414;0.208987;-0.93163;5.76999;1.06837;5.76999;-0.00134059;6.70296;-0.0560356;0.127041
415;0.208987;-0.93163;5.76999;1.06837;5.76999;-0.00134059;6.70296;-0.0562253;0.127234
416;0.208987;-0.93163;5.76999;1.06837;5.76999;-0.00134059;6.70296;-0.056415;0.127428
417;0.208987;-0.93163;5.76999;1.06837;5.76999;-0.00134059;6.70296;-0.0566047;0.127622
418;0.208987;-0.93163;5.76999;1.06837;5.76999;-0.00134059;6.70296;-0.0567944;0.127815
419;0.208987;-0.93163;5.76999;1.06837;5.76999;-0.00134059;6.70296;-0.0569841;0.128009
420;0.208987;-0.93163;5.76999;1.06837;5.76999;-0.00134059;6.70296;-0.0571738;0.128202
421;0.208987;-0.93163;5.76999;1.06837;5.76999;-0.00134059;6.70296;-0.0573634;0.128396
422;0.208987;-0.93163;5.76999;1.06837;5.76999;-0.00134059;6.70296;-0.0575531;0.128589
423;0.208987;-0.93163;5.76999;1.06837;5.76999;-0.00134059;6.70296;-0.0577428;0.128783
424;0.208987;-0.93163;5.76999;1.06837;5.76999;-0.00134059;6.70296;-0.0579325;0.128976
425;0.208987;-0.93163;5.76999;1.06837;5.76999;-0.00134059;6.70296;-0.0581222;0.12917
426;0.208987;-0.93163;5.76999;1.06837;5.76999;-0.00134059;6.70296;-0.0583119;0.129364
427;0.208987;-0.93163;5.76999;1.06837;5.76999;-0.00134059;6.70296;-0.0585016;0.129557
428;0.208987;-0.93163;5.76999;1.06837;5.76999;-0.00134059;6.70296;-0.0586913;0.129751
429;0.208987;-0.93163;5.76999;1.06837;5.76999;-0.00134059;6.70296;-0.058881;0.129944
430;0.208987;-0.93163;5.76999;1.06837;5.76999;-0.00134059;6.70296;-0.0590707;0.130138
431;0.208987;-0.93163;5.76999;1.06837;5.76999;-0.00134059;6.70296;-0.0592604;0.130331
432;0.208987;-0.93163;5.76999;1.06837;5.76999;-0.00134059;6.70296;-0.0594501;0.130525
433;0.208987;-0.93163;5.76999;1.06837;5.76999;-0.00134059;6.70296;-0.0596398;0.130719
434;0.208987;-0.93163;5.76999;1.06837;5.76999;-0.00134059;6.70296;-0.0598295;0.130912
435;0.208987;-0.93163;5.76999;1.06837;5.76999;-0.00134059;6.70296;-0.0600192;0.131106
436;0.208987;-0.93163;5.76999;1.06837;5.76999;-0.00134059;6.70296;-0.0602089;0.131299
437;0.208987;-0.93163;5.76998;1.06837;5.76998;-0.00134059;6.70296;-0.0603986;0.131493
438;0.208987;-0.93163;5.76998;1.06837;5.76998;-0.00134059;6.70296;-0.0605883;0.131686
439;0.208987;-0.93163;5.76998;1.06837;5.76998;-0.00134059;6.70296;-0.0607779;0.13188
440;0.208987;-0.93163;5.76998;1.06837;5.76998;-0.00134059;6.70296;-0.0609676;0.132073
441;0.208987;-0.93163;5.76998;1.06837;5.76998;-0.00134059;6.70296;-0.0611573;0.132267
442;0.208987;-0.93163;5.76998;1.06837;5.76998;-0.00134059;6.70296;-0.061347;0.132461
443;0.208987;-0.93163;5.76998;1.06837;5.76998;-0.00134059;6.70296;-0.0615367;0.132654
444;0.208987;-0.93163;5.76998;1.06837;5.76998;-0.00134059;6.70296;-0.0617264;0.132848
445;0.208987;-0.93163;5.76998;1.06837;5.76998;-0.00134059;6.70296;-0.0619161;0.133041
446;0.208987;-0.93163;5.76998;1.06837;5.76998;-0.00134059;6.70296;-0.0621058;0.133235
447;0.208987;-0.93163;5.76998;1.06837;5.76998;-0.00134059;6.70295;-0.0622955;0.133428
448;0.208987;-0.93163;5.76998;1.06837;5.76998;-0.00134059;6.70295;-0.0624852;0.133622
449;0.208987;-0.93163;5.76998;1.06837;5.76998;-0.00134059;6.70295;-0.0626749;0.133815
450;0.208987;-0.93163;5.76998;1.06837;5.76998;-0.00134059;6.70295;-0.0628646;0.134009
451;0.208987;-0.93163;5.76998;1.06837;5.76998;-0.00134059;6.70295;-0.0630543;0.134203
452;0.208987;-0.93163;5.76998;1.06837;5.76998;-0.00134059;6.70295;-0.063244;0.134396
453;0.208987;-0.93163;5.76998;1.06837;5.76998;-0.00134059;6.70295;-0.0634337;0.13459
454;0.208987;-0.93163;5.76998;1.06837;5.76998;-0.00134059;6.70295;-0.0636234;0.134783
455;0.208987;-0.93163;5.76998;1.06837;5.76998;-0.00134059;6.70295;-0.0638131;0.134977
456;0.208987;-0.93163;5.76998;1.06837;5.76998;-0.00134059;6.70295;-0.0640027;0.13517
457;0.208987;-0.93163;5.76998;1.06837;5.76998;-0.00134059;6.70295;-0.0641924;0.135364
458;0.208987;-0.93163;5.76998;1.06837;5.76998;-0.00134059;6.70295;-0.0643821;0.135558
459;0.208987;-0.93163;5.76998;1.06837;5.76998;-0.00134059;6.70295;-0.0645718;0.135751
460;0.208987;-0.93163;5.76998;1.06837;5.76998;-0.00134059;6.70295;-0.0647615;0.135945
461;0.208987;-0.93163;5.76998;1.06837;5.76998;-0.00134059;6.70295;-0.0649512;0.136138
462;0.208987;-0.93163;5.76998;1.06837;5.76998;-0.00134059;6.70295;-0.0651409;0.136332
463;0.208987;-0.93163;5.76998;1.06837;5.76998;-0.00134059;6.70295;-0.0653306;0.136525
464;0.208987;-0.93163;5.76998;1.06837;5.76998;-0.00134059;6.70295;-0.0655203;0.136719
465;0.208987;-0.93163;5.76998;1.06837;5.76998;-0.00134059;6.70295;-0.06571;0.136912
466;0.208987;-0.93163;5.76998;1.06837;5.76998;-0.00134059;6.70295;-0.0658997;0.137106
467;0.208987;-0.93163;5.76998;1.06837;5.76998;-0.00134059;6.70295;-0.0660894;0.1373
468;0.208987;-0.93163;5.76998;1.06837;5.76998;-0.00134059;6.70295;-0.0662791;0.137493
469;0.208987;-0.93163;5.76998;1.06837;5.76998;-0.00134059;6.70295;-0.0664688;0.137687
470;0.208987;-0.93163;5.76998;1.06837;5.76998;-0.00134059;6.70295;-0.0666585;0.13788
471;0.208987;-0.93163;5.76998;1.06837;5.76998;-0.00134059;6.70295;-0.0668482;0.138074
472;0.208987;-0.93163;5.76998;1.06837;5.76998;-0.00134059;6.70295;-0.0670379;0.138267
473;0.208987;-0.93163;5.76998;1.06837;5.76998;-0.00134059;6.70295;-0.0672275;0.138461
474;0.208987;-0.93163;5.76998;1.06837;5.76998;-0.00134059;6.70295;-0.0674172;0.138655
475;0.208987;-0.93163;5.76998;1.06837;5.76998;-0.00134059;6.70295;-0.0676069;0.138848
476;0.208987;-0.93163;5.76998;1.06837;5.76998;-0.00134059;6.70295;-0.0677966;0.139042
477;0.208987;-0.93163;5.76998;1.06837;5.76998;-0.00134059;6.70295;-0.0679863;0.139235
478;0.208987;-0.93163;5.76998;1.06837;5.76998;-0.00134059;6.70295;-0.068176;0.139429
479;0.208987;-0.93163;5.76998;1.06837;5.76998;-0.00134059;6.70295;-0.0683657;0.139622
480;0.208987;-0.93163;5.76998;1.06837;5.76998;-0.00134059;6.70295;-0.0685554;0.139816
481;0.208987;-0.93163;5.76998;1.06837;5.76998;-0.00134059;6.70295;-0.0687451;0.140009
482;0.208987;-0.93163;5.76998;1.06837;5.76998;-0.00134059;6.70295;-0.0689348;0.140203
483;0.208987;-0.93163;5.76998;1.06837;5.76998;-0.00134059;6.70295;-0.0691245;0.140397
484;0.208987;-0.93163;5.76998;1.06837;5.76998;-0.00134059;6.70295;-0.0693142;0.14059
485;0.208987;-0.93163;5.76998;1.06837;5.76998;-0.00134059;6.70295;-0.0695039;0.140784
486;0.208987;-0.93163;5.76998;1.06837;5.76998;-0.00134059;6.70295;-0.0696936;0.140977
487;0.208987;-0.93163;5.76998;1.06837;5.76998;-0.00134059;6.70295;-0.0698833;0.141171
488;0.208987;-0.93163;5.76998;1.06837;5.76998;-0.00134059;6.70295;-0.070073;0.141364
489;0.208987;-0.93163;5.76998;1.06837;5.76998;-0.00134059;6.70295;-0.0702627;0.141558
490;0.208987;-0.93163;5.76998;1.06837;5.76998;-0.00134059;6.70295;-0.0704524;0.141751
491;0.208987;-0.93163;5.76998;1.06837;5.76998;-0.00134059;6.70295;-0.070642;0.141945
492;0.208987;-0.93163;5.76998;1.06837;5.76998;-0.00134059;6.70295;-0.0708317;0.142139
493;0.208987;-0.93163;5.76998;1.06837;5.76998;-0.00134059;6.70295;-0.0710214;0.142332
494;0.208987;-0.93163;5.76998;1.06837;5.76998;-0.00134059;6.70295;-0.0712111;0.142526
495;0.208987;-0.93163;5.76998;1.06837;5.76998;-0.00134059;6.70295;-0.0714008;0.142719
496;0.208987;-0.93163;5.76998;1.06837;5.76998;-0.00134059;6.70295;-0.0715905;0.142913
497;0.208987;-0.93163;5.76998;1.06837;5.76998;-0.00134059;6.70295;-0.0717802;0.143106
498;0.208987;-0.93163;5.76998;1.06837;5.76998;-0.00134059;6.70295;-0.0719699;0.1433
499;0.208987;-0.93163;5.76998;1.06837;5.76998;-0.00134059;6.70295;-0.0721596;0.143494
500;0.208987;-0.93163;5.76998;1.06837;5.76998;-0.00134059;6.70295;-0.0723493;0.143687
501;0.208987;-0.93163;5.76998;1.06837;5.76998;-0.00134059;6.70295;-0.072539;0.143881
502;0.208987;-0.93163;5.76998;1.06837;5.76998;-0.00134059;6.70295;-0.0727287;0.144074
503;0.208987;-0.93163;5.76998;1.06837;5.76998;-0.00134059;6.70295;-0.0729184;0.144268
504;0.208987;-0.93163;5.76998;1.06837;5.76998;-0.00134059;6.70295;-0.0731081;0.144461
505;0.208987;-0.93163;5.76998;1.06837;5.76998;-0.00134059;6.70295;-0.0732978;0.144655
506;0.208987;-0.93163;5.76998;1.06837;5.76998;-0.00134059;6.70295;-0.0734875;0.144848
507;0.208987;-0.93163;5.76998;1.06837;5.76998;-0.00134059;6.70295;-0.0736772;0.145042
508;0.208987;-0.93163;5.76998;1.06837;5.76998;-0.00134059;6.70295;-0.0738668;0.145236
509;0.208987;-0.93163;5.76998;1.06837;5.76998;-0.00134059;6.70295;-0.0740565;0.145429
510;0.208987;-0.93163;5.76998;1.06837;5.76998;-0.00134059;6.70295;-0.0742462;0.145623
511;0.208987;-0.93163;5.76998;1.06837;5.76998;-0.00134059;6.70295;-0.0744359;0.145816
512;0.208987;-0.93163;5.76998;1.06837;5.76998;-0.00134059;6.70295;-0.0746256;0.14601
513;0.208987;-0.93163;5.76998;1.06837;5.76998;-0.00134059;6.70295;-0.0748153;0.146203
514;0.208987;-0.93163;5.76998;1.06837;5.76998;-0.00134059;6.70295;-0.075005;0.146397
515;0.208987;-0.93163;5.76998;1.06837;5.76998;-0.00134059;6.70295;-0.0751947;0.146591
516;0.208987;-0.93163;5.76998;1.06837;5.76998;-0.00134059;6.70295;-0.0753844;0.146784
517;0.208987;-0.93163;5.76998;1.06837;5.76998;-0.00134059;6.70295;-0.0755741;0.146978
518;0.208987;-0.93163;5.76998;1.06837;5.76998;-0.00134059;6.70295;-0.0757638;0.147171
519;0.208987;-0.93163;5.76998;1.06837;5.76998;-0.00134059;6.70295;-0.0759535;0.147365
520;0.208987;-0.93163;5.76998;1.06837;5.76998;-0.00134059;6.70295;-0.0761432;0.147558
521;0.208987;-0.93163;5.76998;1.06837;5.76998;-0.00134059;6.70295;-0.0763329;0.147752
522;0.208987;-0.93163;5.76998;1.06837;5.76998;-0.00134059;6.70295;-0.0765226;0.147945
523;0.208987;-0.93163;5.76998;1.06837;5.76998;-0.00134059;6.70295;-0.0767123;0.148139
524;0.208987;-0.93163;5.76998;1.06837;5.76998;-0.00134059;6.70295;-0.076902;0.148333
525;0.208987;-0.93163;5.76998;1.06837;5.76998;-0.00134059;6.70295;-0.0770916;0.148526
526;0.208987;-0.93163;5.76998;1.06837;5.76998;-0.00134059;6.70295;-0.0772813;0.14872
527;0.208987;-0.93163;5.76998;1.06837;5.76998;-0.00134059;6.70295;-0.077471;0.148913
528;0.208987;-0.93163;5.76998;1.06837;5.76998;-0.00134059;6.70295;-0.0776607;0.149107
529;0.208987;-0.93163;5.76998;1.06837;5.76998;-0.00134059;6.70295;-0.0778504;0.1493
530;0.208987;-0.93163;5.76998;1.06837;5.76998;-0.00134059;6.70295;-0.0780401;0.149494
531;0.208987;-0.93163;5.76998;1.06837;5.76998;-0.00134059;6.70295;-0.0782298;0.149687
532;0.208987;-0.93163;5.76998;1.06837;5.76998;-0.00134059;6.70295;-0.0784195;0.149881
533;0.208987;-0.93163;5.76998;1.06837;5.76998;-0.00134059;6.70295;-0.0786092;0.150075
534;0.208987;-0.93163;5.76998;1.06837;5.76998;-0.00134059;6.70295;-0.0787989;0.150268
535;0.208987;-0.93163;5.76998;1.06837;5.76998;-0.00134059;6.70295;-0.0789886;0.150462
536;0.208987;-0.93163;5.76998;1.06837;5.76998;-0.00134059;6.70295;-0.0791783;0.150655
537;0.208987;-0.93163;5.76998;1.06837;5.76998;-0.00134059;6.70295;-0.079368;0.150849
538;0.208987;-0.93163;5.76998;1.06837;5.76998;-0.00134059;6.70295;-0.0795577;0.151042
539;0.208987;-0.93163;5.76998;1.06837;5.76998;-0.00134059;6.70295;-0.0797474;0.151236
540;0.208987;-0.93163;5.76998;1.06837;5.76998;-0.00134059;6.70295;-0.0799371;0.15143
541;0.208987;-0.93163;5.76998;1.06837;5.76998;-0.00134059;6.70295;-0.0801268;0.151623
542;0.208987;-0.93163;5.76998;1.06837;5.76998;-0.00134059;6.70295;-0.0803164;0.151817
543;0.208987;-0.93163;5.76998;1.06837;5.76998;-0.00134059;6.70295;-0.0805061;0.15201
544;0.208987;-0.93163;5.76998;1.06837;5.76998;-0.00134059;6.70295;-0.0806958;0.152204
545;0.208987;-0.93163;5.76998;1.06837;5.76998;-0.00134059;6.70295;-0.0808855;0.152397
546;0.208987;-0.93163;5.76998;1.06837;5.76998;-0.00134059;6.70295;-0.0810752;0.152591
547;0.208987;-0.93163;5.76998;1.06837;5.76998;-0.00134059;6.70295;-0.0812649;0.152784
548;0.208987;-0.93163;5.76998;1.06837;5.76998;-0.00134059;6.70295;-0.0814546;0.152978
549;0.208987;-0.93163;5.76998;1.06837;5.76998;-0.00134059;6.70295;-0.0816443;0.153172
550;0.208987;-0.93163;5.76998;1.06837;5.76998;-0.00134059;6.70295;-0.081834;0.153365
551;0.208987;-0.93163;5.76998;1.06837;5.76998;-0.00134059;6.70295;-0.0820237;0.153559
552;0.208987;-0.93163;5.76998;1.06837;5.76998;-0.00134059;6.70295;-0.0822134;0.153752
553;0.208987;-0.93163;5.76998;1.06837;5.76998;-0.00134059;6.70295;-0.0824031;0.153946
554;0.208987;-0.93163;5.76998;1.06837;5.76998;-0.00134059;6.70295;-0.0825928;0.154139
555;0.208987;-0.93163;5.76998;1.06837;5.76998;-0.00134059;6.70295;-0.0827825;0.154333
556;0.208987;-0.93163;5.76998;1.06837;5.76998;-0.00134059;6.70295;-0.0829722;0.154526
557;0.208987;-0.93163;5.76998;1.06837;5.76998;-0.00134059;6.70295;-0.0831619;0.15472
558;0.208987;-0.93163;5.76998;1.06837;5.76998;-0.00134059;6.70295;-0.0833516;0.154914
559;0.208987;-0.93163;5.76998;1.06837;5.76998;-0.00134059;6.70295;-0.0835412;0.155107
560;0.208987;-0.93163;5.76998;1.06837;5.76998;-0.00134059;6.70295;-0.0837309;0.155301
561;0.208987;-0.93163;5.76998;1.06837;5.76998;-0.00134059;6.70295;-0.0839206;0.155494
562;0.208987;-0.93163;5.76998;1.06837;5.76998;-0.00134059;6.70295;-0.0841103;0.155688
563;0.208987;-0.93163;5.76998;1.06837;5.76998;-0.00134059;6.70295;-0.0843;0.155881
564;0.208987;-0.93163;5.76998;1.06837;5.76998;-0.00134059;6.70295;-0.0844897;0.156075
565;0.208987;-0.93163;5.76998;1.06837;5.76998;-0.00134059;6.70295;-0.0846794;0.156269
566;0.208987;-0.93163;5.76998;1.06837;5.76998;-0.00134059;6.70295;-0.0848691;0.156462
567;0.208987;-0.93163;5.76998;1.06837;5.76998;-0.00134059;6.70295;-0.0850588;0.156656
568;0.208987;-0.93163;5.76998;1.06837;5.76998;-0.00134059;6.70295;-0.0852485;0.156849
569;0.208987;-0.93163;5.76998;1.06837;5.76998;-0.00134059;6.70295;-0.0854382;0.157043
570;0.208987;-0.93163;5.76998;1.06837;5.76998;-0.00134059;6.70295;-0.0856279;0.157236
571;0.208987;-0.93163;5.76998;1.06837;5.76998;-0.00134059;6.70295;-0.0858176;0.15743
572;0.208987;-0.93163;5.76998;1.06837;5.76998;-0.00134059;6.70295;-0.0860073;0.157623
573;0.208987;-0.93163;5.76998;1.06837;5.76998;-0.00134059;6.70295;-0.086197;0.157817
574;0.208987;-0.93163;5.76998;1.06837;5.76998;-0.00134059;6.70295;-0.0863867;0.158011
575;0.208987;-0.93163;5.76998;1.06837;5.76998;-0.00134059;6.70295;-0.0865764;0.158204
576;0.208987;-0.93163;5.76998;1.06837;5.76998;-0.00134059;6.70295;-0.086766;0.158398
577;0.208987;-0.93163;5.76998;1.06837;5.76998;-0.00134059;6.70295;-0.0869557;0.158591
578;0.208987;-0.93163;5.76998;1.06837;5.76998;-0.00134059;6.70295;-0.0871454;0.158785
579;0.208987;-0.93163;5.76998;1.06837;5.76998;-0.00134059;6.70295;-0.0873351;0.158978
580;0.208987;-0.93163;5.76998;1.06837;5.76998;-0.00134059;6.70295;-0.0875248;0.159172
581;0.208987;-0.93163;5.76998;1.06837;5.76998;-0.00134059;6.70295;-0.0877145;0.159366
582;0.208987;-0.93163;5.76998;1.06837;5.76998;-0.00134059;6.70295;-0.0879042;0.159559
583;0.208987;-0.93163;5.76998;1.06837;5.76998;-0.00134059;6.70295;-0.0880939;0.159753
584;0.208987;-0.93163;5.76998;1.06837;5.76998;-0.00134059;6.70295;-0.0882836;0.159946
585;0.208987;-0.93163;5.76998;1.06837;5.76998;-0.00134059;6.70295;-0.0884733;0.16014
586;0.208987;-0.93163;5.76998;1.06837;5.76998;-0.00134059;6.70295;-0.088663;0.160333
587;0.208987;-0.93163;5.76998;1.06837;5.76998;-0.00134059;6.70295;-0.0888527;0.160527
588;0.208987;-0.93163;5.76998;1.06837;5.76998;-0.00134059;6.70295;-0.0890424;0.16072
589;0.208987;-0.93163;5.76998;1.06837;5.76998;-0.00134059;6.70295;-0.0892321;0.160914
590;0.208987;-0.93163;5.76998;1.06837;5.76998;-0.00134059;6.70295;-0.0894218;0.161108
591;0.208987;-0.93163;5.76998;1.06837;5.76998;-0.00134059;6.70295;-0.0896115;0.161301
592;0.208987;-0.93163;5.76998;1.06837;5.76998;-0.00134059;6.70295;-0.0898012;0.161495
593;0.208987;-0.93163;5.76998;1.06837;5.76998;-0.00134059;6.70295;-0.0899908;0.161688
594;0.208987;-0.93163;5.76998;1.06837;5.76998;-0.00134059;6.70295;-0.0901805;0.161882
595;0.208987;-0.93163;5.76998;1.06837;5.76998;-0.00134059;6.70295;-0.0903702;0.162075
596;0.208987;-0.93163;5.76998;1.06837;5.76998;-0.00134059;6.70295;-0.0905599;0.162269
597;0.208987;-0.93163;5.76998;1.06837;5.76998;-0.00134059;6.70295;-0.0907496;0.162462
598;0.208987;-0.93163;5.76998;1.06837;5.76998;-0.00134059;6.70295;-0.0909393;0.162656
599;0.208987;-0.93163;5.76998;1.06837;5.76998;-0.00134059;6.70295;-0.091129;0.16285
600;0.208987;-0.93163;5.76998;1.06837;5.76998;-0.00134059;6.70295;-0.0913187;0.163043
601;0.208987;-0.93163;5.76998;1.06837;5.76998;-0.00134059;6.70295;-0.0915084;0.163237
602;0.208987;-0.93163;5.76998;1.06837;5.76998;-0.00134059;6.70295;-0.0916981;0.16343
603;0.208987;-0.93163;5.76998;1.06837;5.76998;-0.00134059;6.70295;-0.0918878;0.163624
604;0.208987;-0.93163;5.76998;1.06837;5.76998;-0.00134059;6.70295;-0.0920775;0.163817
605;0.208987;-0.93163;5.76998;1.06837;5.76998;-0.00134059;6.70295;-0.0922672;0.164011
606;0.208987;-0.93163;5.76998;1.06837;5.76998;-0.00134059;6.70295;-0.0924569;0.164205
607;0.208987;-0.93163;5.76998;1.06837;5.76998;-0.00134059;6.70295;-0.0926466;0.164398
608;0.208987;-0.93163;5.76998;1.06837;5.76998;-0.00134059;6.70295;-0.0928363;0.164592
609;0.208987;-0.93163;5.76998;1.06837;5.76998;-0.00134059;6.70295;-0.093026;0.164785
610;0.208987;-0.93163;5.76998;1.06837;5.76998;-0.00134059;6.70295;-0.0932156;0.164979
611;0.208987;-0.93163;5.76998;1.06837;5.76998;-0.00134059;6.70295;-0.0934053;0.165172
612;0.208987;-0.93163;5.76998;1.06837;5.76998;-0.00134059;6.70295;-0.093595;0.165366
613;0.208987;-0.93163;5.76998;1.06837;5.76998;-0.00134059;6.70295;-0.0937847;0.165559
614;0.208987;-0.93163;5.76998;1.06837;5.76998;-0.00134059;6.70295;-0.0939744;0.165753
615;0.208987;-0.93163;5.76998;1.06837;5.76998;-0.00134059;6.70295;-0.0941641;0.165947
616;0.208987;-0.93163;5.76998;1.06837;5.76998;-0.00134059;6.70295;-0.0943538;0.16614
617;0.208987;-0.93163;5.76998;1.06837;5.76998;-0.00134059;6.70295;-0.0945435;0.166334
618;0.208987;-0.93163;5.76998;1.06837;5.76998;-0.00134059;6.70295;-0.0947332;0.166527
619;0.208987;-0.93163;5.76998;1.06837;5.76998;-0.00134059;6.70295;-0.0949229;0.166721
620;0.208987;-0.93163;5.76998;1.06837;5.76998;-0.00134059;6.70295;-0.0951126;0.166914
621;0.208987;-0.93163;5.76998;1.06837;5.76998;-0.00134059;6.70295;-0.0953023;0.167108
622;0.208987;-0.93163;5.76998;1.06837;5.76998;-0.00134059;6.70295;-0.095492;0.167301
623;0.208987;-0.93163;5.76998;1.06837;5.76998;-0.00134059;6.70295;-0.0956817;0.167495
624;0.208987;-0.93163;5.76998;1.06837;5.76998;-0.00134059;6.70295;-0.0958714;0.167689
625;0.208987;-0.93163;5.76998;1.06837;5.76998;-0.00134059;6.70295;-0.0960611;0.167882
626;0.208987;-0.93163;5.76998;1.06837;5.76998;-0.00134059;6.70295;-0.0962508;0.168076
627;0.208987;-0.93163;5.76998;1.06837;5.76998;-0.00134059;6.70295;-0.0964404;0.168269
628;0.208987;-0.93163;5.76998;1.06837;5.76998;-0.00134059;6.70295;-0.0966301;0.168463
629;0.208987;-0.93163;5.76998;1.06837;5.76998;-0.00134059;6.70295;-0.0968198;0.168656
630;0.208987;-0.93163;5.76998;1.06837;5.76998;-0.00134059;6.70295;-0.0970095;0.16885
631;0.208987;-0.93163;5.76998;1.06837;5.76998;-0.00134059;6.70295;-0.0971992;0.169044
632;0.208987;-0.93163;5.76998;1.06837;5.76998;-0.00134059;6.70295;-0.0973889;0.169237
633;0.208987;-0.93163;5.76998;1.06837;5.76998;-0.00134059;6.70295;-0.0975786;0.169431
634;0.208987;-0.93163;5.76998;1.06837;5.76998;-0.00134059;6.70295;-0.0977683;0.169624
635;0.208987;-0.93163;5.76998;1.06837;5.76998;-0.00134059;6.70295;-0.097958;0.169818
636;0.208987;-0.93163;5.76998;1.06837;5.76998;-0.00134059;6.70295;-0.0981477;0.170011
637;0.208987;-0.93163;5.76998;1.06837;5.76998;-0.00134059;6.70295;-0.0983374;0.170205
638;0.208987;-0.93163;5.76998;1.06837;5.76998;-0.00134059;6.70295;-0.0985271;0.170398
639;0.208987;-0.93163;5.76998;1.06837;5.76998;-0.00134059;6.70295;-0.0987168;0.170592
640;0.208987;-0.93163;5.76998;1.06837;5.76998;-0.00134059;6.70295;-0.0989065;0.170786
641;0.208987;-0.93163;5.76998;1.06837;5.76998;-0.00134059;6.70295;-0.0990962;0.170979
642;0.208987;-0.93163;5.76998;1.06837;5.76998;-0.00134059;6.70295;-0.0992859;0.171173
643;0.208987;-0.93163;5.76998;1.06837;5.76998;-0.00134059;6.70295;-0.0994756;0.171366
644;0.208987;-0.93163;5.76998;1.06837;5.76998;-0.00134059;6.70295;-0.0996652;0.17156
645;0.208987;-0.93163;5.76998;1.06837;5.76998;-0.00134059;6.70295;-0.0998549;0.171753
646;0.208987;-0.93163;5.76998;1.06837;5.76998;-0.00134059;6.70295;-0.100045;0.171947
647;0.208987;-0.93163;5.76998;1.06837;5.76998;-0.00134059;6.70295;-0.100234;0.17214
648;0.208987;-0.93163;5.76998;1.06837;5.76998;-0.00134059;6.70295;-0.100424;0.172334
649;0.208987;-0.93163;5.76998;1.06837;5.76998;-0.00134059;6.70295;-0.100614;0.172528
650;0.208987;-0.93163;5.76998;1.06837;5.76998;-0.00134059;6.70295;-0.100803;0.172721
651;0.208987;-0.93163;5.76998;1.06837;5.76998;-0.00134059;6.70295;-0.100993;0.172915
652;0.208987;-0.93163;5.76998;1.06837;5.76998;-0.00134059;6.70295;-0.101183;0.173108
653;0.208987;-0.93163;5.76998;1.06837;5.76998;-0.00134059;6.70295;-0.101372;0.173302
654;0.208987;-0.93163;5.76998;1.06837;5.76998;-0.00134059;6.70295;-0.101562;0.173495
655;0.208987;-0.93163;5.76998;1.06837;5.76998;-0.00134059;6.70295;-0.101752;0.173689
656;0.208987;-0.93163;5.76997;1.06837;5.76997;-0.00134059;6.70295;-0.101942;0.173883
657;0.208987;-0.93163;5.76997;1.06837;5.76997;-0.00134059;6.70295;-0.102131;0.174076
658;0.208987;-0.93163;5.76997;1.06837;5.76997;-0.00134059;6.70295;-0.102321;0.17427
659;0.208987;-0.93163;5.76997;1.06837;5.76997;-0.00134059;6.70295;-0.102511;0.174463
660;0.208987;-0.93163;5.76997;1.06837;5.76997;-0.00134059;6.70295;-0.1027;0.174657
661;0.208987;-0.93163;5.76997;1.06837;5.76997;-0.00134059;6.70295;-0.10289;0.17485
662;0.208987;-0.93163;5.76997;1.06837;5.76997;-0.00134059;6.70295;-0.10308;0.175044
663;0.208987;-0.93163;5.76997;1.06837;5.76997;-0.00134059;6.70295;-0.103269;0.175237
664;0.208987;-0.93163;5.76997;1.06837;5.76997;-0.00134059;6.70295;-0.103459;0.175431
665;0.208987;-0.93163;5.76997;1.06837;5.76997;-0.00134059;6.70295;-0.103649;0.175625
666;0.208987;-0.93163;5.76997;1.06837;5.76997;-0.00134059;6.70295;-0.103839;0.175818
667;0.208987;-0.93163;5.76997;1.06837;5.76997;-0.00134059;6.70295;-0.104028;0.176012
668;0.208987;-0.93163;5.76997;1.06837;5.76997;-0.00134059;6.70294;-0.104218;0.176205
669;0.208987;-0.93163;5.76997;1.06837;5.76997;-0.00134059;6.70294;-0.104408;0.176399
670;0.208987;-0.93163;5.76997;1.06837;5.76997;-0.00134059;6.70294;-0.104597;0.176592
671;0.208987;-0.93163;5.76997;1.06837;5.76997;-0.00134059;6.70294;-0.104787;0.176786
672;0.208987;-0.93163;5.76997;1.06837;5.76997;-0.00134059;6.70294;-0.104977;0.17698
673;0.208987;-0.93163;5.76997;1.06837;5.76997;-0.00134059;6.70294;-0.105166;0.177173
674;0.208987;-0.93163;5.76997;1.06837;5.76997;-0.00134059;6.70294;-0.105356;0.177367
675;0.208987;-0.93163;5.76997;1.06837;5.76997;-0.00134059;6.70294;-0.105546;0.17756
676;0.208987;-0.93163;5.76997;1.06837;5.76997;-0.00134059;6.70294;-0.105735;0.177754
677;0.208987;-0.93163;5.76997;1.06837;5.76997;-0.00134059;6.70294;-0.105925;0.177947
678;0.208987;-0.93163;5.76997;1.06837;5.76997;-0.00134059;6.70294;-0.106115;0.178141
679;0.208987;-0.93163;5.76997;1.06837;5.76997;-0.00134059;6.70294;-0.106305;0.178334
680;0.208987;-0.93163;5.76997;1.06837;5.76997;-0.00134059;6.70294;-0.106494;0.178528
681;0.208987;-0.93163;5.76997;1.06837;5.76997;-0.00134059;6.70294;-0.106684;0.178722
682;0.208987;-0.93163;5.76997;1.06837;5.76997;-0.00134059;6.70294;-0.106874;0.178915
683;0.208987;-0.93163;5.76997;1.06837;5.76997;-0.00134059;6.70294;-0.107063;0.179109
684;0.208987;-0.93163;5.76997;1.06837;5.76997;-0.00134059;6.70294;-0.107253;0.179302
685;0.208987;-0.93163;5.76997;1.06837;5.76997;-0.00134059;6.70294;-0.107443;0.179496
686;0.208987;-0.93163;5.76997;1.06837;5.76997;-0.00134059;6.70294;-0.107632;0.179689
687;0.208987;-0.93163;5.76997;1.06837;5.76997;-0.00134059;6.70294;-0.107822;0.179883
688;0.208987;-0.93163;5.76997;1.06837;5.76997;-0.00134059;6.70294;-0.108012;0.180076
689;0.208987;-0.93163;5.76997;1.06837;5.76997;-0.00134059;6.70294;-0.108201;0.18027
690;0.208987;-0.93163;5.76997;1.06837;5.76997;-0.00134059;6.70294;-0.108391;0.180464
691;0.208987;-0.93163;5.76997;1.06837;5.76997;-0.00134059;6.70294;-0.108581;0.180657
692;0.208987;-0.93163;5.76997;1.06837;5.76997;-0.00134059;6.70294;-0.108771;0.180851
693;0.208987;-0.93163;5.76997;1.06837;5.76997;-0.00134059;6.70294;-0.10896;0.181044
694;0.208987;-0.93163;5.76997;1.06837;5.76997;-0.00134059;6.70294;-0.10915;0.181238
695;0.208987;-0.93163;5.76997;1.06837;5.76997;-0.00134059;6.70294;-0.10934;0.181431
696;0.208987;-0.93163;5.76997;1.06837;5.76997;-0.00134059;6.70294;-0.109529;0.181625
697;0.208987;-0.93163;5.76997;1.06837;5.76997;-0.00134059;6.70294;-0.109719;0.181819
698;0.208987;-0.93163;5.76997;1.06837;5.76997;-0.00134059;6.70294;-0.109909;0.182012
699;0.208987;-0.93163;5.76997;1.06837;5.76997;-0.00134059;6.70294;-0.110098;0.182206
700;0.208987;-0.93163;5.76997;1.06837;5.76997;-0.00134059;6.70294;-0.110288;0.182399
701;0.208987;-0.93163;5.76997;1.06837;5.76997;-0.00134059;6.70294;-0.110478;0.182593
702;0.208987;-0.93163;5.76997;1.06837;5.76997;-0.00134059;6.70294;-0.110667;0.182786
703;0.208987;-0.93163;5.76997;1.06837;5.76997;-0.00134059;6.70294;-0.110857;0.18298
704;0.208987;-0.93163;5.76997;1.06837;5.76997;-0.00134059;6.70294;-0.111047;0.183173
705;0.208987;-0.93163;5.76997;1.06837;5.76997;-0.00134059;6.70294;-0.111237;0.183367
706;0.208987;-0.93163;5.76997;1.06837;5.76997;-0.00134059;6.70294;-0.111426;0.183561
707;0.208987;-0.93163;5.76997;1.06837;5.76997;-0.00134059;6.70294;-0.111616;0.183754
708;0.208987;-0.93163;5.76997;1.06837;5.76997;-0.00134059;6.70294;-0.111806;0.183948
709;0.208987;-0.93163;5.76997;1.06837;5.76997;-0.00134059;6.70294;-0.111995;0.184141
710;0.208987;-0.93163;5.76997;1.06837;5.76997;-0.00134059;6.70294;-0.112185;0.184335
711;0.208987;-0.93163;5.76997;1.06837;5.76997;-0.00134059;6.70294;-0.112375;0.184528
712;0.208987;-0.93163;5.76997;1.06837;5.76997;-0.00134059;6.70294;-0.112564;0.184722
713;0.208987;-0.93163;5.76997;1.06837;5.76997;-0.00134059;6.70294;-0.112754;0.184915
714;0.208987;-0.93163;5.76997;1.06837;5.76997;-0.00134059;6.70294;-0.112944;0.185109
715;0.208987;-0.93163;5.76997;1.06837;5.76997;-0.00134059;6.70294;-0.113134;0.185303
716;0.208987;-0.93163;5.76997;1.06837;5.76997;-0.00134059;6.70294;-0.113323;0.185496
717;0.208987;-0.93163;5.76997;1.06837;5.76997;-0.00134059;6.70294;-0.113513;0.18569
718;0.208987;-0.93163;5.76997;1.06837;5.76997;-0.00134059;6.70294;-0.113703;0.185883
719;0.208987;-0.93163;5.76997;1.06837;5.76997;-0.00134059;6.70294;-0.113892;0.186077
720;0.208987;-0.93163;5.76997;1.06837;5.76997;-0.00134059;6.70294;-0.114082;0.18627
721;0.208987;-0.93163;5.76997;1.06837;5.76997;-0.00134059;6.70294;-0.114272;0.186464
722;0.208987;-0.93163;5.76997;1.06837;5.76997;-0.00134059;6.70294;-0.114461;0.186658
723;0.208987;-0.93163;5.76997;1.06837;5.76997;-0.00134059;6.70294;-0.114651;0.186851
724;0.208987;-0.93163;5.76997;1.06837;5.76997;-0.00134059;6.70294;-0.114841;0.187045
725;0.208987;-0.93163;5.76997;1.06837;5.76997;-0.00134059;6.70294;-0.11503;0.187238
726;0.208987;-0.93163;5.76997;1.06837;5.76997;-0.00134059;6.70294;-0.11522;0.187432
727;0.208987;-0.93163;5.76997;1.06837;5.76997;-0.00134059;6.70294;-0.11541;0.187625
728;0.208987;-0.93163;5.76997;1.06837;5.76997;-0.00134059;6.70294;-0.1156;0.187819
729;0.208987;-0.93163;5.76997;1.06837;5.76997;-0.00134059;6.70294;-0.115789;0.188012
730;0.208987;-0.93163;5.76997;1.06837;5.76997;-0.00134059;6.70294;-0.115979;0.188206
731;0.208987;-0.93163;5.76997;1.06837;5.76997;-0.00134059;6.70294;-0.116169;0.1884
732;0.208987;-0.93163;5.76997;1.06837;5.76997;-0.00134059;6.70294;-0.116358;0.188593
733;0.208987;-0.93163;5.76997;1.06837;5.76997;-0.00134059;6.70294;-0.116548;0.188787
734;0.208987;-0.93163;5.76997;1.06837;5.76997;-0.00134059;6.70294;-0.116738;0.18898
735;0.208987;-0.93163;5.76997;1.06837;5.76997;-0.00134059;6.70294;-0.116927;0.189174
736;0.208987;-0.93163;5.76997;1.06837;5.76997;-0.00134059;6.70294;-0.117117;0.189367
737;0.208987;-0.93163;5.76997;1.06837;5.76997;-0.00134059;6.70294;-0.117307;0.189561
738;0.208987;-0.93163;5.76997;1.06837;5.76997;-0.00134059;6.70294;-0.117496;0.189754
739;0.208987;-0.93163;5.76997;1.06837;5.76997;-0.00134059;6.70294;-0.117686;0.189948
740;0.208987;-0.93163;5.76997;1.06837;5.76997;-0.00134059;6.70294;-0.117876;0.190142
741;0.208987;-0.93163;5.76997;1.06837;5.76997;-0.00134059;6.70294;-0.118066;0.190335
742;0.208987;-0.93163;5.76997;1.06837;5.76997;-0.00134059;6.70294;-0.118255;0.190529
743;0.208987;-0.93163;5.76997;1.06837;5.76997;-0.00134059;6.70294;-0.118445;0.190722
744;0.208987;-0.93163;5.76997;1.06837;5.76997;-0.00134059;6.70294;-0.118635;0.190916
745;0.208987;-0.93163;5.76997;1.06837;5.76997;-0.00134059;6.70294;-0.118824;0.191109
746;0.208987;-0.93163;5.76997;1.06837;5.76997;-0.00134059;6.70294;-0.119014;0.191303
747;0.208987;-0.93163;5.76997;1.06837;5.76997;-0.00134059;6.70294;-0.119204;0.191497
748;0.208987;-0.93163;5.76997;1.06837;5.76997;-0.00134059;6.70294;-0.119393;0.19169
749;0.208987;-0.93163;5.76997;1.06837;5.76997;-0.00134059;6.70294;-0.119583;0.191884
750;0.208987;-0.93163;5.76997;1.06837;5.76997;-0.00134059;6.70294;-0.119773;0.192077
751;0.208987;-0.93163;5.76997;1.06837;5.76997;-0.00134059;6.70294;-0.119962;0.192271
752;0.208987;-0.93163;5.76997;1.06837;5.76997;-0.00134059;6.70294;-0.120152;0.192464
753;0.208987;-0.93163;5.76997;1.06837;5.76997;-0.00134059;6.70294;-0.120342;0.192658
754;0.208987;-0.93163;5.76997;1.06837;5.76997;-0.00134059;6.70294;-0.120532;0.192851
755;0.208987;-0.93163;5.76997;1.06837;5.76997;-0.00134059;6.70294;-0.120721;0.193045
756;0.208987;-0.93163;5.76997;1.06837;5.76997;-0.00134059;6.70294;-0.120911;0.193239
757;0.208987;-0.93163;5.76997;1.06837;5.76997;-0.00134059;6.70294;-0.121101;0.193432
758;0.208987;-0.93163;5.76997;1.06837;5.76997;-0.00134059;6.70294;-0.12129;0.193626
759;0.208987;-0.93163;5.76997;1.06837;5.76997;-0.00134059;6.70294;-0.12148;0.193819
760;0.208987;-0.93163;5.76997;1.06837;5.76997;-0.00134059;6.70294;-0.12167;0.194013
761;0.208987;-0.93163;5.76997;1.06837;5.76997;-0.00134059;6.70294;-0.121859;0.194206
762;0.208987;-0.93163;5.76997;1.06837;5.76997;-0.00134059;6.70294;-0.122049;0.1944
763;0.208987;-0.93163;5.76997;1.06837;5.76997;-0.00134059;6.70294;-0.122239;0.194593
764;0.208987;-0.93163;5.76997;1.06837;5.76997;-0.00134059;6.70294;-0.122429;0.194787
765;0.208987;-0.93163;5.76997;1.06837;5.76997;-0.00134059;6.70294;-0.122618;0.194981
766;0.208987;-0.93163;5.76997;1.06837;5.76997;-0.00134059;6.70294;-0.122808;0.195174
767;0.208987;-0.93163;5.76997;1.06837;5.76997;-0.00134059;6.70294;-0.122998;0.195368
768;0.208987;-0.93163;5.76997;1.06837;5.76997;-0.00134059;6.70294;-0.123187;0.195561
769;0.208987;-0.93163;5.76997;1.06837;5.76997;-0.00134059;6.70294;-0.123377;0.195755
770;0.208987;-0.93163;5.76997;1.06837;5.76997;-0.00134059;6.70294;-0.123567;0.195948
771;0.208987;-0.93163;5.76997;1.06837;5.76997;-0.00134059;6.70294;-0.123756;0.196142
772;0.208987;-0.93163;5.76997;1.06837;5.76997;-0.00134059;6.70294;-0.123946;0.196336
773;0.208987;-0.93163;5.76997;1.06837;5.76997;-0.00134059;6.70294;-0.124136;0.196529
774;0.208987;-0.93163;5.76997;1.06837;5.76997;-0.00134059;6.70294;-0.124325;0.196723
775;0.208987;-0.93163;5.76997;1.06837;5.76997;-0.00134059;6.70294;-0.124515;0.196916
776;0.208987;-0.93163;5.76997;1.06837;5.76997;-0.00134059;6.70294;-0.124705;0.19711
777;0.208987;-0.93163;5.76997;1.06837;5.76997;-0.00134059;6.70294;-0.124895;0.197303
778;0.208987;-0.93163;5.76997;1.06837;5.76997;-0.00134059;6.70294;-0.125084;0.197497
779;0.208987;-0.93163;5.76997;1.06837;5.76997;-0.00134059;6.70294;-0.125274;0.19769
780;0.208987;-0.93163;5.76997;1.06837;5.76997;-0.00134059;6.70294;-0.125464;0.197884
781;0.208987;-0.93163;5.76997;1.06837;5.76997;-0.00134059;6.70294;-0.125653;0.198078
782;0.208987;-0.93163;5.76997;1.06837;5.76997;-0.00134059;6.70294;-0.125843;0.198271
783;0.208987;-0.93163;5.76997;1.06837;5.76997;-0.00134059;6.70294;-0.126033;0.198465
784;0.208987;-0.93163;5.76997;1.06837;5.76997;-0.00134059;6.70294;-0.126222;0.198658
785;0.208987;-0.93163;5.76997;1.06837;5.76997;-0.00134059;6.70294;-0.126412;0.198852
786;0.208987;-0.93163;5.76997;1.06837;5.76997;-0.00134059;6.70294;-0.126602;0.199045
787;0.208987;-0.93163;5.76997;1.06837;5.76997;-0.00134059;6.70294;-0.126791;0.199239
788;0.208987;-0.93163;5.76997;1.06837;5.76997;-0.00134059;6.70294;-0.126981;0.199433
789;0.208987;-0.93163;5.76997;1.06837;5.76997;-0.00134059;6.70294;-0.127171;0.199626
790;0.208987;-0.93163;5.76997;1.06837;5.76997;-0.00134059;6.70294;-0.127361;0.19982
791;0.208987;-0.93163;5.76997;1.06837;5.76997;-0.00134059;6.70294;-0.12755;0.200013
792;0.208987;-0.93163;5.76997;1.06837;5.76997;-0.00134059;6.70294;-0.12774;0.200207
793;0.208987;-0.93163;5.76997;1.06837;5.76997;-0.00134059;6.70294;-0.12793;0.2004
794;0.208987;-0.93163;5.76997;1.06837;5.76997;-0.00134059;6.70294;-0.128119;0.200594
795;0.208987;-0.93163;5.76997;1.06837;5.76997;-0.00134059;6.70294;-0.128309;0.200787
796;0.208987;-0.93163;5.76997;1.06837;5.76997;-0.00134059;6.70294;-0.128499;0.200981
797;0.208987;-0.93163;5.76997;1.06837;5.76997;-0.00134059;6.70294;-0.128688;0.201175
798;0.208987;-0.93163;5.76997;1.06837;5.76997;-0.00134059;6.70294;-0.128878;0.201368
799;0.208987;-0.93163;5.76997;1.06837;5.76997;-0.00134059;6.70294;-0.129068;0.201562
800;0.208987;-0.93163;5.76997;1.06837;5.76997;-0.00134059;6.70294;-0.129257;0.201755
801;0.208987;-0.93163;5.76997;1.06837;5.76997;-0.00134059;6.70294;-0.129447;0.201949
802;0.208987;-0.93163;5.76997;1.06837;5.76997;-0.00134059;6.70294;-0.129637;0.202142
803;0.208987;-0.93163;5.76997;1.06837;5.76997;-0.00134059;6.70294;-0.129827;0.202336
804;0.208987;-0.93163;5.76997;1.06837;5.76997;-0.00134059;6.70294;-0.130016;0.202529
805;0.208987;-0.93163;5.76997;1.06837;5.76997;-0.00134059;6.70294;-0.130206;0.202723
806;0.208987;-0.93163;5.76997;1.06837;5.76997;-0.00134059;6.70294;-0.130396;0.202917
807;0.208987;-0.93163;5.76997;1.06837;5.76997;-0.00134059;6.70294;-0.130585;0.20311
808;0.208987;-0.93163;5.76997;1.06837;5.76997;-0.00134059;6.70294;-0.130775;0.203304
809;0.208987;-0.93163;5.76997;1.06837;5.76997;-0.00134059;6.70294;-0.130965;0.203497
810;0.208987;-0.93163;5.76997;1.06837;5.76997;-0.00134059;6.70294;-0.131154;0.203691
811;0.208987;-0.93163;5.76997;1.06837;5.76997;-0.00134059;6.70294;-0.131344;0.203884
812;0.208987;-0.93163;5.76997;1.06837;5.76997;-0.00134059;6.70294;-0.131534;0.204078
813;0.208987;-0.93163;5.76997;1.06837;5.76997;-0.00134059;6.70294;-0.131724;0.204272
814;0.208987;-0.93163;5.76997;1.06837;5.76997;-0.00134059;6.70294;-0.131913;0.204465
815;0.208987;-0.93163;5.76997;1.06837;5.76997;-0.00134059;6.70294;-0.132103;0.204659
816;0.208987;-0.93163;5.76997;1.06837;5.76997;-0.00134059;6.70294;-0.132293;0.204852
817;0.208987;-0.93163;5.76997;1.06837;5.76997;-0.00134059;6.70294;-0.132482;0.205046
818;0.208987;-0.93163;5.76997;1.06837;5.76997;-0.00134059;6.70294;-0.132672;0.205239
819;0.208987;-0.93163;5.76997;1.06837;5.76997;-0.00134059;6.70294;-0.132862;0.205433
820;0.208987;-0.93163;5.76997;1.06837;5.76997;-0.00134059;6.70294;-0.133051;0.205626
821;0.208987;-0.93163;5.76997;1.06837;5.76997;-0.00134059;6.70294;-0.133241;0.20582
822;0.208987;-0.93163;5.76997;1.06837;5.76997;-0.00134059;6.70294;-0.133431;0.206014
823;0.208987;-0.93163;5.76997;1.06837;5.76997;-0.00134059;6.70294;-0.13362;0.206207
824;0.208987;-0.93163;5.76997;1.06837;5.76997;-0.00134059;6.70294;-0.13381;0.206401
825;0.208987;-0.93163;5.76997;1.06837;5.76997;-0.00134059;6.70294;-0.134;0.206594
826;0.208987;-0.93163;5.76997;1.06837;5.76997;-0.00134059;6.70294;-0.13419;0.206788
827;0.208987;-0.93163;5.76997;1.06837;5.76997;-0.00134059;6.70294;-0.134379;0.206981
828;0.208987;-0.93163;5.76997;1.06837;5.76997;-0.00134059;6.70294;-0.134569;0.207175
829;0.208987;-0.93163;5.76997;1.06837;5.76997;-0.00134059;6.70294;-0.134759;0.207368
830;0.208987;-0.93163;5.76997;1.06837;5.76997;-0.00134059;6.70294;-0.134948;0.207562
831;0.208987;-0.93163;5.76997;1.06837;5.76997;-0.00134059;6.70294;-0.135138;0.207756
832;0.208987;-0.93163;5.76997;1.06837;5.76997;-0.00134059;6.70294;-0.135328;0.207949
833;0.208987;-0.93163;5.76997;1.06837;5.76997;-0.00134059;6.70294;-0.135517;0.208143
834;0.208987;-0.93163;5.76997;1.06837;5.76997;-0.00134059;6.70294;-0.135707;0.208336
835;0.208987;-0.93163;5.76997;1.06837;5.76997;-0.00134059;6.70294;-0.135897;0.20853
836;0.208987;-0.93163;5.76997;1.06837;5.76997;-0.00134059;6.70294;-0.136086;0.208723
837;0.208987;-0.93163;5.76997;1.06837;5.76997;-0.00134059;6.70294;-0.136276;0.208917
838;0.208987;-0.93163;5.76997;1.06837;5.76997;-0.00134059;6.70294;-0.136466;0.209111
839;0.208987;-0.93163;5.76997;1.06837;5.76997;-0.00134059;6.70294;-0.136656;0.209304
840;0.208987;-0.93163;5.76997;1.06837;5.76997;-0.00134059;6.70294;-0.136845;0.209498
841;0.208987;-0.93163;5.76997;1.06837;5.76997;-0.00134059;6.70294;-0.137035;0.209691
842;0.208987;-0.93163;5.76997;1.06837;5.76997;-0.00134059;6.70294;-0.137225;0.209885
843;0.208987;-0.93163;5.76997;1.06837;5.76997;-0.00134059;6.70294;-0.137414;0.210078
844;0.208987;-0.93163;5.76997;1.06837;5.76997;-0.00134059;6.70294;-0.137604;0.210272
845;0.208987;-0.93163;5.76997;1.06837;5.76997;-0.00134059;6.70294;-0.137794;0.210465
846;0.208987;-0.93163;5.76997;1.06837;5.76997;-0.00134059;6.70294;-0.137983;0.210659
847;0.208987;-0.93163;5.76997;1.06837;5.76997;-0.00134059;6.70294;-0.138173;0.210853
848;0.208987;-0.93163;5.76997;1.06837;5.76997;-0.00134059;6.70294;-0.138363;0.211046
849;0.208987;-0.93163;5.76997;1.06837;5.76997;-0.00134059;6.70294;-0.138552;0.21124
850;0.208987;-0.93163;5.76997;1.06837;5.76997;-0.00134059;6.70294;-0.138742;0.211433
851;0.208987;-0.93163;5.76997;1.06837;5.76997;-0.00134059;6.70294;-0.138932;0.211627
852;0.208987;-0.93163;5.76997;1.06837;5.76997;-0.00134059;6.70294;-0.139122;0.21182
853;0.208987;-0.93163;5.76997;1.06837;5.76997;-0.00134059;6.70294;-0.139311;0.212014
854;0.208987;-0.93163;5.76997;1.06837;5.76997;-0.00134059;6.70294;-0.139501;0.212207
855;0.208987;-0.93163;5.76997;1.06837;5.76997;-0.00134059;6.70294;-0.139691;0.212401
856;0.208987;-0.93163;5.76997;1.06837;5.76997;-0.00134059;6.70294;-0.13988;0.212595
857;0.208987;-0.93163;5.76997;1.06837;5.76997;-0.00134059;6.70294;-0.14007;0.212788
858;0.208987;-0.93163;5.76997;1.06837;5.76997;-0.00134059;6.70294;-0.14026;0.212982
859;0.208987;-0.93163;5.76997;1.06837;5.76997;-0.00134059;6.70294;-0.140449;0.213175
860;0.208987;-0.93163;5.76997;1.06837;5.76997;-0.00134059;6.70294;-0.140639;0.213369
861;0.208987;-0.93163;5.76997;1.06837;5.76997;-0.00134059;6.70294;-0.140829;0.213562
862;0.208987;-0.93163;5.76997;1.06837;5.76997;-0.00134059;6.70294;-0.141019;0.213756
863;0.208987;-0.93163;5.76997;1.06837;5.76997;-0.00134059;6.70294;-0.141208;0.21395
864;0.208987;-0.93163;5.76997;1.06837;5.76997;-0.00134059;6.70294;-0.141398;0.214143
865;0.208987;-0.93163;5.76997;1.06837;5.76997;-0.00134059;6.70294;-0.141588;0.214337
866;0.208987;-0.93163;5.76997;1.06837;5.76997;-0.00134059;6.70294;-0.141777;0.21453
867;0.208987;-0.93163;5.76997;1.06837;5.76997;-0.00134059;6.70294;-0.141967;0.214724
868;0.208987;-0.93163;5.76997;1.06837;5.76997;-0.00134059;6.70294;-0.142157;0.214917
869;0.208987;-0.93163;5.76997;1.06837;5.76997;-0.00134059;6.70294;-0.142346;0.215111
870;0.208987;-0.93163;5.76997;1.06837;5.76997;-0.00134059;6.70294;-0.142536;0.215304
871;0.208987;-0.93163;5.76997;1.06837;5.76997;-0.00134059;6.70294;-0.142726;0.215498
872;0.208987;-0.93163;5.76997;1.06837;5.76997;-0.00134059;6.70294;-0.142915;0.215692
873;0.208987;-0.93163;5.76997;1.06837;5.76997;-0.00134059;6.70294;-0.143105;0.215885
874;0.208987;-0.93163;5.76997;1.06837;5.76997;-0.00134059;6.70294;-0.143295;0.216079
875;0.208987;-0.93163;5.76997;1.06837;5.76997;-0.00134059;6.70294;-0.143485;0.216272
876;0.208987;-0.93163;5.76997;1.06837;5.76997;-0.00134059;6.70294;-0.143674;0.216466
877;0.208987;-0.93163;5.76996;1.06837;5.76996;-0.00134059;6.70294;-0.143864;0.216659
878;0.208987;-0.93163;5.76996;1.06837;5.76996;-0.00134059;6.70294;-0.144054;0.216853
879;0.208987;-0.93163;5.76996;1.06837;5.76996;-0.00134059;6.70294;-0.144243;0.217046
880;0.208987;-0.93163;5.76996;1.06837;5.76996;-0.00134059;6.70294;-0.144433;0.21724
881;0.208987;-0.93163;5.76996;1.06837;5.76996;-0.00134059;6.70294;-0.144623;0.217434
882;0.208987;-0.93163;5.76996;1.06837;5.76996;-0.00134059;6.70294;-0.144812;0.217627
883;0.208987;-0.93163;5.76996;1.06837;5.76996;-0.00134059;6.70294;-0.145002;0.217821
884;0.208987;-0.93163;5.76996;1.06837;5.76996;-0.00134059;6.70294;-0.145192;0.218014
885;0.208988;-0.93163;5.76996;1.06837;5.76996;-0.00134059;6.70294;-0.145381;0.218208
886;0.208988;-0.93163;5.76996;1.06837;5.76996;-0.00134059;6.70294;-0.145571;0.218401
887;0.208988;-0.93163;5.76996;1.06837;5.76996;-0.00134059;6.70294;-0.145761;0.218595
888;0.208988;-0.93163;5.76996;1.06837;5.76996;-0.00134059;6.70294;-0.145951;0.218789
889;0.208988;-0.93163;5.76996;1.06837;5.76996;-0.00134059;6.70294;-0.14614;0.218982
890;0.208988;-0.93163;5.76996;1.06837;5.76996;-0.00134059;6.70294;-0.14633;0.219176
891;0.208988;-0.93163;5.76996;1.06837;5.76996;-0.00134059;6.70293;-0.14652;0.219369
892;0.208988;-0.93163;5.76996;1.06837;5.76996;-0.00134059;6.70293;-0.146709;0.219563
893;0.208988;-0.93163;5.76996;1.06837;5.76996;-0.00134059;6.70293;-0.146899;0.219756
894;0.208988;-0.93163;5.76996;1.06837;5.76996;-0.00134059;6.70293;-0.147089;0.21995
895;0.208988;-0.93163;5.76996;1.06837;5.76996;-0.00134059;6.70293;-0.147278;0.220143
896;0.208988;-0.93163;5.76996;1.06837;5.76996;-0.00134059;6.70293;-0.147468;0.220337
897;0.208988;-0.93163;5.76996;1.06837;5.76996;-0.00134059;6.70293;-0.147658;0.220531
898;0.208988;-0.93163;5.76996;1.06837;5.76996;-0.00134059;6.70293;-0.147847;0.220724
899;0.208988;-0.93163;5.76996;1.06837;5.76996;-0.00134059;6.70293;-0.148037;0.220918
900;0.208988;-0.93163;5.76996;1.06837;5.76996;-0.00134059;6.70293;-0.148227;0.221111
901;0.208988;-0.93163;5.76996;1.06837;5.76996;-0.00134059;6.70293;-0.148417;0.221305
902;0.208988;-0.93163;5.76996;1.06837;5.76996;-0.00134059;6.70293;-0.148606;0.221498
903;0.208988;-0.93163;5.76996;1.06837;5.76996;-0.00134059;6.70293;-0.148796;0.221692
904;0.208988;-0.93163;5.76996;1.06837;5.76996;-0.00134059;6.70293;-0.148986;0.221885
905;0.208988;-0.93163;5.76996;1.06837;5.76996;-0.00134059;6.70293;-0.149175;0.222079
906;0.208988;-0.93163;5.76996;1.06837;5.76996;-0.00134059;6.70293;-0.149365;0.222273
907;0.208988;-0.93163;5.76996;1.06837;5.76996;-0.00134059;6.70293;-0.149555;0.222466
908;0.208988;-0.93163;5.76996;1.06837;5.76996;-0.00134059;6.70293;-0.149744;0.22266
909;0.208988;-0.93163;5.76996;1.06837;5.76996;-0.00134059;6.70293;-0.149934;0.222853
910;0.208988;-0.93163;5.76996;1.06837;5.76996;-0.00134059;6.70293;-0.150124;0.223047
911;0.208988;-0.93163;5.76996;1.06837;5.76996;-0.00134059;6.70293;-0.150313;0.22324
912;0.208988;-0.93163;5.76996;1.06837;5.76996;-0.00134059;6.70293;-0.150503;0.223434
913;0.208988;-0.93163;5.76996;1.06837;5.76996;-0.00134059;6.70293;-0.150693;0.223628
914;0.208988;-0.93163;5.76996;1.06837;5.76996;-0.00134059;6.70293;-0.150883;0.223821
915;0.208988;-0.93163;5.76996;1.06837;5.76996;-0.00134059;6.70293;-0.151072;0.224015
916;0.208988;-0.93163;5.76996;1.06837;5.76996;-0.00134059;6.70293;-0.151262;0.224208
917;0.208988;-0.93163;5.76996;1.06837;5.76996;-0.00134059;6.70293;-0.151452;0.224402
918;0.208988;-0.93163;5.76996;1.06837;5.76996;-0.00134059;6.70293;-0.151641;0.224595
919;0.208988;-0.93163;5.76996;1.06837;5.76996;-0.00134059;6.70293;-0.151831;0.224789
920;0.208988;-0.93163;5.76996;1.06837;5.76996;-0.00134059;6.70293;-0.152021;0.224982
921;0.208988;-0.93163;5.76996;1.06837;5.76996;-0.00134059;6.70293;-0.15221;0.225176
922;0.208988;-0.93163;5.76996;1.06837;5.76996;-0.00134059;6.70293;-0.1524;0.22537
923;0.208988;-0.93163;5.76996;1.06837;5.76996;-0.00134059;6.70293;-0.15259;0.225563
924;0.208988;-0.93163;5.76996;1.06837;5.76996;-0.00134059;6.70293;-0.15278;0.225757
925;0.208988;-0.93163;5.76996;1.06837;5.76996;-0.00134059;6.70293;-0.152969;0.22595
926;0.208988;-0.93163;5.76996;1.06837;5.76996;-0.00134059;6.70293;-0.153159;0.226144
927;0.208988;-0.93163;5.76996;1.06837;5.76996;-0.00134059;6.70293;-0.153349;0.226337
928;0.208988;-0.93163;5.76996;1.06837;5.76996;-0.00134059;6.70293;-0.153538;0.226531
929;0.208988;-0.93163;5.76996;1.06837;5.76996;-0.00134059;6.70293;-0.153728;0.226724
930;0.208988;-0.93163;5.76996;1.06837;5.76996;-0.00134059;6.70293;-0.153918;0.226918
931;0.208988;-0.93163;5.76996;1.06837;5.76996;-0.00134059;6.70293;-0.154107;0.227112
932;0.208988;-0.93163;5.76996;1.06837;5.76996;-0.00134059;6.70293;-0.154297;0.227305
933;0.208988;-0.93163;5.76996;1.06837;5.76996;-0.00134059;6.70293;-0.154487;0.227499
934;0.208988;-0.93163;5.76996;1.06837;5.76996;-0.00134059;6.70293;-0.154676;0.227692
935;0.208988;-0.93163;5.76996;1.06837;5.76996;-0.00134059;6.70293;-0.154866;0.227886
936;0.208988;-0.93163;5.76996;1.06837;5.76996;-0.00134059;6.70293;-0.155056;0.228079
937;0.208988;-0.93163;5.76996;1.06837;5.76996;-0.00134059;6.70293;-0.155246;0.228273
938;0.208988;-0.93163;5.76996;1.06837;5.76996;-0.00134059;6.70293;-0.155435;0.228467
939;0.208988;-0.93163;5.76996;1.06837;5.76996;-0.00134059;6.70293;-0.155625;0.22866
940;0.208988;-0.93163;5.76996;1.06837;5.76996;-0.00134059;6.70293;-0.155815;0.228854
941;0.208988;-0.93163;5.76996;1.06837;5.76996;-0.00134059;6.70293;-0.156004;0.229047
942;0.208988;-0.93163;5.76996;1.06837;5.76996;-0.00134059;6.70293;-0.156194;0.229241
943;0.208988;-0.93163;5.76996;1.06837;5.76996;-0.00134059;6.70293;-0.156384;0.229434
944;0.208988;-0.93163;5.76996;1.06837;5.76996;-0.00134059;6.70293;-0.156573;0.229628
945;0.208988;-0.93163;5.76996;1.06837;5.76996;-0.00134059;6.70293;-0.156763;0.229821
946;0.208988;-0.93163;5.76996;1.06837;5.76996;-0.00134059;6.70293;-0.156953;0.230015
947;0.208988;-0.93163;5.76996;1.06837;5.76996;-0.00134059;6.70293;-0.157142;0.230209
948;0.208988;-0.93163;5.76996;1.06837;5.76996;-0.00134059;6.70293;-0.157332;0.230402
949;0.208988;-0.93163;5.76996;1.06837;5.76996;-0.00134059;6.70293;-0.157522;0.230596
950;0.208988;-0.93163;5.76996;1.06837;5.76996;-0.00134059;6.70293;-0.157712;0.230789
951;0.208988;-0.93163;5.76996;1.06837;5.76996;-0.00134059;6.70293;-0.157901;0.230983
952;0.208988;-0.93163;5.76996;1.06837;5.76996;-0.00134059;6.70293;-0.158091;0.231176
953;0.208988;-0.93163;5.76996;1.06837;5.76996;-0.00134059;6.70293;-0.158281;0.23137
954;0.208988;-0.93163;5.76996;1.06837;5.76996;-0.00134059;6.70293;-0.15847;0.231563
955;0.208988;-0.93163;5.76996;1.06837;5.76996;-0.00134059;6.70293;-0.15866;0.231757
956;0.208988;-0.93163;5.76996;1.06837;5.76996;-0.00134059;6.70293;-0.15885;0.231951
957;0.208988;-0.93163;5.76996;1.06837;5.76996;-0.00134059;6.70293;-0.159039;0.232144
958;0.208988;-0.93163;5.76996;1.06837;5.76996;-0.00134059;6.70293;-0.159229;0.232338
959;0.208988;-0.93163;5.76996;1.06837;5.76996;-0.00134059;6.70293;-0.159419;0.232531
960;0.208988;-0.93163;5.76996;1.06837;5.76996;-0.00134059;6.70293;-0.159608;0.232725
961;0.208988;-0.93163;5.76996;1.06837;5.76996;-0.00134059;6.70293;-0.159798;0.232918
962;0.208988;-0.93163;5.76996;1.06837;5.76996;-0.00134059;6.70293;-0.159988;0.233112
963;0.208988;-0.93163;5.76996;1.06837;5.76996;-0.00134059;6.70293;-0.160178;0.233306
964;0.208988;-0.93163;5.76996;1.06837;5.76996;-0.00134059;6.70293;-0.160367;0.233499
965;0.208988;-0.93163;5.76996;1.06837;5.76996;-0.00134059;6.70293;-0.160557;0.233693
966;0.208988;-0.93163;5.76996;1.06837;5.76996;-0.00134059;6.70293;-0.160747;0.233886
967;0.208988;-0.93163;5.76996;1.06837;5.76996;-0.00134059;6.70293;-0.160936;0.23408
968;0.208988;-0.93163;5.76996;1.06837;5.76996;-0.00134059;6.70293;-0.161126;0.234273
969;0.208988;-0.93163;5.76996;1.06837;5.76996;-0.00134059;6.70293;-0.161316;0.234467
970;0.208988;-0.93163;5.76996;1.06837;5.76996;-0.00134059;6.70293;-0.161505;0.23466
971;0.208988;-0.93163;5.76996;1.06837;5.76996;-0.00134059;6.70293;-0.161695;0.234854
972;0.208988;-0.93163;5.76996;1.06837;5.76996;-0.00134059;6.70293;-0.161885;0.235048
973;0.208988;-0.93163;5.76996;1.06837;5.76996;-0.00134059;6.70293;-0.162075;0.235241
974;0.208988;-0.93163;5.76996;1.06837;5.76996;-0.00134059;6.70293;-0.162264;0.235435
975;0.208988;-0.93163;5.76996;1.06837;5.76996;-0.00134059;6.70293;-0.162454;0.235628
976;0.208988;-0.93163;5.76996;1.06837;5.76996;-0.00134059;6.70293;-0.162644;0.235822
977;0.208988;-0.93163;5.76996;1.06837;5.76996;-0.00134059;6.70293;-0.162833;0.236015
978;0.208988;-0.93163;5.76996;1.06837;5.76996;-0.00134059;6.70293;-0.163023;0.236209
979;0.208988;-0.93163;5.76996;1.06837;5.76996;-0.00134059;6.70293;-0.163213;0.236402
980;0.208988;-0.93163;5.76996;1.06837;5.76996;-0.00134059;6.70293;-0.163402;0.236596
981;0.208988;-0.93163;5.76996;1.06837;5.76996;-0.00134059;6.70293;-0.163592;0.23679
982;0.208988;-0.93163;5.76996;1.06837;5.76996;-0.00134059;6.70293;-0.163782;0.236983
983;0.208988;-0.93163;5.76996;1.06837;5.76996;-0.00134059;6.70293;-0.163971;0.237177
984;0.208988;-0.93163;5.76996;1.06837;5.76996;-0.00134059;6.70293;-0.164161;0.23737
985;0.208988;-0.93163;5.76996;1.06837;5.76996;-0.00134059;6.70293;-0.164351;0.237564
986;0.208988;-0.93163;5.76996;1.06837;5.76996;-0.00134059;6.70293;-0.164541;0.237757
987;0.208988;-0.93163;5.76996;1.06837;5.76996;-0.00134059;6.70293;-0.16473;0.237951
988;0.208988;-0.93163;5.76996;1.06837;5.76996;-0.00134059;6.70293;-0.16492;0.238145
989;0.208988;-0.93163;5.76996;1.06837;5.76996;-0.00134059;6.70293;-0.16511;0.238338
990;0.208988;-0.93163;5.76996;1.06837;5.76996;-0.00134059;6.70293;-0.165299;0.238532
991;0.208988;-0.93163;5.76996;1.06837;5.76996;-0.00134059;6.70293;-0.165489;0.238725
992;0.208988;-0.93163;5.76996;1.06837;5.76996;-0.00134059;6.70293;-0.165679;0.238919
993;0.208988;-0.93163;5.76996;1.06837;5.76996;-0.00134059;6.70293;-0.165868;0.239112
994;0.208988;-0.93163;5.76996;1.06837;5.76996;-0.00134059;6.70293;-0.166058;0.239306
995;0.208988;-0.93163;5.76996;1.06837;5.76996;-0.00134059;6.70293;-0.166248;0.239499
996;0.208988;-0.93163;5.76996;1.06837;5.76996;-0.00134059;6.70293;-0.166437;0.239693
997;0.208988;-0.93163;5.76996;1.06837;5.76996;-0.00134059;6.70293;-0.166627;0.239887
998;0.208988;-0.93163;5.76996;1.06837;5.76996;-0.00134059;6.70293;-0.166817;0.24008
999;0.208988;-0.93163;5.76996;1.06837;5.76996;-0.00134059;6.70293;-0.167007;0.240274
1000;0.208988;-0.93163;5.76996;1.06837;5.76996;-0.00134059;6.70293;-0.167196;0.240467
1001;0.208988;-0.93163;5.76996;1.06837;5.76996;-0.00134059;6.70293;-0.167386;0.240661
1002;0.208988;-0.93163;5.76996;1.06837;5.76996;-0.00134059;6.70293;-0.167576;0.240854
1003;0.208988;-0.93163;5.76996;1.06837;5.76996;-0.00134059;6.70293;-0.167765;0.241048
1004;0.208988;-0.93163;5.76996;1.06837;5.76996;-0.00134059;6.70293;-0.167955;0.241241
1005;0.208988;-0.93163;5.76996;1.06837;5.76996;-0.00134059;6.70293;-0.168145;0.241435
1006;0.208988;-0.93163;5.76996;1.06837;5.76996;-0.00134059;6.70293;-0.168334;0.241629
1007;0.208988;-0.93163;5.76996;1.06837;5.76996;-0.00134059;6.70293;-0.168524;0.241822
1008;0.208988;-0.93163;5.76996;1.06837;5.76996;-0.00134059;6.70293;-0.168714;0.242016
1009;0.208988;-0.93163;5.76996;1.06837;5.76996;-0.00134059;6.70293;-0.168903;0.242209
1010;0.208988;-0.93163;5.76996;1.06837;5.76996;-0.00134059;6.70293;-0.169093;0.242403
1011;0.208988;-0.93163;5.76996;1.06837;5.76996;-0.00134059;6.70293;-0.169283;0.242596
1012;0.208988;-0.93163;5.76996;1.06837;5.76996;-0.00134059;6.70293;-0.169473;0.24279
1013;0.208988;-0.93163;5.76996;1.06837;5.76996;-0.00134059;6.70293;-0.169662;0.242984
1014;0.208988;-0.93163;5.76996;1.06837;5.76996;-0.00134059;6.70293;-0.169852;0.243177
1015;0.208988;-0.93163;5.76996;1.06837;5.76996;-0.00134059;6.70293;-0.170042;0.243371
1016;0.208988;-0.93163;5.76996;1.06837;5.76996;-0.00134059;6.70293;-0.170231;0.243564
1017;0.208988;-0.93163;5.76996;1.06837;5.76996;-0.00134059;6.70293;-0.170421;0.243758
1018;0.208988;-0.93163;5.76996;1.06837;5.76996;-0.00134059;6.70293;-0.170611;0.243951
1019;0.208988;-0.93163;5.76996;1.06837;5.76996;-0.00134059;6.70293;-0.1708;0.244145
1020;0.208988;-0.93163;5.76996;1.06837;5.76996;-0.00134059;6.70293;-0.17099;0.244338
1021;0.208988;-0.93163;5.76996;1.06837;5.76996;-0.00134059;6.70293;-0.17118;0.244532
1022;0.208988;-0.93163;5.76996;1.06837;5.76996;-0.00134059;6.70293;-0.171369;0.244726
1023;0.208988;-0.93163;5.76996;1.06837;5.76996;-0.00134059;6.70293;-0.171559;0.244919
1024;0.208988;-0.93163;5.76996;1.06837;5.76996;-0.00134059;6.70293;-0.171749;0.245113
1025;0.208988;-0.93163;5.76996;1.06837;5.76996;-0.00134059;6.70293;-0.171939;0.245306
1026;0.208988;-0.93163;5.76996;1.06837;5.76996;-0.00134059;6.70293;-0.172128;0.2455
1027;0.208988;-0.93163;5.76996;1.06837;5.76996;-0.00134059;6.70293;-0.172318;0.245693
1028;0.208988;-0.93163;5.76996;1.06837;5.76996;-0.00134059;6.70293;-0.172508;0.245887
1029;0.208988;-0.93163;5.76996;1.06837;5.76996;-0.00134059;6.70293;-0.172697;0.24608
1030;0.208988;-0.93163;5.76996;1.06837;5.76996;-0.00134059;6.70293;-0.172887;0.246274
1031;0.208988;-0.93163;5.76996;1.06837;5.76996;-0.00134059;6.70293;-0.173077;0.246468
1032;0.208988;-0.93163;5.76996;1.06837;5.76996;-0.00134059;6.70293;-0.173266;0.246661
1033;0.208988;-0.93163;5.76996;1.06837;5.76996;-0.00134059;6.70293;-0.173456;0.246855
1034;0.208988;-0.93163;5.76996;1.06837;5.76996;-0.00134059;6.70293;-0.173646;0.247048
1035;0.208988;-0.93163;5.76996;1.06837;5.76996;-0.00134059;6.70293;-0.173835;0.247242
1036;0.208988;-0.93163;5.76996;1.06837;5.76996;-0.00134059;6.70293;-0.174025;0.247435
1037;0.208988;-0.93163;5.76996;1.06837;5.76996;-0.00134059;6.70293;-0.174215;0.247629
1038;0.208988;-0.93163;5.76996;1.06837;5.76996;-0.00134059;6.70293;-0.174405;0.247823
1039;0.208988;-0.93163;5.76996;1.06837;5.76996;-0.00134059;6.70293;-0.174594;0.248016
1040;0.208988;-0.93163;5.76996;1.06837;5.76996;-0.00134059;6.70293;-0.174784;0.24821
1041;0.208988;-0.93163;5.76996;1.06837;5.76996;-0.00134059;6.70293;-0.174974;0.248403
1042;0.208988;-0.93163;5.76996;1.06837;5.76996;-0.00134059;6.70293;-0.175163;0.248597
1043;0.208988;-0.93163;5.76996;1.06837;5.76996;-0.00134059;6.70293;-0.175353;0.24879
1044;0.208988;-0.93163;5.76996;1.06837;5.76996;-0.00134059;6.70293;-0.175543;0.248984
1045;0.208988;-0.93163;5.76996;1.06837;5.76996;-0.00134059;6.70293;-0.175732;0.249177
1046;0.208988;-0.93163;5.76996;1.06837;5.76996;-0.00134059;6.70293;-0.175922;0.249371
1047;0.208988;-0.93163;5.76996;1.06837;5.76996;-0.00134059;6.70293;-0.176112;0.249565
1048;0.208988;-0.93163;5.76996;1.06837;5.76996;-0.00134059;6.70293;-0.176302;0.249758
1049;0.208988;-0.93163;5.76996;1.06837;5.76996;-0.00134059;6.70293;-0.176491;0.249952
1050;0.208988;-0.93163;5.76996;1.06837;5.76996;-0.00134059;6.70293;-0.176681;0.250145
1051;0.208988;-0.93163;5.76996;1.06837;5.76996;-0.00134059;6.70293;-0.176871;0.250339
1052;0.208988;-0.93163;5.76996;1.06837;5.76996;-0.00134059;6.70293;-0.17706;0.250532
1053;0.208988;-0.93163;5.76996;1.06837;5.76996;-0.00134059;6.70293;-0.17725;0.250726
1054;0.208988;-0.93163;5.76996;1.06837;5.76996;-0.00134059;6.70293;-0.17744;0.250919
1055;0.208988;-0.93163;5.76996;1.06837;5.76996;-0.00134059;6.70293;-0.177629;0.251113
1056;0.208988;-0.93163;5.76996;1.06837;5.76996;-0.00134059;6.70293;-0.177819;0.251307
1057;0.208988;-0.93163;5.76996;1.06837;5.76996;-0.00134059;6.70293;-0.178009;0.2515
1058;0.208988;-0.93163;5.76996;1.06837;5.76996;-0.00134059;6.70293;-0.178198;0.251694
1059;0.208988;-0.93163;5.76996;1.06837;5.76996;-0.00134059;6.70293;-0.178388;0.251887
1060;0.208988;-0.93163;5.76996;1.06837;5.76996;-0.00134059;6.70293;-0.178578;0.252081
1061;0.208988;-0.93163;5.76996;1.06837;5.76996;-0.00134059;6.70293;-0.178768;0.252274
1062;0.208988;-0.93163;5.76996;1.06837;5.76996;-0.00134059;6.70293;-0.178957;0.252468
1063;0.208988;-0.93163;5.76996;1.06837;5.76996;-0.00134059;6.70293;-0.179147;0.252662
1064;0.208988;-0.93163;5.76996;1.06837;5.76996;-0.00134059;6.70293;-0.179337;0.252855
1065;0.208988;-0.93163;5.76996;1.06837;5.76996;-0.00134059;6.70293;-0.179526;0.253049
1066;0.208988;-0.93163;5.76996;1.06837;5.76996;-0.00134059;6.70293;-0.179716;0.253242
1067;0.208988;-0.93163;5.76996;1.06837;5.76996;-0.00134059;6.70293;-0.179906;0.253436
1068;0.208988;-0.93163;5.76996;1.06837;5.76996;-0.00134059;6.70293;-0.180095;0.253629
1069;0.208988;-0.93163;5.76996;1.06837;5.76996;-0.00134059;6.70293;-0.180285;0.253823
1070;0.208988;-0.93163;5.76996;1.06837;5.76996;-0.00134059;6.70293;-0.180475;0.254016
1071;0.208988;-0.93163;5.76996;1.06837;5.76996;-0.00134059;6.70293;-0.180664;0.25421
1072;0.208988;-0.93163;5.76996;1.06837;5.76996;-0.00134059;6.70293;-0.180854;0.254404
1073;0.208988;-0.93163;5.76996;1.06837;5.76996;-0.00134059;6.70293;-0.181044;0.254597
1074;0.208988;-0.93163;5.76996;1.06837;5.76996;-0.00134059;6.70293;-0.181234;0.254791
1075;0.208988;-0.93163;5.76996;1.06837;5.76996;-0.00134059;6.70293;-0.181423;0.254984
1076;0.208988;-0.93163;5.76996;1.06837;5.76996;-0.00134059;6.70293;-0.181613;0.255178
1077;0.208988;-0.93163;5.76996;1.06837;5.76996;-0.00134059;6.70293;-0.181803;0.255371
1078;0.208988;-0.93163;5.76996;1.06837;5.76996;-0.00134059;6.70293;-0.181992;0.255565
1079;0.208988;-0.93163;5.76996;1.06837;5.76996;-0.00134059;6.70293;-0.182182;0.255758
1080;0.208988;-0.93163;5.76996;1.06837;5.76996;-0.00134059;6.70293;-0.182372;0.255952
1081;0.208988;-0.93163;5.76996;1.06837;5.76996;-0.00134059;6.70293;-0.182561;0.256146
1082;0.208988;-0.93163;5.76996;1.06837;5.76996;-0.00134059;6.70293;-0.182751;0.256339
1083;0.208988;-0.93163;5.76996;1.06837;5.76996;-0.00134059;6.70293;-0.182941;0.256533
1084;0.208988;-0.93163;5.76996;1.06837;5.76996;-0.00134059;6.70293;-0.18313;0.256726
1085;0.208988;-0.93163;5.76996;1.06837;5.76996;-0.00134059;6.70293;-0.18332;0.25692
1086;0.208988;-0.93163;5.76996;1.06837;5.76996;-0.00134059;6.70293;-0.18351;0.257113
1087;0.208988;-0.93163;5.76996;1.06837;5.76996;-0.00134059;6.70293;-0.1837;0.257307
1088;0.208988;-0.93163;5.76996;1.06837;5.76996;-0.00134059;6.70293;-0.183889;0.257501
1089;0.208988;-0.93163;5.76996;1.06837;5.76996;-0.00134059;6.70293;-0.184079;0.257694
1090;0.208988;-0.93163;5.76996;1.06837;5.76996;-0.00134059;6.70293;-0.184269;0.257888
1091;0.208988;-0.93163;5.76996;1.06837;5.76996;-0.00134059;6.70293;-0.184458;0.258081
1092;0.208988;-0.93163;5.76996;1.06837;5.76996;-0.00134059;6.70293;-0.184648;0.258275
1093;0.208988;-0.93163;5.76996;1.06837;5.76996;-0.00134059;6.70293;-0.184838;0.258468
1094;0.208988;-0.93163;5.76996;1.06837;5.76996;-0.00134059;6.70293;-0.185027;0.258662
1095;0.208988;-0.93163;5.76996;1.06837;5.76996;-0.00134059;6.70293;-0.185217;0.258855
1096;0.208988;-0.93163;5.76996;1.06837;5.76996;-0.00134059;6.70293;-0.185407;0.259049
1097;0.208988;-0.93163;5.76996;1.06837;5.76996;-0.00134059;6.70293;-0.185596;0.259243
1098;0.208988;-0.93163;5.76995;1.06837;5.76995;-0.00134059;6.70293;-0.185786;0.259436
1099;0.208988;-0.93163;5.76995;1.06837;5.76995;-0.00134059;6.70293;-0.185976;0.25963
1100;0.208988;-0.93163;5.76995;1.06837;5.76995;-0.00134059;6.70293;-0.186166;0.259823
1101;0.208988;-0.93163;5.76995;1.06837;5.76995;-0.00134059;6.70293;-0.186355;0.260017
1102;0.208988;-0.93163;5.76995;1.06837;5.76995;-0.00134059;6.70293;-0.186545;0.26021
1103;0.208988;-0.93163;5.76995;1.06837;5.76995;-0.00134059;6.70293;-0.186735;0.260404
1104;0.208988;-0.93163;5.76995;1.06837;5.76995;-0.00134059;6.70293;-0.186924;0.260597
1105;0.208988;-0.93163;5.76995;1.06837;5.76995;-0.00134059;6.70293;-0.187114;0.260791
1106;0.208988;-0.93163;5.76995;1.06837;5.76995;-0.00134059;6.70293;-0.187304;0.260985
1107;0.208988;-0.93163;5.76995;1.06837;5.76995;-0.00134059;6.70293;-0.187493;0.261178
1108;0.208988;-0.93163;5.76995;1.06837;5.76995;-0.00134059;6.70293;-0.187683;0.261372
1109;0.208988;-0.93163;5.76995;1.06837;5.76995;-0.00134059;6.70293;-0.187873;0.261565
1110;0.208988;-0.93163;5.76995;1.06837;5.76995;-0.00134059;6.70293;-0.188063;0.261759
1111;0.208988;-0.93163;5.76995;1.06837;5.76995;-0.00134059;6.70293;-0.188252;0.261952
1112;0.208988;-0.93163;5.76995;1.06837;5.76995;-0.00134059;6.70293;-0.188442;0.262146
1113;0.208988;-0.93163;5.76995;1.06837;5.76995;-0.00134059;6.70293;-0.188632;0.26234
1114;0.208988;-0.93163;5.76995;1.06837;5.76995;-0.00134059;6.70293;-0.188821;0.262533
1115;0.208988;-0.93163;5.76995;1.06837;5.76995;-0.00134058;6.70292;-0.189011;0.262727
1116;0.208988;-0.93163;5.76995;1.06837;5.76995;-0.00134058;6.70292;-0.189201;0.26292
1117;0.208988;-0.93163;5.76995;1.06837;5.76995;-0.00134058;6.70292;-0.18939;0.263114
1118;0.208988;-0.93163;5.76995;1.06837;5.76995;-0.00134058;6.70292;-0.18958;0.263307
1119;0.208988;-0.93163;5.76995;1.06837;5.76995;-0.00134058;6.70292;-0.18977;0.263501
1120;0.208988;-0.93163;5.76995;1.06837;5.76995;-0.00134058;6.70292;-0.189959;0.263694
1121;0.208988;-0.93163;5.76995;1.06837;5.76995;-0.00134058;6.70292;-0.190149;0.263888
1122;0.208988;-0.93163;5.76995;1.06837;5.76995;-0.00134058;6.70292;-0.190339;0.264082
1123;0.208988;-0.93163;5.76995;1.06837;5.76995;-0.00134058;6.70292;-0.190529;0.264275
1124;0.208988;-0.93163;5.76995;1.06837;5.76995;-0.00134058;6.70292;-0.190718;0.264469
1125;0.208988;-0.93163;5.76995;1.06837;5.76995;-0.00134058;6.70292;-0.190908;0.264662
1126;0.208988;-0.93163;5.76995;1.06837;5.76995;-0.00134058;6.70292;-0.191098;0.264856
1127;0.208988;-0.93163;5.76995;1.06837;5.76995;-0.00134058;6.70292;-0.191287;0.265049
1128;0.208988;-0.93163;5.76995;1.06837;5.76995;-0.00134058;6.70292;-0.191477;0.265243
1129;0.208988;-0.93163;5.76995;1.06837;5.76995;-0.00134058;6.70292;-0.191667;0.265436
1130;0.208988;-0.93163;5.76995;1.06837;5.76995;-0.00134058;6.70292;-0.191856;0.26563
1131;0.208988;-0.93163;5.76995;1.06837;5.76995;-0.00134058;6.70292;-0.192046;0.265824
1132;0.208988;-0.93163;5.76995;1.06837;5.76995;-0.00134058;6.70292;-0.192236;0.266017
1133;0.208988;-0.93163;5.76995;1.06837;5.76995;-0.00134058;6.70292;-0.192425;0.266211
1134;0.208988;-0.93163;5.76995;1.06837;5.76995;-0.00134058;6.70292;-0.192615;0.266404
1135;0.208988;-0.93163;5.76995;1.06837;5.76995;-0.00134058;6.70292;-0.192805;0.266598
1136;0.208988;-0.93163;5.76995;1.06837;5.76995;-0.00134058;6.70292;-0.192995;0.266791
1137;0.208988;-0.93163;5.76995;1.06837;5.76995;-0.00134058;6.70292;-0.193184;0.266985
1138;0.208988;-0.93163;5.76995;1.06837;5.76995;-0.00134058;6.70292;-0.193374;0.267179
1139;0.208988;-0.93163;5.76995;1.06837;5.76995;-0.00134058;6.70292;-0.193564;0.267372
1140;0.208988;-0.93163;5.76995;1.06837;5.76995;-0.00134058;6.70292;-0.193753;0.267566
1141;0.208988;-0.93163;5.76995;1.06837;5.76995;-0.00134058;6.70292;-0.193943;0.267759
1142;0.208988;-0.93163;5.76995;1.06837;5.76995;-0.00134058;6.70292;-0.194133;0.267953
1143;0.208988;-0.93163;5.76995;1.06837;5.76995;-0.00134058;6.70292;-0.194322;0.268146
1144;0.208988;-0.93163;5.76995;1.06837;5.76995;-0.00134058;6.70292;-0.194512;0.26834
1145;0.208988;-0.93163;5.76995;1.06837;5.76995;-0.00134058;6.70292;-0.194702;0.268533
1146;0.208988;-0.93163;5.76995;1.06837;5.76995;-0.00134058;6.70292;-0.194891;0.268727
1147;0.208988;-0.93163;5.76995;1.06837;5.76995;-0.00134058;6.70292;-0.195081;0.268921
1148;0.208988;-0.93163;5.76995;1.06837;5.76995;-0.00134058;6.70292;-0.195271;0.269114
1149;0.208988;-0.93163;5.76995;1.06837;5.76995;-0.00134058;6.70292;-0.195461;0.269308
1150;0.208988;-0.93163;5.76995;1.06837;5.76995;-0.00134058;6.70292;-0.19565;0.269501
1151;0.208988;-0.93163;5.76995;1.06837;5.76995;-0.00134058;6.70292;-0.19584;0.269695
1152;0.208988;-0.93163;5.76995;1.06837;5.76995;-0.00134058;6.70292;-0.19603;0.269888
1153;0.208988;-0.93163;5.76995;1.06837;5.76995;-0.00134058;6.70292;-0.196219;0.270082
1154;0.208988;-0.93163;5.76995;1.06837;5.76995;-0.00134058;6.70292;-0.196409;0.270275
1155;0.208988;-0.93163;5.76995;1.06837;5.76995;-0.00134058;6.70292;-0.196599;0.270469
1156;0.208988;-0.93163;5.76995;1.06837;5.76995;-0.00134058;6.70292;-0.196788;0.270663
1157;0.208988;-0.93163;5.76995;1.06837;5.76995;-0.00134058;6.70292;-0.196978;0.270856
1158;0.208988;-0.93163;5.76995;1.06837;5.76995;-0.00134058;6.70292;-0.197168;0.27105
1159;0.208988;-0.93163;5.76995;1.06837;5.76995;-0.00134058;6.70292;-0.197357;0.271243
1160;0.208988;-0.93163;5.76995;1.06837;5.76995;-0.00134058;6.70292;-0.197547;0.271437
1161;0.208988;-0.93163;5.76995;1.06837;5.76995;-0.00134058;6.70292;-0.197737;0.27163
1162;0.208988;-0.93163;5.76995;1.06837;5.76995;-0.00134058;6.70292;-0.197927;0.271824
1163;0.208988;-0.93163;5.76995;1.06837;5.76995;-0.00134058;6.70292;-0.198116;0.272018
1164;0.208988;-0.93163;5.76995;1.06837;5.76995;-0.00134058;6.70292;-0.198306;0.272211
1165;0.208988;-0.93163;5.76995;1.06837;5.76995;-0.00134058;6.70292;-0.198496;0.272405
1166;0.208988;-0.93163;5.76995;1.06837;5.76995;-0.00134058;6.70292;-0.198685;0.272598
1167;0.208988;-0.93163;5.76995;1.06837;5.76995;-0.00134058;6.70292;-0.198875;0.272792
1168;0.208988;-0.93163;5.76995;1.06837;5.76995;-0.00134058;6.70292;-0.199065;0.272985
1169;0.208988;-0.93163;5.76995;1.06837;5.76995;-0.00134058;6.70292;-0.199254;0.273179
1170;0.208988;-0.93163;5.76995;1.06837;5.76995;-0.00134058;6.70292;-0.199444;0.273372
1171;0.208988;-0.93163;5.76995;1.06837;5.76995;-0.00134058;6.70292;-0.199634;0.273566
1172;0.208988;-0.93163;5.76995;1.06837;5.76995;-0.00134058;6.70292;-0.199823;0.27376
1173;0.208988;-0.93163;5.76995;1.06837;5.76995;-0.00134058;6.70292;-0.200013;0.273953
1174;0.208988;-0.93163;5.76995;1.06837;5.76995;-0.00134058;6.70292;-0.200203;0.274147
1175;0.208988;-0.93163;5.76995;1.06837;5.76995;-0.00134058;6.70292;-0.200393;0.27434
1176;0.208988;-0.93163;5.76995;1.06837;5.76995;-0.00134058;6.70292;-0.200582;0.274534
1177;0.208988;-0.93163;5.76995;1.06837;5.76995;-0.00134058;6.70292;-0.200772;0.274727
1178;0.208988;-0.93163;5.76995;1.06837;5.76995;-0.00134058;6.70292;-0.200962;0.274921
1179;0.208988;-0.93163;5.76995;1.06837;5.76995;-0.00134058;6.70292;-0.201151;0.275114
1180;0.208988;-0.93163;5.76995;1.06837;5.76995;-0.00134058;6.70292;-0.201341;0.275308
1181;0.208988;-0.93163;5.76995;1.06837;5.76995;-0.00134058;6.70292;-0.201531;0.275502
1182;0.208988;-0.93163;5.76995;1.06837;5.76995;-0.00134058;6.70292;-0.20172;0.275695
1183;0.208988;-0.93163;5.76995;1.06837;5.76995;-0.00134058;6.70292;-0.20191;0.275889
1184;0.208988;-0.93163;5.76995;1.06837;5.76995;-0.00134058;6.70292;-0.2021;0.276082
1185;0.208988;-0.93163;5.76995;1.06837;5.76995;-0.00134058;6.70292;-0.20229;0.276276
1186;0.208988;-0.93163;5.76995;1.06837;5.76995;-0.00134058;6.70292;-0.202479;0.276469
1187;0.208988;-0.93163;5.76995;1.06837;5.76995;-0.00134058;6.70292;-0.202669;0.276663
1188;0.208988;-0.93163;5.76995;1.06837;5.76995;-0.00134058;6.70292;-0.202859;0.276857
1189;0.208988;-0.93163;5.76995;1.06837;5.76995;-0.00134058;6.70292;-0.203048;0.27705
1190;0.208988;-0.93163;5.76995;1.06837;5.76995;-0.00134058;6.70292;-0.203238;0.277244
1191;0.208988;-0.93163;5.76995;1.06837;5.76995;-0.00134058;6.70292;-0.203428;0.277437
1192;0.208988;-0.93163;5.76995;1.06837;5.76995;-0.00134058;6.70292;-0.203617;0.277631
1193;0.208988;-0.93163;5.76995;1.06837;5.76995;-0.00134058;6.70292;-0.203807;0.277824
1194;0.208988;-0.93163;5.76995;1.06837;5.76995;-0.00134058;6.70292;-0.203997;0.278018
1195;0.208988;-0.93163;5.76995;1.06837;5.76995;-0.00134058;6.70292;-0.204186;0.278211
1196;0.208988;-0.93163;5.76995;1.06837;5.76995;-0.00134058;6.70292;-0.204376;0.278405
1197;0.208988;-0.93163;5.76995;1.06837;5.76995;-0.00134058;6.70292;-0.204566;0.278599
1198;0.208988;-0.93163;5.76995;1.06837;5.76995;-0.00134058;6.70292;-0.204756;0.278792
1199;0.208988;-0.93163;5.76995;1.06837;5.76995;-0.00134058;6.70292;-0.204945;0.278986
1200;0.208988;-0.93163;5.76995;1.06837;5.76995;-0.00134058;6.70292;-0.205135;0.279179
1201;0.208988;-0.93163;5.76995;1.06837;5.76995;-0.00134058;6.70292;-0.205325;0.279373
1202;0.208988;-0.93163;5.76995;1.06837;5.76995;-0.00134058;6.70292;-0.205514;0.279566
1203;0.208988;-0.93163;5.76995;1.06837;5.76995;-0.00134058;6.70292;-0.205704;0.27976
1204;0.208988;-0.93163;5.76995;1.06837;5.76995;-0.00134058;6.70292;-0.205894;0.279953
1205;0.208988;-0.93163;5.76995;1.06837;5.76995;-0.00134058;6.70292;-0.206083;0.280147
1206;0.208988;-0.93163;5.76995;1.06837;5.76995;-0.00134058;6.70292;-0.206273;0.280341
1207;0.208988;-0.93163;5.76995;1.06837;5.76995;-0.00134058;6.70292;-0.206463;0.280534
1208;0.208988;-0.93163;5.76995;1.06837;5.76995;-0.00134058;6.70292;-0.206652;0.280728
1209;0.208988;-0.93163;5.76995;1.06837;5.76995;-0.00134058;6.70292;-0.206842;0.280921
1210;0.208988;-0.93163;5.76995;1.06837;5.76995;-0.00134058;6.70292;-0.207032;0.281115
1211;0.208988;-0.93163;5.76995;1.06837;5.76995;-0.00134058;6.70292;-0.207222;0.281308
1212;0.208988;-0.93163;5.76995;1.06837;5.76995;-0.00134058;6.70292;-0.207411;0.281502
1213;0.208988;-0.93163;5.76995;1.06837;5.76995;-0.00134058;6.70292;-0.207601;0.281696
1214;0.208988;-0.93163;5.76995;1.06837;5.76995;-0.00134058;6.70292;-0.207791;0.281889
1215;0.208988;-0.93163;5.76995;1.06837;5.76995;-0.00134058;6.70292;-0.20798;0.282083
1216;0.208988;-0.93163;5.76995;1.06837;5.76995;-0.00134058;6.70292;-0.20817;0.282276
1217;0.208988;-0.93163;5.76995;1.06837;5.76995;-0.00134058;6.70292;-0.20836;0.28247
1218;0.208988;-0.93163;5.76995;1.06837;5.76995;-0.00134058;6.70292;-0.208549;0.282663
1219;0.208988;-0.93163;5.76995;1.06837;5.76995;-0.00134058;6.70292;-0.208739;0.282857
1220;0.208988;-0.93163;5.76995;1.06837;5.76995;-0.00134058;6.70292;-0.208929;0.28305
1221;0.208988;-0.93163;5.76995;1.06837;5.76995;-0.00134058;6.70292;-0.209118;0.283244
1222;0.208988;-0.93163;5.76995;1.06837;5.76995;-0.00134058;6.70292;-0.209308;0.283438
1223;0.208988;-0.93163;5.76995;1.06837;5.76995;-0.00134058;6.70292;-0.209498;0.283631
1224;0.208988;-0.93163;5.76995;1.06837;5.76995;-0.00134058;6.70292;-0.209688;0.283825
1225;0.208988;-0.93163;5.76995;1.06837;5.76995;-0.00134058;6.70292;-0.209877;0.284018
1226;0.208988;-0.93163;5.76995;1.06837;5.76995;-0.00134058;6.70292;-0.210067;0.284212
1227;0.208988;-0.93163;5.76995;1.06837;5.76995;-0.00134058;6.70292;-0.210257;0.284405
1228;0.208988;-0.93163;5.76995;1.06837;5.76995;-0.00134058;6.70292;-0.210446;0.284599
1229;0.208988;-0.93163;5.76995;1.06837;5.76995;-0.00134058;6.70292;-0.210636;0.284792
1230;0.208988;-0.93163;5.76995;1.06837;5.76995;-0.00134058;6.70292;-0.210826;0.284986
1231;0.208988;-0.93163;5.76995;1.06837;5.76995;-0.00134058;6.70292;-0.211015;0.28518
1232;0.208988;-0.93163;5.76995;1.06837;5.76995;-0.00134058;6.70292;-0.211205;0.285373
1233;0.208988;-0.93163;5.76995;1.06837;5.76995;-0.00134058;6.70292;-0.211395;0.285567
1234;0.208988;-0.93163;5.76995;1.06837;5.76995;-0.00134058;6.70292;-0.211584;0.28576
1235;0.208988;-0.93163;5.76995;1.06837;5.76995;-0.00134058;6.70292;-0.211774;0.285954
1236;0.208988;-0.93163;5.76995;1.06837;5.76995;-0.00134058;6.70292;-0.211964;0.286147
1237;0.208988;-0.93163;5.76995;1.06837;5.76995;-0.00134058;6.70292;-0.212154;0.286341
1238;0.208988;-0.93163;5.76995;1.06837;5.76995;-0.00134058;6.70292;-0.212343;0.286534
1239;0.208988;-0.93163;5.76995;1.06837;5.76995;-0.00134058;6.70292;-0.212533;0.286728
1240;0.208988;-0.93163;5.76995;1.06837;5.76995;-0.00134058;6.70292;-0.212723;0.286922
1241;0.208988;-0.93163;5.76995;1.06837;5.76995;-0.00134058;6.70292;-0.212912;0.287115
1242;0.208988;-0.93163;5.76995;1.06837;5.76995;-0.00134058;6.70292;-0.213102;0.287309
1243;0.208988;-0.93163;5.76995;1.06837;5.76995;-0.00134058;6.70292;-0.213292;0.287502
1244;0.208988;-0.93163;5.76995;1.06837;5.76995;-0.00134058;6.70292;-0.213481;0.287696
1245;0.208988;-0.93163;5.76995;1.06837;5.76995;-0.00134058;6.70292;-0.213671;0.287889
1246;0.208988;-0.93163;5.76995;1.06837;5.76995;-0.00134058;6.70292;-0.213861;0.288083
1247;0.208988;-0.93163;5.76995;1.06837;5.76995;-0.00134058;6.70292;-0.21405;0.288277
1248;0.208988;-0.93163;5.76995;1.06837;5.76995;-0.00134058;6.70292;-0.21424;0.28847
1249;0.208988;-0.93163;5.76995;1.06837;5.76995;-0.00134058;6.70292;-0.21443;0.288664
1250;0.208988;-0.93163;5.76995;1.06837;5.76995;-0.00134058;6.70292;-0.21462;0.288857
1251;0.208988;-0.93163;5.76995;1.06837;5.76995;-0.00134058;6.70292;-0.214809;0.289051
1252;0.208988;-0.93163;5.76995;1.06837;5.76995;-0.00134058;6.70292;-0.214999;0.289244
1253;0.208988;-0.93163;5.76995;1.06837;5.76995;-0.00134058;6.70292;-0.215189;0.289438
1254;0.208988;-0.93163;5.76995;1.06837;5.76995;-0.00134058;6.70292;-0.215378;0.289631
1255;0.208988;-0.93163;5.76995;1.06837;5.76995;-0.00134058;6.70292;-0.215568;0.289825
1256;0.208988;-0.93163;5.76995;1.06837;5.76995;-0.00134058;6.70292;-0.215758;0.290019
1257;0.208988;-0.93163;5.76995;1.06837;5.76995;-0.00134058;6.70292;-0.215947;0.290212
1258;0.208988;-0.93163;5.76995;1.06837;5.76995;-0.00134058;6.70292;-0.216137;0.290406
1259;0.208988;-0.93163;5.76995;1.06837;5.76995;-0.00134058;6.70292;-0.216327;0.290599
1260;0.208988;-0.93163;5.76995;1.06837;5.76995;-0.00134058;6.70292;-0.216516;0.290793
1261;0.208988;-0.93163;5.76995;1.06837;5.76995;-0.00134058;6.70292;-0.216706;0.290986
1262;0.208988;-0.93163;5.76995;1.06837;5.76995;-0.00134058;6.70292;-0.216896;0.29118
1263;0.208988;-0.93163;5.76995;1.06837;5.76995;-0.00134058;6.70292;-0.217086;0.291373
1264;0.208988;-0.93163;5.76995;1.06837;5.76995;-0.00134058;6.70292;-0.217275;0.291567
1265;0.208988;-0.93163;5.76995;1.06837;5.76995;-0.00134058;6.70292;-0.217465;0.291761
1266;0.208988;-0.93163;5.76995;1.06837;5.76995;-0.00134058;6.70292;-0.217655;0.291954
1267;0.208988;-0.93163;5.76995;1.06837;5.76995;-0.00134058;6.70292;-0.217844;0.292148
1268;0.208988;-0.93163;5.76995;1.06837;5.76995;-0.00134058;6.70292;-0.218034;0.292341
1269;0.208988;-0.93163;5.76995;1.06837;5.76995;-0.00134058;6.70292;-0.218224;0.292535
1270;0.208988;-0.93163;5.76995;1.06837;5.76995;-0.00134058;6.70292;-0.218413;0.292728
1271;0.208988;-0.93163;5.76995;1.06837;5.76995;-0.00134058;6.70292;-0.218603;0.292922
1272;0.208988;-0.93163;5.76995;1.06837;5.76995;-0.00134058;6.70292;-0.218793;0.293116
1273;0.208988;-0.93163;5.76995;1.06837;5.76995;-0.00134058;6.70292;-0.218983;0.293309
1274;0.208988;-0.93163;5.76995;1.06837;5.76995;-0.00134058;6.70292;-0.219172;0.293503
1275;0.208988;-0.93163;5.76995;1.06837;5.76995;-0.00134058;6.70292;-0.219362;0.293696
1276;0.208988;-0.93163;5.76995;1.06837;5.76995;-0.00134058;6.70292;-0.219552;0.29389
1277;0.208988;-0.93163;5.76995;1.06837;5.76995;-0.00134058;6.70292;-0.219741;0.294083
1278;0.208988;-0.93163;5.76995;1.06837;5.76995;-0.00134058;6.70292;-0.219931;0.294277
1279;0.208988;-0.93163;5.76995;1.06837;5.76995;-0.00134058;6.70292;-0.220121;0.29447
1280;0.208988;-0.93163;5.76995;1.06837;5.76995;-0.00134058;6.70292;-0.22031;0.294664
1281;0.208988;-0.93163;5.76995;1.06837;5.76995;-0.00134058;6.70292;-0.2205;0.294858
1282;0.208988;-0.93163;5.76995;1.06837;5.76995;-0.00134058;6.70292;-0.22069;0.295051
1283;0.208988;-0.93163;5.76995;1.06837;5.76995;-0.00134058;6.70292;-0.220879;0.295245
1284;0.208988;-0.93163;5.76995;1.06837;5.76995;-0.00134058;6.70292;-0.221069;0.295438
1285;0.208988;-0.93163;5.76995;1.06837;5.76995;-0.00134058;6.70292;-0.221259;0.295632
1286;0.208988;-0.93163;5.76995;1.06837;5.76995;-0.00134058;6.70292;-0.221449;0.295825
1287;0.208988;-0.93163;5.76995;1.06837;5.76995;-0.00134058;6.70292;-0.221638;0.296019
1288;0.208988;-0.93163;5.76995;1.06837;5.76995;-0.00134058;6.70292;-0.221828;0.296212
1289;0.208988;-0.93163;5.76995;1.06837;5.76995;-0.00134058;6.70292;-0.222018;0.296406
1290;0.208988;-0.93163;5.76995;1.06837;5.76995;-0.00134058;6.70292;-0.222207;0.2966
1291;0.208988;-0.93163;5.76995;1.06837;5.76995;-0.00134058;6.70292;-0.222397;0.296793
1292;0.208988;-0.93163;5.76995;1.06837;5.76995;-0.00134058;6.70292;-0.222587;0.296987
1293;0.208988;-0.93163;5.76995;1.06837;5.76995;-0.00134058;6.70292;-0.222776;0.29718
1294;0.208988;-0.93163;5.76995;1.06837;5.76995;-0.00134058;6.70292;-0.222966;0.297374
1295;0.208988;-0.93163;5.76995;1.06837;5.76995;-0.00134058;6.70292;-0.223156;0.297567
1296;0.208988;-0.93163;5.76995;1.06837;5.76995;-0.00134058;6.70292;-0.223345;0.297761
1297;0.208988;-0.93163;5.76995;1.06837;5.76995;-0.00134058;6.70292;-0.223535;0.297955
1298;0.208988;-0.93163;5.76995;1.06837;5.76995;-0.00134058;6.70292;-0.223725;0.298148
1299;0.208988;-0.93163;5.76995;1.06837;5.76995;-0.00134058;6.70292;-0.223915;0.298342
1300;0.208988;-0.93163;5.76995;1.06837;5.76995;-0.00134058;6.70292;-0.224104;0.298535
1301;0.208988;-0.93163;5.76995;1.06837;5.76995;-0.00134058;6.70292;-0.224294;0.298729
1302;0.208988;-0.93163;5.76995;1.06837;5.76995;-0.00134058;6.70292;-0.224484;0.298922
1303;0.208988;-0.93163;5.76995;1.06837;5.76995;-0.00134058;6.70292;-0.224673;0.299116
1304;0.208988;-0.93163;5.76995;1.06837;5.76995;-0.00134058;6.70292;-0.224863;0.299309
1305;0.208988;-0.93163;5.76995;1.06837;5.76995;-0.00134058;6.70292;-0.225053;0.299503
1306;0.208988;-0.93163;5.76995;1.06837;5.76995;-0.00134058;6.70292;-0.225242;0.299697
1307;0.208988;-0.93163;5.76995;1.06837;5.76995;-0.00134058;6.70292;-0.225432;0.29989
1308;0.208988;-0.93163;5.76995;1.06837;5.76995;-0.00134058;6.70292;-0.225622;0.300084
1309;0.208988;-0.93163;5.76995;1.06837;5.76995;-0.00134058;6.70292;-0.225811;0.300277
1310;0.208988;-0.93163;5.76995;1.06837;5.76995;-0.00134058;6.70292;-0.226001;0.300471
1311;0.208988;-0.93163;5.76995;1.06837;5.76995;-0.00134058;6.70292;-0.226191;0.300664
1312;0.208988;-0.93163;5.76995;1.06837;5.76995;-0.00134058;6.70292;-0.226381;0.300858
1313;0.208988;-0.93163;5.76995;1.06837;5.76995;-0.00134058;6.70292;-0.22657;0.301051
1314;0.208988;-0.93163;5.76995;1.06837;5.76995;-0.00134058;6.70292;-0.22676;0.301245
1315;0.208988;-0.93163;5.76995;1.06837;5.76995;-0.00134058;6.70292;-0.22695;0.301439
1316;0.208988;-0.93163;5.76995;1.06837;5.76995;-0.00134058;6.70292;-0.227139;0.301632
1317;0.208988;-0.93163;5.76995;1.06837;5.76995;-0.00134058;6.70292;-0.227329;0.301826
1318;0.208988;-0.93163;5.76995;1.06837;5.76995;-0.00134058;6.70292;-0.227519;0.302019
1319;0.208988;-0.93163;5.76995;1.06837;5.76995;-0.00134058;6.70292;-0.227708;0.302213
1320;0.208988;-0.93163;5.76994;1.06837;5.76994;-0.00134058;6.70292;-0.227898;0.302406
1321;0.208988;-0.93163;5.76994;1.06837;5.76994;-0.00134058;6.70292;-0.228088;0.3026
1322;0.208988;-0.93163;5.76994;1.06837;5.76994;-0.00134058;6.70292;-0.228277;0.302794
1323;0.208988;-0.93163;5.76994;1.06837;5.76994;-0.00134058;6.70292;-0.228467;0.302987
1324;0.208988;-0.93163;5.76994;1.06837;5.76994;-0.00134058;6.70292;-0.228657;0.303181
1325;0.208988;-0.93163;5.76994;1.06837;5.76994;-0.00134058;6.70292;-0.228847;0.303374
1326;0.208988;-0.93163;5.76994;1.06837;5.76994;-0.00134058;6.70292;-0.229036;0.303568
1327;0.208988;-0.93163;5.76994;1.06837;5.76994;-0.00134058;6.70292;-0.229226;0.303761
1328;0.208988;-0.93163;5.76994;1.06837;5.76994;-0.00134058;6.70292;-0.229416;0.303955
1329;0.208988;-0.93163;5.76994;1.06837;5.76994;-0.00134058;6.70292;-0.229605;0.304148
1330;0.208988;-0.93163;5.76994;1.06837;5.76994;-0.00134058;6.70292;-0.229795;0.304342
1331;0.208988;-0.93163;5.76994;1.06837;5.76994;-0.00134058;6.70292;-0.229985;0.304536
1332;0.208988;-0.93163;5.76994;1.06837;5.76994;-0.00134058;6.70292;-0.230174;0.304729
1333;0.208988;-0.93163;5.76994;1.06837;5.76994;-0.00134058;6.70292;-0.230364;0.304923
1334;0.208988;-0.93163;5.76994;1.06837;5.76994;-0.00134058;6.70292;-0.230554;0.305116
1335;0.208988;-0.93163;5.76994;1.06837;5.76994;-0.00134058;6.70292;-0.230743;0.30531
1336;0.208988;-0.93163;5.76994;1.06837;5.76994;-0.00134058;6.70292;-0.230933;0.305503
1337;0.208988;-0.93163;5.76994;1.06837;5.76994;-0.00134058;6.70292;-0.231123;0.305697
1338;0.208988;-0.93163;5.76994;1.06837;5.76994;-0.00134058;6.70292;-0.231313;0.30589
1339;0.208988;-0.93163;5.76994;1.06837;5.76994;-0.00134058;6.70291;-0.231502;0.306084
1340;0.208988;-0.93163;5.76994;1.06837;5.76994;-0.00134058;6.70291;-0.231692;0.306278
1341;0.208988;-0.93163;5.76994;1.06837;5.76994;-0.00134058;6.70291;-0.231882;0.306471
1342;0.208988;-0.93163;5.76994;1.06837;5.76994;-0.00134058;6.70291;-0.232071;0.306665
1343;0.208988;-0.93163;5.76994;1.06837;5.76994;-0.00134058;6.70291;-0.232261;0.306858
1344;0.208988;-0.93163;5.76994;1.06837;5.76994;-0.00134058;6.70291;-0.232451;0.307052
1345;0.208988;-0.93163;5.76994;1.06837;5.76994;-0.00134058;6.70291;-0.23264;0.307245
1346;0.208988;-0.93163;5.76994;1.06837;5.76994;-0.00134058;6.70291;-0.23283;0.307439
1347;0.208988;-0.93163;5.76994;1.06837;5.76994;-0.00134058;6.70291;-0.23302;0.307632
1348;0.208988;-0.93163;5.76994;1.06837;5.76994;-0.00134058;6.70291;-0.233209;0.307826
1349;0.208988;-0.93163;5.76994;1.06837;5.76994;-0.00134058;6.70291;-0.233399;0.30802
1350;0.208988;-0.93163;5.76994;1.06837;5.76994;-0.00134058;6.70291;-0.233589;0.308213
1351;0.208988;-0.93163;5.76994;1.06837;5.76994;-0.00134058;6.70291;-0.233779;0.308407
1352;0.208988;-0.93163;5.76994;1.06837;5.76994;-0.00134058;6.70291;-0.233968;0.3086
1353;0.208988;-0.93163;5.76994;1.06837;5.76994;-0.00134058;6.70291;-0.234158;0.308794
1354;0.208988;-0.93163;5.76994;1.06837;5.76994;-0.00134058;6.70291;-0.234348;0.308987
1355;0.208988;-0.93163;5.76994;1.06837;5.76994;-0.00134058;6.70291;-0.234537;0.309181
1356;0.208988;-0.93163;5.76994;1.06837;5.76994;-0.00134058;6.70291;-0.234727;0.309375
1357;0.208988;-0.93163;5.76994;1.06837;5.76994;-0.00134058;6.70291;-0.234917;0.309568
1358;0.208988;-0.93163;5.76994;1.06837;5.76994;-0.00134058;6.70291;-0.235106;0.309762
1359;0.208988;-0.93163;5.76994;1.06837;5.76994;-0.00134058;6.70291;-0.235296;0.309955
1360;0.208988;-0.93163;5.76994;1.06837;5.76994;-0.00134058;6.70291;-0.235486;0.310149
1361;0.208988;-0.93163;5.76994;1.06837;5.76994;-0.00134058;6.70291;-0.235676;0.310342
1362;0.208988;-0.93163;5.76994;1.06837;5.76994;-0.00134058;6.70291;-0.235865;0.310536
1363;0.208988;-0.93163;5.76994;1.06837;5.76994;-0.00134058;6.70291;-0.236055;0.310729
1364;0.208988;-0.93163;5.76994;1.06837;5.76994;-0.00134058;6.70291;-0.236245;0.310923
1365;0.208988;-0.93163;5.76994;1.06837;5.76994;-0.00134058;6.70291;-0.236434;0.311117
1366;0.208988;-0.93163;5.76994;1.06837;5.76994;-0.00134058;6.70291;-0.236624;0.31131
1367;0.208988;-0.93163;5.76994;1.06837;5.76994;-0.00134058;6.70291;-0.236814;0.311504
1368;0.208988;-0.93163;5.76994;1.06837;5.76994;-0.00134058;6.70291;-0.237003;0.311697
1369;0.208988;-0.93163;5.76994;1.06837;5.76994;-0.00134058;6.70291;-0.237193;0.311891
1370;0.208988;-0.93163;5.76994;1.06837;5.76994;-0.00134058;6.70291;-0.237383;0.312084
1371;0.208988;-0.93163;5.76994;1.06837;5.76994;-0.00134058;6.70291;-0.237572;0.312278
1372;0.208988;-0.93163;5.76994;1.06837;5.76994;-0.00134058;6.70291;-0.237762;0.312471
1373;0.208988;-0.93163;5.76994;1.06837;5.76994;-0.00134058;6.70291;-0.237952;0.312665
1374;0.208988;-0.93163;5.76994;1.06837;5.76994;-0.00134058;6.70291;-0.238142;0.312859
1375;0.208988;-0.93163;5.76994;1.06837;5.76994;-0.00134058;6.70291;-0.238331;0.313052
1376;0.208988;-0.93163;5.76994;1.06837;5.76994;-0.00134058;6.70291;-0.238521;0.313246
1377;0.208988;-0.93163;5.76994;1.06837;5.76994;-0.00134058;6.70291;-0.238711;0.313439
1378;0.208988;-0.93163;5.76994;1.06837;5.76994;-0.00134058;6.70291;-0.2389;0.313633
1379;0.208988;-0.93163;5.76994;1.06837;5.76994;-0.00134058;6.70291;-0.23909;0.313826
1380;0.208988;-0.93163;5.76994;1.06837;5.76994;-0.00134058;6.70291;-0.23928;0.31402
1381;0.208988;-0.93163;5.76994;1.06837;5.76994;-0.00134058;6.70291;-0.239469;0.314214
1382;0.208988;-0.93163;5.76994;1.06837;5.76994;-0.00134058;6.70291;-0.239659;0.314407
1383;0.208988;-0.93163;5.76994;1.06837;5.76994;-0.00134058;6.70291;-0.239849;0.314601
1384;0.208988;-0.93163;5.76994;1.06837;5.76994;-0.00134058;6.70291;-0.240038;0.314794
1385;0.208988;-0.93163;5.76994;1.06837;5.76994;-0.00134058;6.70291;-0.240228;0.314988
1386;0.208988;-0.93163;5.76994;1.06837;5.76994;-0.00134058;6.70291;-0.240418;0.315181
1387;0.208988;-0.93163;5.76994;1.06837;5.76994;-0.00134058;6.70291;-0.240608;0.315375
1388;0.208988;-0.93163;5.76994;1.06837;5.76994;-0.00134058;6.70291;-0.240797;0.315568
1389;0.208989;-0.93163;5.76994;1.06837;5.76994;-0.00134058;6.70291;-0.240987;0.315762
1390;0.208989;-0.93163;5.76994;1.06837;5.76994;-0.00134058;6.70291;-0.241177;0.315956
1391;0.208989;-0.93163;5.76994;1.06837;5.76994;-0.00134058;6.70291;-0.241366;0.316149
1392;0.208989;-0.93163;5.76994;1.06837;5.76994;-0.00134058;6.70291;-0.241556;0.316343
1393;0.208989;-0.93163;5.76994;1.06837;5.76994;-0.00134058;6.70291;-0.241746;0.316536
1394;0.208989;-0.93163;5.76994;1.06837;5.76994;-0.00134058;6.70291;-0.241935;0.31673
1395;0.208989;-0.93163;5.76994;1.06837;5.76994;-0.00134058;6.70291;-0.242125;0.316923
1396;0.208989;-0.93163;5.76994;1.06837;5.76994;-0.00134058;6.70291;-0.242315;0.317117
1397;0.208989;-0.93163;5.76994;1.06837;5.76994;-0.00134058;6.70291;-0.242504;0.31731
1398;0.208989;-0.93163;5.76994;1.06837;5.76994;-0.00134058;6.70291;-0.242694;0.317504
1399;0.208989;-0.93163;5.76994;1.06837;5.76994;-0.00134058;6.70291;-0.242884;0.317698
1400;0.208989;-0.93163;5.76994;1.06837;5.76994;-0.00134058;6.70291;-0.243074;0.317891
1401;0.208989;-0.93163;5.76994;1.06837;5.76994;-0.00134058;6.70291;-0.243263;0.318085
1402;0.208989;-0.93163;5.76994;1.06837;5.76994;-0.00134058;6.70291;-0.243453;0.318278
1403;0.208989;-0.93163;5.76994;1.06837;5.76994;-0.00134058;6.70291;-0.243643;0.318472
1404;0.208989;-0.93163;5.76994;1.06837;5.76994;-0.00134058;6.70291;-0.243832;0.318665
1405;0.208989;-0.93163;5.76994;1.06837;5.76994;-0.00134058;6.70291;-0.244022;0.318859
1406;0.208989;-0.93163;5.76994;1.06837;5.76994;-0.00134058;6.70291;-0.244212;0.319052
1407;0.208989;-0.93163;5.76994;1.06837;5.76994;-0.00134058;6.70291;-0.244401;0.319246
1408;0.208989;-0.93163;5.76994;1.06837;5.76994;-0.00134058;6.70291;-0.244591;0.31944
1409;0.208989;-0.93163;5.76994;1.06837;5.76994;-0.00134058;6.70291;-0.244781;0.319633
1410;0.208989;-0.93163;5.76994;1.06837;5.76994;-0.00134058;6.70291;-0.24497;0.319827
1411;0.208989;-0.93163;5.76994;1.06837;5.76994;-0.00134058;6.70291;-0.24516;0.32002
1412;0.208989;-0.93163;5.76994;1.06837;5.76994;-0.00134058;6.70291;-0.24535;0.320214
1413;0.208989;-0.93163;5.76994;1.06837;5.76994;-0.00134058;6.70291;-0.24554;0.320407
1414;0.208989;-0.93163;5.76994;1.06837;5.76994;-0.00134058;6.70291;-0.245729;0.320601
1415;0.208989;-0.93163;5.76994;1.06837;5.76994;-0.00134058;6.70291;-0.245919;0.320795
1416;0.208989;-0.93163;5.76994;1.06837;5.76994;-0.00134058;6.70291;-0.246109;0.320988
1417;0.208989;-0.93163;5.76994;1.06837;5.76994;-0.00134058;6.70291;-0.246298;0.321182
1418;0.208989;-0.93163;5.76994;1.06837;5.76994;-0.00134058;6.70291;-0.246488;0.321375
1419;0.208989;-0.93163;5.76994;1.06837;5.76994;-0.00134058;6.70291;-0.246678;0.321569
1420;0.208989;-0.93163;5.76994;1.06837;5.76994;-0.00134058;6.70291;-0.246867;0.321762
1421;0.208989;-0.93163;5.76994;1.06837;5.76994;-0.00134058;6.70291;-0.247057;0.321956
1422;0.208989;-0.93163;5.76994;1.06837;5.76994;-0.00134058;6.70291;-0.247247;0.322149
1423;0.208989;-0.93163;5.76994;1.06837;5.76994;-0.00134058;6.70291;-0.247436;0.322343
1424;0.208989;-0.93163;5.76994;1.06837;5.76994;-0.00134058;6.70291;-0.247626;0.322537
1425;0.208989;-0.93163;5.76994;1.06837;5.76994;-0.00134058;6.70291;-0.247816;0.32273
1426;0.208989;-0.93163;5.76994;1.06837;5.76994;-0.00134058;6.70291;-0.248006;0.322924
1427;0.208989;-0.93163;5.76994;1.06837;5.76994;-0.00134058;6.70291;-0.248195;0.323117
1428;0.208989;-0.93163;5.76994;1.06837;5.76994;-0.00134058;6.70291;-0.248385;0.323311
1429;0.208989;-0.93163;5.76994;1.06837;5.76994;-0.00134058;6.70291;-0.248575;0.323504
1430;0.208989;-0.93163;5.76994;1.06837;5.76994;-0.00134058;6.70291;-0.248764;0.323698
1431;0.208989;-0.93163;5.76994;1.06837;5.76994;-0.00134058;6.70291;-0.248954;0.323891
1432;0.208989;-0.93163;5.76994;1.06837;5.76994;-0.00134058;6.70291;-0.249144;0.324085
1433;0.208989;-0.93163;5.76994;1.06837;5.76994;-0.00134058;6.70291;-0.249333;0.324279
1434;0.208989;-0.93163;5.76994;1.06837;5.76994;-0.00134058;6.70291;-0.249523;0.324472
1435;0.208989;-0.93163;5.76994;1.06837;5.76994;-0.00134058;6.70291;-0.249713;0.324666
1436;0.208989;-0.93163;5.76994;1.06837;5.76994;-0.00134058;6.70291;-0.249902;0.324859
1437;0.208989;-0.93163;5.76994;1.06837;5.76994;-0.00134058;6.70291;-0.250092;0.325053
1438;0.208989;-0.93163;5.76994;1.06837;5.76994;-0.00134058;6.70291;-0.250282;0.325246
1439;0.208989;-0.93163;5.76994;1.06837;5.76994;-0.00134058;6.70291;-0.250472;0.32544
1440;0.208989;-0.93163;5.76994;1.06837;5.76994;-0.00134058;6.70291;-0.250661;0.325634
1441;0.208989;-0.93163;5.76994;1.06837;5.76994;-0.00134058;6.70291;-0.250851;0.325827
1442;0.208989;-0.93163;5.76994;1.06837;5.76994;-0.00134058;6.70291;-0.251041;0.326021
1443;0.208989;-0.93163;5.76994;1.06837;5.76994;-0.00134058;6.70291;-0.25123;0.326214
1444;0.208989;-0.93163;5.76994;1.06837;5.76994;-0.00134058;6.70291;-0.25142;0.326408
1445;0.208989;-0.93163;5.76994;1.06837;5.76994;-0.00134058;6.70291;-0.25161;0.326601
1446;0.208989;-0.93163;5.76994;1.06837;5.76994;-0.00134058;6.70291;-0.251799;0.326795
1447;0.208989;-0.93163;5.76994;1.06837;5.76994;-0.00134058;6.70291;-0.251989;0.326988
1448;0.208989;-0.93163;5.76994;1.06837;5.76994;-0.00134058;6.70291;-0.252179;0.327182
1449;0.208989;-0.93163;5.76994;1.06837;5.76994;-0.00134058;6.70291;-0.252368;0.327376
1450;0.208989;-0.93163;5.76994;1.06837;5.76994;-0.00134058;6.70291;-0.252558;0.327569
1451;0.208989;-0.93163;5.76994;1.06837;5.76994;-0.00134058;6.70291;-0.252748;0.327763
1452;0.208989;-0.93163;5.76994;1.06837;5.76994;-0.00134058;6.70291;-0.252938;0.327956
1453;0.208989;-0.93163;5.76994;1.06837;5.76994;-0.00134058;6.70291;-0.253127;0.32815
1454;0.208989;-0.93163;5.76994;1.06837;5.76994;-0.00134058;6.70291;-0.253317;0.328343
1455;0.208989;-0.93163;5.76994;1.06837;5.76994;-0.00134058;6.70291;-0.253507;0.328537
1456;0.208989;-0.93163;5.76994;1.06837;5.76994;-0.00134058;6.70291;-0.253696;0.32873
1457;0.208989;-0.93163;5.76994;1.06837;5.76994;-0.00134058;6.70291;-0.253886;0.328924
1458;0.208989;-0.93163;5.76994;1.06837;5.76994;-0.00134058;6.70291;-0.254076;0.329118
1459;0.208989;-0.93163;5.76994;1.06837;5.76994;-0.00134058;6.70291;-0.254265;0.329311
1460;0.208989;-0.93163;5.76994;1.06837;5.76994;-0.00134058;6.70291;-0.254455;0.329505
1461;0.208989;-0.93163;5.76994;1.06837;5.76994;-0.00134058;6.70291;-0.254645;0.329698
1462;0.208989;-0.93163;5.76994;1.06837;5.76994;-0.00134058;6.70291;-0.254834;0.329892
1463;0.208989;-0.93163;5.76994;1.06837;5.76994;-0.00134058;6.70291;-0.255024;0.330085
1464;0.208989;-0.93163;5.76994;1.06837;5.76994;-0.00134058;6.70291;-0.255214;0.330279
1465;0.208989;-0.93163;5.76994;1.06837;5.76994;-0.00134058;6.70291;-0.255404;0.330473
1466;0.208989;-0.93163;5.76994;1.06837;5.76994;-0.00134058;6.70291;-0.255593;0.330666
1467;0.208989;-0.93163;5.76994;1.06837;5.76994;-0.00134058;6.70291;-0.255783;0.33086
1468;0.208989;-0.93163;5.76994;1.06837;5.76994;-0.00134058;6.70291;-0.255973;0.331053
1469;0.208989;-0.93163;5.76994;1.06837;5.76994;-0.00134058;6.70291;-0.256162;0.331247
1470;0.208989;-0.93163;5.76994;1.06837;5.76994;-0.00134058;6.70291;-0.256352;0.33144
1471;0.208989;-0.93163;5.76994;1.06837;5.76994;-0.00134058;6.70291;-0.256542;0.331634
1472;0.208989;-0.93163;5.76994;1.06837;5.76994;-0.00134058;6.70291;-0.256731;0.331827
1473;0.208989;-0.93163;5.76994;1.06837;5.76994;-0.00134058;6.70291;-0.256921;0.332021
1474;0.208989;-0.93163;5.76994;1.06837;5.76994;-0.00134058;6.70291;-0.257111;0.332215
1475;0.208989;-0.93163;5.76994;1.06837;5.76994;-0.00134058;6.70291;-0.257301;0.332408
1476;0.208989;-0.93163;5.76994;1.06837;5.76994;-0.00134058;6.70291;-0.25749;0.332602
1477;0.208989;-0.93163;5.76994;1.06837;5.76994;-0.00134058;6.70291;-0.25768;0.332795
1478;0.208989;-0.93163;5.76994;1.06837;5.76994;-0.00134058;6.70291;-0.25787;0.332989
1479;0.208989;-0.93163;5.76994;1.06837;5.76994;-0.00134058;6.70291;-0.258059;0.333182
1480;0.208989;-0.93163;5.76994;1.06837;5.76994;-0.00134058;6.70291;-0.258249;0.333376
1481;0.208989;-0.93163;5.76994;1.06837;5.76994;-0.00134058;6.70291;-0.258439;0.333569
1482;0.208989;-0.93163;5.76994;1.06837;5.76994;-0.00134058;6.70291;-0.258628;0.333763
1483;0.208989;-0.93163;5.76994;1.06837;5.76994;-0.00134058;6.70291;-0.258818;0.333957
1484;0.208989;-0.93163;5.76994;1.06837;5.76994;-0.00134058;6.70291;-0.259008;0.33415
1485;0.208989;-0.93163;5.76994;1.06837;5.76994;-0.00134058;6.70291;-0.259197;0.334344
1486;0.208989;-0.93163;5.76994;1.06837;5.76994;-0.00134058;6.70291;-0.259387;0.334537
1487;0.208989;-0.93163;5.76994;1.06837;5.76994;-0.00134058;6.70291;-0.259577;0.334731
1488;0.208989;-0.93163;5.76994;1.06837;5.76994;-0.00134058;6.70291;-0.259767;0.334924
1489;0.208989;-0.93163;5.76994;1.06837;5.76994;-0.00134058;6.70291;-0.259956;0.335118
1490;0.208989;-0.93163;5.76994;1.06837;5.76994;-0.00134058;6.70291;-0.260146;0.335311
1491;0.208989;-0.93163;5.76994;1.06837;5.76994;-0.00134058;6.70291;-0.260336;0.335505
1492;0.208989;-0.93163;5.76994;1.06837;5.76994;-0.00134058;6.70291;-0.260525;0.335699
1493;0.208989;-0.93163;5.76994;1.06837;5.76994;-0.00134058;6.70291;-0.260715;0.335892
1494;0.208989;-0.93163;5.76994;1.06837;5.76994;-0.00134058;6.70291;-0.260905;0.336086
1495;0.208989;-0.93163;5.76994;1.06837;5.76994;-0.00134058;6.70291;-0.261094;0.336279
1496;0.208989;-0.93163;5.76994;1.06837;5.76994;-0.00134058;6.70291;-0.261284;0.336473
1497;0.208989;-0.93163;5.76994;1.06837;5.76994;-0.00134058;6.70291;-0.261474;0.336666
1498;0.208989;-0.93163;5.76994;1.06837;5.76994;-0.00134058;6.70291;-0.261663;0.33686
1499;0.208989;-0.93163;5.76994;1.06837;5.76994;-0.00134058;6.70291;-0.261853;0.337054
1500;0.208989;-0.93163;5.76994;1.06837;5.76994;-0.00134058;6.70291;-0.262043;0.337247
1501;0.208989;-0.93163;5.76994;1.06837;5.76994;-0.00134058;6.70291;-0.262233;0.337441
1502;0.208989;-0.93163;5.76994;1.06837;5.76994;-0.00134058;6.70291;-0.262422;0.337634
1503;0.208989;-0.93163;5.76994;1.06837;5.76994;-0.00134058;6.70291;-0.262612;0.337828
1504;0.208989;-0.93163;5.76994;1.06837;5.76994;-0.00134058;6.70291;-0.262802;0.338021
1505;0.208989;-0.93163;5.76994;1.06837;5.76994;-0.00134058;6.70291;-0.262991;0.338215
1506;0.208989;-0.93163;5.76994;1.06837;5.76994;-0.00134058;6.70291;-0.263181;0.338408
1507;0.208989;-0.93163;5.76994;1.06837;5.76994;-0.00134058;6.70291;-0.263371;0.338602
1508;0.208989;-0.93163;5.76994;1.06837;5.76994;-0.00134058;6.70291;-0.26356;0.338796
1509;0.208989;-0.93163;5.76994;1.06837;5.76994;-0.00134058;6.70291;-0.26375;0.338989
1510;0.208989;-0.93163;5.76994;1.06837;5.76994;-0.00134058;6.70291;-0.26394;0.339183
1511;0.208989;-0.93163;5.76994;1.06837;5.76994;-0.00134058;6.70291;-0.264129;0.339376
1512;0.208989;-0.93163;5.76994;1.06837;5.76994;-0.00134058;6.70291;-0.264319;0.33957
1513;0.208989;-0.93163;5.76994;1.06837;5.76994;-0.00134058;6.70291;-0.264509;0.339763
1514;0.208989;-0.93163;5.76994;1.06837;5.76994;-0.00134058;6.70291;-0.264699;0.339957
1515;0.208989;-0.93163;5.76994;1.06837;5.76994;-0.00134058;6.70291;-0.264888;0.34015
1516;0.208989;-0.93163;5.76994;1.06837;5.76994;-0.00134058;6.70291;-0.265078;0.340344
1517;0.208989;-0.93163;5.76994;1.06837;5.76994;-0.00134058;6.70291;-0.265268;0.340538
1518;0.208989;-0.93163;5.76994;1.06837;5.76994;-0.00134058;6.70291;-0.265457;0.340731
1519;0.208989;-0.93163;5.76994;1.06837;5.76994;-0.00134058;6.70291;-0.265647;0.340925
1520;0.208989;-0.93163;5.76994;1.06837;5.76994;-0.00134058;6.70291;-0.265837;0.341118
1521;0.208989;-0.93163;5.76994;1.06837;5.76994;-0.00134058;6.70291;-0.266026;0.341312
1522;0.208989;-0.93163;5.76994;1.06837;5.76994;-0.00134058;6.70291;-0.266216;0.341505
1523;0.208989;-0.93163;5.76994;1.06837;5.76994;-0.00134058;6.70291;-0.266406;0.341699
1524;0.208989;-0.93163;5.76994;1.06837;5.76994;-0.00134058;6.70291;-0.266595;0.341893
1525;0.208989;-0.93163;5.76994;1.06837;5.76994;-0.00134058;6.70291;-0.266785;0.342086
1526;0.208989;-0.93163;5.76994;1.06837;5.76994;-0.00134058;6.70291;-0.266975;0.34228
1527;0.208989;-0.93163;5.76994;1.06837;5.76994;-0.00134058;6.70291;-0.267165;0.342473
1528;0.208989;-0.93163;5.76994;1.06837;5.76994;-0.00134058;6.70291;-0.267354;0.342667
1529;0.208989;-0.93163;5.76994;1.06837;5.76994;-0.00134058;6.70291;-0.267544;0.34286
1530;0.208989;-0.93163;5.76994;1.06837;5.76994;-0.00134058;6.70291;-0.267734;0.343054
1531;0.208989;-0.93163;5.76994;1.06837;5.76994;-0.00134058;6.70291;-0.267923;0.343247
1532;0.208989;-0.93163;5.76994;1.06837;5.76994;-0.00134058;6.70291;-0.268113;0.343441
1533;0.208989;-0.93163;5.76994;1.06837;5.76994;-0.00134058;6.70291;-0.268303;0.343635
1534;0.208989;-0.93163;5.76994;1.06837;5.76994;-0.00134058;6.70291;-0.268492;0.343828
1535;0.208989;-0.93163;5.76994;1.06837;5.76994;-0.00134058;6.70291;-0.268682;0.344022
1536;0.208989;-0.93163;5.76994;1.06837;5.76994;-0.00134058;6.70291;-0.268872;0.344215
1537;0.208989;-0.93163;5.76994;1.06837;5.76994;-0.00134058;6.70291;-0.269061;0.344409
1538;0.208989;-0.93163;5.76994;1.06837;5.76994;-0.00134058;6.70291;-0.269251;0.344602
1539;0.208989;-0.93163;5.76994;1.06837;5.76994;-0.00134058;6.70291;-0.269441;0.344796
1540;0.208989;-0.93163;5.76994;1.06837;5.76994;-0.00134058;6.70291;-0.269631;0.344989
1541;0.208989;-0.93163;5.76994;1.06837;5.76994;-0.00134058;6.70291;-0.26982;0.345183
1542;0.208989;-0.93163;5.76994;1.06837;5.76994;-0.00134058;6.70291;-0.27001;0.345377
1543;0.208989;-0.93163;5.76994;1.06837;5.76994;-0.00134058;6.70291;-0.2702;0.34557
1544;0.208989;-0.93163;5.76993;1.06837;5.76993;-0.00134058;6.70291;-0.270389;0.345764
1545;0.208989;-0.93163;5.76993;1.06837;5.76993;-0.00134058;6.70291;-0.270579;0.345957
1546;0.208989;-0.93163;5.76993;1.06837;5.76993;-0.00134058;6.70291;-0.270769;0.346151
1547;0.208989;-0.93163;5.76993;1.06837;5.76993;-0.00134058;6.70291;-0.270958;0.346344
1548;0.208989;-0.93163;5.76993;1.06837;5.76993;-0.00134058;6.70291;-0.271148;0.346538
1549;0.208989;-0.93163;5.76993;1.06837;5.76993;-0.00134058;6.70291;-0.271338;0.346731
1550;0.208989;-0.93163;5.76993;1.06837;5.76993;-0.00134058;6.70291;-0.271527;0.346925
1551;0.208989;-0.93163;5.76993;1.06837;5.76993;-0.00134058;6.70291;-0.271717;0.347119
1552;0.208989;-0.93163;5.76993;1.06837;5.76993;-0.00134058;6.70291;-0.271907;0.347312
1553;0.208989;-0.93163;5.76993;1.06837;5.76993;-0.00134058;6.70291;-0.272097;0.347506
1554;0.208989;-0.93163;5.76993;1.06837;5.76993;-0.00134058;6.70291;-0.272286;0.347699
1555;0.208989;-0.93163;5.76993;1.06837;5.76993;-0.00134058;6.70291;-0.272476;0.347893
1556;0.208989;-0.93163;5.76993;1.06837;5.76993;-0.00134058;6.70291;-0.272666;0.348086
1557;0.208989;-0.93163;5.76993;1.06837;5.76993;-0.00134058;6.70291;-0.272855;0.34828
1558;0.208989;-0.93163;5.76993;1.06837;5.76993;-0.00134058;6.70291;-0.273045;0.348474
1559;0.208989;-0.93163;5.76993;1.06837;5.76993;-0.00134058;6.70291;-0.273235;0.348667
1560;0.208989;-0.93163;5.76993;1.06837;5.76993;-0.00134058;6.70291;-0.273424;0.348861
1561;0.208989;-0.93163;5.76993;1.06837;5.76993;-0.00134058;6.70291;-0.273614;0.349054
1562;0.208989;-0.93163;5.76993;1.06837;5.76993;-0.00134058;6.70291;-0.273804;0.349248
1563;0.208989;-0.93163;5.76993;1.06837;5.76993;-0.00134058;6.70291;-0.273993;0.349441
1564;0.208989;-0.93163;5.76993;1.06837;5.76993;-0.00134058;6.70291;-0.274183;0.349635
1565;0.208989;-0.93163;5.76993;1.06837;5.76993;-0.00134058;6.7029;-0.274373;0.349828
1566;0.208989;-0.93163;5.76993;1.06837;5.76993;-0.00134058;6.7029;-0.274563;0.350022
1567;0.208989;-0.93163;5.76993;1.06837;5.76993;-0.00134058;6.7029;-0.274752;0.350216
1568;0.208989;-0.93163;5.76993;1.06837;5.76993;-0.00134058;6.7029;-0.274942;0.350409
1569;0.208989;-0.93163;5.76993;1.06837;5.76993;-0.00134058;6.7029;-0.275132;0.350603
1570;0.208989;-0.93163;5.76993;1.06837;5.76993;-0.00134058;6.7029;-0.275321;0.350796
1571;0.208989;-0.93163;5.76993;1.06837;5.76993;-0.00134058;6.7029;-0.275511;0.35099
1572;0.208989;-0.93163;5.76993;1.06837;5.76993;-0.00134058;6.7029;-0.275701;0.351183
1573;0.208989;-0.93163;5.76993;1.06837;5.76993;-0.00134058;6.7029;-0.27589;0.351377
1574;0.208989;-0.93163;5.76993;1.06837;5.76993;-0.00134058;6.7029;-0.27608;0.35157
1575;0.208989;-0.93163;5.76993;1.06837;5.76993;-0.00134058;6.7029;-0.27627;0.351764
1576;0.208989;-0.93163;5.76993;1.06837;5.76993;-0.00134058;6.7029;-0.276459;0.351958
1577;0.208989;-0.93163;5.76993;1.06837;5.76993;-0.00134058;6.7029;-0.276649;0.352151
1578;0.208989;-0.93163;5.76993;1.06837;5.76993;-0.00134058;6.7029;-0.276839;0.352345
1579;0.208989;-0.93163;5.76993;1.06837;5.76993;-0.00134058;6.7029;-0.277029;0.352538
1580;0.208989;-0.93163;5.76993;1.06837;5.76993;-0.00134058;6.7029;-0.277218;0.352732
1581;0.208989;-0.93163;5.76993;1.06837;5.76993;-0.00134058;6.7029;-0.277408;0.352925
1582;0.208989;-0.93163;5.76993;1.06837;5.76993;-0.00134058;6.7029;-0.277598;0.353119
1583;0.208989;-0.93163;5.76993;1.06837;5.76993;-0.00134058;6.7029;-0.277787;0.353312
1584;0.208989;-0.93163;5.76993;1.06837;5.76993;-0.00134058;6.7029;-0.277977;0.353506
1585;0.208989;-0.93163;5.76993;1.06837;5.76993;-0.00134058;6.7029;-0.278167;0.3537
1586;0.208989;-0.93163;5.76993;1.06837;5.76993;-0.00134058;6.7029;-0.278356;0.353893
1587;0.208989;-0.93163;5.76993;1.06837;5.76993;-0.00134058;6.7029;-0.278546;0.354087
1588;0.208989;-0.93163;5.76993;1.06837;5.76993;-0.00134058;6.7029;-0.278736;0.35428
1589;0.208989;-0.93163;5.76993;1.06837;5.76993;-0.00134058;6.7029;-0.278925;0.354474
1590;0.208989;-0.93163;5.76993;1.06837;5.76993;-0.00134058;6.7029;-0.279115;0.354667
1591;0.208989;-0.93163;5.76993;1.06837;5.76993;-0.00134058;6.7029;-0.279305;0.354861
1592;0.208989;-0.93163;5.76993;1.06837;5.76993;-0.00134058;6.7029;-0.279495;0.355055
1593;0.208989;-0.93163;5.76993;1.06837;5.76993;-0.00134058;6.7029;-0.279684;0.355248
1594;0.208989;-0.93163;5.76993;1.06837;5.76993;-0.00134058;6.7029;-0.279874;0.355442
1595;0.208989;-0.93163;5.76993;1.06837;5.76993;-0.00134058;6.7029;-0.280064;0.355635
1596;0.208989;-0.93163;5.76993;1.06837;5.76993;-0.00134058;6.7029;-0.280253;0.355829
1597;0.208989;-0.93163;5.76993;1.06837;5.76993;-0.00134058;6.7029;-0.280443;0.356022
1598;0.208989;-0.93163;5.76993;1.06837;5.76993;-0.00134058;6.7029;-0.280633;0.356216
1599;0.208989;-0.93163;5.76993;1.06837;5.76993;-0.00134058;6.7029;-0.280822;0.356409
1600;0.208989;-0.93163;5.76993;1.06837;5.76993;-0.00134058;6.7029;-0.281012;0.356603
1601;0.208989;-0.93163;5.76993;1.06837;5.76993;-0.00134058;6.7029;-0.281202;0.356797
1602;0.208989;-0.93163;5.76993;1.06837;5.76993;-0.00134058;6.7029;-0.281391;0.35699
1603;0.208989;-0.93163;5.76993;1.06837;5.76993;-0.00134058;6.7029;-0.281581;0.357184
1604;0.208989;-0.93163;5.76993;1.06837;5.76993;-0.00134058;6.7029;-0.281771;0.357377
1605;0.208989;-0.93163;5.76993;1.06837;5.76993;-0.00134058;6.7029;-0.281961;0.357571
1606;0.208989;-0.93163;5.76993;1.06837;5.76993;-0.00134058;6.7029;-0.28215;0.357764
1607;0.208989;-0.93163;5.76993;1.06837;5.76993;-0.00134058;6.7029;-0.28234;0.357958
1608;0.208989;-0.93163;5.76993;1.06837;5.76993;-0.00134058;6.7029;-0.28253;0.358151
1609;0.208989;-0.93163;5.76993;1.06837;5.76993;-0.00134058;6.7029;-0.282719;0.358345
1610;0.208989;-0.93163;5.76993;1.06837;5.76993;-0.00134058;6.7029;-0.282909;0.358539
1611;0.208989;-0.93163;5.76993;1.06837;5.76993;-0.00134058;6.7029;-0.283099;0.358732
1612;0.208989;-0.93163;5.76993;1.06837;5.76993;-0.00134058;6.7029;-0.283288;0.358926
1613;0.208989;-0.93163;5.76993;1.06837;5.76993;-0.00134058;6.7029;-0.283478;0.359119
1614;0.208989;-0.93163;5.76993;1.06837;5.76993;-0.00134058;6.7029;-0.283668;0.359313
1615;0.208989;-0.93163;5.76993;1.06837;5.76993;-0.00134058;6.7029;-0.283857;0.359506
1616;0.208989;-0.93163;5.76993;1.06837;5.76993;-0.00134058;6.7029;-0.284047;0.3597
1617;0.208989;-0.93163;5.76993;1.06837;5.76993;-0.00134058;6.7029;-0.284237;0.359894
1618;0.208989;-0.93163;5.76993;1.06837;5.76993;-0.00134058;6.7029;-0.284427;0.360087
1619;0.208989;-0.93163;5.76993;1.06837;5.76993;-0.00134058;6.7029;-0.284616;0.360281
1620;0.208989;-0.93163;5.76993;1.06837;5.76993;-0.00134058;6.7029;-0.284806;0.360474
1621;0.208989;-0.93163;5.76993;1.06837;5.76993;-0.00134058;6.7029;-0.284996;0.360668
1622;0.208989;-0.93163;5.76993;1.06837;5.76993;-0.00134058;6.7029;-0.285185;0.360861
1623;0.208989;-0.93163;5.76993;1.06837;5.76993;-0.00134058;6.7029;-0.285375;0.361055
1624;0.208989;-0.93163;5.76993;1.06837;5.76993;-0.00134058;6.7029;-0.285565;0.361248
1625;0.208989;-0.93163;5.76993;1.06837;5.76993;-0.00134058;6.7029;-0.285754;0.361442
1626;0.208989;-0.93163;5.76993;1.06837;5.76993;-0.00134058;6.7029;-0.285944;0.361636
1627;0.208989;-0.93163;5.76993;1.06837;5.76993;-0.00134058;6.7029;-0.286134;0.361829
1628;0.208989;-0.93163;5.76993;1.06837;5.76993;-0.00134058;6.7029;-0.286324;0.362023
1629;0.208989;-0.93163;5.76993;1.06837;5.76993;-0.00134058;6.7029;-0.286513;0.362216
1630;0.208989;-0.93163;5.76993;1.06837;5.76993;-0.00134058;6.7029;-0.286703;0.36241
1631;0.208989;-0.93163;5.76993;1.06837;5.76993;-0.00134058;6.7029;-0.286893;0.362603
1632;0.208989;-0.93163;5.76993;1.06837;5.76993;-0.00134058;6.7029;-0.287082;0.362797
1633;0.208989;-0.93163;5.76993;1.06837;5.76993;-0.00134058;6.7029;-0.287272;0.36299
1634;0.208989;-0.93163;5.76993;1.06837;5.76993;-0.00134058;6.7029;-0.287462;0.363184
1635;0.208989;-0.93163;5.76993;1.06837;5.76993;-0.00134058;6.7029;-0.287651;0.363378
1636;0.208989;-0.93163;5.76993;1.06837;5.76993;-0.00134058;6.7029;-0.287841;0.363571
1637;0.208989;-0.93163;5.76993;1.06837;5.76993;-0.00134058;6.7029;-0.288031;0.363765
1638;0.208989;-0.93163;5.76993;1.06837;5.76993;-0.00134058;6.7029;-0.28822;0.363958
1639;0.208989;-0.93163;5.76993;1.06837;5.76993;-0.00134058;6.7029;-0.28841;0.364152
1640;0.208989;-0.93163;5.76993;1.06837;5.76993;-0.00134058;6.7029;-0.2886;0.364345
1641;0.208989;-0.93163;5.76993;1.06837;5.76993;-0.00134058;6.7029;-0.28879;0.364539
1642;0.208989;-0.93163;5.76993;1.06837;5.76993;-0.00134058;6.7029;-0.288979;0.364732
1643;0.208989;-0.93163;5.76993;1.06837;5.76993;-0.00134058;6.7029;-0.289169;0.364926
1644;0.208989;-0.93163;5.76993;1.06837;5.76993;-0.00134058;6.7029;-0.289359;0.36512
1645;0.208989;-0.93163;5.76993;1.06837;5.76993;-0.00134058;6.7029;-0.289548;0.365313
1646;0.208989;-0.93163;5.76993;1.06837;5.76993;-0.00134058;6.7029;-0.289738;0.365507
1647;0.208989;-0.93163;5.76993;1.06837;5.76993;-0.00134058;6.7029;-0.289928;0.3657
1648;0.208989;-0.93163;5.76993;1.06837;5.76993;-0.00134058;6.7029;-0.290117;0.365894
1649;0.208989;-0.93163;5.76993;1.06837;5.76993;-0.00134058;6.7029;-0.290307;0.366087
1650;0.208989;-0.93163;5.76993;1.06837;5.76993;-0.00134058;6.7029;-0.290497;0.366281
1651;0.208989;-0.93163;5.76993;1.06837;5.76993;-0.00134058;6.7029;-0.290686;0.366475
1652;0.208989;-0.93163;5.76993;1.06837;5.76993;-0.00134058;6.7029;-0.290876;0.366668
1653;0.208989;-0.93163;5.76993;1.06837;5.76993;-0.00134058;6.7029;-0.291066;0.366862
1654;0.208989;-0.93163;5.76993;1.06837;5.76993;-0.00134058;6.7029;-0.291256;0.367055
1655;0.208989;-0.93163;5.76993;1.06837;5.76993;-0.00134058;6.7029;-0.291445;0.367249
1656;0.208989;-0.93163;5.76993;1.06837;5.76993;-0.00134058;6.7029;-0.291635;0.367442
1657;0.208989;-0.93163;5.76993;1.06837;5.76993;-0.00134058;6.7029;-0.291825;0.367636
1658;0.208989;-0.93163;5.76993;1.06837;5.76993;-0.00134058;6.7029;-0.292014;0.367829
1659;0.208989;-0.93163;5.76993;1.06837;5.76993;-0.00134058;6.7029;-0.292204;0.368023
1660;0.208989;-0.93163;5.76993;1.06837;5.76993;-0.00134058;6.7029;-0.292394;0.368217
1661;0.208989;-0.93163;5.76993;1.06837;5.76993;-0.00134058;6.7029;-0.292583;0.36841
1662;0.208989;-0.93163;5.76993;1.06837;5.76993;-0.00134058;6.7029;-0.292773;0.368604
1663;0.208989;-0.93163;5.76993;1.06837;5.76993;-0.00134058;6.7029;-0.292963;0.368797
1664;0.208989;-0.93163;5.76993;1.06837;5.76993;-0.00134058;6.7029;-0.293152;0.368991
1665;0.208989;-0.93163;5.76993;1.06837;5.76993;-0.00134058;6.7029;-0.293342;0.369184
1666;0.208989;-0.93163;5.76993;1.06837;5.76993;-0.00134058;6.7029;-0.293532;0.369378
1667;0.208989;-0.93163;5.76993;1.06837;5.76993;-0.00134058;6.7029;-0.293722;0.369571
1668;0.208989;-0.93163;5.76993;1.06837;5.76993;-0.00134058;6.7029;-0.293911;0.369765
1669;0.208989;-0.93163;5.76993;1.06837;5.76993;-0.00134058;6.7029;-0.294101;0.369959
1670;0.208989;-0.93163;5.76993;1.06837;5.76993;-0.00134058;6.7029;-0.294291;0.370152
1671;0.208989;-0.93163;5.76993;1.06837;5.76993;-0.00134058;6.7029;-0.29448;0.370346
1672;0.208989;-0.93163;5.76993;1.06837;5.76993;-0.00134058;6.7029;-0.29467;0.370539
1673;0.208989;-0.93163;5.76993;1.06837;5.76993;-0.00134058;6.7029;-0.29486;0.370733
1674;0.208989;-0.93163;5.76993;1.06837;5.76993;-0.00134058;6.7029;-0.295049;0.370926
1675;0.208989;-0.93163;5.76993;1.06837;5.76993;-0.00134058;6.7029;-0.295239;0.37112
1676;0.208989;-0.93163;5.76993;1.06837;5.76993;-0.00134058;6.7029;-0.295429;0.371313
1677;0.208989;-0.93163;5.76993;1.06837;5.76993;-0.00134058;6.7029;-0.295618;0.371507
1678;0.208989;-0.93163;5.76993;1.06837;5.76993;-0.00134058;6.7029;-0.295808;0.371701
1679;0.208989;-0.93163;5.76993;1.06837;5.76993;-0.00134058;6.7029;-0.295998;0.371894
1680;0.208989;-0.93163;5.76993;1.06837;5.76993;-0.00134058;6.7029;-0.296188;0.372088
1681;0.208989;-0.93163;5.76993;1.06837;5.76993;-0.00134058;6.7029;-0.296377;0.372281
1682;0.208989;-0.93163;5.76993;1.06837;5.76993;-0.00134058;6.7029;-0.296567;0.372475
1683;0.208989;-0.93163;5.76993;1.06837;5.76993;-0.00134058;6.7029;-0.296757;0.372668
1684;0.208989;-0.93163;5.76993;1.06837;5.76993;-0.00134058;6.7029;-0.296946;0.372862
1685;0.208989;-0.93163;5.76993;1.06837;5.76993;-0.00134058;6.7029;-0.297136;0.373056
1686;0.208989;-0.93163;5.76993;1.06837;5.76993;-0.00134058;6.7029;-0.297326;0.373249
1687;0.208989;-0.93163;5.76993;1.06837;5.76993;-0.00134058;6.7029;-0.297515;0.373443
1688;0.208989;-0.93163;5.76993;1.06837;5.76993;-0.00134058;6.7029;-0.297705;0.373636
1689;0.208989;-0.93163;5.76993;1.06837;5.76993;-0.00134058;6.7029;-0.297895;0.37383
1690;0.208989;-0.93163;5.76993;1.06837;5.76993;-0.00134058;6.7029;-0.298084;0.374023
1691;0.208989;-0.93163;5.76993;1.06837;5.76993;-0.00134058;6.7029;-0.298274;0.374217
1692;0.208989;-0.93163;5.76993;1.06837;5.76993;-0.00134058;6.7029;-0.298464;0.37441
1693;0.208989;-0.93163;5.76993;1.06837;5.76993;-0.00134058;6.7029;-0.298654;0.374604
1694;0.208989;-0.93163;5.76993;1.06837;5.76993;-0.00134058;6.7029;-0.298843;0.374798
1695;0.208989;-0.93163;5.76993;1.06837;5.76993;-0.00134058;6.7029;-0.299033;0.374991
1696;0.208989;-0.93163;5.76993;1.06837;5.76993;-0.00134058;6.7029;-0.299223;0.375185
1697;0.208989;-0.93163;5.76993;1.06837;5.76993;-0.00134058;6.7029;-0.299412;0.375378
1698;0.208989;-0.93163;5.76993;1.06837;5.76993;-0.00134058;6.7029;-0.299602;0.375572
1699;0.208989;-0.93163;5.76993;1.06837;5.76993;-0.00134058;6.7029;-0.299792;0.375765
1700;0.208989;-0.93163;5.76993;1.06837;5.76993;-0.00134058;6.7029;-0.299981;0.375959
1701;0.208989;-0.93163;5.76993;1.06837;5.76993;-0.00134058;6.7029;-0.300171;0.376152
1702;0.208989;-0.93163;5.76993;1.06837;5.76993;-0.00134058;6.7029;-0.300361;0.376346
1703;0.208989;-0.93163;5.76993;1.06837;5.76993;-0.00134058;6.7029;-0.30055;0.37654
1704;0.208989;-0.93163;5.76993;1.06837;5.76993;-0.00134058;6.7029;-0.30074;0.376733
1705;0.208989;-0.93163;5.76993;1.06837;5.76993;-0.00134058;6.7029;-0.30093;0.376927
1706;0.208989;-0.93163;5.76993;1.06837;5.76993;-0.00134058;6.7029;-0.30112;0.37712
1707;0.208989;-0.93163;5.76993;1.06837;5.76993;-0.00134058;6.7029;-0.301309;0.377314
1708;0.208989;-0.93163;5.76993;1.06837;5.76993;-0.00134058;6.7029;-0.301499;0.377507
1709;0.208989;-0.93163;5.76993;1.06837;5.76993;-0.00134058;6.7029;-0.301689;0.377701
1710;0.208989;-0.93163;5.76993;1.06837;5.76993;-0.00134058;6.7029;-0.301878;0.377895
1711;0.208989;-0.93163;5.76993;1.06837;5.76993;-0.00134058;6.7029;-0.302068;0.378088
1712;0.208989;-0.93163;5.76993;1.06837;5.76993;-0.00134058;6.7029;-0.302258;0.378282
1713;0.208989;-0.93163;5.76993;1.06837;5.76993;-0.00134058;6.7029;-0.302447;0.378475
1714;0.208989;-0.93163;5.76993;1.06837;5.76993;-0.00134058;6.7029;-0.302637;0.378669
1715;0.208989;-0.93163;5.76993;1.06837;5.76993;-0.00134058;6.7029;-0.302827;0.378862
1716;0.208989;-0.93163;5.76993;1.06837;5.76993;-0.00134058;6.7029;-0.303016;0.379056
1717;0.208989;-0.93163;5.76993;1.06837;5.76993;-0.00134058;6.7029;-0.303206;0.379249
1718;0.208989;-0.93163;5.76993;1.06837;5.76993;-0.00134058;6.7029;-0.303396;0.379443
1719;0.208989;-0.93163;5.76993;1.06837;5.76993;-0.00134058;6.7029;-0.303586;0.379637
1720;0.208989;-0.93163;5.76993;1.06837;5.76993;-0.00134058;6.7029;-0.303775;0.37983
1721;0.208989;-0.93163;5.76993;1.06837;5.76993;-0.00134058;6.7029;-0.303965;0.380024
1722;0.208989;-0.93163;5.76993;1.06837;5.76993;-0.00134058;6.7029;-0.304155;0.380217
1723;0.208989;-0.93163;5.76993;1.06837;5.76993;-0.00134058;6.7029;-0.304344;0.380411
1724;0.208989;-0.93163;5.76993;1.06837;5.76993;-0.00134058;6.7029;-0.304534;0.380604
1725;0.208989;-0.93163;5.76993;1.06837;5.76993;-0.00134058;6.7029;-0.304724;0.380798
1726;0.208989;-0.93163;5.76993;1.06837;5.76993;-0.00134058;6.7029;-0.304913;0.380991
1727;0.208989;-0.93163;5.76993;1.06837;5.76993;-0.00134058;6.7029;-0.305103;0.381185
1728;0.208989;-0.93163;5.76993;1.06837;5.76993;-0.00134058;6.7029;-0.305293;0.381379
1729;0.208989;-0.93163;5.76993;1.06837;5.76993;-0.00134058;6.7029;-0.305482;0.381572
1730;0.208989;-0.93163;5.76993;1.06837;5.76993;-0.00134058;6.7029;-0.305672;0.381766
1731;0.208989;-0.93163;5.76993;1.06837;5.76993;-0.00134058;6.7029;-0.305862;0.381959
1732;0.208989;-0.93163;5.76993;1.06837;5.76993;-0.00134058;6.7029;-0.306052;0.382153
1733;0.208989;-0.93163;5.76993;1.06837;5.76993;-0.00134058;6.7029;-0.306241;0.382346
1734;0.208989;-0.93163;5.76993;1.06837;5.76993;-0.00134058;6.7029;-0.306431;0.38254
1735;0.208989;-0.93163;5.76993;1.06837;5.76993;-0.00134058;6.7029;-0.306621;0.382733
1736;0.208989;-0.93163;5.76993;1.06837;5.76993;-0.00134058;6.7029;-0.30681;0.382927
1737;0.208989;-0.93163;5.76993;1.06837;5.76993;-0.00134058;6.7029;-0.307;0.383121
1738;0.208989;-0.93163;5.76993;1.06837;5.76993;-0.00134058;6.7029;-0.30719;0.383314
1739;0.208989;-0.93163;5.76993;1.06837;5.76993;-0.00134058;6.7029;-0.307379;0.383508
1740;0.208989;-0.93163;5.76993;1.06837;5.76993;-0.00134058;6.7029;-0.307569;0.383701
1741;0.208989;-0.93163;5.76993;1.06837;5.76993;-0.00134058;6.7029;-0.307759;0.383895
1742;0.208989;-0.93163;5.76993;1.06837;5.76993;-0.00134058;6.7029;-0.307948;0.384088
1743;0.208989;-0.93163;5.76993;1.06837;5.76993;-0.00134058;6.7029;-0.308138;0.384282
1744;0.208989;-0.93163;5.76993;1.06837;5.76993;-0.00134058;6.7029;-0.308328;0.384476
1745;0.208989;-0.93163;5.76993;1.06837;5.76993;-0.00134058;6.7029;-0.308518;0.384669
1746;0.208989;-0.93163;5.76993;1.06837;5.76993;-0.00134058;6.7029;-0.308707;0.384863
1747;0.208989;-0.93163;5.76993;1.06837;5.76993;-0.00134058;6.7029;-0.308897;0.385056
1748;0.208989;-0.93163;5.76993;1.06837;5.76993;-0.00134058;6.7029;-0.309087;0.38525
1749;0.208989;-0.93163;5.76993;1.06837;5.76993;-0.00134058;6.7029;-0.309276;0.385443
1750;0.208989;-0.93163;5.76993;1.06837;5.76993;-0.00134058;6.7029;-0.309466;0.385637
1751;0.208989;-0.93163;5.76993;1.06837;5.76993;-0.00134058;6.7029;-0.309656;0.38583
1752;0.208989;-0.93163;5.76993;1.06837;5.76993;-0.00134058;6.7029;-0.309845;0.386024
1753;0.208989;-0.93163;5.76993;1.06837;5.76993;-0.00134058;6.7029;-0.310035;0.386218
1754;0.208989;-0.93163;5.76993;1.06837;5.76993;-0.00134058;6.7029;-0.310225;0.386411
1755;0.208989;-0.93163;5.76993;1.06837;5.76993;-0.00134058;6.7029;-0.310414;0.386605
1756;0.208989;-0.93163;5.76993;1.06837;5.76993;-0.00134058;6.7029;-0.310604;0.386798
1757;0.208989;-0.93163;5.76993;1.06837;5.76993;-0.00134058;6.7029;-0.310794;0.386992
1758;0.208989;-0.93163;5.76993;1.06837;5.76993;-0.00134058;6.7029;-0.310984;0.387185
1759;0.208989;-0.93163;5.76993;1.06837;5.76993;-0.00134058;6.7029;-0.311173;0.387379
1760;0.208989;-0.93163;5.76993;1.06837;5.76993;-0.00134058;6.7029;-0.311363;0.387572
1761;0.208989;-0.93163;5.76993;1.06837;5.76993;-0.00134058;6.7029;-0.311553;0.387766
1762;0.208989;-0.93163;5.76993;1.06837;5.76993;-0.00134058;6.7029;-0.311742;0.38796
1763;0.208989;-0.93163;5.76993;1.06837;5.76993;-0.00134058;6.7029;-0.311932;0.388153
1764;0.208989;-0.93163;5.76993;1.06837;5.76993;-0.00134058;6.7029;-0.312122;0.388347
1765;0.208989;-0.93163;5.76993;1.06837;5.76993;-0.00134058;6.7029;-0.312311;0.38854
1766;0.208989;-0.93163;5.76993;1.06837;5.76993;-0.00134058;6.7029;-0.312501;0.388734
1767;0.208989;-0.93163;5.76993;1.06837;5.76993;-0.00134058;6.7029;-0.312691;0.388927
1768;0.208989;-0.93163;5.76993;1.06837;5.76993;-0.00134058;6.7029;-0.31288;0.389121
1769;0.208989;-0.93163;5.76992;1.06837;5.76992;-0.00134058;6.7029;-0.31307;0.389314
1770;0.208989;-0.93163;5.76992;1.06837;5.76992;-0.00134058;6.7029;-0.31326;0.389508
1771;0.208989;-0.93163;5.76992;1.06837;5.76992;-0.00134058;6.7029;-0.31345;0.389702
1772;0.208989;-0.93163;5.76992;1.06837;5.76992;-0.00134058;6.7029;-0.313639;0.389895
1773;0.208989;-0.93163;5.76992;1.06837;5.76992;-0.00134058;6.7029;-0.313829;0.390089
1774;0.208989;-0.93163;5.76992;1.06837;5.76992;-0.00134058;6.7029;-0.314019;0.390282
1775;0.208989;-0.93163;5.76992;1.06837;5.76992;-0.00134058;6.7029;-0.314208;0.390476
1776;0.208989;-0.93163;5.76992;1.06837;5.76992;-0.00134058;6.7029;-0.314398;0.390669
1777;0.208989;-0.93163;5.76992;1.06837;5.76992;-0.00134058;6.7029;-0.314588;0.390863
1778;0.208989;-0.93163;5.76992;1.06837;5.76992;-0.00134058;6.7029;-0.314777;0.391057
1779;0.208989;-0.93163;5.76992;1.06837;5.76992;-0.00134058;6.7029;-0.314967;0.39125
1780;0.208989;-0.93163;5.76992;1.06837;5.76992;-0.00134058;6.7029;-0.315157;0.391444
1781;0.208989;-0.93163;5.76992;1.06837;5.76992;-0.00134058;6.7029;-0.315346;0.391637
1782;0.208989;-0.93163;5.76992;1.06837;5.76992;-0.00134058;6.7029;-0.315536;0.391831
1783;0.208989;-0.93163;5.76992;1.06837;5.76992;-0.00134058;6.7029;-0.315726;0.392024
1784;0.208989;-0.93163;5.76992;1.06837;5.76992;-0.00134058;6.7029;-0.315916;0.392218
1785;0.208989;-0.93163;5.76992;1.06837;5.76992;-0.00134058;6.7029;-0.316105;0.392411
1786;0.208989;-0.93163;5.76992;1.06837;5.76992;-0.00134058;6.7029;-0.316295;0.392605
1787;0.208989;-0.93163;5.76992;1.06837;5.76992;-0.00134058;6.7029;-0.316485;0.392799
1788;0.208989;-0.93163;5.76992;1.06837;5.76992;-0.00134058;6.7029;-0.316674;0.392992
1789;0.208989;-0.93163;5.76992;1.06837;5.76992;-0.00134058;6.7029;-0.316864;0.393186
1790;0.208989;-0.93163;5.76992;1.06837;5.76992;-0.00134058;6.7029;-0.317054;0.393379
1791;0.208989;-0.93163;5.76992;1.06837;5.76992;-0.00134058;6.7029;-0.317243;0.393573
1792;0.208989;-0.93163;5.76992;1.06837;5.76992;-0.00134058;6.70289;-0.317433;0.393766
1793;0.208989;-0.93163;5.76992;1.06837;5.76992;-0.00134058;6.70289;-0.317623;0.39396
1794;0.208989;-0.93163;5.76992;1.06837;5.76992;-0.00134058;6.70289;-0.317812;0.394153
1795;0.208989;-0.93163;5.76992;1.06837;5.76992;-0.00134058;6.70289;-0.318002;0.394347
1796;0.208989;-0.93163;5.76992;1.06837;5.76992;-0.00134058;6.70289;-0.318192;0.394541
1797;0.208989;-0.93163;5.76992;1.06837;5.76992;-0.00134058;6.70289;-0.318382;0.394734
1798;0.208989;-0.93163;5.76992;1.06837;5.76992;-0.00134058;6.70289;-0.318571;0.394928
1799;0.208989;-0.93163;5.76992;1.06837;5.76992;-0.00134058;6.70289;-0.318761;0.395121
1800;0.208989;-0.93163;5.76992;1.06837;5.76992;-0.00134058;6.70289;-0.318951;0.395315
1801;0.208989;-0.93163;5.76992;1.06837;5.76992;-0.00134058;6.70289;-0.31914;0.395508
1802;0.208989;-0.93163;5.76992;1.06837;5.76992;-0.00134058;6.70289;-0.31933;0.395702
1803;0.208989;-0.93163;5.76992;1.06837;5.76992;-0.00134058;6.70289;-0.31952;0.395895
1804;0.208989;-0.93163;5.76992;1.06837;5.76992;-0.00134058;6.70289;-0.319709;0.396089
1805;0.208989;-0.93163;5.76992;1.06837;5.76992;-0.00134058;6.70289;-0.319899;0.396283
1806;0.208989;-0.93163;5.76992;1.06837;5.76992;-0.00134058;6.70289;-0.320089;0.396476
1807;0.208989;-0.93163;5.76992;1.06837;5.76992;-0.00134058;6.70289;-0.320278;0.39667
1808;0.208989;-0.93163;5.76992;1.06837;5.76992;-0.00134058;6.70289;-0.320468;0.396863
1809;0.208989;-0.93163;5.76992;1.06837;5.76992;-0.00134058;6.70289;-0.320658;0.397057
1810;0.208989;-0.93163;5.76992;1.06837;5.76992;-0.00134058;6.70289;-0.320848;0.39725
1811;0.208989;-0.93163;5.76992;1.06837;5.76992;-0.00134058;6.70289;-0.321037;0.397444
1812;0.208989;-0.93163;5.76992;1.06837;5.76992;-0.00134058;6.70289;-0.321227;0.397638
1813;0.208989;-0.93163;5.76992;1.06837;5.76992;-0.00134058;6.70289;-0.321417;0.397831
1814;0.208989;-0.93163;5.76992;1.06837;5.76992;-0.00134058;6.70289;-0.321606;0.398025
1815;0.208989;-0.93163;5.76992;1.06837;5.76992;-0.00134058;6.70289;-0.321796;0.398218
1816;0.208989;-0.93163;5.76992;1.06837;5.76992;-0.00134058;6.70289;-0.321986;0.398412
1817;0.208989;-0.93163;5.76992;1.06837;5.76992;-0.00134058;6.70289;-0.322175;0.398605
1818;0.208989;-0.93163;5.76992;1.06837;5.76992;-0.00134058;6.70289;-0.322365;0.398799
1819;0.208989;-0.93163;5.76992;1.06837;5.76992;-0.00134058;6.70289;-0.322555;0.398992
1820;0.208989;-0.93163;5.76992;1.06837;5.76992;-0.00134058;6.70289;-0.322744;0.399186
1821;0.208989;-0.93163;5.76992;1.06837;5.76992;-0.00134058;6.70289;-0.322934;0.39938
1822;0.208989;-0.93163;5.76992;1.06837;5.76992;-0.00134058;6.70289;-0.323124;0.399573
1823;0.208989;-0.93163;5.76992;1.06837;5.76992;-0.00134058;6.70289;-0.323314;0.399767
1824;0.208989;-0.93163;5.76992;1.06837;5.76992;-0.00134058;6.70289;-0.323503;0.39996
1825;0.208989;-0.93163;5.76992;1.06837;5.76992;-0.00134058;6.70289;-0.323693;0.400154
1826;0.208989;-0.93163;5.76992;1.06837;5.76992;-0.00134058;6.70289;-0.323883;0.400347
1827;0.208989;-0.93163;5.76992;1.06837;5.76992;-0.00134058;6.70289;-0.324072;0.400541
1828;0.208989;-0.93163;5.76992;1.06837;5.76992;-0.00134058;6.70289;-0.324262;0.400734
1829;0.208989;-0.93163;5.76992;1.06837;5.76992;-0.00134058;6.70289;-0.324452;0.400928
1830;0.208989;-0.93163;5.76992;1.06837;5.76992;-0.00134058;6.70289;-0.324641;0.401122
1831;0.208989;-0.93163;5.76992;1.06837;5.76992;-0.00134058;6.70289;-0.324831;0.401315
1832;0.208989;-0.93163;5.76992;1.06837;5.76992;-0.00134058;6.70289;-0.325021;0.401509
1833;0.208989;-0.93163;5.76992;1.06837;5.76992;-0.00134058;6.70289;-0.32521;0.401702
1834;0.208989;-0.93163;5.76992;1.06837;5.76992;-0.00134058;6.70289;-0.3254;0.401896
1835;0.208989;-0.93163;5.76992;1.06837;5.76992;-0.00134058;6.70289;-0.32559;0.402089
1836;0.208989;-0.93163;5.76992;1.06837;5.76992;-0.00134058;6.70289;-0.32578;0.402283
1837;0.208989;-0.93163;5.76992;1.06837;5.76992;-0.00134058;6.70289;-0.325969;0.402476
1838;0.208989;-0.93163;5.76992;1.06837;5.76992;-0.00134058;6.70289;-0.326159;0.40267
1839;0.208989;-0.93163;5.76992;1.06837;5.76992;-0.00134058;6.70289;-0.326349;0.402864
1840;0.208989;-0.93163;5.76992;1.06837;5.76992;-0.00134058;6.70289;-0.326538;0.403057
1841;0.208989;-0.93163;5.76992;1.06837;5.76992;-0.00134058;6.70289;-0.326728;0.403251
1842;0.208989;-0.93163;5.76992;1.06837;5.76992;-0.00134058;6.70289;-0.326918;0.403444
1843;0.208989;-0.93163;5.76992;1.06837;5.76992;-0.00134058;6.70289;-0.327107;0.403638
1844;0.208989;-0.93163;5.76992;1.06837;5.76992;-0.00134058;6.70289;-0.327297;0.403831
1845;0.208989;-0.93163;5.76992;1.06837;5.76992;-0.00134058;6.70289;-0.327487;0.404025
1846;0.208989;-0.93163;5.76992;1.06837;5.76992;-0.00134058;6.70289;-0.327676;0.404219
1847;0.208989;-0.93163;5.76992;1.06837;5.76992;-0.00134058;6.70289;-0.327866;0.404412
1848;0.208989;-0.93163;5.76992;1.06837;5.76992;-0.00134058;6.70289;-0.328056;0.404606
1849;0.208989;-0.93163;5.76992;1.06837;5.76992;-0.00134058;6.70289;-0.328246;0.404799
1850;0.208989;-0.93163;5.76992;1.06837;5.76992;-0.00134058;6.70289;-0.328435;0.404993
1851;0.208989;-0.93163;5.76992;1.06837;5.76992;-0.00134058;6.70289;-0.328625;0.405186
1852;0.208989;-0.93163;5.76992;1.06837;5.76992;-0.00134058;6.70289;-0.328815;0.40538
1853;0.208989;-0.93163;5.76992;1.06837;5.76992;-0.00134058;6.70289;-0.329004;0.405573
1854;0.208989;-0.93163;5.76992;1.06837;5.76992;-0.00134058;6.70289;-0.329194;0.405767
1855;0.208989;-0.93163;5.76992;1.06837;5.76992;-0.00134058;6.70289;-0.329384;0.405961
1856;0.208989;-0.93163;5.76992;1.06837;5.76992;-0.00134058;6.70289;-0.329573;0.406154
1857;0.208989;-0.931631;5.76992;1.06837;5.76992;-0.00134058;6.70289;-0.329763;0.406348
1858;0.208989;-0.931631;5.76992;1.06837;5.76992;-0.00134058;6.70289;-0.329953;0.406541
1859;0.208989;-0.931631;5.76992;1.06837;5.76992;-0.00134058;6.70289;-0.330142;0.406735
1860;0.208989;-0.931631;5.76992;1.06837;5.76992;-0.00134058;6.70289;-0.330332;0.406928
1861;0.208989;-0.931631;5.76992;1.06837;5.76992;-0.00134058;6.70289;-0.330522;0.407122
1862;0.208989;-0.931631;5.76992;1.06837;5.76992;-0.00134058;6.70289;-0.330712;0.407315
1863;0.208989;-0.931631;5.76992;1.06837;5.76992;-0.00134058;6.70289;-0.330901;0.407509
1864;0.208989;-0.931631;5.76992;1.06837;5.76992;-0.00134058;6.70289;-0.331091;0.407703
1865;0.208989;-0.931631;5.76992;1.06837;5.76992;-0.00134058;6.70289;-0.331281;0.407896
1866;0.208989;-0.931631;5.76992;1.06837;5.76992;-0.00134058;6.70289;-0.33147;0.40809
1867;0.208989;-0.931631;5.76992;1.06837;5.76992;-0.00134058;6.70289;-0.33166;0.408283
1868;0.208989;-0.931631;5.76992;1.06837;5.76992;-0.00134058;6.70289;-0.33185;0.408477
1869;0.208989;-0.931631;5.76992;1.06837;5.76992;-0.00134058;6.70289;-0.332039;0.40867
1870;0.208989;-0.931631;5.76992;1.06837;5.76992;-0.00134058;6.70289;-0.332229;0.408864
1871;0.208989;-0.931631;5.76992;1.06837;5.76992;-0.00134058;6.70289;-0.332419;0.409057
1872;0.208989;-0.931631;5.76992;1.06837;5.76992;-0.00134058;6.70289;-0.332608;0.409251
1873;0.208989;-0.931631;5.76992;1.06837;5.76992;-0.00134058;6.70289;-0.332798;0.409445
1874;0.208989;-0.931631;5.76992;1.06837;5.76992;-0.00134058;6.70289;-0.332988;0.409638
1875;0.208989;-0.931631;5.76992;1.06837;5.76992;-0.00134058;6.70289;-0.333178;0.409832
1876;0.208989;-0.931631;5.76992;1.06837;5.76992;-0.00134058;6.70289;-0.333367;0.410025
1877;0.208989;-0.931631;5.76992;1.06837;5.76992;-0.00134058;6.70289;-0.333557;0.410219
1878;0.208989;-0.931631;5.76992;1.06837;5.76992;-0.00134058;6.70289;-0.333747;0.410412
1879;0.208989;-0.931631;5.76992;1.06837;5.76992;-0.00134058;6.70289;-0.333936;0.410606
1880;0.208989;-0.931631;5.76992;1.06837;5.76992;-0.00134058;6.70289;-0.334126;0.4108
1881;0.208989;-0.931631;5.76992;1.06837;5.76992;-0.00134058;6.70289;-0.334316;0.410993
1882;0.208989;-0.931631;5.76992;1.06837;5.76992;-0.00134058;6.70289;-0.334505;0.411187
1883;0.208989;-0.931631;5.76992;1.06837;5.76992;-0.00134058;6.70289;-0.334695;0.41138
1884;0.208989;-0.931631;5.76992;1.06837;5.76992;-0.00134058;6.70289;-0.334885;0.411574
1885;0.208989;-0.931631;5.76992;1.06837;5.76992;-0.00134058;6.70289;-0.335074;0.411767
1886;0.208989;-0.931631;5.76992;1.06837;5.76992;-0.00134058;6.70289;-0.335264;0.411961
1887;0.208989;-0.931631;5.76992;1.06837;5.76992;-0.00134058;6.70289;-0.335454;0.412154
1888;0.208989;-0.931631;5.76992;1.06837;5.76992;-0.00134058;6.70289;-0.335644;0.412348
1889;0.208989;-0.931631;5.76992;1.06837;5.76992;-0.00134058;6.70289;-0.335833;0.412542
1890;0.208989;-0.931631;5.76992;1.06837;5.76992;-0.00134058;6.70289;-0.336023;0.412735
1891;0.208989;-0.931631;5.76992;1.06837;5.76992;-0.00134058;6.70289;-0.336213;0.412929
1892;0.208989;-0.931631;5.76992;1.06837;5.76992;-0.00134058;6.70289;-0.336402;0.413122
1893;0.208989;-0.931631;5.76992;1.06837;5.76992;-0.00134058;6.70289;-0.336592;0.413316
1894;0.208989;-0.931631;5.76992;1.06837;5.76992;-0.00134058;6.70289;-0.336782;0.413509
1895;0.208989;-0.931631;5.76992;1.06837;5.76992;-0.00134058;6.70289;-0.336971;0.413703
1896;0.208989;-0.931631;5.76992;1.06837;5.76992;-0.00134058;6.70289;-0.337161;0.413896
1897;0.208989;-0.931631;5.76992;1.06837;5.76992;-0.00134058;6.70289;-0.337351;0.41409
1898;0.20899;-0.931631;5.76992;1.06837;5.76992;-0.00134058;6.70289;-0.33754;0.414284
1899;0.20899;-0.931631;5.76992;1.06837;5.76992;-0.00134058;6.70289;-0.33773;0.414477
1900;0.20899;-0.931631;5.76992;1.06837;5.76992;-0.00134058;6.70289;-0.33792;0.414671
1901;0.20899;-0.931631;5.76992;1.06837;5.76992;-0.00134058;6.70289;-0.33811;0.414864
1902;0.20899;-0.931631;5.76992;1.06837;5.76992;-0.00134058;6.70289;-0.338299;0.415058
1903;0.20899;-0.931631;5.76992;1.06837;5.76992;-0.00134058;6.70289;-0.338489;0.415251
1904;0.20899;-0.931631;5.76992;1.06837;5.76992;-0.00134058;6.70289;-0.338679;0.415445
1905;0.20899;-0.931631;5.76992;1.06837;5.76992;-0.00134058;6.70289;-0.338868;0.415638
1906;0.20899;-0.931631;5.76992;1.06837;5.76992;-0.00134058;6.70289;-0.339058;0.415832
1907;0.20899;-0.931631;5.76992;1.06837;5.76992;-0.00134058;6.70289;-0.339248;0.416026
1908;0.20899;-0.931631;5.76992;1.06837;5.76992;-0.00134058;6.70289;-0.339437;0.416219
1909;0.20899;-0.931631;5.76992;1.06837;5.76992;-0.00134058;6.70289;-0.339627;0.416413
1910;0.20899;-0.931631;5.76992;1.06837;5.76992;-0.00134058;6.70289;-0.339817;0.416606
1911;0.20899;-0.931631;5.76992;1.06837;5.76992;-0.00134058;6.70289;-0.340006;0.4168
1912;0.20899;-0.931631;5.76992;1.06837;5.76992;-0.00134058;6.70289;-0.340196;0.416993
1913;0.20899;-0.931631;5.76992;1.06837;5.76992;-0.00134058;6.70289;-0.340386;0.417187
1914;0.20899;-0.931631;5.76992;1.06837;5.76992;-0.00134058;6.70289;-0.340576;0.417381
1915;0.20899;-0.931631;5.76992;1.06837;5.76992;-0.00134058;6.70289;-0.340765;0.417574
1916;0.20899;-0.931631;5.76992;1.06837;5.76992;-0.00134058;6.70289;-0.340955;0.417768
1917;0.20899;-0.931631;5.76992;1.06837;5.76992;-0.00134058;6.70289;-0.341145;0.417961
1918;0.20899;-0.931631;5.76992;1.06837;5.76992;-0.00134058;6.70289;-0.341334;0.418155
1919;0.20899;-0.931631;5.76992;1.06837;5.76992;-0.00134058;6.70289;-0.341524;0.418348
1920;0.20899;-0.931631;5.76992;1.06837;5.76992;-0.00134058;6.70289;-0.341714;0.418542
1921;0.20899;-0.931631;5.76992;1.06837;5.76992;-0.00134058;6.70289;-0.341903;0.418735
1922;0.20899;-0.931631;5.76992;1.06837;5.76992;-0.00134058;6.70289;-0.342093;0.418929
1923;0.20899;-0.931631;5.76992;1.06837;5.76992;-0.00134058;6.70289;-0.342283;0.419123
1924;0.20899;-0.931631;5.76992;1.06837;5.76992;-0.00134058;6.70289;-0.342472;0.419316
1925;0.20899;-0.931631;5.76992;1.06837;5.76992;-0.00134058;6.70289;-0.342662;0.41951
1926;0.20899;-0.931631;5.76992;1.06837;5.76992;-0.00134058;6.70289;-0.342852;0.419703
1927;0.20899;-0.931631;5.76992;1.06837;5.76992;-0.00134058;6.70289;-0.343042;0.419897
1928;0.20899;-0.931631;5.76992;1.06837;5.76992;-0.00134058;6.70289;-0.343231;0.42009
1929;0.20899;-0.931631;5.76992;1.06837;5.76992;-0.00134058;6.70289;-0.343421;0.420284
1930;0.20899;-0.931631;5.76992;1.06837;5.76992;-0.00134058;6.70289;-0.343611;0.420477
1931;0.20899;-0.931631;5.76992;1.06837;5.76992;-0.00134058;6.70289;-0.3438;0.420671
1932;0.20899;-0.931631;5.76992;1.06837;5.76992;-0.00134058;6.70289;-0.34399;0.420865
1933;0.20899;-0.931631;5.76992;1.06837;5.76992;-0.00134058;6.70289;-0.34418;0.421058
1934;0.20899;-0.931631;5.76992;1.06837;5.76992;-0.00134058;6.70289;-0.344369;0.421252
1935;0.20899;-0.931631;5.76992;1.06837;5.76992;-0.00134058;6.70289;-0.344559;0.421445
1936;0.20899;-0.931631;5.76992;1.06837;5.76992;-0.00134058;6.70289;-0.344749;0.421639
1937;0.20899;-0.931631;5.76992;1.06837;5.76992;-0.00134058;6.70289;-0.344938;0.421832
1938;0.20899;-0.931631;5.76992;1.06837;5.76992;-0.00134058;6.70289;-0.345128;0.422026
1939;0.20899;-0.931631;5.76992;1.06837;5.76992;-0.00134058;6.70289;-0.345318;0.422219
1940;0.20899;-0.931631;5.76992;1.06837;5.76992;-0.00134058;6.70289;-0.345508;0.422413
1941;0.20899;-0.931631;5.76992;1.06837;5.76992;-0.00134058;6.70289;-0.345697;0.422607
1942;0.20899;-0.931631;5.76992;1.06837;5.76992;-0.00134058;6.70289;-0.345887;0.4228
1943;0.20899;-0.931631;5.76992;1.06837;5.76992;-0.00134058;6.70289;-0.346077;0.422994
1944;0.20899;-0.931631;5.76992;1.06837;5.76992;-0.00134058;6.70289;-0.346266;0.423187
1945;0.20899;-0.931631;5.76992;1.06837;5.76992;-0.00134058;6.70289;-0.346456;0.423381
1946;0.20899;-0.931631;5.76992;1.06837;5.76992;-0.00134058;6.70289;-0.346646;0.423574
1947;0.20899;-0.931631;5.76992;1.06837;5.76992;-0.00134058;6.70289;-0.346835;0.423768
1948;0.20899;-0.931631;5.76992;1.06837;5.76992;-0.00134058;6.70289;-0.347025;0.423962
1949;0.20899;-0.931631;5.76992;1.06837;5.76992;-0.00134058;6.70289;-0.347215;0.424155
1950;0.20899;-0.931631;5.76992;1.06837;5.76992;-0.00134058;6.70289;-0.347404;0.424349
1951;0.20899;-0.931631;5.76992;1.06837;5.76992;-0.00134058;6.70289;-0.347594;0.424542
1952;0.20899;-0.931631;5.76992;1.06837;5.76992;-0.00134058;6.70289;-0.347784;0.424736
1953;0.20899;-0.931631;5.76992;1.06837;5.76992;-0.00134058;6.70289;-0.347974;0.424929
1954;0.20899;-0.931631;5.76992;1.06837;5.76992;-0.00134058;6.70289;-0.348163;0.425123
1955;0.20899;-0.931631;5.76992;1.06837;5.76992;-0.00134058;6.70289;-0.348353;0.425316
1956;0.20899;-0.931631;5.76992;1.06837;5.76992;-0.00134058;6.70289;-0.348543;0.42551
1957;0.20899;-0.931631;5.76992;1.06837;5.76992;-0.00134058;6.70289;-0.348732;0.425704
1958;0.20899;-0.931631;5.76992;1.06837;5.76992;-0.00134058;6.70289;-0.348922;0.425897
1959;0.20899;-0.931631;5.76992;1.06837;5.76992;-0.00134058;6.70289;-0.349112;0.426091
1960;0.20899;-0.931631;5.76992;1.06837;5.76992;-0.00134058;6.70289;-0.349301;0.426284
1961;0.20899;-0.931631;5.76992;1.06837;5.76992;-0.00134058;6.70289;-0.349491;0.426478
1962;0.20899;-0.931631;5.76992;1.06837;5.76992;-0.00134058;6.70289;-0.349681;0.426671
1963;0.20899;-0.931631;5.76992;1.06837;5.76992;-0.00134058;6.70289;-0.34987;0.426865
1964;0.20899;-0.931631;5.76992;1.06837;5.76992;-0.00134058;6.70289;-0.35006;0.427058
1965;0.20899;-0.931631;5.76992;1.06837;5.76992;-0.00134058;6.70289;-0.35025;0.427252
1966;0.20899;-0.931631;5.76992;1.06837;5.76992;-0.00134058;6.70289;-0.35044;0.427446
1967;0.20899;-0.931631;5.76992;1.06837;5.76992;-0.00134058;6.70289;-0.350629;0.427639
1968;0.20899;-0.931631;5.76992;1.06837;5.76992;-0.00134058;6.70289;-0.350819;0.427833
1969;0.20899;-0.931631;5.76992;1.06837;5.76992;-0.00134058;6.70289;-0.351009;0.428026
1970;0.20899;-0.931631;5.76992;1.06837;5.76992;-0.00134058;6.70289;-0.351198;0.42822
1971;0.20899;-0.931631;5.76992;1.06837;5.76992;-0.00134058;6.70289;-0.351388;0.428413
1972;0.20899;-0.931631;5.76992;1.06837;5.76992;-0.00134058;6.70289;-0.351578;0.428607
1973;0.20899;-0.931631;5.76992;1.06837;5.76992;-0.00134058;6.70289;-0.351767;0.4288
1974;0.20899;-0.931631;5.76992;1.06837;5.76992;-0.00134058;6.70289;-0.351957;0.428994
1975;0.20899;-0.931631;5.76992;1.06837;5.76992;-0.00134058;6.70289;-0.352147;0.429188
1976;0.20899;-0.931631;5.76992;1.06837;5.76992;-0.00134058;6.70289;-0.352336;0.429381
1977;0.20899;-0.931631;5.76992;1.06837;5.76992;-0.00134058;6.70289;-0.352526;0.429575
1978;0.20899;-0.931631;5.76992;1.06837;5.76992;-0.00134058;6.70289;-0.352716;0.429768
1979;0.20899;-0.931631;5.76992;1.06837;5.76992;-0.00134058;6.70289;-0.352906;0.429962
1980;0.20899;-0.931631;5.76992;1.06837;5.76992;-0.00134058;6.70289;-0.353095;0.430155
1981;0.20899;-0.931631;5.76992;1.06837;5.76992;-0.00134058;6.70289;-0.353285;0.430349
1982;0.20899;-0.931631;5.76992;1.06837;5.76992;-0.00134058;6.70289;-0.353475;0.430543
1983;0.20899;-0.931631;5.76992;1.06837;5.76992;-0.00134058;6.70289;-0.353664;0.430736
1984;0.20899;-0.931631;5.76992;1.06837;5.76992;-0.00134058;6.70289;-0.353854;0.43093
1985;0.20899;-0.931631;5.76992;1.06837;5.76992;-0.00134058;6.70289;-0.354044;0.431123
1986;0.20899;-0.931631;5.76992;1.06837;5.76992;-0.00134058;6.70289;-0.354233;0.431317
1987;0.20899;-0.931631;5.76992;1.06837;5.76992;-0.00134058;6.70289;-0.354423;0.43151
1988;0.20899;-0.931631;5.76992;1.06837;5.76992;-0.00134058;6.70289;-0.354613;0.431704
1989;0.20899;-0.931631;5.76992;1.06837;5.76992;-0.00134058;6.70289;-0.354802;0.431897
1990;0.20899;-0.931631;5.76992;1.06837;5.76992;-0.00134058;6.70289;-0.354992;0.432091
1991;0.20899;-0.931631;5.76992;1.06837;5.76992;-0.00134058;6.70289;-0.355182;0.432285
1992;0.20899;-0.931631;5.76992;1.06837;5.76992;-0.00134058;6.70289;-0.355372;0.432478
1993;0.20899;-0.931631;5.76992;1.06837;5.76992;-0.00134058;6.70289;-0.355561;0.432672
1994;0.20899;-0.931631;5.76991;1.06837;5.76991;-0.00134058;6.70289;-0.355751;0.432865
1995;0.20899;-0.931631;5.76991;1.06837;5.76991;-0.00134058;6.70289;-0.355941;0.433059
1996;0.20899;-0.931631;5.76991;1.06837;5.76991;-0.00134058;6.70289;-0.35613;0.433252
1997;0.20899;-0.931631;5.76991;1.06837;5.76991;-0.00134058;6.70289;-0.35632;0.433446
1998;0.20899;-0.931631;5.76991;1.06837;5.76991;-0.00134058;6.70289;-0.35651;0.433639
1999;0.20899;-0.931631;5.76991;1.06837;5.76991;-0.00134058;6.70289;-0.356699;0.433833
2000;0.20899;-0.931631;5.76991;1.06837;5.76991;-0.00134058;6.70289;-0.356889;0.434027
2001;0.20899;-0.931631;5.76991;1.06837;5.76991;-0.00134058;6.70289;-0.357079;0.43422
2002;0.20899;-0.931631;5.76991;1.06837;5.76991;-0.00134058;6.70289;-0.357268;0.434414
2003;0.20899;-0.931631;5.76991;1.06837;5.76991;-0.00134058;6.70289;-0.357458;0.434607
2004;0.20899;-0.931631;5.76991;1.06837;5.76991;-0.00134058;6.70289;-0.357648;0.434801
2005;0.20899;-0.931631;5.76991;1.06837;5.76991;-0.00134058;6.70289;-0.357838;0.434994
2006;0.20899;-0.931631;5.76991;1.06837;5.76991;-0.00134058;6.70289;-0.358027;0.435188
2007;0.20899;-0.931631;5.76991;1.06837;5.76991;-0.00134058;6.70289;-0.358217;0.435381
2008;0.20899;-0.931631;5.76991;1.06837;5.76991;-0.00134058;6.70289;-0.358407;0.435575
2009;0.20899;-0.931631;5.76991;1.06837;5.76991;-0.00134058;6.70289;-0.358596;0.435769
2010;0.20899;-0.931631;5.76991;1.06837;5.76991;-0.00134058;6.70289;-0.358786;0.435962
2011;0.20899;-0.931631;5.76991;1.06837;5.76991;-0.00134058;6.70289;-0.358976;0.436156
2012;0.20899;-0.931631;5.76991;1.06837;5.76991;-0.00134058;6.70289;-0.359165;0.436349
2013;0.20899;-0.931631;5.76991;1.06837;5.76991;-0.00134058;6.70289;-0.359355;0.436543
2014;0.20899;-0.931631;5.76991;1.06837;5.76991;-0.00134058;6.70289;-0.359545;0.436736
2015;0.20899;-0.931631;5.76991;1.06837;5.76991;-0.00134058;6.70289;-0.359734;0.43693
2016;0.20899;-0.931631;5.76991;1.06837;5.76991;-0.00134058;6.70289;-0.359924;0.437124
2017;0.20899;-0.931631;5.76991;1.06837;5.76991;-0.00134058;6.70289;-0.360114;0.437317
2018;0.20899;-0.931631;5.76991;1.06837;5.76991;-0.00134058;6.70289;-0.360304;0.437511
2019;0.20899;-0.931631;5.76991;1.06837;5.76991;-0.00134058;6.70289;-0.360493;0.437704
2020;0.20899;-0.931631;5.76991;1.06837;5.76991;-0.00134058;6.70288;-0.360683;0.437898
2021;0.20899;-0.931631;5.76991;1.06837;5.76991;-0.00134058;6.70288;-0.360873;0.438091
2022;0.20899;-0.931631;5.76991;1.06837;5.76991;-0.00134058;6.70288;-0.361062;0.438285
2023;0.20899;-0.931631;5.76991;1.06837;5.76991;-0.00134058;6.70288;-0.361252;0.438478
2024;0.20899;-0.931631;5.76991;1.06837;5.76991;-0.00134058;6.70288;-0.361442;0.438672
2025;0.20899;-0.931631;5.76991;1.06837;5.76991;-0.00134058;6.70288;-0.361631;0.438866
2026;0.20899;-0.931631;5.76991;1.06837;5.76991;-0.00134058;6.70288;-0.361821;0.439059
2027;0.20899;-0.931631;5.76991;1.06837;5.76991;-0.00134058;6.70288;-0.362011;0.439253
2028;0.20899;-0.931631;5.76991;1.06837;5.76991;-0.00134058;6.70288;-0.3622;0.439446
2029;0.20899;-0.931631;5.76991;1.06837;5.76991;-0.00134058;6.70288;-0.36239;0.43964
2030;0.20899;-0.931631;5.76991;1.06837;5.76991;-0.00134058;6.70288;-0.36258;0.439833
2031;0.20899;-0.931631;5.76991;1.06837;5.76991;-0.00134058;6.70288;-0.36277;0.440027
2032;0.20899;-0.931631;5.76991;1.06837;5.76991;-0.00134058;6.70288;-0.362959;0.44022
2033;0.20899;-0.931631;5.76991;1.06837;5.76991;-0.00134058;6.70288;-0.363149;0.440414
2034;0.20899;-0.931631;5.76991;1.06837;5.76991;-0.00134058;6.70288;-0.363339;0.440608
2035;0.20899;-0.931631;5.76991;1.06837;5.76991;-0.00134058;6.70288;-0.363528;0.440801
2036;0.20899;-0.931631;5.76991;1.06837;5.76991;-0.00134058;6.70288;-0.363718;0.440995
2037;0.20899;-0.931631;5.76991;1.06837;5.76991;-0.00134058;6.70288;-0.363908;0.441188
2038;0.20899;-0.931631;5.76991;1.06837;5.76991;-0.00134058;6.70288;-0.364097;0.441382
2039;0.20899;-0.931631;5.76991;1.06837;5.76991;-0.00134058;6.70288;-0.364287;0.441575
2040;0.20899;-0.931631;5.76991;1.06837;5.76991;-0.00134058;6.70288;-0.364477;0.441769
2041;0.20899;-0.931631;5.76991;1.06837;5.76991;-0.00134058;6.70288;-0.364666;0.441962
2042;0.20899;-0.931631;5.76991;1.06837;5.76991;-0.00134058;6.70288;-0.364856;0.442156
2043;0.20899;-0.931631;5.76991;1.06837;5.76991;-0.00134058;6.70288;-0.365046;0.44235
2044;0.20899;-0.931631;5.76991;1.06837;5.76991;-0.00134058;6.70288;-0.365236;0.442543
2045;0.20899;-0.931631;5.76991;1.06837;5.76991;-0.00134058;6.70288;-0.365425;0.442737
2046;0.20899;-0.931631;5.76991;1.06837;5.76991;-0.00134058;6.70288;-0.365615;0.44293
2047;0.20899;-0.931631;5.76991;1.06837;5.76991;-0.00134058;6.70288;-0.365805;0.443124
2048;0.20899;-0.931631;5.76991;1.06837;5.76991;-0.00134058;6.70288;-0.365994;0.443317
2049;0.20899;-0.931631;5.76991;1.06837;5.76991;-0.00134058;6.70288;-0.366184;0.443511
2050;0.20899;-0.931631;5.76991;1.06837;5.76991;-0.00134058;6.70288;-0.366374;0.443704
2051;0.20899;-0.931631;5.76991;1.06837;5.76991;-0.00134058;6.70288;-0.366563;0.443898
2052;0.20899;-0.931631;5.76991;1.06837;5.76991;-0.00134058;6.70288;-0.366753;0.444092
2053;0.20899;-0.931631;5.76991;1.06837;5.76991;-0.00134058;6.70288;-0.366943;0.444285
2054;0.20899;-0.931631;5.76991;1.06837;5.76991;-0.00134058;6.70288;-0.367132;0.444479
2055;0.20899;-0.931631;5.76991;1.06837;5.76991;-0.00134058;6.70288;-0.367322;0.444672
2056;0.20899;-0.931631;5.76991;1.06837;5.76991;-0.00134058;6.70288;-0.367512;0.444866
2057;0.20899;-0.931631;5.76991;1.06837;5.76991;-0.00134058;6.70288;-0.367702;0.445059
2058;0.20899;-0.931631;5.76991;1.06837;5.76991;-0.00134058;6.70288;-0.367891;0.445253
2059;0.20899;-0.931631;5.76991;1.06837;5.76991;-0.00134058;6.70288;-0.368081;0.445447
2060;0.20899;-0.931631;5.76991;1.06837;5.76991;-0.00134058;6.70288;-0.368271;0.44564
2061;0.20899;-0.931631;5.76991;1.06837;5.76991;-0.00134058;6.70288;-0.36846;0.445834
2062;0.20899;-0.931631;5.76991;1.06837;5.76991;-0.00134058;6.70288;-0.36865;0.446027
2063;0.20899;-0.931631;5.76991;1.06837;5.76991;-0.00134058;6.70288;-0.36884;0.446221
2064;0.20899;-0.931631;5.76991;1.06837;5.76991;-0.00134058;6.70288;-0.369029;0.446414
2065;0.20899;-0.931631;5.76991;1.06837;5.76991;-0.00134058;6.70288;-0.369219;0.446608
2066;0.20899;-0.931631;5.76991;1.06837;5.76991;-0.00134058;6.70288;-0.369409;0.446801
2067;0.20899;-0.931631;5.76991;1.06837;5.76991;-0.00134058;6.70288;-0.369598;0.446995
2068;0.20899;-0.931631;5.76991;1.06837;5.76991;-0.00134058;6.70288;-0.369788;0.447189
2069;0.20899;-0.931631;5.76991;1.06837;5.76991;-0.00134058;6.70288;-0.369978;0.447382
2070;0.20899;-0.931631;5.76991;1.06837;5.76991;-0.00134058;6.70288;-0.370168;0.447576
2071;0.20899;-0.931631;5.76991;1.06837;5.76991;-0.00134058;6.70288;-0.370357;0.447769
2072;0.20899;-0.931631;5.76991;1.06837;5.76991;-0.00134058;6.70288;-0.370547;0.447963
2073;0.20899;-0.931631;5.76991;1.06837;5.76991;-0.00134058;6.70288;-0.370737;0.448156
2074;0.20899;-0.931631;5.76991;1.06837;5.76991;-0.00134058;6.70288;-0.370926;0.44835
2075;0.20899;-0.931631;5.76991;1.06837;5.76991;-0.00134058;6.70288;-0.371116;0.448543
2076;0.20899;-0.931631;5.76991;1.06837;5.76991;-0.00134058;6.70288;-0.371306;0.448737
2077;0.20899;-0.931631;5.76991;1.06837;5.76991;-0.00134058;6.70288;-0.371495;0.448931
2078;0.20899;-0.931631;5.76991;1.06837;5.76991;-0.00134058;6.70288;-0.371685;0.449124
2079;0.20899;-0.931631;5.76991;1.06837;5.76991;-0.00134058;6.70288;-0.371875;0.449318
2080;0.20899;-0.931631;5.76991;1.06837;5.76991;-0.00134058;6.70288;-0.372064;0.449511
2081;0.20899;-0.931631;5.76991;1.06837;5.76991;-0.00134058;6.70288;-0.372254;0.449705
2082;0.20899;-0.931631;5.76991;1.06837;5.76991;-0.00134058;6.70288;-0.372444;0.449898
2083;0.20899;-0.931631;5.76991;1.06837;5.76991;-0.00134058;6.70288;-0.372634;0.450092
2084;0.20899;-0.931631;5.76991;1.06837;5.76991;-0.00134058;6.70288;-0.372823;0.450285
2085;0.20899;-0.931631;5.76991;1.06837;5.76991;-0.00134058;6.70288;-0.373013;0.450479
2086;0.20899;-0.931631;5.76991;1.06837;5.76991;-0.00134058;6.70288;-0.373203;0.450673
2087;0.20899;-0.931631;5.76991;1.06837;5.76991;-0.00134058;6.70288;-0.373392;0.450866
2088;0.20899;-0.931631;5.76991;1.06837;5.76991;-0.00134058;6.70288;-0.373582;0.45106
2089;0.20899;-0.931631;5.76991;1.06837;5.76991;-0.00134058;6.70288;-0.373772;0.451253
2090;0.20899;-0.931631;5.76991;1.06837;5.76991;-0.00134058;6.70288;-0.373961;0.451447
2091;0.20899;-0.931631;5.76991;1.06837;5.76991;-0.00134058;6.70288;-0.374151;0.45164
2092;0.20899;-0.931631;5.76991;1.06837;5.76991;-0.00134058;6.70288;-0.374341;0.451834
2093;0.20899;-0.931631;5.76991;1.06837;5.76991;-0.00134058;6.70288;-0.37453;0.452028
2094;0.20899;-0.931631;5.76991;1.06837;5.76991;-0.00134058;6.70288;-0.37472;0.452221
2095;0.20899;-0.931631;5.76991;1.06837;5.76991;-0.00134058;6.70288;-0.37491;0.452415
2096;0.20899;-0.931631;5.76991;1.06837;5.76991;-0.00134058;6.70288;-0.3751;0.452608
2097;0.20899;-0.931631;5.76991;1.06837;5.76991;-0.00134058;6.70288;-0.375289;0.452802
2098;0.20899;-0.931631;5.76991;1.06837;5.76991;-0.00134058;6.70288;-0.375479;0.452995
2099;0.20899;-0.931631;5.76991;1.06837;5.76991;-0.00134058;6.70288;-0.375669;0.453189
2100;0.20899;-0.931631;5.76991;1.06837;5.76991;-0.00134058;6.70288;-0.375858;0.453382
2101;0.20899;-0.931631;5.76991;1.06837;5.76991;-0.00134058;6.70288;-0.376048;0.453576
2102;0.20899;-0.931631;5.76991;1.06837;5.76991;-0.00134058;6.70288;-0.376238;0.45377
2103;0.20899;-0.931631;5.76991;1.06837;5.76991;-0.00134058;6.70288;-0.376427;0.453963
2104;0.20899;-0.931631;5.76991;1.06837;5.76991;-0.00134058;6.70288;-0.376617;0.454157
2105;0.20899;-0.931631;5.76991;1.06837;5.76991;-0.00134058;6.70288;-0.376807;0.45435
2106;0.20899;-0.931631;5.76991;1.06837;5.76991;-0.00134058;6.70288;-0.376996;0.454544
2107;0.20899;-0.931631;5.76991;1.06837;5.76991;-0.00134058;6.70288;-0.377186;0.454737
2108;0.20899;-0.931631;5.76991;1.06837;5.76991;-0.00134058;6.70288;-0.377376;0.454931
2109;0.20899;-0.931631;5.76991;1.06837;5.76991;-0.00134058;6.70288;-0.377566;0.455124
2110;0.20899;-0.931631;5.76991;1.06837;5.76991;-0.00134058;6.70288;-0.377755;0.455318
2111;0.20899;-0.931631;5.76991;1.06837;5.76991;-0.00134058;6.70288;-0.377945;0.455512
2112;0.20899;-0.931631;5.76991;1.06837;5.76991;-0.00134058;6.70288;-0.378135;0.455705
2113;0.20899;-0.931631;5.76991;1.06837;5.76991;-0.00134058;6.70288;-0.378324;0.455899
2114;0.20899;-0.931631;5.76991;1.06837;5.76991;-0.00134058;6.70288;-0.378514;0.456092
2115;0.20899;-0.931631;5.76991;1.06837;5.76991;-0.00134058;6.70288;-0.378704;0.456286
2116;0.20899;-0.931631;5.76991;1.06837;5.76991;-0.00134058;6.70288;-0.378893;0.456479
2117;0.20899;-0.931631;5.76991;1.06837;5.76991;-0.00134058;6.70288;-0.379083;0.456673
2118;0.20899;-0.931631;5.76991;1.06837;5.76991;-0.00134058;6.70288;-0.379273;0.456866
2119;0.20899;-0.931631;5.76991;1.06837;5.76991;-0.00134058;6.70288;-0.379462;0.45706
2120;0.20899;-0.931631;5.76991;1.06837;5.76991;-0.00134058;6.70288;-0.379652;0.457254
2121;0.20899;-0.931631;5.76991;1.06837;5.76991;-0.00134058;6.70288;-0.379842;0.457447
2122;0.20899;-0.931631;5.76991;1.06837;5.76991;-0.00134058;6.70288;-0.380032;0.457641
2123;0.20899;-0.931631;5.76991;1.06837;5.76991;-0.00134058;6.70288;-0.380221;0.457834
2124;0.20899;-0.931631;5.76991;1.06837;5.76991;-0.00134058;6.70288;-0.380411;0.458028
2125;0.20899;-0.931631;5.76991;1.06837;5.76991;-0.00134058;6.70288;-0.380601;0.458221
2126;0.20899;-0.931631;5.76991;1.06837;5.76991;-0.00134058;6.70288;-0.38079;0.458415
2127;0.20899;-0.931631;5.76991;1.06837;5.76991;-0.00134058;6.70288;-0.38098;0.458609
2128;0.20899;-0.931631;5.76991;1.06837;5.76991;-0.00134058;6.70288;-0.38117;0.458802
2129;0.20899;-0.931631;5.76991;1.06837;5.76991;-0.00134058;6.70288;-0.381359;0.458996
2130;0.20899;-0.931631;5.76991;1.06837;5.76991;-0.00134058;6.70288;-0.381549;0.459189
2131;0.20899;-0.931631;5.76991;1.06837;5.76991;-0.00134058;6.70288;-0.381739;0.459383
2132;0.20899;-0.931631;5.76991;1.06837;5.76991;-0.00134058;6.70288;-0.381928;0.459576
2133;0.20899;-0.931631;5.76991;1.06837;5.76991;-0.00134058;6.70288;-0.382118;0.45977
2134;0.20899;-0.931631;5.76991;1.06837;5.76991;-0.00134058;6.70288;-0.382308;0.459963
2135;0.20899;-0.931631;5.76991;1.06837;5.76991;-0.00134058;6.70288;-0.382498;0.460157
2136;0.20899;-0.931631;5.76991;1.06837;5.76991;-0.00134058;6.70288;-0.382687;0.460351
2137;0.20899;-0.931631;5.76991;1.06837;5.76991;-0.00134058;6.70288;-0.382877;0.460544
2138;0.20899;-0.931631;5.76991;1.06837;5.76991;-0.00134058;6.70288;-0.383067;0.460738
2139;0.20899;-0.931631;5.76991;1.06837;5.76991;-0.00134058;6.70288;-0.383256;0.460931
2140;0.20899;-0.931631;5.76991;1.06837;5.76991;-0.00134058;6.70288;-0.383446;0.461125
2141;0.20899;-0.931631;5.76991;1.06837;5.76991;-0.00134058;6.70288;-0.383636;0.461318
2142;0.20899;-0.931631;5.76991;1.06837;5.76991;-0.00134058;6.70288;-0.383825;0.461512
2143;0.20899;-0.931631;5.76991;1.06837;5.76991;-0.00134058;6.70288;-0.384015;0.461705
2144;0.20899;-0.931631;5.76991;1.06837;5.76991;-0.00134058;6.70288;-0.384205;0.461899
2145;0.20899;-0.931631;5.76991;1.06837;5.76991;-0.00134058;6.70288;-0.384394;0.462093
2146;0.20899;-0.931631;5.76991;1.06837;5.76991;-0.00134058;6.70288;-0.384584;0.462286
2147;0.20899;-0.931631;5.76991;1.06837;5.76991;-0.00134058;6.70288;-0.384774;0.46248
2148;0.20899;-0.931631;5.76991;1.06837;5.76991;-0.00134058;6.70288;-0.384964;0.462673
2149;0.20899;-0.931631;5.76991;1.06837;5.76991;-0.00134058;6.70288;-0.385153;0.462867
2150;0.20899;-0.931631;5.76991;1.06837;5.76991;-0.00134058;6.70288;-0.385343;0.46306
2151;0.20899;-0.931631;5.76991;1.06837;5.76991;-0.00134058;6.70288;-0.385533;0.463254
2152;0.20899;-0.931631;5.76991;1.06837;5.76991;-0.00134058;6.70288;-0.385722;0.463447
2153;0.20899;-0.931631;5.76991;1.06837;5.76991;-0.00134058;6.70288;-0.385912;0.463641
2154;0.20899;-0.931631;5.76991;1.06837;5.76991;-0.00134058;6.70288;-0.386102;0.463835
2155;0.20899;-0.931631;5.76991;1.06837;5.76991;-0.00134058;6.70288;-0.386291;0.464028
2156;0.20899;-0.931631;5.76991;1.06837;5.76991;-0.00134058;6.70288;-0.386481;0.464222
2157;0.20899;-0.931631;5.76991;1.06837;5.76991;-0.00134058;6.70288;-0.386671;0.464415
2158;0.20899;-0.931631;5.76991;1.06837;5.76991;-0.00134058;6.70288;-0.38686;0.464609
2159;0.20899;-0.931631;5.76991;1.06837;5.76991;-0.00134058;6.70288;-0.38705;0.464802
2160;0.20899;-0.931631;5.76991;1.06837;5.76991;-0.00134058;6.70288;-0.38724;0.464996
2161;0.20899;-0.931631;5.76991;1.06837;5.76991;-0.00134058;6.70288;-0.38743;0.465189
2162;0.20899;-0.931631;5.76991;1.06837;5.76991;-0.00134058;6.70288;-0.387619;0.465383
2163;0.20899;-0.931631;5.76991;1.06837;5.76991;-0.00134058;6.70288;-0.387809;0.465577
2164;0.20899;-0.931631;5.76991;1.06837;5.76991;-0.00134058;6.70288;-0.387999;0.46577
2165;0.20899;-0.931631;5.76991;1.06837;5.76991;-0.00134058;6.70288;-0.388188;0.465964
2166;0.20899;-0.931631;5.76991;1.06837;5.76991;-0.00134058;6.70288;-0.388378;0.466157
2167;0.20899;-0.931631;5.76991;1.06837;5.76991;-0.00134058;6.70288;-0.388568;0.466351
2168;0.20899;-0.931631;5.76991;1.06837;5.76991;-0.00134058;6.70288;-0.388757;0.466544
2169;0.20899;-0.931631;5.76991;1.06837;5.76991;-0.00134058;6.70288;-0.388947;0.466738
2170;0.20899;-0.931631;5.76991;1.06837;5.76991;-0.00134058;6.70288;-0.389137;0.466932
2171;0.20899;-0.931631;5.76991;1.06837;5.76991;-0.00134058;6.70288;-0.389326;0.467125
2172;0.20899;-0.931631;5.76991;1.06837;5.76991;-0.00134058;6.70288;-0.389516;0.467319
2173;0.20899;-0.931631;5.76991;1.06837;5.76991;-0.00134058;6.70288;-0.389706;0.467512
2174;0.20899;-0.931631;5.76991;1.06837;5.76991;-0.00134058;6.70288;-0.389896;0.467706
2175;0.20899;-0.931631;5.76991;1.06837;5.76991;-0.00134058;6.70288;-0.390085;0.467899
2176;0.20899;-0.931631;5.76991;1.06837;5.76991;-0.00134058;6.70288;-0.390275;0.468093
2177;0.20899;-0.931631;5.76991;1.06837;5.76991;-0.00134058;6.70288;-0.390465;0.468286
2178;0.20899;-0.931631;5.76991;1.06837;5.76991;-0.00134058;6.70288;-0.390654;0.46848
2179;0.20899;-0.931631;5.76991;1.06837;5.76991;-0.00134058;6.70288;-0.390844;0.468674
2180;0.20899;-0.931631;5.76991;1.06837;5.76991;-0.00134058;6.70288;-0.391034;0.468867
2181;0.20899;-0.931631;5.76991;1.06837;5.76991;-0.00134058;6.70288;-0.391223;0.469061
2182;0.20899;-0.931631;5.76991;1.06837;5.76991;-0.00134058;6.70288;-0.391413;0.469254
2183;0.20899;-0.931631;5.76991;1.06837;5.76991;-0.00134058;6.70288;-0.391603;0.469448
2184;0.20899;-0.931631;5.76991;1.06837;5.76991;-0.00134058;6.70288;-0.391792;0.469641
2185;0.20899;-0.931631;5.76991;1.06837;5.76991;-0.00134058;6.70288;-0.391982;0.469835
2186;0.20899;-0.931631;5.76991;1.06837;5.76991;-0.00134058;6.70288;-0.392172;0.470028
2187;0.20899;-0.931631;5.76991;1.06837;5.76991;-0.00134058;6.70288;-0.392362;0.470222
2188;0.20899;-0.931631;5.76991;1.06837;5.76991;-0.00134058;6.70288;-0.392551;0.470416
2189;0.20899;-0.931631;5.76991;1.06837;5.76991;-0.00134058;6.70288;-0.392741;0.470609
2190;0.20899;-0.931631;5.76991;1.06837;5.76991;-0.00134058;6.70288;-0.392931;0.470803
2191;0.20899;-0.931631;5.76991;1.06837;5.76991;-0.00134058;6.70288;-0.39312;0.470996
2192;0.20899;-0.931631;5.76991;1.06837;5.76991;-0.00134058;6.70288;-0.39331;0.47119
2193;0.20899;-0.931631;5.76991;1.06837;5.76991;-0.00134058;6.70288;-0.3935;0.471383
2194;0.20899;-0.931631;5.76991;1.06837;5.76991;-0.00134058;6.70288;-0.393689;0.471577
2195;0.20899;-0.931631;5.76991;1.06837;5.76991;-0.00134058;6.70288;-0.393879;0.47177
2196;0.20899;-0.931631;5.76991;1.06837;5.76991;-0.00134058;6.70288;-0.394069;0.471964
2197;0.20899;-0.931631;5.76991;1.06837;5.76991;-0.00134058;6.70288;-0.394258;0.472158
2198;0.20899;-0.931631;5.76991;1.06837;5.76991;-0.00134058;6.70288;-0.394448;0.472351
2199;0.20899;-0.931631;5.76991;1.06837;5.76991;-0.00134058;6.70288;-0.394638;0.472545
2200;0.20899;-0.931631;5.76991;1.06837;5.76991;-0.00134058;6.70288;-0.394827;0.472738
2201;0.20899;-0.931631;5.76991;1.06837;5.76991;-0.00134058;6.70288;-0.395017;0.472932
2202;0.20899;-0.931631;5.76991;1.06837;5.76991;-0.00134058;6.70288;-0.395207;0.473125
2203;0.20899;-0.931631;5.76991;1.06837;5.76991;-0.00134058;6.70288;-0.395397;0.473319
2204;0.20899;-0.931631;5.76991;1.06837;5.76991;-0.00134058;6.70288;-0.395586;0.473513
2205;0.20899;-0.931631;5.76991;1.06837;5.76991;-0.00134058;6.70288;-0.395776;0.473706
2206;0.20899;-0.931631;5.76991;1.06837;5.76991;-0.00134058;6.70288;-0.395966;0.4739
2207;0.20899;-0.931631;5.76991;1.06837;5.76991;-0.00134058;6.70288;-0.396155;0.474093
2208;0.20899;-0.931631;5.76991;1.06837;5.76991;-0.00134058;6.70288;-0.396345;0.474287
2209;0.20899;-0.931631;5.76991;1.06837;5.76991;-0.00134058;6.70288;-0.396535;0.47448
2210;0.20899;-0.931631;5.76991;1.06837;5.76991;-0.00134058;6.70288;-0.396724;0.474674
2211;0.20899;-0.931631;5.76991;1.06837;5.76991;-0.00134058;6.70288;-0.396914;0.474867
2212;0.20899;-0.931631;5.76991;1.06837;5.76991;-0.00134058;6.70288;-0.397104;0.475061
2213;0.20899;-0.931631;5.76991;1.06837;5.76991;-0.00134058;6.70288;-0.397293;0.475255
2214;0.20899;-0.931631;5.76991;1.06837;5.76991;-0.00134058;6.70288;-0.397483;0.475448
2215;0.20899;-0.931631;5.76991;1.06837;5.76991;-0.00134058;6.70288;-0.397673;0.475642
2216;0.20899;-0.931631;5.76991;1.06837;5.76991;-0.00134058;6.70288;-0.397863;0.475835
2217;0.20899;-0.931631;5.76991;1.06837;5.76991;-0.00134058;6.70288;-0.398052;0.476029
2218;0.20899;-0.931631;5.76991;1.06837;5.76991;-0.00134058;6.70288;-0.398242;0.476222
2219;0.20899;-0.931631;5.76991;1.06837;5.76991;-0.00134058;6.70288;-0.398432;0.476416
2220;0.20899;-0.931631;5.76991;1.06837;5.76991;-0.00134058;6.70288;-0.398621;0.476609
2221;0.20899;-0.931631;5.7699;1.06837;5.7699;-0.00134058;6.70288;-0.398811;0.476803
2222;0.20899;-0.931631;5.7699;1.06837;5.7699;-0.00134058;6.70288;-0.399001;0.476997
2223;0.20899;-0.931631;5.7699;1.06837;5.7699;-0.00134058;6.70288;-0.39919;0.47719
2224;0.20899;-0.931631;5.7699;1.06837;5.7699;-0.00134058;6.70288;-0.39938;0.477384
2225;0.20899;-0.931631;5.7699;1.06837;5.7699;-0.00134058;6.70288;-0.39957;0.477577
2226;0.20899;-0.931631;5.7699;1.06837;5.7699;-0.00134058;6.70288;-0.399759;0.477771
2227;0.20899;-0.931631;5.7699;1.06837;5.7699;-0.00134058;6.70288;-0.399949;0.477964
2228;0.20899;-0.931631;5.7699;1.06837;5.7699;-0.00134058;6.70288;-0.400139;0.478158
2229;0.20899;-0.931631;5.7699;1.06837;5.7699;-0.00134058;6.70288;-0.400329;0.478351
2230;0.20899;-0.931631;5.7699;1.06837;5.7699;-0.00134058;6.70288;-0.400518;0.478545
2231;0.20899;-0.931631;5.7699;1.06837;5.7699;-0.00134058;6.70288;-0.400708;0.478739
2232;0.20899;-0.931631;5.7699;1.06837;5.7699;-0.00134058;6.70288;-0.400898;0.478932
2233;0.20899;-0.931631;5.7699;1.06837;5.7699;-0.00134058;6.70288;-0.401087;0.479126
2234;0.20899;-0.931631;5.7699;1.06837;5.7699;-0.00134058;6.70288;-0.401277;0.479319
2235;0.20899;-0.931631;5.7699;1.06837;5.7699;-0.00134058;6.70288;-0.401467;0.479513
2236;0.20899;-0.931631;5.7699;1.06837;5.7699;-0.00134058;6.70288;-0.401656;0.479706
2237;0.20899;-0.931631;5.7699;1.06837;5.7699;-0.00134058;6.70288;-0.401846;0.4799
2238;0.20899;-0.931631;5.7699;1.06837;5.7699;-0.00134058;6.70288;-0.402036;0.480093
2239;0.20899;-0.931631;5.7699;1.06837;5.7699;-0.00134058;6.70288;-0.402225;0.480287
2240;0.20899;-0.931631;5.7699;1.06837;5.7699;-0.00134058;6.70288;-0.402415;0.480481
2241;0.20899;-0.931631;5.7699;1.06837;5.7699;-0.00134058;6.70288;-0.402605;0.480674
2242;0.20899;-0.931631;5.7699;1.06837;5.7699;-0.00134058;6.70288;-0.402795;0.480868
2243;0.20899;-0.931631;5.7699;1.06837;5.7699;-0.00134058;6.70288;-0.402984;0.481061
2244;0.20899;-0.931631;5.7699;1.06837;5.7699;-0.00134058;6.70288;-0.403174;0.481255
2245;0.20899;-0.931631;5.7699;1.06837;5.7699;-0.00134058;6.70288;-0.403364;0.481448
2246;0.20899;-0.931631;5.7699;1.06837;5.7699;-0.00134058;6.70288;-0.403553;0.481642
2247;0.20899;-0.931631;5.7699;1.06837;5.7699;-0.00134058;6.70288;-0.403743;0.481836
2248;0.20899;-0.931631;5.7699;1.06837;5.7699;-0.00134058;6.70288;-0.403933;0.482029
2249;0.20899;-0.931631;5.7699;1.06837;5.7699;-0.00134058;6.70288;-0.404122;0.482223
2250;0.20899;-0.931631;5.7699;1.06837;5.7699;-0.00134057;6.70287;-0.404312;0.482416
2251;0.20899;-0.931631;5.7699;1.06837;5.7699;-0.00134057;6.70287;-0.404502;0.48261
2252;0.20899;-0.931631;5.7699;1.06837;5.7699;-0.00134057;6.70287;-0.404691;0.482803
2253;0.20899;-0.931631;5.7699;1.06837;5.7699;-0.00134057;6.70287;-0.404881;0.482997
2254;0.20899;-0.931631;5.7699;1.06837;5.7699;-0.00134057;6.70287;-0.405071;0.48319
2255;0.20899;-0.931631;5.7699;1.06837;5.7699;-0.00134057;6.70287;-0.405261;0.483384
2256;0.20899;-0.931631;5.7699;1.06837;5.7699;-0.00134057;6.70287;-0.40545;0.483578
2257;0.20899;-0.931631;5.7699;1.06837;5.7699;-0.00134057;6.70287;-0.40564;0.483771
2258;0.20899;-0.931631;5.7699;1.06837;5.7699;-0.00134057;6.70287;-0.40583;0.483965
2259;0.20899;-0.931631;5.7699;1.06837;5.7699;-0.00134057;6.70287;-0.406019;0.484158
2260;0.20899;-0.931631;5.7699;1.06837;5.7699;-0.00134057;6.70287;-0.406209;0.484352
2261;0.20899;-0.931631;5.7699;1.06837;5.7699;-0.00134057;6.70287;-0.406399;0.484545
2262;0.20899;-0.931631;5.7699;1.06837;5.7699;-0.00134057;6.70287;-0.406588;0.484739
2263;0.20899;-0.931631;5.7699;1.06837;5.7699;-0.00134057;6.70287;-0.406778;0.484932
2264;0.20899;-0.931631;5.7699;1.06837;5.7699;-0.00134057;6.70287;-0.406968;0.485126
2265;0.20899;-0.931631;5.7699;1.06837;5.7699;-0.00134057;6.70287;-0.407157;0.48532
2266;0.20899;-0.931631;5.7699;1.06837;5.7699;-0.00134057;6.70287;-0.407347;0.485513
2267;0.20899;-0.931631;5.7699;1.06837;5.7699;-0.00134057;6.70287;-0.407537;0.485707
2268;0.20899;-0.931631;5.7699;1.06837;5.7699;-0.00134057;6.70287;-0.407727;0.4859
2269;0.20899;-0.931631;5.7699;1.06837;5.7699;-0.00134057;6.70287;-0.407916;0.486094
2270;0.20899;-0.931631;5.7699;1.06837;5.7699;-0.00134057;6.70287;-0.408106;0.486287
2271;0.20899;-0.931631;5.7699;1.06837;5.7699;-0.00134057;6.70287;-0.408296;0.486481
2272;0.20899;-0.931631;5.7699;1.06837;5.7699;-0.00134057;6.70287;-0.408485;0.486674
2273;0.20899;-0.931631;5.7699;1.06837;5.7699;-0.00134057;6.70287;-0.408675;0.486868
2274;0.20899;-0.931631;5.7699;1.06837;5.7699;-0.00134057;6.70287;-0.408865;0.487062
2275;0.20899;-0.931631;5.7699;1.06837;5.7699;-0.00134057;6.70287;-0.409054;0.487255
2276;0.20899;-0.931631;5.7699;1.06837;5.7699;-0.00134057;6.70287;-0.409244;0.487449
2277;0.20899;-0.931631;5.7699;1.06837;5.7699;-0.00134057;6.70287;-0.409434;0.487642
2278;0.20899;-0.931631;5.7699;1.06837;5.7699;-0.00134057;6.70287;-0.409623;0.487836
2279;0.20899;-0.931631;5.7699;1.06837;5.7699;-0.00134057;6.70287;-0.409813;0.488029
2280;0.20899;-0.931631;5.7699;1.06837;5.7699;-0.00134057;6.70287;-0.410003;0.488223
2281;0.20899;-0.931631;5.7699;1.06837;5.7699;-0.00134057;6.70287;-0.410193;0.488416
2282;0.20899;-0.931631;5.7699;1.06837;5.7699;-0.00134057;6.70287;-0.410382;0.48861
2283;0.20899;-0.931631;5.7699;1.06837;5.7699;-0.00134057;6.70287;-0.410572;0.488804
2284;0.20899;-0.931631;5.7699;1.06837;5.7699;-0.00134057;6.70287;-0.410762;0.488997
2285;0.20899;-0.931631;5.7699;1.06837;5.7699;-0.00134057;6.70287;-0.410951;0.489191
2286;0.20899;-0.931631;5.7699;1.06837;5.7699;-0.00134057;6.70287;-0.411141;0.489384
2287;0.20899;-0.931631;5.7699;1.06837;5.7699;-0.00134057;6.70287;-0.411331;0.489578
2288;0.20899;-0.931631;5.7699;1.06837;5.7699;-0.00134057;6.70287;-0.41152;0.489771
2289;0.20899;-0.931631;5.7699;1.06837;5.7699;-0.00134057;6.70287;-0.41171;0.489965
2290;0.20899;-0.931631;5.7699;1.06837;5.7699;-0.00134057;6.70287;-0.4119;0.490159
2291;0.20899;-0.931631;5.7699;1.06837;5.7699;-0.00134057;6.70287;-0.412089;0.490352
2292;0.20899;-0.931631;5.7699;1.06837;5.7699;-0.00134057;6.70287;-0.412279;0.490546
2293;0.20899;-0.931631;5.7699;1.06837;5.7699;-0.00134057;6.70287;-0.412469;0.490739
2294;0.20899;-0.931631;5.7699;1.06837;5.7699;-0.00134057;6.70287;-0.412659;0.490933
2295;0.20899;-0.931631;5.7699;1.06837;5.7699;-0.00134057;6.70287;-0.412848;0.491126
2296;0.20899;-0.931631;5.7699;1.06837;5.7699;-0.00134057;6.70287;-0.413038;0.49132
2297;0.20899;-0.931631;5.7699;1.06837;5.7699;-0.00134057;6.70287;-0.413228;0.491513
2298;0.20899;-0.931631;5.7699;1.06837;5.7699;-0.00134057;6.70287;-0.413417;0.491707
2299;0.20899;-0.931631;5.7699;1.06837;5.7699;-0.00134057;6.70287;-0.413607;0.491901
2300;0.20899;-0.931631;5.7699;1.06837;5.7699;-0.00134057;6.70287;-0.413797;0.492094
2301;0.20899;-0.931631;5.7699;1.06837;5.7699;-0.00134057;6.70287;-0.413986;0.492288
2302;0.20899;-0.931631;5.7699;1.06837;5.7699;-0.00134057;6.70287;-0.414176;0.492481
2303;0.20899;-0.931631;5.7699;1.06837;5.7699;-0.00134057;6.70287;-0.414366;0.492675
2304;0.20899;-0.931631;5.7699;1.06837;5.7699;-0.00134057;6.70287;-0.414555;0.492868
2305;0.20899;-0.931631;5.7699;1.06837;5.7699;-0.00134057;6.70287;-0.414745;0.493062
2306;0.20899;-0.931631;5.7699;1.06837;5.7699;-0.00134057;6.70287;-0.414935;0.493255
2307;0.20899;-0.931631;5.7699;1.06837;5.7699;-0.00134057;6.70287;-0.415125;0.493449
2308;0.20899;-0.931631;5.7699;1.06837;5.7699;-0.00134057;6.70287;-0.415314;0.493643
2309;0.20899;-0.931631;5.7699;1.06837;5.7699;-0.00134057;6.70287;-0.415504;0.493836
2310;0.20899;-0.931631;5.7699;1.06837;5.7699;-0.00134057;6.70287;-0.415694;0.49403
2311;0.20899;-0.931631;5.7699;1.06837;5.7699;-0.00134057;6.70287;-0.415883;0.494223
2312;0.20899;-0.931631;5.7699;1.06837;5.7699;-0.00134057;6.70287;-0.416073;0.494417
2313;0.20899;-0.931631;5.7699;1.06837;5.7699;-0.00134057;6.70287;-0.416263;0.49461
2314;0.20899;-0.931631;5.7699;1.06837;5.7699;-0.00134057;6.70287;-0.416452;0.494804
2315;0.20899;-0.931631;5.7699;1.06837;5.7699;-0.00134057;6.70287;-0.416642;0.494997
2316;0.20899;-0.931631;5.7699;1.06837;5.7699;-0.00134057;6.70287;-0.416832;0.495191
2317;0.20899;-0.931631;5.7699;1.06837;5.7699;-0.00134057;6.70287;-0.417021;0.495385
2318;0.20899;-0.931631;5.7699;1.06837;5.7699;-0.00134057;6.70287;-0.417211;0.495578
2319;0.20899;-0.931631;5.7699;1.06837;5.7699;-0.00134057;6.70287;-0.417401;0.495772
2320;0.20899;-0.931631;5.7699;1.06837;5.7699;-0.00134057;6.70287;-0.417591;0.495965
2321;0.20899;-0.931631;5.7699;1.06837;5.7699;-0.00134057;6.70287;-0.41778;0.496159
2322;0.20899;-0.931631;5.7699;1.06837;5.7699;-0.00134057;6.70287;-0.41797;0.496352
2323;0.20899;-0.931631;5.7699;1.06837;5.7699;-0.00134057;6.70287;-0.41816;0.496546
2324;0.20899;-0.931631;5.7699;1.06837;5.7699;-0.00134057;6.70287;-0.418349;0.496739
2325;0.20899;-0.931631;5.7699;1.06837;5.7699;-0.00134057;6.70287;-0.418539;0.496933
2326;0.20899;-0.931631;5.7699;1.06837;5.7699;-0.00134057;6.70287;-0.418729;0.497127
2327;0.20899;-0.931631;5.7699;1.06837;5.7699;-0.00134057;6.70287;-0.418918;0.49732
2328;0.20899;-0.931631;5.7699;1.06837;5.7699;-0.00134057;6.70287;-0.419108;0.497514
2329;0.20899;-0.931631;5.7699;1.06837;5.7699;-0.00134057;6.70287;-0.419298;0.497707
2330;0.20899;-0.931631;5.7699;1.06837;5.7699;-0.00134057;6.70287;-0.419487;0.497901
2331;0.20899;-0.931631;5.7699;1.06837;5.7699;-0.00134057;6.70287;-0.419677;0.498094
2332;0.20899;-0.931631;5.7699;1.06837;5.7699;-0.00134057;6.70287;-0.419867;0.498288
2333;0.20899;-0.931631;5.7699;1.06837;5.7699;-0.00134057;6.70287;-0.420057;0.498482
2334;0.20899;-0.931631;5.7699;1.06837;5.7699;-0.00134057;6.70287;-0.420246;0.498675
2335;0.20899;-0.931631;5.7699;1.06837;5.7699;-0.00134057;6.70287;-0.420436;0.498869
2336;0.20899;-0.931631;5.7699;1.06837;5.7699;-0.00134057;6.70287;-0.420626;0.499062
2337;0.20899;-0.931631;5.7699;1.06837;5.7699;-0.00134057;6.70287;-0.420815;0.499256
2338;0.20899;-0.931631;5.7699;1.06837;5.7699;-0.00134057;6.70287;-0.421005;0.499449
2339;0.20899;-0.931631;5.7699;1.06837;5.7699;-0.00134057;6.70287;-0.421195;0.499643
2340;0.20899;-0.931631;5.7699;1.06837;5.7699;-0.00134057;6.70287;-0.421384;0.499836
2341;0.20899;-0.931631;5.7699;1.06837;5.7699;-0.00134057;6.70287;-0.421574;0.50003
2342;0.20899;-0.931631;5.7699;1.06837;5.7699;-0.00134057;6.70287;-0.421764;0.500224
2343;0.20899;-0.931631;5.7699;1.06837;5.7699;-0.00134057;6.70287;-0.421953;0.500417
2344;0.20899;-0.931631;5.7699;1.06837;5.7699;-0.00134057;6.70287;-0.422143;0.500611
2345;0.20899;-0.931631;5.7699;1.06837;5.7699;-0.00134057;6.70287;-0.422333;0.500804
2346;0.20899;-0.931631;5.7699;1.06837;5.7699;-0.00134057;6.70287;-0.422523;0.500998
2347;0.20899;-0.931631;5.7699;1.06837;5.7699;-0.00134057;6.70287;-0.422712;0.501191
2348;0.20899;-0.931631;5.7699;1.06837;5.7699;-0.00134057;6.70287;-0.422902;0.501385
2349;0.20899;-0.931631;5.7699;1.06837;5.7699;-0.00134057;6.70287;-0.423092;0.501578
2350;0.20899;-0.931631;5.7699;1.06837;5.7699;-0.00134057;6.70287;-0.423281;0.501772
2351;0.20899;-0.931631;5.7699;1.06837;5.7699;-0.00134057;6.70287;-0.423471;0.501966
2352;0.20899;-0.931631;5.7699;1.06837;5.7699;-0.00134057;6.70287;-0.423661;0.502159
2353;0.20899;-0.931631;5.7699;1.06837;5.7699;-0.00134057;6.70287;-0.42385;0.502353
2354;0.20899;-0.931631;5.7699;1.06837;5.7699;-0.00134057;6.70287;-0.42404;0.502546
2355;0.20899;-0.931631;5.7699;1.06837;5.7699;-0.00134057;6.70287;-0.42423;0.50274
2356;0.20899;-0.931631;5.7699;1.06837;5.7699;-0.00134057;6.70287;-0.424419;0.502933
2357;0.20899;-0.931631;5.7699;1.06837;5.7699;-0.00134057;6.70287;-0.424609;0.503127
2358;0.20899;-0.931631;5.7699;1.06837;5.7699;-0.00134057;6.70287;-0.424799;0.50332
2359;0.20899;-0.931631;5.7699;1.06837;5.7699;-0.00134057;6.70287;-0.424988;0.503514
2360;0.20899;-0.931631;5.7699;1.06837;5.7699;-0.00134057;6.70287;-0.425178;0.503708
2361;0.20899;-0.931631;5.7699;1.06837;5.7699;-0.00134057;6.70287;-0.425368;0.503901
2362;0.20899;-0.931631;5.7699;1.06837;5.7699;-0.00134057;6.70287;-0.425558;0.504095
2363;0.20899;-0.931631;5.7699;1.06837;5.7699;-0.00134057;6.70287;-0.425747;0.504288
2364;0.20899;-0.931631;5.7699;1.06837;5.7699;-0.00134057;6.70287;-0.425937;0.504482
2365;0.20899;-0.931631;5.7699;1.06837;5.7699;-0.00134057;6.70287;-0.426127;0.504675
2366;0.20899;-0.931631;5.7699;1.06837;5.7699;-0.00134057;6.70287;-0.426316;0.504869
2367;0.20899;-0.931631;5.7699;1.06837;5.7699;-0.00134057;6.70287;-0.426506;0.505062
2368;0.20899;-0.931631;5.7699;1.06837;5.7699;-0.00134057;6.70287;-0.426696;0.505256
2369;0.20899;-0.931631;5.7699;1.06837;5.7699;-0.00134057;6.70287;-0.426885;0.50545
2370;0.20899;-0.931631;5.7699;1.06837;5.7699;-0.00134057;6.70287;-0.427075;0.505643
2371;0.20899;-0.931631;5.7699;1.06837;5.7699;-0.00134057;6.70287;-0.427265;0.505837
2372;0.20899;-0.931631;5.7699;1.06837;5.7699;-0.00134057;6.70287;-0.427454;0.50603
2373;0.20899;-0.931631;5.7699;1.06837;5.7699;-0.00134057;6.70287;-0.427644;0.506224
2374;0.20899;-0.931631;5.7699;1.06837;5.7699;-0.00134057;6.70287;-0.427834;0.506417
2375;0.20899;-0.931631;5.7699;1.06837;5.7699;-0.00134057;6.70287;-0.428024;0.506611
2376;0.20899;-0.931631;5.7699;1.06837;5.7699;-0.00134057;6.70287;-0.428213;0.506805
2377;0.20899;-0.931631;5.7699;1.06837;5.7699;-0.00134057;6.70287;-0.428403;0.506998
2378;0.20899;-0.931631;5.7699;1.06837;5.7699;-0.00134057;6.70287;-0.428593;0.507192
2379;0.20899;-0.931631;5.7699;1.06837;5.7699;-0.00134057;6.70287;-0.428782;0.507385
2380;0.20899;-0.931631;5.7699;1.06837;5.7699;-0.00134057;6.70287;-0.428972;0.507579
2381;0.20899;-0.931631;5.7699;1.06837;5.7699;-0.00134057;6.70287;-0.429162;0.507772
2382;0.20899;-0.931631;5.7699;1.06837;5.7699;-0.00134057;6.70287;-0.429351;0.507966
2383;0.20899;-0.931631;5.7699;1.06837;5.7699;-0.00134057;6.70287;-0.429541;0.508159
2384;0.20899;-0.931631;5.7699;1.06837;5.7699;-0.00134057;6.70287;-0.429731;0.508353
2385;0.20899;-0.931631;5.7699;1.06837;5.7699;-0.00134057;6.70287;-0.42992;0.508547
2386;0.20899;-0.931631;5.7699;1.06837;5.7699;-0.00134057;6.70287;-0.43011;0.50874
2387;0.20899;-0.931631;5.7699;1.06837;5.7699;-0.00134057;6.70287;-0.4303;0.508934
2388;0.20899;-0.931631;5.7699;1.06837;5.7699;-0.00134057;6.70287;-0.43049;0.509127
2389;0.20899;-0.931631;5.7699;1.06837;5.7699;-0.00134057;6.70287;-0.430679;0.509321
2390;0.20899;-0.931631;5.7699;1.06837;5.7699;-0.00134057;6.70287;-0.430869;0.509514
2391;0.20899;-0.931631;5.7699;1.06837;5.7699;-0.00134057;6.70287;-0.431059;0.509708
2392;0.20899;-0.931631;5.7699;1.06837;5.7699;-0.00134057;6.70287;-0.431248;0.509901
2393;0.20899;-0.931631;5.7699;1.06837;5.7699;-0.00134057;6.70287;-0.431438;0.510095
2394;0.20899;-0.931631;5.7699;1.06837;5.7699;-0.00134057;6.70287;-0.431628;0.510289
2395;0.20899;-0.931631;5.7699;1.06837;5.7699;-0.00134057;6.70287;-0.431817;0.510482
2396;0.20899;-0.931631;5.7699;1.06837;5.7699;-0.00134057;6.70287;-0.432007;0.510676
2397;0.20899;-0.931631;5.7699;1.06837;5.7699;-0.00134057;6.70287;-0.432197;0.510869
2398;0.20899;-0.931631;5.7699;1.06837;5.7699;-0.00134057;6.70287;-0.432386;0.511063
2399;0.20899;-0.931631;5.7699;1.06837;5.7699;-0.00134057;6.70287;-0.432576;0.511256
2400;0.20899;-0.931631;5.7699;1.06837;5.7699;-0.00134057;6.70287;-0.432766;0.51145
2401;0.20899;-0.931631;5.7699;1.06837;5.7699;-0.00134057;6.70287;-0.432956;0.511643
2402;0.20899;-0.931631;5.7699;1.06837;5.7699;-0.00134057;6.70287;-0.433145;0.511837
2403;0.20899;-0.931631;5.7699;1.06837;5.7699;-0.00134057;6.70287;-0.433335;0.512031
2404;0.20899;-0.931631;5.7699;1.06837;5.7699;-0.00134057;6.70287;-0.433525;0.512224
2405;0.20899;-0.931631;5.7699;1.06837;5.7699;-0.00134057;6.70287;-0.433714;0.512418
2406;0.20899;-0.931631;5.7699;1.06837;5.7699;-0.00134057;6.70287;-0.433904;0.512611
2407;0.20899;-0.931631;5.7699;1.06837;5.7699;-0.00134057;6.70287;-0.434094;0.512805
2408;0.20899;-0.931631;5.7699;1.06837;5.7699;-0.00134057;6.70287;-0.434283;0.512998
2409;0.20899;-0.931631;5.7699;1.06837;5.7699;-0.00134057;6.70287;-0.434473;0.513192
2410;0.20899;-0.931631;5.7699;1.06837;5.7699;-0.00134057;6.70287;-0.434663;0.513385
2411;0.20899;-0.931631;5.7699;1.06837;5.7699;-0.00134057;6.70287;-0.434852;0.513579
2412;0.20899;-0.931631;5.7699;1.06837;5.7699;-0.00134057;6.70287;-0.435042;0.513773
2413;0.20899;-0.931631;5.7699;1.06837;5.7699;-0.00134057;6.70287;-0.435232;0.513966
2414;0.208991;-0.931631;5.7699;1.06837;5.7699;-0.00134057;6.70287;-0.435422;0.51416
2415;0.208991;-0.931631;5.7699;1.06837;5.7699;-0.00134057;6.70287;-0.435611;0.514353
2416;0.208991;-0.931631;5.7699;1.06837;5.7699;-0.00134057;6.70287;-0.435801;0.514547
2417;0.208991;-0.931631;5.7699;1.06837;5.7699;-0.00134057;6.70287;-0.435991;0.51474
2418;0.208991;-0.931631;5.7699;1.06837;5.7699;-0.00134057;6.70287;-0.43618;0.514934
2419;0.208991;-0.931631;5.7699;1.06837;5.7699;-0.00134057;6.70287;-0.43637;0.515128
2420;0.208991;-0.931631;5.7699;1.06837;5.7699;-0.00134057;6.70287;-0.43656;0.515321
2421;0.208991;-0.931631;5.7699;1.06837;5.7699;-0.00134057;6.70287;-0.436749;0.515515
2422;0.208991;-0.931631;5.7699;1.06837;5.7699;-0.00134057;6.70287;-0.436939;0.515708
2423;0.208991;-0.931631;5.7699;1.06837;5.7699;-0.00134057;6.70287;-0.437129;0.515902
2424;0.208991;-0.931631;5.7699;1.06837;5.7699;-0.00134057;6.70287;-0.437318;0.516095
2425;0.208991;-0.931631;5.7699;1.06837;5.7699;-0.00134057;6.70287;-0.437508;0.516289
2426;0.208991;-0.931631;5.7699;1.06837;5.7699;-0.00134057;6.70287;-0.437698;0.516482
2427;0.208991;-0.931631;5.7699;1.06837;5.7699;-0.00134057;6.70287;-0.437888;0.516676
2428;0.208991;-0.931631;5.7699;1.06837;5.7699;-0.00134057;6.70287;-0.438077;0.51687
2429;0.208991;-0.931631;5.7699;1.06837;5.7699;-0.00134057;6.70287;-0.438267;0.517063
2430;0.208991;-0.931631;5.7699;1.06837;5.7699;-0.00134057;6.70287;-0.438457;0.517257
2431;0.208991;-0.931631;5.7699;1.06837;5.7699;-0.00134057;6.70287;-0.438646;0.51745
2432;0.208991;-0.931631;5.7699;1.06837;5.7699;-0.00134057;6.70287;-0.438836;0.517644
2433;0.208991;-0.931631;5.7699;1.06837;5.7699;-0.00134057;6.70287;-0.439026;0.517837
2434;0.208991;-0.931631;5.7699;1.06837;5.7699;-0.00134057;6.70287;-0.439215;0.518031
2435;0.208991;-0.931631;5.7699;1.06837;5.7699;-0.00134057;6.70287;-0.439405;0.518224
2436;0.208991;-0.931631;5.7699;1.06837;5.7699;-0.00134057;6.70287;-0.439595;0.518418
2437;0.208991;-0.931631;5.7699;1.06837;5.7699;-0.00134057;6.70287;-0.439784;0.518612
2438;0.208991;-0.931631;5.7699;1.06837;5.7699;-0.00134057;6.70287;-0.439974;0.518805
2439;0.208991;-0.931631;5.7699;1.06837;5.7699;-0.00134057;6.70287;-0.440164;0.518999
2440;0.208991;-0.931631;5.7699;1.06837;5.7699;-0.00134057;6.70287;-0.440354;0.519192
2441;0.208991;-0.931631;5.7699;1.06837;5.7699;-0.00134057;6.70287;-0.440543;0.519386
2442;0.208991;-0.931631;5.7699;1.06837;5.7699;-0.00134057;6.70287;-0.440733;0.519579
2443;0.208991;-0.931631;5.7699;1.06837;5.7699;-0.00134057;6.70287;-0.440923;0.519773
2444;0.208991;-0.931631;5.7699;1.06837;5.7699;-0.00134057;6.70287;-0.441112;0.519966
2445;0.208991;-0.931631;5.7699;1.06837;5.7699;-0.00134057;6.70287;-0.441302;0.52016
2446;0.208991;-0.931631;5.7699;1.06837;5.7699;-0.00134057;6.70287;-0.441492;0.520354
2447;0.208991;-0.931631;5.7699;1.06837;5.7699;-0.00134057;6.70287;-0.441681;0.520547
2448;0.208991;-0.931631;5.7699;1.06837;5.7699;-0.00134057;6.70287;-0.441871;0.520741
2449;0.208991;-0.931631;5.76989;1.06837;5.76989;-0.00134057;6.70287;-0.442061;0.520934
2450;0.208991;-0.931631;5.76989;1.06837;5.76989;-0.00134057;6.70287;-0.44225;0.521128
2451;0.208991;-0.931631;5.76989;1.06837;5.76989;-0.00134057;6.70287;-0.44244;0.521321
2452;0.208991;-0.931631;5.76989;1.06837;5.76989;-0.00134057;6.70287;-0.44263;0.521515
2453;0.208991;-0.931631;5.76989;1.06837;5.76989;-0.00134057;6.70287;-0.44282;0.521708
2454;0.208991;-0.931631;5.76989;1.06837;5.76989;-0.00134057;6.70287;-0.443009;0.521902
2455;0.208991;-0.931631;5.76989;1.06837;5.76989;-0.00134057;6.70287;-0.443199;0.522096
2456;0.208991;-0.931631;5.76989;1.06837;5.76989;-0.00134057;6.70287;-0.443389;0.522289
2457;0.208991;-0.931631;5.76989;1.06837;5.76989;-0.00134057;6.70287;-0.443578;0.522483
2458;0.208991;-0.931631;5.76989;1.06837;5.76989;-0.00134057;6.70287;-0.443768;0.522676
2459;0.208991;-0.931631;5.76989;1.06837;5.76989;-0.00134057;6.70287;-0.443958;0.52287
2460;0.208991;-0.931631;5.76989;1.06837;5.76989;-0.00134057;6.70287;-0.444147;0.523063
2461;0.208991;-0.931631;5.76989;1.06837;5.76989;-0.00134057;6.70287;-0.444337;0.523257
2462;0.208991;-0.931631;5.76989;1.06837;5.76989;-0.00134057;6.70287;-0.444527;0.523451
2463;0.208991;-0.931631;5.76989;1.06837;5.76989;-0.00134057;6.70287;-0.444716;0.523644
2464;0.208991;-0.931631;5.76989;1.06837;5.76989;-0.00134057;6.70287;-0.444906;0.523838
2465;0.208991;-0.931631;5.76989;1.06837;5.76989;-0.00134057;6.70287;-0.445096;0.524031
2466;0.208991;-0.931631;5.76989;1.06837;5.76989;-0.00134057;6.70287;-0.445285;0.524225
2467;0.208991;-0.931631;5.76989;1.06837;5.76989;-0.00134057;6.70287;-0.445475;0.524418
2468;0.208991;-0.931631;5.76989;1.06837;5.76989;-0.00134057;6.70287;-0.445665;0.524612
2469;0.208991;-0.931631;5.76989;1.06837;5.76989;-0.00134057;6.70287;-0.445855;0.524805
2470;0.208991;-0.931631;5.76989;1.06837;5.76989;-0.00134057;6.70287;-0.446044;0.524999
2471;0.208991;-0.931631;5.76989;1.06837;5.76989;-0.00134057;6.70287;-0.446234;0.525193
2472;0.208991;-0.931631;5.76989;1.06837;5.76989;-0.00134057;6.70287;-0.446424;0.525386
2473;0.208991;-0.931631;5.76989;1.06837;5.76989;-0.00134057;6.70287;-0.446613;0.52558
2474;0.208991;-0.931631;5.76989;1.06837;5.76989;-0.00134057;6.70287;-0.446803;0.525773
2475;0.208991;-0.931631;5.76989;1.06837;5.76989;-0.00134057;6.70287;-0.446993;0.525967
2476;0.208991;-0.931631;5.76989;1.06837;5.76989;-0.00134057;6.70287;-0.447182;0.52616
2477;0.208991;-0.931631;5.76989;1.06837;5.76989;-0.00134057;6.70287;-0.447372;0.526354
2478;0.208991;-0.931631;5.76989;1.06837;5.76989;-0.00134057;6.70287;-0.447562;0.526547
2479;0.208991;-0.931631;5.76989;1.06837;5.76989;-0.00134057;6.70287;-0.447751;0.526741
2480;0.208991;-0.931631;5.76989;1.06837;5.76989;-0.00134057;6.70286;-0.447941;0.526935
2481;0.208991;-0.931631;5.76989;1.06837;5.76989;-0.00134057;6.70286;-0.448131;0.527128
2482;0.208991;-0.931631;5.76989;1.06837;5.76989;-0.00134057;6.70286;-0.448321;0.527322
2483;0.208991;-0.931631;5.76989;1.06837;5.76989;-0.00134057;6.70286;-0.44851;0.527515
2484;0.208991;-0.931631;5.76989;1.06837;5.76989;-0.00134057;6.70286;-0.4487;0.527709
2485;0.208991;-0.931631;5.76989;1.06837;5.76989;-0.00134057;6.70286;-0.44889;0.527902
2486;0.208991;-0.931631;5.76989;1.06837;5.76989;-0.00134057;6.70286;-0.449079;0.528096
2487;0.208991;-0.931631;5.76989;1.06837;5.76989;-0.00134057;6.70286;-0.449269;0.528289
2488;0.208991;-0.931631;5.76989;1.06837;5.76989;-0.00134057;6.70286;-0.449459;0.528483
2489;0.208991;-0.931631;5.76989;1.06837;5.76989;-0.00134057;6.70286;-0.449648;0.528677
2490;0.208991;-0.931631;5.76989;1.06837;5.76989;-0.00134057;6.70286;-0.449838;0.52887
2491;0.208991;-0.931631;5.76989;1.06837;5.76989;-0.00134057;6.70286;-0.450028;0.529064
2492;0.208991;-0.931631;5.76989;1.06837;5.76989;-0.00134057;6.70286;-0.450217;0.529257
2493;0.208991;-0.931631;5.76989;1.06837;5.76989;-0.00134057;6.70286;-0.450407;0.529451
2494;0.208991;-0.931631;5.76989;1.06837;5.76989;-0.00134057;6.70286;-0.450597;0.529644
2495;0.208991;-0.931631;5.76989;1.06837;5.76989;-0.00134057;6.70286;-0.450787;0.529838
2496;0.208991;-0.931631;5.76989;1.06837;5.76989;-0.00134057;6.70286;-0.450976;0.530031
2497;0.208991;-0.931631;5.76989;1.06837;5.76989;-0.00134057;6.70286;-0.451166;0.530225
2498;0.208991;-0.931631;5.76989;1.06837;5.76989;-0.00134057;6.70286;-0.451356;0.530419
2499;0.208991;-0.931631;5.76989;1.06837;5.76989;-0.00134057;6.70286;-0.451545;0.530612
2500;0.208991;-0.931631;5.76989;1.06837;5.76989;-0.00134057;6.70286;-0.451735;0.530806
2501;0.208991;-0.931631;5.76989;1.06837;5.76989;-0.00134057;6.70286;-0.451925;0.530999
2502;0.208991;-0.931631;5.76989;1.06837;5.76989;-0.00134057;6.70286;-0.452114;0.531193
2503;0.208991;-0.931631;5.76989;1.06837;5.76989;-0.00134057;6.70286;-0.452304;0.531386
2504;0.208991;-0.931631;5.76989;1.06837;5.76989;-0.00134057;6.70286;-0.452494;0.53158
2505;0.208991;-0.931631;5.76989;1.06837;5.76989;-0.00134057;6.70286;-0.452683;0.531774
2506;0.208991;-0.931631;5.76989;1.06837;5.76989;-0.00134057;6.70286;-0.452873;0.531967
2507;0.208991;-0.931631;5.76989;1.06837;5.76989;-0.00134057;6.70286;-0.453063;0.532161
2508;0.208991;-0.931631;5.76989;1.06837;5.76989;-0.00134057;6.70286;-0.453253;0.532354
2509;0.208991;-0.931631;5.76989;1.06837;5.76989;-0.00134057;6.70286;-0.453442;0.532548
2510;0.208991;-0.931631;5.76989;1.06837;5.76989;-0.00134057;6.70286;-0.453632;0.532741
2511;0.208991;-0.931631;5.76989;1.06837;5.76989;-0.00134057;6.70286;-0.453822;0.532935
2512;0.208991;-0.931631;5.76989;1.06837;5.76989;-0.00134057;6.70286;-0.454011;0.533128
2513;0.208991;-0.931631;5.76989;1.06837;5.76989;-0.00134057;6.70286;-0.454201;0.533322
2514;0.208991;-0.931631;5.76989;1.06837;5.76989;-0.00134057;6.70286;-0.454391;0.533516
2515;0.208991;-0.931631;5.76989;1.06837;5.76989;-0.00134057;6.70286;-0.45458;0.533709
2516;0.208991;-0.931631;5.76989;1.06837;5.76989;-0.00134057;6.70286;-0.45477;0.533903
2517;0.208991;-0.931631;5.76989;1.06837;5.76989;-0.00134057;6.70286;-0.45496;0.534096
2518;0.208991;-0.931631;5.76989;1.06837;5.76989;-0.00134057;6.70286;-0.455149;0.53429
2519;0.208991;-0.931631;5.76989;1.06837;5.76989;-0.00134057;6.70286;-0.455339;0.534483
2520;0.208991;-0.931631;5.76989;1.06837;5.76989;-0.00134057;6.70286;-0.455529;0.534677
2521;0.208991;-0.931631;5.76989;1.06837;5.76989;-0.00134057;6.70286;-0.455719;0.53487
2522;0.208991;-0.931631;5.76989;1.06837;5.76989;-0.00134057;6.70286;-0.455908;0.535064
2523;0.208991;-0.931631;5.76989;1.06837;5.76989;-0.00134057;6.70286;-0.456098;0.535258
2524;0.208991;-0.931631;5.76989;1.06837;5.76989;-0.00134057;6.70286;-0.456288;0.535451
2525;0.208991;-0.931631;5.76989;1.06837;5.76989;-0.00134057;6.70286;-0.456477;0.535645
2526;0.208991;-0.931631;5.76989;1.06837;5.76989;-0.00134057;6.70286;-0.456667;0.535838
2527;0.208991;-0.931631;5.76989;1.06837;5.76989;-0.00134057;6.70286;-0.456857;0.536032
2528;0.208991;-0.931631;5.76989;1.06837;5.76989;-0.00134057;6.70286;-0.457046;0.536225
2529;0.208991;-0.931631;5.76989;1.06837;5.76989;-0.00134057;6.70286;-0.457236;0.536419
2530;0.208991;-0.931631;5.76989;1.06837;5.76989;-0.00134057;6.70286;-0.457426;0.536612
2531;0.208991;-0.931631;5.76989;1.06837;5.76989;-0.00134057;6.70286;-0.457615;0.536806
2532;0.208991;-0.931631;5.76989;1.06837;5.76989;-0.00134057;6.70286;-0.457805;0.537
2533;0.208991;-0.931631;5.76989;1.06837;5.76989;-0.00134057;6.70286;-0.457995;0.537193
2534;0.208991;-0.931631;5.76989;1.06837;5.76989;-0.00134057;6.70286;-0.458185;0.537387
2535;0.208991;-0.931631;5.76989;1.06837;5.76989;-0.00134057;6.70286;-0.458374;0.53758
2536;0.208991;-0.931631;5.76989;1.06837;5.76989;-0.00134057;6.70286;-0.458564;0.537774
2537;0.208991;-0.931631;5.76989;1.06837;5.76989;-0.00134057;6.70286;-0.458754;0.537967
2538;0.208991;-0.931631;5.76989;1.06837;5.76989;-0.00134057;6.70286;-0.458943;0.538161
2539;0.208991;-0.931631;5.76989;1.06837;5.76989;-0.00134057;6.70286;-0.459133;0.538354
2540;0.208991;-0.931631;5.76989;1.06837;5.76989;-0.00134057;6.70286;-0.459323;0.538548
2541;0.208991;-0.931631;5.76989;1.06837;5.76989;-0.00134057;6.70286;-0.459512;0.538742
2542;0.208991;-0.931631;5.76989;1.06837;5.76989;-0.00134057;6.70286;-0.459702;0.538935
2543;0.208991;-0.931631;5.76989;1.06837;5.76989;-0.00134057;6.70286;-0.459892;0.539129
2544;0.208991;-0.931631;5.76989;1.06837;5.76989;-0.00134057;6.70286;-0.460081;0.539322
2545;0.208991;-0.931631;5.76989;1.06837;5.76989;-0.00134057;6.70286;-0.460271;0.539516
2546;0.208991;-0.931631;5.76989;1.06837;5.76989;-0.00134057;6.70286;-0.460461;0.539709
2547;0.208991;-0.931631;5.76989;1.06837;5.76989;-0.00134057;6.70286;-0.460651;0.539903
2548;0.208991;-0.931631;5.76989;1.06837;5.76989;-0.00134057;6.70286;-0.46084;0.540096
2549;0.208991;-0.931631;5.76989;1.06837;5.76989;-0.00134057;6.70286;-0.46103;0.54029
2550;0.208991;-0.931631;5.76989;1.06837;5.76989;-0.00134057;6.70286;-0.46122;0.540484
2551;0.208991;-0.931631;5.76989;1.06837;5.76989;-0.00134057;6.70286;-0.461409;0.540677
2552;0.208991;-0.931631;5.76989;1.06837;5.76989;-0.00134057;6.70286;-0.461599;0.540871
2553;0.208991;-0.931631;5.76989;1.06837;5.76989;-0.00134057;6.70286;-0.461789;0.541064
2554;0.208991;-0.931631;5.76989;1.06837;5.76989;-0.00134057;6.70286;-0.461978;0.541258
2555;0.208991;-0.931631;5.76989;1.06837;5.76989;-0.00134057;6.70286;-0.462168;0.541451
2556;0.208991;-0.931631;5.76989;1.06837;5.76989;-0.00134057;6.70286;-0.462358;0.541645
2557;0.208991;-0.931631;5.76989;1.06837;5.76989;-0.00134057;6.70286;-0.462547;0.541839
2558;0.208991;-0.931631;5.76989;1.06837;5.76989;-0.00134057;6.70286;-0.462737;0.542032
2559;0.208991;-0.931631;5.76989;1.06837;5.76989;-0.00134057;6.70286;-0.462927;0.542226
2560;0.208991;-0.931631;5.76989;1.06837;5.76989;-0.00134057;6.70286;-0.463117;0.542419
2561;0.208991;-0.931631;5.76989;1.06837;5.76989;-0.00134057;6.70286;-0.463306;0.542613
2562;0.208991;-0.931631;5.76989;1.06837;5.76989;-0.00134057;6.70286;-0.463496;0.542806
2563;0.208991;-0.931631;5.76989;1.06837;5.76989;-0.00134057;6.70286;-0.463686;0.543
2564;0.208991;-0.931631;5.76989;1.06837;5.76989;-0.00134057;6.70286;-0.463875;0.543193
2565;0.208991;-0.931631;5.76989;1.06837;5.76989;-0.00134057;6.70286;-0.464065;0.543387
2566;0.208991;-0.931631;5.76989;1.06837;5.76989;-0.00134057;6.70286;-0.464255;0.543581
2567;0.208991;-0.931631;5.76989;1.06837;5.76989;-0.00134057;6.70286;-0.464444;0.543774
2568;0.208991;-0.931631;5.76989;1.06837;5.76989;-0.00134057;6.70286;-0.464634;0.543968
2569;0.208991;-0.931631;5.76989;1.06837;5.76989;-0.00134057;6.70286;-0.464824;0.544161
2570;0.208991;-0.931631;5.76989;1.06837;5.76989;-0.00134057;6.70286;-0.465013;0.544355
2571;0.208991;-0.931631;5.76989;1.06837;5.76989;-0.00134057;6.70286;-0.465203;0.544548
2572;0.208991;-0.931631;5.76989;1.06837;5.76989;-0.00134057;6.70286;-0.465393;0.544742
2573;0.208991;-0.931631;5.76989;1.06837;5.76989;-0.00134057;6.70286;-0.465582;0.544935
2574;0.208991;-0.931631;5.76989;1.06837;5.76989;-0.00134057;6.70286;-0.465772;0.545129
2575;0.208991;-0.931631;5.76989;1.06837;5.76989;-0.00134057;6.70286;-0.465962;0.545323
2576;0.208991;-0.931631;5.76989;1.06837;5.76989;-0.00134057;6.70286;-0.466152;0.545516
2577;0.208991;-0.931631;5.76989;1.06837;5.76989;-0.00134057;6.70286;-0.466341;0.54571
2578;0.208991;-0.931631;5.76989;1.06837;5.76989;-0.00134057;6.70286;-0.466531;0.545903
2579;0.208991;-0.931631;5.76989;1.06837;5.76989;-0.00134057;6.70286;-0.466721;0.546097
2580;0.208991;-0.931631;5.76989;1.06837;5.76989;-0.00134057;6.70286;-0.46691;0.54629
2581;0.208991;-0.931631;5.76989;1.06837;5.76989;-0.00134057;6.70286;-0.4671;0.546484
2582;0.208991;-0.931631;5.76989;1.06837;5.76989;-0.00134057;6.70286;-0.46729;0.546677
2583;0.208991;-0.931631;5.76989;1.06837;5.76989;-0.00134057;6.70286;-0.467479;0.546871
2584;0.208991;-0.931631;5.76989;1.06837;5.76989;-0.00134057;6.70286;-0.467669;0.547065
2585;0.208991;-0.931631;5.76989;1.06837;5.76989;-0.00134057;6.70286;-0.467859;0.547258
2586;0.208991;-0.931631;5.76989;1.06837;5.76989;-0.00134057;6.70286;-0.468048;0.547452
2587;0.208991;-0.931631;5.76989;1.06837;5.76989;-0.00134057;6.70286;-0.468238;0.547645
2588;0.208991;-0.931631;5.76989;1.06837;5.76989;-0.00134057;6.70286;-0.468428;0.547839
2589;0.208991;-0.931631;5.76989;1.06837;5.76989;-0.00134057;6.70286;-0.468618;0.548032
2590;0.208991;-0.931631;5.76989;1.06837;5.76989;-0.00134057;6.70286;-0.468807;0.548226
2591;0.208991;-0.931631;5.76989;1.06837;5.76989;-0.00134057;6.70286;-0.468997;0.548419
2592;0.208991;-0.931631;5.76989;1.06837;5.76989;-0.00134057;6.70286;-0.469187;0.548613
2593;0.208991;-0.931631;5.76989;1.06837;5.76989;-0.00134057;6.70286;-0.469376;0.548807
2594;0.208991;-0.931631;5.76989;1.06837;5.76989;-0.00134057;6.70286;-0.469566;0.549
2595;0.208991;-0.931631;5.76989;1.06837;5.76989;-0.00134057;6.70286;-0.469756;0.549194
2596;0.208991;-0.931631;5.76989;1.06837;5.76989;-0.00134057;6.70286;-0.469945;0.549387
2597;0.208991;-0.931631;5.76989;1.06837;5.76989;-0.00134057;6.70286;-0.470135;0.549581
2598;0.208991;-0.931631;5.76989;1.06837;5.76989;-0.00134057;6.70286;-0.470325;0.549774
2599;0.208991;-0.931631;5.76989;1.06837;5.76989;-0.00134057;6.70286;-0.470514;0.549968
2600;0.208991;-0.931631;5.76989;1.06837;5.76989;-0.00134057;6.70286;-0.470704;0.550162
2601;0.208991;-0.931631;5.76989;1.06837;5.76989;-0.00134057;6.70286;-0.470894;0.550355
2602;0.208991;-0.931631;5.76989;1.06837;5.76989;-0.00134057;6.70286;-0.471084;0.550549
2603;0.208991;-0.931631;5.76989;1.06837;5.76989;-0.00134057;6.70286;-0.471273;0.550742
2604;0.208991;-0.931631;5.76989;1.06837;5.76989;-0.00134057;6.70286;-0.471463;0.550936
2605;0.208991;-0.931631;5.76989;1.06837;5.76989;-0.00134057;6.70286;-0.471653;0.551129
2606;0.208991;-0.931631;5.76989;1.06837;5.76989;-0.00134057;6.70286;-0.471842;0.551323
2607;0.208991;-0.931631;5.76989;1.06837;5.76989;-0.00134057;6.70286;-0.472032;0.551516
2608;0.208991;-0.931631;5.76989;1.06837;5.76989;-0.00134057;6.70286;-0.472222;0.55171
2609;0.208991;-0.931631;5.76989;1.06837;5.76989;-0.00134057;6.70286;-0.472411;0.551904
2610;0.208991;-0.931631;5.76989;1.06837;5.76989;-0.00134057;6.70286;-0.472601;0.552097
2611;0.208991;-0.931631;5.76989;1.06837;5.76989;-0.00134057;6.70286;-0.472791;0.552291
2612;0.208991;-0.931631;5.76989;1.06837;5.76989;-0.00134057;6.70286;-0.47298;0.552484
2613;0.208991;-0.931631;5.76989;1.06837;5.76989;-0.00134057;6.70286;-0.47317;0.552678
2614;0.208991;-0.931631;5.76989;1.06837;5.76989;-0.00134057;6.70286;-0.47336;0.552871
2615;0.208991;-0.931631;5.76989;1.06837;5.76989;-0.00134057;6.70286;-0.47355;0.553065
2616;0.208991;-0.931631;5.76989;1.06837;5.76989;-0.00134057;6.70286;-0.473739;0.553258
2617;0.208991;-0.931631;5.76989;1.06837;5.76989;-0.00134057;6.70286;-0.473929;0.553452
2618;0.208991;-0.931631;5.76989;1.06837;5.76989;-0.00134057;6.70286;-0.474119;0.553646
2619;0.208991;-0.931631;5.76989;1.06837;5.76989;-0.00134057;6.70286;-0.474308;0.553839
2620;0.208991;-0.931631;5.76989;1.06837;5.76989;-0.00134057;6.70286;-0.474498;0.554033
2621;0.208991;-0.931631;5.76989;1.06837;5.76989;-0.00134057;6.70286;-0.474688;0.554226
2622;0.208991;-0.931631;5.76989;1.06837;5.76989;-0.00134057;6.70286;-0.474877;0.55442
2623;0.208991;-0.931631;5.76989;1.06837;5.76989;-0.00134057;6.70286;-0.475067;0.554613
2624;0.208991;-0.931631;5.76989;1.06837;5.76989;-0.00134057;6.70286;-0.475257;0.554807
2625;0.208991;-0.931631;5.76989;1.06837;5.76989;-0.00134057;6.70286;-0.475446;0.555
2626;0.208991;-0.931631;5.76989;1.06837;5.76989;-0.00134057;6.70286;-0.475636;0.555194
2627;0.208991;-0.931631;5.76989;1.06837;5.76989;-0.00134057;6.70286;-0.475826;0.555388
2628;0.208991;-0.931631;5.76989;1.06837;5.76989;-0.00134057;6.70286;-0.476016;0.555581
2629;0.208991;-0.931631;5.76989;1.06837;5.76989;-0.00134057;6.70286;-0.476205;0.555775
2630;0.208991;-0.931631;5.76989;1.06837;5.76989;-0.00134057;6.70286;-0.476395;0.555968
2631;0.208991;-0.931631;5.76989;1.06837;5.76989;-0.00134057;6.70286;-0.476585;0.556162
2632;0.208991;-0.931631;5.76989;1.06837;5.76989;-0.00134057;6.70286;-0.476774;0.556355
2633;0.208991;-0.931631;5.76989;1.06837;5.76989;-0.00134057;6.70286;-0.476964;0.556549
2634;0.208991;-0.931631;5.76989;1.06837;5.76989;-0.00134057;6.70286;-0.477154;0.556742
2635;0.208991;-0.931631;5.76989;1.06837;5.76989;-0.00134057;6.70286;-0.477343;0.556936
2636;0.208991;-0.931631;5.76989;1.06837;5.76989;-0.00134057;6.70286;-0.477533;0.55713
2637;0.208991;-0.931631;5.76989;1.06837;5.76989;-0.00134057;6.70286;-0.477723;0.557323
2638;0.208991;-0.931631;5.76989;1.06837;5.76989;-0.00134057;6.70286;-0.477912;0.557517
2639;0.208991;-0.931631;5.76989;1.06837;5.76989;-0.00134057;6.70286;-0.478102;0.55771
2640;0.208991;-0.931631;5.76989;1.06837;5.76989;-0.00134057;6.70286;-0.478292;0.557904
2641;0.208991;-0.931631;5.76989;1.06837;5.76989;-0.00134057;6.70286;-0.478482;0.558097
2642;0.208991;-0.931631;5.76989;1.06837;5.76989;-0.00134057;6.70286;-0.478671;0.558291
2643;0.208991;-0.931631;5.76989;1.06837;5.76989;-0.00134057;6.70286;-0.478861;0.558484
2644;0.208991;-0.931631;5.76989;1.06837;5.76989;-0.00134057;6.70286;-0.479051;0.558678
2645;0.208991;-0.931631;5.76989;1.06837;5.76989;-0.00134057;6.70286;-0.47924;0.558872
2646;0.208991;-0.931631;5.76989;1.06837;5.76989;-0.00134057;6.70286;-0.47943;0.559065
2647;0.208991;-0.931631;5.76989;1.06837;5.76989;-0.00134057;6.70286;-0.47962;0.559259
2648;0.208991;-0.931631;5.76989;1.06837;5.76989;-0.00134057;6.70286;-0.479809;0.559452
2649;0.208991;-0.931631;5.76989;1.06837;5.76989;-0.00134057;6.70286;-0.479999;0.559646
2650;0.208991;-0.931631;5.76989;1.06837;5.76989;-0.00134057;6.70286;-0.480189;0.559839
2651;0.208991;-0.931631;5.76989;1.06837;5.76989;-0.00134057;6.70286;-0.480378;0.560033
2652;0.208991;-0.931631;5.76989;1.06837;5.76989;-0.00134057;6.70286;-0.480568;0.560227
2653;0.208991;-0.931631;5.76989;1.06837;5.76989;-0.00134057;6.70286;-0.480758;0.56042
2654;0.208991;-0.931631;5.76989;1.06837;5.76989;-0.00134057;6.70286;-0.480947;0.560614
2655;0.208991;-0.931631;5.76989;1.06837;5.76989;-0.00134057;6.70286;-0.481137;0.560807
2656;0.208991;-0.931631;5.76989;1.06837;5.76989;-0.00134057;6.70286;-0.481327;0.561001
2657;0.208991;-0.931631;5.76989;1.06837;5.76989;-0.00134057;6.70286;-0.481517;0.561194
2658;0.208991;-0.931631;5.76989;1.06837;5.76989;-0.00134057;6.70286;-0.481706;0.561388
2659;0.208991;-0.931631;5.76989;1.06837;5.76989;-0.00134057;6.70286;-0.481896;0.561581
2660;0.208991;-0.931631;5.76989;1.06837;5.76989;-0.00134057;6.70286;-0.482086;0.561775
2661;0.208991;-0.931631;5.76989;1.06837;5.76989;-0.00134057;6.70286;-0.482275;0.561969
2662;0.208991;-0.931631;5.76989;1.06837;5.76989;-0.00134057;6.70286;-0.482465;0.562162
2663;0.208991;-0.931631;5.76989;1.06837;5.76989;-0.00134057;6.70286;-0.482655;0.562356
2664;0.208991;-0.931631;5.76989;1.06837;5.76989;-0.00134057;6.70286;-0.482844;0.562549
2665;0.208991;-0.931631;5.76989;1.06837;5.76989;-0.00134057;6.70286;-0.483034;0.562743
2666;0.208991;-0.931631;5.76989;1.06837;5.76989;-0.00134057;6.70286;-0.483224;0.562936
2667;0.208991;-0.931631;5.76989;1.06837;5.76989;-0.00134057;6.70286;-0.483413;0.56313
2668;0.208991;-0.931631;5.76989;1.06837;5.76989;-0.00134057;6.70286;-0.483603;0.563323
2669;0.208991;-0.931631;5.76989;1.06837;5.76989;-0.00134057;6.70286;-0.483793;0.563517
2670;0.208991;-0.931631;5.76989;1.06837;5.76989;-0.00134057;6.70286;-0.483983;0.563711
2671;0.208991;-0.931631;5.76989;1.06837;5.76989;-0.00134057;6.70286;-0.484172;0.563904
2672;0.208991;-0.931631;5.76989;1.06837;5.76989;-0.00134057;6.70286;-0.484362;0.564098
2673;0.208991;-0.931631;5.76989;1.06837;5.76989;-0.00134057;6.70286;-0.484552;0.564291
2674;0.208991;-0.931631;5.76989;1.06837;5.76989;-0.00134057;6.70286;-0.484741;0.564485
2675;0.208991;-0.931631;5.76989;1.06837;5.76989;-0.00134057;6.70286;-0.484931;0.564678
2676;0.208991;-0.931631;5.76989;1.06837;5.76989;-0.00134057;6.70286;-0.485121;0.564872
2677;0.208991;-0.931631;5.76989;1.06837;5.76989;-0.00134057;6.70286;-0.48531;0.565065
2678;0.208991;-0.931631;5.76989;1.06837;5.76989;-0.00134057;6.70286;-0.4855;0.565259
2679;0.208991;-0.931631;5.76988;1.06837;5.76988;-0.00134057;6.70286;-0.48569;0.565453
2680;0.208991;-0.931631;5.76988;1.06837;5.76988;-0.00134057;6.70286;-0.485879;0.565646
2681;0.208991;-0.931631;5.76988;1.06837;5.76988;-0.00134057;6.70286;-0.486069;0.56584
2682;0.208991;-0.931631;5.76988;1.06837;5.76988;-0.00134057;6.70286;-0.486259;0.566033
2683;0.208991;-0.931631;5.76988;1.06837;5.76988;-0.00134057;6.70286;-0.486449;0.566227
2684;0.208991;-0.931631;5.76988;1.06837;5.76988;-0.00134057;6.70286;-0.486638;0.56642
2685;0.208991;-0.931631;5.76988;1.06837;5.76988;-0.00134057;6.70286;-0.486828;0.566614
2686;0.208991;-0.931631;5.76988;1.06837;5.76988;-0.00134057;6.70286;-0.487018;0.566807
2687;0.208991;-0.931631;5.76988;1.06837;5.76988;-0.00134057;6.70286;-0.487207;0.567001
2688;0.208991;-0.931631;5.76988;1.06837;5.76988;-0.00134057;6.70286;-0.487397;0.567195
2689;0.208991;-0.931631;5.76988;1.06837;5.76988;-0.00134057;6.70286;-0.487587;0.567388
2690;0.208991;-0.931631;5.76988;1.06837;5.76988;-0.00134057;6.70286;-0.487776;0.567582
2691;0.208991;-0.931631;5.76988;1.06837;5.76988;-0.00134057;6.70286;-0.487966;0.567775
2692;0.208991;-0.931631;5.76988;1.06837;5.76988;-0.00134057;6.70286;-0.488156;0.567969
2693;0.208991;-0.931631;5.76988;1.06837;5.76988;-0.00134057;6.70286;-0.488345;0.568162
2694;0.208991;-0.931631;5.76988;1.06837;5.76988;-0.00134057;6.70286;-0.488535;0.568356
2695;0.208991;-0.931631;5.76988;1.06837;5.76988;-0.00134057;6.70286;-0.488725;0.568549
2696;0.208991;-0.931631;5.76988;1.06837;5.76988;-0.00134057;6.70286;-0.488915;0.568743
2697;0.208991;-0.931631;5.76988;1.06837;5.76988;-0.00134057;6.70286;-0.489104;0.568937
2698;0.208991;-0.931631;5.76988;1.06837;5.76988;-0.00134057;6.70286;-0.489294;0.56913
2699;0.208991;-0.931631;5.76988;1.06837;5.76988;-0.00134057;6.70286;-0.489484;0.569324
2700;0.208991;-0.931631;5.76988;1.06837;5.76988;-0.00134057;6.70286;-0.489673;0.569517
2701;0.208991;-0.931631;5.76988;1.06837;5.76988;-0.00134057;6.70286;-0.489863;0.569711
2702;0.208991;-0.931631;5.76988;1.06837;5.76988;-0.00134057;6.70286;-0.490053;0.569904
2703;0.208991;-0.931631;5.76988;1.06837;5.76988;-0.00134057;6.70286;-0.490242;0.570098
2704;0.208991;-0.931631;5.76988;1.06837;5.76988;-0.00134057;6.70286;-0.490432;0.570292
2705;0.208991;-0.931631;5.76988;1.06837;5.76988;-0.00134057;6.70286;-0.490622;0.570485
2706;0.208991;-0.931631;5.76988;1.06837;5.76988;-0.00134057;6.70286;-0.490811;0.570679
2707;0.208991;-0.931631;5.76988;1.06837;5.76988;-0.00134057;6.70286;-0.491001;0.570872
2708;0.208991;-0.931631;5.76988;1.06837;5.76988;-0.00134057;6.70286;-0.491191;0.571066
2709;0.208991;-0.931631;5.76988;1.06837;5.76988;-0.00134057;6.70286;-0.491381;0.571259
2710;0.208991;-0.931631;5.76988;1.06837;5.76988;-0.00134057;6.70286;-0.49157;0.571453
2711;0.208991;-0.931631;5.76988;1.06837;5.76988;-0.00134057;6.70286;-0.49176;0.571646
2712;0.208991;-0.931631;5.76988;1.06837;5.76988;-0.00134057;6.70285;-0.49195;0.57184
2713;0.208991;-0.931631;5.76988;1.06837;5.76988;-0.00134057;6.70285;-0.492139;0.572034
2714;0.208991;-0.931631;5.76988;1.06837;5.76988;-0.00134057;6.70285;-0.492329;0.572227
2715;0.208991;-0.931631;5.76988;1.06837;5.76988;-0.00134057;6.70285;-0.492519;0.572421
2716;0.208991;-0.931631;5.76988;1.06837;5.76988;-0.00134057;6.70285;-0.492708;0.572614
2717;0.208991;-0.931631;5.76988;1.06837;5.76988;-0.00134057;6.70285;-0.492898;0.572808
2718;0.208991;-0.931631;5.76988;1.06837;5.76988;-0.00134057;6.70285;-0.493088;0.573001
2719;0.208991;-0.931631;5.76988;1.06837;5.76988;-0.00134057;6.70285;-0.493277;0.573195
2720;0.208991;-0.931631;5.76988;1.06837;5.76988;-0.00134057;6.70285;-0.493467;0.573388
2721;0.208991;-0.931631;5.76988;1.06837;5.76988;-0.00134057;6.70285;-0.493657;0.573582
2722;0.208991;-0.931631;5.76988;1.06837;5.76988;-0.00134057;6.70285;-0.493846;0.573776
2723;0.208991;-0.931631;5.76988;1.06837;5.76988;-0.00134057;6.70285;-0.494036;0.573969
2724;0.208991;-0.931631;5.76988;1.06837;5.76988;-0.00134057;6.70285;-0.494226;0.574163
2725;0.208991;-0.931631;5.76988;1.06837;5.76988;-0.00134057;6.70285;-0.494416;0.574356
2726;0.208991;-0.931631;5.76988;1.06837;5.76988;-0.00134057;6.70285;-0.494605;0.57455
2727;0.208991;-0.931631;5.76988;1.06837;5.76988;-0.00134057;6.70285;-0.494795;0.574743
2728;0.208991;-0.931631;5.76988;1.06837;5.76988;-0.00134057;6.70285;-0.494985;0.574937
2729;0.208991;-0.931631;5.76988;1.06837;5.76988;-0.00134057;6.70285;-0.495174;0.57513
2730;0.208991;-0.931631;5.76988;1.06837;5.76988;-0.00134057;6.70285;-0.495364;0.575324
2731;0.208991;-0.931631;5.76988;1.06837;5.76988;-0.00134057;6.70285;-0.495554;0.575518
2732;0.208991;-0.931631;5.76988;1.06837;5.76988;-0.00134057;6.70285;-0.495743;0.575711
2733;0.208991;-0.931631;5.76988;1.06837;5.76988;-0.00134057;6.70285;-0.495933;0.575905
2734;0.208991;-0.931631;5.76988;1.06837;5.76988;-0.00134057;6.70285;-0.496123;0.576098
2735;0.208991;-0.931631;5.76988;1.06837;5.76988;-0.00134057;6.70285;-0.496312;0.576292
2736;0.208991;-0.931631;5.76988;1.06837;5.76988;-0.00134057;6.70285;-0.496502;0.576485
2737;0.208991;-0.931631;5.76988;1.06837;5.76988;-0.00134057;6.70285;-0.496692;0.576679
2738;0.208991;-0.931631;5.76988;1.06837;5.76988;-0.00134057;6.70285;-0.496882;0.576872
2739;0.208991;-0.931631;5.76988;1.06837;5.76988;-0.00134057;6.70285;-0.497071;0.577066
2740;0.208991;-0.931631;5.76988;1.06837;5.76988;-0.00134057;6.70285;-0.497261;0.57726
2741;0.208991;-0.931631;5.76988;1.06837;5.76988;-0.00134057;6.70285;-0.497451;0.577453
2742;0.208991;-0.931631;5.76988;1.06837;5.76988;-0.00134057;6.70285;-0.49764;0.577647
2743;0.208991;-0.931631;5.76988;1.06837;5.76988;-0.00134057;6.70285;-0.49783;0.57784
2744;0.208991;-0.931631;5.76988;1.06837;5.76988;-0.00134057;6.70285;-0.49802;0.578034
2745;0.208991;-0.931631;5.76988;1.06837;5.76988;-0.00134057;6.70285;-0.498209;0.578227
2746;0.208991;-0.931631;5.76988;1.06837;5.76988;-0.00134057;6.70285;-0.498399;0.578421
2747;0.208991;-0.931631;5.76988;1.06837;5.76988;-0.00134057;6.70285;-0.498589;0.578614
2748;0.208991;-0.931631;5.76988;1.06837;5.76988;-0.00134057;6.70285;-0.498778;0.578808
2749;0.208991;-0.931631;5.76988;1.06837;5.76988;-0.00134057;6.70285;-0.498968;0.579002
2750;0.208991;-0.931631;5.76988;1.06837;5.76988;-0.00134057;6.70285;-0.499158;0.579195
2751;0.208991;-0.931631;5.76988;1.06837;5.76988;-0.00134057;6.70285;-0.499348;0.579389
2752;0.208991;-0.931631;5.76988;1.06837;5.76988;-0.00134057;6.70285;-0.499537;0.579582
2753;0.208991;-0.931631;5.76988;1.06837;5.76988;-0.00134057;6.70285;-0.499727;0.579776
2754;0.208991;-0.931631;5.76988;1.06837;5.76988;-0.00134057;6.70285;-0.499917;0.579969
2755;0.208991;-0.931631;5.76988;1.06837;5.76988;-0.00134057;6.70285;-0.500106;0.580163
2756;0.208991;-0.931631;5.76988;1.06837;5.76988;-0.00134057;6.70285;-0.500296;0.580357
2757;0.208991;-0.931631;5.76988;1.06837;5.76988;-0.00134057;6.70285;-0.500486;0.58055
2758;0.208991;-0.931631;5.76988;1.06837;5.76988;-0.00134057;6.70285;-0.500675;0.580744
2759;0.208991;-0.931631;5.76988;1.06837;5.76988;-0.00134057;6.70285;-0.500865;0.580937
2760;0.208991;-0.931631;5.76988;1.06837;5.76988;-0.00134057;6.70285;-0.501055;0.581131
2761;0.208991;-0.931631;5.76988;1.06837;5.76988;-0.00134057;6.70285;-0.501244;0.581324
2762;0.208991;-0.931631;5.76988;1.06837;5.76988;-0.00134057;6.70285;-0.501434;0.581518
2763;0.208991;-0.931631;5.76988;1.06837;5.76988;-0.00134057;6.70285;-0.501624;0.581711
2764;0.208991;-0.931631;5.76988;1.06837;5.76988;-0.00134057;6.70285;-0.501814;0.581905
2765;0.208991;-0.931631;5.76988;1.06837;5.76988;-0.00134057;6.70285;-0.502003;0.582099
2766;0.208991;-0.931631;5.76988;1.06837;5.76988;-0.00134057;6.70285;-0.502193;0.582292
2767;0.208991;-0.931631;5.76988;1.06837;5.76988;-0.00134057;6.70285;-0.502383;0.582486
2768;0.208991;-0.931631;5.76988;1.06837;5.76988;-0.00134057;6.70285;-0.502572;0.582679
2769;0.208991;-0.931631;5.76988;1.06837;5.76988;-0.00134057;6.70285;-0.502762;0.582873
2770;0.208991;-0.931631;5.76988;1.06837;5.76988;-0.00134057;6.70285;-0.502952;0.583066
2771;0.208991;-0.931631;5.76988;1.06837;5.76988;-0.00134057;6.70285;-0.503141;0.58326
2772;0.208991;-0.931631;5.76988;1.06837;5.76988;-0.00134057;6.70285;-0.503331;0.583453
2773;0.208991;-0.931631;5.76988;1.06837;5.76988;-0.00134057;6.70285;-0.503521;0.583647
2774;0.208991;-0.931631;5.76988;1.06837;5.76988;-0.00134057;6.70285;-0.50371;0.583841
2775;0.208991;-0.931631;5.76988;1.06837;5.76988;-0.00134057;6.70285;-0.5039;0.584034
2776;0.208991;-0.931631;5.76988;1.06837;5.76988;-0.00134057;6.70285;-0.50409;0.584228
2777;0.208991;-0.931631;5.76988;1.06837;5.76988;-0.00134057;6.70285;-0.50428;0.584421
2778;0.208991;-0.931631;5.76988;1.06837;5.76988;-0.00134057;6.70285;-0.504469;0.584615
2779;0.208991;-0.931631;5.76988;1.06837;5.76988;-0.00134057;6.70285;-0.504659;0.584808
2780;0.208991;-0.931631;5.76988;1.06837;5.76988;-0.00134057;6.70285;-0.504849;0.585002
2781;0.208991;-0.931631;5.76988;1.06837;5.76988;-0.00134057;6.70285;-0.505038;0.585195
2782;0.208991;-0.931631;5.76988;1.06837;5.76988;-0.00134057;6.70285;-0.505228;0.585389
2783;0.208991;-0.931631;5.76988;1.06837;5.76988;-0.00134057;6.70285;-0.505418;0.585583
2784;0.208991;-0.931631;5.76988;1.06837;5.76988;-0.00134057;6.70285;-0.505607;0.585776
2785;0.208991;-0.931631;5.76988;1.06837;5.76988;-0.00134057;6.70285;-0.505797;0.58597
2786;0.208991;-0.931631;5.76988;1.06837;5.76988;-0.00134057;6.70285;-0.505987;0.586163
2787;0.208991;-0.931631;5.76988;1.06837;5.76988;-0.00134057;6.70285;-0.506176;0.586357
2788;0.208991;-0.931631;5.76988;1.06837;5.76988;-0.00134057;6.70285;-0.506366;0.58655
2789;0.208991;-0.931631;5.76988;1.06837;5.76988;-0.00134057;6.70285;-0.506556;0.586744
2790;0.208991;-0.931631;5.76988;1.06837;5.76988;-0.00134057;6.70285;-0.506745;0.586937
2791;0.208991;-0.931631;5.76988;1.06837;5.76988;-0.00134057;6.70285;-0.506935;0.587131
2792;0.208991;-0.931631;5.76988;1.06837;5.76988;-0.00134057;6.70285;-0.507125;0.587325
2793;0.208991;-0.931631;5.76988;1.06837;5.76988;-0.00134057;6.70285;-0.507315;0.587518
2794;0.208991;-0.931631;5.76988;1.06837;5.76988;-0.00134057;6.70285;-0.507504;0.587712
2795;0.208991;-0.931631;5.76988;1.06837;5.76988;-0.00134057;6.70285;-0.507694;0.587905
2796;0.208991;-0.931631;5.76988;1.06837;5.76988;-0.00134057;6.70285;-0.507884;0.588099
2797;0.208991;-0.931631;5.76988;1.06837;5.76988;-0.00134057;6.70285;-0.508073;0.588292
2798;0.208991;-0.931631;5.76988;1.06837;5.76988;-0.00134057;6.70285;-0.508263;0.588486
2799;0.208991;-0.931631;5.76988;1.06837;5.76988;-0.00134057;6.70285;-0.508453;0.588679
2800;0.208991;-0.931631;5.76988;1.06837;5.76988;-0.00134057;6.70285;-0.508642;0.588873
2801;0.208991;-0.931631;5.76988;1.06837;5.76988;-0.00134057;6.70285;-0.508832;0.589067
2802;0.208991;-0.931631;5.76988;1.06837;5.76988;-0.00134057;6.70285;-0.509022;0.58926
2803;0.208991;-0.931631;5.76988;1.06837;5.76988;-0.00134057;6.70285;-0.509211;0.589454
2804;0.208991;-0.931631;5.76988;1.06837;5.76988;-0.00134057;6.70285;-0.509401;0.589647
2805;0.208991;-0.931631;5.76988;1.06837;5.76988;-0.00134057;6.70285;-0.509591;0.589841
2806;0.208991;-0.931631;5.76988;1.06837;5.76988;-0.00134057;6.70285;-0.509781;0.590034
2807;0.208991;-0.931631;5.76988;1.06837;5.76988;-0.00134057;6.70285;-0.50997;0.590228
2808;0.208991;-0.931631;5.76988;1.06837;5.76988;-0.00134057;6.70285;-0.51016;0.590422
2809;0.208991;-0.931631;5.76988;1.06837;5.76988;-0.00134057;6.70285;-0.51035;0.590615
2810;0.208991;-0.931631;5.76988;1.06837;5.76988;-0.00134057;6.70285;-0.510539;0.590809
2811;0.208991;-0.931631;5.76988;1.06837;5.76988;-0.00134057;6.70285;-0.510729;0.591002
2812;0.208991;-0.931631;5.76988;1.06837;5.76988;-0.00134057;6.70285;-0.510919;0.591196
2813;0.208991;-0.931631;5.76988;1.06837;5.76988;-0.00134057;6.70285;-0.511108;0.591389
2814;0.208991;-0.931631;5.76988;1.06837;5.76988;-0.00134057;6.70285;-0.511298;0.591583
2815;0.208991;-0.931631;5.76988;1.06837;5.76988;-0.00134057;6.70285;-0.511488;0.591776
2816;0.208991;-0.931631;5.76988;1.06837;5.76988;-0.00134057;6.70285;-0.511677;0.59197
2817;0.208991;-0.931631;5.76988;1.06837;5.76988;-0.00134057;6.70285;-0.511867;0.592164
2818;0.208991;-0.931631;5.76988;1.06837;5.76988;-0.00134057;6.70285;-0.512057;0.592357
2819;0.208991;-0.931631;5.76988;1.06837;5.76988;-0.00134057;6.70285;-0.512247;0.592551
2820;0.208991;-0.931631;5.76988;1.06837;5.76988;-0.00134057;6.70285;-0.512436;0.592744
2821;0.208991;-0.931631;5.76988;1.06837;5.76988;-0.00134057;6.70285;-0.512626;0.592938
2822;0.208991;-0.931631;5.76988;1.06837;5.76988;-0.00134057;6.70285;-0.512816;0.593131
2823;0.208991;-0.931631;5.76988;1.06837;5.76988;-0.00134057;6.70285;-0.513005;0.593325
2824;0.208991;-0.931631;5.76988;1.06837;5.76988;-0.00134057;6.70285;-0.513195;0.593518
2825;0.208991;-0.931631;5.76988;1.06837;5.76988;-0.00134057;6.70285;-0.513385;0.593712
2826;0.208991;-0.931631;5.76988;1.06837;5.76988;-0.00134057;6.70285;-0.513574;0.593906
2827;0.208991;-0.931631;5.76988;1.06837;5.76988;-0.00134057;6.70285;-0.513764;0.594099
2828;0.208991;-0.931631;5.76988;1.06837;5.76988;-0.00134057;6.70285;-0.513954;0.594293
2829;0.208991;-0.931631;5.76988;1.06837;5.76988;-0.00134057;6.70285;-0.514143;0.594486
2830;0.208991;-0.931631;5.76988;1.06837;5.76988;-0.00134057;6.70285;-0.514333;0.59468
2831;0.208991;-0.931631;5.76988;1.06837;5.76988;-0.00134057;6.70285;-0.514523;0.594873
2832;0.208991;-0.931631;5.76988;1.06837;5.76988;-0.00134057;6.70285;-0.514713;0.595067
2833;0.208991;-0.931631;5.76988;1.06837;5.76988;-0.00134057;6.70285;-0.514902;0.59526
2834;0.208991;-0.931631;5.76988;1.06837;5.76988;-0.00134057;6.70285;-0.515092;0.595454
2835;0.208991;-0.931631;5.76988;1.06837;5.76988;-0.00134057;6.70285;-0.515282;0.595648
2836;0.208991;-0.931631;5.76988;1.06837;5.76988;-0.00134057;6.70285;-0.515471;0.595841
2837;0.208991;-0.931631;5.76988;1.06837;5.76988;-0.00134057;6.70285;-0.515661;0.596035
2838;0.208991;-0.931631;5.76988;1.06837;5.76988;-0.00134057;6.70285;-0.515851;0.596228
2839;0.208991;-0.931631;5.76988;1.06837;5.76988;-0.00134057;6.70285;-0.51604;0.596422
2840;0.208991;-0.931631;5.76988;1.06837;5.76988;-0.00134057;6.70285;-0.51623;0.596615
2841;0.208991;-0.931631;5.76988;1.06837;5.76988;-0.00134057;6.70285;-0.51642;0.596809
2842;0.208991;-0.931631;5.76988;1.06837;5.76988;-0.00134057;6.70285;-0.516609;0.597002
2843;0.208991;-0.931631;5.76988;1.06837;5.76988;-0.00134057;6.70285;-0.516799;0.597196
2844;0.208991;-0.931631;5.76988;1.06837;5.76988;-0.00134057;6.70285;-0.516989;0.59739
2845;0.208991;-0.931631;5.76988;1.06837;5.76988;-0.00134057;6.70285;-0.517179;0.597583
2846;0.208991;-0.931631;5.76988;1.06837;5.76988;-0.00134057;6.70285;-0.517368;0.597777
2847;0.208991;-0.931631;5.76988;1.06837;5.76988;-0.00134057;6.70285;-0.517558;0.59797
2848;0.208991;-0.931631;5.76988;1.06837;5.76988;-0.00134057;6.70285;-0.517748;0.598164
2849;0.208991;-0.931631;5.76988;1.06837;5.76988;-0.00134057;6.70285;-0.517937;0.598357
2850;0.208991;-0.931631;5.76988;1.06837;5.76988;-0.00134057;6.70285;-0.518127;0.598551
2851;0.208991;-0.931631;5.76988;1.06837;5.76988;-0.00134057;6.70285;-0.518317;0.598744
2852;0.208991;-0.931631;5.76988;1.06837;5.76988;-0.00134057;6.70285;-0.518506;0.598938
2853;0.208991;-0.931631;5.76988;1.06837;5.76988;-0.00134057;6.70285;-0.518696;0.599132
2854;0.208991;-0.931631;5.76988;1.06837;5.76988;-0.00134057;6.70285;-0.518886;0.599325
2855;0.208991;-0.931631;5.76988;1.06837;5.76988;-0.00134057;6.70285;-0.519075;0.599519
2856;0.208991;-0.931631;5.76988;1.06837;5.76988;-0.00134057;6.70285;-0.519265;0.599712
2857;0.208991;-0.931631;5.76988;1.06837;5.76988;-0.00134057;6.70285;-0.519455;0.599906
2858;0.208991;-0.931631;5.76988;1.06837;5.76988;-0.00134057;6.70285;-0.519644;0.600099
2859;0.208991;-0.931631;5.76988;1.06837;5.76988;-0.00134057;6.70285;-0.519834;0.600293
2860;0.208991;-0.931631;5.76988;1.06837;5.76988;-0.00134057;6.70285;-0.520024;0.600486
2861;0.208991;-0.931631;5.76988;1.06837;5.76988;-0.00134057;6.70285;-0.520214;0.60068
2862;0.208991;-0.931631;5.76988;1.06837;5.76988;-0.00134057;6.70285;-0.520403;0.600874
2863;0.208991;-0.931631;5.76988;1.06837;5.76988;-0.00134057;6.70285;-0.520593;0.601067
2864;0.208991;-0.931631;5.76988;1.06837;5.76988;-0.00134057;6.70285;-0.520783;0.601261
2865;0.208991;-0.931631;5.76988;1.06837;5.76988;-0.00134057;6.70285;-0.520972;0.601454
2866;0.208991;-0.931631;5.76988;1.06837;5.76988;-0.00134057;6.70285;-0.521162;0.601648
2867;0.208991;-0.931631;5.76988;1.06837;5.76988;-0.00134057;6.70285;-0.521352;0.601841
2868;0.208991;-0.931631;5.76988;1.06837;5.76988;-0.00134057;6.70285;-0.521541;0.602035
2869;0.208991;-0.931631;5.76988;1.06837;5.76988;-0.00134057;6.70285;-0.521731;0.602229
2870;0.208991;-0.931631;5.76988;1.06837;5.76988;-0.00134057;6.70285;-0.521921;0.602422
2871;0.208991;-0.931631;5.76988;1.06837;5.76988;-0.00134057;6.70285;-0.52211;0.602616
2872;0.208991;-0.931631;5.76988;1.06837;5.76988;-0.00134057;6.70285;-0.5223;0.602809
2873;0.208991;-0.931631;5.76988;1.06837;5.76988;-0.00134057;6.70285;-0.52249;0.603003
2874;0.208991;-0.931631;5.76988;1.06837;5.76988;-0.00134057;6.70285;-0.52268;0.603196
2875;0.208991;-0.931631;5.76988;1.06837;5.76988;-0.00134057;6.70285;-0.522869;0.60339
2876;0.208991;-0.931631;5.76988;1.06837;5.76988;-0.00134057;6.70285;-0.523059;0.603583
2877;0.208991;-0.931631;5.76988;1.06837;5.76988;-0.00134057;6.70285;-0.523249;0.603777
2878;0.208991;-0.931631;5.76988;1.06837;5.76988;-0.00134057;6.70285;-0.523438;0.603971
2879;0.208991;-0.931631;5.76988;1.06837;5.76988;-0.00134057;6.70285;-0.523628;0.604164
2880;0.208991;-0.931631;5.76988;1.06837;5.76988;-0.00134057;6.70285;-0.523818;0.604358
2881;0.208991;-0.931631;5.76988;1.06837;5.76988;-0.00134057;6.70285;-0.524007;0.604551
2882;0.208991;-0.931631;5.76988;1.06837;5.76988;-0.00134057;6.70285;-0.524197;0.604745
2883;0.208991;-0.931631;5.76988;1.06837;5.76988;-0.00134057;6.70285;-0.524387;0.604938
2884;0.208991;-0.931631;5.76988;1.06837;5.76988;-0.00134057;6.70285;-0.524576;0.605132
2885;0.208991;-0.931631;5.76988;1.06837;5.76988;-0.00134057;6.70285;-0.524766;0.605325
2886;0.208991;-0.931631;5.76988;1.06837;5.76988;-0.00134057;6.70285;-0.524956;0.605519
2887;0.208991;-0.931631;5.76988;1.06837;5.76988;-0.00134057;6.70285;-0.525146;0.605713
2888;0.208991;-0.931631;5.76988;1.06837;5.76988;-0.00134057;6.70285;-0.525335;0.605906
2889;0.208991;-0.931631;5.76988;1.06837;5.76988;-0.00134057;6.70285;-0.525525;0.6061
2890;0.208991;-0.931631;5.76988;1.06837;5.76988;-0.00134057;6.70285;-0.525715;0.606293
2891;0.208991;-0.931631;5.76988;1.06837;5.76988;-0.00134057;6.70285;-0.525904;0.606487
2892;0.208991;-0.931631;5.76988;1.06837;5.76988;-0.00134057;6.70285;-0.526094;0.60668
2893;0.208991;-0.931631;5.76988;1.06837;5.76988;-0.00134057;6.70285;-0.526284;0.606874
2894;0.208991;-0.931631;5.76988;1.06837;5.76988;-0.00134057;6.70285;-0.526473;0.607067
2895;0.208991;-0.931631;5.76988;1.06837;5.76988;-0.00134057;6.70285;-0.526663;0.607261
2896;0.208991;-0.931631;5.76988;1.06837;5.76988;-0.00134057;6.70285;-0.526853;0.607455
2897;0.208991;-0.931631;5.76988;1.06837;5.76988;-0.00134057;6.70285;-0.527042;0.607648
2898;0.208991;-0.931631;5.76988;1.06837;5.76988;-0.00134057;6.70285;-0.527232;0.607842
2899;0.208991;-0.931631;5.76988;1.06837;5.76988;-0.00134057;6.70285;-0.527422;0.608035
2900;0.208991;-0.931631;5.76988;1.06837;5.76988;-0.00134057;6.70285;-0.527612;0.608229
2901;0.208991;-0.931631;5.76988;1.06837;5.76988;-0.00134057;6.70285;-0.527801;0.608422
2902;0.208991;-0.931631;5.76988;1.06837;5.76988;-0.00134057;6.70285;-0.527991;0.608616
2903;0.208991;-0.931631;5.76988;1.06837;5.76988;-0.00134057;6.70285;-0.528181;0.608809
2904;0.208991;-0.931631;5.76988;1.06837;5.76988;-0.00134057;6.70285;-0.52837;0.609003
2905;0.208991;-0.931631;5.76988;1.06837;5.76988;-0.00134057;6.70285;-0.52856;0.609197
2906;0.208991;-0.931631;5.76988;1.06837;5.76988;-0.00134057;6.70285;-0.52875;0.60939
2907;0.208991;-0.931631;5.76988;1.06837;5.76988;-0.00134057;6.70285;-0.528939;0.609584
2908;0.208991;-0.931631;5.76988;1.06837;5.76988;-0.00134057;6.70285;-0.529129;0.609777
2909;0.208991;-0.931631;5.76987;1.06837;5.76987;-0.00134057;6.70285;-0.529319;0.609971
2910;0.208991;-0.931631;5.76987;1.06837;5.76987;-0.00134057;6.70285;-0.529508;0.610164
2911;0.208991;-0.931631;5.76987;1.06837;5.76987;-0.00134057;6.70285;-0.529698;0.610358
2912;0.208991;-0.931631;5.76987;1.06837;5.76987;-0.00134057;6.70285;-0.529888;0.610551
2913;0.208991;-0.931631;5.76987;1.06837;5.76987;-0.00134057;6.70285;-0.530077;0.610745
2914;0.208991;-0.931631;5.76987;1.06837;5.76987;-0.00134057;6.70285;-0.530267;0.610939
2915;0.208991;-0.931631;5.76987;1.06837;5.76987;-0.00134057;6.70285;-0.530457;0.611132
2916;0.208991;-0.931631;5.76987;1.06837;5.76987;-0.00134057;6.70285;-0.530647;0.611326
2917;0.208991;-0.931631;5.76987;1.06837;5.76987;-0.00134057;6.70285;-0.530836;0.611519
2918;0.208991;-0.931631;5.76987;1.06837;5.76987;-0.00134057;6.70285;-0.531026;0.611713
2919;0.208991;-0.931631;5.76987;1.06837;5.76987;-0.00134057;6.70285;-0.531216;0.611906
2920;0.208991;-0.931631;5.76987;1.06837;5.76987;-0.00134057;6.70285;-0.531405;0.6121
2921;0.208991;-0.931631;5.76987;1.06837;5.76987;-0.00134057;6.70285;-0.531595;0.612293
2922;0.208991;-0.931631;5.76987;1.06837;5.76987;-0.00134057;6.70285;-0.531785;0.612487
2923;0.208991;-0.931631;5.76987;1.06837;5.76987;-0.00134057;6.70285;-0.531974;0.612681
2924;0.208991;-0.931631;5.76987;1.06837;5.76987;-0.00134057;6.70285;-0.532164;0.612874
2925;0.208991;-0.931631;5.76987;1.06837;5.76987;-0.00134057;6.70285;-0.532354;0.613068
2926;0.208991;-0.931631;5.76987;1.06837;5.76987;-0.00134057;6.70285;-0.532543;0.613261
2927;0.208991;-0.931631;5.76987;1.06837;5.76987;-0.00134057;6.70285;-0.532733;0.613455
2928;0.208991;-0.931631;5.76987;1.06837;5.76987;-0.00134057;6.70285;-0.532923;0.613648
2929;0.208991;-0.931631;5.76987;1.06837;5.76987;-0.00134057;6.70285;-0.533113;0.613842
2930;0.208991;-0.931631;5.76987;1.06837;5.76987;-0.00134057;6.70285;-0.533302;0.614036
2931;0.208991;-0.931631;5.76987;1.06837;5.76987;-0.00134057;6.70285;-0.533492;0.614229
2932;0.208991;-0.931631;5.76987;1.06837;5.76987;-0.00134057;6.70285;-0.533682;0.614423
2933;0.208991;-0.931631;5.76987;1.06837;5.76987;-0.00134057;6.70285;-0.533871;0.614616
2934;0.208991;-0.931631;5.76987;1.06837;5.76987;-0.00134057;6.70285;-0.534061;0.61481
2935;0.208992;-0.931631;5.76987;1.06837;5.76987;-0.00134057;6.70285;-0.534251;0.615003
2936;0.208992;-0.931631;5.76987;1.06837;5.76987;-0.00134057;6.70285;-0.53444;0.615197
2937;0.208992;-0.931631;5.76987;1.06837;5.76987;-0.00134057;6.70285;-0.53463;0.61539
2938;0.208992;-0.931631;5.76987;1.06837;5.76987;-0.00134057;6.70285;-0.53482;0.615584
2939;0.208992;-0.931631;5.76987;1.06837;5.76987;-0.00134057;6.70285;-0.535009;0.615778
2940;0.208992;-0.931631;5.76987;1.06837;5.76987;-0.00134057;6.70285;-0.535199;0.615971
2941;0.208992;-0.931631;5.76987;1.06837;5.76987;-0.00134057;6.70285;-0.535389;0.616165
2942;0.208992;-0.931631;5.76987;1.06837;5.76987;-0.00134057;6.70285;-0.535579;0.616358
2943;0.208992;-0.931631;5.76987;1.06837;5.76987;-0.00134057;6.70285;-0.535768;0.616552
2944;0.208992;-0.931631;5.76987;1.06837;5.76987;-0.00134057;6.70285;-0.535958;0.616745
2945;0.208992;-0.931631;5.76987;1.06837;5.76987;-0.00134057;6.70284;-0.536148;0.616939
2946;0.208992;-0.931631;5.76987;1.06837;5.76987;-0.00134057;6.70284;-0.536337;0.617132
2947;0.208992;-0.931631;5.76987;1.06837;5.76987;-0.00134057;6.70284;-0.536527;0.617326
2948;0.208992;-0.931631;5.76987;1.06837;5.76987;-0.00134057;6.70284;-0.536717;0.61752
2949;0.208992;-0.931631;5.76987;1.06837;5.76987;-0.00134057;6.70284;-0.536906;0.617713
2950;0.208992;-0.931631;5.76987;1.06837;5.76987;-0.00134057;6.70284;-0.537096;0.617907
2951;0.208992;-0.931631;5.76987;1.06837;5.76987;-0.00134057;6.70284;-0.537286;0.6181
2952;0.208992;-0.931631;5.76987;1.06837;5.76987;-0.00134057;6.70284;-0.537475;0.618294
2953;0.208992;-0.931631;5.76987;1.06837;5.76987;-0.00134057;6.70284;-0.537665;0.618487
2954;0.208992;-0.931631;5.76987;1.06837;5.76987;-0.00134057;6.70284;-0.537855;0.618681
2955;0.208992;-0.931631;5.76987;1.06837;5.76987;-0.00134057;6.70284;-0.538045;0.618874
2956;0.208992;-0.931631;5.76987;1.06837;5.76987;-0.00134057;6.70284;-0.538234;0.619068
2957;0.208992;-0.931631;5.76987;1.06837;5.76987;-0.00134057;6.70284;-0.538424;0.619262
2958;0.208992;-0.931631;5.76987;1.06837;5.76987;-0.00134057;6.70284;-0.538614;0.619455
2959;0.208992;-0.931631;5.76987;1.06837;5.76987;-0.00134057;6.70284;-0.538803;0.619649
2960;0.208992;-0.931631;5.76987;1.06837;5.76987;-0.00134057;6.70284;-0.538993;0.619842
2961;0.208992;-0.931631;5.76987;1.06837;5.76987;-0.00134057;6.70284;-0.539183;0.620036
2962;0.208992;-0.931631;5.76987;1.06837;5.76987;-0.00134057;6.70284;-0.539372;0.620229
2963;0.208992;-0.931631;5.76987;1.06837;5.76987;-0.00134057;6.70284;-0.539562;0.620423
2964;0.208992;-0.931631;5.76987;1.06837;5.76987;-0.00134057;6.70284;-0.539752;0.620616
2965;0.208992;-0.931631;5.76987;1.06837;5.76987;-0.00134057;6.70284;-0.539941;0.62081
2966;0.208992;-0.931631;5.76987;1.06837;5.76987;-0.00134057;6.70284;-0.540131;0.621004
2967;0.208992;-0.931631;5.76987;1.06837;5.76987;-0.00134057;6.70284;-0.540321;0.621197
2968;0.208992;-0.931631;5.76987;1.06837;5.76987;-0.00134057;6.70284;-0.54051;0.621391
2969;0.208992;-0.931631;5.76987;1.06837;5.76987;-0.00134057;6.70284;-0.5407;0.621584
2970;0.208992;-0.931631;5.76987;1.06837;5.76987;-0.00134057;6.70284;-0.54089;0.621778
2971;0.208992;-0.931631;5.76987;1.06837;5.76987;-0.00134057;6.70284;-0.54108;0.621971
2972;0.208992;-0.931631;5.76987;1.06837;5.76987;-0.00134057;6.70284;-0.541269;0.622165
2973;0.208992;-0.931631;5.76987;1.06837;5.76987;-0.00134057;6.70284;-0.541459;0.622358
2974;0.208992;-0.931631;5.76987;1.06837;5.76987;-0.00134057;6.70284;-0.541649;0.622552
2975;0.208992;-0.931631;5.76987;1.06837;5.76987;-0.00134057;6.70284;-0.541838;0.622746
2976;0.208992;-0.931631;5.76987;1.06837;5.76987;-0.00134057;6.70284;-0.542028;0.622939
2977;0.208992;-0.931631;5.76987;1.06837;5.76987;-0.00134057;6.70284;-0.542218;0.623133
2978;0.208992;-0.931631;5.76987;1.06837;5.76987;-0.00134057;6.70284;-0.542407;0.623326
2979;0.208992;-0.931631;5.76987;1.06837;5.76987;-0.00134057;6.70284;-0.542597;0.62352
2980;0.208992;-0.931631;5.76987;1.06837;5.76987;-0.00134057;6.70284;-0.542787;0.623713
2981;0.208992;-0.931631;5.76987;1.06837;5.76987;-0.00134057;6.70284;-0.542976;0.623907
2982;0.208992;-0.931631;5.76987;1.06837;5.76987;-0.00134057;6.70284;-0.543166;0.6241
2983;0.208992;-0.931631;5.76987;1.06837;5.76987;-0.00134057;6.70284;-0.543356;0.624294
2984;0.208992;-0.931631;5.76987;1.06837;5.76987;-0.00134057;6.70284;-0.543546;0.624488
2985;0.208992;-0.931631;5.76987;1.06837;5.76987;-0.00134057;6.70284;-0.543735;0.624681
2986;0.208992;-0.931631;5.76987;1.06837;5.76987;-0.00134057;6.70284;-0.543925;0.624875
2987;0.208992;-0.931631;5.76987;1.06837;5.76987;-0.00134057;6.70284;-0.544115;0.625068
2988;0.208992;-0.931631;5.76987;1.06837;5.76987;-0.00134057;6.70284;-0.544304;0.625262
2989;0.208992;-0.931631;5.76987;1.06837;5.76987;-0.00134057;6.70284;-0.544494;0.625455
2990;0.208992;-0.931631;5.76987;1.06837;5.76987;-0.00134057;6.70284;-0.544684;0.625649
2991;0.208992;-0.931631;5.76987;1.06837;5.76987;-0.00134057;6.70284;-0.544873;0.625843
2992;0.208992;-0.931631;5.76987;1.06837;5.76987;-0.00134057;6.70284;-0.545063;0.626036
2993;0.208992;-0.931631;5.76987;1.06837;5.76987;-0.00134057;6.70284;-0.545253;0.62623
2994;0.208992;-0.931631;5.76987;1.06837;5.76987;-0.00134057;6.70284;-0.545442;0.626423
2995;0.208992;-0.931631;5.76987;1.06837;5.76987;-0.00134057;6.70284;-0.545632;0.626617
2996;0.208992;-0.931631;5.76987;1.06837;5.76987;-0.00134057;6.70284;-0.545822;0.62681
2997;0.208992;-0.931631;5.76987;1.06837;5.76987;-0.00134057;6.70284;-0.546012;0.627004
2998;0.208992;-0.931631;5.76987;1.06837;5.76987;-0.00134057;6.70284;-0.546201;0.627197
2999;0.208992;-0.931631;5.76987;1.06837;5.76987;-0.00134057;6.70284;-0.546391;0.627391
3000;0.208992;-0.931631;5.76987;1.06837;5.76987;-0.00134057;6.70284;-0.546581;0.627585
3001;0.208992;-0.931631;5.76987;1.06837;5.76987;-0.00134057;6.70284;-0.54677;0.627778
3002;0.208992;-0.931631;5.76987;1.06837;5.76987;-0.00134057;6.70284;-0.54696;0.627972
3003;0.208992;-0.931631;5.76987;1.06837;5.76987;-0.00134057;6.70284;-0.54715;0.628165
3004;0.208992;-0.931631;5.76987;1.06837;5.76987;-0.00134057;6.70284;-0.547339;0.628359
3005;0.208992;-0.931631;5.76987;1.06837;5.76987;-0.00134057;6.70284;-0.547529;0.628552
3006;0.208992;-0.931631;5.76987;1.06837;5.76987;-0.00134057;6.70284;-0.547719;0.628746
3007;0.208992;-0.931631;5.76987;1.06837;5.76987;-0.00134057;6.70284;-0.547908;0.628939
3008;0.208992;-0.931631;5.76987;1.06837;5.76987;-0.00134057;6.70284;-0.548098;0.629133
3009;0.208992;-0.931631;5.76987;1.06837;5.76987;-0.00134057;6.70284;-0.548288;0.629327
3010;0.208992;-0.931631;5.76987;1.06837;5.76987;-0.00134057;6.70284;-0.548478;0.62952
3011;0.208992;-0.931631;5.76987;1.06837;5.76987;-0.00134057;6.70284;-0.548667;0.629714
3012;0.208992;-0.931631;5.76987;1.06837;5.76987;-0.00134057;6.70284;-0.548857;0.629907
3013;0.208992;-0.931631;5.76987;1.06837;5.76987;-0.00134057;6.70284;-0.549047;0.630101
3014;0.208992;-0.931631;5.76987;1.06837;5.76987;-0.00134057;6.70284;-0.549236;0.630294
3015;0.208992;-0.931631;5.76987;1.06837;5.76987;-0.00134057;6.70284;-0.549426;0.630488
3016;0.208992;-0.931631;5.76987;1.06837;5.76987;-0.00134057;6.70284;-0.549616;0.630681
3017;0.208992;-0.931631;5.76987;1.06837;5.76987;-0.00134057;6.70284;-0.549805;0.630875
3018;0.208992;-0.931631;5.76987;1.06837;5.76987;-0.00134057;6.70284;-0.549995;0.631069
3019;0.208992;-0.931631;5.76987;1.06837;5.76987;-0.00134057;6.70284;-0.550185;0.631262
3020;0.208992;-0.931631;5.76987;1.06837;5.76987;-0.00134057;6.70284;-0.550374;0.631456
3021;0.208992;-0.931631;5.76987;1.06837;5.76987;-0.00134057;6.70284;-0.550564;0.631649
3022;0.208992;-0.931631;5.76987;1.06837;5.76987;-0.00134057;6.70284;-0.550754;0.631843
3023;0.208992;-0.931631;5.76987;1.06837;5.76987;-0.00134057;6.70284;-0.550943;0.632036
3024;0.208992;-0.931631;5.76987;1.06837;5.76987;-0.00134057;6.70284;-0.551133;0.63223
3025;0.208992;-0.931631;5.76987;1.06837;5.76987;-0.00134057;6.70284;-0.551323;0.632423
3026;0.208992;-0.931631;5.76987;1.06837;5.76987;-0.00134057;6.70284;-0.551513;0.632617
3027;0.208992;-0.931631;5.76987;1.06837;5.76987;-0.00134057;6.70284;-0.551702;0.632811
3028;0.208992;-0.931631;5.76987;1.06837;5.76987;-0.00134057;6.70284;-0.551892;0.633004
3029;0.208992;-0.931631;5.76987;1.06837;5.76987;-0.00134057;6.70284;-0.552082;0.633198
3030;0.208992;-0.931631;5.76987;1.06837;5.76987;-0.00134057;6.70284;-0.552271;0.633391
3031;0.208992;-0.931631;5.76987;1.06837;5.76987;-0.00134057;6.70284;-0.552461;0.633585
3032;0.208992;-0.931631;5.76987;1.06837;5.76987;-0.00134057;6.70284;-0.552651;0.633778
3033;0.208992;-0.931631;5.76987;1.06837;5.76987;-0.00134057;6.70284;-0.55284;0.633972
3034;0.208992;-0.931631;5.76987;1.06837;5.76987;-0.00134057;6.70284;-0.55303;0.634165
3035;0.208992;-0.931631;5.76987;1.06837;5.76987;-0.00134057;6.70284;-0.55322;0.634359
3036;0.208992;-0.931631;5.76987;1.06837;5.76987;-0.00134057;6.70284;-0.553409;0.634553
3037;0.208992;-0.931631;5.76987;1.06837;5.76987;-0.00134057;6.70284;-0.553599;0.634746
3038;0.208992;-0.931631;5.76987;1.06837;5.76987;-0.00134057;6.70284;-0.553789;0.63494
3039;0.208992;-0.931631;5.76987;1.06837;5.76987;-0.00134057;6.70284;-0.553979;0.635133
3040;0.208992;-0.931631;5.76987;1.06837;5.76987;-0.00134057;6.70284;-0.554168;0.635327
3041;0.208992;-0.931631;5.76987;1.06837;5.76987;-0.00134057;6.70284;-0.554358;0.63552
3042;0.208992;-0.931631;5.76987;1.06837;5.76987;-0.00134057;6.70284;-0.554548;0.635714
3043;0.208992;-0.931631;5.76987;1.06837;5.76987;-0.00134057;6.70284;-0.554737;0.635907
3044;0.208992;-0.931631;5.76987;1.06837;5.76987;-0.00134057;6.70284;-0.554927;0.636101
3045;0.208992;-0.931631;5.76987;1.06837;5.76987;-0.00134057;6.70284;-0.555117;0.636295
3046;0.208992;-0.931631;5.76987;1.06837;5.76987;-0.00134057;6.70284;-0.555306;0.636488
3047;0.208992;-0.931631;5.76987;1.06837;5.76987;-0.00134057;6.70284;-0.555496;0.636682
3048;0.208992;-0.931631;5.76987;1.06837;5.76987;-0.00134057;6.70284;-0.555686;0.636875
3049;0.208992;-0.931631;5.76987;1.06837;5.76987;-0.00134057;6.70284;-0.555875;0.637069
3050;0.208992;-0.931631;5.76987;1.06837;5.76987;-0.00134057;6.70284;-0.556065;0.637262
3051;0.208992;-0.931631;5.76987;1.06837;5.76987;-0.00134057;6.70284;-0.556255;0.637456
3052;0.208992;-0.931631;5.76987;1.06837;5.76987;-0.00134057;6.70284;-0.556445;0.63765
3053;0.208992;-0.931631;5.76987;1.06837;5.76987;-0.00134057;6.70284;-0.556634;0.637843
3054;0.208992;-0.931631;5.76987;1.06837;5.76987;-0.00134057;6.70284;-0.556824;0.638037
3055;0.208992;-0.931631;5.76987;1.06837;5.76987;-0.00134057;6.70284;-0.557014;0.63823
3056;0.208992;-0.931631;5.76987;1.06837;5.76987;-0.00134057;6.70284;-0.557203;0.638424
3057;0.208992;-0.931631;5.76987;1.06837;5.76987;-0.00134057;6.70284;-0.557393;0.638617
3058;0.208992;-0.931631;5.76987;1.06837;5.76987;-0.00134057;6.70284;-0.557583;0.638811
3059;0.208992;-0.931631;5.76987;1.06837;5.76987;-0.00134057;6.70284;-0.557772;0.639004
3060;0.208992;-0.931631;5.76987;1.06837;5.76987;-0.00134057;6.70284;-0.557962;0.639198
3061;0.208992;-0.931631;5.76987;1.06837;5.76987;-0.00134057;6.70284;-0.558152;0.639392
3062;0.208992;-0.931631;5.76987;1.06837;5.76987;-0.00134057;6.70284;-0.558341;0.639585
3063;0.208992;-0.931631;5.76987;1.06837;5.76987;-0.00134057;6.70284;-0.558531;0.639779
3064;0.208992;-0.931631;5.76987;1.06837;5.76987;-0.00134057;6.70284;-0.558721;0.639972
3065;0.208992;-0.931631;5.76987;1.06837;5.76987;-0.00134057;6.70284;-0.55891;0.640166
3066;0.208992;-0.931631;5.76987;1.06837;5.76987;-0.00134057;6.70284;-0.5591;0.640359
3067;0.208992;-0.931631;5.76987;1.06837;5.76987;-0.00134057;6.70284;-0.55929;0.640553
3068;0.208992;-0.931631;5.76987;1.06837;5.76987;-0.00134057;6.70284;-0.55948;0.640746
3069;0.208992;-0.931631;5.76987;1.06837;5.76987;-0.00134057;6.70284;-0.559669;0.64094
3070;0.208992;-0.931631;5.76987;1.06837;5.76987;-0.00134057;6.70284;-0.559859;0.641134
3071;0.208992;-0.931631;5.76987;1.06837;5.76987;-0.00134057;6.70284;-0.560049;0.641327
3072;0.208992;-0.931631;5.76987;1.06837;5.76987;-0.00134057;6.70284;-0.560238;0.641521
3073;0.208992;-0.931631;5.76987;1.06837;5.76987;-0.00134057;6.70284;-0.560428;0.641714
3074;0.208992;-0.931631;5.76987;1.06837;5.76987;-0.00134057;6.70284;-0.560618;0.641908
3075;0.208992;-0.931631;5.76987;1.06837;5.76987;-0.00134057;6.70284;-0.560807;0.642101
3076;0.208992;-0.931631;5.76987;1.06837;5.76987;-0.00134057;6.70284;-0.560997;0.642295
3077;0.208992;-0.931631;5.76987;1.06837;5.76987;-0.00134057;6.70284;-0.561187;0.642488
3078;0.208992;-0.931631;5.76987;1.06837;5.76987;-0.00134057;6.70284;-0.561376;0.642682
3079;0.208992;-0.931631;5.76987;1.06837;5.76987;-0.00134057;6.70284;-0.561566;0.642876
3080;0.208992;-0.931631;5.76987;1.06837;5.76987;-0.00134057;6.70284;-0.561756;0.643069
3081;0.208992;-0.931631;5.76987;1.06837;5.76987;-0.00134057;6.70284;-0.561946;0.643263
3082;0.208992;-0.931631;5.76987;1.06837;5.76987;-0.00134057;6.70284;-0.562135;0.643456
3083;0.208992;-0.931631;5.76987;1.06837;5.76987;-0.00134057;6.70284;-0.562325;0.64365
3084;0.208992;-0.931631;5.76987;1.06837;5.76987;-0.00134057;6.70284;-0.562515;0.643843
3085;0.208992;-0.931631;5.76987;1.06837;5.76987;-0.00134057;6.70284;-0.562704;0.644037
3086;0.208992;-0.931631;5.76987;1.06837;5.76987;-0.00134057;6.70284;-0.562894;0.64423
3087;0.208992;-0.931631;5.76987;1.06837;5.76987;-0.00134057;6.70284;-0.563084;0.644424
3088;0.208992;-0.931631;5.76987;1.06837;5.76987;-0.00134057;6.70284;-0.563273;0.644618
3089;0.208992;-0.931631;5.76987;1.06837;5.76987;-0.00134057;6.70284;-0.563463;0.644811
3090;0.208992;-0.931631;5.76987;1.06837;5.76987;-0.00134057;6.70284;-0.563653;0.645005
3091;0.208992;-0.931631;5.76987;1.06837;5.76987;-0.00134057;6.70284;-0.563842;0.645198
3092;0.208992;-0.931631;5.76987;1.06837;5.76987;-0.00134057;6.70284;-0.564032;0.645392
3093;0.208992;-0.931631;5.76987;1.06837;5.76987;-0.00134057;6.70284;-0.564222;0.645585
3094;0.208992;-0.931631;5.76987;1.06837;5.76987;-0.00134057;6.70284;-0.564412;0.645779
3095;0.208992;-0.931631;5.76987;1.06837;5.76987;-0.00134057;6.70284;-0.564601;0.645972
3096;0.208992;-0.931631;5.76987;1.06837;5.76987;-0.00134057;6.70284;-0.564791;0.646166
3097;0.208992;-0.931631;5.76987;1.06837;5.76987;-0.00134057;6.70284;-0.564981;0.64636
3098;0.208992;-0.931631;5.76987;1.06837;5.76987;-0.00134057;6.70284;-0.56517;0.646553
3099;0.208992;-0.931631;5.76987;1.06837;5.76987;-0.00134057;6.70284;-0.56536;0.646747
3100;0.208992;-0.931631;5.76987;1.06837;5.76987;-0.00134057;6.70284;-0.56555;0.64694
3101;0.208992;-0.931631;5.76987;1.06837;5.76987;-0.00134057;6.70284;-0.565739;0.647134
3102;0.208992;-0.931631;5.76987;1.06837;5.76987;-0.00134057;6.70284;-0.565929;0.647327
3103;0.208992;-0.931631;5.76987;1.06837;5.76987;-0.00134057;6.70284;-0.566119;0.647521
3104;0.208992;-0.931631;5.76987;1.06837;5.76987;-0.00134057;6.70284;-0.566308;0.647714
3105;0.208992;-0.931631;5.76987;1.06837;5.76987;-0.00134057;6.70284;-0.566498;0.647908
3106;0.208992;-0.931631;5.76987;1.06837;5.76987;-0.00134057;6.70284;-0.566688;0.648102
3107;0.208992;-0.931631;5.76987;1.06837;5.76987;-0.00134057;6.70284;-0.566878;0.648295
3108;0.208992;-0.931631;5.76987;1.06837;5.76987;-0.00134057;6.70284;-0.567067;0.648489
3109;0.208992;-0.931631;5.76987;1.06837;5.76987;-0.00134057;6.70284;-0.567257;0.648682
3110;0.208992;-0.931631;5.76987;1.06837;5.76987;-0.00134057;6.70284;-0.567447;0.648876
3111;0.208992;-0.931631;5.76987;1.06837;5.76987;-0.00134057;6.70284;-0.567636;0.649069
3112;0.208992;-0.931631;5.76987;1.06837;5.76987;-0.00134057;6.70284;-0.567826;0.649263
3113;0.208992;-0.931631;5.76987;1.06837;5.76987;-0.00134057;6.70284;-0.568016;0.649456
3114;0.208992;-0.931631;5.76987;1.06837;5.76987;-0.00134057;6.70284;-0.568205;0.64965
3115;0.208992;-0.931631;5.76987;1.06837;5.76987;-0.00134057;6.70284;-0.568395;0.649844
3116;0.208992;-0.931631;5.76987;1.06837;5.76987;-0.00134057;6.70284;-0.568585;0.650037
3117;0.208992;-0.931631;5.76987;1.06837;5.76987;-0.00134057;6.70284;-0.568774;0.650231
3118;0.208992;-0.931631;5.76987;1.06837;5.76987;-0.00134057;6.70284;-0.568964;0.650424
3119;0.208992;-0.931631;5.76987;1.06837;5.76987;-0.00134057;6.70284;-0.569154;0.650618
3120;0.208992;-0.931631;5.76987;1.06837;5.76987;-0.00134057;6.70284;-0.569343;0.650811
3121;0.208992;-0.931631;5.76987;1.06837;5.76987;-0.00134057;6.70284;-0.569533;0.651005
3122;0.208992;-0.931631;5.76987;1.06837;5.76987;-0.00134057;6.70284;-0.569723;0.651199
3123;0.208992;-0.931631;5.76987;1.06837;5.76987;-0.00134057;6.70284;-0.569913;0.651392
3124;0.208992;-0.931631;5.76987;1.06837;5.76987;-0.00134057;6.70284;-0.570102;0.651586
3125;0.208992;-0.931631;5.76987;1.06837;5.76987;-0.00134057;6.70284;-0.570292;0.651779
3126;0.208992;-0.931631;5.76987;1.06837;5.76987;-0.00134057;6.70284;-0.570482;0.651973
3127;0.208992;-0.931631;5.76987;1.06837;5.76987;-0.00134057;6.70284;-0.570671;0.652166
3128;0.208992;-0.931631;5.76987;1.06837;5.76987;-0.00134057;6.70284;-0.570861;0.65236
3129;0.208992;-0.931631;5.76987;1.06837;5.76987;-0.00134057;6.70284;-0.571051;0.652553
3130;0.208992;-0.931631;5.76987;1.06837;5.76987;-0.00134057;6.70284;-0.57124;0.652747
3131;0.208992;-0.931631;5.76987;1.06837;5.76987;-0.00134057;6.70284;-0.57143;0.652941
3132;0.208992;-0.931631;5.76987;1.06837;5.76987;-0.00134057;6.70284;-0.57162;0.653134
3133;0.208992;-0.931631;5.76987;1.06837;5.76987;-0.00134057;6.70284;-0.571809;0.653328
3134;0.208992;-0.931631;5.76987;1.06837;5.76987;-0.00134057;6.70284;-0.571999;0.653521
3135;0.208992;-0.931631;5.76987;1.06837;5.76987;-0.00134057;6.70284;-0.572189;0.653715
3136;0.208992;-0.931631;5.76987;1.06837;5.76987;-0.00134057;6.70284;-0.572379;0.653908
3137;0.208992;-0.931631;5.76987;1.06837;5.76987;-0.00134057;6.70284;-0.572568;0.654102
3138;0.208992;-0.931631;5.76987;1.06837;5.76987;-0.00134057;6.70284;-0.572758;0.654295
3139;0.208992;-0.931631;5.76987;1.06837;5.76987;-0.00134057;6.70284;-0.572948;0.654489
3140;0.208992;-0.931631;5.76987;1.06837;5.76987;-0.00134057;6.70284;-0.573137;0.654683
3141;0.208992;-0.931631;5.76986;1.06837;5.76986;-0.00134057;6.70284;-0.573327;0.654876
3142;0.208992;-0.931631;5.76986;1.06837;5.76986;-0.00134057;6.70284;-0.573517;0.65507
3143;0.208992;-0.931631;5.76986;1.06837;5.76986;-0.00134057;6.70284;-0.573706;0.655263
3144;0.208992;-0.931631;5.76986;1.06837;5.76986;-0.00134057;6.70284;-0.573896;0.655457
3145;0.208992;-0.931631;5.76986;1.06837;5.76986;-0.00134057;6.70284;-0.574086;0.65565
3146;0.208992;-0.931631;5.76986;1.06837;5.76986;-0.00134057;6.70284;-0.574275;0.655844
3147;0.208992;-0.931631;5.76986;1.06837;5.76986;-0.00134057;6.70284;-0.574465;0.656037
3148;0.208992;-0.931631;5.76986;1.06837;5.76986;-0.00134057;6.70284;-0.574655;0.656231
3149;0.208992;-0.931631;5.76986;1.06837;5.76986;-0.00134057;6.70284;-0.574845;0.656425
3150;0.208992;-0.931631;5.76986;1.06837;5.76986;-0.00134057;6.70284;-0.575034;0.656618
3151;0.208992;-0.931631;5.76986;1.06837;5.76986;-0.00134057;6.70284;-0.575224;0.656812
3152;0.208992;-0.931631;5.76986;1.06837;5.76986;-0.00134057;6.70284;-0.575414;0.657005
3153;0.208992;-0.931631;5.76986;1.06837;5.76986;-0.00134057;6.70284;-0.575603;0.657199
3154;0.208992;-0.931631;5.76986;1.06837;5.76986;-0.00134057;6.70284;-0.575793;0.657392
3155;0.208992;-0.931631;5.76986;1.06837;5.76986;-0.00134057;6.70284;-0.575983;0.657586
3156;0.208992;-0.931631;5.76986;1.06837;5.76986;-0.00134057;6.70284;-0.576172;0.657779
3157;0.208992;-0.931631;5.76986;1.06837;5.76986;-0.00134057;6.70284;-0.576362;0.657973
3158;0.208992;-0.931631;5.76986;1.06837;5.76986;-0.00134057;6.70284;-0.576552;0.658167
3159;0.208992;-0.931631;5.76986;1.06837;5.76986;-0.00134057;6.70284;-0.576741;0.65836
3160;0.208992;-0.931631;5.76986;1.06837;5.76986;-0.00134057;6.70284;-0.576931;0.658554
3161;0.208992;-0.931631;5.76986;1.06837;5.76986;-0.00134057;6.70284;-0.577121;0.658747
3162;0.208992;-0.931631;5.76986;1.06837;5.76986;-0.00134057;6.70284;-0.57731;0.658941
3163;0.208992;-0.931631;5.76986;1.06837;5.76986;-0.00134057;6.70284;-0.5775;0.659134
3164;0.208992;-0.931631;5.76986;1.06837;5.76986;-0.00134057;6.70284;-0.57769;0.659328
3165;0.208992;-0.931631;5.76986;1.06837;5.76986;-0.00134057;6.70284;-0.57788;0.659521
3166;0.208992;-0.931631;5.76986;1.06837;5.76986;-0.00134057;6.70284;-0.578069;0.659715
3167;0.208992;-0.931631;5.76986;1.06837;5.76986;-0.00134057;6.70284;-0.578259;0.659909
3168;0.208992;-0.931631;5.76986;1.06837;5.76986;-0.00134057;6.70284;-0.578449;0.660102
3169;0.208992;-0.931631;5.76986;1.06837;5.76986;-0.00134057;6.70284;-0.578638;0.660296
3170;0.208992;-0.931631;5.76986;1.06837;5.76986;-0.00134057;6.70284;-0.578828;0.660489
3171;0.208992;-0.931631;5.76986;1.06837;5.76986;-0.00134057;6.70284;-0.579018;0.660683
3172;0.208992;-0.931631;5.76986;1.06837;5.76986;-0.00134057;6.70284;-0.579207;0.660876
3173;0.208992;-0.931631;5.76986;1.06837;5.76986;-0.00134057;6.70284;-0.579397;0.66107
3174;0.208992;-0.931631;5.76986;1.06837;5.76986;-0.00134057;6.70284;-0.579587;0.661263
3175;0.208992;-0.931631;5.76986;1.06837;5.76986;-0.00134057;6.70284;-0.579776;0.661457
3176;0.208992;-0.931631;5.76986;1.06837;5.76986;-0.00134057;6.70284;-0.579966;0.661651
3177;0.208992;-0.931631;5.76986;1.06837;5.76986;-0.00134057;6.70284;-0.580156;0.661844
3178;0.208992;-0.931631;5.76986;1.06837;5.76986;-0.00134057;6.70284;-0.580346;0.662038
3179;0.208992;-0.931631;5.76986;1.06837;5.76986;-0.00134057;6.70283;-0.580535;0.662231
3180;0.208992;-0.931631;5.76986;1.06837;5.76986;-0.00134057;6.70283;-0.580725;0.662425
3181;0.208992;-0.931631;5.76986;1.06837;5.76986;-0.00134057;6.70283;-0.580915;0.662618
3182;0.208992;-0.931631;5.76986;1.06837;5.76986;-0.00134057;6.70283;-0.581104;0.662812
3183;0.208992;-0.931631;5.76986;1.06837;5.76986;-0.00134057;6.70283;-0.581294;0.663005
3184;0.208992;-0.931631;5.76986;1.06837;5.76986;-0.00134057;6.70283;-0.581484;0.663199
3185;0.208992;-0.931631;5.76986;1.06837;5.76986;-0.00134057;6.70283;-0.581673;0.663393
3186;0.208992;-0.931631;5.76986;1.06837;5.76986;-0.00134057;6.70283;-0.581863;0.663586
3187;0.208992;-0.931631;5.76986;1.06837;5.76986;-0.00134057;6.70283;-0.582053;0.66378
3188;0.208992;-0.931631;5.76986;1.06837;5.76986;-0.00134057;6.70283;-0.582242;0.663973
3189;0.208992;-0.931631;5.76986;1.06837;5.76986;-0.00134057;6.70283;-0.582432;0.664167
3190;0.208992;-0.931631;5.76986;1.06837;5.76986;-0.00134057;6.70283;-0.582622;0.66436
3191;0.208992;-0.931631;5.76986;1.06837;5.76986;-0.00134057;6.70283;-0.582812;0.664554
3192;0.208992;-0.931631;5.76986;1.06837;5.76986;-0.00134057;6.70283;-0.583001;0.664747
3193;0.208992;-0.931631;5.76986;1.06837;5.76986;-0.00134057;6.70283;-0.583191;0.664941
3194;0.208992;-0.931631;5.76986;1.06837;5.76986;-0.00134057;6.70283;-0.583381;0.665135
3195;0.208992;-0.931631;5.76986;1.06837;5.76986;-0.00134057;6.70283;-0.58357;0.665328
3196;0.208992;-0.931631;5.76986;1.06837;5.76986;-0.00134057;6.70283;-0.58376;0.665522
3197;0.208992;-0.931631;5.76986;1.06837;5.76986;-0.00134057;6.70283;-0.58395;0.665715
3198;0.208992;-0.931631;5.76986;1.06837;5.76986;-0.00134057;6.70283;-0.584139;0.665909
3199;0.208992;-0.931631;5.76986;1.06837;5.76986;-0.00134057;6.70283;-0.584329;0.666102
3200;0.208992;-0.931631;5.76986;1.06837;5.76986;-0.00134057;6.70283;-0.584519;0.666296
3201;0.208992;-0.931631;5.76986;1.06837;5.76986;-0.00134057;6.70283;-0.584708;0.66649
3202;0.208992;-0.931631;5.76986;1.06837;5.76986;-0.00134057;6.70283;-0.584898;0.666683
3203;0.208992;-0.931631;5.76986;1.06837;5.76986;-0.00134057;6.70283;-0.585088;0.666877
3204;0.208992;-0.931631;5.76986;1.06837;5.76986;-0.00134057;6.70283;-0.585277;0.66707
3205;0.208992;-0.931631;5.76986;1.06837;5.76986;-0.00134057;6.70283;-0.585467;0.667264
3206;0.208992;-0.931631;5.76986;1.06837;5.76986;-0.00134057;6.70283;-0.585657;0.667457
3207;0.208992;-0.931631;5.76986;1.06837;5.76986;-0.00134057;6.70283;-0.585847;0.667651
3208;0.208992;-0.931631;5.76986;1.06837;5.76986;-0.00134057;6.70283;-0.586036;0.667844
3209;0.208992;-0.931631;5.76986;1.06837;5.76986;-0.00134057;6.70283;-0.586226;0.668038
3210;0.208992;-0.931631;5.76986;1.06837;5.76986;-0.00134057;6.70283;-0.586416;0.668232
3211;0.208992;-0.931631;5.76986;1.06837;5.76986;-0.00134057;6.70283;-0.586605;0.668425
3212;0.208992;-0.931631;5.76986;1.06837;5.76986;-0.00134057;6.70283;-0.586795;0.668619
3213;0.208992;-0.931631;5.76986;1.06837;5.76986;-0.00134057;6.70283;-0.586985;0.668812
3214;0.208992;-0.931631;5.76986;1.06837;5.76986;-0.00134057;6.70283;-0.587174;0.669006
3215;0.208992;-0.931631;5.76986;1.06837;5.76986;-0.00134057;6.70283;-0.587364;0.669199
3216;0.208992;-0.931631;5.76986;1.06837;5.76986;-0.00134057;6.70283;-0.587554;0.669393
3217;0.208992;-0.931631;5.76986;1.06837;5.76986;-0.00134057;6.70283;-0.587743;0.669586
3218;0.208992;-0.931631;5.76986;1.06837;5.76986;-0.00134057;6.70283;-0.587933;0.66978
3219;0.208992;-0.931631;5.76986;1.06837;5.76986;-0.00134057;6.70283;-0.588123;0.669974
3220;0.208992;-0.931631;5.76986;1.06837;5.76986;-0.00134057;6.70283;-0.588313;0.670167
3221;0.208992;-0.931631;5.76986;1.06837;5.76986;-0.00134057;6.70283;-0.588502;0.670361
3222;0.208992;-0.931631;5.76986;1.06837;5.76986;-0.00134057;6.70283;-0.588692;0.670554
3223;0.208992;-0.931631;5.76986;1.06837;5.76986;-0.00134057;6.70283;-0.588882;0.670748
3224;0.208992;-0.931631;5.76986;1.06837;5.76986;-0.00134057;6.70283;-0.589071;0.670941
3225;0.208992;-0.931631;5.76986;1.06837;5.76986;-0.00134057;6.70283;-0.589261;0.671135
3226;0.208992;-0.931631;5.76986;1.06837;5.76986;-0.00134057;6.70283;-0.589451;0.671328
3227;0.208992;-0.931631;5.76986;1.06837;5.76986;-0.00134057;6.70283;-0.58964;0.671522
3228;0.208992;-0.931631;5.76986;1.06837;5.76986;-0.00134057;6.70283;-0.58983;0.671716
3229;0.208992;-0.931631;5.76986;1.06837;5.76986;-0.00134057;6.70283;-0.59002;0.671909
3230;0.208992;-0.931631;5.76986;1.06837;5.76986;-0.00134057;6.70283;-0.590209;0.672103
3231;0.208992;-0.931631;5.76986;1.06837;5.76986;-0.00134057;6.70283;-0.590399;0.672296
3232;0.208992;-0.931631;5.76986;1.06837;5.76986;-0.00134057;6.70283;-0.590589;0.67249
3233;0.208992;-0.931631;5.76986;1.06837;5.76986;-0.00134057;6.70283;-0.590779;0.672683
3234;0.208992;-0.931631;5.76986;1.06837;5.76986;-0.00134057;6.70283;-0.590968;0.672877
3235;0.208992;-0.931631;5.76986;1.06837;5.76986;-0.00134057;6.70283;-0.591158;0.67307
3236;0.208992;-0.931631;5.76986;1.06837;5.76986;-0.00134057;6.70283;-0.591348;0.673264
3237;0.208992;-0.931631;5.76986;1.06837;5.76986;-0.00134057;6.70283;-0.591537;0.673458
3238;0.208992;-0.931631;5.76986;1.06837;5.76986;-0.00134057;6.70283;-0.591727;0.673651
3239;0.208992;-0.931631;5.76986;1.06837;5.76986;-0.00134057;6.70283;-0.591917;0.673845
3240;0.208992;-0.931631;5.76986;1.06837;5.76986;-0.00134057;6.70283;-0.592106;0.674038
3241;0.208992;-0.931631;5.76986;1.06837;5.76986;-0.00134057;6.70283;-0.592296;0.674232
3242;0.208992;-0.931631;5.76986;1.06837;5.76986;-0.00134057;6.70283;-0.592486;0.674425
3243;0.208992;-0.931631;5.76986;1.06837;5.76986;-0.00134057;6.70283;-0.592675;0.674619
3244;0.208992;-0.931631;5.76986;1.06837;5.76986;-0.00134057;6.70283;-0.592865;0.674812
3245;0.208992;-0.931631;5.76986;1.06837;5.76986;-0.00134057;6.70283;-0.593055;0.675006
3246;0.208992;-0.931631;5.76986;1.06837;5.76986;-0.00134057;6.70283;-0.593244;0.6752
3247;0.208992;-0.931631;5.76986;1.06837;5.76986;-0.00134057;6.70283;-0.593434;0.675393
3248;0.208992;-0.931631;5.76986;1.06837;5.76986;-0.00134057;6.70283;-0.593624;0.675587
3249;0.208992;-0.931631;5.76986;1.06837;5.76986;-0.00134057;6.70283;-0.593814;0.67578
3250;0.208992;-0.931631;5.76986;1.06837;5.76986;-0.00134057;6.70283;-0.594003;0.675974
3251;0.208992;-0.931631;5.76986;1.06837;5.76986;-0.00134057;6.70283;-0.594193;0.676167
3252;0.208992;-0.931631;5.76986;1.06837;5.76986;-0.00134057;6.70283;-0.594383;0.676361
3253;0.208992;-0.931631;5.76986;1.06837;5.76986;-0.00134057;6.70283;-0.594572;0.676554
3254;0.208992;-0.931631;5.76986;1.06837;5.76986;-0.00134057;6.70283;-0.594762;0.676748
3255;0.208992;-0.931631;5.76986;1.06837;5.76986;-0.00134057;6.70283;-0.594952;0.676942
3256;0.208992;-0.931631;5.76986;1.06837;5.76986;-0.00134057;6.70283;-0.595141;0.677135
3257;0.208992;-0.931631;5.76986;1.06837;5.76986;-0.00134057;6.70283;-0.595331;0.677329
3258;0.208992;-0.931631;5.76986;1.06837;5.76986;-0.00134057;6.70283;-0.595521;0.677522
3259;0.208992;-0.931631;5.76986;1.06837;5.76986;-0.00134057;6.70283;-0.59571;0.677716
3260;0.208992;-0.931631;5.76986;1.06837;5.76986;-0.00134057;6.70283;-0.5959;0.677909
3261;0.208992;-0.931631;5.76986;1.06837;5.76986;-0.00134057;6.70283;-0.59609;0.678103
3262;0.208992;-0.931631;5.76986;1.06837;5.76986;-0.00134057;6.70283;-0.59628;0.678296
3263;0.208992;-0.931631;5.76986;1.06837;5.76986;-0.00134057;6.70283;-0.596469;0.67849
3264;0.208992;-0.931631;5.76986;1.06837;5.76986;-0.00134057;6.70283;-0.596659;0.678684
3265;0.208992;-0.931631;5.76986;1.06837;5.76986;-0.00134057;6.70283;-0.596849;0.678877
3266;0.208992;-0.931631;5.76986;1.06837;5.76986;-0.00134057;6.70283;-0.597038;0.679071
3267;0.208992;-0.931631;5.76986;1.06837;5.76986;-0.00134057;6.70283;-0.597228;0.679264
3268;0.208992;-0.931631;5.76986;1.06837;5.76986;-0.00134057;6.70283;-0.597418;0.679458
3269;0.208992;-0.931631;5.76986;1.06837;5.76986;-0.00134057;6.70283;-0.597607;0.679651
3270;0.208992;-0.931631;5.76986;1.06837;5.76986;-0.00134057;6.70283;-0.597797;0.679845
3271;0.208992;-0.931631;5.76986;1.06837;5.76986;-0.00134057;6.70283;-0.597987;0.680038
3272;0.208992;-0.931631;5.76986;1.06837;5.76986;-0.00134057;6.70283;-0.598176;0.680232
3273;0.208992;-0.931631;5.76986;1.06837;5.76986;-0.00134057;6.70283;-0.598366;0.680426
3274;0.208992;-0.931631;5.76986;1.06837;5.76986;-0.00134057;6.70283;-0.598556;0.680619
3275;0.208992;-0.931631;5.76986;1.06837;5.76986;-0.00134057;6.70283;-0.598746;0.680813
3276;0.208992;-0.931631;5.76986;1.06837;5.76986;-0.00134057;6.70283;-0.598935;0.681006
3277;0.208992;-0.931631;5.76986;1.06837;5.76986;-0.00134057;6.70283;-0.599125;0.6812
3278;0.208992;-0.931631;5.76986;1.06837;5.76986;-0.00134057;6.70283;-0.599315;0.681393
3279;0.208992;-0.931631;5.76986;1.06837;5.76986;-0.00134057;6.70283;-0.599504;0.681587
3280;0.208992;-0.931631;5.76986;1.06837;5.76986;-0.00134057;6.70283;-0.599694;0.681781
3281;0.208992;-0.931631;5.76986;1.06837;5.76986;-0.00134057;6.70283;-0.599884;0.681974
3282;0.208992;-0.931631;5.76986;1.06837;5.76986;-0.00134057;6.70283;-0.600073;0.682168
3283;0.208992;-0.931631;5.76986;1.06837;5.76986;-0.00134057;6.70283;-0.600263;0.682361
3284;0.208992;-0.931631;5.76986;1.06837;5.76986;-0.00134057;6.70283;-0.600453;0.682555
3285;0.208992;-0.931631;5.76986;1.06837;5.76986;-0.00134057;6.70283;-0.600642;0.682748
3286;0.208992;-0.931631;5.76986;1.06837;5.76986;-0.00134057;6.70283;-0.600832;0.682942
3287;0.208992;-0.931631;5.76986;1.06837;5.76986;-0.00134057;6.70283;-0.601022;0.683135
3288;0.208992;-0.931631;5.76986;1.06837;5.76986;-0.00134057;6.70283;-0.601211;0.683329
3289;0.208992;-0.931631;5.76986;1.06837;5.76986;-0.00134057;6.70283;-0.601401;0.683523
3290;0.208992;-0.931631;5.76986;1.06837;5.76986;-0.00134057;6.70283;-0.601591;0.683716
3291;0.208992;-0.931631;5.76986;1.06837;5.76986;-0.00134057;6.70283;-0.601781;0.68391
3292;0.208992;-0.931631;5.76986;1.06837;5.76986;-0.00134057;6.70283;-0.60197;0.684103
3293;0.208992;-0.931631;5.76986;1.06837;5.76986;-0.00134057;6.70283;-0.60216;0.684297
3294;0.208992;-0.931631;5.76986;1.06837;5.76986;-0.00134057;6.70283;-0.60235;0.68449
3295;0.208992;-0.931631;5.76986;1.06837;5.76986;-0.00134057;6.70283;-0.602539;0.684684
3296;0.208992;-0.931631;5.76986;1.06837;5.76986;-0.00134057;6.70283;-0.602729;0.684877
3297;0.208992;-0.931631;5.76986;1.06837;5.76986;-0.00134057;6.70283;-0.602919;0.685071
3298;0.208992;-0.931631;5.76986;1.06837;5.76986;-0.00134057;6.70283;-0.603108;0.685265
3299;0.208992;-0.931631;5.76986;1.06837;5.76986;-0.00134057;6.70283;-0.603298;0.685458
3300;0.208992;-0.931631;5.76986;1.06837;5.76986;-0.00134057;6.70283;-0.603488;0.685652
3301;0.208992;-0.931631;5.76986;1.06837;5.76986;-0.00134057;6.70283;-0.603677;0.685845
3302;0.208992;-0.931631;5.76986;1.06837;5.76986;-0.00134057;6.70283;-0.603867;0.686039
3303;0.208992;-0.931631;5.76986;1.06837;5.76986;-0.00134057;6.70283;-0.604057;0.686232
3304;0.208992;-0.931631;5.76986;1.06837;5.76986;-0.00134057;6.70283;-0.604247;0.686426
3305;0.208992;-0.931631;5.76986;1.06837;5.76986;-0.00134057;6.70283;-0.604436;0.686619
3306;0.208992;-0.931631;5.76986;1.06837;5.76986;-0.00134057;6.70283;-0.604626;0.686813
3307;0.208992;-0.931631;5.76986;1.06837;5.76986;-0.00134057;6.70283;-0.604816;0.687007
3308;0.208992;-0.931631;5.76986;1.06837;5.76986;-0.00134057;6.70283;-0.605005;0.6872
3309;0.208992;-0.931631;5.76986;1.06837;5.76986;-0.00134057;6.70283;-0.605195;0.687394
3310;0.208992;-0.931631;5.76986;1.06837;5.76986;-0.00134057;6.70283;-0.605385;0.687587
3311;0.208992;-0.931631;5.76986;1.06837;5.76986;-0.00134057;6.70283;-0.605574;0.687781
3312;0.208992;-0.931631;5.76986;1.06837;5.76986;-0.00134057;6.70283;-0.605764;0.687974
3313;0.208992;-0.931631;5.76986;1.06837;5.76986;-0.00134057;6.70283;-0.605954;0.688168
3314;0.208992;-0.931631;5.76986;1.06837;5.76986;-0.00134057;6.70283;-0.606143;0.688361
3315;0.208992;-0.931631;5.76986;1.06837;5.76986;-0.00134057;6.70283;-0.606333;0.688555
3316;0.208992;-0.931631;5.76986;1.06837;5.76986;-0.00134057;6.70283;-0.606523;0.688749
3317;0.208992;-0.931631;5.76986;1.06837;5.76986;-0.00134057;6.70283;-0.606713;0.688942
3318;0.208992;-0.931631;5.76986;1.06837;5.76986;-0.00134057;6.70283;-0.606902;0.689136
3319;0.208992;-0.931631;5.76986;1.06837;5.76986;-0.00134057;6.70283;-0.607092;0.689329
3320;0.208992;-0.931631;5.76986;1.06837;5.76986;-0.00134057;6.70283;-0.607282;0.689523
3321;0.208992;-0.931631;5.76986;1.06837;5.76986;-0.00134057;6.70283;-0.607471;0.689716
3322;0.208992;-0.931631;5.76986;1.06837;5.76986;-0.00134057;6.70283;-0.607661;0.68991
3323;0.208992;-0.931631;5.76986;1.06837;5.76986;-0.00134057;6.70283;-0.607851;0.690103
3324;0.208992;-0.931631;5.76986;1.06837;5.76986;-0.00134057;6.70283;-0.60804;0.690297
3325;0.208992;-0.931631;5.76986;1.06837;5.76986;-0.00134057;6.70283;-0.60823;0.690491
3326;0.208992;-0.931631;5.76986;1.06837;5.76986;-0.00134057;6.70283;-0.60842;0.690684
3327;0.208992;-0.931631;5.76986;1.06837;5.76986;-0.00134057;6.70283;-0.608609;0.690878
3328;0.208992;-0.931631;5.76986;1.06837;5.76986;-0.00134057;6.70283;-0.608799;0.691071
3329;0.208992;-0.931631;5.76986;1.06837;5.76986;-0.00134057;6.70283;-0.608989;0.691265
3330;0.208992;-0.931631;5.76986;1.06837;5.76986;-0.00134057;6.70283;-0.609178;0.691458
3331;0.208992;-0.931631;5.76986;1.06837;5.76986;-0.00134057;6.70283;-0.609368;0.691652
3332;0.208992;-0.931631;5.76986;1.06837;5.76986;-0.00134057;6.70283;-0.609558;0.691845
3333;0.208992;-0.931631;5.76986;1.06837;5.76986;-0.00134057;6.70283;-0.609748;0.692039
3334;0.208992;-0.931631;5.76986;1.06837;5.76986;-0.00134057;6.70283;-0.609937;0.692233
3335;0.208992;-0.931631;5.76986;1.06837;5.76986;-0.00134057;6.70283;-0.610127;0.692426
3336;0.208992;-0.931631;5.76986;1.06837;5.76986;-0.00134057;6.70283;-0.610317;0.69262
3337;0.208992;-0.931631;5.76986;1.06837;5.76986;-0.00134057;6.70283;-0.610506;0.692813
3338;0.208992;-0.931631;5.76986;1.06837;5.76986;-0.00134057;6.70283;-0.610696;0.693007
3339;0.208992;-0.931631;5.76986;1.06837;5.76986;-0.00134057;6.70283;-0.610886;0.6932
3340;0.208992;-0.931631;5.76986;1.06837;5.76986;-0.00134057;6.70283;-0.611075;0.693394
3341;0.208992;-0.931631;5.76986;1.06837;5.76986;-0.00134057;6.70283;-0.611265;0.693587
3342;0.208992;-0.931631;5.76986;1.06837;5.76986;-0.00134057;6.70283;-0.611455;0.693781
3343;0.208992;-0.931631;5.76986;1.06837;5.76986;-0.00134057;6.70283;-0.611644;0.693975
3344;0.208992;-0.931631;5.76986;1.06837;5.76986;-0.00134057;6.70283;-0.611834;0.694168
3345;0.208992;-0.931631;5.76986;1.06837;5.76986;-0.00134057;6.70283;-0.612024;0.694362
3346;0.208992;-0.931631;5.76986;1.06837;5.76986;-0.00134057;6.70283;-0.612214;0.694555
3347;0.208992;-0.931631;5.76986;1.06837;5.76986;-0.00134057;6.70283;-0.612403;0.694749
3348;0.208992;-0.931631;5.76986;1.06837;5.76986;-0.00134057;6.70283;-0.612593;0.694942
3349;0.208992;-0.931631;5.76986;1.06837;5.76986;-0.00134057;6.70283;-0.612783;0.695136
3350;0.208992;-0.931631;5.76986;1.06837;5.76986;-0.00134057;6.70283;-0.612972;0.695329
3351;0.208992;-0.931631;5.76986;1.06837;5.76986;-0.00134057;6.70283;-0.613162;0.695523
3352;0.208992;-0.931631;5.76986;1.06837;5.76986;-0.00134057;6.70283;-0.613352;0.695717
3353;0.208992;-0.931631;5.76986;1.06837;5.76986;-0.00134057;6.70283;-0.613541;0.69591
3354;0.208992;-0.931631;5.76986;1.06837;5.76986;-0.00134057;6.70283;-0.613731;0.696104
3355;0.208992;-0.931631;5.76986;1.06837;5.76986;-0.00134057;6.70283;-0.613921;0.696297
3356;0.208992;-0.931631;5.76986;1.06837;5.76986;-0.00134057;6.70283;-0.61411;0.696491
3357;0.208992;-0.931631;5.76986;1.06837;5.76986;-0.00134057;6.70283;-0.6143;0.696684
3358;0.208992;-0.931631;5.76986;1.06837;5.76986;-0.00134057;6.70283;-0.61449;0.696878
3359;0.208992;-0.931631;5.76986;1.06837;5.76986;-0.00134057;6.70283;-0.61468;0.697071
3360;0.208992;-0.931631;5.76986;1.06837;5.76986;-0.00134057;6.70283;-0.614869;0.697265
3361;0.208992;-0.931631;5.76986;1.06837;5.76986;-0.00134057;6.70283;-0.615059;0.697459
3362;0.208992;-0.931631;5.76986;1.06837;5.76986;-0.00134057;6.70283;-0.615249;0.697652
3363;0.208992;-0.931631;5.76986;1.06837;5.76986;-0.00134057;6.70283;-0.615438;0.697846
3364;0.208992;-0.931631;5.76986;1.06837;5.76986;-0.00134057;6.70283;-0.615628;0.698039
3365;0.208992;-0.931631;5.76986;1.06837;5.76986;-0.00134057;6.70283;-0.615818;0.698233
3366;0.208992;-0.931631;5.76986;1.06837;5.76986;-0.00134057;6.70283;-0.616007;0.698426
3367;0.208992;-0.931631;5.76986;1.06837;5.76986;-0.00134057;6.70283;-0.616197;0.69862
3368;0.208992;-0.931631;5.76986;1.06837;5.76986;-0.00134057;6.70283;-0.616387;0.698814
3369;0.208992;-0.931631;5.76986;1.06837;5.76986;-0.00134057;6.70283;-0.616576;0.699007
3370;0.208992;-0.931631;5.76986;1.06837;5.76986;-0.00134057;6.70283;-0.616766;0.699201
3371;0.208992;-0.931631;5.76986;1.06837;5.76986;-0.00134057;6.70283;-0.616956;0.699394
3372;0.208992;-0.931631;5.76986;1.06837;5.76986;-0.00134057;6.70283;-0.617145;0.699588
3373;0.208992;-0.931631;5.76985;1.06837;5.76985;-0.00134057;6.70283;-0.617335;0.699781
3374;0.208992;-0.931631;5.76985;1.06837;5.76985;-0.00134057;6.70283;-0.617525;0.699975
3375;0.208992;-0.931631;5.76985;1.06837;5.76985;-0.00134057;6.70283;-0.617715;0.700168
3376;0.208992;-0.931631;5.76985;1.06837;5.76985;-0.00134057;6.70283;-0.617904;0.700362
3377;0.208992;-0.931631;5.76985;1.06837;5.76985;-0.00134057;6.70283;-0.618094;0.700556
3378;0.208992;-0.931631;5.76985;1.06837;5.76985;-0.00134057;6.70283;-0.618284;0.700749
3379;0.208992;-0.931631;5.76985;1.06837;5.76985;-0.00134057;6.70283;-0.618473;0.700943
3380;0.208992;-0.931631;5.76985;1.06837;5.76985;-0.00134057;6.70283;-0.618663;0.701136
3381;0.208992;-0.931631;5.76985;1.06837;5.76985;-0.00134057;6.70283;-0.618853;0.70133
3382;0.208992;-0.931631;5.76985;1.06837;5.76985;-0.00134057;6.70283;-0.619042;0.701523
3383;0.208992;-0.931631;5.76985;1.06837;5.76985;-0.00134057;6.70283;-0.619232;0.701717
3384;0.208992;-0.931631;5.76985;1.06837;5.76985;-0.00134057;6.70283;-0.619422;0.70191
3385;0.208992;-0.931631;5.76985;1.06837;5.76985;-0.00134057;6.70283;-0.619611;0.702104
3386;0.208992;-0.931631;5.76985;1.06837;5.76985;-0.00134057;6.70283;-0.619801;0.702298
3387;0.208992;-0.931631;5.76985;1.06837;5.76985;-0.00134057;6.70283;-0.619991;0.702491
3388;0.208992;-0.931631;5.76985;1.06837;5.76985;-0.00134057;6.70283;-0.620181;0.702685
3389;0.208992;-0.931631;5.76985;1.06837;5.76985;-0.00134057;6.70283;-0.62037;0.702878
3390;0.208992;-0.931631;5.76985;1.06837;5.76985;-0.00134057;6.70283;-0.62056;0.703072
3391;0.208992;-0.931631;5.76985;1.06837;5.76985;-0.00134057;6.70283;-0.62075;0.703265
3392;0.208992;-0.931631;5.76985;1.06837;5.76985;-0.00134057;6.70283;-0.620939;0.703459
3393;0.208992;-0.931631;5.76985;1.06837;5.76985;-0.00134057;6.70283;-0.621129;0.703652
3394;0.208992;-0.931631;5.76985;1.06837;5.76985;-0.00134057;6.70283;-0.621319;0.703846
3395;0.208992;-0.931631;5.76985;1.06837;5.76985;-0.00134057;6.70283;-0.621508;0.70404
3396;0.208992;-0.931631;5.76985;1.06837;5.76985;-0.00134057;6.70283;-0.621698;0.704233
3397;0.208992;-0.931631;5.76985;1.06837;5.76985;-0.00134057;6.70283;-0.621888;0.704427
3398;0.208992;-0.931631;5.76985;1.06837;5.76985;-0.00134057;6.70283;-0.622077;0.70462
3399;0.208992;-0.931631;5.76985;1.06837;5.76985;-0.00134057;6.70283;-0.622267;0.704814
3400;0.208992;-0.931631;5.76985;1.06837;5.76985;-0.00134057;6.70283;-0.622457;0.705007
3401;0.208992;-0.931631;5.76985;1.06837;5.76985;-0.00134057;6.70283;-0.622647;0.705201
3402;0.208992;-0.931631;5.76985;1.06837;5.76985;-0.00134057;6.70283;-0.622836;0.705394
3403;0.208992;-0.931631;5.76985;1.06837;5.76985;-0.00134057;6.70283;-0.623026;0.705588
3404;0.208992;-0.931631;5.76985;1.06837;5.76985;-0.00134057;6.70283;-0.623216;0.705782
3405;0.208992;-0.931631;5.76985;1.06837;5.76985;-0.00134057;6.70283;-0.623405;0.705975
3406;0.208992;-0.931631;5.76985;1.06837;5.76985;-0.00134057;6.70283;-0.623595;0.706169
3407;0.208992;-0.931631;5.76985;1.06837;5.76985;-0.00134057;6.70283;-0.623785;0.706362
3408;0.208992;-0.931631;5.76985;1.06837;5.76985;-0.00134057;6.70283;-0.623974;0.706556
3409;0.208992;-0.931631;5.76985;1.06837;5.76985;-0.00134057;6.70283;-0.624164;0.706749
3410;0.208992;-0.931631;5.76985;1.06837;5.76985;-0.00134057;6.70283;-0.624354;0.706943
3411;0.208992;-0.931631;5.76985;1.06837;5.76985;-0.00134057;6.70283;-0.624543;0.707136
3412;0.208992;-0.931631;5.76985;1.06837;5.76985;-0.00134057;6.70283;-0.624733;0.70733
3413;0.208992;-0.931631;5.76985;1.06837;5.76985;-0.00134057;6.70283;-0.624923;0.707524
3414;0.208992;-0.931631;5.76985;1.06837;5.76985;-0.00134056;6.70282;-0.625112;0.707717
3415;0.208992;-0.931631;5.76985;1.06837;5.76985;-0.00134056;6.70282;-0.625302;0.707911
3416;0.208992;-0.931631;5.76985;1.06837;5.76985;-0.00134056;6.70282;-0.625492;0.708104
3417;0.208992;-0.931631;5.76985;1.06837;5.76985;-0.00134056;6.70282;-0.625682;0.708298
3418;0.208992;-0.931631;5.76985;1.06837;5.76985;-0.00134056;6.70282;-0.625871;0.708491
3419;0.208992;-0.931631;5.76985;1.06837;5.76985;-0.00134056;6.70282;-0.626061;0.708685
3420;0.208992;-0.931631;5.76985;1.06837;5.76985;-0.00134056;6.70282;-0.626251;0.708878
3421;0.208992;-0.931631;5.76985;1.06837;5.76985;-0.00134056;6.70282;-0.62644;0.709072
3422;0.208992;-0.931631;5.76985;1.06837;5.76985;-0.00134056;6.70282;-0.62663;0.709266
3423;0.208992;-0.931631;5.76985;1.06837;5.76985;-0.00134056;6.70282;-0.62682;0.709459
3424;0.208992;-0.931631;5.76985;1.06837;5.76985;-0.00134056;6.70282;-0.627009;0.709653
3425;0.208992;-0.931631;5.76985;1.06837;5.76985;-0.00134056;6.70282;-0.627199;0.709846
3426;0.208992;-0.931631;5.76985;1.06837;5.76985;-0.00134056;6.70282;-0.627389;0.71004
3427;0.208992;-0.931631;5.76985;1.06837;5.76985;-0.00134056;6.70282;-0.627578;0.710233
3428;0.208992;-0.931631;5.76985;1.06837;5.76985;-0.00134056;6.70282;-0.627768;0.710427
3429;0.208992;-0.931631;5.76985;1.06837;5.76985;-0.00134056;6.70282;-0.627958;0.71062
3430;0.208992;-0.931631;5.76985;1.06837;5.76985;-0.00134056;6.70282;-0.628148;0.710814
3431;0.208992;-0.931631;5.76985;1.06837;5.76985;-0.00134056;6.70282;-0.628337;0.711008
3432;0.208992;-0.931631;5.76985;1.06837;5.76985;-0.00134056;6.70282;-0.628527;0.711201
3433;0.208992;-0.931631;5.76985;1.06837;5.76985;-0.00134056;6.70282;-0.628717;0.711395
3434;0.208992;-0.931631;5.76985;1.06837;5.76985;-0.00134056;6.70282;-0.628906;0.711588
3435;0.208992;-0.931631;5.76985;1.06837;5.76985;-0.00134056;6.70282;-0.629096;0.711782
3436;0.208992;-0.931631;5.76985;1.06837;5.76985;-0.00134056;6.70282;-0.629286;0.711975
3437;0.208992;-0.931631;5.76985;1.06837;5.76985;-0.00134056;6.70282;-0.629475;0.712169
3438;0.208992;-0.931631;5.76985;1.06837;5.76985;-0.00134056;6.70282;-0.629665;0.712362
3439;0.208992;-0.931631;5.76985;1.06837;5.76985;-0.00134056;6.70282;-0.629855;0.712556
3440;0.208992;-0.931631;5.76985;1.06837;5.76985;-0.00134056;6.70282;-0.630044;0.71275
3441;0.208992;-0.931631;5.76985;1.06837;5.76985;-0.00134056;6.70282;-0.630234;0.712943
3442;0.208992;-0.931631;5.76985;1.06837;5.76985;-0.00134056;6.70282;-0.630424;0.713137
3443;0.208992;-0.931631;5.76985;1.06837;5.76985;-0.00134056;6.70282;-0.630614;0.71333
3444;0.208992;-0.931631;5.76985;1.06837;5.76985;-0.00134056;6.70282;-0.630803;0.713524
3445;0.208992;-0.931631;5.76985;1.06837;5.76985;-0.00134056;6.70282;-0.630993;0.713717
3446;0.208992;-0.931631;5.76985;1.06837;5.76985;-0.00134056;6.70282;-0.631183;0.713911
3447;0.208992;-0.931631;5.76985;1.06837;5.76985;-0.00134056;6.70282;-0.631372;0.714104
3448;0.208992;-0.931631;5.76985;1.06837;5.76985;-0.00134056;6.70282;-0.631562;0.714298
3449;0.208992;-0.931631;5.76985;1.06837;5.76985;-0.00134056;6.70282;-0.631752;0.714492
3450;0.208992;-0.931631;5.76985;1.06837;5.76985;-0.00134056;6.70282;-0.631941;0.714685
3451;0.208992;-0.931631;5.76985;1.06837;5.76985;-0.00134056;6.70282;-0.632131;0.714879
3452;0.208992;-0.931631;5.76985;1.06837;5.76985;-0.00134056;6.70282;-0.632321;0.715072
3453;0.208992;-0.931631;5.76985;1.06837;5.76985;-0.00134056;6.70282;-0.63251;0.715266
3454;0.208992;-0.931631;5.76985;1.06837;5.76985;-0.00134056;6.70282;-0.6327;0.715459
3455;0.208992;-0.931631;5.76985;1.06837;5.76985;-0.00134056;6.70282;-0.63289;0.715653
3456;0.208992;-0.931631;5.76985;1.06837;5.76985;-0.00134056;6.70282;-0.633079;0.715846
3457;0.208992;-0.931631;5.76985;1.06837;5.76985;-0.00134056;6.70282;-0.633269;0.71604
3458;0.208992;-0.931631;5.76985;1.06837;5.76985;-0.00134056;6.70282;-0.633459;0.716234
3459;0.208992;-0.931631;5.76985;1.06837;5.76985;-0.00134056;6.70282;-0.633649;0.716427
3460;0.208992;-0.931631;5.76985;1.06837;5.76985;-0.00134056;6.70282;-0.633838;0.716621
3461;0.208992;-0.931631;5.76985;1.06837;5.76985;-0.00134056;6.70282;-0.634028;0.716814
3462;0.208993;-0.931631;5.76985;1.06837;5.76985;-0.00134056;6.70282;-0.634218;0.717008
3463;0.208993;-0.931631;5.76985;1.06837;5.76985;-0.00134056;6.70282;-0.634407;0.717201
3464;0.208993;-0.931631;5.76985;1.06837;5.76985;-0.00134056;6.70282;-0.634597;0.717395
3465;0.208993;-0.931631;5.76985;1.06837;5.76985;-0.00134056;6.70282;-0.634787;0.717589
3466;0.208993;-0.931631;5.76985;1.06837;5.76985;-0.00134056;6.70282;-0.634976;0.717782
3467;0.208993;-0.931631;5.76985;1.06837;5.76985;-0.00134056;6.70282;-0.635166;0.717976
3468;0.208993;-0.931631;5.76985;1.06837;5.76985;-0.00134056;6.70282;-0.635356;0.718169
3469;0.208993;-0.931631;5.76985;1.06837;5.76985;-0.00134056;6.70282;-0.635545;0.718363
3470;0.208993;-0.931631;5.76985;1.06837;5.76985;-0.00134056;6.70282;-0.635735;0.718556
3471;0.208993;-0.931631;5.76985;1.06837;5.76985;-0.00134056;6.70282;-0.635925;0.71875
3472;0.208993;-0.931631;5.76985;1.06837;5.76985;-0.00134056;6.70282;-0.636115;0.718943
3473;0.208993;-0.931631;5.76985;1.06837;5.76985;-0.00134056;6.70282;-0.636304;0.719137
3474;0.208993;-0.931631;5.76985;1.06837;5.76985;-0.00134056;6.70282;-0.636494;0.719331
3475;0.208993;-0.931631;5.76985;1.06837;5.76985;-0.00134056;6.70282;-0.636684;0.719524
3476;0.208993;-0.931631;5.76985;1.06837;5.76985;-0.00134056;6.70282;-0.636873;0.719718
3477;0.208993;-0.931631;5.76985;1.06837;5.76985;-0.00134056;6.70282;-0.637063;0.719911
3478;0.208993;-0.931631;5.76985;1.06837;5.76985;-0.00134056;6.70282;-0.637253;0.720105
3479;0.208993;-0.931631;5.76985;1.06837;5.76985;-0.00134056;6.70282;-0.637442;0.720298
3480;0.208993;-0.931631;5.76985;1.06837;5.76985;-0.00134056;6.70282;-0.637632;0.720492
3481;0.208993;-0.931631;5.76985;1.06837;5.76985;-0.00134056;6.70282;-0.637822;0.720685
3482;0.208993;-0.931631;5.76985;1.06837;5.76985;-0.00134056;6.70282;-0.638011;0.720879
3483;0.208993;-0.931631;5.76985;1.06837;5.76985;-0.00134056;6.70282;-0.638201;0.721073
3484;0.208993;-0.931631;5.76985;1.06837;5.76985;-0.00134056;6.70282;-0.638391;0.721266
3485;0.208993;-0.931631;5.76985;1.06837;5.76985;-0.00134056;6.70282;-0.63858;0.72146
3486;0.208993;-0.931631;5.76985;1.06837;5.76985;-0.00134056;6.70282;-0.63877;0.721653
3487;0.208993;-0.931631;5.76985;1.06837;5.76985;-0.00134056;6.70282;-0.63896;0.721847
3488;0.208993;-0.931631;5.76985;1.06837;5.76985;-0.00134056;6.70282;-0.63915;0.72204
3489;0.208993;-0.931631;5.76985;1.06837;5.76985;-0.00134056;6.70282;-0.639339;0.722234
3490;0.208993;-0.931631;5.76985;1.06837;5.76985;-0.00134056;6.70282;-0.639529;0.722427
3491;0.208993;-0.931631;5.76985;1.06837;5.76985;-0.00134056;6.70282;-0.639719;0.722621
3492;0.208993;-0.931631;5.76985;1.06837;5.76985;-0.00134056;6.70282;-0.639908;0.722815
3493;0.208993;-0.931631;5.76985;1.06837;5.76985;-0.00134056;6.70282;-0.640098;0.723008
3494;0.208993;-0.931631;5.76985;1.06837;5.76985;-0.00134056;6.70282;-0.640288;0.723202
3495;0.208993;-0.931631;5.76985;1.06837;5.76985;-0.00134056;6.70282;-0.640477;0.723395
3496;0.208993;-0.931631;5.76985;1.06837;5.76985;-0.00134056;6.70282;-0.640667;0.723589
3497;0.208993;-0.931631;5.76985;1.06837;5.76985;-0.00134056;6.70282;-0.640857;0.723782
3498;0.208993;-0.931631;5.76985;1.06837;5.76985;-0.00134056;6.70282;-0.641046;0.723976
3499;0.208993;-0.931631;5.76985;1.06837;5.76985;-0.00134056;6.70282;-0.641236;0.724169
3500;0.208993;-0.931631;5.76985;1.06837;5.76985;-0.00134056;6.70282;-0.641426;0.724363
3501;0.208993;-0.931631;5.76985;1.06837;5.76985;-0.00134056;6.70282;-0.641616;0.724557
3502;0.208993;-0.931631;5.76985;1.06837;5.76985;-0.00134056;6.70282;-0.641805;0.72475
3503;0.208993;-0.931631;5.76985;1.06837;5.76985;-0.00134056;6.70282;-0.641995;0.724944
3504;0.208993;-0.931631;5.76985;1.06837;5.76985;-0.00134056;6.70282;-0.642185;0.725137
3505;0.208993;-0.931631;5.76985;1.06837;5.76985;-0.00134056;6.70282;-0.642374;0.725331
3506;0.208993;-0.931631;5.76985;1.06837;5.76985;-0.00134056;6.70282;-0.642564;0.725524
3507;0.208993;-0.931631;5.76985;1.06837;5.76985;-0.00134056;6.70282;-0.642754;0.725718
3508;0.208993;-0.931631;5.76985;1.06837;5.76985;-0.00134056;6.70282;-0.642943;0.725911
3509;0.208993;-0.931631;5.76985;1.06837;5.76985;-0.00134056;6.70282;-0.643133;0.726105
3510;0.208993;-0.931631;5.76985;1.06837;5.76985;-0.00134056;6.70282;-0.643323;0.726299
3511;0.208993;-0.931631;5.76985;1.06837;5.76985;-0.00134056;6.70282;-0.643512;0.726492
3512;0.208993;-0.931631;5.76985;1.06837;5.76985;-0.00134056;6.70282;-0.643702;0.726686
3513;0.208993;-0.931631;5.76985;1.06837;5.76985;-0.00134056;6.70282;-0.643892;0.726879
3514;0.208993;-0.931631;5.76985;1.06837;5.76985;-0.00134056;6.70282;-0.644082;0.727073
3515;0.208993;-0.931631;5.76985;1.06837;5.76985;-0.00134056;6.70282;-0.644271;0.727266
3516;0.208993;-0.931631;5.76985;1.06837;5.76985;-0.00134056;6.70282;-0.644461;0.72746
3517;0.208993;-0.931631;5.76985;1.06837;5.76985;-0.00134056;6.70282;-0.644651;0.727653
3518;0.208993;-0.931631;5.76985;1.06837;5.76985;-0.00134056;6.70282;-0.64484;0.727847
3519;0.208993;-0.931631;5.76985;1.06837;5.76985;-0.00134056;6.70282;-0.64503;0.728041
3520;0.208993;-0.931631;5.76985;1.06837;5.76985;-0.00134056;6.70282;-0.64522;0.728234
3521;0.208993;-0.931631;5.76985;1.06837;5.76985;-0.00134056;6.70282;-0.645409;0.728428
3522;0.208993;-0.931631;5.76985;1.06837;5.76985;-0.00134056;6.70282;-0.645599;0.728621
3523;0.208993;-0.931631;5.76985;1.06837;5.76985;-0.00134056;6.70282;-0.645789;0.728815
3524;0.208993;-0.931631;5.76985;1.06837;5.76985;-0.00134056;6.70282;-0.645978;0.729008
3525;0.208993;-0.931631;5.76985;1.06837;5.76985;-0.00134056;6.70282;-0.646168;0.729202
3526;0.208993;-0.931631;5.76985;1.06837;5.76985;-0.00134056;6.70282;-0.646358;0.729395
3527;0.208993;-0.931631;5.76985;1.06837;5.76985;-0.00134056;6.70282;-0.646547;0.729589
3528;0.208993;-0.931631;5.76985;1.06837;5.76985;-0.00134056;6.70282;-0.646737;0.729783
3529;0.208993;-0.931631;5.76985;1.06837;5.76985;-0.00134056;6.70282;-0.646927;0.729976
3530;0.208993;-0.931631;5.76985;1.06837;5.76985;-0.00134056;6.70282;-0.647117;0.73017
3531;0.208993;-0.931631;5.76985;1.06837;5.76985;-0.00134056;6.70282;-0.647306;0.730363
3532;0.208993;-0.931631;5.76985;1.06837;5.76985;-0.00134056;6.70282;-0.647496;0.730557
3533;0.208993;-0.931631;5.76985;1.06837;5.76985;-0.00134056;6.70282;-0.647686;0.73075
3534;0.208993;-0.931631;5.76985;1.06837;5.76985;-0.00134056;6.70282;-0.647875;0.730944
3535;0.208993;-0.931631;5.76985;1.06837;5.76985;-0.00134056;6.70282;-0.648065;0.731137
3536;0.208993;-0.931631;5.76985;1.06837;5.76985;-0.00134056;6.70282;-0.648255;0.731331
3537;0.208993;-0.931631;5.76985;1.06837;5.76985;-0.00134056;6.70282;-0.648444;0.731525
3538;0.208993;-0.931631;5.76985;1.06837;5.76985;-0.00134056;6.70282;-0.648634;0.731718
3539;0.208993;-0.931631;5.76985;1.06837;5.76985;-0.00134056;6.70282;-0.648824;0.731912
3540;0.208993;-0.931631;5.76985;1.06837;5.76985;-0.00134056;6.70282;-0.649013;0.732105
3541;0.208993;-0.931631;5.76985;1.06837;5.76985;-0.00134056;6.70282;-0.649203;0.732299
3542;0.208993;-0.931631;5.76985;1.06837;5.76985;-0.00134056;6.70282;-0.649393;0.732492
3543;0.208993;-0.931631;5.76985;1.06837;5.76985;-0.00134056;6.70282;-0.649583;0.732686
3544;0.208993;-0.931631;5.76985;1.06837;5.76985;-0.00134056;6.70282;-0.649772;0.732879
3545;0.208993;-0.931631;5.76985;1.06837;5.76985;-0.00134056;6.70282;-0.649962;0.733073
3546;0.208993;-0.931631;5.76985;1.06837;5.76985;-0.00134056;6.70282;-0.650152;0.733267
3547;0.208993;-0.931631;5.76985;1.06837;5.76985;-0.00134056;6.70282;-0.650341;0.73346
3548;0.208993;-0.931631;5.76985;1.06837;5.76985;-0.00134056;6.70282;-0.650531;0.733654
3549;0.208993;-0.931631;5.76985;1.06837;5.76985;-0.00134056;6.70282;-0.650721;0.733847
3550;0.208993;-0.931631;5.76985;1.06837;5.76985;-0.00134056;6.70282;-0.65091;0.734041
3551;0.208993;-0.931631;5.76985;1.06837;5.76985;-0.00134056;6.70282;-0.6511;0.734234
3552;0.208993;-0.931631;5.76985;1.06837;5.76985;-0.00134056;6.70282;-0.65129;0.734428
3553;0.208993;-0.931631;5.76985;1.06837;5.76985;-0.00134056;6.70282;-0.651479;0.734621
3554;0.208993;-0.931631;5.76985;1.06837;5.76985;-0.00134056;6.70282;-0.651669;0.734815
3555;0.208993;-0.931631;5.76985;1.06837;5.76985;-0.00134056;6.70282;-0.651859;0.735009
3556;0.208993;-0.931631;5.76985;1.06837;5.76985;-0.00134056;6.70282;-0.652048;0.735202
3557;0.208993;-0.931631;5.76985;1.06837;5.76985;-0.00134056;6.70282;-0.652238;0.735396
3558;0.208993;-0.931631;5.76985;1.06837;5.76985;-0.00134056;6.70282;-0.652428;0.735589
3559;0.208993;-0.931631;5.76985;1.06837;5.76985;-0.00134056;6.70282;-0.652618;0.735783
3560;0.208993;-0.931631;5.76985;1.06837;5.76985;-0.00134056;6.70282;-0.652807;0.735976
3561;0.208993;-0.931631;5.76985;1.06837;5.76985;-0.00134056;6.70282;-0.652997;0.73617
3562;0.208993;-0.931631;5.76985;1.06837;5.76985;-0.00134056;6.70282;-0.653187;0.736363
3563;0.208993;-0.931631;5.76985;1.06837;5.76985;-0.00134056;6.70282;-0.653376;0.736557
3564;0.208993;-0.931631;5.76985;1.06837;5.76985;-0.00134056;6.70282;-0.653566;0.736751
3565;0.208993;-0.931631;5.76985;1.06837;5.76985;-0.00134056;6.70282;-0.653756;0.736944
3566;0.208993;-0.931631;5.76985;1.06837;5.76985;-0.00134056;6.70282;-0.653945;0.737138
3567;0.208993;-0.931631;5.76985;1.06837;5.76985;-0.00134056;6.70282;-0.654135;0.737331
3568;0.208993;-0.931631;5.76985;1.06837;5.76985;-0.00134056;6.70282;-0.654325;0.737525
3569;0.208993;-0.931631;5.76985;1.06837;5.76985;-0.00134056;6.70282;-0.654514;0.737718
3570;0.208993;-0.931631;5.76985;1.06837;5.76985;-0.00134056;6.70282;-0.654704;0.737912
3571;0.208993;-0.931631;5.76985;1.06837;5.76985;-0.00134056;6.70282;-0.654894;0.738106
3572;0.208993;-0.931631;5.76985;1.06837;5.76985;-0.00134056;6.70282;-0.655084;0.738299
3573;0.208993;-0.931631;5.76985;1.06837;5.76985;-0.00134056;6.70282;-0.655273;0.738493
3574;0.208993;-0.931631;5.76985;1.06837;5.76985;-0.00134056;6.70282;-0.655463;0.738686
3575;0.208993;-0.931631;5.76985;1.06837;5.76985;-0.00134056;6.70282;-0.655653;0.73888
3576;0.208993;-0.931631;5.76985;1.06837;5.76985;-0.00134056;6.70282;-0.655842;0.739073
3577;0.208993;-0.931631;5.76985;1.06837;5.76985;-0.00134056;6.70282;-0.656032;0.739267
3578;0.208993;-0.931631;5.76985;1.06837;5.76985;-0.00134056;6.70282;-0.656222;0.73946
3579;0.208993;-0.931631;5.76985;1.06837;5.76985;-0.00134056;6.70282;-0.656411;0.739654
3580;0.208993;-0.931631;5.76985;1.06837;5.76985;-0.00134056;6.70282;-0.656601;0.739848
3581;0.208993;-0.931631;5.76985;1.06837;5.76985;-0.00134056;6.70282;-0.656791;0.740041
3582;0.208993;-0.931631;5.76985;1.06837;5.76985;-0.00134056;6.70282;-0.65698;0.740235
3583;0.208993;-0.931631;5.76985;1.06837;5.76985;-0.00134056;6.70282;-0.65717;0.740428
3584;0.208993;-0.931631;5.76985;1.06837;5.76985;-0.00134056;6.70282;-0.65736;0.740622
3585;0.208993;-0.931631;5.76985;1.06837;5.76985;-0.00134056;6.70282;-0.657549;0.740815
3586;0.208993;-0.931631;5.76985;1.06837;5.76985;-0.00134056;6.70282;-0.657739;0.741009
3587;0.208993;-0.931631;5.76985;1.06837;5.76985;-0.00134056;6.70282;-0.657929;0.741202
3588;0.208993;-0.931631;5.76985;1.06837;5.76985;-0.00134056;6.70282;-0.658119;0.741396
3589;0.208993;-0.931631;5.76985;1.06837;5.76985;-0.00134056;6.70282;-0.658308;0.74159
3590;0.208993;-0.931631;5.76985;1.06837;5.76985;-0.00134056;6.70282;-0.658498;0.741783
3591;0.208993;-0.931631;5.76985;1.06837;5.76985;-0.00134056;6.70282;-0.658688;0.741977
3592;0.208993;-0.931631;5.76985;1.06837;5.76985;-0.00134056;6.70282;-0.658877;0.74217
3593;0.208993;-0.931631;5.76985;1.06837;5.76985;-0.00134056;6.70282;-0.659067;0.742364
3594;0.208993;-0.931631;5.76985;1.06837;5.76985;-0.00134056;6.70282;-0.659257;0.742557
3595;0.208993;-0.931631;5.76985;1.06837;5.76985;-0.00134056;6.70282;-0.659446;0.742751
3596;0.208993;-0.931631;5.76985;1.06837;5.76985;-0.00134056;6.70282;-0.659636;0.742944
3597;0.208993;-0.931631;5.76985;1.06837;5.76985;-0.00134056;6.70282;-0.659826;0.743138
3598;0.208993;-0.931631;5.76985;1.06837;5.76985;-0.00134056;6.70282;-0.660015;0.743332
3599;0.208993;-0.931631;5.76985;1.06837;5.76985;-0.00134056;6.70282;-0.660205;0.743525
3600;0.208993;-0.931631;5.76985;1.06837;5.76985;-0.00134056;6.70282;-0.660395;0.743719
3601;0.208993;-0.931631;5.76985;1.06837;5.76985;-0.00134056;6.70282;-0.660585;0.743912
3602;0.208993;-0.931631;5.76985;1.06837;5.76985;-0.00134056;6.70282;-0.660774;0.744106
3603;0.208993;-0.931631;5.76985;1.06837;5.76985;-0.00134056;6.70282;-0.660964;0.744299
3604;0.208993;-0.931631;5.76985;1.06837;5.76985;-0.00134056;6.70282;-0.661154;0.744493
3605;0.208993;-0.931631;5.76985;1.06837;5.76985;-0.00134056;6.70282;-0.661343;0.744686
3606;0.208993;-0.931631;5.76985;1.06837;5.76985;-0.00134056;6.70282;-0.661533;0.74488
3607;0.208993;-0.931631;5.76984;1.06837;5.76984;-0.00134056;6.70282;-0.661723;0.745074
3608;0.208993;-0.931631;5.76984;1.06837;5.76984;-0.00134056;6.70282;-0.661912;0.745267
3609;0.208993;-0.931631;5.76984;1.06837;5.76984;-0.00134056;6.70282;-0.662102;0.745461
3610;0.208993;-0.931631;5.76984;1.06837;5.76984;-0.00134056;6.70282;-0.662292;0.745654
3611;0.208993;-0.931631;5.76984;1.06837;5.76984;-0.00134056;6.70282;-0.662481;0.745848
3612;0.208993;-0.931631;5.76984;1.06837;5.76984;-0.00134056;6.70282;-0.662671;0.746041
3613;0.208993;-0.931631;5.76984;1.06837;5.76984;-0.00134056;6.70282;-0.662861;0.746235
3614;0.208993;-0.931631;5.76984;1.06837;5.76984;-0.00134056;6.70282;-0.663051;0.746428
3615;0.208993;-0.931631;5.76984;1.06837;5.76984;-0.00134056;6.70282;-0.66324;0.746622
3616;0.208993;-0.931631;5.76984;1.06837;5.76984;-0.00134056;6.70282;-0.66343;0.746816
3617;0.208993;-0.931631;5.76984;1.06837;5.76984;-0.00134056;6.70282;-0.66362;0.747009
3618;0.208993;-0.931631;5.76984;1.06837;5.76984;-0.00134056;6.70282;-0.663809;0.747203
3619;0.208993;-0.931631;5.76984;1.06837;5.76984;-0.00134056;6.70282;-0.663999;0.747396
3620;0.208993;-0.931631;5.76984;1.06837;5.76984;-0.00134056;6.70282;-0.664189;0.74759
3621;0.208993;-0.931631;5.76984;1.06837;5.76984;-0.00134056;6.70282;-0.664378;0.747783
3622;0.208993;-0.931631;5.76984;1.06837;5.76984;-0.00134056;6.70282;-0.664568;0.747977
3623;0.208993;-0.931631;5.76984;1.06837;5.76984;-0.00134056;6.70282;-0.664758;0.74817
3624;0.208993;-0.931631;5.76984;1.06837;5.76984;-0.00134056;6.70282;-0.664947;0.748364
3625;0.208993;-0.931631;5.76984;1.06837;5.76984;-0.00134056;6.70282;-0.665137;0.748558
3626;0.208993;-0.931631;5.76984;1.06837;5.76984;-0.00134056;6.70282;-0.665327;0.748751
3627;0.208993;-0.931631;5.76984;1.06837;5.76984;-0.00134056;6.70282;-0.665516;0.748945
3628;0.208993;-0.931631;5.76984;1.06837;5.76984;-0.00134056;6.70282;-0.665706;0.749138
3629;0.208993;-0.931631;5.76984;1.06837;5.76984;-0.00134056;6.70282;-0.665896;0.749332
3630;0.208993;-0.931631;5.76984;1.06837;5.76984;-0.00134056;6.70282;-0.666086;0.749525
3631;0.208993;-0.931631;5.76984;1.06837;5.76984;-0.00134056;6.70282;-0.666275;0.749719
3632;0.208993;-0.931631;5.76984;1.06837;5.76984;-0.00134056;6.70282;-0.666465;0.749912
3633;0.208993;-0.931631;5.76984;1.06837;5.76984;-0.00134056;6.70282;-0.666655;0.750106
3634;0.208993;-0.931631;5.76984;1.06837;5.76984;-0.00134056;6.70282;-0.666844;0.7503
3635;0.208993;-0.931631;5.76984;1.06837;5.76984;-0.00134056;6.70282;-0.667034;0.750493
3636;0.208993;-0.931631;5.76984;1.06837;5.76984;-0.00134056;6.70282;-0.667224;0.750687
3637;0.208993;-0.931631;5.76984;1.06837;5.76984;-0.00134056;6.70282;-0.667413;0.75088
3638;0.208993;-0.931631;5.76984;1.06837;5.76984;-0.00134056;6.70282;-0.667603;0.751074
3639;0.208993;-0.931631;5.76984;1.06837;5.76984;-0.00134056;6.70282;-0.667793;0.751267
3640;0.208993;-0.931631;5.76984;1.06837;5.76984;-0.00134056;6.70282;-0.667982;0.751461
3641;0.208993;-0.931631;5.76984;1.06837;5.76984;-0.00134056;6.70282;-0.668172;0.751654
3642;0.208993;-0.931631;5.76984;1.06837;5.76984;-0.00134056;6.70282;-0.668362;0.751848
3643;0.208993;-0.931631;5.76984;1.06837;5.76984;-0.00134056;6.70282;-0.668552;0.752042
3644;0.208993;-0.931631;5.76984;1.06837;5.76984;-0.00134056;6.70282;-0.668741;0.752235
3645;0.208993;-0.931631;5.76984;1.06837;5.76984;-0.00134056;6.70282;-0.668931;0.752429
3646;0.208993;-0.931631;5.76984;1.06837;5.76984;-0.00134056;6.70282;-0.669121;0.752622
3647;0.208993;-0.931631;5.76984;1.06837;5.76984;-0.00134056;6.70282;-0.66931;0.752816
3648;0.208993;-0.931631;5.76984;1.06837;5.76984;-0.00134056;6.70282;-0.6695;0.753009
3649;0.208993;-0.931631;5.76984;1.06837;5.76984;-0.00134056;6.70282;-0.66969;0.753203
3650;0.208993;-0.931631;5.76984;1.06837;5.76984;-0.00134056;6.70282;-0.669879;0.753396
3651;0.208993;-0.931631;5.76984;1.06837;5.76984;-0.00134056;6.70281;-0.670069;0.75359
3652;0.208993;-0.931631;5.76984;1.06837;5.76984;-0.00134056;6.70281;-0.670259;0.753784
3653;0.208993;-0.931631;5.76984;1.06837;5.76984;-0.00134056;6.70281;-0.670448;0.753977
3654;0.208993;-0.931631;5.76984;1.06837;5.76984;-0.00134056;6.70281;-0.670638;0.754171
3655;0.208993;-0.931631;5.76984;1.06837;5.76984;-0.00134056;6.70281;-0.670828;0.754364
3656;0.208993;-0.931631;5.76984;1.06837;5.76984;-0.00134056;6.70281;-0.671017;0.754558
3657;0.208993;-0.931631;5.76984;1.06837;5.76984;-0.00134056;6.70281;-0.671207;0.754751
3658;0.208993;-0.931631;5.76984;1.06837;5.76984;-0.00134056;6.70281;-0.671397;0.754945
3659;0.208993;-0.931631;5.76984;1.06837;5.76984;-0.00134056;6.70281;-0.671587;0.755138
3660;0.208993;-0.931631;5.76984;1.06837;5.76984;-0.00134056;6.70281;-0.671776;0.755332
3661;0.208993;-0.931631;5.76984;1.06837;5.76984;-0.00134056;6.70281;-0.671966;0.755526
3662;0.208993;-0.931631;5.76984;1.06837;5.76984;-0.00134056;6.70281;-0.672156;0.755719
3663;0.208993;-0.931631;5.76984;1.06837;5.76984;-0.00134056;6.70281;-0.672345;0.755913
3664;0.208993;-0.931631;5.76984;1.06837;5.76984;-0.00134056;6.70281;-0.672535;0.756106
3665;0.208993;-0.931631;5.76984;1.06837;5.76984;-0.00134056;6.70281;-0.672725;0.7563
3666;0.208993;-0.931631;5.76984;1.06837;5.76984;-0.00134056;6.70281;-0.672914;0.756493
3667;0.208993;-0.931631;5.76984;1.06837;5.76984;-0.00134056;6.70281;-0.673104;0.756687
3668;0.208993;-0.931631;5.76984;1.06837;5.76984;-0.00134056;6.70281;-0.673294;0.75688
3669;0.208993;-0.931631;5.76984;1.06837;5.76984;-0.00134056;6.70281;-0.673483;0.757074
3670;0.208993;-0.931631;5.76984;1.06837;5.76984;-0.00134056;6.70281;-0.673673;0.757268
3671;0.208993;-0.931631;5.76984;1.06837;5.76984;-0.00134056;6.70281;-0.673863;0.757461
3672;0.208993;-0.931631;5.76984;1.06837;5.76984;-0.00134056;6.70281;-0.674053;0.757655
3673;0.208993;-0.931631;5.76984;1.06837;5.76984;-0.00134056;6.70281;-0.674242;0.757848
3674;0.208993;-0.931631;5.76984;1.06837;5.76984;-0.00134056;6.70281;-0.674432;0.758042
3675;0.208993;-0.931631;5.76984;1.06837;5.76984;-0.00134056;6.70281;-0.674622;0.758235
3676;0.208993;-0.931631;5.76984;1.06837;5.76984;-0.00134056;6.70281;-0.674811;0.758429
3677;0.208993;-0.931631;5.76984;1.06837;5.76984;-0.00134056;6.70281;-0.675001;0.758622
3678;0.208993;-0.931631;5.76984;1.06837;5.76984;-0.00134056;6.70281;-0.675191;0.758816
3679;0.208993;-0.931631;5.76984;1.06837;5.76984;-0.00134056;6.70281;-0.67538;0.75901
3680;0.208993;-0.931631;5.76984;1.06837;5.76984;-0.00134056;6.70281;-0.67557;0.759203
3681;0.208993;-0.931631;5.76984;1.06837;5.76984;-0.00134056;6.70281;-0.67576;0.759397
3682;0.208993;-0.931631;5.76984;1.06837;5.76984;-0.00134056;6.70281;-0.675949;0.75959
3683;0.208993;-0.931631;5.76984;1.06837;5.76984;-0.00134056;6.70281;-0.676139;0.759784
3684;0.208993;-0.931631;5.76984;1.06837;5.76984;-0.00134056;6.70281;-0.676329;0.759977
3685;0.208993;-0.931631;5.76984;1.06837;5.76984;-0.00134056;6.70281;-0.676518;0.760171
3686;0.208993;-0.931631;5.76984;1.06837;5.76984;-0.00134056;6.70281;-0.676708;0.760364
3687;0.208993;-0.931631;5.76984;1.06837;5.76984;-0.00134056;6.70281;-0.676898;0.760558
3688;0.208993;-0.931631;5.76984;1.06837;5.76984;-0.00134056;6.70281;-0.677088;0.760752
3689;0.208993;-0.931631;5.76984;1.06837;5.76984;-0.00134056;6.70281;-0.677277;0.760945
3690;0.208993;-0.931631;5.76984;1.06837;5.76984;-0.00134056;6.70281;-0.677467;0.761139
3691;0.208993;-0.931631;5.76984;1.06837;5.76984;-0.00134056;6.70281;-0.677657;0.761332
3692;0.208993;-0.931631;5.76984;1.06837;5.76984;-0.00134056;6.70281;-0.677846;0.761526
3693;0.208993;-0.931631;5.76984;1.06837;5.76984;-0.00134056;6.70281;-0.678036;0.761719
3694;0.208993;-0.931631;5.76984;1.06837;5.76984;-0.00134056;6.70281;-0.678226;0.761913
3695;0.208993;-0.931631;5.76984;1.06837;5.76984;-0.00134056;6.70281;-0.678415;0.762106
3696;0.208993;-0.931631;5.76984;1.06837;5.76984;-0.00134056;6.70281;-0.678605;0.7623
3697;0.208993;-0.931631;5.76984;1.06837;5.76984;-0.00134056;6.70281;-0.678795;0.762494
3698;0.208993;-0.931631;5.76984;1.06837;5.76984;-0.00134056;6.70281;-0.678984;0.762687
3699;0.208993;-0.931631;5.76984;1.06837;5.76984;-0.00134056;6.70281;-0.679174;0.762881
3700;0.208993;-0.931631;5.76984;1.06837;5.76984;-0.00134056;6.70281;-0.679364;0.763074
3701;0.208993;-0.931631;5.76984;1.06837;5.76984;-0.00134056;6.70281;-0.679554;0.763268
3702;0.208993;-0.931631;5.76984;1.06837;5.76984;-0.00134056;6.70281;-0.679743;0.763461
3703;0.208993;-0.931631;5.76984;1.06837;5.76984;-0.00134056;6.70281;-0.679933;0.763655
3704;0.208993;-0.931631;5.76984;1.06837;5.76984;-0.00134056;6.70281;-0.680123;0.763849
3705;0.208993;-0.931631;5.76984;1.06837;5.76984;-0.00134056;6.70281;-0.680312;0.764042
3706;0.208993;-0.931631;5.76984;1.06837;5.76984;-0.00134056;6.70281;-0.680502;0.764236
3707;0.208993;-0.931631;5.76984;1.06837;5.76984;-0.00134056;6.70281;-0.680692;0.764429
3708;0.208993;-0.931631;5.76984;1.06837;5.76984;-0.00134056;6.70281;-0.680881;0.764623
3709;0.208993;-0.931631;5.76984;1.06837;5.76984;-0.00134056;6.70281;-0.681071;0.764816
3710;0.208993;-0.931631;5.76984;1.06837;5.76984;-0.00134056;6.70281;-0.681261;0.76501
3711;0.208993;-0.931631;5.76984;1.06837;5.76984;-0.00134056;6.70281;-0.68145;0.765203
3712;0.208993;-0.931631;5.76984;1.06837;5.76984;-0.00134056;6.70281;-0.68164;0.765397
3713;0.208993;-0.931631;5.76984;1.06837;5.76984;-0.00134056;6.70281;-0.68183;0.765591
3714;0.208993;-0.931631;5.76984;1.06837;5.76984;-0.00134056;6.70281;-0.68202;0.765784
3715;0.208993;-0.931631;5.76984;1.06837;5.76984;-0.00134056;6.70281;-0.682209;0.765978
3716;0.208993;-0.931631;5.76984;1.06837;5.76984;-0.00134056;6.70281;-0.682399;0.766171
3717;0.208993;-0.931631;5.76984;1.06837;5.76984;-0.00134056;6.70281;-0.682589;0.766365
3718;0.208993;-0.931631;5.76984;1.06837;5.76984;-0.00134056;6.70281;-0.682778;0.766558
3719;0.208993;-0.931631;5.76984;1.06837;5.76984;-0.00134056;6.70281;-0.682968;0.766752
3720;0.208993;-0.931631;5.76984;1.06837;5.76984;-0.00134056;6.70281;-0.683158;0.766945
3721;0.208993;-0.931631;5.76984;1.06837;5.76984;-0.00134056;6.70281;-0.683347;0.767139
3722;0.208993;-0.931631;5.76984;1.06837;5.76984;-0.00134056;6.70281;-0.683537;0.767333
3723;0.208993;-0.931631;5.76984;1.06837;5.76984;-0.00134056;6.70281;-0.683727;0.767526
3724;0.208993;-0.931631;5.76984;1.06837;5.76984;-0.00134056;6.70281;-0.683916;0.76772
3725;0.208993;-0.931631;5.76984;1.06837;5.76984;-0.00134056;6.70281;-0.684106;0.767913
3726;0.208993;-0.931631;5.76984;1.06837;5.76984;-0.00134056;6.70281;-0.684296;0.768107
3727;0.208993;-0.931631;5.76984;1.06837;5.76984;-0.00134056;6.70281;-0.684485;0.7683
3728;0.208993;-0.931631;5.76984;1.06837;5.76984;-0.00134056;6.70281;-0.684675;0.768494
3729;0.208993;-0.931631;5.76984;1.06837;5.76984;-0.00134056;6.70281;-0.684865;0.768687
3730;0.208993;-0.931631;5.76984;1.06837;5.76984;-0.00134056;6.70281;-0.685055;0.768881
3731;0.208993;-0.931631;5.76984;1.06837;5.76984;-0.00134056;6.70281;-0.685244;0.769075
3732;0.208993;-0.931631;5.76984;1.06837;5.76984;-0.00134056;6.70281;-0.685434;0.769268
3733;0.208993;-0.931631;5.76984;1.06837;5.76984;-0.00134056;6.70281;-0.685624;0.769462
3734;0.208993;-0.931631;5.76984;1.06837;5.76984;-0.00134056;6.70281;-0.685813;0.769655
3735;0.208993;-0.931631;5.76984;1.06837;5.76984;-0.00134056;6.70281;-0.686003;0.769849
3736;0.208993;-0.931631;5.76984;1.06837;5.76984;-0.00134056;6.70281;-0.686193;0.770042
3737;0.208993;-0.931631;5.76984;1.06837;5.76984;-0.00134056;6.70281;-0.686382;0.770236
3738;0.208993;-0.931631;5.76984;1.06837;5.76984;-0.00134056;6.70281;-0.686572;0.770429
3739;0.208993;-0.931631;5.76984;1.06837;5.76984;-0.00134056;6.70281;-0.686762;0.770623
3740;0.208993;-0.931631;5.76984;1.06837;5.76984;-0.00134056;6.70281;-0.686951;0.770817
3741;0.208993;-0.931631;5.76984;1.06837;5.76984;-0.00134056;6.70281;-0.687141;0.77101
3742;0.208993;-0.931631;5.76984;1.06837;5.76984;-0.00134056;6.70281;-0.687331;0.771204
3743;0.208993;-0.931631;5.76984;1.06837;5.76984;-0.00134056;6.70281;-0.687521;0.771397
3744;0.208993;-0.931631;5.76984;1.06837;5.76984;-0.00134056;6.70281;-0.68771;0.771591
3745;0.208993;-0.931631;5.76984;1.06837;5.76984;-0.00134056;6.70281;-0.6879;0.771784
3746;0.208993;-0.931631;5.76984;1.06837;5.76984;-0.00134056;6.70281;-0.68809;0.771978
3747;0.208993;-0.931631;5.76984;1.06837;5.76984;-0.00134056;6.70281;-0.688279;0.772171
3748;0.208993;-0.931631;5.76984;1.06837;5.76984;-0.00134056;6.70281;-0.688469;0.772365
3749;0.208993;-0.931631;5.76984;1.06837;5.76984;-0.00134056;6.70281;-0.688659;0.772559
3750;0.208993;-0.931631;5.76984;1.06837;5.76984;-0.00134056;6.70281;-0.688848;0.772752
3751;0.208993;-0.931631;5.76984;1.06837;5.76984;-0.00134056;6.70281;-0.689038;0.772946
3752;0.208993;-0.931631;5.76984;1.06837;5.76984;-0.00134056;6.70281;-0.689228;0.773139
3753;0.208993;-0.931631;5.76984;1.06837;5.76984;-0.00134056;6.70281;-0.689417;0.773333
3754;0.208993;-0.931631;5.76984;1.06837;5.76984;-0.00134056;6.70281;-0.689607;0.773526
3755;0.208993;-0.931631;5.76984;1.06837;5.76984;-0.00134056;6.70281;-0.689797;0.77372
3756;0.208993;-0.931631;5.76984;1.06837;5.76984;-0.00134056;6.70281;-0.689986;0.773913
3757;0.208993;-0.931631;5.76984;1.06837;5.76984;-0.00134056;6.70281;-0.690176;0.774107
3758;0.208993;-0.931631;5.76984;1.06837;5.76984;-0.00134056;6.70281;-0.690366;0.774301
3759;0.208993;-0.931631;5.76984;1.06837;5.76984;-0.00134056;6.70281;-0.690556;0.774494
3760;0.208993;-0.931631;5.76984;1.06837;5.76984;-0.00134056;6.70281;-0.690745;0.774688
3761;0.208993;-0.931631;5.76984;1.06837;5.76984;-0.00134056;6.70281;-0.690935;0.774881
3762;0.208993;-0.931631;5.76984;1.06837;5.76984;-0.00134056;6.70281;-0.691125;0.775075
3763;0.208993;-0.931631;5.76984;1.06837;5.76984;-0.00134056;6.70281;-0.691314;0.775268
3764;0.208993;-0.931631;5.76984;1.06837;5.76984;-0.00134056;6.70281;-0.691504;0.775462
3765;0.208993;-0.931631;5.76984;1.06837;5.76984;-0.00134056;6.70281;-0.691694;0.775655
3766;0.208993;-0.931631;5.76984;1.06837;5.76984;-0.00134056;6.70281;-0.691883;0.775849
3767;0.208993;-0.931631;5.76984;1.06837;5.76984;-0.00134056;6.70281;-0.692073;0.776043
3768;0.208993;-0.931631;5.76984;1.06837;5.76984;-0.00134056;6.70281;-0.692263;0.776236
3769;0.208993;-0.931631;5.76984;1.06837;5.76984;-0.00134056;6.70281;-0.692452;0.77643
3770;0.208993;-0.931631;5.76984;1.06837;5.76984;-0.00134056;6.70281;-0.692642;0.776623
3771;0.208993;-0.931631;5.76984;1.06837;5.76984;-0.00134056;6.70281;-0.692832;0.776817
3772;0.208993;-0.931631;5.76984;1.06837;5.76984;-0.00134056;6.70281;-0.693022;0.77701
3773;0.208993;-0.931631;5.76984;1.06837;5.76984;-0.00134056;6.70281;-0.693211;0.777204
3774;0.208993;-0.931631;5.76984;1.06837;5.76984;-0.00134056;6.70281;-0.693401;0.777397
3775;0.208993;-0.931631;5.76984;1.06837;5.76984;-0.00134056;6.70281;-0.693591;0.777591
3776;0.208993;-0.931631;5.76984;1.06837;5.76984;-0.00134056;6.70281;-0.69378;0.777785
3777;0.208993;-0.931631;5.76984;1.06837;5.76984;-0.00134056;6.70281;-0.69397;0.777978
3778;0.208993;-0.931631;5.76984;1.06837;5.76984;-0.00134056;6.70281;-0.69416;0.778172
3779;0.208993;-0.931631;5.76984;1.06837;5.76984;-0.00134056;6.70281;-0.694349;0.778365
3780;0.208993;-0.931631;5.76984;1.06837;5.76984;-0.00134056;6.70281;-0.694539;0.778559
3781;0.208993;-0.931631;5.76984;1.06837;5.76984;-0.00134056;6.70281;-0.694729;0.778752
3782;0.208993;-0.931631;5.76984;1.06837;5.76984;-0.00134056;6.70281;-0.694918;0.778946
3783;0.208993;-0.931631;5.76984;1.06837;5.76984;-0.00134056;6.70281;-0.695108;0.779139
3784;0.208993;-0.931631;5.76984;1.06837;5.76984;-0.00134056;6.70281;-0.695298;0.779333
3785;0.208993;-0.931631;5.76984;1.06837;5.76984;-0.00134056;6.70281;-0.695487;0.779527
3786;0.208993;-0.931631;5.76984;1.06837;5.76984;-0.00134056;6.70281;-0.695677;0.77972
3787;0.208993;-0.931631;5.76984;1.06837;5.76984;-0.00134056;6.70281;-0.695867;0.779914
3788;0.208993;-0.931631;5.76984;1.06837;5.76984;-0.00134056;6.70281;-0.696057;0.780107
3789;0.208993;-0.931631;5.76984;1.06837;5.76984;-0.00134056;6.70281;-0.696246;0.780301
3790;0.208993;-0.931631;5.76984;1.06837;5.76984;-0.00134056;6.70281;-0.696436;0.780494
3791;0.208993;-0.931631;5.76984;1.06837;5.76984;-0.00134056;6.70281;-0.696626;0.780688
3792;0.208993;-0.931631;5.76984;1.06837;5.76984;-0.00134056;6.70281;-0.696815;0.780881
3793;0.208993;-0.931631;5.76984;1.06837;5.76984;-0.00134056;6.70281;-0.697005;0.781075
3794;0.208993;-0.931631;5.76984;1.06837;5.76984;-0.00134056;6.70281;-0.697195;0.781269
3795;0.208993;-0.931631;5.76984;1.06837;5.76984;-0.00134056;6.70281;-0.697384;0.781462
3796;0.208993;-0.931631;5.76984;1.06837;5.76984;-0.00134056;6.70281;-0.697574;0.781656
3797;0.208993;-0.931631;5.76984;1.06837;5.76984;-0.00134056;6.70281;-0.697764;0.781849
3798;0.208993;-0.931631;5.76984;1.06837;5.76984;-0.00134056;6.70281;-0.697953;0.782043
3799;0.208993;-0.931631;5.76984;1.06837;5.76984;-0.00134056;6.70281;-0.698143;0.782236
3800;0.208993;-0.931631;5.76984;1.06837;5.76984;-0.00134056;6.70281;-0.698333;0.78243
3801;0.208993;-0.931631;5.76984;1.06837;5.76984;-0.00134056;6.70281;-0.698523;0.782623
3802;0.208993;-0.931631;5.76984;1.06837;5.76984;-0.00134056;6.70281;-0.698712;0.782817
3803;0.208993;-0.931631;5.76984;1.06837;5.76984;-0.00134056;6.70281;-0.698902;0.783011
3804;0.208993;-0.931631;5.76984;1.06837;5.76984;-0.00134056;6.70281;-0.699092;0.783204
3805;0.208993;-0.931631;5.76984;1.06837;5.76984;-0.00134056;6.70281;-0.699281;0.783398
3806;0.208993;-0.931631;5.76984;1.06837;5.76984;-0.00134056;6.70281;-0.699471;0.783591
3807;0.208993;-0.931631;5.76984;1.06837;5.76984;-0.00134056;6.70281;-0.699661;0.783785
3808;0.208993;-0.931631;5.76984;1.06837;5.76984;-0.00134056;6.70281;-0.69985;0.783978
3809;0.208993;-0.931631;5.76984;1.06837;5.76984;-0.00134056;6.70281;-0.70004;0.784172
3810;0.208993;-0.931631;5.76984;1.06837;5.76984;-0.00134056;6.70281;-0.70023;0.784365
3811;0.208993;-0.931631;5.76984;1.06837;5.76984;-0.00134056;6.70281;-0.700419;0.784559
3812;0.208993;-0.931631;5.76984;1.06837;5.76984;-0.00134056;6.70281;-0.700609;0.784753
3813;0.208993;-0.931631;5.76984;1.06837;5.76984;-0.00134056;6.70281;-0.700799;0.784946
3814;0.208993;-0.931631;5.76984;1.06837;5.76984;-0.00134056;6.70281;-0.700988;0.78514
3815;0.208993;-0.931631;5.76984;1.06837;5.76984;-0.00134056;6.70281;-0.701178;0.785333
3816;0.208993;-0.931631;5.76984;1.06837;5.76984;-0.00134056;6.70281;-0.701368;0.785527
3817;0.208993;-0.931631;5.76984;1.06837;5.76984;-0.00134056;6.70281;-0.701558;0.78572
3818;0.208993;-0.931631;5.76984;1.06837;5.76984;-0.00134056;6.70281;-0.701747;0.785914
3819;0.208993;-0.931631;5.76984;1.06837;5.76984;-0.00134056;6.70281;-0.701937;0.786107
3820;0.208993;-0.931631;5.76984;1.06837;5.76984;-0.00134056;6.70281;-0.702127;0.786301
3821;0.208993;-0.931631;5.76984;1.06837;5.76984;-0.00134056;6.70281;-0.702316;0.786495
3822;0.208993;-0.931631;5.76984;1.06837;5.76984;-0.00134056;6.70281;-0.702506;0.786688
3823;0.208993;-0.931631;5.76984;1.06837;5.76984;-0.00134056;6.70281;-0.702696;0.786882
3824;0.208993;-0.931631;5.76984;1.06837;5.76984;-0.00134056;6.70281;-0.702885;0.787075
3825;0.208993;-0.931631;5.76984;1.06837;5.76984;-0.00134056;6.70281;-0.703075;0.787269
3826;0.208993;-0.931631;5.76984;1.06837;5.76984;-0.00134056;6.70281;-0.703265;0.787462
3827;0.208993;-0.931631;5.76984;1.06837;5.76984;-0.00134056;6.70281;-0.703454;0.787656
3828;0.208993;-0.931631;5.76984;1.06837;5.76984;-0.00134056;6.70281;-0.703644;0.787849
3829;0.208993;-0.931631;5.76984;1.06837;5.76984;-0.00134056;6.70281;-0.703834;0.788043
3830;0.208993;-0.931631;5.76984;1.06837;5.76984;-0.00134056;6.70281;-0.704024;0.788237
3831;0.208993;-0.931631;5.76984;1.06837;5.76984;-0.00134056;6.70281;-0.704213;0.78843
3832;0.208993;-0.931631;5.76984;1.06837;5.76984;-0.00134056;6.70281;-0.704403;0.788624
3833;0.208993;-0.931631;5.76984;1.06837;5.76984;-0.00134056;6.70281;-0.704593;0.788817
3834;0.208993;-0.931631;5.76984;1.06837;5.76984;-0.00134056;6.70281;-0.704782;0.789011
3835;0.208993;-0.931631;5.76984;1.06837;5.76984;-0.00134056;6.70281;-0.704972;0.789204
3836;0.208993;-0.931631;5.76984;1.06837;5.76984;-0.00134056;6.70281;-0.705162;0.789398
3837;0.208993;-0.931631;5.76984;1.06837;5.76984;-0.00134056;6.70281;-0.705351;0.789591
3838;0.208993;-0.931631;5.76984;1.06837;5.76984;-0.00134056;6.70281;-0.705541;0.789785
3839;0.208993;-0.931631;5.76984;1.06837;5.76984;-0.00134056;6.70281;-0.705731;0.789979
3840;0.208993;-0.931631;5.76984;1.06837;5.76984;-0.00134056;6.70281;-0.70592;0.790172
3841;0.208993;-0.931631;5.76984;1.06837;5.76984;-0.00134056;6.70281;-0.70611;0.790366
3842;0.208993;-0.931631;5.76983;1.06837;5.76983;-0.00134056;6.70281;-0.7063;0.790559
3843;0.208993;-0.931631;5.76983;1.06837;5.76983;-0.00134056;6.70281;-0.706489;0.790753
3844;0.208993;-0.931631;5.76983;1.06837;5.76983;-0.00134056;6.70281;-0.706679;0.790946
3845;0.208993;-0.931631;5.76983;1.06837;5.76983;-0.00134056;6.70281;-0.706869;0.79114
3846;0.208993;-0.931631;5.76983;1.06837;5.76983;-0.00134056;6.70281;-0.707059;0.791333
3847;0.208993;-0.931631;5.76983;1.06837;5.76983;-0.00134056;6.70281;-0.707248;0.791527
3848;0.208993;-0.931631;5.76983;1.06837;5.76983;-0.00134056;6.70281;-0.707438;0.791721
3849;0.208993;-0.931631;5.76983;1.06837;5.76983;-0.00134056;6.70281;-0.707628;0.791914
3850;0.208993;-0.931631;5.76983;1.06837;5.76983;-0.00134056;6.70281;-0.707817;0.792108
3851;0.208993;-0.931631;5.76983;1.06837;5.76983;-0.00134056;6.70281;-0.708007;0.792301
3852;0.208993;-0.931631;5.76983;1.06837;5.76983;-0.00134056;6.70281;-0.708197;0.792495
3853;0.208993;-0.931631;5.76983;1.06837;5.76983;-0.00134056;6.70281;-0.708386;0.792688
3854;0.208993;-0.931631;5.76983;1.06837;5.76983;-0.00134056;6.70281;-0.708576;0.792882
3855;0.208993;-0.931631;5.76983;1.06837;5.76983;-0.00134056;6.70281;-0.708766;0.793075
3856;0.208993;-0.931631;5.76983;1.06837;5.76983;-0.00134056;6.70281;-0.708955;0.793269
3857;0.208993;-0.931631;5.76983;1.06837;5.76983;-0.00134056;6.70281;-0.709145;0.793463
3858;0.208993;-0.931631;5.76983;1.06837;5.76983;-0.00134056;6.70281;-0.709335;0.793656
3859;0.208993;-0.931631;5.76983;1.06837;5.76983;-0.00134056;6.70281;-0.709525;0.79385
3860;0.208993;-0.931631;5.76983;1.06837;5.76983;-0.00134056;6.70281;-0.709714;0.794043
3861;0.208993;-0.931631;5.76983;1.06837;5.76983;-0.00134056;6.70281;-0.709904;0.794237
3862;0.208993;-0.931631;5.76983;1.06837;5.76983;-0.00134056;6.70281;-0.710094;0.79443
3863;0.208993;-0.931631;5.76983;1.06837;5.76983;-0.00134056;6.70281;-0.710283;0.794624
3864;0.208993;-0.931631;5.76983;1.06837;5.76983;-0.00134056;6.70281;-0.710473;0.794817
3865;0.208993;-0.931631;5.76983;1.06837;5.76983;-0.00134056;6.70281;-0.710663;0.795011
3866;0.208993;-0.931631;5.76983;1.06837;5.76983;-0.00134056;6.70281;-0.710852;0.795205
3867;0.208993;-0.931631;5.76983;1.06837;5.76983;-0.00134056;6.70281;-0.711042;0.795398
3868;0.208993;-0.931631;5.76983;1.06837;5.76983;-0.00134056;6.70281;-0.711232;0.795592
3869;0.208993;-0.931631;5.76983;1.06837;5.76983;-0.00134056;6.70281;-0.711421;0.795785
3870;0.208993;-0.931631;5.76983;1.06837;5.76983;-0.00134056;6.70281;-0.711611;0.795979
3871;0.208993;-0.931631;5.76983;1.06837;5.76983;-0.00134056;6.70281;-0.711801;0.796172
3872;0.208993;-0.931631;5.76983;1.06837;5.76983;-0.00134056;6.70281;-0.71199;0.796366
3873;0.208993;-0.931631;5.76983;1.06837;5.76983;-0.00134056;6.70281;-0.71218;0.796559
3874;0.208993;-0.931631;5.76983;1.06837;5.76983;-0.00134056;6.70281;-0.71237;0.796753
3875;0.208993;-0.931631;5.76983;1.06837;5.76983;-0.00134056;6.70281;-0.71256;0.796947
3876;0.208993;-0.931631;5.76983;1.06837;5.76983;-0.00134056;6.70281;-0.712749;0.79714
3877;0.208993;-0.931631;5.76983;1.06837;5.76983;-0.00134056;6.70281;-0.712939;0.797334
3878;0.208993;-0.931631;5.76983;1.06837;5.76983;-0.00134056;6.70281;-0.713129;0.797527
3879;0.208993;-0.931631;5.76983;1.06837;5.76983;-0.00134056;6.70281;-0.713318;0.797721
3880;0.208993;-0.931631;5.76983;1.06837;5.76983;-0.00134056;6.70281;-0.713508;0.797914
3881;0.208993;-0.931631;5.76983;1.06837;5.76983;-0.00134056;6.70281;-0.713698;0.798108
3882;0.208993;-0.931631;5.76983;1.06837;5.76983;-0.00134056;6.70281;-0.713887;0.798302
3883;0.208993;-0.931631;5.76983;1.06837;5.76983;-0.00134056;6.70281;-0.714077;0.798495
3884;0.208993;-0.931631;5.76983;1.06837;5.76983;-0.00134056;6.70281;-0.714267;0.798689
3885;0.208993;-0.931631;5.76983;1.06837;5.76983;-0.00134056;6.70281;-0.714456;0.798882
3886;0.208993;-0.931631;5.76983;1.06837;5.76983;-0.00134056;6.70281;-0.714646;0.799076
3887;0.208993;-0.931631;5.76983;1.06837;5.76983;-0.00134056;6.70281;-0.714836;0.799269
3888;0.208993;-0.931631;5.76983;1.06837;5.76983;-0.00134056;6.7028;-0.715026;0.799463
3889;0.208993;-0.931631;5.76983;1.06837;5.76983;-0.00134056;6.7028;-0.715215;0.799656
3890;0.208993;-0.931631;5.76983;1.06837;5.76983;-0.00134056;6.7028;-0.715405;0.79985
3891;0.208993;-0.931631;5.76983;1.06837;5.76983;-0.00134056;6.7028;-0.715595;0.800044
3892;0.208993;-0.931631;5.76983;1.06837;5.76983;-0.00134056;6.7028;-0.715784;0.800237
3893;0.208993;-0.931631;5.76983;1.06837;5.76983;-0.00134056;6.7028;-0.715974;0.800431
3894;0.208993;-0.931631;5.76983;1.06837;5.76983;-0.00134056;6.7028;-0.716164;0.800624
3895;0.208993;-0.931631;5.76983;1.06837;5.76983;-0.00134056;6.7028;-0.716353;0.800818
3896;0.208993;-0.931631;5.76983;1.06837;5.76983;-0.00134056;6.7028;-0.716543;0.801011
3897;0.208993;-0.931631;5.76983;1.06837;5.76983;-0.00134056;6.7028;-0.716733;0.801205
3898;0.208993;-0.931631;5.76983;1.06837;5.76983;-0.00134056;6.7028;-0.716922;0.801398
3899;0.208993;-0.931631;5.76983;1.06837;5.76983;-0.00134056;6.7028;-0.717112;0.801592
3900;0.208993;-0.931631;5.76983;1.06837;5.76983;-0.00134056;6.7028;-0.717302;0.801786
3901;0.208993;-0.931631;5.76983;1.06837;5.76983;-0.00134056;6.7028;-0.717491;0.801979
3902;0.208993;-0.931631;5.76983;1.06837;5.76983;-0.00134056;6.7028;-0.717681;0.802173
3903;0.208993;-0.931631;5.76983;1.06837;5.76983;-0.00134056;6.7028;-0.717871;0.802366
3904;0.208993;-0.931631;5.76983;1.06837;5.76983;-0.00134056;6.7028;-0.718061;0.80256
3905;0.208993;-0.931631;5.76983;1.06837;5.76983;-0.00134056;6.7028;-0.71825;0.802753
3906;0.208993;-0.931631;5.76983;1.06837;5.76983;-0.00134056;6.7028;-0.71844;0.802947
3907;0.208993;-0.931631;5.76983;1.06837;5.76983;-0.00134056;6.7028;-0.71863;0.80314
3908;0.208993;-0.931631;5.76983;1.06837;5.76983;-0.00134056;6.7028;-0.718819;0.803334
3909;0.208993;-0.931631;5.76983;1.06837;5.76983;-0.00134056;6.7028;-0.719009;0.803528
3910;0.208993;-0.931631;5.76983;1.06837;5.76983;-0.00134056;6.7028;-0.719199;0.803721
3911;0.208993;-0.931631;5.76983;1.06837;5.76983;-0.00134056;6.7028;-0.719388;0.803915
3912;0.208993;-0.931631;5.76983;1.06837;5.76983;-0.00134056;6.7028;-0.719578;0.804108
3913;0.208993;-0.931631;5.76983;1.06837;5.76983;-0.00134056;6.7028;-0.719768;0.804302
3914;0.208993;-0.931631;5.76983;1.06837;5.76983;-0.00134056;6.7028;-0.719957;0.804495
3915;0.208993;-0.931631;5.76983;1.06837;5.76983;-0.00134056;6.7028;-0.720147;0.804689
3916;0.208993;-0.931631;5.76983;1.06837;5.76983;-0.00134056;6.7028;-0.720337;0.804882
3917;0.208993;-0.931631;5.76983;1.06837;5.76983;-0.00134056;6.7028;-0.720527;0.805076
3918;0.208993;-0.931631;5.76983;1.06837;5.76983;-0.00134056;6.7028;-0.720716;0.80527
3919;0.208993;-0.931631;5.76983;1.06837;5.76983;-0.00134056;6.7028;-0.720906;0.805463
3920;0.208993;-0.931631;5.76983;1.06837;5.76983;-0.00134056;6.7028;-0.721096;0.805657
3921;0.208993;-0.931631;5.76983;1.06837;5.76983;-0.00134056;6.7028;-0.721285;0.80585
3922;0.208993;-0.931631;5.76983;1.06837;5.76983;-0.00134056;6.7028;-0.721475;0.806044
3923;0.208993;-0.931631;5.76983;1.06837;5.76983;-0.00134056;6.7028;-0.721665;0.806237
3924;0.208993;-0.931631;5.76983;1.06837;5.76983;-0.00134056;6.7028;-0.721854;0.806431
3925;0.208993;-0.931631;5.76983;1.06837;5.76983;-0.00134056;6.7028;-0.722044;0.806624
3926;0.208993;-0.931631;5.76983;1.06837;5.76983;-0.00134056;6.7028;-0.722234;0.806818
3927;0.208993;-0.931631;5.76983;1.06837;5.76983;-0.00134056;6.7028;-0.722423;0.807012
3928;0.208993;-0.931631;5.76983;1.06837;5.76983;-0.00134056;6.7028;-0.722613;0.807205
3929;0.208993;-0.931631;5.76983;1.06837;5.76983;-0.00134056;6.7028;-0.722803;0.807399
3930;0.208993;-0.931631;5.76983;1.06837;5.76983;-0.00134056;6.7028;-0.722992;0.807592
3931;0.208993;-0.931631;5.76983;1.06837;5.76983;-0.00134056;6.7028;-0.723182;0.807786
3932;0.208993;-0.931631;5.76983;1.06837;5.76983;-0.00134056;6.7028;-0.723372;0.807979
3933;0.208993;-0.931631;5.76983;1.06837;5.76983;-0.00134056;6.7028;-0.723562;0.808173
3934;0.208993;-0.931631;5.76983;1.06837;5.76983;-0.00134056;6.7028;-0.723751;0.808366
3935;0.208993;-0.931631;5.76983;1.06837;5.76983;-0.00134056;6.7028;-0.723941;0.80856
3936;0.208993;-0.931631;5.76983;1.06837;5.76983;-0.00134056;6.7028;-0.724131;0.808754
3937;0.208993;-0.931631;5.76983;1.06837;5.76983;-0.00134056;6.7028;-0.72432;0.808947
3938;0.208993;-0.931631;5.76983;1.06837;5.76983;-0.00134056;6.7028;-0.72451;0.809141
3939;0.208993;-0.931631;5.76983;1.06837;5.76983;-0.00134056;6.7028;-0.7247;0.809334
3940;0.208993;-0.931631;5.76983;1.06837;5.76983;-0.00134056;6.7028;-0.724889;0.809528
3941;0.208993;-0.931631;5.76983;1.06837;5.76983;-0.00134056;6.7028;-0.725079;0.809721
3942;0.208993;-0.931631;5.76983;1.06837;5.76983;-0.00134056;6.7028;-0.725269;0.809915
3943;0.208993;-0.931631;5.76983;1.06837;5.76983;-0.00134056;6.7028;-0.725458;0.810108
3944;0.208993;-0.931631;5.76983;1.06837;5.76983;-0.00134056;6.7028;-0.725648;0.810302
3945;0.208993;-0.931631;5.76983;1.06837;5.76983;-0.00134056;6.7028;-0.725838;0.810496
3946;0.208993;-0.931631;5.76983;1.06837;5.76983;-0.00134056;6.7028;-0.726028;0.810689
3947;0.208993;-0.931631;5.76983;1.06837;5.76983;-0.00134056;6.7028;-0.726217;0.810883
3948;0.208993;-0.931631;5.76983;1.06837;5.76983;-0.00134056;6.7028;-0.726407;0.811076
3949;0.208993;-0.931631;5.76983;1.06837;5.76983;-0.00134056;6.7028;-0.726597;0.81127
3950;0.208993;-0.931631;5.76983;1.06837;5.76983;-0.00134056;6.7028;-0.726786;0.811463
3951;0.208993;-0.931631;5.76983;1.06837;5.76983;-0.00134056;6.7028;-0.726976;0.811657
3952;0.208993;-0.931631;5.76983;1.06837;5.76983;-0.00134056;6.7028;-0.727166;0.81185
3953;0.208993;-0.931631;5.76983;1.06837;5.76983;-0.00134056;6.7028;-0.727355;0.812044
3954;0.208993;-0.931631;5.76983;1.06837;5.76983;-0.00134056;6.7028;-0.727545;0.812238
3955;0.208993;-0.931631;5.76983;1.06837;5.76983;-0.00134056;6.7028;-0.727735;0.812431
3956;0.208993;-0.931631;5.76983;1.06837;5.76983;-0.00134056;6.7028;-0.727924;0.812625
3957;0.208993;-0.931631;5.76983;1.06837;5.76983;-0.00134056;6.7028;-0.728114;0.812818
3958;0.208993;-0.931631;5.76983;1.06837;5.76983;-0.00134056;6.7028;-0.728304;0.813012
3959;0.208993;-0.931631;5.76983;1.06837;5.76983;-0.00134056;6.7028;-0.728493;0.813205
3960;0.208993;-0.931631;5.76983;1.06837;5.76983;-0.00134056;6.7028;-0.728683;0.813399
3961;0.208993;-0.931631;5.76983;1.06837;5.76983;-0.00134056;6.7028;-0.728873;0.813592
3962;0.208993;-0.931631;5.76983;1.06837;5.76983;-0.00134056;6.7028;-0.729063;0.813786
3963;0.208993;-0.931631;5.76983;1.06837;5.76983;-0.00134056;6.7028;-0.729252;0.81398
3964;0.208993;-0.931631;5.76983;1.06837;5.76983;-0.00134056;6.7028;-0.729442;0.814173
3965;0.208993;-0.931631;5.76983;1.06837;5.76983;-0.00134056;6.7028;-0.729632;0.814367
3966;0.208993;-0.931631;5.76983;1.06837;5.76983;-0.00134056;6.7028;-0.729821;0.81456
3967;0.208993;-0.931631;5.76983;1.06837;5.76983;-0.00134056;6.7028;-0.730011;0.814754
3968;0.208993;-0.931631;5.76983;1.06837;5.76983;-0.00134056;6.7028;-0.730201;0.814947
3969;0.208993;-0.931631;5.76983;1.06837;5.76983;-0.00134056;6.7028;-0.73039;0.815141
3970;0.208993;-0.931631;5.76983;1.06837;5.76983;-0.00134056;6.7028;-0.73058;0.815334
3971;0.208993;-0.931631;5.76983;1.06837;5.76983;-0.00134056;6.7028;-0.73077;0.815528
3972;0.208993;-0.931631;5.76983;1.06837;5.76983;-0.00134056;6.7028;-0.730959;0.815722
3973;0.208993;-0.931631;5.76983;1.06837;5.76983;-0.00134056;6.7028;-0.731149;0.815915
3974;0.208993;-0.931631;5.76983;1.06837;5.76983;-0.00134056;6.7028;-0.731339;0.816109
3975;0.208993;-0.931631;5.76983;1.06837;5.76983;-0.00134056;6.7028;-0.731529;0.816302
3976;0.208993;-0.931631;5.76983;1.06837;5.76983;-0.00134056;6.7028;-0.731718;0.816496
3977;0.208993;-0.931631;5.76983;1.06837;5.76983;-0.00134056;6.7028;-0.731908;0.816689
3978;0.208993;-0.931631;5.76983;1.06837;5.76983;-0.00134056;6.7028;-0.732098;0.816883
3979;0.208993;-0.931631;5.76983;1.06837;5.76983;-0.00134056;6.7028;-0.732287;0.817076
3980;0.208993;-0.931631;5.76983;1.06837;5.76983;-0.00134056;6.7028;-0.732477;0.81727
3981;0.208993;-0.931631;5.76983;1.06837;5.76983;-0.00134056;6.7028;-0.732667;0.817464
3982;0.208993;-0.931631;5.76983;1.06837;5.76983;-0.00134056;6.7028;-0.732856;0.817657
3983;0.208993;-0.931631;5.76983;1.06837;5.76983;-0.00134056;6.7028;-0.733046;0.817851
3984;0.208993;-0.931631;5.76983;1.06837;5.76983;-0.00134056;6.7028;-0.733236;0.818044
3985;0.208993;-0.931631;5.76983;1.06837;5.76983;-0.00134056;6.7028;-0.733425;0.818238
3986;0.208993;-0.931631;5.76983;1.06837;5.76983;-0.00134056;6.7028;-0.733615;0.818431
3987;0.208993;-0.931631;5.76983;1.06837;5.76983;-0.00134056;6.7028;-0.733805;0.818625
3988;0.208993;-0.931631;5.76983;1.06837;5.76983;-0.00134056;6.7028;-0.733994;0.818818
3989;0.208993;-0.931631;5.76983;1.06837;5.76983;-0.00134056;6.7028;-0.734184;0.819012
3990;0.208993;-0.931631;5.76983;1.06837;5.76983;-0.00134056;6.7028;-0.734374;0.819206
3991;0.208993;-0.931631;5.76983;1.06837;5.76983;-0.00134056;6.7028;-0.734564;0.819399
3992;0.208993;-0.931631;5.76983;1.06837;5.76983;-0.00134056;6.7028;-0.734753;0.819593
3993;0.208993;-0.931631;5.76983;1.06837;5.76983;-0.00134056;6.7028;-0.734943;0.819786
3994;0.208993;-0.931631;5.76983;1.06837;5.76983;-0.00134056;6.7028;-0.735133;0.81998
3995;0.208993;-0.931631;5.76983;1.06837;5.76983;-0.00134056;6.7028;-0.735322;0.820173
3996;0.208994;-0.931631;5.76983;1.06837;5.76983;-0.00134056;6.7028;-0.735512;0.820367
3997;0.208994;-0.931631;5.76983;1.06837;5.76983;-0.00134056;6.7028;-0.735702;0.82056
3998;0.208994;-0.931631;5.76983;1.06837;5.76983;-0.00134056;6.7028;-0.735891;0.820754
3999;0.208994;-0.931631;5.76983;1.06837;5.76983;-0.00134056;6.7028;-0.736081;0.820948
4000;0.208994;-0.931631;5.76983;1.06837;5.76983;-0.00134056;6.7028;-0.736271;0.821141
4001;0.208994;-0.931631;5.76983;1.06837;5.76983;-0.00134056;6.7028;-0.73646;0.821335
4002;0.208994;-0.931631;5.76983;1.06837;5.76983;-0.00134056;6.7028;-0.73665;0.821528
4003;0.208994;-0.931631;5.76983;1.06837;5.76983;-0.00134056;6.7028;-0.73684;0.821722
4004;0.208994;-0.931631;5.76983;1.06837;5.76983;-0.00134056;6.7028;-0.73703;0.821915
4005;0.208994;-0.931631;5.76983;1.06837;5.76983;-0.00134056;6.7028;-0.737219;0.822109
4006;0.208994;-0.931631;5.76983;1.06837;5.76983;-0.00134056;6.7028;-0.737409;0.822302
4007;0.208994;-0.931631;5.76983;1.06837;5.76983;-0.00134056;6.7028;-0.737599;0.822496
4008;0.208994;-0.931631;5.76983;1.06837;5.76983;-0.00134056;6.7028;-0.737788;0.82269
4009;0.208994;-0.931631;5.76983;1.06837;5.76983;-0.00134056;6.7028;-0.737978;0.822883
4010;0.208994;-0.931631;5.76983;1.06837;5.76983;-0.00134056;6.7028;-0.738168;0.823077
4011;0.208994;-0.931631;5.76983;1.06837;5.76983;-0.00134056;6.7028;-0.738357;0.82327
4012;0.208994;-0.931631;5.76983;1.06837;5.76983;-0.00134056;6.7028;-0.738547;0.823464
4013;0.208994;-0.931631;5.76983;1.06837;5.76983;-0.00134056;6.7028;-0.738737;0.823657
4014;0.208994;-0.931631;5.76983;1.06837;5.76983;-0.00134056;6.7028;-0.738926;0.823851
4015;0.208994;-0.931631;5.76983;1.06837;5.76983;-0.00134056;6.7028;-0.739116;0.824044
4016;0.208994;-0.931631;5.76983;1.06837;5.76983;-0.00134056;6.7028;-0.739306;0.824238
4017;0.208994;-0.931631;5.76983;1.06837;5.76983;-0.00134056;6.7028;-0.739495;0.824432
4018;0.208994;-0.931631;5.76983;1.06837;5.76983;-0.00134056;6.7028;-0.739685;0.824625
4019;0.208994;-0.931631;5.76983;1.06837;5.76983;-0.00134056;6.7028;-0.739875;0.824819
4020;0.208994;-0.931631;5.76983;1.06837;5.76983;-0.00134056;6.7028;-0.740065;0.825012
4021;0.208994;-0.931631;5.76983;1.06837;5.76983;-0.00134056;6.7028;-0.740254;0.825206
4022;0.208994;-0.931631;5.76983;1.06837;5.76983;-0.00134056;6.7028;-0.740444;0.825399
4023;0.208994;-0.931631;5.76983;1.06837;5.76983;-0.00134056;6.7028;-0.740634;0.825593
4024;0.208994;-0.931631;5.76983;1.06837;5.76983;-0.00134056;6.7028;-0.740823;0.825786
4025;0.208994;-0.931631;5.76983;1.06837;5.76983;-0.00134056;6.7028;-0.741013;0.82598
4026;0.208994;-0.931631;5.76983;1.06837;5.76983;-0.00134056;6.7028;-0.741203;0.826174
4027;0.208994;-0.931631;5.76983;1.06837;5.76983;-0.00134056;6.7028;-0.741392;0.826367
4028;0.208994;-0.931631;5.76983;1.06837;5.76983;-0.00134056;6.7028;-0.741582;0.826561
4029;0.208994;-0.931631;5.76983;1.06837;5.76983;-0.00134056;6.7028;-0.741772;0.826754
4030;0.208994;-0.931631;5.76983;1.06837;5.76983;-0.00134056;6.7028;-0.741961;0.826948
4031;0.208994;-0.931631;5.76983;1.06837;5.76983;-0.00134056;6.7028;-0.742151;0.827141
4032;0.208994;-0.931631;5.76983;1.06837;5.76983;-0.00134056;6.7028;-0.742341;0.827335
4033;0.208994;-0.931631;5.76983;1.06837;5.76983;-0.00134056;6.7028;-0.74253;0.827528
4034;0.208994;-0.931631;5.76983;1.06837;5.76983;-0.00134056;6.7028;-0.74272;0.827722
4035;0.208994;-0.931631;5.76983;1.06837;5.76983;-0.00134056;6.7028;-0.74291;0.827916
4036;0.208994;-0.931631;5.76983;1.06837;5.76983;-0.00134056;6.7028;-0.7431;0.828109
4037;0.208994;-0.931631;5.76983;1.06837;5.76983;-0.00134056;6.7028;-0.743289;0.828303
4038;0.208994;-0.931631;5.76983;1.06837;5.76983;-0.00134056;6.7028;-0.743479;0.828496
4039;0.208994;-0.931631;5.76983;1.06837;5.76983;-0.00134056;6.7028;-0.743669;0.82869
4040;0.208994;-0.931631;5.76983;1.06837;5.76983;-0.00134056;6.7028;-0.743858;0.828883
4041;0.208994;-0.931631;5.76983;1.06837;5.76983;-0.00134056;6.7028;-0.744048;0.829077
4042;0.208994;-0.931631;5.76983;1.06837;5.76983;-0.00134056;6.7028;-0.744238;0.82927
4043;0.208994;-0.931631;5.76983;1.06837;5.76983;-0.00134056;6.7028;-0.744427;0.829464
4044;0.208994;-0.931631;5.76983;1.06837;5.76983;-0.00134056;6.7028;-0.744617;0.829658
4045;0.208994;-0.931631;5.76983;1.06837;5.76983;-0.00134056;6.7028;-0.744807;0.829851
4046;0.208994;-0.931631;5.76983;1.06837;5.76983;-0.00134056;6.7028;-0.744996;0.830045
4047;0.208994;-0.931631;5.76983;1.06837;5.76983;-0.00134056;6.7028;-0.745186;0.830238
4048;0.208994;-0.931631;5.76983;1.06837;5.76983;-0.00134056;6.7028;-0.745376;0.830432
4049;0.208994;-0.931631;5.76983;1.06837;5.76983;-0.00134056;6.7028;-0.745566;0.830625
4050;0.208994;-0.931631;5.76983;1.06837;5.76983;-0.00134056;6.7028;-0.745755;0.830819
4051;0.208994;-0.931631;5.76983;1.06837;5.76983;-0.00134056;6.7028;-0.745945;0.831012
4052;0.208994;-0.931631;5.76983;1.06837;5.76983;-0.00134056;6.7028;-0.746135;0.831206
4053;0.208994;-0.931631;5.76983;1.06837;5.76983;-0.00134056;6.7028;-0.746324;0.8314
4054;0.208994;-0.931631;5.76983;1.06837;5.76983;-0.00134056;6.7028;-0.746514;0.831593
4055;0.208994;-0.931631;5.76983;1.06837;5.76983;-0.00134056;6.7028;-0.746704;0.831787
4056;0.208994;-0.931631;5.76983;1.06837;5.76983;-0.00134056;6.7028;-0.746893;0.83198
4057;0.208994;-0.931631;5.76983;1.06837;5.76983;-0.00134056;6.7028;-0.747083;0.832174
4058;0.208994;-0.931631;5.76983;1.06837;5.76983;-0.00134056;6.7028;-0.747273;0.832367
4059;0.208994;-0.931631;5.76983;1.06837;5.76983;-0.00134056;6.7028;-0.747462;0.832561
4060;0.208994;-0.931631;5.76983;1.06837;5.76983;-0.00134056;6.7028;-0.747652;0.832754
4061;0.208994;-0.931631;5.76983;1.06837;5.76983;-0.00134056;6.7028;-0.747842;0.832948
4062;0.208994;-0.931631;5.76983;1.06837;5.76983;-0.00134056;6.7028;-0.748031;0.833142
4063;0.208994;-0.931631;5.76983;1.06837;5.76983;-0.00134056;6.7028;-0.748221;0.833335
4064;0.208994;-0.931631;5.76983;1.06837;5.76983;-0.00134056;6.7028;-0.748411;0.833529
4065;0.208994;-0.931631;5.76983;1.06837;5.76983;-0.00134056;6.7028;-0.748601;0.833722
4066;0.208994;-0.931631;5.76983;1.06837;5.76983;-0.00134056;6.7028;-0.74879;0.833916
4067;0.208994;-0.931631;5.76983;1.06837;5.76983;-0.00134056;6.7028;-0.74898;0.834109
4068;0.208994;-0.931631;5.76983;1.06837;5.76983;-0.00134056;6.7028;-0.74917;0.834303
4069;0.208994;-0.931631;5.76983;1.06837;5.76983;-0.00134056;6.7028;-0.749359;0.834496
4070;0.208994;-0.931631;5.76983;1.06837;5.76983;-0.00134056;6.7028;-0.749549;0.83469
4071;0.208994;-0.931631;5.76983;1.06837;5.76983;-0.00134056;6.7028;-0.749739;0.834884
4072;0.208994;-0.931631;5.76983;1.06837;5.76983;-0.00134056;6.7028;-0.749928;0.835077
4073;0.208994;-0.931631;5.76983;1.06837;5.76983;-0.00134056;6.7028;-0.750118;0.835271
4074;0.208994;-0.931631;5.76983;1.06837;5.76983;-0.00134056;6.7028;-0.750308;0.835464
4075;0.208994;-0.931631;5.76983;1.06837;5.76983;-0.00134056;6.7028;-0.750497;0.835658
4076;0.208994;-0.931631;5.76983;1.06837;5.76983;-0.00134056;6.7028;-0.750687;0.835851
4077;0.208994;-0.931631;5.76983;1.06837;5.76983;-0.00134056;6.7028;-0.750877;0.836045
4078;0.208994;-0.931631;5.76983;1.06837;5.76983;-0.00134056;6.7028;-0.751067;0.836238
4079;0.208994;-0.931631;5.76982;1.06837;5.76982;-0.00134056;6.7028;-0.751256;0.836432
4080;0.208994;-0.931631;5.76982;1.06837;5.76982;-0.00134056;6.7028;-0.751446;0.836626
4081;0.208994;-0.931631;5.76982;1.06837;5.76982;-0.00134056;6.7028;-0.751636;0.836819
4082;0.208994;-0.931631;5.76982;1.06837;5.76982;-0.00134056;6.7028;-0.751825;0.837013
4083;0.208994;-0.931631;5.76982;1.06837;5.76982;-0.00134056;6.7028;-0.752015;0.837206
4084;0.208994;-0.931631;5.76982;1.06837;5.76982;-0.00134056;6.7028;-0.752205;0.8374
4085;0.208994;-0.931631;5.76982;1.06837;5.76982;-0.00134056;6.7028;-0.752394;0.837593
4086;0.208994;-0.931631;5.76982;1.06837;5.76982;-0.00134056;6.7028;-0.752584;0.837787
4087;0.208994;-0.931631;5.76982;1.06837;5.76982;-0.00134056;6.7028;-0.752774;0.83798
4088;0.208994;-0.931631;5.76982;1.06837;5.76982;-0.00134056;6.7028;-0.752963;0.838174
4089;0.208994;-0.931631;5.76982;1.06837;5.76982;-0.00134056;6.7028;-0.753153;0.838368
4090;0.208994;-0.931631;5.76982;1.06837;5.76982;-0.00134056;6.7028;-0.753343;0.838561
4091;0.208994;-0.931631;5.76982;1.06837;5.76982;-0.00134056;6.7028;-0.753532;0.838755
4092;0.208994;-0.931631;5.76982;1.06837;5.76982;-0.00134056;6.7028;-0.753722;0.838948
4093;0.208994;-0.931631;5.76982;1.06837;5.76982;-0.00134056;6.7028;-0.753912;0.839142
4094;0.208994;-0.931631;5.76982;1.06837;5.76982;-0.00134056;6.7028;-0.754102;0.839335
4095;0.208994;-0.931631;5.76982;1.06837;5.76982;-0.00134056;6.7028;-0.754291;0.839529
4096;0.208994;-0.931631;5.76982;1.06837;5.76982;-0.00134056;6.7028;-0.754481;0.839722
4097;0.208994;-0.931631;5.76982;1.06837;5.76982;-0.00134056;6.7028;-0.754671;0.839916
4098;0.208994;-0.931631;5.76982;1.06837;5.76982;-0.00134056;6.7028;-0.75486;0.84011
4099;0.208994;-0.931631;5.76982;1.06837;5.76982;-0.00134056;6.7028;-0.75505;0.840303
4100;0.208994;-0.931631;5.76982;1.06837;5.76982;-0.00134056;6.7028;-0.75524;0.840497
4101;0.208994;-0.931631;5.76982;1.06837;5.76982;-0.00134056;6.7028;-0.755429;0.84069
4102;0.208994;-0.931631;5.76982;1.06837;5.76982;-0.00134056;6.7028;-0.755619;0.840884
4103;0.208994;-0.931631;5.76982;1.06837;5.76982;-0.00134056;6.7028;-0.755809;0.841077
4104;0.208994;-0.931631;5.76982;1.06837;5.76982;-0.00134056;6.7028;-0.755998;0.841271
4105;0.208994;-0.931631;5.76982;1.06837;5.76982;-0.00134056;6.7028;-0.756188;0.841464
4106;0.208994;-0.931631;5.76982;1.06837;5.76982;-0.00134056;6.7028;-0.756378;0.841658
4107;0.208994;-0.931631;5.76982;1.06837;5.76982;-0.00134056;6.7028;-0.756568;0.841852
4108;0.208994;-0.931631;5.76982;1.06837;5.76982;-0.00134056;6.7028;-0.756757;0.842045
4109;0.208994;-0.931631;5.76982;1.06837;5.76982;-0.00134056;6.7028;-0.756947;0.842239
4110;0.208994;-0.931631;5.76982;1.06837;5.76982;-0.00134056;6.7028;-0.757137;0.842432
4111;0.208994;-0.931631;5.76982;1.06837;5.76982;-0.00134056;6.7028;-0.757326;0.842626
4112;0.208994;-0.931631;5.76982;1.06837;5.76982;-0.00134056;6.7028;-0.757516;0.842819
4113;0.208994;-0.931631;5.76982;1.06837;5.76982;-0.00134056;6.7028;-0.757706;0.843013
4114;0.208994;-0.931631;5.76982;1.06837;5.76982;-0.00134056;6.7028;-0.757895;0.843206
4115;0.208994;-0.931631;5.76982;1.06837;5.76982;-0.00134056;6.7028;-0.758085;0.8434
4116;0.208994;-0.931631;5.76982;1.06837;5.76982;-0.00134056;6.7028;-0.758275;0.843594
4117;0.208994;-0.931631;5.76982;1.06837;5.76982;-0.00134056;6.7028;-0.758464;0.843787
4118;0.208994;-0.931631;5.76982;1.06837;5.76982;-0.00134056;6.7028;-0.758654;0.843981
4119;0.208994;-0.931631;5.76982;1.06837;5.76982;-0.00134056;6.7028;-0.758844;0.844174
4120;0.208994;-0.931631;5.76982;1.06837;5.76982;-0.00134056;6.7028;-0.759033;0.844368
4121;0.208994;-0.931631;5.76982;1.06837;5.76982;-0.00134056;6.7028;-0.759223;0.844561
4122;0.208994;-0.931631;5.76982;1.06837;5.76982;-0.00134056;6.7028;-0.759413;0.844755
4123;0.208994;-0.931631;5.76982;1.06837;5.76982;-0.00134056;6.7028;-0.759603;0.844948
4124;0.208994;-0.931631;5.76982;1.06837;5.76982;-0.00134056;6.7028;-0.759792;0.845142
4125;0.208994;-0.931631;5.76982;1.06837;5.76982;-0.00134056;6.7028;-0.759982;0.845336
4126;0.208994;-0.931631;5.76982;1.06837;5.76982;-0.00134056;6.7028;-0.760172;0.845529
4127;0.208994;-0.931631;5.76982;1.06837;5.76982;-0.00134056;6.70279;-0.760361;0.845723
4128;0.208994;-0.931631;5.76982;1.06837;5.76982;-0.00134056;6.70279;-0.760551;0.845916
4129;0.208994;-0.931631;5.76982;1.06837;5.76982;-0.00134056;6.70279;-0.760741;0.84611
4130;0.208994;-0.931631;5.76982;1.06837;5.76982;-0.00134056;6.70279;-0.76093;0.846303
4131;0.208994;-0.931631;5.76982;1.06837;5.76982;-0.00134056;6.70279;-0.76112;0.846497
4132;0.208994;-0.931631;5.76982;1.06837;5.76982;-0.00134056;6.70279;-0.76131;0.84669
4133;0.208994;-0.931631;5.76982;1.06837;5.76982;-0.00134056;6.70279;-0.761499;0.846884
4134;0.208994;-0.931631;5.76982;1.06837;5.76982;-0.00134056;6.70279;-0.761689;0.847078
4135;0.208994;-0.931631;5.76982;1.06837;5.76982;-0.00134056;6.70279;-0.761879;0.847271
4136;0.208994;-0.931631;5.76982;1.06837;5.76982;-0.00134056;6.70279;-0.762068;0.847465
4137;0.208994;-0.931631;5.76982;1.06837;5.76982;-0.00134056;6.70279;-0.762258;0.847658
4138;0.208994;-0.931631;5.76982;1.06837;5.76982;-0.00134056;6.70279;-0.762448;0.847852
4139;0.208994;-0.931631;5.76982;1.06837;5.76982;-0.00134056;6.70279;-0.762638;0.848045
4140;0.208994;-0.931631;5.76982;1.06837;5.76982;-0.00134056;6.70279;-0.762827;0.848239
4141;0.208994;-0.931631;5.76982;1.06837;5.76982;-0.00134056;6.70279;-0.763017;0.848432
4142;0.208994;-0.931631;5.76982;1.06837;5.76982;-0.00134056;6.70279;-0.763207;0.848626
4143;0.208994;-0.931631;5.76982;1.06837;5.76982;-0.00134056;6.70279;-0.763396;0.84882
4144;0.208994;-0.931631;5.76982;1.06837;5.76982;-0.00134056;6.70279;-0.763586;0.849013
4145;0.208994;-0.931631;5.76982;1.06837;5.76982;-0.00134056;6.70279;-0.763776;0.849207
4146;0.208994;-0.931631;5.76982;1.06837;5.76982;-0.00134056;6.70279;-0.763965;0.8494
4147;0.208994;-0.931631;5.76982;1.06837;5.76982;-0.00134056;6.70279;-0.764155;0.849594
4148;0.208994;-0.931631;5.76982;1.06837;5.76982;-0.00134056;6.70279;-0.764345;0.849787
4149;0.208994;-0.931632;5.76982;1.06837;5.76982;-0.00134056;6.70279;-0.764534;0.849981
4150;0.208994;-0.931632;5.76982;1.06837;5.76982;-0.00134056;6.70279;-0.764724;0.850174
4151;0.208994;-0.931632;5.76982;1.06837;5.76982;-0.00134056;6.70279;-0.764914;0.850368
4152;0.208994;-0.931632;5.76982;1.06837;5.76982;-0.00134056;6.70279;-0.765104;0.850562
4153;0.208994;-0.931632;5.76982;1.06837;5.76982;-0.00134056;6.70279;-0.765293;0.850755
4154;0.208994;-0.931632;5.76982;1.06837;5.76982;-0.00134056;6.70279;-0.765483;0.850949
4155;0.208994;-0.931632;5.76982;1.06837;5.76982;-0.00134056;6.70279;-0.765673;0.851142
4156;0.208994;-0.931632;5.76982;1.06837;5.76982;-0.00134056;6.70279;-0.765862;0.851336
4157;0.208994;-0.931632;5.76982;1.06837;5.76982;-0.00134056;6.70279;-0.766052;0.851529
4158;0.208994;-0.931632;5.76982;1.06837;5.76982;-0.00134056;6.70279;-0.766242;0.851723
4159;0.208994;-0.931632;5.76982;1.06837;5.76982;-0.00134056;6.70279;-0.766431;0.851916
4160;0.208994;-0.931632;5.76982;1.06837;5.76982;-0.00134056;6.70279;-0.766621;0.85211
4161;0.208994;-0.931632;5.76982;1.06837;5.76982;-0.00134056;6.70279;-0.766811;0.852304
4162;0.208994;-0.931632;5.76982;1.06837;5.76982;-0.00134056;6.70279;-0.767;0.852497
4163;0.208994;-0.931632;5.76982;1.06837;5.76982;-0.00134056;6.70279;-0.76719;0.852691
4164;0.208994;-0.931632;5.76982;1.06837;5.76982;-0.00134056;6.70279;-0.76738;0.852884
4165;0.208994;-0.931632;5.76982;1.06837;5.76982;-0.00134056;6.70279;-0.767569;0.853078
4166;0.208994;-0.931632;5.76982;1.06837;5.76982;-0.00134056;6.70279;-0.767759;0.853271
4167;0.208994;-0.931632;5.76982;1.06837;5.76982;-0.00134056;6.70279;-0.767949;0.853465
4168;0.208994;-0.931632;5.76982;1.06837;5.76982;-0.00134056;6.70279;-0.768139;0.853658
4169;0.208994;-0.931632;5.76982;1.06837;5.76982;-0.00134056;6.70279;-0.768328;0.853852
4170;0.208994;-0.931632;5.76982;1.06837;5.76982;-0.00134056;6.70279;-0.768518;0.854046
4171;0.208994;-0.931632;5.76982;1.06837;5.76982;-0.00134056;6.70279;-0.768708;0.854239
4172;0.208994;-0.931632;5.76982;1.06837;5.76982;-0.00134056;6.70279;-0.768897;0.854433
4173;0.208994;-0.931632;5.76982;1.06837;5.76982;-0.00134056;6.70279;-0.769087;0.854626
4174;0.208994;-0.931632;5.76982;1.06837;5.76982;-0.00134056;6.70279;-0.769277;0.85482
4175;0.208994;-0.931632;5.76982;1.06837;5.76982;-0.00134056;6.70279;-0.769466;0.855013
4176;0.208994;-0.931632;5.76982;1.06837;5.76982;-0.00134056;6.70279;-0.769656;0.855207
4177;0.208994;-0.931632;5.76982;1.06837;5.76982;-0.00134056;6.70279;-0.769846;0.8554
4178;0.208994;-0.931632;5.76982;1.06837;5.76982;-0.00134056;6.70279;-0.770035;0.855594
4179;0.208994;-0.931632;5.76982;1.06837;5.76982;-0.00134056;6.70279;-0.770225;0.855788
4180;0.208994;-0.931632;5.76982;1.06837;5.76982;-0.00134056;6.70279;-0.770415;0.855981
4181;0.208994;-0.931632;5.76982;1.06837;5.76982;-0.00134056;6.70279;-0.770605;0.856175
4182;0.208994;-0.931632;5.76982;1.06837;5.76982;-0.00134056;6.70279;-0.770794;0.856368
4183;0.208994;-0.931632;5.76982;1.06837;5.76982;-0.00134056;6.70279;-0.770984;0.856562
4184;0.208994;-0.931632;5.76982;1.06837;5.76982;-0.00134056;6.70279;-0.771174;0.856755
4185;0.208994;-0.931632;5.76982;1.06837;5.76982;-0.00134056;6.70279;-0.771363;0.856949
4186;0.208994;-0.931632;5.76982;1.06837;5.76982;-0.00134056;6.70279;-0.771553;0.857142
4187;0.208994;-0.931632;5.76982;1.06837;5.76982;-0.00134056;6.70279;-0.771743;0.857336
4188;0.208994;-0.931632;5.76982;1.06837;5.76982;-0.00134056;6.70279;-0.771932;0.85753
4189;0.208994;-0.931632;5.76982;1.06837;5.76982;-0.00134056;6.70279;-0.772122;0.857723
4190;0.208994;-0.931632;5.76982;1.06837;5.76982;-0.00134056;6.70279;-0.772312;0.857917
4191;0.208994;-0.931632;5.76982;1.06837;5.76982;-0.00134056;6.70279;-0.772501;0.85811
4192;0.208994;-0.931632;5.76982;1.06837;5.76982;-0.00134056;6.70279;-0.772691;0.858304
4193;0.208994;-0.931632;5.76982;1.06837;5.76982;-0.00134056;6.70279;-0.772881;0.858497
4194;0.208994;-0.931632;5.76982;1.06837;5.76982;-0.00134056;6.70279;-0.77307;0.858691
4195;0.208994;-0.931632;5.76982;1.06837;5.76982;-0.00134056;6.70279;-0.77326;0.858884
4196;0.208994;-0.931632;5.76982;1.06837;5.76982;-0.00134056;6.70279;-0.77345;0.859078
4197;0.208994;-0.931632;5.76982;1.06837;5.76982;-0.00134056;6.70279;-0.77364;0.859272
4198;0.208994;-0.931632;5.76982;1.06837;5.76982;-0.00134056;6.70279;-0.773829;0.859465
4199;0.208994;-0.931632;5.76982;1.06837;5.76982;-0.00134056;6.70279;-0.774019;0.859659
4200;0.208994;-0.931632;5.76982;1.06837;5.76982;-0.00134056;6.70279;-0.774209;0.859852
4201;0.208994;-0.931632;5.76982;1.06837;5.76982;-0.00134056;6.70279;-0.774398;0.860046
4202;0.208994;-0.931632;5.76982;1.06837;5.76982;-0.00134056;6.70279;-0.774588;0.860239
4203;0.208994;-0.931632;5.76982;1.06837;5.76982;-0.00134056;6.70279;-0.774778;0.860433
4204;0.208994;-0.931632;5.76982;1.06837;5.76982;-0.00134056;6.70279;-0.774967;0.860626
4205;0.208994;-0.931632;5.76982;1.06837;5.76982;-0.00134056;6.70279;-0.775157;0.86082
4206;0.208994;-0.931632;5.76982;1.06837;5.76982;-0.00134056;6.70279;-0.775347;0.861014
4207;0.208994;-0.931632;5.76982;1.06837;5.76982;-0.00134056;6.70279;-0.775536;0.861207
4208;0.208994;-0.931632;5.76982;1.06837;5.76982;-0.00134056;6.70279;-0.775726;0.861401
4209;0.208994;-0.931632;5.76982;1.06837;5.76982;-0.00134056;6.70279;-0.775916;0.861594
4210;0.208994;-0.931632;5.76982;1.06837;5.76982;-0.00134056;6.70279;-0.776105;0.861788
4211;0.208994;-0.931632;5.76982;1.06837;5.76982;-0.00134056;6.70279;-0.776295;0.861981
4212;0.208994;-0.931632;5.76982;1.06837;5.76982;-0.00134056;6.70279;-0.776485;0.862175
4213;0.208994;-0.931632;5.76982;1.06837;5.76982;-0.00134056;6.70279;-0.776675;0.862368
4214;0.208994;-0.931632;5.76982;1.06837;5.76982;-0.00134056;6.70279;-0.776864;0.862562
4215;0.208994;-0.931632;5.76982;1.06837;5.76982;-0.00134056;6.70279;-0.777054;0.862756
4216;0.208994;-0.931632;5.76982;1.06837;5.76982;-0.00134056;6.70279;-0.777244;0.862949
4217;0.208994;-0.931632;5.76982;1.06837;5.76982;-0.00134056;6.70279;-0.777433;0.863143
4218;0.208994;-0.931632;5.76982;1.06837;5.76982;-0.00134056;6.70279;-0.777623;0.863336
4219;0.208994;-0.931632;5.76982;1.06837;5.76982;-0.00134056;6.70279;-0.777813;0.86353
4220;0.208994;-0.931632;5.76982;1.06837;5.76982;-0.00134056;6.70279;-0.778002;0.863723
4221;0.208994;-0.931632;5.76982;1.06837;5.76982;-0.00134056;6.70279;-0.778192;0.863917
4222;0.208994;-0.931632;5.76982;1.06837;5.76982;-0.00134056;6.70279;-0.778382;0.86411
4223;0.208994;-0.931632;5.76982;1.06837;5.76982;-0.00134056;6.70279;-0.778571;0.864304
4224;0.208994;-0.931632;5.76982;1.06837;5.76982;-0.00134056;6.70279;-0.778761;0.864498
4225;0.208994;-0.931632;5.76982;1.06837;5.76982;-0.00134056;6.70279;-0.778951;0.864691
4226;0.208994;-0.931632;5.76982;1.06837;5.76982;-0.00134056;6.70279;-0.779141;0.864885
4227;0.208994;-0.931632;5.76982;1.06837;5.76982;-0.00134056;6.70279;-0.77933;0.865078
4228;0.208994;-0.931632;5.76982;1.06837;5.76982;-0.00134056;6.70279;-0.77952;0.865272
4229;0.208994;-0.931632;5.76982;1.06837;5.76982;-0.00134056;6.70279;-0.77971;0.865465
4230;0.208994;-0.931632;5.76982;1.06837;5.76982;-0.00134056;6.70279;-0.779899;0.865659
4231;0.208994;-0.931632;5.76982;1.06837;5.76982;-0.00134056;6.70279;-0.780089;0.865852
4232;0.208994;-0.931632;5.76982;1.06837;5.76982;-0.00134056;6.70279;-0.780279;0.866046
4233;0.208994;-0.931632;5.76982;1.06837;5.76982;-0.00134056;6.70279;-0.780468;0.86624
4234;0.208994;-0.931632;5.76982;1.06837;5.76982;-0.00134056;6.70279;-0.780658;0.866433
4235;0.208994;-0.931632;5.76982;1.06837;5.76982;-0.00134056;6.70279;-0.780848;0.866627
4236;0.208994;-0.931632;5.76982;1.06837;5.76982;-0.00134056;6.70279;-0.781037;0.86682
4237;0.208994;-0.931632;5.76982;1.06837;5.76982;-0.00134056;6.70279;-0.781227;0.867014
4238;0.208994;-0.931632;5.76982;1.06837;5.76982;-0.00134056;6.70279;-0.781417;0.867207
4239;0.208994;-0.931632;5.76982;1.06837;5.76982;-0.00134056;6.70279;-0.781606;0.867401
4240;0.208994;-0.931632;5.76982;1.06837;5.76982;-0.00134056;6.70279;-0.781796;0.867594
4241;0.208994;-0.931632;5.76982;1.06837;5.76982;-0.00134056;6.70279;-0.781986;0.867788
4242;0.208994;-0.931632;5.76982;1.06837;5.76982;-0.00134056;6.70279;-0.782176;0.867982
4243;0.208994;-0.931632;5.76982;1.06837;5.76982;-0.00134056;6.70279;-0.782365;0.868175
4244;0.208994;-0.931632;5.76982;1.06837;5.76982;-0.00134056;6.70279;-0.782555;0.868369
4245;0.208994;-0.931632;5.76982;1.06837;5.76982;-0.00134056;6.70279;-0.782745;0.868562
4246;0.208994;-0.931632;5.76982;1.06837;5.76982;-0.00134056;6.70279;-0.782934;0.868756
4247;0.208994;-0.931632;5.76982;1.06837;5.76982;-0.00134056;6.70279;-0.783124;0.868949
4248;0.208994;-0.931632;5.76982;1.06837;5.76982;-0.00134056;6.70279;-0.783314;0.869143
4249;0.208994;-0.931632;5.76982;1.06837;5.76982;-0.00134056;6.70279;-0.783503;0.869336
4250;0.208994;-0.931632;5.76982;1.06837;5.76982;-0.00134056;6.70279;-0.783693;0.86953
4251;0.208994;-0.931632;5.76982;1.06837;5.76982;-0.00134056;6.70279;-0.783883;0.869724
4252;0.208994;-0.931632;5.76982;1.06837;5.76982;-0.00134056;6.70279;-0.784072;0.869917
4253;0.208994;-0.931632;5.76982;1.06837;5.76982;-0.00134056;6.70279;-0.784262;0.870111
4254;0.208994;-0.931632;5.76982;1.06837;5.76982;-0.00134056;6.70279;-0.784452;0.870304
4255;0.208994;-0.931632;5.76982;1.06837;5.76982;-0.00134056;6.70279;-0.784642;0.870498
4256;0.208994;-0.931632;5.76982;1.06837;5.76982;-0.00134056;6.70279;-0.784831;0.870691
4257;0.208994;-0.931632;5.76982;1.06837;5.76982;-0.00134056;6.70279;-0.785021;0.870885
4258;0.208994;-0.931632;5.76982;1.06837;5.76982;-0.00134056;6.70279;-0.785211;0.871078
4259;0.208994;-0.931632;5.76982;1.06837;5.76982;-0.00134056;6.70279;-0.7854;0.871272
4260;0.208994;-0.931632;5.76982;1.06837;5.76982;-0.00134056;6.70279;-0.78559;0.871466
4261;0.208994;-0.931632;5.76982;1.06837;5.76982;-0.00134056;6.70279;-0.78578;0.871659
4262;0.208994;-0.931632;5.76982;1.06837;5.76982;-0.00134056;6.70279;-0.785969;0.871853
4263;0.208994;-0.931632;5.76982;1.06837;5.76982;-0.00134056;6.70279;-0.786159;0.872046
4264;0.208994;-0.931632;5.76982;1.06837;5.76982;-0.00134056;6.70279;-0.786349;0.87224
4265;0.208994;-0.931632;5.76982;1.06837;5.76982;-0.00134056;6.70279;-0.786538;0.872433
4266;0.208994;-0.931632;5.76982;1.06837;5.76982;-0.00134056;6.70279;-0.786728;0.872627
4267;0.208994;-0.931632;5.76982;1.06837;5.76982;-0.00134056;6.70279;-0.786918;0.87282
4268;0.208994;-0.931632;5.76982;1.06837;5.76982;-0.00134056;6.70279;-0.787107;0.873014
4269;0.208994;-0.931632;5.76982;1.06837;5.76982;-0.00134056;6.70279;-0.787297;0.873208
4270;0.208994;-0.931632;5.76982;1.06837;5.76982;-0.00134056;6.70279;-0.787487;0.873401
4271;0.208994;-0.931632;5.76982;1.06837;5.76982;-0.00134056;6.70279;-0.787677;0.873595
4272;0.208994;-0.931632;5.76982;1.06837;5.76982;-0.00134056;6.70279;-0.787866;0.873788
4273;0.208994;-0.931632;5.76982;1.06837;5.76982;-0.00134056;6.70279;-0.788056;0.873982
4274;0.208994;-0.931632;5.76982;1.06837;5.76982;-0.00134056;6.70279;-0.788246;0.874175
4275;0.208994;-0.931632;5.76982;1.06837;5.76982;-0.00134056;6.70279;-0.788435;0.874369
4276;0.208994;-0.931632;5.76982;1.06837;5.76982;-0.00134056;6.70279;-0.788625;0.874562
4277;0.208994;-0.931632;5.76982;1.06837;5.76982;-0.00134056;6.70279;-0.788815;0.874756
4278;0.208994;-0.931632;5.76982;1.06837;5.76982;-0.00134056;6.70279;-0.789004;0.87495
4279;0.208994;-0.931632;5.76982;1.06837;5.76982;-0.00134056;6.70279;-0.789194;0.875143
4280;0.208994;-0.931632;5.76982;1.06837;5.76982;-0.00134056;6.70279;-0.789384;0.875337
4281;0.208994;-0.931632;5.76982;1.06837;5.76982;-0.00134056;6.70279;-0.789573;0.87553
4282;0.208994;-0.931632;5.76982;1.06837;5.76982;-0.00134056;6.70279;-0.789763;0.875724
4283;0.208994;-0.931632;5.76982;1.06837;5.76982;-0.00134056;6.70279;-0.789953;0.875917
4284;0.208994;-0.931632;5.76982;1.06837;5.76982;-0.00134056;6.70279;-0.790142;0.876111
4285;0.208994;-0.931632;5.76982;1.06837;5.76982;-0.00134056;6.70279;-0.790332;0.876304
4286;0.208994;-0.931632;5.76982;1.06837;5.76982;-0.00134056;6.70279;-0.790522;0.876498
4287;0.208994;-0.931632;5.76982;1.06837;5.76982;-0.00134056;6.70279;-0.790712;0.876692
4288;0.208994;-0.931632;5.76982;1.06837;5.76982;-0.00134056;6.70279;-0.790901;0.876885
4289;0.208994;-0.931632;5.76982;1.06837;5.76982;-0.00134056;6.70279;-0.791091;0.877079
4290;0.208994;-0.931632;5.76982;1.06837;5.76982;-0.00134056;6.70279;-0.791281;0.877272
4291;0.208994;-0.931632;5.76982;1.06837;5.76982;-0.00134056;6.70279;-0.79147;0.877466
4292;0.208994;-0.931632;5.76982;1.06837;5.76982;-0.00134056;6.70279;-0.79166;0.877659
4293;0.208994;-0.931632;5.76982;1.06837;5.76982;-0.00134056;6.70279;-0.79185;0.877853
4294;0.208994;-0.931632;5.76982;1.06837;5.76982;-0.00134056;6.70279;-0.792039;0.878046
4295;0.208994;-0.931632;5.76982;1.06837;5.76982;-0.00134056;6.70279;-0.792229;0.87824
4296;0.208994;-0.931632;5.76982;1.06837;5.76982;-0.00134056;6.70279;-0.792419;0.878434
4297;0.208994;-0.931632;5.76982;1.06837;5.76982;-0.00134056;6.70279;-0.792608;0.878627
4298;0.208994;-0.931632;5.76982;1.06837;5.76982;-0.00134056;6.70279;-0.792798;0.878821
4299;0.208994;-0.931632;5.76982;1.06837;5.76982;-0.00134056;6.70279;-0.792988;0.879014
4300;0.208994;-0.931632;5.76982;1.06837;5.76982;-0.00134056;6.70279;-0.793178;0.879208
4301;0.208994;-0.931632;5.76982;1.06837;5.76982;-0.00134056;6.70279;-0.793367;0.879401
4302;0.208994;-0.931632;5.76982;1.06837;5.76982;-0.00134056;6.70279;-0.793557;0.879595
4303;0.208994;-0.931632;5.76982;1.06837;5.76982;-0.00134056;6.70279;-0.793747;0.879788
4304;0.208994;-0.931632;5.76982;1.06837;5.76982;-0.00134056;6.70279;-0.793936;0.879982
4305;0.208994;-0.931632;5.76982;1.06837;5.76982;-0.00134056;6.70279;-0.794126;0.880176
4306;0.208994;-0.931632;5.76982;1.06837;5.76982;-0.00134056;6.70279;-0.794316;0.880369
4307;0.208994;-0.931632;5.76982;1.06837;5.76982;-0.00134056;6.70279;-0.794505;0.880563
4308;0.208994;-0.931632;5.76982;1.06837;5.76982;-0.00134056;6.70279;-0.794695;0.880756
4309;0.208994;-0.931632;5.76982;1.06837;5.76982;-0.00134056;6.70279;-0.794885;0.88095
4310;0.208994;-0.931632;5.76982;1.06837;5.76982;-0.00134056;6.70279;-0.795074;0.881143
4311;0.208994;-0.931632;5.76982;1.06837;5.76982;-0.00134056;6.70279;-0.795264;0.881337
4312;0.208994;-0.931632;5.76982;1.06837;5.76982;-0.00134056;6.70279;-0.795454;0.88153
4313;0.208994;-0.931632;5.76982;1.06837;5.76982;-0.00134056;6.70279;-0.795643;0.881724
4314;0.208994;-0.931632;5.76982;1.06837;5.76982;-0.00134056;6.70279;-0.795833;0.881918
4315;0.208994;-0.931632;5.76982;1.06837;5.76982;-0.00134056;6.70279;-0.796023;0.882111
4316;0.208994;-0.931632;5.76981;1.06837;5.76981;-0.00134056;6.70279;-0.796213;0.882305
4317;0.208994;-0.931632;5.76981;1.06837;5.76981;-0.00134056;6.70279;-0.796402;0.882498
4318;0.208994;-0.931632;5.76981;1.06837;5.76981;-0.00134056;6.70279;-0.796592;0.882692
4319;0.208994;-0.931632;5.76981;1.06837;5.76981;-0.00134056;6.70279;-0.796782;0.882885
4320;0.208994;-0.931632;5.76981;1.06837;5.76981;-0.00134056;6.70279;-0.796971;0.883079
4321;0.208994;-0.931632;5.76981;1.06837;5.76981;-0.00134056;6.70279;-0.797161;0.883272
4322;0.208994;-0.931632;5.76981;1.06837;5.76981;-0.00134056;6.70279;-0.797351;0.883466
4323;0.208994;-0.931632;5.76981;1.06837;5.76981;-0.00134056;6.70279;-0.79754;0.88366
4324;0.208994;-0.931632;5.76981;1.06837;5.76981;-0.00134056;6.70279;-0.79773;0.883853
4325;0.208994;-0.931632;5.76981;1.06837;5.76981;-0.00134056;6.70279;-0.79792;0.884047
4326;0.208994;-0.931632;5.76981;1.06837;5.76981;-0.00134056;6.70279;-0.798109;0.88424
4327;0.208994;-0.931632;5.76981;1.06837;5.76981;-0.00134056;6.70279;-0.798299;0.884434
4328;0.208994;-0.931632;5.76981;1.06837;5.76981;-0.00134056;6.70279;-0.798489;0.884627
4329;0.208994;-0.931632;5.76981;1.06837;5.76981;-0.00134056;6.70279;-0.798679;0.884821
4330;0.208994;-0.931632;5.76981;1.06837;5.76981;-0.00134056;6.70279;-0.798868;0.885014
4331;0.208994;-0.931632;5.76981;1.06837;5.76981;-0.00134056;6.70279;-0.799058;0.885208
4332;0.208994;-0.931632;5.76981;1.06837;5.76981;-0.00134056;6.70279;-0.799248;0.885402
4333;0.208994;-0.931632;5.76981;1.06837;5.76981;-0.00134056;6.70279;-0.799437;0.885595
4334;0.208994;-0.931632;5.76981;1.06837;5.76981;-0.00134056;6.70279;-0.799627;0.885789
4335;0.208994;-0.931632;5.76981;1.06837;5.76981;-0.00134056;6.70279;-0.799817;0.885982
4336;0.208994;-0.931632;5.76981;1.06837;5.76981;-0.00134056;6.70279;-0.800006;0.886176
4337;0.208994;-0.931632;5.76981;1.06837;5.76981;-0.00134056;6.70279;-0.800196;0.886369
4338;0.208994;-0.931632;5.76981;1.06837;5.76981;-0.00134056;6.70279;-0.800386;0.886563
4339;0.208994;-0.931632;5.76981;1.06837;5.76981;-0.00134056;6.70279;-0.800575;0.886756
4340;0.208994;-0.931632;5.76981;1.06837;5.76981;-0.00134056;6.70279;-0.800765;0.88695
4341;0.208994;-0.931632;5.76981;1.06837;5.76981;-0.00134056;6.70279;-0.800955;0.887144
4342;0.208994;-0.931632;5.76981;1.06837;5.76981;-0.00134056;6.70279;-0.801144;0.887337
4343;0.208994;-0.931632;5.76981;1.06837;5.76981;-0.00134056;6.70279;-0.801334;0.887531
4344;0.208994;-0.931632;5.76981;1.06837;5.76981;-0.00134056;6.70279;-0.801524;0.887724
4345;0.208994;-0.931632;5.76981;1.06837;5.76981;-0.00134056;6.70279;-0.801714;0.887918
4346;0.208994;-0.931632;5.76981;1.06837;5.76981;-0.00134056;6.70279;-0.801903;0.888111
4347;0.208994;-0.931632;5.76981;1.06837;5.76981;-0.00134056;6.70279;-0.802093;0.888305
4348;0.208994;-0.931632;5.76981;1.06837;5.76981;-0.00134056;6.70279;-0.802283;0.888498
4349;0.208994;-0.931632;5.76981;1.06837;5.76981;-0.00134056;6.70279;-0.802472;0.888692
4350;0.208994;-0.931632;5.76981;1.06837;5.76981;-0.00134056;6.70279;-0.802662;0.888886
4351;0.208994;-0.931632;5.76981;1.06837;5.76981;-0.00134056;6.70279;-0.802852;0.889079
4352;0.208994;-0.931632;5.76981;1.06837;5.76981;-0.00134056;6.70279;-0.803041;0.889273
4353;0.208994;-0.931632;5.76981;1.06837;5.76981;-0.00134056;6.70279;-0.803231;0.889466
4354;0.208994;-0.931632;5.76981;1.06837;5.76981;-0.00134056;6.70279;-0.803421;0.88966
4355;0.208994;-0.931632;5.76981;1.06837;5.76981;-0.00134056;6.70279;-0.80361;0.889853
4356;0.208994;-0.931632;5.76981;1.06837;5.76981;-0.00134056;6.70279;-0.8038;0.890047
4357;0.208994;-0.931632;5.76981;1.06837;5.76981;-0.00134056;6.70279;-0.80399;0.89024
4358;0.208994;-0.931632;5.76981;1.06837;5.76981;-0.00134056;6.70279;-0.804179;0.890434
4359;0.208994;-0.931632;5.76981;1.06837;5.76981;-0.00134056;6.70279;-0.804369;0.890628
4360;0.208994;-0.931632;5.76981;1.06837;5.76981;-0.00134056;6.70279;-0.804559;0.890821
4361;0.208994;-0.931632;5.76981;1.06837;5.76981;-0.00134056;6.70279;-0.804749;0.891015
4362;0.208994;-0.931632;5.76981;1.06837;5.76981;-0.00134056;6.70279;-0.804938;0.891208
4363;0.208994;-0.931632;5.76981;1.06837;5.76981;-0.00134056;6.70279;-0.805128;0.891402
4364;0.208994;-0.931632;5.76981;1.06837;5.76981;-0.00134056;6.70279;-0.805318;0.891595
4365;0.208994;-0.931632;5.76981;1.06837;5.76981;-0.00134056;6.70279;-0.805507;0.891789
4366;0.208994;-0.931632;5.76981;1.06837;5.76981;-0.00134056;6.70279;-0.805697;0.891982
4367;0.208994;-0.931632;5.76981;1.06837;5.76981;-0.00134056;6.70279;-0.805887;0.892176
4368;0.208994;-0.931632;5.76981;1.06837;5.76981;-0.00134056;6.70278;-0.806076;0.89237
4369;0.208994;-0.931632;5.76981;1.06837;5.76981;-0.00134056;6.70278;-0.806266;0.892563
4370;0.208994;-0.931632;5.76981;1.06837;5.76981;-0.00134056;6.70278;-0.806456;0.892757
4371;0.208994;-0.931632;5.76981;1.06837;5.76981;-0.00134056;6.70278;-0.806645;0.89295
4372;0.208994;-0.931632;5.76981;1.06837;5.76981;-0.00134056;6.70278;-0.806835;0.893144
4373;0.208994;-0.931632;5.76981;1.06837;5.76981;-0.00134056;6.70278;-0.807025;0.893337
4374;0.208994;-0.931632;5.76981;1.06837;5.76981;-0.00134056;6.70278;-0.807215;0.893531
4375;0.208994;-0.931632;5.76981;1.06837;5.76981;-0.00134056;6.70278;-0.807404;0.893724
4376;0.208994;-0.931632;5.76981;1.06837;5.76981;-0.00134056;6.70278;-0.807594;0.893918
4377;0.208994;-0.931632;5.76981;1.06837;5.76981;-0.00134056;6.70278;-0.807784;0.894112
4378;0.208994;-0.931632;5.76981;1.06837;5.76981;-0.00134056;6.70278;-0.807973;0.894305
4379;0.208994;-0.931632;5.76981;1.06837;5.76981;-0.00134056;6.70278;-0.808163;0.894499
4380;0.208994;-0.931632;5.76981;1.06837;5.76981;-0.00134056;6.70278;-0.808353;0.894692
4381;0.208994;-0.931632;5.76981;1.06837;5.76981;-0.00134056;6.70278;-0.808542;0.894886
4382;0.208994;-0.931632;5.76981;1.06837;5.76981;-0.00134056;6.70278;-0.808732;0.895079
4383;0.208994;-0.931632;5.76981;1.06837;5.76981;-0.00134056;6.70278;-0.808922;0.895273
4384;0.208994;-0.931632;5.76981;1.06837;5.76981;-0.00134056;6.70278;-0.809111;0.895466
4385;0.208994;-0.931632;5.76981;1.06837;5.76981;-0.00134056;6.70278;-0.809301;0.89566
4386;0.208994;-0.931632;5.76981;1.06837;5.76981;-0.00134056;6.70278;-0.809491;0.895854
4387;0.208994;-0.931632;5.76981;1.06837;5.76981;-0.00134056;6.70278;-0.80968;0.896047
4388;0.208994;-0.931632;5.76981;1.06837;5.76981;-0.00134056;6.70278;-0.80987;0.896241
4389;0.208994;-0.931632;5.76981;1.06837;5.76981;-0.00134056;6.70278;-0.81006;0.896434
4390;0.208994;-0.931632;5.76981;1.06837;5.76981;-0.00134056;6.70278;-0.81025;0.896628
4391;0.208994;-0.931632;5.76981;1.06837;5.76981;-0.00134056;6.70278;-0.810439;0.896821
4392;0.208994;-0.931632;5.76981;1.06837;5.76981;-0.00134056;6.70278;-0.810629;0.897015
4393;0.208994;-0.931632;5.76981;1.06837;5.76981;-0.00134056;6.70278;-0.810819;0.897208
4394;0.208994;-0.931632;5.76981;1.06837;5.76981;-0.00134056;6.70278;-0.811008;0.897402
4395;0.208994;-0.931632;5.76981;1.06837;5.76981;-0.00134056;6.70278;-0.811198;0.897596
4396;0.208994;-0.931632;5.76981;1.06837;5.76981;-0.00134056;6.70278;-0.811388;0.897789
4397;0.208994;-0.931632;5.76981;1.06837;5.76981;-0.00134056;6.70278;-0.811577;0.897983
4398;0.208994;-0.931632;5.76981;1.06837;5.76981;-0.00134056;6.70278;-0.811767;0.898176
4399;0.208994;-0.931632;5.76981;1.06837;5.76981;-0.00134056;6.70278;-0.811957;0.89837
4400;0.208994;-0.931632;5.76981;1.06837;5.76981;-0.00134056;6.70278;-0.812146;0.898563
4401;0.208994;-0.931632;5.76981;1.06837;5.76981;-0.00134056;6.70278;-0.812336;0.898757
4402;0.208994;-0.931632;5.76981;1.06837;5.76981;-0.00134056;6.70278;-0.812526;0.89895
4403;0.208994;-0.931632;5.76981;1.06837;5.76981;-0.00134056;6.70278;-0.812715;0.899144
4404;0.208994;-0.931632;5.76981;1.06837;5.76981;-0.00134056;6.70278;-0.812905;0.899338
4405;0.208994;-0.931632;5.76981;1.06837;5.76981;-0.00134056;6.70278;-0.813095;0.899531
4406;0.208994;-0.931632;5.76981;1.06837;5.76981;-0.00134056;6.70278;-0.813285;0.899725
4407;0.208994;-0.931632;5.76981;1.06837;5.76981;-0.00134056;6.70278;-0.813474;0.899918
4408;0.208994;-0.931632;5.76981;1.06837;5.76981;-0.00134056;6.70278;-0.813664;0.900112
4409;0.208994;-0.931632;5.76981;1.06837;5.76981;-0.00134056;6.70278;-0.813854;0.900305
4410;0.208994;-0.931632;5.76981;1.06837;5.76981;-0.00134056;6.70278;-0.814043;0.900499
4411;0.208994;-0.931632;5.76981;1.06837;5.76981;-0.00134056;6.70278;-0.814233;0.900692
4412;0.208994;-0.931632;5.76981;1.06837;5.76981;-0.00134056;6.70278;-0.814423;0.900886
4413;0.208994;-0.931632;5.76981;1.06837;5.76981;-0.00134056;6.70278;-0.814612;0.90108
4414;0.208994;-0.931632;5.76981;1.06837;5.76981;-0.00134056;6.70278;-0.814802;0.901273
4415;0.208994;-0.931632;5.76981;1.06837;5.76981;-0.00134056;6.70278;-0.814992;0.901467
4416;0.208994;-0.931632;5.76981;1.06837;5.76981;-0.00134056;6.70278;-0.815181;0.90166
4417;0.208994;-0.931632;5.76981;1.06837;5.76981;-0.00134056;6.70278;-0.815371;0.901854
4418;0.208994;-0.931632;5.76981;1.06837;5.76981;-0.00134056;6.70278;-0.815561;0.902047
4419;0.208994;-0.931632;5.76981;1.06837;5.76981;-0.00134056;6.70278;-0.815751;0.902241
4420;0.208994;-0.931632;5.76981;1.06837;5.76981;-0.00134056;6.70278;-0.81594;0.902434
4421;0.208994;-0.931632;5.76981;1.06837;5.76981;-0.00134056;6.70278;-0.81613;0.902628
4422;0.208994;-0.931632;5.76981;1.06837;5.76981;-0.00134056;6.70278;-0.81632;0.902822
4423;0.208994;-0.931632;5.76981;1.06837;5.76981;-0.00134056;6.70278;-0.816509;0.903015
4424;0.208994;-0.931632;5.76981;1.06837;5.76981;-0.00134056;6.70278;-0.816699;0.903209
4425;0.208994;-0.931632;5.76981;1.06837;5.76981;-0.00134056;6.70278;-0.816889;0.903402
4426;0.208994;-0.931632;5.76981;1.06837;5.76981;-0.00134056;6.70278;-0.817078;0.903596
4427;0.208994;-0.931632;5.76981;1.06837;5.76981;-0.00134056;6.70278;-0.817268;0.903789
4428;0.208994;-0.931632;5.76981;1.06837;5.76981;-0.00134056;6.70278;-0.817458;0.903983
4429;0.208994;-0.931632;5.76981;1.06837;5.76981;-0.00134056;6.70278;-0.817647;0.904176
4430;0.208994;-0.931632;5.76981;1.06837;5.76981;-0.00134056;6.70278;-0.817837;0.90437
4431;0.208994;-0.931632;5.76981;1.06837;5.76981;-0.00134056;6.70278;-0.818027;0.904564
4432;0.208994;-0.931632;5.76981;1.06837;5.76981;-0.00134056;6.70278;-0.818216;0.904757
4433;0.208994;-0.931632;5.76981;1.06837;5.76981;-0.00134056;6.70278;-0.818406;0.904951
4434;0.208994;-0.931632;5.76981;1.06837;5.76981;-0.00134056;6.70278;-0.818596;0.905144
4435;0.208994;-0.931632;5.76981;1.06837;5.76981;-0.00134056;6.70278;-0.818786;0.905338
4436;0.208994;-0.931632;5.76981;1.06837;5.76981;-0.00134056;6.70278;-0.818975;0.905531
4437;0.208994;-0.931632;5.76981;1.06837;5.76981;-0.00134056;6.70278;-0.819165;0.905725
4438;0.208994;-0.931632;5.76981;1.06837;5.76981;-0.00134056;6.70278;-0.819355;0.905918
4439;0.208994;-0.931632;5.76981;1.06837;5.76981;-0.00134056;6.70278;-0.819544;0.906112
4440;0.208994;-0.931632;5.76981;1.06837;5.76981;-0.00134056;6.70278;-0.819734;0.906306
4441;0.208994;-0.931632;5.76981;1.06837;5.76981;-0.00134056;6.70278;-0.819924;0.906499
4442;0.208994;-0.931632;5.76981;1.06837;5.76981;-0.00134056;6.70278;-0.820113;0.906693
4443;0.208994;-0.931632;5.76981;1.06837;5.76981;-0.00134056;6.70278;-0.820303;0.906886
4444;0.208994;-0.931632;5.76981;1.06837;5.76981;-0.00134056;6.70278;-0.820493;0.90708
4445;0.208994;-0.931632;5.76981;1.06837;5.76981;-0.00134056;6.70278;-0.820682;0.907273
4446;0.208994;-0.931632;5.76981;1.06837;5.76981;-0.00134056;6.70278;-0.820872;0.907467
4447;0.208994;-0.931632;5.76981;1.06837;5.76981;-0.00134056;6.70278;-0.821062;0.90766
4448;0.208994;-0.931632;5.76981;1.06837;5.76981;-0.00134056;6.70278;-0.821251;0.907854
4449;0.208994;-0.931632;5.76981;1.06837;5.76981;-0.00134056;6.70278;-0.821441;0.908048
4450;0.208994;-0.931632;5.76981;1.06837;5.76981;-0.00134056;6.70278;-0.821631;0.908241
4451;0.208994;-0.931632;5.76981;1.06837;5.76981;-0.00134056;6.70278;-0.821821;0.908435
4452;0.208994;-0.931632;5.76981;1.06837;5.76981;-0.00134056;6.70278;-0.82201;0.908628
4453;0.208994;-0.931632;5.76981;1.06837;5.76981;-0.00134056;6.70278;-0.8222;0.908822
4454;0.208994;-0.931632;5.76981;1.06837;5.76981;-0.00134056;6.70278;-0.82239;0.909015
4455;0.208994;-0.931632;5.76981;1.06837;5.76981;-0.00134056;6.70278;-0.822579;0.909209
4456;0.208994;-0.931632;5.76981;1.06837;5.76981;-0.00134056;6.70278;-0.822769;0.909402
4457;0.208994;-0.931632;5.76981;1.06837;5.76981;-0.00134056;6.70278;-0.822959;0.909596
4458;0.208994;-0.931632;5.76981;1.06837;5.76981;-0.00134056;6.70278;-0.823148;0.90979
4459;0.208994;-0.931632;5.76981;1.06837;5.76981;-0.00134056;6.70278;-0.823338;0.909983
4460;0.208994;-0.931632;5.76981;1.06837;5.76981;-0.00134056;6.70278;-0.823528;0.910177
4461;0.208994;-0.931632;5.76981;1.06837;5.76981;-0.00134056;6.70278;-0.823717;0.91037
4462;0.208994;-0.931632;5.76981;1.06837;5.76981;-0.00134056;6.70278;-0.823907;0.910564
4463;0.208994;-0.931632;5.76981;1.06837;5.76981;-0.00134056;6.70278;-0.824097;0.910757
4464;0.208994;-0.931632;5.76981;1.06837;5.76981;-0.00134056;6.70278;-0.824287;0.910951
4465;0.208994;-0.931632;5.76981;1.06837;5.76981;-0.00134056;6.70278;-0.824476;0.911144
4466;0.208994;-0.931632;5.76981;1.06837;5.76981;-0.00134056;6.70278;-0.824666;0.911338
4467;0.208994;-0.931632;5.76981;1.06837;5.76981;-0.00134056;6.70278;-0.824856;0.911532
4468;0.208994;-0.931632;5.76981;1.06837;5.76981;-0.00134056;6.70278;-0.825045;0.911725
4469;0.208994;-0.931632;5.76981;1.06837;5.76981;-0.00134056;6.70278;-0.825235;0.911919
4470;0.208994;-0.931632;5.76981;1.06837;5.76981;-0.00134056;6.70278;-0.825425;0.912112
4471;0.208994;-0.931632;5.76981;1.06837;5.76981;-0.00134056;6.70278;-0.825614;0.912306
4472;0.208994;-0.931632;5.76981;1.06837;5.76981;-0.00134056;6.70278;-0.825804;0.912499
4473;0.208994;-0.931632;5.76981;1.06837;5.76981;-0.00134056;6.70278;-0.825994;0.912693
4474;0.208994;-0.931632;5.76981;1.06837;5.76981;-0.00134056;6.70278;-0.826183;0.912886
4475;0.208994;-0.931632;5.76981;1.06837;5.76981;-0.00134056;6.70278;-0.826373;0.91308
4476;0.208994;-0.931632;5.76981;1.06837;5.76981;-0.00134056;6.70278;-0.826563;0.913274
4477;0.208994;-0.931632;5.76981;1.06837;5.76981;-0.00134056;6.70278;-0.826752;0.913467
4478;0.208994;-0.931632;5.76981;1.06837;5.76981;-0.00134056;6.70278;-0.826942;0.913661
4479;0.208994;-0.931632;5.76981;1.06837;5.76981;-0.00134056;6.70278;-0.827132;0.913854
4480;0.208994;-0.931632;5.76981;1.06837;5.76981;-0.00134056;6.70278;-0.827322;0.914048
4481;0.208994;-0.931632;5.76981;1.06837;5.76981;-0.00134056;6.70278;-0.827511;0.914241
4482;0.208994;-0.931632;5.76981;1.06837;5.76981;-0.00134056;6.70278;-0.827701;0.914435
4483;0.208994;-0.931632;5.76981;1.06837;5.76981;-0.00134056;6.70278;-0.827891;0.914628
4484;0.208994;-0.931632;5.76981;1.06837;5.76981;-0.00134056;6.70278;-0.82808;0.914822
4485;0.208994;-0.931632;5.76981;1.06837;5.76981;-0.00134056;6.70278;-0.82827;0.915016
4486;0.208994;-0.931632;5.76981;1.06837;5.76981;-0.00134056;6.70278;-0.82846;0.915209
4487;0.208994;-0.931632;5.76981;1.06837;5.76981;-0.00134056;6.70278;-0.828649;0.915403
4488;0.208994;-0.931632;5.76981;1.06837;5.76981;-0.00134056;6.70278;-0.828839;0.915596
4489;0.208994;-0.931632;5.76981;1.06837;5.76981;-0.00134056;6.70278;-0.829029;0.91579
4490;0.208994;-0.931632;5.76981;1.06837;5.76981;-0.00134056;6.70278;-0.829218;0.915983
4491;0.208994;-0.931632;5.76981;1.06837;5.76981;-0.00134056;6.70278;-0.829408;0.916177
4492;0.208994;-0.931632;5.76981;1.06837;5.76981;-0.00134056;6.70278;-0.829598;0.91637
4493;0.208994;-0.931632;5.76981;1.06837;5.76981;-0.00134056;6.70278;-0.829787;0.916564
4494;0.208994;-0.931632;5.76981;1.06837;5.76981;-0.00134056;6.70278;-0.829977;0.916758
4495;0.208994;-0.931632;5.76981;1.06837;5.76981;-0.00134056;6.70278;-0.830167;0.916951
4496;0.208994;-0.931632;5.76981;1.06837;5.76981;-0.00134056;6.70278;-0.830357;0.917145
4497;0.208994;-0.931632;5.76981;1.06837;5.76981;-0.00134056;6.70278;-0.830546;0.917338
4498;0.208994;-0.931632;5.76981;1.06837;5.76981;-0.00134056;6.70278;-0.830736;0.917532
4499;0.208994;-0.931632;5.76981;1.06837;5.76981;-0.00134056;6.70278;-0.830926;0.917725
4500;0.208994;-0.931632;5.76981;1.06837;5.76981;-0.00134056;6.70278;-0.831115;0.917919
4501;0.208994;-0.931632;5.76981;1.06837;5.76981;-0.00134056;6.70278;-0.831305;0.918112
4502;0.208994;-0.931632;5.76981;1.06837;5.76981;-0.00134056;6.70278;-0.831495;0.918306
4503;0.208994;-0.931632;5.76981;1.06837;5.76981;-0.00134056;6.70278;-0.831684;0.9185
4504;0.208994;-0.931632;5.76981;1.06837;5.76981;-0.00134056;6.70278;-0.831874;0.918693
4505;0.208994;-0.931632;5.76981;1.06837;5.76981;-0.00134056;6.70278;-0.832064;0.918887
4506;0.208994;-0.931632;5.76981;1.06837;5.76981;-0.00134056;6.70278;-0.832253;0.91908
4507;0.208994;-0.931632;5.76981;1.06837;5.76981;-0.00134056;6.70278;-0.832443;0.919274
4508;0.208994;-0.931632;5.76981;1.06837;5.76981;-0.00134056;6.70278;-0.832633;0.919467
4509;0.208994;-0.931632;5.76981;1.06837;5.76981;-0.00134056;6.70278;-0.832822;0.919661
4510;0.208994;-0.931632;5.76981;1.06837;5.76981;-0.00134056;6.70278;-0.833012;0.919854
4511;0.208994;-0.931632;5.76981;1.06837;5.76981;-0.00134056;6.70278;-0.833202;0.920048
4512;0.208994;-0.931632;5.76981;1.06837;5.76981;-0.00134056;6.70278;-0.833392;0.920242
4513;0.208994;-0.931632;5.76981;1.06837;5.76981;-0.00134056;6.70278;-0.833581;0.920435
4514;0.208994;-0.931632;5.76981;1.06837;5.76981;-0.00134056;6.70278;-0.833771;0.920629
4515;0.208994;-0.931632;5.76981;1.06837;5.76981;-0.00134056;6.70278;-0.833961;0.920822
4516;0.208994;-0.931632;5.76981;1.06837;5.76981;-0.00134056;6.70278;-0.83415;0.921016
4517;0.208994;-0.931632;5.76981;1.06837;5.76981;-0.00134056;6.70278;-0.83434;0.921209
4518;0.208994;-0.931632;5.76981;1.06837;5.76981;-0.00134056;6.70278;-0.83453;0.921403
4519;0.208994;-0.931632;5.76981;1.06837;5.76981;-0.00134056;6.70278;-0.834719;0.921596
4520;0.208994;-0.931632;5.76981;1.06837;5.76981;-0.00134056;6.70278;-0.834909;0.92179
4521;0.208994;-0.931632;5.76981;1.06837;5.76981;-0.00134056;6.70278;-0.835099;0.921984
4522;0.208994;-0.931632;5.76981;1.06837;5.76981;-0.00134056;6.70278;-0.835288;0.922177
4523;0.208994;-0.931632;5.76981;1.06837;5.76981;-0.00134056;6.70278;-0.835478;0.922371
4524;0.208994;-0.931632;5.76981;1.06837;5.76981;-0.00134056;6.70278;-0.835668;0.922564
4525;0.208994;-0.931632;5.76981;1.06837;5.76981;-0.00134056;6.70278;-0.835858;0.922758
4526;0.208994;-0.931632;5.76981;1.06837;5.76981;-0.00134056;6.70278;-0.836047;0.922951
4527;0.208994;-0.931632;5.76981;1.06837;5.76981;-0.00134056;6.70278;-0.836237;0.923145
4528;0.208994;-0.931632;5.76981;1.06837;5.76981;-0.00134056;6.70278;-0.836427;0.923338
4529;0.208994;-0.931632;5.76981;1.06837;5.76981;-0.00134056;6.70278;-0.836616;0.923532
4530;0.208994;-0.931632;5.76981;1.06837;5.76981;-0.00134056;6.70278;-0.836806;0.923726
4531;0.208994;-0.931632;5.76981;1.06837;5.76981;-0.00134056;6.70278;-0.836996;0.923919
4532;0.208994;-0.931632;5.76981;1.06837;5.76981;-0.00134056;6.70278;-0.837185;0.924113
4533;0.208994;-0.931632;5.76981;1.06837;5.76981;-0.00134056;6.70278;-0.837375;0.924306
4534;0.208994;-0.931632;5.76981;1.06837;5.76981;-0.00134056;6.70278;-0.837565;0.9245
4535;0.208994;-0.931632;5.76981;1.06837;5.76981;-0.00134056;6.70278;-0.837754;0.924693
4536;0.208995;-0.931632;5.76981;1.06837;5.76981;-0.00134056;6.70278;-0.837944;0.924887
4537;0.208995;-0.931632;5.76981;1.06837;5.76981;-0.00134056;6.70278;-0.838134;0.92508
4538;0.208995;-0.931632;5.76981;1.06837;5.76981;-0.00134056;6.70278;-0.838323;0.925274
4539;0.208995;-0.931632;5.76981;1.06837;5.76981;-0.00134056;6.70278;-0.838513;0.925468
4540;0.208995;-0.931632;5.76981;1.06837;5.76981;-0.00134056;6.70278;-0.838703;0.925661
4541;0.208995;-0.931632;5.76981;1.06837;5.76981;-0.00134056;6.70278;-0.838893;0.925855
4542;0.208995;-0.931632;5.76981;1.06837;5.76981;-0.00134056;6.70278;-0.839082;0.926048
4543;0.208995;-0.931632;5.76981;1.06837;5.76981;-0.00134056;6.70278;-0.839272;0.926242
4544;0.208995;-0.931632;5.76981;1.06837;5.76981;-0.00134056;6.70278;-0.839462;0.926435
4545;0.208995;-0.931632;5.76981;1.06837;5.76981;-0.00134056;6.70278;-0.839651;0.926629
4546;0.208995;-0.931632;5.76981;1.06837;5.76981;-0.00134056;6.70278;-0.839841;0.926822
4547;0.208995;-0.931632;5.76981;1.06837;5.76981;-0.00134056;6.70278;-0.840031;0.927016
4548;0.208995;-0.931632;5.76981;1.06837;5.76981;-0.00134056;6.70278;-0.84022;0.92721
4549;0.208995;-0.931632;5.76981;1.06837;5.76981;-0.00134056;6.70278;-0.84041;0.927403
4550;0.208995;-0.931632;5.76981;1.06837;5.76981;-0.00134056;6.70278;-0.8406;0.927597
4551;0.208995;-0.931632;5.76981;1.06837;5.76981;-0.00134056;6.70278;-0.840789;0.92779
4552;0.208995;-0.931632;5.76981;1.06837;5.76981;-0.00134056;6.70278;-0.840979;0.927984
4553;0.208995;-0.931632;5.76981;1.06837;5.76981;-0.00134056;6.70278;-0.841169;0.928177
4554;0.208995;-0.931632;5.76981;1.06837;5.76981;-0.00134056;6.70278;-0.841358;0.928371
4555;0.208995;-0.931632;5.7698;1.06837;5.7698;-0.00134056;6.70278;-0.841548;0.928564
4556;0.208995;-0.931632;5.7698;1.06837;5.7698;-0.00134056;6.70278;-0.841738;0.928758
4557;0.208995;-0.931632;5.7698;1.06837;5.7698;-0.00134056;6.70278;-0.841928;0.928952
4558;0.208995;-0.931632;5.7698;1.06837;5.7698;-0.00134056;6.70278;-0.842117;0.929145
4559;0.208995;-0.931632;5.7698;1.06837;5.7698;-0.00134056;6.70278;-0.842307;0.929339
4560;0.208995;-0.931632;5.7698;1.06837;5.7698;-0.00134056;6.70278;-0.842497;0.929532
4561;0.208995;-0.931632;5.7698;1.06837;5.7698;-0.00134056;6.70278;-0.842686;0.929726
4562;0.208995;-0.931632;5.7698;1.06837;5.7698;-0.00134056;6.70278;-0.842876;0.929919
4563;0.208995;-0.931632;5.7698;1.06837;5.7698;-0.00134056;6.70278;-0.843066;0.930113
4564;0.208995;-0.931632;5.7698;1.06837;5.7698;-0.00134056;6.70278;-0.843255;0.930306
4565;0.208995;-0.931632;5.7698;1.06837;5.7698;-0.00134056;6.70278;-0.843445;0.9305
4566;0.208995;-0.931632;5.7698;1.06837;5.7698;-0.00134056;6.70278;-0.843635;0.930694
4567;0.208995;-0.931632;5.7698;1.06837;5.7698;-0.00134056;6.70278;-0.843824;0.930887
4568;0.208995;-0.931632;5.7698;1.06837;5.7698;-0.00134056;6.70278;-0.844014;0.931081
4569;0.208995;-0.931632;5.7698;1.06837;5.7698;-0.00134056;6.70278;-0.844204;0.931274
4570;0.208995;-0.931632;5.7698;1.06837;5.7698;-0.00134056;6.70278;-0.844394;0.931468
4571;0.208995;-0.931632;5.7698;1.06837;5.7698;-0.00134056;6.70278;-0.844583;0.931661
4572;0.208995;-0.931632;5.7698;1.06837;5.7698;-0.00134056;6.70278;-0.844773;0.931855
4573;0.208995;-0.931632;5.7698;1.06837;5.7698;-0.00134056;6.70278;-0.844963;0.932048
4574;0.208995;-0.931632;5.7698;1.06837;5.7698;-0.00134056;6.70278;-0.845152;0.932242
4575;0.208995;-0.931632;5.7698;1.06837;5.7698;-0.00134056;6.70278;-0.845342;0.932436
4576;0.208995;-0.931632;5.7698;1.06837;5.7698;-0.00134056;6.70278;-0.845532;0.932629
4577;0.208995;-0.931632;5.7698;1.06837;5.7698;-0.00134056;6.70278;-0.845721;0.932823
4578;0.208995;-0.931632;5.7698;1.06837;5.7698;-0.00134056;6.70278;-0.845911;0.933016
4579;0.208995;-0.931632;5.7698;1.06837;5.7698;-0.00134056;6.70278;-0.846101;0.93321
4580;0.208995;-0.931632;5.7698;1.06837;5.7698;-0.00134056;6.70278;-0.84629;0.933403
4581;0.208995;-0.931632;5.7698;1.06837;5.7698;-0.00134056;6.70278;-0.84648;0.933597
4582;0.208995;-0.931632;5.7698;1.06837;5.7698;-0.00134056;6.70278;-0.84667;0.93379
4583;0.208995;-0.931632;5.7698;1.06837;5.7698;-0.00134056;6.70278;-0.846859;0.933984
4584;0.208995;-0.931632;5.7698;1.06837;5.7698;-0.00134056;6.70278;-0.847049;0.934178
4585;0.208995;-0.931632;5.7698;1.06837;5.7698;-0.00134056;6.70278;-0.847239;0.934371
4586;0.208995;-0.931632;5.7698;1.06837;5.7698;-0.00134056;6.70278;-0.847429;0.934565
4587;0.208995;-0.931632;5.7698;1.06837;5.7698;-0.00134056;6.70278;-0.847618;0.934758
4588;0.208995;-0.931632;5.7698;1.06837;5.7698;-0.00134056;6.70278;-0.847808;0.934952
4589;0.208995;-0.931632;5.7698;1.06837;5.7698;-0.00134056;6.70278;-0.847998;0.935145
4590;0.208995;-0.931632;5.7698;1.06837;5.7698;-0.00134056;6.70278;-0.848187;0.935339
4591;0.208995;-0.931632;5.7698;1.06837;5.7698;-0.00134056;6.70278;-0.848377;0.935532
4592;0.208995;-0.931632;5.7698;1.06837;5.7698;-0.00134056;6.70278;-0.848567;0.935726
4593;0.208995;-0.931632;5.7698;1.06837;5.7698;-0.00134056;6.70278;-0.848756;0.93592
4594;0.208995;-0.931632;5.7698;1.06837;5.7698;-0.00134056;6.70278;-0.848946;0.936113
4595;0.208995;-0.931632;5.7698;1.06837;5.7698;-0.00134056;6.70278;-0.849136;0.936307
4596;0.208995;-0.931632;5.7698;1.06837;5.7698;-0.00134056;6.70278;-0.849325;0.9365
4597;0.208995;-0.931632;5.7698;1.06837;5.7698;-0.00134056;6.70278;-0.849515;0.936694
4598;0.208995;-0.931632;5.7698;1.06837;5.7698;-0.00134056;6.70278;-0.849705;0.936887
4599;0.208995;-0.931632;5.7698;1.06837;5.7698;-0.00134056;6.70278;-0.849894;0.937081
4600;0.208995;-0.931632;5.7698;1.06837;5.7698;-0.00134056;6.70278;-0.850084;0.937274
4601;0.208995;-0.931632;5.7698;1.06837;5.7698;-0.00134056;6.70278;-0.850274;0.937468
4602;0.208995;-0.931632;5.7698;1.06837;5.7698;-0.00134056;6.70278;-0.850464;0.937662
4603;0.208995;-0.931632;5.7698;1.06837;5.7698;-0.00134056;6.70278;-0.850653;0.937855
4604;0.208995;-0.931632;5.7698;1.06837;5.7698;-0.00134056;6.70278;-0.850843;0.938049
4605;0.208995;-0.931632;5.7698;1.06837;5.7698;-0.00134056;6.70278;-0.851033;0.938242
4606;0.208995;-0.931632;5.7698;1.06837;5.7698;-0.00134056;6.70278;-0.851222;0.938436
4607;0.208995;-0.931632;5.7698;1.06837;5.7698;-0.00134056;6.70278;-0.851412;0.938629
4608;0.208995;-0.931632;5.7698;1.06837;5.7698;-0.00134056;6.70278;-0.851602;0.938823
4609;0.208995;-0.931632;5.7698;1.06837;5.7698;-0.00134055;6.70277;-0.851791;0.939016
4610;0.208995;-0.931632;5.7698;1.06837;5.7698;-0.00134055;6.70277;-0.851981;0.93921
4611;0.208995;-0.931632;5.7698;1.06837;5.7698;-0.00134055;6.70277;-0.852171;0.939403
4612;0.208995;-0.931632;5.7698;1.06837;5.7698;-0.00134055;6.70277;-0.85236;0.939597
4613;0.208995;-0.931632;5.7698;1.06837;5.7698;-0.00134055;6.70277;-0.85255;0.939791
4614;0.208995;-0.931632;5.7698;1.06837;5.7698;-0.00134055;6.70277;-0.85274;0.939984
4615;0.208995;-0.931632;5.7698;1.06837;5.7698;-0.00134055;6.70277;-0.85293;0.940178
4616;0.208995;-0.931632;5.7698;1.06837;5.7698;-0.00134055;6.70277;-0.853119;0.940371
4617;0.208995;-0.931632;5.7698;1.06837;5.7698;-0.00134055;6.70277;-0.853309;0.940565
4618;0.208995;-0.931632;5.7698;1.06837;5.7698;-0.00134055;6.70277;-0.853499;0.940758
4619;0.208995;-0.931632;5.7698;1.06837;5.7698;-0.00134055;6.70277;-0.853688;0.940952
4620;0.208995;-0.931632;5.7698;1.06837;5.7698;-0.00134055;6.70277;-0.853878;0.941145
4621;0.208995;-0.931632;5.7698;1.06837;5.7698;-0.00134055;6.70277;-0.854068;0.941339
4622;0.208995;-0.931632;5.7698;1.06837;5.7698;-0.00134055;6.70277;-0.854257;0.941533
4623;0.208995;-0.931632;5.7698;1.06837;5.7698;-0.00134055;6.70277;-0.854447;0.941726
4624;0.208995;-0.931632;5.7698;1.06837;5.7698;-0.00134055;6.70277;-0.854637;0.94192
4625;0.208995;-0.931632;5.7698;1.06837;5.7698;-0.00134055;6.70277;-0.854826;0.942113
4626;0.208995;-0.931632;5.7698;1.06837;5.7698;-0.00134055;6.70277;-0.855016;0.942307
4627;0.208995;-0.931632;5.7698;1.06837;5.7698;-0.00134055;6.70277;-0.855206;0.9425
4628;0.208995;-0.931632;5.7698;1.06837;5.7698;-0.00134055;6.70277;-0.855395;0.942694
4629;0.208995;-0.931632;5.7698;1.06837;5.7698;-0.00134055;6.70277;-0.855585;0.942887
4630;0.208995;-0.931632;5.7698;1.06837;5.7698;-0.00134055;6.70277;-0.855775;0.943081
4631;0.208995;-0.931632;5.7698;1.06837;5.7698;-0.00134055;6.70277;-0.855965;0.943275
4632;0.208995;-0.931632;5.7698;1.06837;5.7698;-0.00134055;6.70277;-0.856154;0.943468
4633;0.208995;-0.931632;5.7698;1.06837;5.7698;-0.00134055;6.70277;-0.856344;0.943662
4634;0.208995;-0.931632;5.7698;1.06837;5.7698;-0.00134055;6.70277;-0.856534;0.943855
4635;0.208995;-0.931632;5.7698;1.06837;5.7698;-0.00134055;6.70277;-0.856723;0.944049
4636;0.208995;-0.931632;5.7698;1.06837;5.7698;-0.00134055;6.70277;-0.856913;0.944242
4637;0.208995;-0.931632;5.7698;1.06837;5.7698;-0.00134055;6.70277;-0.857103;0.944436
4638;0.208995;-0.931632;5.7698;1.06837;5.7698;-0.00134055;6.70277;-0.857292;0.944629
4639;0.208995;-0.931632;5.7698;1.06837;5.7698;-0.00134055;6.70277;-0.857482;0.944823
4640;0.208995;-0.931632;5.7698;1.06837;5.7698;-0.00134055;6.70277;-0.857672;0.945017
4641;0.208995;-0.931632;5.7698;1.06837;5.7698;-0.00134055;6.70277;-0.857861;0.94521
4642;0.208995;-0.931632;5.7698;1.06837;5.7698;-0.00134055;6.70277;-0.858051;0.945404
4643;0.208995;-0.931632;5.7698;1.06837;5.7698;-0.00134055;6.70277;-0.858241;0.945597
4644;0.208995;-0.931632;5.7698;1.06837;5.7698;-0.00134055;6.70277;-0.85843;0.945791
4645;0.208995;-0.931632;5.7698;1.06837;5.7698;-0.00134055;6.70277;-0.85862;0.945984
4646;0.208995;-0.931632;5.7698;1.06837;5.7698;-0.00134055;6.70277;-0.85881;0.946178
4647;0.208995;-0.931632;5.7698;1.06837;5.7698;-0.00134055;6.70277;-0.859;0.946371
4648;0.208995;-0.931632;5.7698;1.06837;5.7698;-0.00134055;6.70277;-0.859189;0.946565
4649;0.208995;-0.931632;5.7698;1.06837;5.7698;-0.00134055;6.70277;-0.859379;0.946759
4650;0.208995;-0.931632;5.7698;1.06837;5.7698;-0.00134055;6.70277;-0.859569;0.946952
4651;0.208995;-0.931632;5.7698;1.06837;5.7698;-0.00134055;6.70277;-0.859758;0.947146
4652;0.208995;-0.931632;5.7698;1.06837;5.7698;-0.00134055;6.70277;-0.859948;0.947339
4653;0.208995;-0.931632;5.7698;1.06837;5.7698;-0.00134055;6.70277;-0.860138;0.947533
4654;0.208995;-0.931632;5.7698;1.06837;5.7698;-0.00134055;6.70277;-0.860327;0.947726
4655;0.208995;-0.931632;5.7698;1.06837;5.7698;-0.00134055;6.70277;-0.860517;0.94792
4656;0.208995;-0.931632;5.7698;1.06837;5.7698;-0.00134055;6.70277;-0.860707;0.948113
4657;0.208995;-0.931632;5.7698;1.06837;5.7698;-0.00134055;6.70277;-0.860896;0.948307
4658;0.208995;-0.931632;5.7698;1.06837;5.7698;-0.00134055;6.70277;-0.861086;0.948501
4659;0.208995;-0.931632;5.7698;1.06837;5.7698;-0.00134055;6.70277;-0.861276;0.948694
4660;0.208995;-0.931632;5.7698;1.06837;5.7698;-0.00134055;6.70277;-0.861465;0.948888
4661;0.208995;-0.931632;5.7698;1.06837;5.7698;-0.00134055;6.70277;-0.861655;0.949081
4662;0.208995;-0.931632;5.7698;1.06837;5.7698;-0.00134055;6.70277;-0.861845;0.949275
4663;0.208995;-0.931632;5.7698;1.06837;5.7698;-0.00134055;6.70277;-0.862035;0.949468
4664;0.208995;-0.931632;5.7698;1.06837;5.7698;-0.00134055;6.70277;-0.862224;0.949662
4665;0.208995;-0.931632;5.7698;1.06837;5.7698;-0.00134055;6.70277;-0.862414;0.949855
4666;0.208995;-0.931632;5.7698;1.06837;5.7698;-0.00134055;6.70277;-0.862604;0.950049
4667;0.208995;-0.931632;5.7698;1.06837;5.7698;-0.00134055;6.70277;-0.862793;0.950243
4668;0.208995;-0.931632;5.7698;1.06837;5.7698;-0.00134055;6.70277;-0.862983;0.950436
4669;0.208995;-0.931632;5.7698;1.06837;5.7698;-0.00134055;6.70277;-0.863173;0.95063
4670;0.208995;-0.931632;5.7698;1.06837;5.7698;-0.00134055;6.70277;-0.863362;0.950823
4671;0.208995;-0.931632;5.7698;1.06837;5.7698;-0.00134055;6.70277;-0.863552;0.951017
4672;0.208995;-0.931632;5.7698;1.06837;5.7698;-0.00134055;6.70277;-0.863742;0.95121
4673;0.208995;-0.931632;5.7698;1.06837;5.7698;-0.00134055;6.70277;-0.863931;0.951404
4674;0.208995;-0.931632;5.7698;1.06837;5.7698;-0.00134055;6.70277;-0.864121;0.951597
4675;0.208995;-0.931632;5.7698;1.06837;5.7698;-0.00134055;6.70277;-0.864311;0.951791
4676;0.208995;-0.931632;5.7698;1.06837;5.7698;-0.00134055;6.70277;-0.864501;0.951985
4677;0.208995;-0.931632;5.7698;1.06837;5.7698;-0.00134055;6.70277;-0.86469;0.952178
4678;0.208995;-0.931632;5.7698;1.06837;5.7698;-0.00134055;6.70277;-0.86488;0.952372
4679;0.208995;-0.931632;5.7698;1.06837;5.7698;-0.00134055;6.70277;-0.86507;0.952565
4680;0.208995;-0.931632;5.7698;1.06837;5.7698;-0.00134055;6.70277;-0.865259;0.952759
4681;0.208995;-0.931632;5.7698;1.06837;5.7698;-0.00134055;6.70277;-0.865449;0.952952
4682;0.208995;-0.931632;5.7698;1.06837;5.7698;-0.00134055;6.70277;-0.865639;0.953146
4683;0.208995;-0.931632;5.7698;1.06837;5.7698;-0.00134055;6.70277;-0.865828;0.953339
4684;0.208995;-0.931632;5.7698;1.06837;5.7698;-0.00134055;6.70277;-0.866018;0.953533
4685;0.208995;-0.931632;5.7698;1.06837;5.7698;-0.00134055;6.70277;-0.866208;0.953727
4686;0.208995;-0.931632;5.7698;1.06837;5.7698;-0.00134055;6.70277;-0.866397;0.95392
4687;0.208995;-0.931632;5.7698;1.06837;5.7698;-0.00134055;6.70277;-0.866587;0.954114
4688;0.208995;-0.931632;5.7698;1.06837;5.7698;-0.00134055;6.70277;-0.866777;0.954307
4689;0.208995;-0.931632;5.7698;1.06837;5.7698;-0.00134055;6.70277;-0.866966;0.954501
4690;0.208995;-0.931632;5.7698;1.06837;5.7698;-0.00134055;6.70277;-0.867156;0.954694
4691;0.208995;-0.931632;5.7698;1.06837;5.7698;-0.00134055;6.70277;-0.867346;0.954888
4692;0.208995;-0.931632;5.7698;1.06837;5.7698;-0.00134055;6.70277;-0.867536;0.955081
4693;0.208995;-0.931632;5.7698;1.06837;5.7698;-0.00134055;6.70277;-0.867725;0.955275
4694;0.208995;-0.931632;5.7698;1.06837;5.7698;-0.00134055;6.70277;-0.867915;0.955469
4695;0.208995;-0.931632;5.7698;1.06837;5.7698;-0.00134055;6.70277;-0.868105;0.955662
4696;0.208995;-0.931632;5.7698;1.06837;5.7698;-0.00134055;6.70277;-0.868294;0.955856
4697;0.208995;-0.931632;5.7698;1.06837;5.7698;-0.00134055;6.70277;-0.868484;0.956049
4698;0.208995;-0.931632;5.7698;1.06837;5.7698;-0.00134055;6.70277;-0.868674;0.956243
4699;0.208995;-0.931632;5.7698;1.06837;5.7698;-0.00134055;6.70277;-0.868863;0.956436
4700;0.208995;-0.931632;5.7698;1.06837;5.7698;-0.00134055;6.70277;-0.869053;0.95663
4701;0.208995;-0.931632;5.7698;1.06837;5.7698;-0.00134055;6.70277;-0.869243;0.956823
4702;0.208995;-0.931632;5.7698;1.06837;5.7698;-0.00134055;6.70277;-0.869432;0.957017
4703;0.208995;-0.931632;5.7698;1.06837;5.7698;-0.00134055;6.70277;-0.869622;0.957211
4704;0.208995;-0.931632;5.7698;1.06837;5.7698;-0.00134055;6.70277;-0.869812;0.957404
4705;0.208995;-0.931632;5.7698;1.06837;5.7698;-0.00134055;6.70277;-0.870001;0.957598
4706;0.208995;-0.931632;5.7698;1.06837;5.7698;-0.00134055;6.70277;-0.870191;0.957791
4707;0.208995;-0.931632;5.7698;1.06837;5.7698;-0.00134055;6.70277;-0.870381;0.957985
4708;0.208995;-0.931632;5.7698;1.06837;5.7698;-0.00134055;6.70277;-0.870571;0.958178
4709;0.208995;-0.931632;5.7698;1.06837;5.7698;-0.00134055;6.70277;-0.87076;0.958372
4710;0.208995;-0.931632;5.7698;1.06837;5.7698;-0.00134055;6.70277;-0.87095;0.958565
4711;0.208995;-0.931632;5.7698;1.06837;5.7698;-0.00134055;6.70277;-0.87114;0.958759
4712;0.208995;-0.931632;5.7698;1.06837;5.7698;-0.00134055;6.70277;-0.871329;0.958953
4713;0.208995;-0.931632;5.7698;1.06837;5.7698;-0.00134055;6.70277;-0.871519;0.959146
4714;0.208995;-0.931632;5.7698;1.06837;5.7698;-0.00134055;6.70277;-0.871709;0.95934
4715;0.208995;-0.931632;5.7698;1.06837;5.7698;-0.00134055;6.70277;-0.871898;0.959533
4716;0.208995;-0.931632;5.7698;1.06837;5.7698;-0.00134055;6.70277;-0.872088;0.959727
4717;0.208995;-0.931632;5.7698;1.06837;5.7698;-0.00134055;6.70277;-0.872278;0.95992
4718;0.208995;-0.931632;5.7698;1.06837;5.7698;-0.00134055;6.70277;-0.872467;0.960114
4719;0.208995;-0.931632;5.7698;1.06837;5.7698;-0.00134055;6.70277;-0.872657;0.960307
4720;0.208995;-0.931632;5.7698;1.06837;5.7698;-0.00134055;6.70277;-0.872847;0.960501
4721;0.208995;-0.931632;5.7698;1.06837;5.7698;-0.00134055;6.70277;-0.873036;0.960695
4722;0.208995;-0.931632;5.7698;1.06837;5.7698;-0.00134055;6.70277;-0.873226;0.960888
4723;0.208995;-0.931632;5.7698;1.06837;5.7698;-0.00134055;6.70277;-0.873416;0.961082
4724;0.208995;-0.931632;5.7698;1.06837;5.7698;-0.00134055;6.70277;-0.873606;0.961275
4725;0.208995;-0.931632;5.7698;1.06837;5.7698;-0.00134055;6.70277;-0.873795;0.961469
4726;0.208995;-0.931632;5.7698;1.06837;5.7698;-0.00134055;6.70277;-0.873985;0.961662
4727;0.208995;-0.931632;5.7698;1.06837;5.7698;-0.00134055;6.70277;-0.874175;0.961856
4728;0.208995;-0.931632;5.7698;1.06837;5.7698;-0.00134055;6.70277;-0.874364;0.962049
4729;0.208995;-0.931632;5.7698;1.06837;5.7698;-0.00134055;6.70277;-0.874554;0.962243
4730;0.208995;-0.931632;5.7698;1.06837;5.7698;-0.00134055;6.70277;-0.874744;0.962437
4731;0.208995;-0.931632;5.7698;1.06837;5.7698;-0.00134055;6.70277;-0.874933;0.96263
4732;0.208995;-0.931632;5.7698;1.06837;5.7698;-0.00134055;6.70277;-0.875123;0.962824
4733;0.208995;-0.931632;5.7698;1.06837;5.7698;-0.00134055;6.70277;-0.875313;0.963017
4734;0.208995;-0.931632;5.7698;1.06837;5.7698;-0.00134055;6.70277;-0.875502;0.963211
4735;0.208995;-0.931632;5.7698;1.06837;5.7698;-0.00134055;6.70277;-0.875692;0.963404
4736;0.208995;-0.931632;5.7698;1.06837;5.7698;-0.00134055;6.70277;-0.875882;0.963598
4737;0.208995;-0.931632;5.7698;1.06837;5.7698;-0.00134055;6.70277;-0.876072;0.963791
4738;0.208995;-0.931632;5.7698;1.06837;5.7698;-0.00134055;6.70277;-0.876261;0.963985
4739;0.208995;-0.931632;5.7698;1.06837;5.7698;-0.00134055;6.70277;-0.876451;0.964179
4740;0.208995;-0.931632;5.7698;1.06837;5.7698;-0.00134055;6.70277;-0.876641;0.964372
4741;0.208995;-0.931632;5.7698;1.06837;5.7698;-0.00134055;6.70277;-0.87683;0.964566
4742;0.208995;-0.931632;5.7698;1.06837;5.7698;-0.00134055;6.70277;-0.87702;0.964759
4743;0.208995;-0.931632;5.7698;1.06837;5.7698;-0.00134055;6.70277;-0.87721;0.964953
4744;0.208995;-0.931632;5.7698;1.06837;5.7698;-0.00134055;6.70277;-0.877399;0.965146
4745;0.208995;-0.931632;5.7698;1.06837;5.7698;-0.00134055;6.70277;-0.877589;0.96534
4746;0.208995;-0.931632;5.7698;1.06837;5.7698;-0.00134055;6.70277;-0.877779;0.965533
4747;0.208995;-0.931632;5.7698;1.06837;5.7698;-0.00134055;6.70277;-0.877968;0.965727
4748;0.208995;-0.931632;5.7698;1.06837;5.7698;-0.00134055;6.70277;-0.878158;0.965921
4749;0.208995;-0.931632;5.7698;1.06837;5.7698;-0.00134055;6.70277;-0.878348;0.966114
4750;0.208995;-0.931632;5.7698;1.06837;5.7698;-0.00134055;6.70277;-0.878537;0.966308
4751;0.208995;-0.931632;5.7698;1.06837;5.7698;-0.00134055;6.70277;-0.878727;0.966501
4752;0.208995;-0.931632;5.7698;1.06837;5.7698;-0.00134055;6.70277;-0.878917;0.966695
4753;0.208995;-0.931632;5.7698;1.06837;5.7698;-0.00134055;6.70277;-0.879107;0.966888
4754;0.208995;-0.931632;5.7698;1.06837;5.7698;-0.00134055;6.70277;-0.879296;0.967082
4755;0.208995;-0.931632;5.7698;1.06837;5.7698;-0.00134055;6.70277;-0.879486;0.967275
4756;0.208995;-0.931632;5.7698;1.06837;5.7698;-0.00134055;6.70277;-0.879676;0.967469
4757;0.208995;-0.931632;5.7698;1.06837;5.7698;-0.00134055;6.70277;-0.879865;0.967663
4758;0.208995;-0.931632;5.7698;1.06837;5.7698;-0.00134055;6.70277;-0.880055;0.967856
4759;0.208995;-0.931632;5.7698;1.06837;5.7698;-0.00134055;6.70277;-0.880245;0.96805
4760;0.208995;-0.931632;5.7698;1.06837;5.7698;-0.00134055;6.70277;-0.880434;0.968243
4761;0.208995;-0.931632;5.7698;1.06837;5.7698;-0.00134055;6.70277;-0.880624;0.968437
4762;0.208995;-0.931632;5.7698;1.06837;5.7698;-0.00134055;6.70277;-0.880814;0.96863
4763;0.208995;-0.931632;5.7698;1.06837;5.7698;-0.00134055;6.70277;-0.881003;0.968824
4764;0.208995;-0.931632;5.7698;1.06837;5.7698;-0.00134055;6.70277;-0.881193;0.969017
4765;0.208995;-0.931632;5.7698;1.06837;5.7698;-0.00134055;6.70277;-0.881383;0.969211
4766;0.208995;-0.931632;5.7698;1.06837;5.7698;-0.00134055;6.70277;-0.881572;0.969405
4767;0.208995;-0.931632;5.7698;1.06837;5.7698;-0.00134055;6.70277;-0.881762;0.969598
4768;0.208995;-0.931632;5.7698;1.06837;5.7698;-0.00134055;6.70277;-0.881952;0.969792
4769;0.208995;-0.931632;5.7698;1.06837;5.7698;-0.00134055;6.70277;-0.882142;0.969985
4770;0.208995;-0.931632;5.7698;1.06837;5.7698;-0.00134055;6.70277;-0.882331;0.970179
4771;0.208995;-0.931632;5.7698;1.06837;5.7698;-0.00134055;6.70277;-0.882521;0.970372
4772;0.208995;-0.931632;5.7698;1.06837;5.7698;-0.00134055;6.70277;-0.882711;0.970566
4773;0.208995;-0.931632;5.7698;1.06837;5.7698;-0.00134055;6.70277;-0.8829;0.970759
4774;0.208995;-0.931632;5.7698;1.06837;5.7698;-0.00134055;6.70277;-0.88309;0.970953
4775;0.208995;-0.931632;5.7698;1.06837;5.7698;-0.00134055;6.70277;-0.88328;0.971147
4776;0.208995;-0.931632;5.7698;1.06837;5.7698;-0.00134055;6.70277;-0.883469;0.97134
4777;0.208995;-0.931632;5.7698;1.06837;5.7698;-0.00134055;6.70277;-0.883659;0.971534
4778;0.208995;-0.931632;5.7698;1.06837;5.7698;-0.00134055;6.70277;-0.883849;0.971727
4779;0.208995;-0.931632;5.7698;1.06837;5.7698;-0.00134055;6.70277;-0.884038;0.971921
4780;0.208995;-0.931632;5.7698;1.06837;5.7698;-0.00134055;6.70277;-0.884228;0.972114
4781;0.208995;-0.931632;5.7698;1.06837;5.7698;-0.00134055;6.70277;-0.884418;0.972308
4782;0.208995;-0.931632;5.7698;1.06837;5.7698;-0.00134055;6.70277;-0.884607;0.972501
4783;0.208995;-0.931632;5.7698;1.06837;5.7698;-0.00134055;6.70277;-0.884797;0.972695
4784;0.208995;-0.931632;5.7698;1.06837;5.7698;-0.00134055;6.70277;-0.884987;0.972888
4785;0.208995;-0.931632;5.7698;1.06837;5.7698;-0.00134055;6.70277;-0.885177;0.973082
4786;0.208995;-0.931632;5.7698;1.06837;5.7698;-0.00134055;6.70277;-0.885366;0.973276
4787;0.208995;-0.931632;5.7698;1.06837;5.7698;-0.00134055;6.70277;-0.885556;0.973469
4788;0.208995;-0.931632;5.7698;1.06837;5.7698;-0.00134055;6.70277;-0.885746;0.973663
4789;0.208995;-0.931632;5.7698;1.06837;5.7698;-0.00134055;6.70277;-0.885935;0.973856
4790;0.208995;-0.931632;5.7698;1.06837;5.7698;-0.00134055;6.70277;-0.886125;0.97405
4791;0.208995;-0.931632;5.7698;1.06837;5.7698;-0.00134055;6.70277;-0.886315;0.974243
4792;0.208995;-0.931632;5.7698;1.06837;5.7698;-0.00134055;6.70277;-0.886504;0.974437
4793;0.208995;-0.931632;5.7698;1.06837;5.7698;-0.00134055;6.70277;-0.886694;0.97463
4794;0.208995;-0.931632;5.7698;1.06837;5.7698;-0.00134055;6.70277;-0.886884;0.974824
4795;0.208995;-0.931632;5.76979;1.06837;5.76979;-0.00134055;6.70277;-0.887073;0.975018
4796;0.208995;-0.931632;5.76979;1.06837;5.76979;-0.00134055;6.70277;-0.887263;0.975211
4797;0.208995;-0.931632;5.76979;1.06837;5.76979;-0.00134055;6.70277;-0.887453;0.975405
4798;0.208995;-0.931632;5.76979;1.06837;5.76979;-0.00134055;6.70277;-0.887642;0.975598
4799;0.208995;-0.931632;5.76979;1.06837;5.76979;-0.00134055;6.70277;-0.887832;0.975792
4800;0.208995;-0.931632;5.76979;1.06837;5.76979;-0.00134055;6.70277;-0.888022;0.975985
4801;0.208995;-0.931632;5.76979;1.06837;5.76979;-0.00134055;6.70277;-0.888212;0.976179
4802;0.208995;-0.931632;5.76979;1.06837;5.76979;-0.00134055;6.70277;-0.888401;0.976372
4803;0.208995;-0.931632;5.76979;1.06837;5.76979;-0.00134055;6.70277;-0.888591;0.976566
4804;0.208995;-0.931632;5.76979;1.06837;5.76979;-0.00134055;6.70277;-0.888781;0.97676
4805;0.208995;-0.931632;5.76979;1.06837;5.76979;-0.00134055;6.70277;-0.88897;0.976953
4806;0.208995;-0.931632;5.76979;1.06837;5.76979;-0.00134055;6.70277;-0.88916;0.977147
4807;0.208995;-0.931632;5.76979;1.06837;5.76979;-0.00134055;6.70277;-0.88935;0.97734
4808;0.208995;-0.931632;5.76979;1.06837;5.76979;-0.00134055;6.70277;-0.889539;0.977534
4809;0.208995;-0.931632;5.76979;1.06837;5.76979;-0.00134055;6.70277;-0.889729;0.977727
4810;0.208995;-0.931632;5.76979;1.06837;5.76979;-0.00134055;6.70277;-0.889919;0.977921
4811;0.208995;-0.931632;5.76979;1.06837;5.76979;-0.00134055;6.70277;-0.890108;0.978114
4812;0.208995;-0.931632;5.76979;1.06837;5.76979;-0.00134055;6.70277;-0.890298;0.978308
4813;0.208995;-0.931632;5.76979;1.06837;5.76979;-0.00134055;6.70277;-0.890488;0.978502
4814;0.208995;-0.931632;5.76979;1.06837;5.76979;-0.00134055;6.70277;-0.890678;0.978695
4815;0.208995;-0.931632;5.76979;1.06837;5.76979;-0.00134055;6.70277;-0.890867;0.978889
4816;0.208995;-0.931632;5.76979;1.06837;5.76979;-0.00134055;6.70277;-0.891057;0.979082
4817;0.208995;-0.931632;5.76979;1.06837;5.76979;-0.00134055;6.70277;-0.891247;0.979276
4818;0.208995;-0.931632;5.76979;1.06837;5.76979;-0.00134055;6.70277;-0.891436;0.979469
4819;0.208995;-0.931632;5.76979;1.06837;5.76979;-0.00134055;6.70277;-0.891626;0.979663
4820;0.208995;-0.931632;5.76979;1.06837;5.76979;-0.00134055;6.70277;-0.891816;0.979856
4821;0.208995;-0.931632;5.76979;1.06837;5.76979;-0.00134055;6.70277;-0.892005;0.98005
4822;0.208995;-0.931632;5.76979;1.06837;5.76979;-0.00134055;6.70277;-0.892195;0.980244
4823;0.208995;-0.931632;5.76979;1.06837;5.76979;-0.00134055;6.70277;-0.892385;0.980437
4824;0.208995;-0.931632;5.76979;1.06837;5.76979;-0.00134055;6.70277;-0.892574;0.980631
4825;0.208995;-0.931632;5.76979;1.06837;5.76979;-0.00134055;6.70277;-0.892764;0.980824
4826;0.208995;-0.931632;5.76979;1.06837;5.76979;-0.00134055;6.70277;-0.892954;0.981018
4827;0.208995;-0.931632;5.76979;1.06837;5.76979;-0.00134055;6.70277;-0.893143;0.981211
4828;0.208995;-0.931632;5.76979;1.06837;5.76979;-0.00134055;6.70277;-0.893333;0.981405
4829;0.208995;-0.931632;5.76979;1.06837;5.76979;-0.00134055;6.70277;-0.893523;0.981598
4830;0.208995;-0.931632;5.76979;1.06837;5.76979;-0.00134055;6.70277;-0.893713;0.981792
4831;0.208995;-0.931632;5.76979;1.06837;5.76979;-0.00134055;6.70277;-0.893902;0.981986
4832;0.208995;-0.931632;5.76979;1.06837;5.76979;-0.00134055;6.70277;-0.894092;0.982179
4833;0.208995;-0.931632;5.76979;1.06837;5.76979;-0.00134055;6.70277;-0.894282;0.982373
4834;0.208995;-0.931632;5.76979;1.06837;5.76979;-0.00134055;6.70277;-0.894471;0.982566
4835;0.208995;-0.931632;5.76979;1.06837;5.76979;-0.00134055;6.70277;-0.894661;0.98276
4836;0.208995;-0.931632;5.76979;1.06837;5.76979;-0.00134055;6.70277;-0.894851;0.982953
4837;0.208995;-0.931632;5.76979;1.06837;5.76979;-0.00134055;6.70277;-0.89504;0.983147
4838;0.208995;-0.931632;5.76979;1.06837;5.76979;-0.00134055;6.70277;-0.89523;0.98334
4839;0.208995;-0.931632;5.76979;1.06837;5.76979;-0.00134055;6.70277;-0.89542;0.983534
4840;0.208995;-0.931632;5.76979;1.06837;5.76979;-0.00134055;6.70277;-0.895609;0.983728
4841;0.208995;-0.931632;5.76979;1.06837;5.76979;-0.00134055;6.70277;-0.895799;0.983921
4842;0.208995;-0.931632;5.76979;1.06837;5.76979;-0.00134055;6.70277;-0.895989;0.984115
4843;0.208995;-0.931632;5.76979;1.06837;5.76979;-0.00134055;6.70277;-0.896178;0.984308
4844;0.208995;-0.931632;5.76979;1.06837;5.76979;-0.00134055;6.70277;-0.896368;0.984502
4845;0.208995;-0.931632;5.76979;1.06837;5.76979;-0.00134055;6.70277;-0.896558;0.984695
4846;0.208995;-0.931632;5.76979;1.06837;5.76979;-0.00134055;6.70277;-0.896748;0.984889
4847;0.208995;-0.931632;5.76979;1.06837;5.76979;-0.00134055;6.70277;-0.896937;0.985082
4848;0.208995;-0.931632;5.76979;1.06837;5.76979;-0.00134055;6.70277;-0.897127;0.985276
4849;0.208995;-0.931632;5.76979;1.06837;5.76979;-0.00134055;6.70277;-0.897317;0.98547
4850;0.208995;-0.931632;5.76979;1.06837;5.76979;-0.00134055;6.70277;-0.897506;0.985663
4851;0.208995;-0.931632;5.76979;1.06837;5.76979;-0.00134055;6.70277;-0.897696;0.985857
4852;0.208995;-0.931632;5.76979;1.06837;5.76979;-0.00134055;6.70276;-0.897886;0.98605
4853;0.208995;-0.931632;5.76979;1.06837;5.76979;-0.00134055;6.70276;-0.898075;0.986244
4854;0.208995;-0.931632;5.76979;1.06837;5.76979;-0.00134055;6.70276;-0.898265;0.986437
4855;0.208995;-0.931632;5.76979;1.06837;5.76979;-0.00134055;6.70276;-0.898455;0.986631
4856;0.208995;-0.931632;5.76979;1.06837;5.76979;-0.00134055;6.70276;-0.898644;0.986824
4857;0.208995;-0.931632;5.76979;1.06837;5.76979;-0.00134055;6.70276;-0.898834;0.987018
4858;0.208995;-0.931632;5.76979;1.06837;5.76979;-0.00134055;6.70276;-0.899024;0.987212
4859;0.208995;-0.931632;5.76979;1.06837;5.76979;-0.00134055;6.70276;-0.899213;0.987405
4860;0.208995;-0.931632;5.76979;1.06837;5.76979;-0.00134055;6.70276;-0.899403;0.987599
4861;0.208995;-0.931632;5.76979;1.06837;5.76979;-0.00134055;6.70276;-0.899593;0.987792
4862;0.208995;-0.931632;5.76979;1.06837;5.76979;-0.00134055;6.70276;-0.899783;0.987986
4863;0.208995;-0.931632;5.76979;1.06837;5.76979;-0.00134055;6.70276;-0.899972;0.988179
4864;0.208995;-0.931632;5.76979;1.06837;5.76979;-0.00134055;6.70276;-0.900162;0.988373
4865;0.208995;-0.931632;5.76979;1.06837;5.76979;-0.00134055;6.70276;-0.900352;0.988566
4866;0.208995;-0.931632;5.76979;1.06837;5.76979;-0.00134055;6.70276;-0.900541;0.98876
4867;0.208995;-0.931632;5.76979;1.06837;5.76979;-0.00134055;6.70276;-0.900731;0.988954
4868;0.208995;-0.931632;5.76979;1.06837;5.76979;-0.00134055;6.70276;-0.900921;0.989147
4869;0.208995;-0.931632;5.76979;1.06837;5.76979;-0.00134055;6.70276;-0.90111;0.989341
4870;0.208995;-0.931632;5.76979;1.06837;5.76979;-0.00134055;6.70276;-0.9013;0.989534
4871;0.208995;-0.931632;5.76979;1.06837;5.76979;-0.00134055;6.70276;-0.90149;0.989728
4872;0.208995;-0.931632;5.76979;1.06837;5.76979;-0.00134055;6.70276;-0.901679;0.989921
4873;0.208995;-0.931632;5.76979;1.06837;5.76979;-0.00134055;6.70276;-0.901869;0.990115
4874;0.208995;-0.931632;5.76979;1.06837;5.76979;-0.00134055;6.70276;-0.902059;0.990308
4875;0.208995;-0.931632;5.76979;1.06837;5.76979;-0.00134055;6.70276;-0.902248;0.990502
4876;0.208995;-0.931632;5.76979;1.06837;5.76979;-0.00134055;6.70276;-0.902438;0.990696
4877;0.208995;-0.931632;5.76979;1.06837;5.76979;-0.00134055;6.70276;-0.902628;0.990889
4878;0.208995;-0.931632;5.76979;1.06837;5.76979;-0.00134055;6.70276;-0.902818;0.991083
4879;0.208995;-0.931632;5.76979;1.06837;5.76979;-0.00134055;6.70276;-0.903007;0.991276
4880;0.208995;-0.931632;5.76979;1.06837;5.76979;-0.00134055;6.70276;-0.903197;0.99147
4881;0.208995;-0.931632;5.76979;1.06837;5.76979;-0.00134055;6.70276;-0.903387;0.991663
4882;0.208995;-0.931632;5.76979;1.06837;5.76979;-0.00134055;6.70276;-0.903576;0.991857
4883;0.208995;-0.931632;5.76979;1.06837;5.76979;-0.00134055;6.70276;-0.903766;0.99205
4884;0.208995;-0.931632;5.76979;1.06837;5.76979;-0.00134055;6.70276;-0.903956;0.992244
4885;0.208995;-0.931632;5.76979;1.06837;5.76979;-0.00134055;6.70276;-0.904145;0.992438
4886;0.208995;-0.931632;5.76979;1.06837;5.76979;-0.00134055;6.70276;-0.904335;0.992631
4887;0.208995;-0.931632;5.76979;1.06837;5.76979;-0.00134055;6.70276;-0.904525;0.992825
4888;0.208995;-0.931632;5.76979;1.06837;5.76979;-0.00134055;6.70276;-0.904714;0.993018
4889;0.208995;-0.931632;5.76979;1.06837;5.76979;-0.00134055;6.70276;-0.904904;0.993212
4890;0.208995;-0.931632;5.76979;1.06837;5.76979;-0.00134055;6.70276;-0.905094;0.993405
4891;0.208995;-0.931632;5.76979;1.06837;5.76979;-0.00134055;6.70276;-0.905284;0.993599
4892;0.208995;-0.931632;5.76979;1.06837;5.76979;-0.00134055;6.70276;-0.905473;0.993792
4893;0.208995;-0.931632;5.76979;1.06837;5.76979;-0.00134055;6.70276;-0.905663;0.993986
4894;0.208995;-0.931632;5.76979;1.06837;5.76979;-0.00134055;6.70276;-0.905853;0.99418
4895;0.208995;-0.931632;5.76979;1.06837;5.76979;-0.00134055;6.70276;-0.906042;0.994373
4896;0.208995;-0.931632;5.76979;1.06837;5.76979;-0.00134055;6.70276;-0.906232;0.994567
4897;0.208995;-0.931632;5.76979;1.06837;5.76979;-0.00134055;6.70276;-0.906422;0.99476
4898;0.208995;-0.931632;5.76979;1.06837;5.76979;-0.00134055;6.70276;-0.906611;0.994954
4899;0.208995;-0.931632;5.76979;1.06837;5.76979;-0.00134055;6.70276;-0.906801;0.995147
4900;0.208995;-0.931632;5.76979;1.06837;5.76979;-0.00134055;6.70276;-0.906991;0.995341
4901;0.208995;-0.931632;5.76979;1.06837;5.76979;-0.00134055;6.70276;-0.90718;0.995534
4902;0.208995;-0.931632;5.76979;1.06837;5.76979;-0.00134055;6.70276;-0.90737;0.995728
4903;0.208995;-0.931632;5.76979;1.06837;5.76979;-0.00134055;6.70276;-0.90756;0.995922
4904;0.208995;-0.931632;5.76979;1.06837;5.76979;-0.00134055;6.70276;-0.907749;0.996115
4905;0.208995;-0.931632;5.76979;1.06837;5.76979;-0.00134055;6.70276;-0.907939;0.996309
4906;0.208995;-0.931632;5.76979;1.06837;5.76979;-0.00134055;6.70276;-0.908129;0.996502
4907;0.208995;-0.931632;5.76979;1.06837;5.76979;-0.00134055;6.70276;-0.908319;0.996696
4908;0.208995;-0.931632;5.76979;1.06837;5.76979;-0.00134055;6.70276;-0.908508;0.996889
4909;0.208995;-0.931632;5.76979;1.06837;5.76979;-0.00134055;6.70276;-0.908698;0.997083
4910;0.208995;-0.931632;5.76979;1.06837;5.76979;-0.00134055;6.70276;-0.908888;0.997276
4911;0.208995;-0.931632;5.76979;1.06837;5.76979;-0.00134055;6.70276;-0.909077;0.99747
4912;0.208995;-0.931632;5.76979;1.06837;5.76979;-0.00134055;6.70276;-0.909267;0.997664
4913;0.208995;-0.931632;5.76979;1.06837;5.76979;-0.00134055;6.70276;-0.909457;0.997857
4914;0.208995;-0.931632;5.76979;1.06837;5.76979;-0.00134055;6.70276;-0.909646;0.998051
4915;0.208995;-0.931632;5.76979;1.06837;5.76979;-0.00134055;6.70276;-0.909836;0.998244
4916;0.208995;-0.931632;5.76979;1.06837;5.76979;-0.00134055;6.70276;-0.910026;0.998438
4917;0.208995;-0.931632;5.76979;1.06837;5.76979;-0.00134055;6.70276;-0.910215;0.998631
4918;0.208995;-0.931632;5.76979;1.06837;5.76979;-0.00134055;6.70276;-0.910405;0.998825
4919;0.208995;-0.931632;5.76979;1.06837;5.76979;-0.00134055;6.70276;-0.910595;0.999018
4920;0.208995;-0.931632;5.76979;1.06837;5.76979;-0.00134055;6.70276;-0.910784;0.999212
4921;0.208995;-0.931632;5.76979;1.06837;5.76979;-0.00134055;6.70276;-0.910974;0.999405
4922;0.208995;-0.931632;5.76979;1.06837;5.76979;-0.00134055;6.70276;-0.911164;0.999599
4923;0.208995;-0.931632;5.76979;1.06837;5.76979;-0.00134055;6.70276;-0.911354;0.999793
4924;0.208995;-0.931632;5.76979;1.06837;5.76979;-0.00134055;6.70276;-0.911543;0.999986
4925;0.208995;-0.931632;5.76979;1.06837;5.76979;-0.00134055;6.70276;-0.911733;1.00018
4926;0.208995;-0.931632;5.76979;1.06837;5.76979;-0.00134055;6.70276;-0.911923;1.00037
4927;0.208995;-0.931632;5.76979;1.06837;5.76979;-0.00134055;6.70276;-0.912112;1.00057
4928;0.208995;-0.931632;5.76979;1.06837;5.76979;-0.00134055;6.70276;-0.912302;1.00076
4929;0.208995;-0.931632;5.76979;1.06837;5.76979;-0.00134055;6.70276;-0.912492;1.00095
4930;0.208995;-0.931632;5.76979;1.06837;5.76979;-0.00134055;6.70276;-0.912681;1.00115
4931;0.208995;-0.931632;5.76979;1.06837;5.76979;-0.00134055;6.70276;-0.912871;1.00134
4932;0.208995;-0.931632;5.76979;1.06837;5.76979;-0.00134055;6.70276;-0.913061;1.00153
4933;0.208995;-0.931632;5.76979;1.06837;5.76979;-0.00134055;6.70276;-0.91325;1.00173
4934;0.208995;-0.931632;5.76979;1.06837;5.76979;-0.00134055;6.70276;-0.91344;1.00192
4935;0.208995;-0.931632;5.76979;1.06837;5.76979;-0.00134055;6.70276;-0.91363;1.00212
4936;0.208995;-0.931632;5.76979;1.06837;5.76979;-0.00134055;6.70276;-0.913819;1.00231
4937;0.208995;-0.931632;5.76979;1.06837;5.76979;-0.00134055;6.70276;-0.914009;1.0025
4938;0.208995;-0.931632;5.76979;1.06837;5.76979;-0.00134055;6.70276;-0.914199;1.0027
4939;0.208995;-0.931632;5.76979;1.06837;5.76979;-0.00134055;6.70276;-0.914389;1.00289
4940;0.208995;-0.931632;5.76979;1.06837;5.76979;-0.00134055;6.70276;-0.914578;1.00308
4941;0.208995;-0.931632;5.76979;1.06837;5.76979;-0.00134055;6.70276;-0.914768;1.00328
4942;0.208995;-0.931632;5.76979;1.06837;5.76979;-0.00134055;6.70276;-0.914958;1.00347
4943;0.208995;-0.931632;5.76979;1.06837;5.76979;-0.00134055;6.70276;-0.915147;1.00366
4944;0.208995;-0.931632;5.76979;1.06837;5.76979;-0.00134055;6.70276;-0.915337;1.00386
4945;0.208995;-0.931632;5.76979;1.06837;5.76979;-0.00134055;6.70276;-0.915527;1.00405
4946;0.208995;-0.931632;5.76979;1.06837;5.76979;-0.00134055;6.70276;-0.915716;1.00424
4947;0.208995;-0.931632;5.76979;1.06837;5.76979;-0.00134055;6.70276;-0.915906;1.00444
4948;0.208995;-0.931632;5.76979;1.06837;5.76979;-0.00134055;6.70276;-0.916096;1.00463
4949;0.208995;-0.931632;5.76979;1.06837;5.76979;-0.00134055;6.70276;-0.916285;1.00483
4950;0.208995;-0.931632;5.76979;1.06837;5.76979;-0.00134055;6.70276;-0.916475;1.00502
4951;0.208995;-0.931632;5.76979;1.06837;5.76979;-0.00134055;6.70276;-0.916665;1.00521
4952;0.208995;-0.931632;5.76979;1.06837;5.76979;-0.00134055;6.70276;-0.916854;1.00541
4953;0.208995;-0.931632;5.76979;1.06837;5.76979;-0.00134055;6.70276;-0.917044;1.0056
4954;0.208995;-0.931632;5.76979;1.06837;5.76979;-0.00134055;6.70276;-0.917234;1.00579
4955;0.208995;-0.931632;5.76979;1.06837;5.76979;-0.00134055;6.70276;-0.917424;1.00599
4956;0.208995;-0.931632;5.76979;1.06837;5.76979;-0.00134055;6.70276;-0.917613;1.00618
4957;0.208995;-0.931632;5.76979;1.06837;5.76979;-0.00134055;6.70276;-0.917803;1.00637
4958;0.208995;-0.931632;5.76979;1.06837;5.76979;-0.00134055;6.70276;-0.917993;1.00657
4959;0.208995;-0.931632;5.76979;1.06837;5.76979;-0.00134055;6.70276;-0.918182;1.00676
4960;0.208995;-0.931632;5.76979;1.06837;5.76979;-0.00134055;6.70276;-0.918372;1.00695
4961;0.208995;-0.931632;5.76979;1.06837;5.76979;-0.00134055;6.70276;-0.918562;1.00715
4962;0.208995;-0.931632;5.76979;1.06837;5.76979;-0.00134055;6.70276;-0.918751;1.00734
4963;0.208995;-0.931632;5.76979;1.06837;5.76979;-0.00134055;6.70276;-0.918941;1.00753
4964;0.208995;-0.931632;5.76979;1.06837;5.76979;-0.00134055;6.70276;-0.919131;1.00773
4965;0.208995;-0.931632;5.76979;1.06837;5.76979;-0.00134055;6.70276;-0.91932;1.00792
4966;0.208995;-0.931632;5.76979;1.06837;5.76979;-0.00134055;6.70276;-0.91951;1.00812
4967;0.208995;-0.931632;5.76979;1.06837;5.76979;-0.00134055;6.70276;-0.9197;1.00831
4968;0.208995;-0.931632;5.76979;1.06837;5.76979;-0.00134055;6.70276;-0.919889;1.0085
4969;0.208995;-0.931632;5.76979;1.06837;5.76979;-0.00134055;6.70276;-0.920079;1.0087
4970;0.208995;-0.931632;5.76979;1.06837;5.76979;-0.00134055;6.70276;-0.920269;1.00889
4971;0.208995;-0.931632;5.76979;1.06837;5.76979;-0.00134055;6.70276;-0.920459;1.00908
4972;0.208995;-0.931632;5.76979;1.06837;5.76979;-0.00134055;6.70276;-0.920648;1.00928
4973;0.208995;-0.931632;5.76979;1.06837;5.76979;-0.00134055;6.70276;-0.920838;1.00947
4974;0.208995;-0.931632;5.76979;1.06837;5.76979;-0.00134055;6.70276;-0.921028;1.00966
4975;0.208995;-0.931632;5.76979;1.06837;5.76979;-0.00134055;6.70276;-0.921217;1.00986
4976;0.208995;-0.931632;5.76979;1.06837;5.76979;-0.00134055;6.70276;-0.921407;1.01005
4977;0.208995;-0.931632;5.76979;1.06837;5.76979;-0.00134055;6.70276;-0.921597;1.01024
4978;0.208995;-0.931632;5.76979;1.06837;5.76979;-0.00134055;6.70276;-0.921786;1.01044
4979;0.208995;-0.931632;5.76979;1.06837;5.76979;-0.00134055;6.70276;-0.921976;1.01063
4980;0.208995;-0.931632;5.76979;1.06837;5.76979;-0.00134055;6.70276;-0.922166;1.01083
4981;0.208995;-0.931632;5.76979;1.06837;5.76979;-0.00134055;6.70276;-0.922355;1.01102
4982;0.208995;-0.931632;5.76979;1.06837;5.76979;-0.00134055;6.70276;-0.922545;1.01121
4983;0.208995;-0.931632;5.76979;1.06837;5.76979;-0.00134055;6.70276;-0.922735;1.01141
4984;0.208995;-0.931632;5.76979;1.06837;5.76979;-0.00134055;6.70276;-0.922925;1.0116
4985;0.208995;-0.931632;5.76979;1.06837;5.76979;-0.00134055;6.70276;-0.923114;1.01179
4986;0.208995;-0.931632;5.76979;1.06837;5.76979;-0.00134055;6.70276;-0.923304;1.01199
4987;0.208995;-0.931632;5.76979;1.06837;5.76979;-0.00134055;6.70276;-0.923494;1.01218
4988;0.208995;-0.931632;5.76979;1.06837;5.76979;-0.00134055;6.70276;-0.923683;1.01237
4989;0.208995;-0.931632;5.76979;1.06837;5.76979;-0.00134055;6.70276;-0.923873;1.01257
4990;0.208995;-0.931632;5.76979;1.06837;5.76979;-0.00134055;6.70276;-0.924063;1.01276
4991;0.208995;-0.931632;5.76979;1.06837;5.76979;-0.00134055;6.70276;-0.924252;1.01295
4992;0.208995;-0.931632;5.76979;1.06837;5.76979;-0.00134055;6.70276;-0.924442;1.01315
4993;0.208995;-0.931632;5.76979;1.06837;5.76979;-0.00134055;6.70276;-0.924632;1.01334
4994;0.208995;-0.931632;5.76979;1.06837;5.76979;-0.00134055;6.70276;-0.924821;1.01353
4995;0.208995;-0.931632;5.76979;1.06837;5.76979;-0.00134055;6.70276;-0.925011;1.01373
4996;0.208995;-0.931632;5.76979;1.06837;5.76979;-0.00134055;6.70276;-0.925201;1.01392
4997;0.208995;-0.931632;5.76979;1.06837;5.76979;-0.00134055;6.70276;-0.92539;1.01412
4998;0.208995;-0.931632;5.76979;1.06837;5.76979;-0.00134055;6.70276;-0.92558;1.01431
4999;0.208995;-0.931632;5.76979;1.06837;5.76979;-0.00134055;6.70276;-0.92577;1.0145
5000;0.208995;-0.931632;5.76979;1.06837;5.76979;-0.00134055;6.70276;-0.92596;1.0147
5001;0.208995;-0.931632;5.76979;1.06837;5.76979;-0.00134055;6.70276;-0.926149;1.01489
5002;0.208995;-0.931632;5.76979;1.06837;5.76979;-0.00134055;6.70276;-0.926339;1.01508
5003;0.208995;-0.931632;5.76979;1.06837;5.76979;-0.00134055;6.70276;-0.926529;1.01528
5004;0.208995;-0.931632;5.76979;1.06837;5.76979;-0.00134055;6.70276;-0.926718;1.01547
5005;0.208995;-0.931632;5.76979;1.06837;5.76979;-0.00134055;6.70276;-0.926908;1.01566
5006;0.208995;-0.931632;5.76979;1.06837;5.76979;-0.00134055;6.70276;-0.927098;1.01586
5007;0.208995;-0.931632;5.76979;1.06837;5.76979;-0.00134055;6.70276;-0.927287;1.01605
5008;0.208995;-0.931632;5.76979;1.06837;5.76979;-0.00134055;6.70276;-0.927477;1.01624
5009;0.208995;-0.931632;5.76979;1.06837;5.76979;-0.00134055;6.70276;-0.927667;1.01644
5010;0.208995;-0.931632;5.76979;1.06837;5.76979;-0.00134055;6.70276;-0.927856;1.01663
5011;0.208995;-0.931632;5.76979;1.06837;5.76979;-0.00134055;6.70276;-0.928046;1.01683
5012;0.208995;-0.931632;5.76979;1.06837;5.76979;-0.00134055;6.70276;-0.928236;1.01702
5013;0.208995;-0.931632;5.76979;1.06837;5.76979;-0.00134055;6.70276;-0.928425;1.01721
5014;0.208995;-0.931632;5.76979;1.06837;5.76979;-0.00134055;6.70276;-0.928615;1.01741
5015;0.208995;-0.931632;5.76979;1.06837;5.76979;-0.00134055;6.70276;-0.928805;1.0176
5016;0.208995;-0.931632;5.76979;1.06837;5.76979;-0.00134055;6.70276;-0.928995;1.01779
5017;0.208995;-0.931632;5.76979;1.06837;5.76979;-0.00134055;6.70276;-0.929184;1.01799
5018;0.208995;-0.931632;5.76979;1.06837;5.76979;-0.00134055;6.70276;-0.929374;1.01818
5019;0.208995;-0.931632;5.76979;1.06837;5.76979;-0.00134055;6.70276;-0.929564;1.01837
5020;0.208995;-0.931632;5.76979;1.06837;5.76979;-0.00134055;6.70276;-0.929753;1.01857
5021;0.208995;-0.931632;5.76979;1.06837;5.76979;-0.00134055;6.70276;-0.929943;1.01876
5022;0.208995;-0.931632;5.76979;1.06837;5.76979;-0.00134055;6.70276;-0.930133;1.01895
5023;0.208995;-0.931632;5.76979;1.06837;5.76979;-0.00134055;6.70276;-0.930322;1.01915
5024;0.208995;-0.931632;5.76979;1.06837;5.76979;-0.00134055;6.70276;-0.930512;1.01934
5025;0.208995;-0.931632;5.76979;1.06837;5.76979;-0.00134055;6.70276;-0.930702;1.01954
5026;0.208995;-0.931632;5.76979;1.06837;5.76979;-0.00134055;6.70276;-0.930891;1.01973
5027;0.208995;-0.931632;5.76979;1.06837;5.76979;-0.00134055;6.70276;-0.931081;1.01992
5028;0.208995;-0.931632;5.76979;1.06837;5.76979;-0.00134055;6.70276;-0.931271;1.02012
5029;0.208995;-0.931632;5.76979;1.06837;5.76979;-0.00134055;6.70276;-0.93146;1.02031
5030;0.208995;-0.931632;5.76979;1.06837;5.76979;-0.00134055;6.70276;-0.93165;1.0205
5031;0.208995;-0.931632;5.76979;1.06837;5.76979;-0.00134055;6.70276;-0.93184;1.0207
5032;0.208995;-0.931632;5.76979;1.06837;5.76979;-0.00134055;6.70276;-0.93203;1.02089
5033;0.208995;-0.931632;5.76979;1.06837;5.76979;-0.00134055;6.70276;-0.932219;1.02108
5034;0.208995;-0.931632;5.76979;1.06837;5.76979;-0.00134055;6.70276;-0.932409;1.02128
5035;0.208995;-0.931632;5.76979;1.06837;5.76979;-0.00134055;6.70276;-0.932599;1.02147
5036;0.208995;-0.931632;5.76979;1.06837;5.76979;-0.00134055;6.70276;-0.932788;1.02166
5037;0.208995;-0.931632;5.76978;1.06837;5.76978;-0.00134055;6.70276;-0.932978;1.02186
5038;0.208995;-0.931632;5.76978;1.06837;5.76978;-0.00134055;6.70276;-0.933168;1.02205
5039;0.208995;-0.931632;5.76978;1.06837;5.76978;-0.00134055;6.70276;-0.933357;1.02224
5040;0.208995;-0.931632;5.76978;1.06837;5.76978;-0.00134055;6.70276;-0.933547;1.02244
5041;0.208995;-0.931632;5.76978;1.06837;5.76978;-0.00134055;6.70276;-0.933737;1.02263
5042;0.208995;-0.931632;5.76978;1.06837;5.76978;-0.00134055;6.70276;-0.933926;1.02283
5043;0.208995;-0.931632;5.76978;1.06837;5.76978;-0.00134055;6.70276;-0.934116;1.02302
5044;0.208995;-0.931632;5.76978;1.06837;5.76978;-0.00134055;6.70276;-0.934306;1.02321
5045;0.208995;-0.931632;5.76978;1.06837;5.76978;-0.00134055;6.70276;-0.934495;1.02341
5046;0.208995;-0.931632;5.76978;1.06837;5.76978;-0.00134055;6.70276;-0.934685;1.0236
5047;0.208995;-0.931632;5.76978;1.06837;5.76978;-0.00134055;6.70276;-0.934875;1.02379
5048;0.208995;-0.931632;5.76978;1.06837;5.76978;-0.00134055;6.70276;-0.935065;1.02399
5049;0.208995;-0.931632;5.76978;1.06837;5.76978;-0.00134055;6.70276;-0.935254;1.02418
5050;0.208995;-0.931632;5.76978;1.06837;5.76978;-0.00134055;6.70276;-0.935444;1.02437
5051;0.208995;-0.931632;5.76978;1.06837;5.76978;-0.00134055;6.70276;-0.935634;1.02457
5052;0.208995;-0.931632;5.76978;1.06837;5.76978;-0.00134055;6.70276;-0.935823;1.02476
5053;0.208995;-0.931632;5.76978;1.06837;5.76978;-0.00134055;6.70276;-0.936013;1.02495
5054;0.208995;-0.931632;5.76978;1.06837;5.76978;-0.00134055;6.70276;-0.936203;1.02515
5055;0.208995;-0.931632;5.76978;1.06837;5.76978;-0.00134055;6.70276;-0.936392;1.02534
5056;0.208995;-0.931632;5.76978;1.06837;5.76978;-0.00134055;6.70276;-0.936582;1.02554
5057;0.208995;-0.931632;5.76978;1.06837;5.76978;-0.00134055;6.70276;-0.936772;1.02573
5058;0.208995;-0.931632;5.76978;1.06837;5.76978;-0.00134055;6.70276;-0.936961;1.02592
5059;0.208995;-0.931632;5.76978;1.06837;5.76978;-0.00134055;6.70276;-0.937151;1.02612
5060;0.208995;-0.931632;5.76978;1.06837;5.76978;-0.00134055;6.70276;-0.937341;1.02631
5061;0.208995;-0.931632;5.76978;1.06837;5.76978;-0.00134055;6.70276;-0.93753;1.0265
5062;0.208995;-0.931632;5.76978;1.06837;5.76978;-0.00134055;6.70276;-0.93772;1.0267
5063;0.208995;-0.931632;5.76978;1.06837;5.76978;-0.00134055;6.70276;-0.93791;1.02689
5064;0.208995;-0.931632;5.76978;1.06837;5.76978;-0.00134055;6.70276;-0.9381;1.02708
5065;0.208995;-0.931632;5.76978;1.06837;5.76978;-0.00134055;6.70276;-0.938289;1.02728
5066;0.208995;-0.931632;5.76978;1.06837;5.76978;-0.00134055;6.70276;-0.938479;1.02747
5067;0.208995;-0.931632;5.76978;1.06837;5.76978;-0.00134055;6.70276;-0.938669;1.02766
5068;0.208995;-0.931632;5.76978;1.06837;5.76978;-0.00134055;6.70276;-0.938858;1.02786
5069;0.208995;-0.931632;5.76978;1.06837;5.76978;-0.00134055;6.70276;-0.939048;1.02805
5070;0.208995;-0.931632;5.76978;1.06837;5.76978;-0.00134055;6.70276;-0.939238;1.02825
5071;0.208995;-0.931632;5.76978;1.06837;5.76978;-0.00134055;6.70276;-0.939427;1.02844
5072;0.208995;-0.931632;5.76978;1.06837;5.76978;-0.00134055;6.70276;-0.939617;1.02863
5073;0.208995;-0.931632;5.76978;1.06837;5.76978;-0.00134055;6.70276;-0.939807;1.02883
5074;0.208995;-0.931632;5.76978;1.06837;5.76978;-0.00134055;6.70276;-0.939996;1.02902
5075;0.208995;-0.931632;5.76978;1.06837;5.76978;-0.00134055;6.70276;-0.940186;1.02921
5076;0.208995;-0.931632;5.76978;1.06837;5.76978;-0.00134055;6.70276;-0.940376;1.02941
5077;0.208995;-0.931632;5.76978;1.06837;5.76978;-0.00134055;6.70276;-0.940565;1.0296
5078;0.208995;-0.931632;5.76978;1.06837;5.76978;-0.00134055;6.70276;-0.940755;1.02979
5079;0.208995;-0.931632;5.76978;1.06837;5.76978;-0.00134055;6.70276;-0.940945;1.02999
5080;0.208995;-0.931632;5.76978;1.06837;5.76978;-0.00134055;6.70276;-0.941135;1.03018
5081;0.208995;-0.931632;5.76978;1.06837;5.76978;-0.00134055;6.70276;-0.941324;1.03037
5082;0.208995;-0.931632;5.76978;1.06837;5.76978;-0.00134055;6.70276;-0.941514;1.03057
5083;0.208996;-0.931632;5.76978;1.06837;5.76978;-0.00134055;6.70276;-0.941704;1.03076
5084;0.208996;-0.931632;5.76978;1.06837;5.76978;-0.00134055;6.70276;-0.941893;1.03095
5085;0.208996;-0.931632;5.76978;1.06837;5.76978;-0.00134055;6.70276;-0.942083;1.03115
5086;0.208996;-0.931632;5.76978;1.06837;5.76978;-0.00134055;6.70276;-0.942273;1.03134
5087;0.208996;-0.931632;5.76978;1.06837;5.76978;-0.00134055;6.70276;-0.942462;1.03154
5088;0.208996;-0.931632;5.76978;1.06837;5.76978;-0.00134055;6.70276;-0.942652;1.03173
5089;0.208996;-0.931632;5.76978;1.06837;5.76978;-0.00134055;6.70276;-0.942842;1.03192
5090;0.208996;-0.931632;5.76978;1.06837;5.76978;-0.00134055;6.70276;-0.943031;1.03212
5091;0.208996;-0.931632;5.76978;1.06837;5.76978;-0.00134055;6.70276;-0.943221;1.03231
5092;0.208996;-0.931632;5.76978;1.06837;5.76978;-0.00134055;6.70276;-0.943411;1.0325
5093;0.208996;-0.931632;5.76978;1.06837;5.76978;-0.00134055;6.70276;-0.9436;1.0327
5094;0.208996;-0.931632;5.76978;1.06837;5.76978;-0.00134055;6.70276;-0.94379;1.03289
5095;0.208996;-0.931632;5.76978;1.06837;5.76978;-0.00134055;6.70276;-0.94398;1.03308
5096;0.208996;-0.931632;5.76978;1.06837;5.76978;-0.00134055;6.70275;-0.94417;1.03328
5097;0.208996;-0.931632;5.76978;1.06837;5.76978;-0.00134055;6.70275;-0.944359;1.03347
5098;0.208996;-0.931632;5.76978;1.06837;5.76978;-0.00134055;6.70275;-0.944549;1.03366
5099;0.208996;-0.931632;5.76978;1.06837;5.76978;-0.00134055;6.70275;-0.944739;1.03386
5100;0.208996;-0.931632;5.76978;1.06837;5.76978;-0.00134055;6.70275;-0.944928;1.03405
5101;0.208996;-0.931632;5.76978;1.06837;5.76978;-0.00134055;6.70275;-0.945118;1.03425
5102;0.208996;-0.931632;5.76978;1.06837;5.76978;-0.00134055;6.70275;-0.945308;1.03444
5103;0.208996;-0.931632;5.76978;1.06837;5.76978;-0.00134055;6.70275;-0.945497;1.03463
5104;0.208996;-0.931632;5.76978;1.06837;5.76978;-0.00134055;6.70275;-0.945687;1.03483
5105;0.208996;-0.931632;5.76978;1.06837;5.76978;-0.00134055;6.70275;-0.945877;1.03502
5106;0.208996;-0.931632;5.76978;1.06837;5.76978;-0.00134055;6.70275;-0.946066;1.03521
5107;0.208996;-0.931632;5.76978;1.06837;5.76978;-0.00134055;6.70275;-0.946256;1.03541
5108;0.208996;-0.931632;5.76978;1.06837;5.76978;-0.00134055;6.70275;-0.946446;1.0356
5109;0.208996;-0.931632;5.76978;1.06837;5.76978;-0.00134055;6.70275;-0.946636;1.03579
5110;0.208996;-0.931632;5.76978;1.06837;5.76978;-0.00134055;6.70275;-0.946825;1.03599
5111;0.208996;-0.931632;5.76978;1.06837;5.76978;-0.00134055;6.70275;-0.947015;1.03618
5112;0.208996;-0.931632;5.76978;1.06837;5.76978;-0.00134055;6.70275;-0.947205;1.03637
5113;0.208996;-0.931632;5.76978;1.06837;5.76978;-0.00134055;6.70275;-0.947394;1.03657
5114;0.208996;-0.931632;5.76978;1.06837;5.76978;-0.00134055;6.70275;-0.947584;1.03676
5115;0.208996;-0.931632;5.76978;1.06837;5.76978;-0.00134055;6.70275;-0.947774;1.03696
5116;0.208996;-0.931632;5.76978;1.06837;5.76978;-0.00134055;6.70275;-0.947963;1.03715
5117;0.208996;-0.931632;5.76978;1.06837;5.76978;-0.00134055;6.70275;-0.948153;1.03734
5118;0.208996;-0.931632;5.76978;1.06837;5.76978;-0.00134055;6.70275;-0.948343;1.03754
5119;0.208996;-0.931632;5.76978;1.06837;5.76978;-0.00134055;6.70275;-0.948532;1.03773
5120;0.208996;-0.931632;5.76978;1.06837;5.76978;-0.00134055;6.70275;-0.948722;1.03792
5121;0.208996;-0.931632;5.76978;1.06837;5.76978;-0.00134055;6.70275;-0.948912;1.03812
5122;0.208996;-0.931632;5.76978;1.06837;5.76978;-0.00134055;6.70275;-0.949101;1.03831
5123;0.208996;-0.931632;5.76978;1.06837;5.76978;-0.00134055;6.70275;-0.949291;1.0385
5124;0.208996;-0.931632;5.76978;1.06837;5.76978;-0.00134055;6.70275;-0.949481;1.0387
5125;0.208996;-0.931632;5.76978;1.06837;5.76978;-0.00134055;6.70275;-0.949671;1.03889
5126;0.208996;-0.931632;5.76978;1.06837;5.76978;-0.00134055;6.70275;-0.94986;1.03908
5127;0.208996;-0.931632;5.76978;1.06837;5.76978;-0.00134055;6.70275;-0.95005;1.03928
5128;0.208996;-0.931632;5.76978;1.06837;5.76978;-0.00134055;6.70275;-0.95024;1.03947
5129;0.208996;-0.931632;5.76978;1.06837;5.76978;-0.00134055;6.70275;-0.950429;1.03966
5130;0.208996;-0.931632;5.76978;1.06837;5.76978;-0.00134055;6.70275;-0.950619;1.03986
5131;0.208996;-0.931632;5.76978;1.06837;5.76978;-0.00134055;6.70275;-0.950809;1.04005
5132;0.208996;-0.931632;5.76978;1.06837;5.76978;-0.00134055;6.70275;-0.950998;1.04025
5133;0.208996;-0.931632;5.76978;1.06837;5.76978;-0.00134055;6.70275;-0.951188;1.04044
5134;0.208996;-0.931632;5.76978;1.06837;5.76978;-0.00134055;6.70275;-0.951378;1.04063
5135;0.208996;-0.931632;5.76978;1.06837;5.76978;-0.00134055;6.70275;-0.951567;1.04083
5136;0.208996;-0.931632;5.76978;1.06837;5.76978;-0.00134055;6.70275;-0.951757;1.04102
5137;0.208996;-0.931632;5.76978;1.06837;5.76978;-0.00134055;6.70275;-0.951947;1.04121
5138;0.208996;-0.931632;5.76978;1.06837;5.76978;-0.00134055;6.70275;-0.952136;1.04141
5139;0.208996;-0.931632;5.76978;1.06837;5.76978;-0.00134055;6.70275;-0.952326;1.0416
5140;0.208996;-0.931632;5.76978;1.06837;5.76978;-0.00134055;6.70275;-0.952516;1.04179
5141;0.208996;-0.931632;5.76978;1.06837;5.76978;-0.00134055;6.70275;-0.952706;1.04199
5142;0.208996;-0.931632;5.76978;1.06837;5.76978;-0.00134055;6.70275;-0.952895;1.04218
5143;0.208996;-0.931632;5.76978;1.06837;5.76978;-0.00134055;6.70275;-0.953085;1.04237
5144;0.208996;-0.931632;5.76978;1.06837;5.76978;-0.00134055;6.70275;-0.953275;1.04257
5145;0.208996;-0.931632;5.76978;1.06837;5.76978;-0.00134055;6.70275;-0.953464;1.04276
5146;0.208996;-0.931632;5.76978;1.06837;5.76978;-0.00134055;6.70275;-0.953654;1.04296
5147;0.208996;-0.931632;5.76978;1.06837;5.76978;-0.00134055;6.70275;-0.953844;1.04315
5148;0.208996;-0.931632;5.76978;1.06837;5.76978;-0.00134055;6.70275;-0.954033;1.04334
5149;0.208996;-0.931632;5.76978;1.06837;5.76978;-0.00134055;6.70275;-0.954223;1.04354
5150;0.208996;-0.931632;5.76978;1.06837;5.76978;-0.00134055;6.70275;-0.954413;1.04373
5151;0.208996;-0.931632;5.76978;1.06837;5.76978;-0.00134055;6.70275;-0.954602;1.04392
5152;0.208996;-0.931632;5.76978;1.06837;5.76978;-0.00134055;6.70275;-0.954792;1.04412
5153;0.208996;-0.931632;5.76978;1.06837;5.76978;-0.00134055;6.70275;-0.954982;1.04431
5154;0.208996;-0.931632;5.76978;1.06837;5.76978;-0.00134055;6.70275;-0.955171;1.0445
5155;0.208996;-0.931632;5.76978;1.06837;5.76978;-0.00134055;6.70275;-0.955361;1.0447
5156;0.208996;-0.931632;5.76978;1.06837;5.76978;-0.00134055;6.70275;-0.955551;1.04489
5157;0.208996;-0.931632;5.76978;1.06837;5.76978;-0.00134055;6.70275;-0.955741;1.04508
5158;0.208996;-0.931632;5.76978;1.06837;5.76978;-0.00134055;6.70275;-0.95593;1.04528
5159;0.208996;-0.931632;5.76978;1.06837;5.76978;-0.00134055;6.70275;-0.95612;1.04547
5160;0.208996;-0.931632;5.76978;1.06837;5.76978;-0.00134055;6.70275;-0.95631;1.04567
5161;0.208996;-0.931632;5.76978;1.06837;5.76978;-0.00134055;6.70275;-0.956499;1.04586
5162;0.208996;-0.931632;5.76978;1.06837;5.76978;-0.00134055;6.70275;-0.956689;1.04605
5163;0.208996;-0.931632;5.76978;1.06837;5.76978;-0.00134055;6.70275;-0.956879;1.04625
5164;0.208996;-0.931632;5.76978;1.06837;5.76978;-0.00134055;6.70275;-0.957068;1.04644
5165;0.208996;-0.931632;5.76978;1.06837;5.76978;-0.00134055;6.70275;-0.957258;1.04663
5166;0.208996;-0.931632;5.76978;1.06837;5.76978;-0.00134055;6.70275;-0.957448;1.04683
5167;0.208996;-0.931632;5.76978;1.06837;5.76978;-0.00134055;6.70275;-0.957637;1.04702
5168;0.208996;-0.931632;5.76978;1.06837;5.76978;-0.00134055;6.70275;-0.957827;1.04721
5169;0.208996;-0.931632;5.76978;1.06837;5.76978;-0.00134055;6.70275;-0.958017;1.04741
5170;0.208996;-0.931632;5.76978;1.06837;5.76978;-0.00134055;6.70275;-0.958206;1.0476
5171;0.208996;-0.931632;5.76978;1.06837;5.76978;-0.00134055;6.70275;-0.958396;1.04779
5172;0.208996;-0.931632;5.76978;1.06837;5.76978;-0.00134055;6.70275;-0.958586;1.04799
5173;0.208996;-0.931632;5.76978;1.06837;5.76978;-0.00134055;6.70275;-0.958776;1.04818
5174;0.208996;-0.931632;5.76978;1.06837;5.76978;-0.00134055;6.70275;-0.958965;1.04837
5175;0.208996;-0.931632;5.76978;1.06837;5.76978;-0.00134055;6.70275;-0.959155;1.04857
5176;0.208996;-0.931632;5.76978;1.06837;5.76978;-0.00134055;6.70275;-0.959345;1.04876
5177;0.208996;-0.931632;5.76978;1.06837;5.76978;-0.00134055;6.70275;-0.959534;1.04896
5178;0.208996;-0.931632;5.76978;1.06837;5.76978;-0.00134055;6.70275;-0.959724;1.04915
5179;0.208996;-0.931632;5.76978;1.06837;5.76978;-0.00134055;6.70275;-0.959914;1.04934
5180;0.208996;-0.931632;5.76978;1.06837;5.76978;-0.00134055;6.70275;-0.960103;1.04954
5181;0.208996;-0.931632;5.76978;1.06837;5.76978;-0.00134055;6.70275;-0.960293;1.04973
5182;0.208996;-0.931632;5.76978;1.06837;5.76978;-0.00134055;6.70275;-0.960483;1.04992
5183;0.208996;-0.931632;5.76978;1.06837;5.76978;-0.00134055;6.70275;-0.960672;1.05012
5184;0.208996;-0.931632;5.76978;1.06837;5.76978;-0.00134055;6.70275;-0.960862;1.05031
5185;0.208996;-0.931632;5.76978;1.06837;5.76978;-0.00134055;6.70275;-0.961052;1.0505
5186;0.208996;-0.931632;5.76978;1.06837;5.76978;-0.00134055;6.70275;-0.961241;1.0507
5187;0.208996;-0.931632;5.76978;1.06837;5.76978;-0.00134055;6.70275;-0.961431;1.05089
5188;0.208996;-0.931632;5.76978;1.06837;5.76978;-0.00134055;6.70275;-0.961621;1.05108
5189;0.208996;-0.931632;5.76978;1.06837;5.76978;-0.00134055;6.70275;-0.961811;1.05128
5190;0.208996;-0.931632;5.76978;1.06837;5.76978;-0.00134055;6.70275;-0.962;1.05147
5191;0.208996;-0.931632;5.76978;1.06837;5.76978;-0.00134055;6.70275;-0.96219;1.05167
5192;0.208996;-0.931632;5.76978;1.06837;5.76978;-0.00134055;6.70275;-0.96238;1.05186
5193;0.208996;-0.931632;5.76978;1.06837;5.76978;-0.00134055;6.70275;-0.962569;1.05205
5194;0.208996;-0.931632;5.76978;1.06837;5.76978;-0.00134055;6.70275;-0.962759;1.05225
5195;0.208996;-0.931632;5.76978;1.06837;5.76978;-0.00134055;6.70275;-0.962949;1.05244
5196;0.208996;-0.931632;5.76978;1.06837;5.76978;-0.00134055;6.70275;-0.963138;1.05263
5197;0.208996;-0.931632;5.76978;1.06837;5.76978;-0.00134055;6.70275;-0.963328;1.05283
5198;0.208996;-0.931632;5.76978;1.06837;5.76978;-0.00134055;6.70275;-0.963518;1.05302
5199;0.208996;-0.931632;5.76978;1.06837;5.76978;-0.00134055;6.70275;-0.963707;1.05321
5200;0.208996;-0.931632;5.76978;1.06837;5.76978;-0.00134055;6.70275;-0.963897;1.05341
5201;0.208996;-0.931632;5.76978;1.06837;5.76978;-0.00134055;6.70275;-0.964087;1.0536
5202;0.208996;-0.931632;5.76978;1.06837;5.76978;-0.00134055;6.70275;-0.964276;1.05379
5203;0.208996;-0.931632;5.76978;1.06837;5.76978;-0.00134055;6.70275;-0.964466;1.05399
5204;0.208996;-0.931632;5.76978;1.06837;5.76978;-0.00134055;6.70275;-0.964656;1.05418
5205;0.208996;-0.931632;5.76978;1.06837;5.76978;-0.00134055;6.70275;-0.964846;1.05437
5206;0.208996;-0.931632;5.76978;1.06837;5.76978;-0.00134055;6.70275;-0.965035;1.05457
5207;0.208996;-0.931632;5.76978;1.06837;5.76978;-0.00134055;6.70275;-0.965225;1.05476
5208;0.208996;-0.931632;5.76978;1.06837;5.76978;-0.00134055;6.70275;-0.965415;1.05496
5209;0.208996;-0.931632;5.76978;1.06837;5.76978;-0.00134055;6.70275;-0.965604;1.05515
5210;0.208996;-0.931632;5.76978;1.06837;5.76978;-0.00134055;6.70275;-0.965794;1.05534
5211;0.208996;-0.931632;5.76978;1.06837;5.76978;-0.00134055;6.70275;-0.965984;1.05554
5212;0.208996;-0.931632;5.76978;1.06837;5.76978;-0.00134055;6.70275;-0.966173;1.05573
5213;0.208996;-0.931632;5.76978;1.06837;5.76978;-0.00134055;6.70275;-0.966363;1.05592
5214;0.208996;-0.931632;5.76978;1.06837;5.76978;-0.00134055;6.70275;-0.966553;1.05612
5215;0.208996;-0.931632;5.76978;1.06837;5.76978;-0.00134055;6.70275;-0.966742;1.05631
5216;0.208996;-0.931632;5.76978;1.06837;5.76978;-0.00134055;6.70275;-0.966932;1.0565
5217;0.208996;-0.931632;5.76978;1.06837;5.76978;-0.00134055;6.70275;-0.967122;1.0567
5218;0.208996;-0.931632;5.76978;1.06837;5.76978;-0.00134055;6.70275;-0.967311;1.05689
5219;0.208996;-0.931632;5.76978;1.06837;5.76978;-0.00134055;6.70275;-0.967501;1.05708
5220;0.208996;-0.931632;5.76978;1.06837;5.76978;-0.00134055;6.70275;-0.967691;1.05728
5221;0.208996;-0.931632;5.76978;1.06837;5.76978;-0.00134055;6.70275;-0.967881;1.05747
5222;0.208996;-0.931632;5.76978;1.06837;5.76978;-0.00134055;6.70275;-0.96807;1.05767
5223;0.208996;-0.931632;5.76978;1.06837;5.76978;-0.00134055;6.70275;-0.96826;1.05786
5224;0.208996;-0.931632;5.76978;1.06837;5.76978;-0.00134055;6.70275;-0.96845;1.05805
5225;0.208996;-0.931632;5.76978;1.06837;5.76978;-0.00134055;6.70275;-0.968639;1.05825
5226;0.208996;-0.931632;5.76978;1.06837;5.76978;-0.00134055;6.70275;-0.968829;1.05844
5227;0.208996;-0.931632;5.76978;1.06837;5.76978;-0.00134055;6.70275;-0.969019;1.05863
5228;0.208996;-0.931632;5.76978;1.06837;5.76978;-0.00134055;6.70275;-0.969208;1.05883
5229;0.208996;-0.931632;5.76978;1.06837;5.76978;-0.00134055;6.70275;-0.969398;1.05902
5230;0.208996;-0.931632;5.76978;1.06837;5.76978;-0.00134055;6.70275;-0.969588;1.05921
5231;0.208996;-0.931632;5.76978;1.06837;5.76978;-0.00134055;6.70275;-0.969777;1.05941
5232;0.208996;-0.931632;5.76978;1.06837;5.76978;-0.00134055;6.70275;-0.969967;1.0596
5233;0.208996;-0.931632;5.76978;1.06837;5.76978;-0.00134055;6.70275;-0.970157;1.05979
5234;0.208996;-0.931632;5.76978;1.06837;5.76978;-0.00134055;6.70275;-0.970346;1.05999
5235;0.208996;-0.931632;5.76978;1.06837;5.76978;-0.00134055;6.70275;-0.970536;1.06018
5236;0.208996;-0.931632;5.76978;1.06837;5.76978;-0.00134055;6.70275;-0.970726;1.06038
5237;0.208996;-0.931632;5.76978;1.06837;5.76978;-0.00134055;6.70275;-0.970916;1.06057
5238;0.208996;-0.931632;5.76978;1.06837;5.76978;-0.00134055;6.70275;-0.971105;1.06076
5239;0.208996;-0.931632;5.76978;1.06837;5.76978;-0.00134055;6.70275;-0.971295;1.06096
5240;0.208996;-0.931632;5.76978;1.06837;5.76978;-0.00134055;6.70275;-0.971485;1.06115
5241;0.208996;-0.931632;5.76978;1.06837;5.76978;-0.00134055;6.70275;-0.971674;1.06134
5242;0.208996;-0.931632;5.76978;1.06837;5.76978;-0.00134055;6.70275;-0.971864;1.06154
5243;0.208996;-0.931632;5.76978;1.06837;5.76978;-0.00134055;6.70275;-0.972054;1.06173
5244;0.208996;-0.931632;5.76978;1.06837;5.76978;-0.00134055;6.70275;-0.972243;1.06192
5245;0.208996;-0.931632;5.76978;1.06837;5.76978;-0.00134055;6.70275;-0.972433;1.06212
5246;0.208996;-0.931632;5.76978;1.06837;5.76978;-0.00134055;6.70275;-0.972623;1.06231
5247;0.208996;-0.931632;5.76978;1.06837;5.76978;-0.00134055;6.70275;-0.972812;1.0625
5248;0.208996;-0.931632;5.76978;1.06837;5.76978;-0.00134055;6.70275;-0.973002;1.0627
5249;0.208996;-0.931632;5.76978;1.06837;5.76978;-0.00134055;6.70275;-0.973192;1.06289
5250;0.208996;-0.931632;5.76978;1.06837;5.76978;-0.00134055;6.70275;-0.973381;1.06308
5251;0.208996;-0.931632;5.76978;1.06837;5.76978;-0.00134055;6.70275;-0.973571;1.06328
5252;0.208996;-0.931632;5.76978;1.06837;5.76978;-0.00134055;6.70275;-0.973761;1.06347
5253;0.208996;-0.931632;5.76978;1.06837;5.76978;-0.00134055;6.70275;-0.973951;1.06367
5254;0.208996;-0.931632;5.76978;1.06837;5.76978;-0.00134055;6.70275;-0.97414;1.06386
5255;0.208996;-0.931632;5.76978;1.06837;5.76978;-0.00134055;6.70275;-0.97433;1.06405
5256;0.208996;-0.931632;5.76978;1.06837;5.76978;-0.00134055;6.70275;-0.97452;1.06425
5257;0.208996;-0.931632;5.76978;1.06837;5.76978;-0.00134055;6.70275;-0.974709;1.06444
5258;0.208996;-0.931632;5.76978;1.06837;5.76978;-0.00134055;6.70275;-0.974899;1.06463
5259;0.208996;-0.931632;5.76978;1.06837;5.76978;-0.00134055;6.70275;-0.975089;1.06483
5260;0.208996;-0.931632;5.76978;1.06837;5.76978;-0.00134055;6.70275;-0.975278;1.06502
5261;0.208996;-0.931632;5.76978;1.06837;5.76978;-0.00134055;6.70275;-0.975468;1.06521
5262;0.208996;-0.931632;5.76978;1.06837;5.76978;-0.00134055;6.70275;-0.975658;1.06541
5263;0.208996;-0.931632;5.76978;1.06837;5.76978;-0.00134055;6.70275;-0.975847;1.0656
5264;0.208996;-0.931632;5.76978;1.06837;5.76978;-0.00134055;6.70275;-0.976037;1.06579
5265;0.208996;-0.931632;5.76978;1.06837;5.76978;-0.00134055;6.70275;-0.976227;1.06599
5266;0.208996;-0.931632;5.76978;1.06837;5.76978;-0.00134055;6.70275;-0.976416;1.06618
5267;0.208996;-0.931632;5.76978;1.06837;5.76978;-0.00134055;6.70275;-0.976606;1.06638
5268;0.208996;-0.931632;5.76978;1.06837;5.76978;-0.00134055;6.70275;-0.976796;1.06657
5269;0.208996;-0.931632;5.76978;1.06837;5.76978;-0.00134055;6.70275;-0.976986;1.06676
5270;0.208996;-0.931632;5.76978;1.06837;5.76978;-0.00134055;6.70275;-0.977175;1.06696
5271;0.208996;-0.931632;5.76978;1.06837;5.76978;-0.00134055;6.70275;-0.977365;1.06715
5272;0.208996;-0.931632;5.76978;1.06837;5.76978;-0.00134055;6.70275;-0.977555;1.06734
5273;0.208996;-0.931632;5.76978;1.06837;5.76978;-0.00134055;6.70275;-0.977744;1.06754
5274;0.208996;-0.931632;5.76978;1.06837;5.76978;-0.00134055;6.70275;-0.977934;1.06773
5275;0.208996;-0.931632;5.76978;1.06837;5.76978;-0.00134055;6.70275;-0.978124;1.06792
5276;0.208996;-0.931632;5.76978;1.06837;5.76978;-0.00134055;6.70275;-0.978313;1.06812
5277;0.208996;-0.931632;5.76978;1.06837;5.76978;-0.00134055;6.70275;-0.978503;1.06831
5278;0.208996;-0.931632;5.76978;1.06837;5.76978;-0.00134055;6.70275;-0.978693;1.0685
5279;0.208996;-0.931632;5.76978;1.06837;5.76978;-0.00134055;6.70275;-0.978882;1.0687
5280;0.208996;-0.931632;5.76977;1.06837;5.76977;-0.00134055;6.70275;-0.979072;1.06889
5281;0.208996;-0.931632;5.76977;1.06837;5.76977;-0.00134055;6.70275;-0.979262;1.06909
5282;0.208996;-0.931632;5.76977;1.06837;5.76977;-0.00134055;6.70275;-0.979451;1.06928
5283;0.208996;-0.931632;5.76977;1.06837;5.76977;-0.00134055;6.70275;-0.979641;1.06947
5284;0.208996;-0.931632;5.76977;1.06837;5.76977;-0.00134055;6.70275;-0.979831;1.06967
5285;0.208996;-0.931632;5.76977;1.06837;5.76977;-0.00134055;6.70275;-0.980021;1.06986
5286;0.208996;-0.931632;5.76977;1.06837;5.76977;-0.00134055;6.70275;-0.98021;1.07005
5287;0.208996;-0.931632;5.76977;1.06837;5.76977;-0.00134055;6.70275;-0.9804;1.07025
5288;0.208996;-0.931632;5.76977;1.06837;5.76977;-0.00134055;6.70275;-0.98059;1.07044
5289;0.208996;-0.931632;5.76977;1.06837;5.76977;-0.00134055;6.70275;-0.980779;1.07063
5290;0.208996;-0.931632;5.76977;1.06837;5.76977;-0.00134055;6.70275;-0.980969;1.07083
5291;0.208996;-0.931632;5.76977;1.06837;5.76977;-0.00134055;6.70275;-0.981159;1.07102
5292;0.208996;-0.931632;5.76977;1.06837;5.76977;-0.00134055;6.70275;-0.981348;1.07121
5293;0.208996;-0.931632;5.76977;1.06837;5.76977;-0.00134055;6.70275;-0.981538;1.07141
5294;0.208996;-0.931632;5.76977;1.06837;5.76977;-0.00134055;6.70275;-0.981728;1.0716
5295;0.208996;-0.931632;5.76977;1.06837;5.76977;-0.00134055;6.70275;-0.981917;1.07179
5296;0.208996;-0.931632;5.76977;1.06837;5.76977;-0.00134055;6.70275;-0.982107;1.07199
5297;0.208996;-0.931632;5.76977;1.06837;5.76977;-0.00134055;6.70275;-0.982297;1.07218
5298;0.208996;-0.931632;5.76977;1.06837;5.76977;-0.00134055;6.70275;-0.982486;1.07238
5299;0.208996;-0.931632;5.76977;1.06837;5.76977;-0.00134055;6.70275;-0.982676;1.07257
5300;0.208996;-0.931632;5.76977;1.06837;5.76977;-0.00134055;6.70275;-0.982866;1.07276
5301;0.208996;-0.931632;5.76977;1.06837;5.76977;-0.00134055;6.70275;-0.983056;1.07296
5302;0.208996;-0.931632;5.76977;1.06837;5.76977;-0.00134055;6.70275;-0.983245;1.07315
5303;0.208996;-0.931632;5.76977;1.06837;5.76977;-0.00134055;6.70275;-0.983435;1.07334
5304;0.208996;-0.931632;5.76977;1.06837;5.76977;-0.00134055;6.70275;-0.983625;1.07354
5305;0.208996;-0.931632;5.76977;1.06837;5.76977;-0.00134055;6.70275;-0.983814;1.07373
5306;0.208996;-0.931632;5.76977;1.06837;5.76977;-0.00134055;6.70275;-0.984004;1.07392
5307;0.208996;-0.931632;5.76977;1.06837;5.76977;-0.00134055;6.70275;-0.984194;1.07412
5308;0.208996;-0.931632;5.76977;1.06837;5.76977;-0.00134055;6.70275;-0.984383;1.07431
5309;0.208996;-0.931632;5.76977;1.06837;5.76977;-0.00134055;6.70275;-0.984573;1.0745
5310;0.208996;-0.931632;5.76977;1.06837;5.76977;-0.00134055;6.70275;-0.984763;1.0747
5311;0.208996;-0.931632;5.76977;1.06837;5.76977;-0.00134055;6.70275;-0.984952;1.07489
5312;0.208996;-0.931632;5.76977;1.06837;5.76977;-0.00134055;6.70275;-0.985142;1.07509
5313;0.208996;-0.931632;5.76977;1.06837;5.76977;-0.00134055;6.70275;-0.985332;1.07528
5314;0.208996;-0.931632;5.76977;1.06837;5.76977;-0.00134055;6.70275;-0.985522;1.07547
5315;0.208996;-0.931632;5.76977;1.06837;5.76977;-0.00134055;6.70275;-0.985711;1.07567
5316;0.208996;-0.931632;5.76977;1.06837;5.76977;-0.00134055;6.70275;-0.985901;1.07586
5317;0.208996;-0.931632;5.76977;1.06837;5.76977;-0.00134055;6.70275;-0.986091;1.07605
5318;0.208996;-0.931632;5.76977;1.06837;5.76977;-0.00134055;6.70275;-0.98628;1.07625
5319;0.208996;-0.931632;5.76977;1.06837;5.76977;-0.00134055;6.70275;-0.98647;1.07644
5320;0.208996;-0.931632;5.76977;1.06837;5.76977;-0.00134055;6.70275;-0.98666;1.07663
5321;0.208996;-0.931632;5.76977;1.06837;5.76977;-0.00134055;6.70275;-0.986849;1.07683
5322;0.208996;-0.931632;5.76977;1.06837;5.76977;-0.00134055;6.70275;-0.987039;1.07702
5323;0.208996;-0.931632;5.76977;1.06837;5.76977;-0.00134055;6.70275;-0.987229;1.07721
5324;0.208996;-0.931632;5.76977;1.06837;5.76977;-0.00134055;6.70275;-0.987418;1.07741
5325;0.208996;-0.931632;5.76977;1.06837;5.76977;-0.00134055;6.70275;-0.987608;1.0776
5326;0.208996;-0.931632;5.76977;1.06837;5.76977;-0.00134055;6.70275;-0.987798;1.07779
5327;0.208996;-0.931632;5.76977;1.06837;5.76977;-0.00134055;6.70275;-0.987987;1.07799
5328;0.208996;-0.931632;5.76977;1.06837;5.76977;-0.00134055;6.70275;-0.988177;1.07818
5329;0.208996;-0.931632;5.76977;1.06837;5.76977;-0.00134055;6.70275;-0.988367;1.07838
5330;0.208996;-0.931632;5.76977;1.06837;5.76977;-0.00134055;6.70275;-0.988557;1.07857
5331;0.208996;-0.931632;5.76977;1.06837;5.76977;-0.00134055;6.70275;-0.988746;1.07876
5332;0.208996;-0.931632;5.76977;1.06837;5.76977;-0.00134055;6.70275;-0.988936;1.07896
5333;0.208996;-0.931632;5.76977;1.06837;5.76977;-0.00134055;6.70275;-0.989126;1.07915
5334;0.208996;-0.931632;5.76977;1.06837;5.76977;-0.00134055;6.70275;-0.989315;1.07934
5335;0.208996;-0.931632;5.76977;1.06837;5.76977;-0.00134055;6.70275;-0.989505;1.07954
5336;0.208996;-0.931632;5.76977;1.06837;5.76977;-0.00134055;6.70275;-0.989695;1.07973
5337;0.208996;-0.931632;5.76977;1.06837;5.76977;-0.00134055;6.70275;-0.989884;1.07992
5338;0.208996;-0.931632;5.76977;1.06837;5.76977;-0.00134055;6.70275;-0.990074;1.08012
5339;0.208996;-0.931632;5.76977;1.06837;5.76977;-0.00134055;6.70275;-0.990264;1.08031
5340;0.208996;-0.931632;5.76977;1.06837;5.76977;-0.00134055;6.70275;-0.990453;1.0805
5341;0.208996;-0.931632;5.76977;1.06837;5.76977;-0.00134055;6.70275;-0.990643;1.0807
5342;0.208996;-0.931632;5.76977;1.06837;5.76977;-0.00134055;6.70274;-0.990833;1.08089
5343;0.208996;-0.931632;5.76977;1.06837;5.76977;-0.00134055;6.70274;-0.991022;1.08109
5344;0.208996;-0.931632;5.76977;1.06837;5.76977;-0.00134055;6.70274;-0.991212;1.08128
5345;0.208996;-0.931632;5.76977;1.06837;5.76977;-0.00134055;6.70274;-0.991402;1.08147
5346;0.208996;-0.931632;5.76977;1.06837;5.76977;-0.00134055;6.70274;-0.991592;1.08167
5347;0.208996;-0.931632;5.76977;1.06837;5.76977;-0.00134055;6.70274;-0.991781;1.08186
5348;0.208996;-0.931632;5.76977;1.06837;5.76977;-0.00134055;6.70274;-0.991971;1.08205
5349;0.208996;-0.931632;5.76977;1.06837;5.76977;-0.00134055;6.70274;-0.992161;1.08225
5350;0.208996;-0.931632;5.76977;1.06837;5.76977;-0.00134055;6.70274;-0.99235;1.08244
5351;0.208996;-0.931632;5.76977;1.06837;5.76977;-0.00134055;6.70274;-0.99254;1.08263
5352;0.208996;-0.931632;5.76977;1.06837;5.76977;-0.00134055;6.70274;-0.99273;1.08283
5353;0.208996;-0.931632;5.76977;1.06837;5.76977;-0.00134055;6.70274;-0.992919;1.08302
5354;0.208996;-0.931632;5.76977;1.06837;5.76977;-0.00134055;6.70274;-0.993109;1.08321
5355;0.208996;-0.931632;5.76977;1.06837;5.76977;-0.00134055;6.70274;-0.993299;1.08341
5356;0.208996;-0.931632;5.76977;1.06837;5.76977;-0.00134055;6.70274;-0.993488;1.0836
5357;0.208996;-0.931632;5.76977;1.06837;5.76977;-0.00134055;6.70274;-0.993678;1.0838
5358;0.208996;-0.931632;5.76977;1.06837;5.76977;-0.00134055;6.70274;-0.993868;1.08399
5359;0.208996;-0.931632;5.76977;1.06837;5.76977;-0.00134055;6.70274;-0.994057;1.08418
5360;0.208996;-0.931632;5.76977;1.06837;5.76977;-0.00134055;6.70274;-0.994247;1.08438
5361;0.208996;-0.931632;5.76977;1.06837;5.76977;-0.00134055;6.70274;-0.994437;1.08457
5362;0.208996;-0.931632;5.76977;1.06837;5.76977;-0.00134055;6.70274;-0.994627;1.08476
5363;0.208996;-0.931632;5.76977;1.06837;5.76977;-0.00134055;6.70274;-0.994816;1.08496
5364;0.208996;-0.931632;5.76977;1.06837;5.76977;-0.00134055;6.70274;-0.995006;1.08515
5365;0.208996;-0.931632;5.76977;1.06837;5.76977;-0.00134055;6.70274;-0.995196;1.08534
5366;0.208996;-0.931632;5.76977;1.06837;5.76977;-0.00134055;6.70274;-0.995385;1.08554
5367;0.208996;-0.931632;5.76977;1.06837;5.76977;-0.00134055;6.70274;-0.995575;1.08573
5368;0.208996;-0.931632;5.76977;1.06837;5.76977;-0.00134055;6.70274;-0.995765;1.08592
5369;0.208996;-0.931632;5.76977;1.06837;5.76977;-0.00134055;6.70274;-0.995954;1.08612
5370;0.208996;-0.931632;5.76977;1.06837;5.76977;-0.00134055;6.70274;-0.996144;1.08631
5371;0.208996;-0.931632;5.76977;1.06837;5.76977;-0.00134055;6.70274;-0.996334;1.0865
5372;0.208996;-0.931632;5.76977;1.06837;5.76977;-0.00134055;6.70274;-0.996523;1.0867
5373;0.208996;-0.931632;5.76977;1.06837;5.76977;-0.00134055;6.70274;-0.996713;1.08689
5374;0.208996;-0.931632;5.76977;1.06837;5.76977;-0.00134055;6.70274;-0.996903;1.08709
5375;0.208996;-0.931632;5.76977;1.06837;5.76977;-0.00134055;6.70274;-0.997092;1.08728
5376;0.208996;-0.931632;5.76977;1.06837;5.76977;-0.00134055;6.70274;-0.997282;1.08747
5377;0.208996;-0.931632;5.76977;1.06837;5.76977;-0.00134055;6.70274;-0.997472;1.08767
5378;0.208996;-0.931632;5.76977;1.06837;5.76977;-0.00134055;6.70274;-0.997662;1.08786
5379;0.208996;-0.931632;5.76977;1.06837;5.76977;-0.00134055;6.70274;-0.997851;1.08805
5380;0.208996;-0.931632;5.76977;1.06837;5.76977;-0.00134055;6.70274;-0.998041;1.08825
5381;0.208996;-0.931632;5.76977;1.06837;5.76977;-0.00134055;6.70274;-0.998231;1.08844
5382;0.208996;-0.931632;5.76977;1.06837;5.76977;-0.00134055;6.70274;-0.99842;1.08863
5383;0.208996;-0.931632;5.76977;1.06837;5.76977;-0.00134055;6.70274;-0.99861;1.08883
5384;0.208996;-0.931632;5.76977;1.06837;5.76977;-0.00134055;6.70274;-0.9988;1.08902
5385;0.208996;-0.931632;5.76977;1.06837;5.76977;-0.00134055;6.70274;-0.998989;1.08921
5386;0.208996;-0.931632;5.76977;1.06837;5.76977;-0.00134055;6.70274;-0.999179;1.08941
5387;0.208996;-0.931632;5.76977;1.06837;5.76977;-0.00134055;6.70274;-0.999369;1.0896
5388;0.208996;-0.931632;5.76977;1.06837;5.76977;-0.00134055;6.70274;-0.999558;1.0898
5389;0.208996;-0.931632;5.76977;1.06837;5.76977;-0.00134055;6.70274;-0.999748;1.08999
5390;0.208996;-0.931632;5.76977;1.06837;5.76977;-0.00134055;6.70274;-0.999938;1.09018
5391;0.208996;-0.931632;5.76977;1.06837;5.76977;-0.00134055;6.70274;-1.00013;1.09038
5392;0.208996;-0.931632;5.76977;1.06837;5.76977;-0.00134055;6.70274;-1.00032;1.09057
5393;0.208996;-0.931632;5.76977;1.06837;5.76977;-0.00134055;6.70274;-1.00051;1.09076
5394;0.208996;-0.931632;5.76977;1.06837;5.76977;-0.00134055;6.70274;-1.0007;1.09096
5395;0.208996;-0.931632;5.76977;1.06837;5.76977;-0.00134055;6.70274;-1.00089;1.09115
5396;0.208996;-0.931632;5.76977;1.06837;5.76977;-0.00134055;6.70274;-1.00108;1.09134
5397;0.208996;-0.931632;5.76977;1.06837;5.76977;-0.00134055;6.70274;-1.00127;1.09154
5398;0.208996;-0.931632;5.76977;1.06837;5.76977;-0.00134055;6.70274;-1.00146;1.09173
5399;0.208996;-0.931632;5.76977;1.06837;5.76977;-0.00134055;6.70274;-1.00164;1.09192
5400;0.208996;-0.931632;5.76977;1.06837;5.76977;-0.00134055;6.70274;-1.00183;1.09212
5401;0.208996;-0.931632;5.76977;1.06837;5.76977;-0.00134055;6.70274;-1.00202;1.09231
5402;0.208996;-0.931632;5.76977;1.06837;5.76977;-0.00134055;6.70274;-1.00221;1.09251
5403;0.208996;-0.931632;5.76977;1.06837;5.76977;-0.00134055;6.70274;-1.0024;1.0927
5404;0.208996;-0.931632;5.76977;1.06837;5.76977;-0.00134055;6.70274;-1.00259;1.09289
5405;0.208996;-0.931632;5.76977;1.06837;5.76977;-0.00134055;6.70274;-1.00278;1.09309
5406;0.208996;-0.931632;5.76977;1.06837;5.76977;-0.00134055;6.70274;-1.00297;1.09328
5407;0.208996;-0.931632;5.76977;1.06837;5.76977;-0.00134055;6.70274;-1.00316;1.09347
5408;0.208996;-0.931632;5.76977;1.06837;5.76977;-0.00134055;6.70274;-1.00335;1.09367
5409;0.208996;-0.931632;5.76977;1.06837;5.76977;-0.00134055;6.70274;-1.00354;1.09386
5410;0.208996;-0.931632;5.76977;1.06837;5.76977;-0.00134055;6.70274;-1.00373;1.09405
5411;0.208996;-0.931632;5.76977;1.06837;5.76977;-0.00134055;6.70274;-1.00392;1.09425
5412;0.208996;-0.931632;5.76977;1.06837;5.76977;-0.00134055;6.70274;-1.00411;1.09444
5413;0.208996;-0.931632;5.76977;1.06837;5.76977;-0.00134055;6.70274;-1.0043;1.09463
5414;0.208996;-0.931632;5.76977;1.06837;5.76977;-0.00134055;6.70274;-1.00449;1.09483
5415;0.208996;-0.931632;5.76977;1.06837;5.76977;-0.00134055;6.70274;-1.00468;1.09502
5416;0.208996;-0.931632;5.76977;1.06837;5.76977;-0.00134055;6.70274;-1.00487;1.09521
5417;0.208996;-0.931632;5.76977;1.06837;5.76977;-0.00134055;6.70274;-1.00506;1.09541
5418;0.208996;-0.931632;5.76977;1.06837;5.76977;-0.00134055;6.70274;-1.00525;1.0956
5419;0.208996;-0.931632;5.76977;1.06837;5.76977;-0.00134055;6.70274;-1.00544;1.0958
5420;0.208996;-0.931632;5.76977;1.06837;5.76977;-0.00134055;6.70274;-1.00563;1.09599
5421;0.208996;-0.931632;5.76977;1.06837;5.76977;-0.00134055;6.70274;-1.00582;1.09618
5422;0.208996;-0.931632;5.76977;1.06837;5.76977;-0.00134055;6.70274;-1.00601;1.09638
5423;0.208996;-0.931632;5.76977;1.06837;5.76977;-0.00134055;6.70274;-1.0062;1.09657
5424;0.208996;-0.931632;5.76977;1.06837;5.76977;-0.00134055;6.70274;-1.00639;1.09676
5425;0.208996;-0.931632;5.76977;1.06837;5.76977;-0.00134055;6.70274;-1.00658;1.09696
5426;0.208996;-0.931632;5.76977;1.06837;5.76977;-0.00134055;6.70274;-1.00677;1.09715
5427;0.208996;-0.931632;5.76977;1.06837;5.76977;-0.00134055;6.70274;-1.00696;1.09734
5428;0.208996;-0.931632;5.76977;1.06837;5.76977;-0.00134055;6.70274;-1.00715;1.09754
5429;0.208996;-0.931632;5.76977;1.06837;5.76977;-0.00134055;6.70274;-1.00734;1.09773
5430;0.208996;-0.931632;5.76977;1.06837;5.76977;-0.00134055;6.70274;-1.00753;1.09792
5431;0.208996;-0.931632;5.76977;1.06837;5.76977;-0.00134055;6.70274;-1.00771;1.09812
5432;0.208996;-0.931632;5.76977;1.06837;5.76977;-0.00134055;6.70274;-1.0079;1.09831
5433;0.208996;-0.931632;5.76977;1.06837;5.76977;-0.00134055;6.70274;-1.00809;1.09851
5434;0.208996;-0.931632;5.76977;1.06837;5.76977;-0.00134055;6.70274;-1.00828;1.0987
5435;0.208996;-0.931632;5.76977;1.06837;5.76977;-0.00134055;6.70274;-1.00847;1.09889
5436;0.208996;-0.931632;5.76977;1.06837;5.76977;-0.00134055;6.70274;-1.00866;1.09909
5437;0.208996;-0.931632;5.76977;1.06837;5.76977;-0.00134055;6.70274;-1.00885;1.09928
5438;0.208996;-0.931632;5.76977;1.06837;5.76977;-0.00134055;6.70274;-1.00904;1.09947
5439;0.208996;-0.931632;5.76977;1.06837;5.76977;-0.00134055;6.70274;-1.00923;1.09967
5440;0.208996;-0.931632;5.76977;1.06837;5.76977;-0.00134055;6.70274;-1.00942;1.09986
5441;0.208996;-0.931632;5.76977;1.06837;5.76977;-0.00134055;6.70274;-1.00961;1.10005
5442;0.208996;-0.931632;5.76977;1.06837;5.76977;-0.00134055;6.70274;-1.0098;1.10025
5443;0.208996;-0.931632;5.76977;1.06837;5.76977;-0.00134055;6.70274;-1.00999;1.10044
5444;0.208996;-0.931632;5.76977;1.06837;5.76977;-0.00134055;6.70274;-1.01018;1.10063
5445;0.208996;-0.931632;5.76977;1.06837;5.76977;-0.00134055;6.70274;-1.01037;1.10083
5446;0.208996;-0.931632;5.76977;1.06837;5.76977;-0.00134055;6.70274;-1.01056;1.10102
5447;0.208996;-0.931632;5.76977;1.06837;5.76977;-0.00134055;6.70274;-1.01075;1.10122
5448;0.208996;-0.931632;5.76977;1.06837;5.76977;-0.00134055;6.70274;-1.01094;1.10141
5449;0.208996;-0.931632;5.76977;1.06837;5.76977;-0.00134055;6.70274;-1.01113;1.1016
5450;0.208996;-0.931632;5.76977;1.06837;5.76977;-0.00134055;6.70274;-1.01132;1.1018
5451;0.208996;-0.931632;5.76977;1.06837;5.76977;-0.00134055;6.70274;-1.01151;1.10199
5452;0.208996;-0.931632;5.76977;1.06837;5.76977;-0.00134055;6.70274;-1.0117;1.10218
5453;0.208996;-0.931632;5.76977;1.06837;5.76977;-0.00134055;6.70274;-1.01189;1.10238
5454;0.208996;-0.931632;5.76977;1.06837;5.76977;-0.00134055;6.70274;-1.01208;1.10257
5455;0.208996;-0.931632;5.76977;1.06837;5.76977;-0.00134055;6.70274;-1.01227;1.10276
5456;0.208996;-0.931632;5.76977;1.06837;5.76977;-0.00134055;6.70274;-1.01246;1.10296
5457;0.208996;-0.931632;5.76977;1.06837;5.76977;-0.00134055;6.70274;-1.01265;1.10315
5458;0.208996;-0.931632;5.76977;1.06837;5.76977;-0.00134055;6.70274;-1.01284;1.10334
5459;0.208996;-0.931632;5.76977;1.06837;5.76977;-0.00134055;6.70274;-1.01303;1.10354
5460;0.208996;-0.931632;5.76977;1.06837;5.76977;-0.00134055;6.70274;-1.01322;1.10373
5461;0.208996;-0.931632;5.76977;1.06837;5.76977;-0.00134055;6.70274;-1.01341;1.10392
5462;0.208996;-0.931632;5.76977;1.06837;5.76977;-0.00134055;6.70274;-1.0136;1.10412
5463;0.208996;-0.931632;5.76977;1.06837;5.76977;-0.00134055;6.70274;-1.01378;1.10431
5464;0.208996;-0.931632;5.76977;1.06837;5.76977;-0.00134055;6.70274;-1.01397;1.10451
5465;0.208996;-0.931632;5.76977;1.06837;5.76977;-0.00134055;6.70274;-1.01416;1.1047
5466;0.208996;-0.931632;5.76977;1.06837;5.76977;-0.00134055;6.70274;-1.01435;1.10489
5467;0.208996;-0.931632;5.76977;1.06837;5.76977;-0.00134055;6.70274;-1.01454;1.10509
5468;0.208996;-0.931632;5.76977;1.06837;5.76977;-0.00134055;6.70274;-1.01473;1.10528
5469;0.208996;-0.931632;5.76977;1.06837;5.76977;-0.00134055;6.70274;-1.01492;1.10547
5470;0.208996;-0.931632;5.76977;1.06837;5.76977;-0.00134055;6.70274;-1.01511;1.10567
5471;0.208996;-0.931632;5.76977;1.06837;5.76977;-0.00134055;6.70274;-1.0153;1.10586
5472;0.208996;-0.931632;5.76977;1.06837;5.76977;-0.00134055;6.70274;-1.01549;1.10605
5473;0.208996;-0.931632;5.76977;1.06837;5.76977;-0.00134055;6.70274;-1.01568;1.10625
5474;0.208996;-0.931632;5.76977;1.06837;5.76977;-0.00134055;6.70274;-1.01587;1.10644
5475;0.208996;-0.931632;5.76977;1.06837;5.76977;-0.00134055;6.70274;-1.01606;1.10663
5476;0.208996;-0.931632;5.76977;1.06837;5.76977;-0.00134055;6.70274;-1.01625;1.10683
5477;0.208996;-0.931632;5.76977;1.06837;5.76977;-0.00134055;6.70274;-1.01644;1.10702
5478;0.208996;-0.931632;5.76977;1.06837;5.76977;-0.00134055;6.70274;-1.01663;1.10722
5479;0.208996;-0.931632;5.76977;1.06837;5.76977;-0.00134055;6.70274;-1.01682;1.10741
5480;0.208996;-0.931632;5.76977;1.06837;5.76977;-0.00134055;6.70274;-1.01701;1.1076
5481;0.208996;-0.931632;5.76977;1.06837;5.76977;-0.00134055;6.70274;-1.0172;1.1078
5482;0.208996;-0.931632;5.76977;1.06837;5.76977;-0.00134055;6.70274;-1.01739;1.10799
5483;0.208996;-0.931632;5.76977;1.06837;5.76977;-0.00134055;6.70274;-1.01758;1.10818
5484;0.208996;-0.931632;5.76977;1.06837;5.76977;-0.00134055;6.70274;-1.01777;1.10838
5485;0.208996;-0.931632;5.76977;1.06837;5.76977;-0.00134055;6.70274;-1.01796;1.10857
5486;0.208996;-0.931632;5.76977;1.06837;5.76977;-0.00134055;6.70274;-1.01815;1.10876
5487;0.208996;-0.931632;5.76977;1.06837;5.76977;-0.00134055;6.70274;-1.01834;1.10896
5488;0.208996;-0.931632;5.76977;1.06837;5.76977;-0.00134055;6.70274;-1.01853;1.10915
5489;0.208996;-0.931632;5.76977;1.06837;5.76977;-0.00134055;6.70274;-1.01872;1.10934
5490;0.208996;-0.931632;5.76977;1.06837;5.76977;-0.00134055;6.70274;-1.01891;1.10954
5491;0.208996;-0.931632;5.76977;1.06837;5.76977;-0.00134055;6.70274;-1.0191;1.10973
5492;0.208996;-0.931632;5.76977;1.06837;5.76977;-0.00134055;6.70274;-1.01929;1.10992
5493;0.208996;-0.931632;5.76977;1.06837;5.76977;-0.00134055;6.70274;-1.01948;1.11012
5494;0.208996;-0.931632;5.76977;1.06837;5.76977;-0.00134055;6.70274;-1.01967;1.11031
5495;0.208996;-0.931632;5.76977;1.06837;5.76977;-0.00134055;6.70274;-1.01985;1.11051
5496;0.208996;-0.931632;5.76977;1.06837;5.76977;-0.00134055;6.70274;-1.02004;1.1107
5497;0.208996;-0.931632;5.76977;1.06837;5.76977;-0.00134055;6.70274;-1.02023;1.11089
5498;0.208996;-0.931632;5.76977;1.06837;5.76977;-0.00134055;6.70274;-1.02042;1.11109
5499;0.208996;-0.931632;5.76977;1.06837;5.76977;-0.00134055;6.70274;-1.02061;1.11128
5500;0.208996;-0.931632;5.76977;1.06837;5.76977;-0.00134055;6.70274;-1.0208;1.11147
5501;0.208996;-0.931632;5.76977;1.06837;5.76977;-0.00134055;6.70274;-1.02099;1.11167
5502;0.208996;-0.931632;5.76977;1.06837;5.76977;-0.00134055;6.70274;-1.02118;1.11186
5503;0.208996;-0.931632;5.76977;1.06837;5.76977;-0.00134055;6.70274;-1.02137;1.11205
5504;0.208996;-0.931632;5.76977;1.06837;5.76977;-0.00134055;6.70274;-1.02156;1.11225
5505;0.208996;-0.931632;5.76977;1.06837;5.76977;-0.00134055;6.70274;-1.02175;1.11244
5506;0.208996;-0.931632;5.76977;1.06837;5.76977;-0.00134055;6.70274;-1.02194;1.11263
5507;0.208996;-0.931632;5.76977;1.06837;5.76977;-0.00134055;6.70274;-1.02213;1.11283
5508;0.208996;-0.931632;5.76977;1.06837;5.76977;-0.00134055;6.70274;-1.02232;1.11302
5509;0.208996;-0.931632;5.76977;1.06837;5.76977;-0.00134055;6.70274;-1.02251;1.11322
5510;0.208996;-0.931632;5.76977;1.06837;5.76977;-0.00134055;6.70274;-1.0227;1.11341
5511;0.208996;-0.931632;5.76977;1.06837;5.76977;-0.00134055;6.70274;-1.02289;1.1136
5512;0.208996;-0.931632;5.76977;1.06837;5.76977;-0.00134055;6.70274;-1.02308;1.1138
5513;0.208996;-0.931632;5.76977;1.06837;5.76977;-0.00134055;6.70274;-1.02327;1.11399
5514;0.208996;-0.931632;5.76977;1.06837;5.76977;-0.00134055;6.70274;-1.02346;1.11418
5515;0.208996;-0.931632;5.76977;1.06837;5.76977;-0.00134055;6.70274;-1.02365;1.11438
5516;0.208996;-0.931632;5.76977;1.06837;5.76977;-0.00134055;6.70274;-1.02384;1.11457
5517;0.208996;-0.931632;5.76977;1.06837;5.76977;-0.00134055;6.70274;-1.02403;1.11476
5518;0.208996;-0.931632;5.76977;1.06837;5.76977;-0.00134055;6.70274;-1.02422;1.11496
5519;0.208996;-0.931632;5.76977;1.06837;5.76977;-0.00134055;6.70274;-1.02441;1.11515
5520;0.208996;-0.931632;5.76977;1.06837;5.76977;-0.00134055;6.70274;-1.0246;1.11534
5521;0.208996;-0.931632;5.76977;1.06837;5.76977;-0.00134055;6.70274;-1.02479;1.11554
5522;0.208996;-0.931632;5.76977;1.06837;5.76977;-0.00134055;6.70274;-1.02498;1.11573
5523;0.208996;-0.931632;5.76977;1.06837;5.76977;-0.00134055;6.70274;-1.02517;1.11593
5524;0.208996;-0.931632;5.76976;1.06837;5.76976;-0.00134055;6.70274;-1.02536;1.11612
5525;0.208996;-0.931632;5.76976;1.06837;5.76976;-0.00134055;6.70274;-1.02555;1.11631
5526;0.208996;-0.931632;5.76976;1.06837;5.76976;-0.00134055;6.70274;-1.02574;1.11651
5527;0.208996;-0.931632;5.76976;1.06837;5.76976;-0.00134055;6.70274;-1.02592;1.1167
5528;0.208996;-0.931632;5.76976;1.06837;5.76976;-0.00134055;6.70274;-1.02611;1.11689
5529;0.208996;-0.931632;5.76976;1.06837;5.76976;-0.00134055;6.70274;-1.0263;1.11709
5530;0.208996;-0.931632;5.76976;1.06837;5.76976;-0.00134055;6.70274;-1.02649;1.11728
5531;0.208996;-0.931632;5.76976;1.06837;5.76976;-0.00134055;6.70274;-1.02668;1.11747
5532;0.208996;-0.931632;5.76976;1.06837;5.76976;-0.00134055;6.70274;-1.02687;1.11767
5533;0.208996;-0.931632;5.76976;1.06837;5.76976;-0.00134055;6.70274;-1.02706;1.11786
5534;0.208996;-0.931632;5.76976;1.06837;5.76976;-0.00134055;6.70274;-1.02725;1.11805
5535;0.208996;-0.931632;5.76976;1.06837;5.76976;-0.00134055;6.70274;-1.02744;1.11825
5536;0.208996;-0.931632;5.76976;1.06837;5.76976;-0.00134055;6.70274;-1.02763;1.11844
5537;0.208996;-0.931632;5.76976;1.06837;5.76976;-0.00134055;6.70274;-1.02782;1.11863
5538;0.208996;-0.931632;5.76976;1.06837;5.76976;-0.00134055;6.70274;-1.02801;1.11883
5539;0.208996;-0.931632;5.76976;1.06837;5.76976;-0.00134055;6.70274;-1.0282;1.11902
5540;0.208996;-0.931632;5.76976;1.06837;5.76976;-0.00134055;6.70274;-1.02839;1.11922
5541;0.208996;-0.931632;5.76976;1.06837;5.76976;-0.00134055;6.70274;-1.02858;1.11941
5542;0.208996;-0.931632;5.76976;1.06837;5.76976;-0.00134055;6.70274;-1.02877;1.1196
5543;0.208996;-0.931632;5.76976;1.06837;5.76976;-0.00134055;6.70274;-1.02896;1.1198
5544;0.208996;-0.931632;5.76976;1.06837;5.76976;-0.00134055;6.70274;-1.02915;1.11999
5545;0.208996;-0.931632;5.76976;1.06837;5.76976;-0.00134055;6.70274;-1.02934;1.12018
5546;0.208996;-0.931632;5.76976;1.06837;5.76976;-0.00134055;6.70274;-1.02953;1.12038
5547;0.208996;-0.931632;5.76976;1.06837;5.76976;-0.00134055;6.70274;-1.02972;1.12057
5548;0.208996;-0.931632;5.76976;1.06837;5.76976;-0.00134055;6.70274;-1.02991;1.12076
5549;0.208996;-0.931632;5.76976;1.06837;5.76976;-0.00134055;6.70274;-1.0301;1.12096
5550;0.208996;-0.931632;5.76976;1.06837;5.76976;-0.00134055;6.70274;-1.03029;1.12115
5551;0.208996;-0.931632;5.76976;1.06837;5.76976;-0.00134055;6.70274;-1.03048;1.12134
5552;0.208996;-0.931632;5.76976;1.06837;5.76976;-0.00134055;6.70274;-1.03067;1.12154
5553;0.208996;-0.931632;5.76976;1.06837;5.76976;-0.00134055;6.70274;-1.03086;1.12173
5554;0.208996;-0.931632;5.76976;1.06837;5.76976;-0.00134055;6.70274;-1.03105;1.12193
5555;0.208996;-0.931632;5.76976;1.06837;5.76976;-0.00134055;6.70274;-1.03124;1.12212
5556;0.208996;-0.931632;5.76976;1.06837;5.76976;-0.00134055;6.70274;-1.03143;1.12231
5557;0.208996;-0.931632;5.76976;1.06837;5.76976;-0.00134055;6.70274;-1.03162;1.12251
5558;0.208996;-0.931632;5.76976;1.06837;5.76976;-0.00134055;6.70274;-1.03181;1.1227
5559;0.208996;-0.931632;5.76976;1.06837;5.76976;-0.00134055;6.70274;-1.03199;1.12289
5560;0.208996;-0.931632;5.76976;1.06837;5.76976;-0.00134055;6.70274;-1.03218;1.12309
5561;0.208996;-0.931632;5.76976;1.06837;5.76976;-0.00134055;6.70274;-1.03237;1.12328
5562;0.208996;-0.931632;5.76976;1.06837;5.76976;-0.00134055;6.70274;-1.03256;1.12347
5563;0.208996;-0.931632;5.76976;1.06837;5.76976;-0.00134055;6.70274;-1.03275;1.12367
5564;0.208996;-0.931632;5.76976;1.06837;5.76976;-0.00134055;6.70274;-1.03294;1.12386
5565;0.208996;-0.931632;5.76976;1.06837;5.76976;-0.00134055;6.70274;-1.03313;1.12405
5566;0.208996;-0.931632;5.76976;1.06837;5.76976;-0.00134055;6.70274;-1.03332;1.12425
5567;0.208996;-0.931632;5.76976;1.06837;5.76976;-0.00134055;6.70274;-1.03351;1.12444
5568;0.208996;-0.931632;5.76976;1.06837;5.76976;-0.00134055;6.70274;-1.0337;1.12464
5569;0.208996;-0.931632;5.76976;1.06837;5.76976;-0.00134055;6.70274;-1.03389;1.12483
5570;0.208996;-0.931632;5.76976;1.06837;5.76976;-0.00134055;6.70274;-1.03408;1.12502
5571;0.208996;-0.931632;5.76976;1.06837;5.76976;-0.00134055;6.70274;-1.03427;1.12522
5572;0.208996;-0.931632;5.76976;1.06837;5.76976;-0.00134055;6.70274;-1.03446;1.12541
5573;0.208996;-0.931632;5.76976;1.06837;5.76976;-0.00134055;6.70274;-1.03465;1.1256
5574;0.208996;-0.931632;5.76976;1.06837;5.76976;-0.00134055;6.70274;-1.03484;1.1258
5575;0.208996;-0.931632;5.76976;1.06837;5.76976;-0.00134055;6.70274;-1.03503;1.12599
5576;0.208996;-0.931632;5.76976;1.06837;5.76976;-0.00134055;6.70274;-1.03522;1.12618
5577;0.208996;-0.931632;5.76976;1.06837;5.76976;-0.00134055;6.70274;-1.03541;1.12638
5578;0.208996;-0.931632;5.76976;1.06837;5.76976;-0.00134055;6.70274;-1.0356;1.12657
5579;0.208996;-0.931632;5.76976;1.06837;5.76976;-0.00134055;6.70274;-1.03579;1.12676
5580;0.208996;-0.931632;5.76976;1.06837;5.76976;-0.00134055;6.70274;-1.03598;1.12696
5581;0.208996;-0.931632;5.76976;1.06837;5.76976;-0.00134055;6.70274;-1.03617;1.12715
5582;0.208996;-0.931632;5.76976;1.06837;5.76976;-0.00134055;6.70274;-1.03636;1.12734
5583;0.208996;-0.931632;5.76976;1.06837;5.76976;-0.00134055;6.70274;-1.03655;1.12754
5584;0.208996;-0.931632;5.76976;1.06837;5.76976;-0.00134055;6.70274;-1.03674;1.12773
5585;0.208996;-0.931632;5.76976;1.06837;5.76976;-0.00134055;6.70274;-1.03693;1.12793
5586;0.208996;-0.931632;5.76976;1.06837;5.76976;-0.00134055;6.70274;-1.03712;1.12812
5587;0.208996;-0.931632;5.76976;1.06837;5.76976;-0.00134055;6.70274;-1.03731;1.12831
5588;0.208996;-0.931632;5.76976;1.06837;5.76976;-0.00134055;6.70274;-1.0375;1.12851
5589;0.208996;-0.931632;5.76976;1.06837;5.76976;-0.00134055;6.70273;-1.03769;1.1287
5590;0.208996;-0.931632;5.76976;1.06837;5.76976;-0.00134055;6.70273;-1.03788;1.12889
5591;0.208996;-0.931632;5.76976;1.06837;5.76976;-0.00134055;6.70273;-1.03806;1.12909
5592;0.208996;-0.931632;5.76976;1.06837;5.76976;-0.00134055;6.70273;-1.03825;1.12928
5593;0.208996;-0.931632;5.76976;1.06837;5.76976;-0.00134055;6.70273;-1.03844;1.12947
5594;0.208996;-0.931632;5.76976;1.06837;5.76976;-0.00134055;6.70273;-1.03863;1.12967
5595;0.208996;-0.931632;5.76976;1.06837;5.76976;-0.00134055;6.70273;-1.03882;1.12986
5596;0.208996;-0.931632;5.76976;1.06837;5.76976;-0.00134055;6.70273;-1.03901;1.13005
5597;0.208996;-0.931632;5.76976;1.06837;5.76976;-0.00134055;6.70273;-1.0392;1.13025
5598;0.208996;-0.931632;5.76976;1.06837;5.76976;-0.00134055;6.70273;-1.03939;1.13044
5599;0.208996;-0.931632;5.76976;1.06837;5.76976;-0.00134055;6.70273;-1.03958;1.13064
5600;0.208996;-0.931632;5.76976;1.06837;5.76976;-0.00134055;6.70273;-1.03977;1.13083
5601;0.208996;-0.931632;5.76976;1.06837;5.76976;-0.00134055;6.70273;-1.03996;1.13102
5602;0.208996;-0.931632;5.76976;1.06837;5.76976;-0.00134055;6.70273;-1.04015;1.13122
5603;0.208996;-0.931632;5.76976;1.06837;5.76976;-0.00134055;6.70273;-1.04034;1.13141
5604;0.208996;-0.931632;5.76976;1.06837;5.76976;-0.00134055;6.70273;-1.04053;1.1316
5605;0.208996;-0.931632;5.76976;1.06837;5.76976;-0.00134055;6.70273;-1.04072;1.1318
5606;0.208996;-0.931632;5.76976;1.06837;5.76976;-0.00134055;6.70273;-1.04091;1.13199
5607;0.208996;-0.931632;5.76976;1.06837;5.76976;-0.00134055;6.70273;-1.0411;1.13218
5608;0.208996;-0.931632;5.76976;1.06837;5.76976;-0.00134055;6.70273;-1.04129;1.13238
5609;0.208996;-0.931632;5.76976;1.06837;5.76976;-0.00134055;6.70273;-1.04148;1.13257
5610;0.208996;-0.931632;5.76976;1.06837;5.76976;-0.00134055;6.70273;-1.04167;1.13276
5611;0.208996;-0.931632;5.76976;1.06837;5.76976;-0.00134055;6.70273;-1.04186;1.13296
5612;0.208996;-0.931632;5.76976;1.06837;5.76976;-0.00134055;6.70273;-1.04205;1.13315
5613;0.208996;-0.931632;5.76976;1.06837;5.76976;-0.00134055;6.70273;-1.04224;1.13334
5614;0.208996;-0.931632;5.76976;1.06837;5.76976;-0.00134055;6.70273;-1.04243;1.13354
5615;0.208996;-0.931632;5.76976;1.06837;5.76976;-0.00134055;6.70273;-1.04262;1.13373
5616;0.208996;-0.931632;5.76976;1.06837;5.76976;-0.00134055;6.70273;-1.04281;1.13393
5617;0.208996;-0.931632;5.76976;1.06837;5.76976;-0.00134055;6.70273;-1.043;1.13412
5618;0.208996;-0.931632;5.76976;1.06837;5.76976;-0.00134055;6.70273;-1.04319;1.13431
5619;0.208996;-0.931632;5.76976;1.06837;5.76976;-0.00134055;6.70273;-1.04338;1.13451
5620;0.208996;-0.931632;5.76976;1.06837;5.76976;-0.00134055;6.70273;-1.04357;1.1347
5621;0.208996;-0.931632;5.76976;1.06837;5.76976;-0.00134055;6.70273;-1.04376;1.13489
5622;0.208996;-0.931632;5.76976;1.06837;5.76976;-0.00134055;6.70273;-1.04395;1.13509
5623;0.208996;-0.931632;5.76976;1.06837;5.76976;-0.00134055;6.70273;-1.04413;1.13528
5624;0.208996;-0.931632;5.76976;1.06837;5.76976;-0.00134055;6.70273;-1.04432;1.13547
5625;0.208996;-0.931632;5.76976;1.06837;5.76976;-0.00134055;6.70273;-1.04451;1.13567
5626;0.208996;-0.931632;5.76976;1.06837;5.76976;-0.00134055;6.70273;-1.0447;1.13586
5627;0.208996;-0.931632;5.76976;1.06837;5.76976;-0.00134055;6.70273;-1.04489;1.13605
5628;0.208996;-0.931632;5.76976;1.06837;5.76976;-0.00134055;6.70273;-1.04508;1.13625
5629;0.208996;-0.931632;5.76976;1.06837;5.76976;-0.00134055;6.70273;-1.04527;1.13644
5630;0.208996;-0.931632;5.76976;1.06837;5.76976;-0.00134055;6.70273;-1.04546;1.13664
5631;0.208996;-0.931632;5.76976;1.06837;5.76976;-0.00134055;6.70273;-1.04565;1.13683
5632;0.208996;-0.931632;5.76976;1.06837;5.76976;-0.00134055;6.70273;-1.04584;1.13702
5633;0.208996;-0.931632;5.76976;1.06837;5.76976;-0.00134055;6.70273;-1.04603;1.13722
5634;0.208996;-0.931632;5.76976;1.06837;5.76976;-0.00134055;6.70273;-1.04622;1.13741
5635;0.208996;-0.931632;5.76976;1.06837;5.76976;-0.00134055;6.70273;-1.04641;1.1376
5636;0.208997;-0.931632;5.76976;1.06837;5.76976;-0.00134055;6.70273;-1.0466;1.1378
5637;0.208997;-0.931632;5.76976;1.06837;5.76976;-0.00134055;6.70273;-1.04679;1.13799
5638;0.208997;-0.931632;5.76976;1.06837;5.76976;-0.00134055;6.70273;-1.04698;1.13818
5639;0.208997;-0.931632;5.76976;1.06837;5.76976;-0.00134055;6.70273;-1.04717;1.13838
5640;0.208997;-0.931632;5.76976;1.06837;5.76976;-0.00134055;6.70273;-1.04736;1.13857
5641;0.208997;-0.931632;5.76976;1.06837;5.76976;-0.00134055;6.70273;-1.04755;1.13876
5642;0.208997;-0.931632;5.76976;1.06837;5.76976;-0.00134055;6.70273;-1.04774;1.13896
5643;0.208997;-0.931632;5.76976;1.06837;5.76976;-0.00134055;6.70273;-1.04793;1.13915
5644;0.208997;-0.931632;5.76976;1.06837;5.76976;-0.00134055;6.70273;-1.04812;1.13935
5645;0.208997;-0.931632;5.76976;1.06837;5.76976;-0.00134055;6.70273;-1.04831;1.13954
5646;0.208997;-0.931632;5.76976;1.06837;5.76976;-0.00134055;6.70273;-1.0485;1.13973
5647;0.208997;-0.931632;5.76976;1.06837;5.76976;-0.00134055;6.70273;-1.04869;1.13993
5648;0.208997;-0.931632;5.76976;1.06837;5.76976;-0.00134055;6.70273;-1.04888;1.14012
5649;0.208997;-0.931632;5.76976;1.06837;5.76976;-0.00134055;6.70273;-1.04907;1.14031
5650;0.208997;-0.931632;5.76976;1.06837;5.76976;-0.00134055;6.70273;-1.04926;1.14051
5651;0.208997;-0.931632;5.76976;1.06837;5.76976;-0.00134055;6.70273;-1.04945;1.1407
5652;0.208997;-0.931632;5.76976;1.06837;5.76976;-0.00134055;6.70273;-1.04964;1.14089
5653;0.208997;-0.931632;5.76976;1.06837;5.76976;-0.00134055;6.70273;-1.04983;1.14109
5654;0.208997;-0.931632;5.76976;1.06837;5.76976;-0.00134055;6.70273;-1.05002;1.14128
5655;0.208997;-0.931632;5.76976;1.06837;5.76976;-0.00134055;6.70273;-1.0502;1.14147
5656;0.208997;-0.931632;5.76976;1.06837;5.76976;-0.00134055;6.70273;-1.05039;1.14167
5657;0.208997;-0.931632;5.76976;1.06837;5.76976;-0.00134055;6.70273;-1.05058;1.14186
5658;0.208997;-0.931632;5.76976;1.06837;5.76976;-0.00134055;6.70273;-1.05077;1.14205
5659;0.208997;-0.931632;5.76976;1.06837;5.76976;-0.00134055;6.70273;-1.05096;1.14225
5660;0.208997;-0.931632;5.76976;1.06837;5.76976;-0.00134055;6.70273;-1.05115;1.14244
5661;0.208997;-0.931632;5.76976;1.06837;5.76976;-0.00134055;6.70273;-1.05134;1.14264
5662;0.208997;-0.931632;5.76976;1.06837;5.76976;-0.00134055;6.70273;-1.05153;1.14283
5663;0.208997;-0.931632;5.76976;1.06837;5.76976;-0.00134055;6.70273;-1.05172;1.14302
5664;0.208997;-0.931632;5.76976;1.06837;5.76976;-0.00134055;6.70273;-1.05191;1.14322
5665;0.208997;-0.931632;5.76976;1.06837;5.76976;-0.00134055;6.70273;-1.0521;1.14341
5666;0.208997;-0.931632;5.76976;1.06837;5.76976;-0.00134055;6.70273;-1.05229;1.1436
5667;0.208997;-0.931632;5.76976;1.06837;5.76976;-0.00134055;6.70273;-1.05248;1.1438
5668;0.208997;-0.931632;5.76976;1.06837;5.76976;-0.00134055;6.70273;-1.05267;1.14399
5669;0.208997;-0.931632;5.76976;1.06837;5.76976;-0.00134055;6.70273;-1.05286;1.14418
5670;0.208997;-0.931632;5.76976;1.06837;5.76976;-0.00134055;6.70273;-1.05305;1.14438
5671;0.208997;-0.931632;5.76976;1.06837;5.76976;-0.00134055;6.70273;-1.05324;1.14457
5672;0.208997;-0.931632;5.76976;1.06837;5.76976;-0.00134055;6.70273;-1.05343;1.14476
5673;0.208997;-0.931632;5.76976;1.06837;5.76976;-0.00134055;6.70273;-1.05362;1.14496
5674;0.208997;-0.931632;5.76976;1.06837;5.76976;-0.00134055;6.70273;-1.05381;1.14515
5675;0.208997;-0.931632;5.76976;1.06837;5.76976;-0.00134055;6.70273;-1.054;1.14535
5676;0.208997;-0.931632;5.76976;1.06837;5.76976;-0.00134055;6.70273;-1.05419;1.14554
5677;0.208997;-0.931632;5.76976;1.06837;5.76976;-0.00134055;6.70273;-1.05438;1.14573
5678;0.208997;-0.931632;5.76976;1.06837;5.76976;-0.00134055;6.70273;-1.05457;1.14593
5679;0.208997;-0.931632;5.76976;1.06837;5.76976;-0.00134055;6.70273;-1.05476;1.14612
5680;0.208997;-0.931632;5.76976;1.06837;5.76976;-0.00134055;6.70273;-1.05495;1.14631
5681;0.208997;-0.931632;5.76976;1.06837;5.76976;-0.00134055;6.70273;-1.05514;1.14651
5682;0.208997;-0.931632;5.76976;1.06837;5.76976;-0.00134055;6.70273;-1.05533;1.1467
5683;0.208997;-0.931632;5.76976;1.06837;5.76976;-0.00134055;6.70273;-1.05552;1.14689
5684;0.208997;-0.931632;5.76976;1.06837;5.76976;-0.00134055;6.70273;-1.05571;1.14709
5685;0.208997;-0.931632;5.76976;1.06837;5.76976;-0.00134055;6.70273;-1.0559;1.14728
5686;0.208997;-0.931632;5.76976;1.06837;5.76976;-0.00134055;6.70273;-1.05609;1.14747
5687;0.208997;-0.931632;5.76976;1.06837;5.76976;-0.00134055;6.70273;-1.05627;1.14767
5688;0.208997;-0.931632;5.76976;1.06837;5.76976;-0.00134055;6.70273;-1.05646;1.14786
5689;0.208997;-0.931632;5.76976;1.06837;5.76976;-0.00134055;6.70273;-1.05665;1.14806
5690;0.208997;-0.931632;5.76976;1.06837;5.76976;-0.00134055;6.70273;-1.05684;1.14825
5691;0.208997;-0.931632;5.76976;1.06837;5.76976;-0.00134055;6.70273;-1.05703;1.14844
5692;0.208997;-0.931632;5.76976;1.06837;5.76976;-0.00134055;6.70273;-1.05722;1.14864
5693;0.208997;-0.931632;5.76976;1.06837;5.76976;-0.00134055;6.70273;-1.05741;1.14883
5694;0.208997;-0.931632;5.76976;1.06837;5.76976;-0.00134055;6.70273;-1.0576;1.14902
5695;0.208997;-0.931632;5.76976;1.06837;5.76976;-0.00134055;6.70273;-1.05779;1.14922
5696;0.208997;-0.931632;5.76976;1.06837;5.76976;-0.00134055;6.70273;-1.05798;1.14941
5697;0.208997;-0.931632;5.76976;1.06837;5.76976;-0.00134055;6.70273;-1.05817;1.1496
5698;0.208997;-0.931632;5.76976;1.06837;5.76976;-0.00134055;6.70273;-1.05836;1.1498
5699;0.208997;-0.931632;5.76976;1.06837;5.76976;-0.00134055;6.70273;-1.05855;1.14999
5700;0.208997;-0.931632;5.76976;1.06837;5.76976;-0.00134055;6.70273;-1.05874;1.15018
5701;0.208997;-0.931632;5.76976;1.06837;5.76976;-0.00134055;6.70273;-1.05893;1.15038
5702;0.208997;-0.931632;5.76976;1.06837;5.76976;-0.00134055;6.70273;-1.05912;1.15057
5703;0.208997;-0.931632;5.76976;1.06837;5.76976;-0.00134055;6.70273;-1.05931;1.15076
5704;0.208997;-0.931632;5.76976;1.06837;5.76976;-0.00134055;6.70273;-1.0595;1.15096
5705;0.208997;-0.931632;5.76976;1.06837;5.76976;-0.00134055;6.70273;-1.05969;1.15115
5706;0.208997;-0.931632;5.76976;1.06837;5.76976;-0.00134055;6.70273;-1.05988;1.15135
5707;0.208997;-0.931632;5.76976;1.06837;5.76976;-0.00134055;6.70273;-1.06007;1.15154
5708;0.208997;-0.931632;5.76976;1.06837;5.76976;-0.00134055;6.70273;-1.06026;1.15173
5709;0.208997;-0.931632;5.76976;1.06837;5.76976;-0.00134055;6.70273;-1.06045;1.15193
5710;0.208997;-0.931632;5.76976;1.06837;5.76976;-0.00134055;6.70273;-1.06064;1.15212
5711;0.208997;-0.931632;5.76976;1.06837;5.76976;-0.00134055;6.70273;-1.06083;1.15231
5712;0.208997;-0.931632;5.76976;1.06837;5.76976;-0.00134055;6.70273;-1.06102;1.15251
5713;0.208997;-0.931632;5.76976;1.06837;5.76976;-0.00134055;6.70273;-1.06121;1.1527
5714;0.208997;-0.931632;5.76976;1.06837;5.76976;-0.00134055;6.70273;-1.0614;1.15289
5715;0.208997;-0.931632;5.76976;1.06837;5.76976;-0.00134055;6.70273;-1.06159;1.15309
5716;0.208997;-0.931632;5.76976;1.06837;5.76976;-0.00134055;6.70273;-1.06178;1.15328
5717;0.208997;-0.931632;5.76976;1.06837;5.76976;-0.00134055;6.70273;-1.06197;1.15347
5718;0.208997;-0.931632;5.76976;1.06837;5.76976;-0.00134055;6.70273;-1.06216;1.15367
5719;0.208997;-0.931632;5.76976;1.06837;5.76976;-0.00134055;6.70273;-1.06234;1.15386
5720;0.208997;-0.931632;5.76976;1.06837;5.76976;-0.00134055;6.70273;-1.06253;1.15406
5721;0.208997;-0.931632;5.76976;1.06837;5.76976;-0.00134055;6.70273;-1.06272;1.15425
5722;0.208997;-0.931632;5.76976;1.06837;5.76976;-0.00134055;6.70273;-1.06291;1.15444
5723;0.208997;-0.931632;5.76976;1.06837;5.76976;-0.00134055;6.70273;-1.0631;1.15464
5724;0.208997;-0.931632;5.76976;1.06837;5.76976;-0.00134055;6.70273;-1.06329;1.15483
5725;0.208997;-0.931632;5.76976;1.06837;5.76976;-0.00134055;6.70273;-1.06348;1.15502
5726;0.208997;-0.931632;5.76976;1.06837;5.76976;-0.00134055;6.70273;-1.06367;1.15522
5727;0.208997;-0.931632;5.76976;1.06837;5.76976;-0.00134055;6.70273;-1.06386;1.15541
5728;0.208997;-0.931632;5.76976;1.06837;5.76976;-0.00134055;6.70273;-1.06405;1.1556
5729;0.208997;-0.931632;5.76976;1.06837;5.76976;-0.00134055;6.70273;-1.06424;1.1558
5730;0.208997;-0.931632;5.76976;1.06837;5.76976;-0.00134055;6.70273;-1.06443;1.15599
5731;0.208997;-0.931632;5.76976;1.06837;5.76976;-0.00134055;6.70273;-1.06462;1.15618
5732;0.208997;-0.931632;5.76976;1.06837;5.76976;-0.00134055;6.70273;-1.06481;1.15638
5733;0.208997;-0.931632;5.76976;1.06837;5.76976;-0.00134055;6.70273;-1.065;1.15657
5734;0.208997;-0.931632;5.76976;1.06837;5.76976;-0.00134055;6.70273;-1.06519;1.15676
5735;0.208997;-0.931632;5.76976;1.06837;5.76976;-0.00134055;6.70273;-1.06538;1.15696
5736;0.208997;-0.931632;5.76976;1.06837;5.76976;-0.00134055;6.70273;-1.06557;1.15715
5737;0.208997;-0.931632;5.76976;1.06837;5.76976;-0.00134055;6.70273;-1.06576;1.15735
5738;0.208997;-0.931632;5.76976;1.06837;5.76976;-0.00134055;6.70273;-1.06595;1.15754
5739;0.208997;-0.931632;5.76976;1.06837;5.76976;-0.00134055;6.70273;-1.06614;1.15773
5740;0.208997;-0.931632;5.76976;1.06837;5.76976;-0.00134055;6.70273;-1.06633;1.15793
5741;0.208997;-0.931632;5.76976;1.06837;5.76976;-0.00134055;6.70273;-1.06652;1.15812
5742;0.208997;-0.931632;5.76976;1.06837;5.76976;-0.00134055;6.70273;-1.06671;1.15831
5743;0.208997;-0.931632;5.76976;1.06837;5.76976;-0.00134055;6.70273;-1.0669;1.15851
5744;0.208997;-0.931632;5.76976;1.06837;5.76976;-0.00134055;6.70273;-1.06709;1.1587
5745;0.208997;-0.931632;5.76976;1.06837;5.76976;-0.00134055;6.70273;-1.06728;1.15889
5746;0.208997;-0.931632;5.76976;1.06837;5.76976;-0.00134055;6.70273;-1.06747;1.15909
5747;0.208997;-0.931632;5.76976;1.06837;5.76976;-0.00134055;6.70273;-1.06766;1.15928
5748;0.208997;-0.931632;5.76976;1.06837;5.76976;-0.00134055;6.70273;-1.06785;1.15947
5749;0.208997;-0.931632;5.76976;1.06837;5.76976;-0.00134055;6.70273;-1.06804;1.15967
5750;0.208997;-0.931632;5.76976;1.06837;5.76976;-0.00134055;6.70273;-1.06823;1.15986
5751;0.208997;-0.931632;5.76976;1.06837;5.76976;-0.00134055;6.70273;-1.06841;1.16006
5752;0.208997;-0.931632;5.76976;1.06837;5.76976;-0.00134055;6.70273;-1.0686;1.16025
5753;0.208997;-0.931632;5.76976;1.06837;5.76976;-0.00134055;6.70273;-1.06879;1.16044
5754;0.208997;-0.931632;5.76976;1.06837;5.76976;-0.00134055;6.70273;-1.06898;1.16064
5755;0.208997;-0.931632;5.76976;1.06837;5.76976;-0.00134055;6.70273;-1.06917;1.16083
5756;0.208997;-0.931632;5.76976;1.06837;5.76976;-0.00134055;6.70273;-1.06936;1.16102
5757;0.208997;-0.931632;5.76976;1.06837;5.76976;-0.00134055;6.70273;-1.06955;1.16122
5758;0.208997;-0.931632;5.76976;1.06837;5.76976;-0.00134055;6.70273;-1.06974;1.16141
5759;0.208997;-0.931632;5.76976;1.06837;5.76976;-0.00134055;6.70273;-1.06993;1.1616
5760;0.208997;-0.931632;5.76976;1.06837;5.76976;-0.00134055;6.70273;-1.07012;1.1618
5761;0.208997;-0.931632;5.76976;1.06837;5.76976;-0.00134055;6.70273;-1.07031;1.16199
5762;0.208997;-0.931632;5.76976;1.06837;5.76976;-0.00134055;6.70273;-1.0705;1.16218
5763;0.208997;-0.931632;5.76976;1.06837;5.76976;-0.00134055;6.70273;-1.07069;1.16238
5764;0.208997;-0.931632;5.76976;1.06837;5.76976;-0.00134055;6.70273;-1.07088;1.16257
5765;0.208997;-0.931632;5.76976;1.06837;5.76976;-0.00134055;6.70273;-1.07107;1.16277
5766;0.208997;-0.931632;5.76976;1.06837;5.76976;-0.00134055;6.70273;-1.07126;1.16296
5767;0.208997;-0.931632;5.76976;1.06837;5.76976;-0.00134055;6.70273;-1.07145;1.16315
5768;0.208997;-0.931632;5.76976;1.06837;5.76976;-0.00134055;6.70273;-1.07164;1.16335
5769;0.208997;-0.931632;5.76975;1.06837;5.76975;-0.00134055;6.70273;-1.07183;1.16354
5770;0.208997;-0.931632;5.76975;1.06837;5.76975;-0.00134055;6.70273;-1.07202;1.16373
5771;0.208997;-0.931632;5.76975;1.06837;5.76975;-0.00134055;6.70273;-1.07221;1.16393
5772;0.208997;-0.931632;5.76975;1.06837;5.76975;-0.00134055;6.70273;-1.0724;1.16412
5773;0.208997;-0.931632;5.76975;1.06837;5.76975;-0.00134055;6.70273;-1.07259;1.16431
5774;0.208997;-0.931632;5.76975;1.06837;5.76975;-0.00134055;6.70273;-1.07278;1.16451
5775;0.208997;-0.931632;5.76975;1.06837;5.76975;-0.00134055;6.70273;-1.07297;1.1647
5776;0.208997;-0.931632;5.76975;1.06837;5.76975;-0.00134055;6.70273;-1.07316;1.16489
5777;0.208997;-0.931632;5.76975;1.06837;5.76975;-0.00134055;6.70273;-1.07335;1.16509
5778;0.208997;-0.931632;5.76975;1.06837;5.76975;-0.00134055;6.70273;-1.07354;1.16528
5779;0.208997;-0.931632;5.76975;1.06837;5.76975;-0.00134055;6.70273;-1.07373;1.16547
5780;0.208997;-0.931632;5.76975;1.06837;5.76975;-0.00134055;6.70273;-1.07392;1.16567
5781;0.208997;-0.931632;5.76975;1.06837;5.76975;-0.00134055;6.70273;-1.07411;1.16586
5782;0.208997;-0.931632;5.76975;1.06837;5.76975;-0.00134055;6.70273;-1.0743;1.16606
5783;0.208997;-0.931632;5.76975;1.06837;5.76975;-0.00134055;6.70273;-1.07448;1.16625
5784;0.208997;-0.931632;5.76975;1.06837;5.76975;-0.00134055;6.70273;-1.07467;1.16644
5785;0.208997;-0.931632;5.76975;1.06837;5.76975;-0.00134055;6.70273;-1.07486;1.16664
5786;0.208997;-0.931632;5.76975;1.06837;5.76975;-0.00134055;6.70273;-1.07505;1.16683
5787;0.208997;-0.931632;5.76975;1.06837;5.76975;-0.00134055;6.70273;-1.07524;1.16702
5788;0.208997;-0.931632;5.76975;1.06837;5.76975;-0.00134055;6.70273;-1.07543;1.16722
5789;0.208997;-0.931632;5.76975;1.06837;5.76975;-0.00134055;6.70273;-1.07562;1.16741
5790;0.208997;-0.931632;5.76975;1.06837;5.76975;-0.00134055;6.70273;-1.07581;1.1676
5791;0.208997;-0.931632;5.76975;1.06837;5.76975;-0.00134055;6.70273;-1.076;1.1678
5792;0.208997;-0.931632;5.76975;1.06837;5.76975;-0.00134055;6.70273;-1.07619;1.16799
5793;0.208997;-0.931632;5.76975;1.06837;5.76975;-0.00134055;6.70273;-1.07638;1.16818
5794;0.208997;-0.931632;5.76975;1.06837;5.76975;-0.00134055;6.70273;-1.07657;1.16838
5795;0.208997;-0.931632;5.76975;1.06837;5.76975;-0.00134055;6.70273;-1.07676;1.16857
5796;0.208997;-0.931632;5.76975;1.06837;5.76975;-0.00134055;6.70273;-1.07695;1.16877
5797;0.208997;-0.931632;5.76975;1.06837;5.76975;-0.00134055;6.70273;-1.07714;1.16896
5798;0.208997;-0.931632;5.76975;1.06837;5.76975;-0.00134055;6.70273;-1.07733;1.16915
5799;0.208997;-0.931632;5.76975;1.06837;5.76975;-0.00134055;6.70273;-1.07752;1.16935
5800;0.208997;-0.931632;5.76975;1.06837;5.76975;-0.00134055;6.70273;-1.07771;1.16954
5801;0.208997;-0.931632;5.76975;1.06837;5.76975;-0.00134055;6.70273;-1.0779;1.16973
5802;0.208997;-0.931632;5.76975;1.06837;5.76975;-0.00134055;6.70273;-1.07809;1.16993
5803;0.208997;-0.931632;5.76975;1.06837;5.76975;-0.00134055;6.70273;-1.07828;1.17012
5804;0.208997;-0.931632;5.76975;1.06837;5.76975;-0.00134055;6.70273;-1.07847;1.17031
5805;0.208997;-0.931632;5.76975;1.06837;5.76975;-0.00134055;6.70273;-1.07866;1.17051
5806;0.208997;-0.931632;5.76975;1.06837;5.76975;-0.00134055;6.70273;-1.07885;1.1707
5807;0.208997;-0.931632;5.76975;1.06837;5.76975;-0.00134055;6.70273;-1.07904;1.17089
5808;0.208997;-0.931632;5.76975;1.06837;5.76975;-0.00134055;6.70273;-1.07923;1.17109
5809;0.208997;-0.931632;5.76975;1.06837;5.76975;-0.00134055;6.70273;-1.07942;1.17128
5810;0.208997;-0.931632;5.76975;1.06837;5.76975;-0.00134055;6.70273;-1.07961;1.17147
5811;0.208997;-0.931632;5.76975;1.06837;5.76975;-0.00134055;6.70273;-1.0798;1.17167
5812;0.208997;-0.931632;5.76975;1.06837;5.76975;-0.00134055;6.70273;-1.07999;1.17186
5813;0.208997;-0.931632;5.76975;1.06837;5.76975;-0.00134055;6.70273;-1.08018;1.17206
5814;0.208997;-0.931632;5.76975;1.06837;5.76975;-0.00134055;6.70273;-1.08037;1.17225
5815;0.208997;-0.931632;5.76975;1.06837;5.76975;-0.00134055;6.70273;-1.08055;1.17244
5816;0.208997;-0.931632;5.76975;1.06837;5.76975;-0.00134055;6.70273;-1.08074;1.17264
5817;0.208997;-0.931632;5.76975;1.06837;5.76975;-0.00134055;6.70273;-1.08093;1.17283
5818;0.208997;-0.931632;5.76975;1.06837;5.76975;-0.00134055;6.70273;-1.08112;1.17302
5819;0.208997;-0.931632;5.76975;1.06837;5.76975;-0.00134055;6.70273;-1.08131;1.17322
5820;0.208997;-0.931632;5.76975;1.06837;5.76975;-0.00134055;6.70273;-1.0815;1.17341
5821;0.208997;-0.931632;5.76975;1.06837;5.76975;-0.00134055;6.70273;-1.08169;1.1736
5822;0.208997;-0.931632;5.76975;1.06837;5.76975;-0.00134055;6.70273;-1.08188;1.1738
5823;0.208997;-0.931632;5.76975;1.06837;5.76975;-0.00134055;6.70273;-1.08207;1.17399
5824;0.208997;-0.931632;5.76975;1.06837;5.76975;-0.00134055;6.70273;-1.08226;1.17418
5825;0.208997;-0.931632;5.76975;1.06837;5.76975;-0.00134055;6.70273;-1.08245;1.17438
5826;0.208997;-0.931632;5.76975;1.06837;5.76975;-0.00134055;6.70273;-1.08264;1.17457
5827;0.208997;-0.931632;5.76975;1.06837;5.76975;-0.00134055;6.70273;-1.08283;1.17477
5828;0.208997;-0.931632;5.76975;1.06837;5.76975;-0.00134055;6.70273;-1.08302;1.17496
5829;0.208997;-0.931632;5.76975;1.06837;5.76975;-0.00134055;6.70273;-1.08321;1.17515
5830;0.208997;-0.931632;5.76975;1.06837;5.76975;-0.00134055;6.70273;-1.0834;1.17535
5831;0.208997;-0.931632;5.76975;1.06837;5.76975;-0.00134055;6.70273;-1.08359;1.17554
5832;0.208997;-0.931632;5.76975;1.06837;5.76975;-0.00134055;6.70273;-1.08378;1.17573
5833;0.208997;-0.931632;5.76975;1.06837;5.76975;-0.00134055;6.70273;-1.08397;1.17593
5834;0.208997;-0.931632;5.76975;1.06837;5.76975;-0.00134055;6.70273;-1.08416;1.17612
5835;0.208997;-0.931632;5.76975;1.06837;5.76975;-0.00134055;6.70273;-1.08435;1.17631
5836;0.208997;-0.931632;5.76975;1.06837;5.76975;-0.00134055;6.70273;-1.08454;1.17651
5837;0.208997;-0.931632;5.76975;1.06837;5.76975;-0.00134054;6.70272;-1.08473;1.1767
5838;0.208997;-0.931632;5.76975;1.06837;5.76975;-0.00134054;6.70272;-1.08492;1.17689
5839;0.208997;-0.931632;5.76975;1.06837;5.76975;-0.00134054;6.70272;-1.08511;1.17709
5840;0.208997;-0.931632;5.76975;1.06837;5.76975;-0.00134054;6.70272;-1.0853;1.17728
5841;0.208997;-0.931632;5.76975;1.06837;5.76975;-0.00134054;6.70272;-1.08549;1.17748
5842;0.208997;-0.931632;5.76975;1.06837;5.76975;-0.00134054;6.70272;-1.08568;1.17767
5843;0.208997;-0.931632;5.76975;1.06837;5.76975;-0.00134054;6.70272;-1.08587;1.17786
5844;0.208997;-0.931632;5.76975;1.06837;5.76975;-0.00134054;6.70272;-1.08606;1.17806
5845;0.208997;-0.931632;5.76975;1.06837;5.76975;-0.00134054;6.70272;-1.08625;1.17825
5846;0.208997;-0.931632;5.76975;1.06837;5.76975;-0.00134054;6.70272;-1.08644;1.17844
5847;0.208997;-0.931632;5.76975;1.06837;5.76975;-0.00134054;6.70272;-1.08662;1.17864
5848;0.208997;-0.931632;5.76975;1.06837;5.76975;-0.00134054;6.70272;-1.08681;1.17883
5849;0.208997;-0.931632;5.76975;1.06837;5.76975;-0.00134054;6.70272;-1.087;1.17902
5850;0.208997;-0.931632;5.76975;1.06837;5.76975;-0.00134054;6.70272;-1.08719;1.17922
5851;0.208997;-0.931632;5.76975;1.06837;5.76975;-0.00134054;6.70272;-1.08738;1.17941
5852;0.208997;-0.931632;5.76975;1.06837;5.76975;-0.00134054;6.70272;-1.08757;1.1796
5853;0.208997;-0.931632;5.76975;1.06837;5.76975;-0.00134054;6.70272;-1.08776;1.1798
5854;0.208997;-0.931632;5.76975;1.06837;5.76975;-0.00134054;6.70272;-1.08795;1.17999
5855;0.208997;-0.931632;5.76975;1.06837;5.76975;-0.00134054;6.70272;-1.08814;1.18018
5856;0.208997;-0.931632;5.76975;1.06837;5.76975;-0.00134054;6.70272;-1.08833;1.18038
5857;0.208997;-0.931632;5.76975;1.06837;5.76975;-0.00134054;6.70272;-1.08852;1.18057
5858;0.208997;-0.931632;5.76975;1.06837;5.76975;-0.00134054;6.70272;-1.08871;1.18077
5859;0.208997;-0.931632;5.76975;1.06837;5.76975;-0.00134054;6.70272;-1.0889;1.18096
5860;0.208997;-0.931632;5.76975;1.06837;5.76975;-0.00134054;6.70272;-1.08909;1.18115
5861;0.208997;-0.931632;5.76975;1.06837;5.76975;-0.00134054;6.70272;-1.08928;1.18135
5862;0.208997;-0.931632;5.76975;1.06837;5.76975;-0.00134054;6.70272;-1.08947;1.18154
5863;0.208997;-0.931632;5.76975;1.06837;5.76975;-0.00134054;6.70272;-1.08966;1.18173
5864;0.208997;-0.931632;5.76975;1.06837;5.76975;-0.00134054;6.70272;-1.08985;1.18193
5865;0.208997;-0.931632;5.76975;1.06837;5.76975;-0.00134054;6.70272;-1.09004;1.18212
5866;0.208997;-0.931632;5.76975;1.06837;5.76975;-0.00134054;6.70272;-1.09023;1.18231
5867;0.208997;-0.931632;5.76975;1.06837;5.76975;-0.00134054;6.70272;-1.09042;1.18251
5868;0.208997;-0.931632;5.76975;1.06837;5.76975;-0.00134054;6.70272;-1.09061;1.1827
5869;0.208997;-0.931632;5.76975;1.06837;5.76975;-0.00134054;6.70272;-1.0908;1.18289
5870;0.208997;-0.931632;5.76975;1.06837;5.76975;-0.00134054;6.70272;-1.09099;1.18309
5871;0.208997;-0.931632;5.76975;1.06837;5.76975;-0.00134054;6.70272;-1.09118;1.18328
5872;0.208997;-0.931632;5.76975;1.06837;5.76975;-0.00134054;6.70272;-1.09137;1.18348
5873;0.208997;-0.931632;5.76975;1.06837;5.76975;-0.00134054;6.70272;-1.09156;1.18367
5874;0.208997;-0.931632;5.76975;1.06837;5.76975;-0.00134054;6.70272;-1.09175;1.18386
5875;0.208997;-0.931632;5.76975;1.06837;5.76975;-0.00134054;6.70272;-1.09194;1.18406
5876;0.208997;-0.931632;5.76975;1.06837;5.76975;-0.00134054;6.70272;-1.09213;1.18425
5877;0.208997;-0.931632;5.76975;1.06837;5.76975;-0.00134054;6.70272;-1.09232;1.18444
5878;0.208997;-0.931632;5.76975;1.06837;5.76975;-0.00134054;6.70272;-1.09251;1.18464
5879;0.208997;-0.931632;5.76975;1.06837;5.76975;-0.00134054;6.70272;-1.09269;1.18483
5880;0.208997;-0.931632;5.76975;1.06837;5.76975;-0.00134054;6.70272;-1.09288;1.18502
5881;0.208997;-0.931632;5.76975;1.06837;5.76975;-0.00134054;6.70272;-1.09307;1.18522
5882;0.208997;-0.931632;5.76975;1.06837;5.76975;-0.00134054;6.70272;-1.09326;1.18541
5883;0.208997;-0.931632;5.76975;1.06837;5.76975;-0.00134054;6.70272;-1.09345;1.1856
5884;0.208997;-0.931632;5.76975;1.06837;5.76975;-0.00134054;6.70272;-1.09364;1.1858
5885;0.208997;-0.931632;5.76975;1.06837;5.76975;-0.00134054;6.70272;-1.09383;1.18599
5886;0.208997;-0.931632;5.76975;1.06837;5.76975;-0.00134054;6.70272;-1.09402;1.18619
5887;0.208997;-0.931632;5.76975;1.06837;5.76975;-0.00134054;6.70272;-1.09421;1.18638
5888;0.208997;-0.931632;5.76975;1.06837;5.76975;-0.00134054;6.70272;-1.0944;1.18657
5889;0.208997;-0.931632;5.76975;1.06837;5.76975;-0.00134054;6.70272;-1.09459;1.18677
5890;0.208997;-0.931632;5.76975;1.06837;5.76975;-0.00134054;6.70272;-1.09478;1.18696
5891;0.208997;-0.931632;5.76975;1.06837;5.76975;-0.00134054;6.70272;-1.09497;1.18715
5892;0.208997;-0.931632;5.76975;1.06837;5.76975;-0.00134054;6.70272;-1.09516;1.18735
5893;0.208997;-0.931632;5.76975;1.06837;5.76975;-0.00134054;6.70272;-1.09535;1.18754
5894;0.208997;-0.931632;5.76975;1.06837;5.76975;-0.00134054;6.70272;-1.09554;1.18773
5895;0.208997;-0.931632;5.76975;1.06837;5.76975;-0.00134054;6.70272;-1.09573;1.18793
5896;0.208997;-0.931632;5.76975;1.06837;5.76975;-0.00134054;6.70272;-1.09592;1.18812
5897;0.208997;-0.931632;5.76975;1.06837;5.76975;-0.00134054;6.70272;-1.09611;1.18831
5898;0.208997;-0.931632;5.76975;1.06837;5.76975;-0.00134054;6.70272;-1.0963;1.18851
5899;0.208997;-0.931632;5.76975;1.06837;5.76975;-0.00134054;6.70272;-1.09649;1.1887
5900;0.208997;-0.931632;5.76975;1.06837;5.76975;-0.00134054;6.70272;-1.09668;1.18889
5901;0.208997;-0.931632;5.76975;1.06837;5.76975;-0.00134054;6.70272;-1.09687;1.18909
5902;0.208997;-0.931632;5.76975;1.06837;5.76975;-0.00134054;6.70272;-1.09706;1.18928
5903;0.208997;-0.931632;5.76975;1.06837;5.76975;-0.00134054;6.70272;-1.09725;1.18948
5904;0.208997;-0.931632;5.76975;1.06837;5.76975;-0.00134054;6.70272;-1.09744;1.18967
5905;0.208997;-0.931632;5.76975;1.06837;5.76975;-0.00134054;6.70272;-1.09763;1.18986
5906;0.208997;-0.931632;5.76975;1.06837;5.76975;-0.00134054;6.70272;-1.09782;1.19006
5907;0.208997;-0.931632;5.76975;1.06837;5.76975;-0.00134054;6.70272;-1.09801;1.19025
5908;0.208997;-0.931632;5.76975;1.06837;5.76975;-0.00134054;6.70272;-1.0982;1.19044
5909;0.208997;-0.931632;5.76975;1.06837;5.76975;-0.00134054;6.70272;-1.09839;1.19064
5910;0.208997;-0.931632;5.76975;1.06837;5.76975;-0.00134054;6.70272;-1.09858;1.19083
5911;0.208997;-0.931632;5.76975;1.06837;5.76975;-0.00134054;6.70272;-1.09876;1.19102
5912;0.208997;-0.931632;5.76975;1.06837;5.76975;-0.00134054;6.70272;-1.09895;1.19122
5913;0.208997;-0.931632;5.76975;1.06837;5.76975;-0.00134054;6.70272;-1.09914;1.19141
5914;0.208997;-0.931632;5.76975;1.06837;5.76975;-0.00134054;6.70272;-1.09933;1.1916
5915;0.208997;-0.931632;5.76975;1.06837;5.76975;-0.00134054;6.70272;-1.09952;1.1918
5916;0.208997;-0.931632;5.76975;1.06837;5.76975;-0.00134054;6.70272;-1.09971;1.19199
5917;0.208997;-0.931632;5.76975;1.06837;5.76975;-0.00134054;6.70272;-1.0999;1.19219
5918;0.208997;-0.931632;5.76975;1.06837;5.76975;-0.00134054;6.70272;-1.10009;1.19238
5919;0.208997;-0.931632;5.76975;1.06837;5.76975;-0.00134054;6.70272;-1.10028;1.19257
5920;0.208997;-0.931632;5.76975;1.06837;5.76975;-0.00134054;6.70272;-1.10047;1.19277
5921;0.208997;-0.931632;5.76975;1.06837;5.76975;-0.00134054;6.70272;-1.10066;1.19296
5922;0.208997;-0.931632;5.76975;1.06837;5.76975;-0.00134054;6.70272;-1.10085;1.19315
5923;0.208997;-0.931632;5.76975;1.06837;5.76975;-0.00134054;6.70272;-1.10104;1.19335
5924;0.208997;-0.931632;5.76975;1.06837;5.76975;-0.00134054;6.70272;-1.10123;1.19354
5925;0.208997;-0.931632;5.76975;1.06837;5.76975;-0.00134054;6.70272;-1.10142;1.19373
5926;0.208997;-0.931632;5.76975;1.06837;5.76975;-0.00134054;6.70272;-1.10161;1.19393
5927;0.208997;-0.931632;5.76975;1.06837;5.76975;-0.00134054;6.70272;-1.1018;1.19412
5928;0.208997;-0.931632;5.76975;1.06837;5.76975;-0.00134054;6.70272;-1.10199;1.19431
5929;0.208997;-0.931632;5.76975;1.06837;5.76975;-0.00134054;6.70272;-1.10218;1.19451
5930;0.208997;-0.931632;5.76975;1.06837;5.76975;-0.00134054;6.70272;-1.10237;1.1947
5931;0.208997;-0.931632;5.76975;1.06837;5.76975;-0.00134054;6.70272;-1.10256;1.19489
5932;0.208997;-0.931632;5.76975;1.06837;5.76975;-0.00134054;6.70272;-1.10275;1.19509
5933;0.208997;-0.931632;5.76975;1.06837;5.76975;-0.00134054;6.70272;-1.10294;1.19528
5934;0.208997;-0.931632;5.76975;1.06837;5.76975;-0.00134054;6.70272;-1.10313;1.19548
5935;0.208997;-0.931632;5.76975;1.06837;5.76975;-0.00134054;6.70272;-1.10332;1.19567
5936;0.208997;-0.931632;5.76975;1.06837;5.76975;-0.00134054;6.70272;-1.10351;1.19586
5937;0.208997;-0.931632;5.76975;1.06837;5.76975;-0.00134054;6.70272;-1.1037;1.19606
5938;0.208997;-0.931632;5.76975;1.06837;5.76975;-0.00134054;6.70272;-1.10389;1.19625
5939;0.208997;-0.931632;5.76975;1.06837;5.76975;-0.00134054;6.70272;-1.10408;1.19644
5940;0.208997;-0.931632;5.76975;1.06837;5.76975;-0.00134054;6.70272;-1.10427;1.19664
5941;0.208997;-0.931632;5.76975;1.06837;5.76975;-0.00134054;6.70272;-1.10446;1.19683
5942;0.208997;-0.931632;5.76975;1.06837;5.76975;-0.00134054;6.70272;-1.10465;1.19702
5943;0.208997;-0.931632;5.76975;1.06837;5.76975;-0.00134054;6.70272;-1.10483;1.19722
5944;0.208997;-0.931632;5.76975;1.06837;5.76975;-0.00134054;6.70272;-1.10502;1.19741
5945;0.208997;-0.931632;5.76975;1.06837;5.76975;-0.00134054;6.70272;-1.10521;1.1976
5946;0.208997;-0.931632;5.76975;1.06837;5.76975;-0.00134054;6.70272;-1.1054;1.1978
5947;0.208997;-0.931632;5.76975;1.06837;5.76975;-0.00134054;6.70272;-1.10559;1.19799
5948;0.208997;-0.931632;5.76975;1.06837;5.76975;-0.00134054;6.70272;-1.10578;1.19819
5949;0.208997;-0.931632;5.76975;1.06837;5.76975;-0.00134054;6.70272;-1.10597;1.19838
5950;0.208997;-0.931632;5.76975;1.06837;5.76975;-0.00134054;6.70272;-1.10616;1.19857
5951;0.208997;-0.931632;5.76975;1.06837;5.76975;-0.00134054;6.70272;-1.10635;1.19877
5952;0.208997;-0.931632;5.76975;1.06837;5.76975;-0.00134054;6.70272;-1.10654;1.19896
5953;0.208997;-0.931632;5.76975;1.06837;5.76975;-0.00134054;6.70272;-1.10673;1.19915
5954;0.208997;-0.931632;5.76975;1.06837;5.76975;-0.00134054;6.70272;-1.10692;1.19935
5955;0.208997;-0.931632;5.76975;1.06837;5.76975;-0.00134054;6.70272;-1.10711;1.19954
5956;0.208997;-0.931632;5.76975;1.06837;5.76975;-0.00134054;6.70272;-1.1073;1.19973
5957;0.208997;-0.931632;5.76975;1.06837;5.76975;-0.00134054;6.70272;-1.10749;1.19993
5958;0.208997;-0.931632;5.76975;1.06837;5.76975;-0.00134054;6.70272;-1.10768;1.20012
5959;0.208997;-0.931632;5.76975;1.06837;5.76975;-0.00134054;6.70272;-1.10787;1.20031
5960;0.208997;-0.931632;5.76975;1.06837;5.76975;-0.00134054;6.70272;-1.10806;1.20051
5961;0.208997;-0.931632;5.76975;1.06837;5.76975;-0.00134054;6.70272;-1.10825;1.2007
5962;0.208997;-0.931632;5.76975;1.06837;5.76975;-0.00134054;6.70272;-1.10844;1.2009
5963;0.208997;-0.931632;5.76975;1.06837;5.76975;-0.00134054;6.70272;-1.10863;1.20109
5964;0.208997;-0.931632;5.76975;1.06837;5.76975;-0.00134054;6.70272;-1.10882;1.20128
5965;0.208997;-0.931632;5.76975;1.06837;5.76975;-0.00134054;6.70272;-1.10901;1.20148
5966;0.208997;-0.931632;5.76975;1.06837;5.76975;-0.00134054;6.70272;-1.1092;1.20167
5967;0.208997;-0.931632;5.76975;1.06837;5.76975;-0.00134054;6.70272;-1.10939;1.20186
5968;0.208997;-0.931632;5.76975;1.06837;5.76975;-0.00134054;6.70272;-1.10958;1.20206
5969;0.208997;-0.931632;5.76975;1.06837;5.76975;-0.00134054;6.70272;-1.10977;1.20225
5970;0.208997;-0.931632;5.76975;1.06837;5.76975;-0.00134054;6.70272;-1.10996;1.20244
5971;0.208997;-0.931632;5.76975;1.06837;5.76975;-0.00134054;6.70272;-1.11015;1.20264
5972;0.208997;-0.931632;5.76975;1.06837;5.76975;-0.00134054;6.70272;-1.11034;1.20283
5973;0.208997;-0.931632;5.76975;1.06837;5.76975;-0.00134054;6.70272;-1.11053;1.20302
5974;0.208997;-0.931632;5.76975;1.06837;5.76975;-0.00134054;6.70272;-1.11072;1.20322
5975;0.208997;-0.931632;5.76975;1.06837;5.76975;-0.00134054;6.70272;-1.1109;1.20341
5976;0.208997;-0.931632;5.76975;1.06837;5.76975;-0.00134054;6.70272;-1.11109;1.2036
5977;0.208997;-0.931632;5.76975;1.06837;5.76975;-0.00134054;6.70272;-1.11128;1.2038
5978;0.208997;-0.931632;5.76975;1.06837;5.76975;-0.00134054;6.70272;-1.11147;1.20399
5979;0.208997;-0.931632;5.76975;1.06837;5.76975;-0.00134054;6.70272;-1.11166;1.20419
5980;0.208997;-0.931632;5.76975;1.06837;5.76975;-0.00134054;6.70272;-1.11185;1.20438
5981;0.208997;-0.931632;5.76975;1.06837;5.76975;-0.00134054;6.70272;-1.11204;1.20457
5982;0.208997;-0.931632;5.76975;1.06837;5.76975;-0.00134054;6.70272;-1.11223;1.20477
5983;0.208997;-0.931632;5.76975;1.06837;5.76975;-0.00134054;6.70272;-1.11242;1.20496
5984;0.208997;-0.931632;5.76975;1.06837;5.76975;-0.00134054;6.70272;-1.11261;1.20515
5985;0.208997;-0.931632;5.76975;1.06837;5.76975;-0.00134054;6.70272;-1.1128;1.20535
5986;0.208997;-0.931632;5.76975;1.06837;5.76975;-0.00134054;6.70272;-1.11299;1.20554
5987;0.208997;-0.931632;5.76975;1.06837;5.76975;-0.00134054;6.70272;-1.11318;1.20573
5988;0.208997;-0.931632;5.76975;1.06837;5.76975;-0.00134054;6.70272;-1.11337;1.20593
5989;0.208997;-0.931632;5.76975;1.06837;5.76975;-0.00134054;6.70272;-1.11356;1.20612
5990;0.208997;-0.931632;5.76975;1.06837;5.76975;-0.00134054;6.70272;-1.11375;1.20631
5991;0.208997;-0.931632;5.76975;1.06837;5.76975;-0.00134054;6.70272;-1.11394;1.20651
5992;0.208997;-0.931632;5.76975;1.06837;5.76975;-0.00134054;6.70272;-1.11413;1.2067
5993;0.208997;-0.931632;5.76975;1.06837;5.76975;-0.00134054;6.70272;-1.11432;1.2069
5994;0.208997;-0.931632;5.76975;1.06837;5.76975;-0.00134054;6.70272;-1.11451;1.20709
5995;0.208997;-0.931632;5.76975;1.06837;5.76975;-0.00134054;6.70272;-1.1147;1.20728
5996;0.208997;-0.931632;5.76975;1.06837;5.76975;-0.00134054;6.70272;-1.11489;1.20748
5997;0.208997;-0.931632;5.76975;1.06837;5.76975;-0.00134054;6.70272;-1.11508;1.20767
5998;0.208997;-0.931632;5.76975;1.06837;5.76975;-0.00134054;6.70272;-1.11527;1.20786
5999;0.208997;-0.931632;5.76975;1.06837;5.76975;-0.00134054;6.70272;-1.11546;1.20806
6000;0.208997;-0.931632;5.76975;1.06837;5.76975;-0.00134054;6.70272;-1.11565;1.20825
6001;0.208997;-0.931632;5.76975;1.06837;5.76975;-0.00134054;6.70272;-1.11584;1.20844
6002;0.208997;-0.931632;5.76975;1.06837;5.76975;-0.00134054;6.70272;-1.11603;1.20864
6003;0.208997;-0.931632;5.76975;1.06837;5.76975;-0.00134054;6.70272;-1.11622;1.20883
6004;0.208997;-0.931632;5.76975;1.06837;5.76975;-0.00134054;6.70272;-1.11641;1.20902
6005;0.208997;-0.931632;5.76975;1.06837;5.76975;-0.00134054;6.70272;-1.1166;1.20922
6006;0.208997;-0.931632;5.76975;1.06837;5.76975;-0.00134054;6.70272;-1.11679;1.20941
6007;0.208997;-0.931632;5.76975;1.06837;5.76975;-0.00134054;6.70272;-1.11697;1.2096
6008;0.208997;-0.931632;5.76975;1.06837;5.76975;-0.00134054;6.70272;-1.11716;1.2098
6009;0.208997;-0.931632;5.76975;1.06837;5.76975;-0.00134054;6.70272;-1.11735;1.20999
6010;0.208997;-0.931632;5.76975;1.06837;5.76975;-0.00134054;6.70272;-1.11754;1.21019
6011;0.208997;-0.931632;5.76975;1.06837;5.76975;-0.00134054;6.70272;-1.11773;1.21038
6012;0.208997;-0.931632;5.76975;1.06837;5.76975;-0.00134054;6.70272;-1.11792;1.21057
6013;0.208997;-0.931632;5.76975;1.06837;5.76975;-0.00134054;6.70272;-1.11811;1.21077
6014;0.208997;-0.931632;5.76975;1.06837;5.76975;-0.00134054;6.70272;-1.1183;1.21096
6015;0.208997;-0.931632;5.76975;1.06837;5.76975;-0.00134054;6.70272;-1.11849;1.21115
6016;0.208997;-0.931632;5.76974;1.06837;5.76974;-0.00134054;6.70272;-1.11868;1.21135
6017;0.208997;-0.931632;5.76974;1.06837;5.76974;-0.00134054;6.70272;-1.11887;1.21154
6018;0.208997;-0.931632;5.76974;1.06837;5.76974;-0.00134054;6.70272;-1.11906;1.21173
6019;0.208997;-0.931632;5.76974;1.06837;5.76974;-0.00134054;6.70272;-1.11925;1.21193
6020;0.208997;-0.931632;5.76974;1.06837;5.76974;-0.00134054;6.70272;-1.11944;1.21212
6021;0.208997;-0.931632;5.76974;1.06837;5.76974;-0.00134054;6.70272;-1.11963;1.21231
6022;0.208997;-0.931632;5.76974;1.06837;5.76974;-0.00134054;6.70272;-1.11982;1.21251
6023;0.208997;-0.931632;5.76974;1.06837;5.76974;-0.00134054;6.70272;-1.12001;1.2127
6024;0.208997;-0.931632;5.76974;1.06837;5.76974;-0.00134054;6.70272;-1.1202;1.2129
6025;0.208997;-0.931632;5.76974;1.06837;5.76974;-0.00134054;6.70272;-1.12039;1.21309
6026;0.208997;-0.931632;5.76974;1.06837;5.76974;-0.00134054;6.70272;-1.12058;1.21328
6027;0.208997;-0.931632;5.76974;1.06837;5.76974;-0.00134054;6.70272;-1.12077;1.21348
6028;0.208997;-0.931632;5.76974;1.06837;5.76974;-0.00134054;6.70272;-1.12096;1.21367
6029;0.208997;-0.931632;5.76974;1.06837;5.76974;-0.00134054;6.70272;-1.12115;1.21386
6030;0.208997;-0.931632;5.76974;1.06837;5.76974;-0.00134054;6.70272;-1.12134;1.21406
6031;0.208997;-0.931632;5.76974;1.06837;5.76974;-0.00134054;6.70272;-1.12153;1.21425
6032;0.208997;-0.931632;5.76974;1.06837;5.76974;-0.00134054;6.70272;-1.12172;1.21444
6033;0.208997;-0.931632;5.76974;1.06837;5.76974;-0.00134054;6.70272;-1.12191;1.21464
6034;0.208997;-0.931632;5.76974;1.06837;5.76974;-0.00134054;6.70272;-1.1221;1.21483
6035;0.208997;-0.931632;5.76974;1.06837;5.76974;-0.00134054;6.70272;-1.12229;1.21502
6036;0.208997;-0.931632;5.76974;1.06837;5.76974;-0.00134054;6.70272;-1.12248;1.21522
6037;0.208997;-0.931632;5.76974;1.06837;5.76974;-0.00134054;6.70272;-1.12267;1.21541
6038;0.208997;-0.931632;5.76974;1.06837;5.76974;-0.00134054;6.70272;-1.12285;1.21561
6039;0.208997;-0.931632;5.76974;1.06837;5.76974;-0.00134054;6.70272;-1.12304;1.2158
6040;0.208997;-0.931632;5.76974;1.06837;5.76974;-0.00134054;6.70272;-1.12323;1.21599
6041;0.208997;-0.931632;5.76974;1.06837;5.76974;-0.00134054;6.70272;-1.12342;1.21619
6042;0.208997;-0.931632;5.76974;1.06837;5.76974;-0.00134054;6.70272;-1.12361;1.21638
6043;0.208997;-0.931632;5.76974;1.06837;5.76974;-0.00134054;6.70272;-1.1238;1.21657
6044;0.208997;-0.931632;5.76974;1.06837;5.76974;-0.00134054;6.70272;-1.12399;1.21677
6045;0.208997;-0.931632;5.76974;1.06837;5.76974;-0.00134054;6.70272;-1.12418;1.21696
6046;0.208997;-0.931632;5.76974;1.06837;5.76974;-0.00134054;6.70272;-1.12437;1.21715
6047;0.208997;-0.931632;5.76974;1.06837;5.76974;-0.00134054;6.70272;-1.12456;1.21735
6048;0.208997;-0.931632;5.76974;1.06837;5.76974;-0.00134054;6.70272;-1.12475;1.21754
6049;0.208997;-0.931632;5.76974;1.06837;5.76974;-0.00134054;6.70272;-1.12494;1.21773
6050;0.208997;-0.931632;5.76974;1.06837;5.76974;-0.00134054;6.70272;-1.12513;1.21793
6051;0.208997;-0.931632;5.76974;1.06837;5.76974;-0.00134054;6.70272;-1.12532;1.21812
6052;0.208997;-0.931632;5.76974;1.06837;5.76974;-0.00134054;6.70272;-1.12551;1.21831
6053;0.208997;-0.931632;5.76974;1.06837;5.76974;-0.00134054;6.70272;-1.1257;1.21851
6054;0.208997;-0.931632;5.76974;1.06837;5.76974;-0.00134054;6.70272;-1.12589;1.2187
6055;0.208997;-0.931632;5.76974;1.06837;5.76974;-0.00134054;6.70272;-1.12608;1.2189
6056;0.208997;-0.931632;5.76974;1.06837;5.76974;-0.00134054;6.70272;-1.12627;1.21909
6057;0.208997;-0.931632;5.76974;1.06837;5.76974;-0.00134054;6.70272;-1.12646;1.21928
6058;0.208997;-0.931632;5.76974;1.06837;5.76974;-0.00134054;6.70272;-1.12665;1.21948
6059;0.208997;-0.931632;5.76974;1.06837;5.76974;-0.00134054;6.70272;-1.12684;1.21967
6060;0.208997;-0.931632;5.76974;1.06837;5.76974;-0.00134054;6.70272;-1.12703;1.21986
6061;0.208997;-0.931632;5.76974;1.06837;5.76974;-0.00134054;6.70272;-1.12722;1.22006
6062;0.208997;-0.931632;5.76974;1.06837;5.76974;-0.00134054;6.70272;-1.12741;1.22025
6063;0.208997;-0.931632;5.76974;1.06837;5.76974;-0.00134054;6.70272;-1.1276;1.22044
6064;0.208997;-0.931632;5.76974;1.06837;5.76974;-0.00134054;6.70272;-1.12779;1.22064
6065;0.208997;-0.931632;5.76974;1.06837;5.76974;-0.00134054;6.70272;-1.12798;1.22083
6066;0.208997;-0.931632;5.76974;1.06837;5.76974;-0.00134054;6.70272;-1.12817;1.22102
6067;0.208997;-0.931632;5.76974;1.06837;5.76974;-0.00134054;6.70272;-1.12836;1.22122
6068;0.208997;-0.931632;5.76974;1.06837;5.76974;-0.00134054;6.70272;-1.12855;1.22141
6069;0.208997;-0.931632;5.76974;1.06837;5.76974;-0.00134054;6.70272;-1.12874;1.22161
6070;0.208997;-0.931632;5.76974;1.06837;5.76974;-0.00134054;6.70272;-1.12892;1.2218
6071;0.208997;-0.931632;5.76974;1.06837;5.76974;-0.00134054;6.70272;-1.12911;1.22199
6072;0.208997;-0.931632;5.76974;1.06837;5.76974;-0.00134054;6.70272;-1.1293;1.22219
6073;0.208997;-0.931632;5.76974;1.06837;5.76974;-0.00134054;6.70272;-1.12949;1.22238
6074;0.208997;-0.931632;5.76974;1.06837;5.76974;-0.00134054;6.70272;-1.12968;1.22257
6075;0.208997;-0.931632;5.76974;1.06837;5.76974;-0.00134054;6.70272;-1.12987;1.22277
6076;0.208997;-0.931632;5.76974;1.06837;5.76974;-0.00134054;6.70272;-1.13006;1.22296
6077;0.208997;-0.931632;5.76974;1.06837;5.76974;-0.00134054;6.70272;-1.13025;1.22315
6078;0.208997;-0.931632;5.76974;1.06837;5.76974;-0.00134054;6.70272;-1.13044;1.22335
6079;0.208997;-0.931632;5.76974;1.06837;5.76974;-0.00134054;6.70272;-1.13063;1.22354
6080;0.208997;-0.931632;5.76974;1.06837;5.76974;-0.00134054;6.70272;-1.13082;1.22373
6081;0.208997;-0.931632;5.76974;1.06837;5.76974;-0.00134054;6.70272;-1.13101;1.22393
6082;0.208997;-0.931632;5.76974;1.06837;5.76974;-0.00134054;6.70272;-1.1312;1.22412
6083;0.208997;-0.931632;5.76974;1.06837;5.76974;-0.00134054;6.70272;-1.13139;1.22432
6084;0.208997;-0.931632;5.76974;1.06837;5.76974;-0.00134054;6.70272;-1.13158;1.22451
6085;0.208997;-0.931632;5.76974;1.06837;5.76974;-0.00134054;6.70272;-1.13177;1.2247
6086;0.208997;-0.931632;5.76974;1.06837;5.76974;-0.00134054;6.70271;-1.13196;1.2249
6087;0.208997;-0.931632;5.76974;1.06837;5.76974;-0.00134054;6.70271;-1.13215;1.22509
6088;0.208997;-0.931632;5.76974;1.06837;5.76974;-0.00134054;6.70271;-1.13234;1.22528
6089;0.208997;-0.931632;5.76974;1.06837;5.76974;-0.00134054;6.70271;-1.13253;1.22548
6090;0.208997;-0.931632;5.76974;1.06837;5.76974;-0.00134054;6.70271;-1.13272;1.22567
6091;0.208997;-0.931632;5.76974;1.06837;5.76974;-0.00134054;6.70271;-1.13291;1.22586
6092;0.208997;-0.931632;5.76974;1.06837;5.76974;-0.00134054;6.70271;-1.1331;1.22606
6093;0.208997;-0.931632;5.76974;1.06837;5.76974;-0.00134054;6.70271;-1.13329;1.22625
6094;0.208997;-0.931632;5.76974;1.06837;5.76974;-0.00134054;6.70271;-1.13348;1.22644
6095;0.208997;-0.931632;5.76974;1.06837;5.76974;-0.00134054;6.70271;-1.13367;1.22664
6096;0.208997;-0.931632;5.76974;1.06837;5.76974;-0.00134054;6.70271;-1.13386;1.22683
6097;0.208997;-0.931632;5.76974;1.06837;5.76974;-0.00134054;6.70271;-1.13405;1.22702
6098;0.208997;-0.931632;5.76974;1.06837;5.76974;-0.00134054;6.70271;-1.13424;1.22722
6099;0.208997;-0.931632;5.76974;1.06837;5.76974;-0.00134054;6.70271;-1.13443;1.22741
6100;0.208997;-0.931632;5.76974;1.06837;5.76974;-0.00134054;6.70271;-1.13462;1.22761
6101;0.208997;-0.931632;5.76974;1.06837;5.76974;-0.00134054;6.70271;-1.13481;1.2278
6102;0.208997;-0.931632;5.76974;1.06837;5.76974;-0.00134054;6.70271;-1.13499;1.22799
6103;0.208997;-0.931632;5.76974;1.06837;5.76974;-0.00134054;6.70271;-1.13518;1.22819
6104;0.208997;-0.931632;5.76974;1.06837;5.76974;-0.00134054;6.70271;-1.13537;1.22838
6105;0.208997;-0.931632;5.76974;1.06837;5.76974;-0.00134054;6.70271;-1.13556;1.22857
6106;0.208997;-0.931632;5.76974;1.06837;5.76974;-0.00134054;6.70271;-1.13575;1.22877
6107;0.208997;-0.931632;5.76974;1.06837;5.76974;-0.00134054;6.70271;-1.13594;1.22896
6108;0.208997;-0.931632;5.76974;1.06837;5.76974;-0.00134054;6.70271;-1.13613;1.22915
6109;0.208997;-0.931632;5.76974;1.06837;5.76974;-0.00134054;6.70271;-1.13632;1.22935
6110;0.208997;-0.931632;5.76974;1.06837;5.76974;-0.00134054;6.70271;-1.13651;1.22954
6111;0.208997;-0.931632;5.76974;1.06837;5.76974;-0.00134054;6.70271;-1.1367;1.22973
6112;0.208997;-0.931632;5.76974;1.06837;5.76974;-0.00134054;6.70271;-1.13689;1.22993
6113;0.208997;-0.931632;5.76974;1.06837;5.76974;-0.00134054;6.70271;-1.13708;1.23012
6114;0.208997;-0.931632;5.76974;1.06837;5.76974;-0.00134054;6.70271;-1.13727;1.23032
6115;0.208997;-0.931632;5.76974;1.06837;5.76974;-0.00134054;6.70271;-1.13746;1.23051
6116;0.208997;-0.931632;5.76974;1.06837;5.76974;-0.00134054;6.70271;-1.13765;1.2307
6117;0.208997;-0.931632;5.76974;1.06837;5.76974;-0.00134054;6.70271;-1.13784;1.2309
6118;0.208997;-0.931632;5.76974;1.06837;5.76974;-0.00134054;6.70271;-1.13803;1.23109
6119;0.208997;-0.931632;5.76974;1.06837;5.76974;-0.00134054;6.70271;-1.13822;1.23128
6120;0.208997;-0.931632;5.76974;1.06837;5.76974;-0.00134054;6.70271;-1.13841;1.23148
6121;0.208997;-0.931632;5.76974;1.06837;5.76974;-0.00134054;6.70271;-1.1386;1.23167
6122;0.208997;-0.931632;5.76974;1.06837;5.76974;-0.00134054;6.70271;-1.13879;1.23186
6123;0.208997;-0.931632;5.76974;1.06837;5.76974;-0.00134054;6.70271;-1.13898;1.23206
6124;0.208997;-0.931632;5.76974;1.06837;5.76974;-0.00134054;6.70271;-1.13917;1.23225
6125;0.208997;-0.931632;5.76974;1.06837;5.76974;-0.00134054;6.70271;-1.13936;1.23244
6126;0.208997;-0.931632;5.76974;1.06837;5.76974;-0.00134054;6.70271;-1.13955;1.23264
6127;0.208997;-0.931632;5.76974;1.06837;5.76974;-0.00134054;6.70271;-1.13974;1.23283
6128;0.208997;-0.931632;5.76974;1.06837;5.76974;-0.00134054;6.70271;-1.13993;1.23302
6129;0.208997;-0.931632;5.76974;1.06837;5.76974;-0.00134054;6.70271;-1.14012;1.23322
6130;0.208997;-0.931632;5.76974;1.06837;5.76974;-0.00134054;6.70271;-1.14031;1.23341
6131;0.208997;-0.931632;5.76974;1.06837;5.76974;-0.00134054;6.70271;-1.1405;1.23361
6132;0.208997;-0.931632;5.76974;1.06837;5.76974;-0.00134054;6.70271;-1.14069;1.2338
6133;0.208997;-0.931632;5.76974;1.06837;5.76974;-0.00134054;6.70271;-1.14088;1.23399
6134;0.208997;-0.931632;5.76974;1.06837;5.76974;-0.00134054;6.70271;-1.14106;1.23419
6135;0.208997;-0.931632;5.76974;1.06837;5.76974;-0.00134054;6.70271;-1.14125;1.23438
6136;0.208997;-0.931632;5.76974;1.06837;5.76974;-0.00134054;6.70271;-1.14144;1.23457
6137;0.208997;-0.931632;5.76974;1.06837;5.76974;-0.00134054;6.70271;-1.14163;1.23477
6138;0.208997;-0.931632;5.76974;1.06837;5.76974;-0.00134054;6.70271;-1.14182;1.23496
6139;0.208997;-0.931632;5.76974;1.06837;5.76974;-0.00134054;6.70271;-1.14201;1.23515
6140;0.208997;-0.931632;5.76974;1.06837;5.76974;-0.00134054;6.70271;-1.1422;1.23535
6141;0.208997;-0.931632;5.76974;1.06837;5.76974;-0.00134054;6.70271;-1.14239;1.23554
6142;0.208997;-0.931632;5.76974;1.06837;5.76974;-0.00134054;6.70271;-1.14258;1.23573
6143;0.208997;-0.931632;5.76974;1.06837;5.76974;-0.00134054;6.70271;-1.14277;1.23593
6144;0.208997;-0.931632;5.76974;1.06837;5.76974;-0.00134054;6.70271;-1.14296;1.23612
6145;0.208997;-0.931632;5.76974;1.06837;5.76974;-0.00134054;6.70271;-1.14315;1.23632
6146;0.208997;-0.931632;5.76974;1.06837;5.76974;-0.00134054;6.70271;-1.14334;1.23651
6147;0.208997;-0.931632;5.76974;1.06837;5.76974;-0.00134054;6.70271;-1.14353;1.2367
6148;0.208997;-0.931632;5.76974;1.06837;5.76974;-0.00134054;6.70271;-1.14372;1.2369
6149;0.208997;-0.931632;5.76974;1.06837;5.76974;-0.00134054;6.70271;-1.14391;1.23709
6150;0.208997;-0.931632;5.76974;1.06837;5.76974;-0.00134054;6.70271;-1.1441;1.23728
6151;0.208997;-0.931632;5.76974;1.06837;5.76974;-0.00134054;6.70271;-1.14429;1.23748
6152;0.208997;-0.931632;5.76974;1.06837;5.76974;-0.00134054;6.70271;-1.14448;1.23767
6153;0.208997;-0.931632;5.76974;1.06837;5.76974;-0.00134054;6.70271;-1.14467;1.23786
6154;0.208997;-0.931632;5.76974;1.06837;5.76974;-0.00134054;6.70271;-1.14486;1.23806
6155;0.208997;-0.931632;5.76974;1.06837;5.76974;-0.00134054;6.70271;-1.14505;1.23825
6156;0.208997;-0.931632;5.76974;1.06837;5.76974;-0.00134054;6.70271;-1.14524;1.23844
6157;0.208997;-0.931632;5.76974;1.06837;5.76974;-0.00134054;6.70271;-1.14543;1.23864
6158;0.208997;-0.931632;5.76974;1.06837;5.76974;-0.00134054;6.70271;-1.14562;1.23883
6159;0.208997;-0.931632;5.76974;1.06837;5.76974;-0.00134054;6.70271;-1.14581;1.23903
6160;0.208997;-0.931632;5.76974;1.06837;5.76974;-0.00134054;6.70271;-1.146;1.23922
6161;0.208997;-0.931632;5.76974;1.06837;5.76974;-0.00134054;6.70271;-1.14619;1.23941
6162;0.208997;-0.931632;5.76974;1.06837;5.76974;-0.00134054;6.70271;-1.14638;1.23961
6163;0.208997;-0.931632;5.76974;1.06837;5.76974;-0.00134054;6.70271;-1.14657;1.2398
6164;0.208997;-0.931632;5.76974;1.06837;5.76974;-0.00134054;6.70271;-1.14676;1.23999
6165;0.208997;-0.931632;5.76974;1.06837;5.76974;-0.00134054;6.70271;-1.14695;1.24019
6166;0.208997;-0.931632;5.76974;1.06837;5.76974;-0.00134054;6.70271;-1.14713;1.24038
6167;0.208997;-0.931632;5.76974;1.06837;5.76974;-0.00134054;6.70271;-1.14732;1.24057
6168;0.208997;-0.931632;5.76974;1.06837;5.76974;-0.00134054;6.70271;-1.14751;1.24077
6169;0.208997;-0.931632;5.76974;1.06837;5.76974;-0.00134054;6.70271;-1.1477;1.24096
6170;0.208997;-0.931632;5.76974;1.06837;5.76974;-0.00134054;6.70271;-1.14789;1.24115
6171;0.208997;-0.931632;5.76974;1.06837;5.76974;-0.00134054;6.70271;-1.14808;1.24135
6172;0.208997;-0.931632;5.76974;1.06837;5.76974;-0.00134054;6.70271;-1.14827;1.24154
6173;0.208997;-0.931632;5.76974;1.06837;5.76974;-0.00134054;6.70271;-1.14846;1.24173
6174;0.208997;-0.931632;5.76974;1.06837;5.76974;-0.00134054;6.70271;-1.14865;1.24193
6175;0.208997;-0.931632;5.76974;1.06837;5.76974;-0.00134054;6.70271;-1.14884;1.24212
6176;0.208997;-0.931632;5.76974;1.06837;5.76974;-0.00134054;6.70271;-1.14903;1.24232
6177;0.208997;-0.931632;5.76974;1.06837;5.76974;-0.00134054;6.70271;-1.14922;1.24251
6178;0.208997;-0.931632;5.76974;1.06837;5.76974;-0.00134054;6.70271;-1.14941;1.2427
6179;0.208997;-0.931632;5.76974;1.06837;5.76974;-0.00134054;6.70271;-1.1496;1.2429
6180;0.208997;-0.931632;5.76974;1.06837;5.76974;-0.00134054;6.70271;-1.14979;1.24309
6181;0.208997;-0.931632;5.76974;1.06837;5.76974;-0.00134054;6.70271;-1.14998;1.24328
6182;0.208997;-0.931632;5.76974;1.06837;5.76974;-0.00134054;6.70271;-1.15017;1.24348
6183;0.208997;-0.931632;5.76974;1.06837;5.76974;-0.00134054;6.70271;-1.15036;1.24367
6184;0.208997;-0.931632;5.76974;1.06837;5.76974;-0.00134054;6.70271;-1.15055;1.24386
6185;0.208997;-0.931632;5.76974;1.06837;5.76974;-0.00134054;6.70271;-1.15074;1.24406
6186;0.208997;-0.931632;5.76974;1.06837;5.76974;-0.00134054;6.70271;-1.15093;1.24425
6187;0.208997;-0.931632;5.76974;1.06837;5.76974;-0.00134054;6.70271;-1.15112;1.24444
6188;0.208997;-0.931632;5.76974;1.06837;5.76974;-0.00134054;6.70271;-1.15131;1.24464
6189;0.208997;-0.931632;5.76974;1.06837;5.76974;-0.00134054;6.70271;-1.1515;1.24483
6190;0.208997;-0.931632;5.76974;1.06837;5.76974;-0.00134054;6.70271;-1.15169;1.24503
6191;0.208997;-0.931632;5.76974;1.06837;5.76974;-0.00134054;6.70271;-1.15188;1.24522
6192;0.208997;-0.931632;5.76974;1.06837;5.76974;-0.00134054;6.70271;-1.15207;1.24541
6193;0.208997;-0.931632;5.76974;1.06837;5.76974;-0.00134054;6.70271;-1.15226;1.24561
6194;0.208997;-0.931632;5.76974;1.06837;5.76974;-0.00134054;6.70271;-1.15245;1.2458
6195;0.208997;-0.931632;5.76974;1.06837;5.76974;-0.00134054;6.70271;-1.15264;1.24599
6196;0.208998;-0.931632;5.76974;1.06837;5.76974;-0.00134054;6.70271;-1.15283;1.24619
6197;0.208998;-0.931632;5.76974;1.06837;5.76974;-0.00134054;6.70271;-1.15302;1.24638
6198;0.208998;-0.931632;5.76974;1.06837;5.76974;-0.00134054;6.70271;-1.1532;1.24657
6199;0.208998;-0.931632;5.76974;1.06837;5.76974;-0.00134054;6.70271;-1.15339;1.24677
6200;0.208998;-0.931632;5.76974;1.06837;5.76974;-0.00134054;6.70271;-1.15358;1.24696
6201;0.208998;-0.931632;5.76974;1.06837;5.76974;-0.00134054;6.70271;-1.15377;1.24715
6202;0.208998;-0.931632;5.76974;1.06837;5.76974;-0.00134054;6.70271;-1.15396;1.24735
6203;0.208998;-0.931632;5.76974;1.06837;5.76974;-0.00134054;6.70271;-1.15415;1.24754
6204;0.208998;-0.931632;5.76974;1.06837;5.76974;-0.00134054;6.70271;-1.15434;1.24773
6205;0.208998;-0.931632;5.76974;1.06837;5.76974;-0.00134054;6.70271;-1.15453;1.24793
6206;0.208998;-0.931632;5.76974;1.06837;5.76974;-0.00134054;6.70271;-1.15472;1.24812
6207;0.208998;-0.931632;5.76974;1.06837;5.76974;-0.00134054;6.70271;-1.15491;1.24832
6208;0.208998;-0.931632;5.76974;1.06837;5.76974;-0.00134054;6.70271;-1.1551;1.24851
6209;0.208998;-0.931632;5.76974;1.06837;5.76974;-0.00134054;6.70271;-1.15529;1.2487
6210;0.208998;-0.931632;5.76974;1.06837;5.76974;-0.00134054;6.70271;-1.15548;1.2489
6211;0.208998;-0.931632;5.76974;1.06837;5.76974;-0.00134054;6.70271;-1.15567;1.24909
6212;0.208998;-0.931632;5.76974;1.06837;5.76974;-0.00134054;6.70271;-1.15586;1.24928
6213;0.208998;-0.931632;5.76974;1.06837;5.76974;-0.00134054;6.70271;-1.15605;1.24948
6214;0.208998;-0.931632;5.76974;1.06837;5.76974;-0.00134054;6.70271;-1.15624;1.24967
6215;0.208998;-0.931632;5.76974;1.06837;5.76974;-0.00134054;6.70271;-1.15643;1.24986
6216;0.208998;-0.931632;5.76974;1.06837;5.76974;-0.00134054;6.70271;-1.15662;1.25006
6217;0.208998;-0.931632;5.76974;1.06837;5.76974;-0.00134054;6.70271;-1.15681;1.25025
6218;0.208998;-0.931632;5.76974;1.06837;5.76974;-0.00134054;6.70271;-1.157;1.25044
6219;0.208998;-0.931632;5.76974;1.06837;5.76974;-0.00134054;6.70271;-1.15719;1.25064
6220;0.208998;-0.931632;5.76974;1.06837;5.76974;-0.00134054;6.70271;-1.15738;1.25083
6221;0.208998;-0.931632;5.76974;1.06837;5.76974;-0.00134054;6.70271;-1.15757;1.25103
6222;0.208998;-0.931632;5.76974;1.06837;5.76974;-0.00134054;6.70271;-1.15776;1.25122
6223;0.208998;-0.931632;5.76974;1.06837;5.76974;-0.00134054;6.70271;-1.15795;1.25141
6224;0.208998;-0.931632;5.76974;1.06837;5.76974;-0.00134054;6.70271;-1.15814;1.25161
6225;0.208998;-0.931632;5.76974;1.06837;5.76974;-0.00134054;6.70271;-1.15833;1.2518
6226;0.208998;-0.931632;5.76974;1.06837;5.76974;-0.00134054;6.70271;-1.15852;1.25199
6227;0.208998;-0.931632;5.76974;1.06837;5.76974;-0.00134054;6.70271;-1.15871;1.25219
6228;0.208998;-0.931632;5.76974;1.06837;5.76974;-0.00134054;6.70271;-1.1589;1.25238
6229;0.208998;-0.931632;5.76974;1.06837;5.76974;-0.00134054;6.70271;-1.15909;1.25257
6230;0.208998;-0.931632;5.76974;1.06837;5.76974;-0.00134054;6.70271;-1.15927;1.25277
6231;0.208998;-0.931632;5.76974;1.06837;5.76974;-0.00134054;6.70271;-1.15946;1.25296
6232;0.208998;-0.931632;5.76974;1.06837;5.76974;-0.00134054;6.70271;-1.15965;1.25315
6233;0.208998;-0.931632;5.76974;1.06837;5.76974;-0.00134054;6.70271;-1.15984;1.25335
6234;0.208998;-0.931632;5.76974;1.06837;5.76974;-0.00134054;6.70271;-1.16003;1.25354
6235;0.208998;-0.931632;5.76974;1.06837;5.76974;-0.00134054;6.70271;-1.16022;1.25374
6236;0.208998;-0.931632;5.76974;1.06837;5.76974;-0.00134054;6.70271;-1.16041;1.25393
6237;0.208998;-0.931632;5.76974;1.06837;5.76974;-0.00134054;6.70271;-1.1606;1.25412
6238;0.208998;-0.931632;5.76974;1.06837;5.76974;-0.00134054;6.70271;-1.16079;1.25432
6239;0.208998;-0.931632;5.76974;1.06837;5.76974;-0.00134054;6.70271;-1.16098;1.25451
6240;0.208998;-0.931632;5.76974;1.06837;5.76974;-0.00134054;6.70271;-1.16117;1.2547
6241;0.208998;-0.931632;5.76974;1.06837;5.76974;-0.00134054;6.70271;-1.16136;1.2549
6242;0.208998;-0.931632;5.76974;1.06837;5.76974;-0.00134054;6.70271;-1.16155;1.25509
6243;0.208998;-0.931632;5.76974;1.06837;5.76974;-0.00134054;6.70271;-1.16174;1.25528
6244;0.208998;-0.931632;5.76974;1.06837;5.76974;-0.00134054;6.70271;-1.16193;1.25548
6245;0.208998;-0.931632;5.76974;1.06837;5.76974;-0.00134054;6.70271;-1.16212;1.25567
6246;0.208998;-0.931632;5.76974;1.06837;5.76974;-0.00134054;6.70271;-1.16231;1.25586
6247;0.208998;-0.931632;5.76974;1.06837;5.76974;-0.00134054;6.70271;-1.1625;1.25606
6248;0.208998;-0.931632;5.76974;1.06837;5.76974;-0.00134054;6.70271;-1.16269;1.25625
6249;0.208998;-0.931632;5.76974;1.06837;5.76974;-0.00134054;6.70271;-1.16288;1.25644
6250;0.208998;-0.931632;5.76974;1.06837;5.76974;-0.00134054;6.70271;-1.16307;1.25664
6251;0.208998;-0.931632;5.76974;1.06837;5.76974;-0.00134054;6.70271;-1.16326;1.25683
6252;0.208998;-0.931632;5.76974;1.06837;5.76974;-0.00134054;6.70271;-1.16345;1.25703
6253;0.208998;-0.931632;5.76974;1.06837;5.76974;-0.00134054;6.70271;-1.16364;1.25722
6254;0.208998;-0.931632;5.76974;1.06837;5.76974;-0.00134054;6.70271;-1.16383;1.25741
6255;0.208998;-0.931632;5.76974;1.06837;5.76974;-0.00134054;6.70271;-1.16402;1.25761
6256;0.208998;-0.931632;5.76974;1.06837;5.76974;-0.00134054;6.70271;-1.16421;1.2578
6257;0.208998;-0.931632;5.76974;1.06837;5.76974;-0.00134054;6.70271;-1.1644;1.25799
6258;0.208998;-0.931632;5.76974;1.06837;5.76974;-0.00134054;6.70271;-1.16459;1.25819
6259;0.208998;-0.931632;5.76974;1.06837;5.76974;-0.00134054;6.70271;-1.16478;1.25838
6260;0.208998;-0.931632;5.76974;1.06837;5.76974;-0.00134054;6.70271;-1.16497;1.25857
6261;0.208998;-0.931632;5.76974;1.06837;5.76974;-0.00134054;6.70271;-1.16516;1.25877
6262;0.208998;-0.931632;5.76974;1.06837;5.76974;-0.00134054;6.70271;-1.16534;1.25896
6263;0.208998;-0.931632;5.76974;1.06837;5.76974;-0.00134054;6.70271;-1.16553;1.25915
6264;0.208998;-0.931632;5.76973;1.06837;5.76973;-0.00134054;6.70271;-1.16572;1.25935
6265;0.208998;-0.931632;5.76973;1.06837;5.76973;-0.00134054;6.70271;-1.16591;1.25954
6266;0.208998;-0.931632;5.76973;1.06837;5.76973;-0.00134054;6.70271;-1.1661;1.25974
6267;0.208998;-0.931632;5.76973;1.06837;5.76973;-0.00134054;6.70271;-1.16629;1.25993
6268;0.208998;-0.931632;5.76973;1.06837;5.76973;-0.00134054;6.70271;-1.16648;1.26012
6269;0.208998;-0.931632;5.76973;1.06837;5.76973;-0.00134054;6.70271;-1.16667;1.26032
6270;0.208998;-0.931632;5.76973;1.06837;5.76973;-0.00134054;6.70271;-1.16686;1.26051
6271;0.208998;-0.931632;5.76973;1.06837;5.76973;-0.00134054;6.70271;-1.16705;1.2607
6272;0.208998;-0.931632;5.76973;1.06837;5.76973;-0.00134054;6.70271;-1.16724;1.2609
6273;0.208998;-0.931632;5.76973;1.06837;5.76973;-0.00134054;6.70271;-1.16743;1.26109
6274;0.208998;-0.931632;5.76973;1.06837;5.76973;-0.00134054;6.70271;-1.16762;1.26128
6275;0.208998;-0.931632;5.76973;1.06837;5.76973;-0.00134054;6.70271;-1.16781;1.26148
6276;0.208998;-0.931632;5.76973;1.06837;5.76973;-0.00134054;6.70271;-1.168;1.26167
6277;0.208998;-0.931632;5.76973;1.06837;5.76973;-0.00134054;6.70271;-1.16819;1.26186
6278;0.208998;-0.931632;5.76973;1.06837;5.76973;-0.00134054;6.70271;-1.16838;1.26206
6279;0.208998;-0.931632;5.76973;1.06837;5.76973;-0.00134054;6.70271;-1.16857;1.26225
6280;0.208998;-0.931632;5.76973;1.06837;5.76973;-0.00134054;6.70271;-1.16876;1.26244
6281;0.208998;-0.931632;5.76973;1.06837;5.76973;-0.00134054;6.70271;-1.16895;1.26264
6282;0.208998;-0.931632;5.76973;1.06837;5.76973;-0.00134054;6.70271;-1.16914;1.26283
6283;0.208998;-0.931632;5.76973;1.06837;5.76973;-0.00134054;6.70271;-1.16933;1.26303
6284;0.208998;-0.931632;5.76973;1.06837;5.76973;-0.00134054;6.70271;-1.16952;1.26322
6285;0.208998;-0.931632;5.76973;1.06837;5.76973;-0.00134054;6.70271;-1.16971;1.26341
6286;0.208998;-0.931632;5.76973;1.06837;5.76973;-0.00134054;6.70271;-1.1699;1.26361
6287;0.208998;-0.931632;5.76973;1.06837;5.76973;-0.00134054;6.70271;-1.17009;1.2638
6288;0.208998;-0.931632;5.76973;1.06837;5.76973;-0.00134054;6.70271;-1.17028;1.26399
6289;0.208998;-0.931632;5.76973;1.06837;5.76973;-0.00134054;6.70271;-1.17047;1.26419
6290;0.208998;-0.931632;5.76973;1.06837;5.76973;-0.00134054;6.70271;-1.17066;1.26438
6291;0.208998;-0.931632;5.76973;1.06837;5.76973;-0.00134054;6.70271;-1.17085;1.26457
6292;0.208998;-0.931632;5.76973;1.06837;5.76973;-0.00134054;6.70271;-1.17104;1.26477
6293;0.208998;-0.931632;5.76973;1.06837;5.76973;-0.00134054;6.70271;-1.17123;1.26496
6294;0.208998;-0.931632;5.76973;1.06837;5.76973;-0.00134054;6.70271;-1.17141;1.26515
6295;0.208998;-0.931632;5.76973;1.06837;5.76973;-0.00134054;6.70271;-1.1716;1.26535
6296;0.208998;-0.931632;5.76973;1.06837;5.76973;-0.00134054;6.70271;-1.17179;1.26554
6297;0.208998;-0.931632;5.76973;1.06837;5.76973;-0.00134054;6.70271;-1.17198;1.26574
6298;0.208998;-0.931632;5.76973;1.06837;5.76973;-0.00134054;6.70271;-1.17217;1.26593
6299;0.208998;-0.931632;5.76973;1.06837;5.76973;-0.00134054;6.70271;-1.17236;1.26612
6300;0.208998;-0.931632;5.76973;1.06837;5.76973;-0.00134054;6.70271;-1.17255;1.26632
6301;0.208998;-0.931632;5.76973;1.06837;5.76973;-0.00134054;6.70271;-1.17274;1.26651
6302;0.208998;-0.931632;5.76973;1.06837;5.76973;-0.00134054;6.70271;-1.17293;1.2667
6303;0.208998;-0.931632;5.76973;1.06837;5.76973;-0.00134054;6.70271;-1.17312;1.2669
6304;0.208998;-0.931632;5.76973;1.06837;5.76973;-0.00134054;6.70271;-1.17331;1.26709
6305;0.208998;-0.931632;5.76973;1.06837;5.76973;-0.00134054;6.70271;-1.1735;1.26728
6306;0.208998;-0.931632;5.76973;1.06837;5.76973;-0.00134054;6.70271;-1.17369;1.26748
6307;0.208998;-0.931632;5.76973;1.06837;5.76973;-0.00134054;6.70271;-1.17388;1.26767
6308;0.208998;-0.931632;5.76973;1.06837;5.76973;-0.00134054;6.70271;-1.17407;1.26786
6309;0.208998;-0.931632;5.76973;1.06837;5.76973;-0.00134054;6.70271;-1.17426;1.26806
6310;0.208998;-0.931632;5.76973;1.06837;5.76973;-0.00134054;6.70271;-1.17445;1.26825
6311;0.208998;-0.931632;5.76973;1.06837;5.76973;-0.00134054;6.70271;-1.17464;1.26845
6312;0.208998;-0.931632;5.76973;1.06837;5.76973;-0.00134054;6.70271;-1.17483;1.26864
6313;0.208998;-0.931632;5.76973;1.06837;5.76973;-0.00134054;6.70271;-1.17502;1.26883
6314;0.208998;-0.931632;5.76973;1.06837;5.76973;-0.00134054;6.70271;-1.17521;1.26903
6315;0.208998;-0.931632;5.76973;1.06837;5.76973;-0.00134054;6.70271;-1.1754;1.26922
6316;0.208998;-0.931632;5.76973;1.06837;5.76973;-0.00134054;6.70271;-1.17559;1.26941
6317;0.208998;-0.931632;5.76973;1.06837;5.76973;-0.00134054;6.70271;-1.17578;1.26961
6318;0.208998;-0.931632;5.76973;1.06837;5.76973;-0.00134054;6.70271;-1.17597;1.2698
6319;0.208998;-0.931632;5.76973;1.06837;5.76973;-0.00134054;6.70271;-1.17616;1.26999
6320;0.208998;-0.931632;5.76973;1.06837;5.76973;-0.00134054;6.70271;-1.17635;1.27019
6321;0.208998;-0.931632;5.76973;1.06837;5.76973;-0.00134054;6.70271;-1.17654;1.27038
6322;0.208998;-0.931632;5.76973;1.06837;5.76973;-0.00134054;6.70271;-1.17673;1.27057
6323;0.208998;-0.931632;5.76973;1.06837;5.76973;-0.00134054;6.70271;-1.17692;1.27077
6324;0.208998;-0.931632;5.76973;1.06837;5.76973;-0.00134054;6.70271;-1.17711;1.27096
6325;0.208998;-0.931632;5.76973;1.06837;5.76973;-0.00134054;6.70271;-1.17729;1.27115
6326;0.208998;-0.931632;5.76973;1.06837;5.76973;-0.00134054;6.70271;-1.17748;1.27135
6327;0.208998;-0.931632;5.76973;1.06837;5.76973;-0.00134054;6.70271;-1.17767;1.27154
6328;0.208998;-0.931632;5.76973;1.06837;5.76973;-0.00134054;6.70271;-1.17786;1.27174
6329;0.208998;-0.931632;5.76973;1.06837;5.76973;-0.00134054;6.70271;-1.17805;1.27193
6330;0.208998;-0.931632;5.76973;1.06837;5.76973;-0.00134054;6.70271;-1.17824;1.27212
6331;0.208998;-0.931632;5.76973;1.06837;5.76973;-0.00134054;6.70271;-1.17843;1.27232
6332;0.208998;-0.931632;5.76973;1.06837;5.76973;-0.00134054;6.70271;-1.17862;1.27251
6333;0.208998;-0.931632;5.76973;1.06837;5.76973;-0.00134054;6.70271;-1.17881;1.2727
6334;0.208998;-0.931632;5.76973;1.06837;5.76973;-0.00134054;6.70271;-1.179;1.2729
6335;0.208998;-0.931632;5.76973;1.06837;5.76973;-0.00134054;6.70271;-1.17919;1.27309
6336;0.208998;-0.931632;5.76973;1.06837;5.76973;-0.00134054;6.70271;-1.17938;1.27328
6337;0.208998;-0.931632;5.76973;1.06837;5.76973;-0.00134054;6.7027;-1.17957;1.27348
6338;0.208998;-0.931632;5.76973;1.06837;5.76973;-0.00134054;6.7027;-1.17976;1.27367
6339;0.208998;-0.931632;5.76973;1.06837;5.76973;-0.00134054;6.7027;-1.17995;1.27386
6340;0.208998;-0.931632;5.76973;1.06837;5.76973;-0.00134054;6.7027;-1.18014;1.27406
6341;0.208998;-0.931632;5.76973;1.06837;5.76973;-0.00134054;6.7027;-1.18033;1.27425
6342;0.208998;-0.931632;5.76973;1.06837;5.76973;-0.00134054;6.7027;-1.18052;1.27445
6343;0.208998;-0.931632;5.76973;1.06837;5.76973;-0.00134054;6.7027;-1.18071;1.27464
6344;0.208998;-0.931632;5.76973;1.06837;5.76973;-0.00134054;6.7027;-1.1809;1.27483
6345;0.208998;-0.931632;5.76973;1.06837;5.76973;-0.00134054;6.7027;-1.18109;1.27503
6346;0.208998;-0.931632;5.76973;1.06837;5.76973;-0.00134054;6.7027;-1.18128;1.27522
6347;0.208998;-0.931632;5.76973;1.06837;5.76973;-0.00134054;6.7027;-1.18147;1.27541
6348;0.208998;-0.931632;5.76973;1.06837;5.76973;-0.00134054;6.7027;-1.18166;1.27561
6349;0.208998;-0.931632;5.76973;1.06837;5.76973;-0.00134054;6.7027;-1.18185;1.2758
6350;0.208998;-0.931632;5.76973;1.06837;5.76973;-0.00134054;6.7027;-1.18204;1.27599
6351;0.208998;-0.931632;5.76973;1.06837;5.76973;-0.00134054;6.7027;-1.18223;1.27619
6352;0.208998;-0.931632;5.76973;1.06837;5.76973;-0.00134054;6.7027;-1.18242;1.27638
6353;0.208998;-0.931632;5.76973;1.06837;5.76973;-0.00134054;6.7027;-1.18261;1.27657
6354;0.208998;-0.931632;5.76973;1.06837;5.76973;-0.00134054;6.7027;-1.1828;1.27677
6355;0.208998;-0.931632;5.76973;1.06837;5.76973;-0.00134054;6.7027;-1.18299;1.27696
6356;0.208998;-0.931632;5.76973;1.06837;5.76973;-0.00134054;6.7027;-1.18318;1.27715
6357;0.208998;-0.931632;5.76973;1.06837;5.76973;-0.00134054;6.7027;-1.18336;1.27735
6358;0.208998;-0.931632;5.76973;1.06837;5.76973;-0.00134054;6.7027;-1.18355;1.27754
6359;0.208998;-0.931632;5.76973;1.06837;5.76973;-0.00134054;6.7027;-1.18374;1.27774
6360;0.208998;-0.931632;5.76973;1.06837;5.76973;-0.00134054;6.7027;-1.18393;1.27793
6361;0.208998;-0.931632;5.76973;1.06837;5.76973;-0.00134054;6.7027;-1.18412;1.27812
6362;0.208998;-0.931632;5.76973;1.06837;5.76973;-0.00134054;6.7027;-1.18431;1.27832
6363;0.208998;-0.931632;5.76973;1.06837;5.76973;-0.00134054;6.7027;-1.1845;1.27851
6364;0.208998;-0.931632;5.76973;1.06837;5.76973;-0.00134054;6.7027;-1.18469;1.2787
6365;0.208998;-0.931632;5.76973;1.06837;5.76973;-0.00134054;6.7027;-1.18488;1.2789
6366;0.208998;-0.931632;5.76973;1.06837;5.76973;-0.00134054;6.7027;-1.18507;1.27909
6367;0.208998;-0.931632;5.76973;1.06837;5.76973;-0.00134054;6.7027;-1.18526;1.27928
6368;0.208998;-0.931632;5.76973;1.06837;5.76973;-0.00134054;6.7027;-1.18545;1.27948
6369;0.208998;-0.931632;5.76973;1.06837;5.76973;-0.00134054;6.7027;-1.18564;1.27967
6370;0.208998;-0.931632;5.76973;1.06837;5.76973;-0.00134054;6.7027;-1.18583;1.27986
6371;0.208998;-0.931632;5.76973;1.06837;5.76973;-0.00134054;6.7027;-1.18602;1.28006
6372;0.208998;-0.931632;5.76973;1.06837;5.76973;-0.00134054;6.7027;-1.18621;1.28025
6373;0.208998;-0.931632;5.76973;1.06837;5.76973;-0.00134054;6.7027;-1.1864;1.28045
6374;0.208998;-0.931632;5.76973;1.06837;5.76973;-0.00134054;6.7027;-1.18659;1.28064
6375;0.208998;-0.931632;5.76973;1.06837;5.76973;-0.00134054;6.7027;-1.18678;1.28083
6376;0.208998;-0.931632;5.76973;1.06837;5.76973;-0.00134054;6.7027;-1.18697;1.28103
6377;0.208998;-0.931632;5.76973;1.06837;5.76973;-0.00134054;6.7027;-1.18716;1.28122
6378;0.208998;-0.931632;5.76973;1.06837;5.76973;-0.00134054;6.7027;-1.18735;1.28141
6379;0.208998;-0.931632;5.76973;1.06837;5.76973;-0.00134054;6.7027;-1.18754;1.28161
6380;0.208998;-0.931632;5.76973;1.06837;5.76973;-0.00134054;6.7027;-1.18773;1.2818
6381;0.208998;-0.931632;5.76973;1.06837;5.76973;-0.00134054;6.7027;-1.18792;1.28199
6382;0.208998;-0.931632;5.76973;1.06837;5.76973;-0.00134054;6.7027;-1.18811;1.28219
6383;0.208998;-0.931632;5.76973;1.06837;5.76973;-0.00134054;6.7027;-1.1883;1.28238
6384;0.208998;-0.931632;5.76973;1.06837;5.76973;-0.00134054;6.7027;-1.18849;1.28257
6385;0.208998;-0.931632;5.76973;1.06837;5.76973;-0.00134054;6.7027;-1.18868;1.28277
6386;0.208998;-0.931632;5.76973;1.06837;5.76973;-0.00134054;6.7027;-1.18887;1.28296
6387;0.208998;-0.931632;5.76973;1.06837;5.76973;-0.00134054;6.7027;-1.18906;1.28316
6388;0.208998;-0.931632;5.76973;1.06837;5.76973;-0.00134054;6.7027;-1.18925;1.28335
6389;0.208998;-0.931632;5.76973;1.06837;5.76973;-0.00134054;6.7027;-1.18943;1.28354
6390;0.208998;-0.931632;5.76973;1.06837;5.76973;-0.00134054;6.7027;-1.18962;1.28374
6391;0.208998;-0.931632;5.76973;1.06837;5.76973;-0.00134054;6.7027;-1.18981;1.28393
6392;0.208998;-0.931632;5.76973;1.06837;5.76973;-0.00134054;6.7027;-1.19;1.28412
6393;0.208998;-0.931632;5.76973;1.06837;5.76973;-0.00134054;6.7027;-1.19019;1.28432
6394;0.208998;-0.931632;5.76973;1.06837;5.76973;-0.00134054;6.7027;-1.19038;1.28451
6395;0.208998;-0.931632;5.76973;1.06837;5.76973;-0.00134054;6.7027;-1.19057;1.2847
6396;0.208998;-0.931632;5.76973;1.06837;5.76973;-0.00134054;6.7027;-1.19076;1.2849
6397;0.208998;-0.931632;5.76973;1.06837;5.76973;-0.00134054;6.7027;-1.19095;1.28509
6398;0.208998;-0.931632;5.76973;1.06837;5.76973;-0.00134054;6.7027;-1.19114;1.28528
6399;0.208998;-0.931632;5.76973;1.06837;5.76973;-0.00134054;6.7027;-1.19133;1.28548
6400;0.208998;-0.931632;5.76973;1.06837;5.76973;-0.00134054;6.7027;-1.19152;1.28567
6401;0.208998;-0.931632;5.76973;1.06837;5.76973;-0.00134054;6.7027;-1.19171;1.28586
6402;0.208998;-0.931632;5.76973;1.06837;5.76973;-0.00134054;6.7027;-1.1919;1.28606
6403;0.208998;-0.931632;5.76973;1.06837;5.76973;-0.00134054;6.7027;-1.19209;1.28625
6404;0.208998;-0.931632;5.76973;1.06837;5.76973;-0.00134054;6.7027;-1.19228;1.28645
6405;0.208998;-0.931632;5.76973;1.06837;5.76973;-0.00134054;6.7027;-1.19247;1.28664
6406;0.208998;-0.931632;5.76973;1.06837;5.76973;-0.00134054;6.7027;-1.19266;1.28683
6407;0.208998;-0.931632;5.76973;1.06837;5.76973;-0.00134054;6.7027;-1.19285;1.28703
6408;0.208998;-0.931632;5.76973;1.06837;5.76973;-0.00134054;6.7027;-1.19304;1.28722
6409;0.208998;-0.931632;5.76973;1.06837;5.76973;-0.00134054;6.7027;-1.19323;1.28741
6410;0.208998;-0.931632;5.76973;1.06837;5.76973;-0.00134054;6.7027;-1.19342;1.28761
6411;0.208998;-0.931632;5.76973;1.06837;5.76973;-0.00134054;6.7027;-1.19361;1.2878
6412;0.208998;-0.931632;5.76973;1.06837;5.76973;-0.00134054;6.7027;-1.1938;1.28799
6413;0.208998;-0.931632;5.76973;1.06837;5.76973;-0.00134054;6.7027;-1.19399;1.28819
6414;0.208998;-0.931632;5.76973;1.06837;5.76973;-0.00134054;6.7027;-1.19418;1.28838
6415;0.208998;-0.931632;5.76973;1.06837;5.76973;-0.00134054;6.7027;-1.19437;1.28857
6416;0.208998;-0.931632;5.76973;1.06837;5.76973;-0.00134054;6.7027;-1.19456;1.28877
6417;0.208998;-0.931632;5.76973;1.06837;5.76973;-0.00134054;6.7027;-1.19475;1.28896
6418;0.208998;-0.931632;5.76973;1.06837;5.76973;-0.00134054;6.7027;-1.19494;1.28916
6419;0.208998;-0.931632;5.76973;1.06837;5.76973;-0.00134054;6.7027;-1.19513;1.28935
6420;0.208998;-0.931632;5.76973;1.06837;5.76973;-0.00134054;6.7027;-1.19532;1.28954
6421;0.208998;-0.931632;5.76973;1.06837;5.76973;-0.00134054;6.7027;-1.1955;1.28974
6422;0.208998;-0.931632;5.76973;1.06837;5.76973;-0.00134054;6.7027;-1.19569;1.28993
6423;0.208998;-0.931632;5.76973;1.06837;5.76973;-0.00134054;6.7027;-1.19588;1.29012
6424;0.208998;-0.931632;5.76973;1.06837;5.76973;-0.00134054;6.7027;-1.19607;1.29032
6425;0.208998;-0.931632;5.76973;1.06837;5.76973;-0.00134054;6.7027;-1.19626;1.29051
6426;0.208998;-0.931632;5.76973;1.06837;5.76973;-0.00134054;6.7027;-1.19645;1.2907
6427;0.208998;-0.931632;5.76973;1.06837;5.76973;-0.00134054;6.7027;-1.19664;1.2909
6428;0.208998;-0.931632;5.76973;1.06837;5.76973;-0.00134054;6.7027;-1.19683;1.29109
6429;0.208998;-0.931632;5.76973;1.06837;5.76973;-0.00134054;6.7027;-1.19702;1.29128
6430;0.208998;-0.931632;5.76973;1.06837;5.76973;-0.00134054;6.7027;-1.19721;1.29148
6431;0.208998;-0.931632;5.76973;1.06837;5.76973;-0.00134054;6.7027;-1.1974;1.29167
6432;0.208998;-0.931632;5.76973;1.06837;5.76973;-0.00134054;6.7027;-1.19759;1.29186
6433;0.208998;-0.931632;5.76973;1.06837;5.76973;-0.00134054;6.7027;-1.19778;1.29206
6434;0.208998;-0.931632;5.76973;1.06837;5.76973;-0.00134054;6.7027;-1.19797;1.29225
6435;0.208998;-0.931632;5.76973;1.06837;5.76973;-0.00134054;6.7027;-1.19816;1.29245
6436;0.208998;-0.931632;5.76973;1.06837;5.76973;-0.00134054;6.7027;-1.19835;1.29264
6437;0.208998;-0.931632;5.76973;1.06837;5.76973;-0.00134054;6.7027;-1.19854;1.29283
6438;0.208998;-0.931632;5.76973;1.06837;5.76973;-0.00134054;6.7027;-1.19873;1.29303
6439;0.208998;-0.931632;5.76973;1.06837;5.76973;-0.00134054;6.7027;-1.19892;1.29322
6440;0.208998;-0.931632;5.76973;1.06837;5.76973;-0.00134054;6.7027;-1.19911;1.29341
6441;0.208998;-0.931632;5.76973;1.06837;5.76973;-0.00134054;6.7027;-1.1993;1.29361
6442;0.208998;-0.931632;5.76973;1.06837;5.76973;-0.00134054;6.7027;-1.19949;1.2938
6443;0.208998;-0.931632;5.76973;1.06837;5.76973;-0.00134054;6.7027;-1.19968;1.29399
6444;0.208998;-0.931632;5.76973;1.06837;5.76973;-0.00134054;6.7027;-1.19987;1.29419
6445;0.208998;-0.931632;5.76973;1.06837;5.76973;-0.00134054;6.7027;-1.20006;1.29438
6446;0.208998;-0.931632;5.76973;1.06837;5.76973;-0.00134054;6.7027;-1.20025;1.29457
6447;0.208998;-0.931632;5.76973;1.06837;5.76973;-0.00134054;6.7027;-1.20044;1.29477
6448;0.208998;-0.931632;5.76973;1.06837;5.76973;-0.00134054;6.7027;-1.20063;1.29496
6449;0.208998;-0.931632;5.76973;1.06837;5.76973;-0.00134054;6.7027;-1.20082;1.29516
6450;0.208998;-0.931632;5.76973;1.06837;5.76973;-0.00134054;6.7027;-1.20101;1.29535
6451;0.208998;-0.931632;5.76973;1.06837;5.76973;-0.00134054;6.7027;-1.2012;1.29554
6452;0.208998;-0.931632;5.76973;1.06837;5.76973;-0.00134054;6.7027;-1.20139;1.29574
6453;0.208998;-0.931632;5.76973;1.06837;5.76973;-0.00134054;6.7027;-1.20157;1.29593
6454;0.208998;-0.931632;5.76973;1.06837;5.76973;-0.00134054;6.7027;-1.20176;1.29612
6455;0.208998;-0.931632;5.76973;1.06837;5.76973;-0.00134054;6.7027;-1.20195;1.29632
6456;0.208998;-0.931632;5.76973;1.06837;5.76973;-0.00134054;6.7027;-1.20214;1.29651
6457;0.208998;-0.931632;5.76973;1.06837;5.76973;-0.00134054;6.7027;-1.20233;1.2967
6458;0.208998;-0.931632;5.76973;1.06837;5.76973;-0.00134054;6.7027;-1.20252;1.2969
6459;0.208998;-0.931632;5.76973;1.06837;5.76973;-0.00134054;6.7027;-1.20271;1.29709
6460;0.208998;-0.931632;5.76973;1.06837;5.76973;-0.00134054;6.7027;-1.2029;1.29728
6461;0.208998;-0.931632;5.76973;1.06837;5.76973;-0.00134054;6.7027;-1.20309;1.29748
6462;0.208998;-0.931632;5.76973;1.06837;5.76973;-0.00134054;6.7027;-1.20328;1.29767
6463;0.208998;-0.931632;5.76973;1.06837;5.76973;-0.00134054;6.7027;-1.20347;1.29787
6464;0.208998;-0.931632;5.76973;1.06837;5.76973;-0.00134054;6.7027;-1.20366;1.29806
6465;0.208998;-0.931632;5.76973;1.06837;5.76973;-0.00134054;6.7027;-1.20385;1.29825
6466;0.208998;-0.931632;5.76973;1.06837;5.76973;-0.00134054;6.7027;-1.20404;1.29845
6467;0.208998;-0.931632;5.76973;1.06837;5.76973;-0.00134054;6.7027;-1.20423;1.29864
6468;0.208998;-0.931632;5.76973;1.06837;5.76973;-0.00134054;6.7027;-1.20442;1.29883
6469;0.208998;-0.931632;5.76973;1.06837;5.76973;-0.00134054;6.7027;-1.20461;1.29903
6470;0.208998;-0.931632;5.76973;1.06837;5.76973;-0.00134054;6.7027;-1.2048;1.29922
6471;0.208998;-0.931632;5.76973;1.06837;5.76973;-0.00134054;6.7027;-1.20499;1.29941
6472;0.208998;-0.931632;5.76973;1.06837;5.76973;-0.00134054;6.7027;-1.20518;1.29961
6473;0.208998;-0.931632;5.76973;1.06837;5.76973;-0.00134054;6.7027;-1.20537;1.2998
6474;0.208998;-0.931632;5.76973;1.06837;5.76973;-0.00134054;6.7027;-1.20556;1.29999
6475;0.208998;-0.931632;5.76973;1.06837;5.76973;-0.00134054;6.7027;-1.20575;1.30019
6476;0.208998;-0.931632;5.76973;1.06837;5.76973;-0.00134054;6.7027;-1.20594;1.30038
6477;0.208998;-0.931632;5.76973;1.06837;5.76973;-0.00134054;6.7027;-1.20613;1.30057
6478;0.208998;-0.931632;5.76973;1.06837;5.76973;-0.00134054;6.7027;-1.20632;1.30077
6479;0.208998;-0.931632;5.76973;1.06837;5.76973;-0.00134054;6.7027;-1.20651;1.30096
6480;0.208998;-0.931632;5.76973;1.06837;5.76973;-0.00134054;6.7027;-1.2067;1.30116
6481;0.208998;-0.931632;5.76973;1.06837;5.76973;-0.00134054;6.7027;-1.20689;1.30135
6482;0.208998;-0.931632;5.76973;1.06837;5.76973;-0.00134054;6.7027;-1.20708;1.30154
6483;0.208998;-0.931632;5.76973;1.06837;5.76973;-0.00134054;6.7027;-1.20727;1.30174
6484;0.208998;-0.931632;5.76973;1.06837;5.76973;-0.00134054;6.7027;-1.20746;1.30193
6485;0.208998;-0.931632;5.76973;1.06837;5.76973;-0.00134054;6.7027;-1.20764;1.30212
6486;0.208998;-0.931632;5.76973;1.06837;5.76973;-0.00134054;6.7027;-1.20783;1.30232
6487;0.208998;-0.931632;5.76973;1.06837;5.76973;-0.00134054;6.7027;-1.20802;1.30251
6488;0.208998;-0.931632;5.76973;1.06837;5.76973;-0.00134054;6.7027;-1.20821;1.3027
6489;0.208998;-0.931632;5.76973;1.06837;5.76973;-0.00134054;6.7027;-1.2084;1.3029
6490;0.208998;-0.931632;5.76973;1.06837;5.76973;-0.00134054;6.7027;-1.20859;1.30309
6491;0.208998;-0.931632;5.76973;1.06837;5.76973;-0.00134054;6.7027;-1.20878;1.30328
6492;0.208998;-0.931632;5.76973;1.06837;5.76973;-0.00134054;6.7027;-1.20897;1.30348
6493;0.208998;-0.931632;5.76973;1.06837;5.76973;-0.00134054;6.7027;-1.20916;1.30367
6494;0.208998;-0.931632;5.76973;1.06837;5.76973;-0.00134054;6.7027;-1.20935;1.30387
6495;0.208998;-0.931632;5.76973;1.06837;5.76973;-0.00134054;6.7027;-1.20954;1.30406
6496;0.208998;-0.931632;5.76973;1.06837;5.76973;-0.00134054;6.7027;-1.20973;1.30425
6497;0.208998;-0.931632;5.76973;1.06837;5.76973;-0.00134054;6.7027;-1.20992;1.30445
6498;0.208998;-0.931632;5.76973;1.06837;5.76973;-0.00134054;6.7027;-1.21011;1.30464
6499;0.208998;-0.931632;5.76973;1.06837;5.76973;-0.00134054;6.7027;-1.2103;1.30483
6500;0.208998;-0.931632;5.76973;1.06837;5.76973;-0.00134054;6.7027;-1.21049;1.30503
6501;0.208998;-0.931632;5.76973;1.06837;5.76973;-0.00134054;6.7027;-1.21068;1.30522
6502;0.208998;-0.931632;5.76973;1.06837;5.76973;-0.00134054;6.7027;-1.21087;1.30541
6503;0.208998;-0.931632;5.76973;1.06837;5.76973;-0.00134054;6.7027;-1.21106;1.30561
6504;0.208998;-0.931632;5.76973;1.06837;5.76973;-0.00134054;6.7027;-1.21125;1.3058
6505;0.208998;-0.931632;5.76973;1.06837;5.76973;-0.00134054;6.7027;-1.21144;1.30599
6506;0.208998;-0.931632;5.76973;1.06837;5.76973;-0.00134054;6.7027;-1.21163;1.30619
6507;0.208998;-0.931632;5.76973;1.06837;5.76973;-0.00134054;6.7027;-1.21182;1.30638
6508;0.208998;-0.931632;5.76973;1.06837;5.76973;-0.00134054;6.7027;-1.21201;1.30657
6509;0.208998;-0.931632;5.76973;1.06837;5.76973;-0.00134054;6.7027;-1.2122;1.30677
6510;0.208998;-0.931632;5.76973;1.06837;5.76973;-0.00134054;6.7027;-1.21239;1.30696
6511;0.208998;-0.931632;5.76973;1.06837;5.76973;-0.00134054;6.7027;-1.21258;1.30716
6512;0.208998;-0.931632;5.76973;1.06837;5.76973;-0.00134054;6.7027;-1.21277;1.30735
6513;0.208998;-0.931632;5.76972;1.06837;5.76972;-0.00134054;6.7027;-1.21296;1.30754
6514;0.208998;-0.931632;5.76972;1.06837;5.76972;-0.00134054;6.7027;-1.21315;1.30774
6515;0.208998;-0.931632;5.76972;1.06837;5.76972;-0.00134054;6.7027;-1.21334;1.30793
6516;0.208998;-0.931632;5.76972;1.06837;5.76972;-0.00134054;6.7027;-1.21353;1.30812
6517;0.208998;-0.931632;5.76972;1.06837;5.76972;-0.00134054;6.7027;-1.21371;1.30832
6518;0.208998;-0.931632;5.76972;1.06837;5.76972;-0.00134054;6.7027;-1.2139;1.30851
6519;0.208998;-0.931632;5.76972;1.06837;5.76972;-0.00134054;6.7027;-1.21409;1.3087
6520;0.208998;-0.931632;5.76972;1.06837;5.76972;-0.00134054;6.7027;-1.21428;1.3089
6521;0.208998;-0.931632;5.76972;1.06837;5.76972;-0.00134054;6.7027;-1.21447;1.30909
6522;0.208998;-0.931632;5.76972;1.06837;5.76972;-0.00134054;6.7027;-1.21466;1.30928
6523;0.208998;-0.931632;5.76972;1.06837;5.76972;-0.00134054;6.7027;-1.21485;1.30948
6524;0.208998;-0.931632;5.76972;1.06837;5.76972;-0.00134054;6.7027;-1.21504;1.30967
6525;0.208998;-0.931632;5.76972;1.06837;5.76972;-0.00134054;6.7027;-1.21523;1.30987
6526;0.208998;-0.931632;5.76972;1.06837;5.76972;-0.00134054;6.7027;-1.21542;1.31006
6527;0.208998;-0.931632;5.76972;1.06837;5.76972;-0.00134054;6.7027;-1.21561;1.31025
6528;0.208998;-0.931632;5.76972;1.06837;5.76972;-0.00134054;6.7027;-1.2158;1.31045
6529;0.208998;-0.931632;5.76972;1.06837;5.76972;-0.00134054;6.7027;-1.21599;1.31064
6530;0.208998;-0.931632;5.76972;1.06837;5.76972;-0.00134054;6.7027;-1.21618;1.31083
6531;0.208998;-0.931632;5.76972;1.06837;5.76972;-0.00134054;6.7027;-1.21637;1.31103
6532;0.208998;-0.931632;5.76972;1.06837;5.76972;-0.00134054;6.7027;-1.21656;1.31122
6533;0.208998;-0.931632;5.76972;1.06837;5.76972;-0.00134054;6.7027;-1.21675;1.31141
6534;0.208998;-0.931632;5.76972;1.06837;5.76972;-0.00134054;6.7027;-1.21694;1.31161
6535;0.208998;-0.931632;5.76972;1.06837;5.76972;-0.00134054;6.7027;-1.21713;1.3118
6536;0.208998;-0.931632;5.76972;1.06837;5.76972;-0.00134054;6.7027;-1.21732;1.31199
6537;0.208998;-0.931632;5.76972;1.06837;5.76972;-0.00134054;6.7027;-1.21751;1.31219
6538;0.208998;-0.931632;5.76972;1.06837;5.76972;-0.00134054;6.7027;-1.2177;1.31238
6539;0.208998;-0.931632;5.76972;1.06837;5.76972;-0.00134054;6.7027;-1.21789;1.31258
6540;0.208998;-0.931632;5.76972;1.06837;5.76972;-0.00134054;6.7027;-1.21808;1.31277
6541;0.208998;-0.931632;5.76972;1.06837;5.76972;-0.00134054;6.7027;-1.21827;1.31296
6542;0.208998;-0.931632;5.76972;1.06837;5.76972;-0.00134054;6.7027;-1.21846;1.31316
6543;0.208998;-0.931632;5.76972;1.06837;5.76972;-0.00134054;6.7027;-1.21865;1.31335
6544;0.208998;-0.931632;5.76972;1.06837;5.76972;-0.00134054;6.7027;-1.21884;1.31354
6545;0.208998;-0.931632;5.76972;1.06837;5.76972;-0.00134054;6.7027;-1.21903;1.31374
6546;0.208998;-0.931632;5.76972;1.06837;5.76972;-0.00134054;6.7027;-1.21922;1.31393
6547;0.208998;-0.931632;5.76972;1.06837;5.76972;-0.00134054;6.7027;-1.21941;1.31412
6548;0.208998;-0.931632;5.76972;1.06837;5.76972;-0.00134054;6.7027;-1.21959;1.31432
6549;0.208998;-0.931632;5.76972;1.06837;5.76972;-0.00134054;6.7027;-1.21978;1.31451
6550;0.208998;-0.931632;5.76972;1.06837;5.76972;-0.00134054;6.7027;-1.21997;1.3147
6551;0.208998;-0.931632;5.76972;1.06837;5.76972;-0.00134054;6.7027;-1.22016;1.3149
6552;0.208998;-0.931632;5.76972;1.06837;5.76972;-0.00134054;6.7027;-1.22035;1.31509
6553;0.208998;-0.931632;5.76972;1.06837;5.76972;-0.00134054;6.7027;-1.22054;1.31528
6554;0.208998;-0.931632;5.76972;1.06837;5.76972;-0.00134054;6.7027;-1.22073;1.31548
6555;0.208998;-0.931632;5.76972;1.06837;5.76972;-0.00134054;6.7027;-1.22092;1.31567
6556;0.208998;-0.931632;5.76972;1.06837;5.76972;-0.00134054;6.7027;-1.22111;1.31587
6557;0.208998;-0.931632;5.76972;1.06837;5.76972;-0.00134054;6.7027;-1.2213;1.31606
6558;0.208998;-0.931632;5.76972;1.06837;5.76972;-0.00134054;6.7027;-1.22149;1.31625
6559;0.208998;-0.931632;5.76972;1.06837;5.76972;-0.00134054;6.7027;-1.22168;1.31645
6560;0.208998;-0.931632;5.76972;1.06837;5.76972;-0.00134054;6.7027;-1.22187;1.31664
6561;0.208998;-0.931632;5.76972;1.06837;5.76972;-0.00134054;6.7027;-1.22206;1.31683
6562;0.208998;-0.931633;5.76972;1.06837;5.76972;-0.00134054;6.7027;-1.22225;1.31703
6563;0.208998;-0.931633;5.76972;1.06837;5.76972;-0.00134054;6.7027;-1.22244;1.31722
6564;0.208998;-0.931633;5.76972;1.06837;5.76972;-0.00134054;6.7027;-1.22263;1.31741
6565;0.208998;-0.931633;5.76972;1.06837;5.76972;-0.00134054;6.7027;-1.22282;1.31761
6566;0.208998;-0.931633;5.76972;1.06837;5.76972;-0.00134054;6.7027;-1.22301;1.3178
6567;0.208998;-0.931633;5.76972;1.06837;5.76972;-0.00134054;6.7027;-1.2232;1.31799
6568;0.208998;-0.931633;5.76972;1.06837;5.76972;-0.00134054;6.7027;-1.22339;1.31819
6569;0.208998;-0.931633;5.76972;1.06837;5.76972;-0.00134054;6.7027;-1.22358;1.31838
6570;0.208998;-0.931633;5.76972;1.06837;5.76972;-0.00134054;6.7027;-1.22377;1.31858
6571;0.208998;-0.931633;5.76972;1.06837;5.76972;-0.00134054;6.7027;-1.22396;1.31877
6572;0.208998;-0.931633;5.76972;1.06837;5.76972;-0.00134054;6.7027;-1.22415;1.31896
6573;0.208998;-0.931633;5.76972;1.06837;5.76972;-0.00134054;6.7027;-1.22434;1.31916
6574;0.208998;-0.931633;5.76972;1.06837;5.76972;-0.00134054;6.7027;-1.22453;1.31935
6575;0.208998;-0.931633;5.76972;1.06837;5.76972;-0.00134054;6.7027;-1.22472;1.31954
6576;0.208998;-0.931633;5.76972;1.06837;5.76972;-0.00134054;6.7027;-1.22491;1.31974
6577;0.208998;-0.931633;5.76972;1.06837;5.76972;-0.00134054;6.7027;-1.2251;1.31993
6578;0.208998;-0.931633;5.76972;1.06837;5.76972;-0.00134054;6.7027;-1.22529;1.32012
6579;0.208998;-0.931633;5.76972;1.06837;5.76972;-0.00134054;6.7027;-1.22548;1.32032
6580;0.208998;-0.931633;5.76972;1.06837;5.76972;-0.00134054;6.7027;-1.22566;1.32051
6581;0.208998;-0.931633;5.76972;1.06837;5.76972;-0.00134054;6.7027;-1.22585;1.3207
6582;0.208998;-0.931633;5.76972;1.06837;5.76972;-0.00134054;6.7027;-1.22604;1.3209
6583;0.208998;-0.931633;5.76972;1.06837;5.76972;-0.00134054;6.7027;-1.22623;1.32109
6584;0.208998;-0.931633;5.76972;1.06837;5.76972;-0.00134054;6.7027;-1.22642;1.32128
6585;0.208998;-0.931633;5.76972;1.06837;5.76972;-0.00134054;6.7027;-1.22661;1.32148
6586;0.208998;-0.931633;5.76972;1.06837;5.76972;-0.00134054;6.7027;-1.2268;1.32167
6587;0.208998;-0.931633;5.76972;1.06837;5.76972;-0.00134054;6.7027;-1.22699;1.32187
6588;0.208998;-0.931633;5.76972;1.06837;5.76972;-0.00134054;6.7027;-1.22718;1.32206
6589;0.208998;-0.931633;5.76972;1.06837;5.76972;-0.00134054;6.7027;-1.22737;1.32225
6590;0.208998;-0.931633;5.76972;1.06837;5.76972;-0.00134054;6.70269;-1.22756;1.32245
6591;0.208998;-0.931633;5.76972;1.06837;5.76972;-0.00134054;6.70269;-1.22775;1.32264
6592;0.208998;-0.931633;5.76972;1.06837;5.76972;-0.00134054;6.70269;-1.22794;1.32283
6593;0.208998;-0.931633;5.76972;1.06837;5.76972;-0.00134054;6.70269;-1.22813;1.32303
6594;0.208998;-0.931633;5.76972;1.06837;5.76972;-0.00134054;6.70269;-1.22832;1.32322
6595;0.208998;-0.931633;5.76972;1.06837;5.76972;-0.00134054;6.70269;-1.22851;1.32341
6596;0.208998;-0.931633;5.76972;1.06837;5.76972;-0.00134054;6.70269;-1.2287;1.32361
6597;0.208998;-0.931633;5.76972;1.06837;5.76972;-0.00134054;6.70269;-1.22889;1.3238
6598;0.208998;-0.931633;5.76972;1.06837;5.76972;-0.00134054;6.70269;-1.22908;1.32399
6599;0.208998;-0.931633;5.76972;1.06837;5.76972;-0.00134054;6.70269;-1.22927;1.32419
6600;0.208998;-0.931633;5.76972;1.06837;5.76972;-0.00134054;6.70269;-1.22946;1.32438
6601;0.208998;-0.931633;5.76972;1.06837;5.76972;-0.00134054;6.70269;-1.22965;1.32458
6602;0.208998;-0.931633;5.76972;1.06837;5.76972;-0.00134054;6.70269;-1.22984;1.32477
6603;0.208998;-0.931633;5.76972;1.06837;5.76972;-0.00134054;6.70269;-1.23003;1.32496
6604;0.208998;-0.931633;5.76972;1.06837;5.76972;-0.00134054;6.70269;-1.23022;1.32516
6605;0.208998;-0.931633;5.76972;1.06837;5.76972;-0.00134054;6.70269;-1.23041;1.32535
6606;0.208998;-0.931633;5.76972;1.06837;5.76972;-0.00134054;6.70269;-1.2306;1.32554
6607;0.208998;-0.931633;5.76972;1.06837;5.76972;-0.00134054;6.70269;-1.23079;1.32574
6608;0.208998;-0.931633;5.76972;1.06837;5.76972;-0.00134054;6.70269;-1.23098;1.32593
6609;0.208998;-0.931633;5.76972;1.06837;5.76972;-0.00134054;6.70269;-1.23117;1.32612
6610;0.208998;-0.931633;5.76972;1.06837;5.76972;-0.00134054;6.70269;-1.23136;1.32632
6611;0.208998;-0.931633;5.76972;1.06837;5.76972;-0.00134054;6.70269;-1.23155;1.32651
6612;0.208998;-0.931633;5.76972;1.06837;5.76972;-0.00134054;6.70269;-1.23173;1.3267
6613;0.208998;-0.931633;5.76972;1.06837;5.76972;-0.00134054;6.70269;-1.23192;1.3269
6614;0.208998;-0.931633;5.76972;1.06837;5.76972;-0.00134054;6.70269;-1.23211;1.32709
6615;0.208998;-0.931633;5.76972;1.06837;5.76972;-0.00134054;6.70269;-1.2323;1.32728
6616;0.208998;-0.931633;5.76972;1.06837;5.76972;-0.00134054;6.70269;-1.23249;1.32748
6617;0.208998;-0.931633;5.76972;1.06837;5.76972;-0.00134054;6.70269;-1.23268;1.32767
6618;0.208998;-0.931633;5.76972;1.06837;5.76972;-0.00134054;6.70269;-1.23287;1.32787
6619;0.208998;-0.931633;5.76972;1.06837;5.76972;-0.00134054;6.70269;-1.23306;1.32806
6620;0.208998;-0.931633;5.76972;1.06837;5.76972;-0.00134054;6.70269;-1.23325;1.32825
6621;0.208998;-0.931633;5.76972;1.06837;5.76972;-0.00134054;6.70269;-1.23344;1.32845
6622;0.208998;-0.931633;5.76972;1.06837;5.76972;-0.00134054;6.70269;-1.23363;1.32864
6623;0.208998;-0.931633;5.76972;1.06837;5.76972;-0.00134054;6.70269;-1.23382;1.32883
6624;0.208998;-0.931633;5.76972;1.06837;5.76972;-0.00134054;6.70269;-1.23401;1.32903
6625;0.208998;-0.931633;5.76972;1.06837;5.76972;-0.00134054;6.70269;-1.2342;1.32922
6626;0.208998;-0.931633;5.76972;1.06837;5.76972;-0.00134054;6.70269;-1.23439;1.32941
6627;0.208998;-0.931633;5.76972;1.06837;5.76972;-0.00134054;6.70269;-1.23458;1.32961
6628;0.208998;-0.931633;5.76972;1.06837;5.76972;-0.00134054;6.70269;-1.23477;1.3298
6629;0.208998;-0.931633;5.76972;1.06837;5.76972;-0.00134054;6.70269;-1.23496;1.32999
6630;0.208998;-0.931633;5.76972;1.06837;5.76972;-0.00134054;6.70269;-1.23515;1.33019
6631;0.208998;-0.931633;5.76972;1.06837;5.76972;-0.00134054;6.70269;-1.23534;1.33038
6632;0.208998;-0.931633;5.76972;1.06837;5.76972;-0.00134054;6.70269;-1.23553;1.33058
6633;0.208998;-0.931633;5.76972;1.06837;5.76972;-0.00134054;6.70269;-1.23572;1.33077
6634;0.208998;-0.931633;5.76972;1.06837;5.76972;-0.00134054;6.70269;-1.23591;1.33096
6635;0.208998;-0.931633;5.76972;1.06837;5.76972;-0.00134054;6.70269;-1.2361;1.33116
6636;0.208998;-0.931633;5.76972;1.06837;5.76972;-0.00134054;6.70269;-1.23629;1.33135
6637;0.208998;-0.931633;5.76972;1.06837;5.76972;-0.00134054;6.70269;-1.23648;1.33154
6638;0.208998;-0.931633;5.76972;1.06837;5.76972;-0.00134054;6.70269;-1.23667;1.33174
6639;0.208998;-0.931633;5.76972;1.06837;5.76972;-0.00134054;6.70269;-1.23686;1.33193
6640;0.208998;-0.931633;5.76972;1.06837;5.76972;-0.00134054;6.70269;-1.23705;1.33212
6641;0.208998;-0.931633;5.76972;1.06837;5.76972;-0.00134054;6.70269;-1.23724;1.33232
6642;0.208998;-0.931633;5.76972;1.06837;5.76972;-0.00134054;6.70269;-1.23743;1.33251
6643;0.208998;-0.931633;5.76972;1.06837;5.76972;-0.00134054;6.70269;-1.23762;1.3327
6644;0.208998;-0.931633;5.76972;1.06837;5.76972;-0.00134054;6.70269;-1.2378;1.3329
6645;0.208998;-0.931633;5.76972;1.06837;5.76972;-0.00134054;6.70269;-1.23799;1.33309
6646;0.208998;-0.931633;5.76972;1.06837;5.76972;-0.00134054;6.70269;-1.23818;1.33329
6647;0.208998;-0.931633;5.76972;1.06837;5.76972;-0.00134054;6.70269;-1.23837;1.33348
6648;0.208998;-0.931633;5.76972;1.06837;5.76972;-0.00134054;6.70269;-1.23856;1.33367
6649;0.208998;-0.931633;5.76972;1.06837;5.76972;-0.00134054;6.70269;-1.23875;1.33387
6650;0.208998;-0.931633;5.76972;1.06837;5.76972;-0.00134054;6.70269;-1.23894;1.33406
6651;0.208998;-0.931633;5.76972;1.06837;5.76972;-0.00134054;6.70269;-1.23913;1.33425
6652;0.208998;-0.931633;5.76972;1.06837;5.76972;-0.00134054;6.70269;-1.23932;1.33445
6653;0.208998;-0.931633;5.76972;1.06837;5.76972;-0.00134054;6.70269;-1.23951;1.33464
6654;0.208998;-0.931633;5.76972;1.06837;5.76972;-0.00134054;6.70269;-1.2397;1.33483
6655;0.208998;-0.931633;5.76972;1.06837;5.76972;-0.00134054;6.70269;-1.23989;1.33503
6656;0.208998;-0.931633;5.76972;1.06837;5.76972;-0.00134054;6.70269;-1.24008;1.33522
6657;0.208998;-0.931633;5.76972;1.06837;5.76972;-0.00134054;6.70269;-1.24027;1.33541
6658;0.208998;-0.931633;5.76972;1.06837;5.76972;-0.00134054;6.70269;-1.24046;1.33561
6659;0.208998;-0.931633;5.76972;1.06837;5.76972;-0.00134054;6.70269;-1.24065;1.3358
6660;0.208998;-0.931633;5.76972;1.06837;5.76972;-0.00134054;6.70269;-1.24084;1.33599
6661;0.208998;-0.931633;5.76972;1.06837;5.76972;-0.00134054;6.70269;-1.24103;1.33619
6662;0.208998;-0.931633;5.76972;1.06837;5.76972;-0.00134054;6.70269;-1.24122;1.33638
6663;0.208998;-0.931633;5.76972;1.06837;5.76972;-0.00134054;6.70269;-1.24141;1.33658
6664;0.208998;-0.931633;5.76972;1.06837;5.76972;-0.00134054;6.70269;-1.2416;1.33677
6665;0.208998;-0.931633;5.76972;1.06837;5.76972;-0.00134054;6.70269;-1.24179;1.33696
6666;0.208998;-0.931633;5.76972;1.06837;5.76972;-0.00134054;6.70269;-1.24198;1.33716
6667;0.208998;-0.931633;5.76972;1.06837;5.76972;-0.00134054;6.70269;-1.24217;1.33735
6668;0.208998;-0.931633;5.76972;1.06837;5.76972;-0.00134054;6.70269;-1.24236;1.33754
6669;0.208998;-0.931633;5.76972;1.06837;5.76972;-0.00134054;6.70269;-1.24255;1.33774
6670;0.208998;-0.931633;5.76972;1.06837;5.76972;-0.00134054;6.70269;-1.24274;1.33793
6671;0.208998;-0.931633;5.76972;1.06837;5.76972;-0.00134054;6.70269;-1.24293;1.33812
6672;0.208998;-0.931633;5.76972;1.06837;5.76972;-0.00134054;6.70269;-1.24312;1.33832
6673;0.208998;-0.931633;5.76972;1.06837;5.76972;-0.00134054;6.70269;-1.24331;1.33851
6674;0.208998;-0.931633;5.76972;1.06837;5.76972;-0.00134054;6.70269;-1.2435;1.3387
6675;0.208998;-0.931633;5.76972;1.06837;5.76972;-0.00134054;6.70269;-1.24369;1.3389
6676;0.208998;-0.931633;5.76972;1.06837;5.76972;-0.00134054;6.70269;-1.24387;1.33909
6677;0.208998;-0.931633;5.76972;1.06837;5.76972;-0.00134054;6.70269;-1.24406;1.33929
6678;0.208998;-0.931633;5.76972;1.06837;5.76972;-0.00134054;6.70269;-1.24425;1.33948
6679;0.208998;-0.931633;5.76972;1.06837;5.76972;-0.00134054;6.70269;-1.24444;1.33967
6680;0.208998;-0.931633;5.76972;1.06837;5.76972;-0.00134054;6.70269;-1.24463;1.33987
6681;0.208998;-0.931633;5.76972;1.06837;5.76972;-0.00134054;6.70269;-1.24482;1.34006
6682;0.208998;-0.931633;5.76972;1.06837;5.76972;-0.00134054;6.70269;-1.24501;1.34025
6683;0.208998;-0.931633;5.76972;1.06837;5.76972;-0.00134054;6.70269;-1.2452;1.34045
6684;0.208998;-0.931633;5.76972;1.06837;5.76972;-0.00134054;6.70269;-1.24539;1.34064
6685;0.208998;-0.931633;5.76972;1.06837;5.76972;-0.00134054;6.70269;-1.24558;1.34083
6686;0.208998;-0.931633;5.76972;1.06837;5.76972;-0.00134054;6.70269;-1.24577;1.34103
6687;0.208998;-0.931633;5.76972;1.06837;5.76972;-0.00134054;6.70269;-1.24596;1.34122
6688;0.208998;-0.931633;5.76972;1.06837;5.76972;-0.00134054;6.70269;-1.24615;1.34141
6689;0.208998;-0.931633;5.76972;1.06837;5.76972;-0.00134054;6.70269;-1.24634;1.34161
6690;0.208998;-0.931633;5.76972;1.06837;5.76972;-0.00134054;6.70269;-1.24653;1.3418
6691;0.208998;-0.931633;5.76972;1.06837;5.76972;-0.00134054;6.70269;-1.24672;1.34199
6692;0.208998;-0.931633;5.76972;1.06837;5.76972;-0.00134054;6.70269;-1.24691;1.34219
6693;0.208998;-0.931633;5.76972;1.06837;5.76972;-0.00134054;6.70269;-1.2471;1.34238
6694;0.208998;-0.931633;5.76972;1.06837;5.76972;-0.00134054;6.70269;-1.24729;1.34258
6695;0.208998;-0.931633;5.76972;1.06837;5.76972;-0.00134054;6.70269;-1.24748;1.34277
6696;0.208998;-0.931633;5.76972;1.06837;5.76972;-0.00134054;6.70269;-1.24767;1.34296
6697;0.208998;-0.931633;5.76972;1.06837;5.76972;-0.00134054;6.70269;-1.24786;1.34316
6698;0.208998;-0.931633;5.76972;1.06837;5.76972;-0.00134054;6.70269;-1.24805;1.34335
6699;0.208998;-0.931633;5.76972;1.06837;5.76972;-0.00134054;6.70269;-1.24824;1.34354
6700;0.208998;-0.931633;5.76972;1.06837;5.76972;-0.00134054;6.70269;-1.24843;1.34374
6701;0.208998;-0.931633;5.76972;1.06837;5.76972;-0.00134054;6.70269;-1.24862;1.34393
6702;0.208998;-0.931633;5.76972;1.06837;5.76972;-0.00134054;6.70269;-1.24881;1.34412
6703;0.208998;-0.931633;5.76972;1.06837;5.76972;-0.00134054;6.70269;-1.249;1.34432
6704;0.208998;-0.931633;5.76972;1.06837;5.76972;-0.00134054;6.70269;-1.24919;1.34451
6705;0.208998;-0.931633;5.76972;1.06837;5.76972;-0.00134054;6.70269;-1.24938;1.3447
6706;0.208998;-0.931633;5.76972;1.06837;5.76972;-0.00134054;6.70269;-1.24957;1.3449
6707;0.208998;-0.931633;5.76972;1.06837;5.76972;-0.00134054;6.70269;-1.24976;1.34509
6708;0.208998;-0.931633;5.76972;1.06837;5.76972;-0.00134054;6.70269;-1.24994;1.34529
6709;0.208998;-0.931633;5.76972;1.06837;5.76972;-0.00134054;6.70269;-1.25013;1.34548
6710;0.208998;-0.931633;5.76972;1.06837;5.76972;-0.00134054;6.70269;-1.25032;1.34567
6711;0.208998;-0.931633;5.76972;1.06837;5.76972;-0.00134054;6.70269;-1.25051;1.34587
6712;0.208998;-0.931633;5.76972;1.06837;5.76972;-0.00134054;6.70269;-1.2507;1.34606
6713;0.208998;-0.931633;5.76972;1.06837;5.76972;-0.00134054;6.70269;-1.25089;1.34625
6714;0.208998;-0.931633;5.76972;1.06837;5.76972;-0.00134054;6.70269;-1.25108;1.34645
6715;0.208998;-0.931633;5.76972;1.06837;5.76972;-0.00134054;6.70269;-1.25127;1.34664
6716;0.208998;-0.931633;5.76972;1.06837;5.76972;-0.00134054;6.70269;-1.25146;1.34683
6717;0.208998;-0.931633;5.76972;1.06837;5.76972;-0.00134054;6.70269;-1.25165;1.34703
6718;0.208998;-0.931633;5.76972;1.06837;5.76972;-0.00134054;6.70269;-1.25184;1.34722
6719;0.208998;-0.931633;5.76972;1.06837;5.76972;-0.00134054;6.70269;-1.25203;1.34741
6720;0.208998;-0.931633;5.76972;1.06837;5.76972;-0.00134054;6.70269;-1.25222;1.34761
6721;0.208998;-0.931633;5.76972;1.06837;5.76972;-0.00134054;6.70269;-1.25241;1.3478
6722;0.208998;-0.931633;5.76972;1.06837;5.76972;-0.00134054;6.70269;-1.2526;1.348
6723;0.208998;-0.931633;5.76972;1.06837;5.76972;-0.00134054;6.70269;-1.25279;1.34819
6724;0.208998;-0.931633;5.76972;1.06837;5.76972;-0.00134054;6.70269;-1.25298;1.34838
6725;0.208998;-0.931633;5.76972;1.06837;5.76972;-0.00134054;6.70269;-1.25317;1.34858
6726;0.208998;-0.931633;5.76972;1.06837;5.76972;-0.00134054;6.70269;-1.25336;1.34877
6727;0.208998;-0.931633;5.76972;1.06837;5.76972;-0.00134054;6.70269;-1.25355;1.34896
6728;0.208998;-0.931633;5.76972;1.06837;5.76972;-0.00134054;6.70269;-1.25374;1.34916
6729;0.208998;-0.931633;5.76972;1.06837;5.76972;-0.00134054;6.70269;-1.25393;1.34935
6730;0.208998;-0.931633;5.76972;1.06837;5.76972;-0.00134054;6.70269;-1.25412;1.34954
6731;0.208998;-0.931633;5.76972;1.06837;5.76972;-0.00134054;6.70269;-1.25431;1.34974
6732;0.208998;-0.931633;5.76972;1.06837;5.76972;-0.00134054;6.70269;-1.2545;1.34993
6733;0.208998;-0.931633;5.76972;1.06837;5.76972;-0.00134054;6.70269;-1.25469;1.35012
6734;0.208998;-0.931633;5.76972;1.06837;5.76972;-0.00134054;6.70269;-1.25488;1.35032
6735;0.208998;-0.931633;5.76972;1.06837;5.76972;-0.00134054;6.70269;-1.25507;1.35051
6736;0.208998;-0.931633;5.76972;1.06837;5.76972;-0.00134054;6.70269;-1.25526;1.3507
6737;0.208998;-0.931633;5.76972;1.06837;5.76972;-0.00134054;6.70269;-1.25545;1.3509
6738;0.208998;-0.931633;5.76972;1.06837;5.76972;-0.00134054;6.70269;-1.25564;1.35109
6739;0.208998;-0.931633;5.76972;1.06837;5.76972;-0.00134054;6.70269;-1.25582;1.35129
6740;0.208998;-0.931633;5.76972;1.06837;5.76972;-0.00134054;6.70269;-1.25601;1.35148
6741;0.208998;-0.931633;5.76972;1.06837;5.76972;-0.00134054;6.70269;-1.2562;1.35167
6742;0.208998;-0.931633;5.76972;1.06837;5.76972;-0.00134054;6.70269;-1.25639;1.35187
6743;0.208998;-0.931633;5.76972;1.06837;5.76972;-0.00134054;6.70269;-1.25658;1.35206
6744;0.208998;-0.931633;5.76972;1.06837;5.76972;-0.00134054;6.70269;-1.25677;1.35225
6745;0.208998;-0.931633;5.76972;1.06837;5.76972;-0.00134054;6.70269;-1.25696;1.35245
6746;0.208998;-0.931633;5.76972;1.06837;5.76972;-0.00134054;6.70269;-1.25715;1.35264
6747;0.208998;-0.931633;5.76972;1.06837;5.76972;-0.00134054;6.70269;-1.25734;1.35283
6748;0.208998;-0.931633;5.76972;1.06837;5.76972;-0.00134054;6.70269;-1.25753;1.35303
6749;0.208998;-0.931633;5.76972;1.06837;5.76972;-0.00134054;6.70269;-1.25772;1.35322
6750;0.208998;-0.931633;5.76972;1.06837;5.76972;-0.00134054;6.70269;-1.25791;1.35341
6751;0.208998;-0.931633;5.76972;1.06837;5.76972;-0.00134054;6.70269;-1.2581;1.35361
6752;0.208998;-0.931633;5.76972;1.06837;5.76972;-0.00134054;6.70269;-1.25829;1.3538
6753;0.208998;-0.931633;5.76972;1.06837;5.76972;-0.00134054;6.70269;-1.25848;1.354
6754;0.208998;-0.931633;5.76972;1.06837;5.76972;-0.00134054;6.70269;-1.25867;1.35419
6755;0.208998;-0.931633;5.76972;1.06837;5.76972;-0.00134054;6.70269;-1.25886;1.35438
6756;0.208998;-0.931633;5.76972;1.06837;5.76972;-0.00134054;6.70269;-1.25905;1.35458
6757;0.208998;-0.931633;5.76972;1.06837;5.76972;-0.00134054;6.70269;-1.25924;1.35477
6758;0.208998;-0.931633;5.76972;1.06837;5.76972;-0.00134054;6.70269;-1.25943;1.35496
6759;0.208998;-0.931633;5.76972;1.06837;5.76972;-0.00134054;6.70269;-1.25962;1.35516
6760;0.208998;-0.931633;5.76972;1.06837;5.76972;-0.00134054;6.70269;-1.25981;1.35535
6761;0.208998;-0.931633;5.76972;1.06837;5.76972;-0.00134054;6.70269;-1.26;1.35554
6762;0.208998;-0.931633;5.76972;1.06837;5.76972;-0.00134054;6.70269;-1.26019;1.35574
6763;0.208999;-0.931633;5.76972;1.06837;5.76972;-0.00134054;6.70269;-1.26038;1.35593
6764;0.208999;-0.931633;5.76971;1.06837;5.76971;-0.00134054;6.70269;-1.26057;1.35612
6765;0.208999;-0.931633;5.76971;1.06837;5.76971;-0.00134054;6.70269;-1.26076;1.35632
6766;0.208999;-0.931633;5.76971;1.06837;5.76971;-0.00134054;6.70269;-1.26095;1.35651
6767;0.208999;-0.931633;5.76971;1.06837;5.76971;-0.00134054;6.70269;-1.26114;1.3567
6768;0.208999;-0.931633;5.76971;1.06837;5.76971;-0.00134054;6.70269;-1.26133;1.3569
6769;0.208999;-0.931633;5.76971;1.06837;5.76971;-0.00134054;6.70269;-1.26152;1.35709
6770;0.208999;-0.931633;5.76971;1.06837;5.76971;-0.00134054;6.70269;-1.26171;1.35729
6771;0.208999;-0.931633;5.76971;1.06837;5.76971;-0.00134054;6.70269;-1.26189;1.35748
6772;0.208999;-0.931633;5.76971;1.06837;5.76971;-0.00134054;6.70269;-1.26208;1.35767
6773;0.208999;-0.931633;5.76971;1.06837;5.76971;-0.00134054;6.70269;-1.26227;1.35787
6774;0.208999;-0.931633;5.76971;1.06837;5.76971;-0.00134054;6.70269;-1.26246;1.35806
6775;0.208999;-0.931633;5.76971;1.06837;5.76971;-0.00134054;6.70269;-1.26265;1.35825
6776;0.208999;-0.931633;5.76971;1.06837;5.76971;-0.00134054;6.70269;-1.26284;1.35845
6777;0.208999;-0.931633;5.76971;1.06837;5.76971;-0.00134054;6.70269;-1.26303;1.35864
6778;0.208999;-0.931633;5.76971;1.06837;5.76971;-0.00134054;6.70269;-1.26322;1.35883
6779;0.208999;-0.931633;5.76971;1.06837;5.76971;-0.00134054;6.70269;-1.26341;1.35903
6780;0.208999;-0.931633;5.76971;1.06837;5.76971;-0.00134054;6.70269;-1.2636;1.35922
6781;0.208999;-0.931633;5.76971;1.06837;5.76971;-0.00134054;6.70269;-1.26379;1.35941
6782;0.208999;-0.931633;5.76971;1.06837;5.76971;-0.00134054;6.70269;-1.26398;1.35961
6783;0.208999;-0.931633;5.76971;1.06837;5.76971;-0.00134054;6.70269;-1.26417;1.3598
6784;0.208999;-0.931633;5.76971;1.06837;5.76971;-0.00134054;6.70269;-1.26436;1.36
6785;0.208999;-0.931633;5.76971;1.06837;5.76971;-0.00134054;6.70269;-1.26455;1.36019
6786;0.208999;-0.931633;5.76971;1.06837;5.76971;-0.00134054;6.70269;-1.26474;1.36038
6787;0.208999;-0.931633;5.76971;1.06837;5.76971;-0.00134054;6.70269;-1.26493;1.36058
6788;0.208999;-0.931633;5.76971;1.06837;5.76971;-0.00134054;6.70269;-1.26512;1.36077
6789;0.208999;-0.931633;5.76971;1.06837;5.76971;-0.00134054;6.70269;-1.26531;1.36096
6790;0.208999;-0.931633;5.76971;1.06837;5.76971;-0.00134054;6.70269;-1.2655;1.36116
6791;0.208999;-0.931633;5.76971;1.06837;5.76971;-0.00134054;6.70269;-1.26569;1.36135
6792;0.208999;-0.931633;5.76971;1.06837;5.76971;-0.00134054;6.70269;-1.26588;1.36154
6793;0.208999;-0.931633;5.76971;1.06837;5.76971;-0.00134054;6.70269;-1.26607;1.36174
6794;0.208999;-0.931633;5.76971;1.06837;5.76971;-0.00134054;6.70269;-1.26626;1.36193
6795;0.208999;-0.931633;5.76971;1.06837;5.76971;-0.00134054;6.70269;-1.26645;1.36212
6796;0.208999;-0.931633;5.76971;1.06837;5.76971;-0.00134054;6.70269;-1.26664;1.36232
6797;0.208999;-0.931633;5.76971;1.06837;5.76971;-0.00134054;6.70269;-1.26683;1.36251
6798;0.208999;-0.931633;5.76971;1.06837;5.76971;-0.00134054;6.70269;-1.26702;1.36271
6799;0.208999;-0.931633;5.76971;1.06837;5.76971;-0.00134054;6.70269;-1.26721;1.3629
6800;0.208999;-0.931633;5.76971;1.06837;5.76971;-0.00134054;6.70269;-1.2674;1.36309
6801;0.208999;-0.931633;5.76971;1.06837;5.76971;-0.00134054;6.70269;-1.26759;1.36329
6802;0.208999;-0.931633;5.76971;1.06837;5.76971;-0.00134054;6.70269;-1.26778;1.36348
6803;0.208999;-0.931633;5.76971;1.06837;5.76971;-0.00134054;6.70269;-1.26796;1.36367
6804;0.208999;-0.931633;5.76971;1.06837;5.76971;-0.00134054;6.70269;-1.26815;1.36387
6805;0.208999;-0.931633;5.76971;1.06837;5.76971;-0.00134054;6.70269;-1.26834;1.36406
6806;0.208999;-0.931633;5.76971;1.06837;5.76971;-0.00134054;6.70269;-1.26853;1.36425
6807;0.208999;-0.931633;5.76971;1.06837;5.76971;-0.00134054;6.70269;-1.26872;1.36445
6808;0.208999;-0.931633;5.76971;1.06837;5.76971;-0.00134054;6.70269;-1.26891;1.36464
6809;0.208999;-0.931633;5.76971;1.06837;5.76971;-0.00134054;6.70269;-1.2691;1.36483
6810;0.208999;-0.931633;5.76971;1.06837;5.76971;-0.00134054;6.70269;-1.26929;1.36503
6811;0.208999;-0.931633;5.76971;1.06837;5.76971;-0.00134054;6.70269;-1.26948;1.36522
6812;0.208999;-0.931633;5.76971;1.06837;5.76971;-0.00134054;6.70269;-1.26967;1.36541
6813;0.208999;-0.931633;5.76971;1.06837;5.76971;-0.00134054;6.70269;-1.26986;1.36561
6814;0.208999;-0.931633;5.76971;1.06837;5.76971;-0.00134054;6.70269;-1.27005;1.3658
6815;0.208999;-0.931633;5.76971;1.06837;5.76971;-0.00134054;6.70269;-1.27024;1.366
6816;0.208999;-0.931633;5.76971;1.06837;5.76971;-0.00134054;6.70269;-1.27043;1.36619
6817;0.208999;-0.931633;5.76971;1.06837;5.76971;-0.00134054;6.70269;-1.27062;1.36638
6818;0.208999;-0.931633;5.76971;1.06837;5.76971;-0.00134054;6.70269;-1.27081;1.36658
6819;0.208999;-0.931633;5.76971;1.06837;5.76971;-0.00134054;6.70269;-1.271;1.36677
6820;0.208999;-0.931633;5.76971;1.06837;5.76971;-0.00134054;6.70269;-1.27119;1.36696
6821;0.208999;-0.931633;5.76971;1.06837;5.76971;-0.00134054;6.70269;-1.27138;1.36716
6822;0.208999;-0.931633;5.76971;1.06837;5.76971;-0.00134054;6.70269;-1.27157;1.36735
6823;0.208999;-0.931633;5.76971;1.06837;5.76971;-0.00134054;6.70269;-1.27176;1.36754
6824;0.208999;-0.931633;5.76971;1.06837;5.76971;-0.00134054;6.70269;-1.27195;1.36774
6825;0.208999;-0.931633;5.76971;1.06837;5.76971;-0.00134054;6.70269;-1.27214;1.36793
6826;0.208999;-0.931633;5.76971;1.06837;5.76971;-0.00134054;6.70269;-1.27233;1.36812
6827;0.208999;-0.931633;5.76971;1.06837;5.76971;-0.00134054;6.70269;-1.27252;1.36832
6828;0.208999;-0.931633;5.76971;1.06837;5.76971;-0.00134054;6.70269;-1.27271;1.36851
6829;0.208999;-0.931633;5.76971;1.06837;5.76971;-0.00134054;6.70269;-1.2729;1.36871
6830;0.208999;-0.931633;5.76971;1.06837;5.76971;-0.00134054;6.70269;-1.27309;1.3689
6831;0.208999;-0.931633;5.76971;1.06837;5.76971;-0.00134054;6.70269;-1.27328;1.36909
6832;0.208999;-0.931633;5.76971;1.06837;5.76971;-0.00134054;6.70269;-1.27347;1.36929
6833;0.208999;-0.931633;5.76971;1.06837;5.76971;-0.00134054;6.70269;-1.27366;1.36948
6834;0.208999;-0.931633;5.76971;1.06837;5.76971;-0.00134054;6.70269;-1.27385;1.36967
6835;0.208999;-0.931633;5.76971;1.06837;5.76971;-0.00134054;6.70269;-1.27403;1.36987
6836;0.208999;-0.931633;5.76971;1.06837;5.76971;-0.00134054;6.70269;-1.27422;1.37006
6837;0.208999;-0.931633;5.76971;1.06837;5.76971;-0.00134054;6.70269;-1.27441;1.37025
6838;0.208999;-0.931633;5.76971;1.06837;5.76971;-0.00134054;6.70269;-1.2746;1.37045
6839;0.208999;-0.931633;5.76971;1.06837;5.76971;-0.00134054;6.70269;-1.27479;1.37064
6840;0.208999;-0.931633;5.76971;1.06837;5.76971;-0.00134054;6.70269;-1.27498;1.37083
6841;0.208999;-0.931633;5.76971;1.06837;5.76971;-0.00134054;6.70269;-1.27517;1.37103
6842;0.208999;-0.931633;5.76971;1.06837;5.76971;-0.00134054;6.70269;-1.27536;1.37122
6843;0.208999;-0.931633;5.76971;1.06837;5.76971;-0.00134054;6.70269;-1.27555;1.37141
6844;0.208999;-0.931633;5.76971;1.06837;5.76971;-0.00134054;6.70268;-1.27574;1.37161
6845;0.208999;-0.931633;5.76971;1.06837;5.76971;-0.00134054;6.70268;-1.27593;1.3718
6846;0.208999;-0.931633;5.76971;1.06837;5.76971;-0.00134054;6.70268;-1.27612;1.372
6847;0.208999;-0.931633;5.76971;1.06837;5.76971;-0.00134054;6.70268;-1.27631;1.37219
6848;0.208999;-0.931633;5.76971;1.06837;5.76971;-0.00134054;6.70268;-1.2765;1.37238
6849;0.208999;-0.931633;5.76971;1.06837;5.76971;-0.00134054;6.70268;-1.27669;1.37258
6850;0.208999;-0.931633;5.76971;1.06837;5.76971;-0.00134054;6.70268;-1.27688;1.37277
6851;0.208999;-0.931633;5.76971;1.06837;5.76971;-0.00134054;6.70268;-1.27707;1.37296
6852;0.208999;-0.931633;5.76971;1.06837;5.76971;-0.00134054;6.70268;-1.27726;1.37316
6853;0.208999;-0.931633;5.76971;1.06837;5.76971;-0.00134054;6.70268;-1.27745;1.37335
6854;0.208999;-0.931633;5.76971;1.06837;5.76971;-0.00134054;6.70268;-1.27764;1.37354
6855;0.208999;-0.931633;5.76971;1.06837;5.76971;-0.00134054;6.70268;-1.27783;1.37374
6856;0.208999;-0.931633;5.76971;1.06837;5.76971;-0.00134054;6.70268;-1.27802;1.37393
6857;0.208999;-0.931633;5.76971;1.06837;5.76971;-0.00134054;6.70268;-1.27821;1.37412
6858;0.208999;-0.931633;5.76971;1.06837;5.76971;-0.00134054;6.70268;-1.2784;1.37432
6859;0.208999;-0.931633;5.76971;1.06837;5.76971;-0.00134054;6.70268;-1.27859;1.37451
6860;0.208999;-0.931633;5.76971;1.06837;5.76971;-0.00134054;6.70268;-1.27878;1.37471
6861;0.208999;-0.931633;5.76971;1.06837;5.76971;-0.00134054;6.70268;-1.27897;1.3749
6862;0.208999;-0.931633;5.76971;1.06837;5.76971;-0.00134054;6.70268;-1.27916;1.37509
6863;0.208999;-0.931633;5.76971;1.06837;5.76971;-0.00134054;6.70268;-1.27935;1.37529
6864;0.208999;-0.931633;5.76971;1.06837;5.76971;-0.00134054;6.70268;-1.27954;1.37548
6865;0.208999;-0.931633;5.76971;1.06837;5.76971;-0.00134054;6.70268;-1.27973;1.37567
6866;0.208999;-0.931633;5.76971;1.06837;5.76971;-0.00134054;6.70268;-1.27992;1.37587
6867;0.208999;-0.931633;5.76971;1.06837;5.76971;-0.00134054;6.70268;-1.2801;1.37606
6868;0.208999;-0.931633;5.76971;1.06837;5.76971;-0.00134054;6.70268;-1.28029;1.37625
6869;0.208999;-0.931633;5.76971;1.06837;5.76971;-0.00134054;6.70268;-1.28048;1.37645
6870;0.208999;-0.931633;5.76971;1.06837;5.76971;-0.00134054;6.70268;-1.28067;1.37664
6871;0.208999;-0.931633;5.76971;1.06837;5.76971;-0.00134054;6.70268;-1.28086;1.37683
6872;0.208999;-0.931633;5.76971;1.06837;5.76971;-0.00134054;6.70268;-1.28105;1.37703
6873;0.208999;-0.931633;5.76971;1.06837;5.76971;-0.00134054;6.70268;-1.28124;1.37722
6874;0.208999;-0.931633;5.76971;1.06837;5.76971;-0.00134054;6.70268;-1.28143;1.37741
6875;0.208999;-0.931633;5.76971;1.06837;5.76971;-0.00134054;6.70268;-1.28162;1.37761
6876;0.208999;-0.931633;5.76971;1.06837;5.76971;-0.00134054;6.70268;-1.28181;1.3778
6877;0.208999;-0.931633;5.76971;1.06837;5.76971;-0.00134054;6.70268;-1.282;1.378
6878;0.208999;-0.931633;5.76971;1.06837;5.76971;-0.00134054;6.70268;-1.28219;1.37819
6879;0.208999;-0.931633;5.76971;1.06837;5.76971;-0.00134054;6.70268;-1.28238;1.37838
6880;0.208999;-0.931633;5.76971;1.06837;5.76971;-0.00134054;6.70268;-1.28257;1.37858
6881;0.208999;-0.931633;5.76971;1.06837;5.76971;-0.00134054;6.70268;-1.28276;1.37877
6882;0.208999;-0.931633;5.76971;1.06837;5.76971;-0.00134054;6.70268;-1.28295;1.37896
6883;0.208999;-0.931633;5.76971;1.06837;5.76971;-0.00134054;6.70268;-1.28314;1.37916
6884;0.208999;-0.931633;5.76971;1.06837;5.76971;-0.00134054;6.70268;-1.28333;1.37935
6885;0.208999;-0.931633;5.76971;1.06837;5.76971;-0.00134054;6.70268;-1.28352;1.37954
6886;0.208999;-0.931633;5.76971;1.06837;5.76971;-0.00134054;6.70268;-1.28371;1.37974
6887;0.208999;-0.931633;5.76971;1.06837;5.76971;-0.00134054;6.70268;-1.2839;1.37993
6888;0.208999;-0.931633;5.76971;1.06837;5.76971;-0.00134054;6.70268;-1.28409;1.38012
6889;0.208999;-0.931633;5.76971;1.06837;5.76971;-0.00134054;6.70268;-1.28428;1.38032
6890;0.208999;-0.931633;5.76971;1.06837;5.76971;-0.00134054;6.70268;-1.28447;1.38051
6891;0.208999;-0.931633;5.76971;1.06837;5.76971;-0.00134054;6.70268;-1.28466;1.38071
6892;0.208999;-0.931633;5.76971;1.06837;5.76971;-0.00134054;6.70268;-1.28485;1.3809
6893;0.208999;-0.931633;5.76971;1.06837;5.76971;-0.00134054;6.70268;-1.28504;1.38109
6894;0.208999;-0.931633;5.76971;1.06837;5.76971;-0.00134054;6.70268;-1.28523;1.38129
6895;0.208999;-0.931633;5.76971;1.06837;5.76971;-0.00134054;6.70268;-1.28542;1.38148
6896;0.208999;-0.931633;5.76971;1.06837;5.76971;-0.00134054;6.70268;-1.28561;1.38167
6897;0.208999;-0.931633;5.76971;1.06837;5.76971;-0.00134054;6.70268;-1.2858;1.38187
6898;0.208999;-0.931633;5.76971;1.06837;5.76971;-0.00134054;6.70268;-1.28598;1.38206
6899;0.208999;-0.931633;5.76971;1.06837;5.76971;-0.00134054;6.70268;-1.28617;1.38225
6900;0.208999;-0.931633;5.76971;1.06837;5.76971;-0.00134054;6.70268;-1.28636;1.38245
6901;0.208999;-0.931633;5.76971;1.06837;5.76971;-0.00134054;6.70268;-1.28655;1.38264
6902;0.208999;-0.931633;5.76971;1.06837;5.76971;-0.00134054;6.70268;-1.28674;1.38283
6903;0.208999;-0.931633;5.76971;1.06837;5.76971;-0.00134054;6.70268;-1.28693;1.38303
6904;0.208999;-0.931633;5.76971;1.06837;5.76971;-0.00134054;6.70268;-1.28712;1.38322
6905;0.208999;-0.931633;5.76971;1.06837;5.76971;-0.00134054;6.70268;-1.28731;1.38342
6906;0.208999;-0.931633;5.76971;1.06837;5.76971;-0.00134054;6.70268;-1.2875;1.38361
6907;0.208999;-0.931633;5.76971;1.06837;5.76971;-0.00134054;6.70268;-1.28769;1.3838
6908;0.208999;-0.931633;5.76971;1.06837;5.76971;-0.00134054;6.70268;-1.28788;1.384
6909;0.208999;-0.931633;5.76971;1.06837;5.76971;-0.00134054;6.70268;-1.28807;1.38419
6910;0.208999;-0.931633;5.76971;1.06837;5.76971;-0.00134054;6.70268;-1.28826;1.38438
6911;0.208999;-0.931633;5.76971;1.06837;5.76971;-0.00134054;6.70268;-1.28845;1.38458
6912;0.208999;-0.931633;5.76971;1.06837;5.76971;-0.00134054;6.70268;-1.28864;1.38477
6913;0.208999;-0.931633;5.76971;1.06837;5.76971;-0.00134054;6.70268;-1.28883;1.38496
6914;0.208999;-0.931633;5.76971;1.06837;5.76971;-0.00134054;6.70268;-1.28902;1.38516
6915;0.208999;-0.931633;5.76971;1.06837;5.76971;-0.00134054;6.70268;-1.28921;1.38535
6916;0.208999;-0.931633;5.76971;1.06837;5.76971;-0.00134054;6.70268;-1.2894;1.38554
6917;0.208999;-0.931633;5.76971;1.06837;5.76971;-0.00134054;6.70268;-1.28959;1.38574
6918;0.208999;-0.931633;5.76971;1.06837;5.76971;-0.00134054;6.70268;-1.28978;1.38593
6919;0.208999;-0.931633;5.76971;1.06837;5.76971;-0.00134054;6.70268;-1.28997;1.38612
6920;0.208999;-0.931633;5.76971;1.06837;5.76971;-0.00134054;6.70268;-1.29016;1.38632
6921;0.208999;-0.931633;5.76971;1.06837;5.76971;-0.00134054;6.70268;-1.29035;1.38651
6922;0.208999;-0.931633;5.76971;1.06837;5.76971;-0.00134054;6.70268;-1.29054;1.38671
6923;0.208999;-0.931633;5.76971;1.06837;5.76971;-0.00134054;6.70268;-1.29073;1.3869
6924;0.208999;-0.931633;5.76971;1.06837;5.76971;-0.00134054;6.70268;-1.29092;1.38709
6925;0.208999;-0.931633;5.76971;1.06837;5.76971;-0.00134054;6.70268;-1.29111;1.38729
6926;0.208999;-0.931633;5.76971;1.06837;5.76971;-0.00134054;6.70268;-1.2913;1.38748
6927;0.208999;-0.931633;5.76971;1.06837;5.76971;-0.00134054;6.70268;-1.29149;1.38767
6928;0.208999;-0.931633;5.76971;1.06837;5.76971;-0.00134054;6.70268;-1.29168;1.38787
6929;0.208999;-0.931633;5.76971;1.06837;5.76971;-0.00134054;6.70268;-1.29187;1.38806
6930;0.208999;-0.931633;5.76971;1.06837;5.76971;-0.00134054;6.70268;-1.29205;1.38825
6931;0.208999;-0.931633;5.76971;1.06837;5.76971;-0.00134054;6.70268;-1.29224;1.38845
6932;0.208999;-0.931633;5.76971;1.06837;5.76971;-0.00134054;6.70268;-1.29243;1.38864
6933;0.208999;-0.931633;5.76971;1.06837;5.76971;-0.00134054;6.70268;-1.29262;1.38883
6934;0.208999;-0.931633;5.76971;1.06837;5.76971;-0.00134054;6.70268;-1.29281;1.38903
6935;0.208999;-0.931633;5.76971;1.06837;5.76971;-0.00134054;6.70268;-1.293;1.38922
6936;0.208999;-0.931633;5.76971;1.06837;5.76971;-0.00134054;6.70268;-1.29319;1.38942
6937;0.208999;-0.931633;5.76971;1.06837;5.76971;-0.00134054;6.70268;-1.29338;1.38961
6938;0.208999;-0.931633;5.76971;1.06837;5.76971;-0.00134054;6.70268;-1.29357;1.3898
6939;0.208999;-0.931633;5.76971;1.06837;5.76971;-0.00134054;6.70268;-1.29376;1.39
6940;0.208999;-0.931633;5.76971;1.06837;5.76971;-0.00134054;6.70268;-1.29395;1.39019
6941;0.208999;-0.931633;5.76971;1.06837;5.76971;-0.00134054;6.70268;-1.29414;1.39038
6942;0.208999;-0.931633;5.76971;1.06837;5.76971;-0.00134054;6.70268;-1.29433;1.39058
6943;0.208999;-0.931633;5.76971;1.06837;5.76971;-0.00134054;6.70268;-1.29452;1.39077
6944;0.208999;-0.931633;5.76971;1.06837;5.76971;-0.00134054;6.70268;-1.29471;1.39096
6945;0.208999;-0.931633;5.76971;1.06837;5.76971;-0.00134054;6.70268;-1.2949;1.39116
6946;0.208999;-0.931633;5.76971;1.06837;5.76971;-0.00134054;6.70268;-1.29509;1.39135
6947;0.208999;-0.931633;5.76971;1.06837;5.76971;-0.00134054;6.70268;-1.29528;1.39154
6948;0.208999;-0.931633;5.76971;1.06837;5.76971;-0.00134054;6.70268;-1.29547;1.39174
6949;0.208999;-0.931633;5.76971;1.06837;5.76971;-0.00134054;6.70268;-1.29566;1.39193
6950;0.208999;-0.931633;5.76971;1.06837;5.76971;-0.00134054;6.70268;-1.29585;1.39212
6951;0.208999;-0.931633;5.76971;1.06837;5.76971;-0.00134054;6.70268;-1.29604;1.39232
6952;0.208999;-0.931633;5.76971;1.06837;5.76971;-0.00134054;6.70268;-1.29623;1.39251
6953;0.208999;-0.931633;5.76971;1.06837;5.76971;-0.00134054;6.70268;-1.29642;1.39271
6954;0.208999;-0.931633;5.76971;1.06837;5.76971;-0.00134054;6.70268;-1.29661;1.3929
6955;0.208999;-0.931633;5.76971;1.06837;5.76971;-0.00134054;6.70268;-1.2968;1.39309
6956;0.208999;-0.931633;5.76971;1.06837;5.76971;-0.00134054;6.70268;-1.29699;1.39329
6957;0.208999;-0.931633;5.76971;1.06837;5.76971;-0.00134054;6.70268;-1.29718;1.39348
6958;0.208999;-0.931633;5.76971;1.06837;5.76971;-0.00134054;6.70268;-1.29737;1.39367
6959;0.208999;-0.931633;5.76971;1.06837;5.76971;-0.00134054;6.70268;-1.29756;1.39387
6960;0.208999;-0.931633;5.76971;1.06837;5.76971;-0.00134054;6.70268;-1.29775;1.39406
6961;0.208999;-0.931633;5.76971;1.06837;5.76971;-0.00134054;6.70268;-1.29794;1.39425
6962;0.208999;-0.931633;5.76971;1.06837;5.76971;-0.00134054;6.70268;-1.29812;1.39445
6963;0.208999;-0.931633;5.76971;1.06837;5.76971;-0.00134054;6.70268;-1.29831;1.39464
6964;0.208999;-0.931633;5.76971;1.06837;5.76971;-0.00134054;6.70268;-1.2985;1.39483
6965;0.208999;-0.931633;5.76971;1.06837;5.76971;-0.00134054;6.70268;-1.29869;1.39503
6966;0.208999;-0.931633;5.76971;1.06837;5.76971;-0.00134054;6.70268;-1.29888;1.39522
6967;0.208999;-0.931633;5.76971;1.06837;5.76971;-0.00134054;6.70268;-1.29907;1.39542
6968;0.208999;-0.931633;5.76971;1.06837;5.76971;-0.00134054;6.70268;-1.29926;1.39561
6969;0.208999;-0.931633;5.76971;1.06837;5.76971;-0.00134054;6.70268;-1.29945;1.3958
6970;0.208999;-0.931633;5.76971;1.06837;5.76971;-0.00134054;6.70268;-1.29964;1.396
6971;0.208999;-0.931633;5.76971;1.06837;5.76971;-0.00134054;6.70268;-1.29983;1.39619
6972;0.208999;-0.931633;5.76971;1.06837;5.76971;-0.00134054;6.70268;-1.30002;1.39638
6973;0.208999;-0.931633;5.76971;1.06837;5.76971;-0.00134054;6.70268;-1.30021;1.39658
6974;0.208999;-0.931633;5.76971;1.06837;5.76971;-0.00134054;6.70268;-1.3004;1.39677
6975;0.208999;-0.931633;5.76971;1.06837;5.76971;-0.00134054;6.70268;-1.30059;1.39696
6976;0.208999;-0.931633;5.76971;1.06837;5.76971;-0.00134054;6.70268;-1.30078;1.39716
6977;0.208999;-0.931633;5.76971;1.06837;5.76971;-0.00134054;6.70268;-1.30097;1.39735
6978;0.208999;-0.931633;5.76971;1.06837;5.76971;-0.00134054;6.70268;-1.30116;1.39754
6979;0.208999;-0.931633;5.76971;1.06837;5.76971;-0.00134054;6.70268;-1.30135;1.39774
6980;0.208999;-0.931633;5.76971;1.06837;5.76971;-0.00134054;6.70268;-1.30154;1.39793
6981;0.208999;-0.931633;5.76971;1.06837;5.76971;-0.00134054;6.70268;-1.30173;1.39813
6982;0.208999;-0.931633;5.76971;1.06837;5.76971;-0.00134054;6.70268;-1.30192;1.39832
6983;0.208999;-0.931633;5.76971;1.06837;5.76971;-0.00134054;6.70268;-1.30211;1.39851
6984;0.208999;-0.931633;5.76971;1.06837;5.76971;-0.00134054;6.70268;-1.3023;1.39871
6985;0.208999;-0.931633;5.76971;1.06837;5.76971;-0.00134054;6.70268;-1.30249;1.3989
6986;0.208999;-0.931633;5.76971;1.06837;5.76971;-0.00134054;6.70268;-1.30268;1.39909
6987;0.208999;-0.931633;5.76971;1.06837;5.76971;-0.00134054;6.70268;-1.30287;1.39929
6988;0.208999;-0.931633;5.76971;1.06837;5.76971;-0.00134054;6.70268;-1.30306;1.39948
6989;0.208999;-0.931633;5.76971;1.06837;5.76971;-0.00134054;6.70268;-1.30325;1.39967
6990;0.208999;-0.931633;5.76971;1.06837;5.76971;-0.00134054;6.70268;-1.30344;1.39987
6991;0.208999;-0.931633;5.76971;1.06837;5.76971;-0.00134054;6.70268;-1.30363;1.40006
6992;0.208999;-0.931633;5.76971;1.06837;5.76971;-0.00134054;6.70268;-1.30382;1.40025
6993;0.208999;-0.931633;5.76971;1.06837;5.76971;-0.00134054;6.70268;-1.30401;1.40045
6994;0.208999;-0.931633;5.76971;1.06837;5.76971;-0.00134054;6.70268;-1.30419;1.40064
6995;0.208999;-0.931633;5.76971;1.06837;5.76971;-0.00134054;6.70268;-1.30438;1.40083
6996;0.208999;-0.931633;5.76971;1.06837;5.76971;-0.00134054;6.70268;-1.30457;1.40103
6997;0.208999;-0.931633;5.76971;1.06837;5.76971;-0.00134054;6.70268;-1.30476;1.40122
6998;0.208999;-0.931633;5.76971;1.06837;5.76971;-0.00134054;6.70268;-1.30495;1.40142
6999;0.208999;-0.931633;5.76971;1.06837;5.76971;-0.00134054;6.70268;-1.30514;1.40161
7000;0.208999;-0.931633;5.76971;1.06837;5.76971;-0.00134054;6.70268;-1.30533;1.4018
7001;0.208999;-0.931633;5.76971;1.06837;5.76971;-0.00134054;6.70268;-1.30552;1.402
7002;0.208999;-0.931633;5.76971;1.06837;5.76971;-0.00134054;6.70268;-1.30571;1.40219
7003;0.208999;-0.931633;5.76971;1.06837;5.76971;-0.00134054;6.70268;-1.3059;1.40238
7004;0.208999;-0.931633;5.76971;1.06837;5.76971;-0.00134054;6.70268;-1.30609;1.40258
7005;0.208999;-0.931633;5.76971;1.06837;5.76971;-0.00134054;6.70268;-1.30628;1.40277
7006;0.208999;-0.931633;5.76971;1.06837;5.76971;-0.00134054;6.70268;-1.30647;1.40296
7007;0.208999;-0.931633;5.76971;1.06837;5.76971;-0.00134054;6.70268;-1.30666;1.40316
7008;0.208999;-0.931633;5.76971;1.06837;5.76971;-0.00134054;6.70268;-1.30685;1.40335
7009;0.208999;-0.931633;5.76971;1.06837;5.76971;-0.00134054;6.70268;-1.30704;1.40354
7010;0.208999;-0.931633;5.76971;1.06837;5.76971;-0.00134054;6.70268;-1.30723;1.40374
7011;0.208999;-0.931633;5.76971;1.06837;5.76971;-0.00134054;6.70268;-1.30742;1.40393
7012;0.208999;-0.931633;5.76971;1.06837;5.76971;-0.00134054;6.70268;-1.30761;1.40413
7013;0.208999;-0.931633;5.76971;1.06837;5.76971;-0.00134054;6.70268;-1.3078;1.40432
7014;0.208999;-0.931633;5.76971;1.06837;5.76971;-0.00134054;6.70268;-1.30799;1.40451
7015;0.208999;-0.931633;5.76971;1.06837;5.76971;-0.00134054;6.70268;-1.30818;1.40471
7016;0.208999;-0.931633;5.7697;1.06837;5.7697;-0.00134054;6.70268;-1.30837;1.4049
7017;0.208999;-0.931633;5.7697;1.06837;5.7697;-0.00134054;6.70268;-1.30856;1.40509
7018;0.208999;-0.931633;5.7697;1.06837;5.7697;-0.00134054;6.70268;-1.30875;1.40529
7019;0.208999;-0.931633;5.7697;1.06837;5.7697;-0.00134054;6.70268;-1.30894;1.40548
7020;0.208999;-0.931633;5.7697;1.06837;5.7697;-0.00134054;6.70268;-1.30913;1.40567
7021;0.208999;-0.931633;5.7697;1.06837;5.7697;-0.00134054;6.70268;-1.30932;1.40587
7022;0.208999;-0.931633;5.7697;1.06837;5.7697;-0.00134054;6.70268;-1.30951;1.40606
7023;0.208999;-0.931633;5.7697;1.06837;5.7697;-0.00134054;6.70268;-1.3097;1.40625
7024;0.208999;-0.931633;5.7697;1.06837;5.7697;-0.00134054;6.70268;-1.30989;1.40645
7025;0.208999;-0.931633;5.7697;1.06837;5.7697;-0.00134054;6.70268;-1.31008;1.40664
7026;0.208999;-0.931633;5.7697;1.06837;5.7697;-0.00134054;6.70268;-1.31026;1.40683
7027;0.208999;-0.931633;5.7697;1.06837;5.7697;-0.00134054;6.70268;-1.31045;1.40703
7028;0.208999;-0.931633;5.7697;1.06837;5.7697;-0.00134054;6.70268;-1.31064;1.40722
7029;0.208999;-0.931633;5.7697;1.06837;5.7697;-0.00134054;6.70268;-1.31083;1.40742
7030;0.208999;-0.931633;5.7697;1.06837;5.7697;-0.00134054;6.70268;-1.31102;1.40761
7031;0.208999;-0.931633;5.7697;1.06837;5.7697;-0.00134054;6.70268;-1.31121;1.4078
7032;0.208999;-0.931633;5.7697;1.06837;5.7697;-0.00134054;6.70268;-1.3114;1.408
7033;0.208999;-0.931633;5.7697;1.06837;5.7697;-0.00134054;6.70268;-1.31159;1.40819
7034;0.208999;-0.931633;5.7697;1.06837;5.7697;-0.00134054;6.70268;-1.31178;1.40838
7035;0.208999;-0.931633;5.7697;1.06837;5.7697;-0.00134054;6.70268;-1.31197;1.40858
7036;0.208999;-0.931633;5.7697;1.06837;5.7697;-0.00134054;6.70268;-1.31216;1.40877
7037;0.208999;-0.931633;5.7697;1.06837;5.7697;-0.00134054;6.70268;-1.31235;1.40896
7038;0.208999;-0.931633;5.7697;1.06837;5.7697;-0.00134054;6.70268;-1.31254;1.40916
7039;0.208999;-0.931633;5.7697;1.06837;5.7697;-0.00134054;6.70268;-1.31273;1.40935
7040;0.208999;-0.931633;5.7697;1.06837;5.7697;-0.00134054;6.70268;-1.31292;1.40954
7041;0.208999;-0.931633;5.7697;1.06837;5.7697;-0.00134054;6.70268;-1.31311;1.40974
7042;0.208999;-0.931633;5.7697;1.06837;5.7697;-0.00134054;6.70268;-1.3133;1.40993
7043;0.208999;-0.931633;5.7697;1.06837;5.7697;-0.00134054;6.70268;-1.31349;1.41013
7044;0.208999;-0.931633;5.7697;1.06837;5.7697;-0.00134054;6.70268;-1.31368;1.41032
7045;0.208999;-0.931633;5.7697;1.06837;5.7697;-0.00134054;6.70268;-1.31387;1.41051
7046;0.208999;-0.931633;5.7697;1.06837;5.7697;-0.00134054;6.70268;-1.31406;1.41071
7047;0.208999;-0.931633;5.7697;1.06837;5.7697;-0.00134054;6.70268;-1.31425;1.4109
7048;0.208999;-0.931633;5.7697;1.06837;5.7697;-0.00134054;6.70268;-1.31444;1.41109
7049;0.208999;-0.931633;5.7697;1.06837;5.7697;-0.00134054;6.70268;-1.31463;1.41129
7050;0.208999;-0.931633;5.7697;1.06837;5.7697;-0.00134054;6.70268;-1.31482;1.41148
7051;0.208999;-0.931633;5.7697;1.06837;5.7697;-0.00134054;6.70268;-1.31501;1.41167
7052;0.208999;-0.931633;5.7697;1.06837;5.7697;-0.00134054;6.70268;-1.3152;1.41187
7053;0.208999;-0.931633;5.7697;1.06837;5.7697;-0.00134054;6.70268;-1.31539;1.41206
7054;0.208999;-0.931633;5.7697;1.06837;5.7697;-0.00134054;6.70268;-1.31558;1.41225
7055;0.208999;-0.931633;5.7697;1.06837;5.7697;-0.00134054;6.70268;-1.31577;1.41245
7056;0.208999;-0.931633;5.7697;1.06837;5.7697;-0.00134054;6.70268;-1.31596;1.41264
7057;0.208999;-0.931633;5.7697;1.06837;5.7697;-0.00134054;6.70268;-1.31614;1.41283
7058;0.208999;-0.931633;5.7697;1.06837;5.7697;-0.00134054;6.70268;-1.31633;1.41303
7059;0.208999;-0.931633;5.7697;1.06837;5.7697;-0.00134054;6.70268;-1.31652;1.41322
7060;0.208999;-0.931633;5.7697;1.06837;5.7697;-0.00134054;6.70268;-1.31671;1.41342
7061;0.208999;-0.931633;5.7697;1.06837;5.7697;-0.00134054;6.70268;-1.3169;1.41361
7062;0.208999;-0.931633;5.7697;1.06837;5.7697;-0.00134054;6.70268;-1.31709;1.4138
7063;0.208999;-0.931633;5.7697;1.06837;5.7697;-0.00134054;6.70268;-1.31728;1.414
7064;0.208999;-0.931633;5.7697;1.06837;5.7697;-0.00134054;6.70268;-1.31747;1.41419
7065;0.208999;-0.931633;5.7697;1.06837;5.7697;-0.00134054;6.70268;-1.31766;1.41438
7066;0.208999;-0.931633;5.7697;1.06837;5.7697;-0.00134054;6.70268;-1.31785;1.41458
7067;0.208999;-0.931633;5.7697;1.06837;5.7697;-0.00134054;6.70268;-1.31804;1.41477
7068;0.208999;-0.931633;5.7697;1.06837;5.7697;-0.00134054;6.70268;-1.31823;1.41496
7069;0.208999;-0.931633;5.7697;1.06837;5.7697;-0.00134054;6.70268;-1.31842;1.41516
7070;0.208999;-0.931633;5.7697;1.06837;5.7697;-0.00134054;6.70268;-1.31861;1.41535
7071;0.208999;-0.931633;5.7697;1.06837;5.7697;-0.00134054;6.70268;-1.3188;1.41554
7072;0.208999;-0.931633;5.7697;1.06837;5.7697;-0.00134054;6.70268;-1.31899;1.41574
7073;0.208999;-0.931633;5.7697;1.06837;5.7697;-0.00134054;6.70268;-1.31918;1.41593
7074;0.208999;-0.931633;5.7697;1.06837;5.7697;-0.00134054;6.70268;-1.31937;1.41613
7075;0.208999;-0.931633;5.7697;1.06837;5.7697;-0.00134054;6.70268;-1.31956;1.41632
7076;0.208999;-0.931633;5.7697;1.06837;5.7697;-0.00134054;6.70268;-1.31975;1.41651
7077;0.208999;-0.931633;5.7697;1.06837;5.7697;-0.00134054;6.70268;-1.31994;1.41671
7078;0.208999;-0.931633;5.7697;1.06837;5.7697;-0.00134054;6.70268;-1.32013;1.4169
7079;0.208999;-0.931633;5.7697;1.06837;5.7697;-0.00134054;6.70268;-1.32032;1.41709
7080;0.208999;-0.931633;5.7697;1.06837;5.7697;-0.00134054;6.70268;-1.32051;1.41729
7081;0.208999;-0.931633;5.7697;1.06837;5.7697;-0.00134054;6.70268;-1.3207;1.41748
7082;0.208999;-0.931633;5.7697;1.06837;5.7697;-0.00134054;6.70268;-1.32089;1.41767
7083;0.208999;-0.931633;5.7697;1.06837;5.7697;-0.00134054;6.70268;-1.32108;1.41787
7084;0.208999;-0.931633;5.7697;1.06837;5.7697;-0.00134054;6.70268;-1.32127;1.41806
7085;0.208999;-0.931633;5.7697;1.06837;5.7697;-0.00134054;6.70268;-1.32146;1.41825
7086;0.208999;-0.931633;5.7697;1.06837;5.7697;-0.00134054;6.70268;-1.32165;1.41845
7087;0.208999;-0.931633;5.7697;1.06837;5.7697;-0.00134054;6.70268;-1.32184;1.41864
7088;0.208999;-0.931633;5.7697;1.06837;5.7697;-0.00134054;6.70268;-1.32203;1.41884
7089;0.208999;-0.931633;5.7697;1.06837;5.7697;-0.00134054;6.70268;-1.32221;1.41903
7090;0.208999;-0.931633;5.7697;1.06837;5.7697;-0.00134054;6.70268;-1.3224;1.41922
7091;0.208999;-0.931633;5.7697;1.06837;5.7697;-0.00134054;6.70268;-1.32259;1.41942
7092;0.208999;-0.931633;5.7697;1.06837;5.7697;-0.00134054;6.70268;-1.32278;1.41961
7093;0.208999;-0.931633;5.7697;1.06837;5.7697;-0.00134054;6.70268;-1.32297;1.4198
7094;0.208999;-0.931633;5.7697;1.06837;5.7697;-0.00134054;6.70268;-1.32316;1.42
7095;0.208999;-0.931633;5.7697;1.06837;5.7697;-0.00134054;6.70268;-1.32335;1.42019
7096;0.208999;-0.931633;5.7697;1.06837;5.7697;-0.00134054;6.70268;-1.32354;1.42038
7097;0.208999;-0.931633;5.7697;1.06837;5.7697;-0.00134054;6.70268;-1.32373;1.42058
7098;0.208999;-0.931633;5.7697;1.06837;5.7697;-0.00134054;6.70268;-1.32392;1.42077
7099;0.208999;-0.931633;5.7697;1.06837;5.7697;-0.00134053;6.70267;-1.32411;1.42096
7100;0.208999;-0.931633;5.7697;1.06837;5.7697;-0.00134053;6.70267;-1.3243;1.42116
7101;0.208999;-0.931633;5.7697;1.06837;5.7697;-0.00134053;6.70267;-1.32449;1.42135
7102;0.208999;-0.931633;5.7697;1.06837;5.7697;-0.00134053;6.70267;-1.32468;1.42154
7103;0.208999;-0.931633;5.7697;1.06837;5.7697;-0.00134053;6.70267;-1.32487;1.42174
7104;0.208999;-0.931633;5.7697;1.06837;5.7697;-0.00134053;6.70267;-1.32506;1.42193
7105;0.208999;-0.931633;5.7697;1.06837;5.7697;-0.00134053;6.70267;-1.32525;1.42213
7106;0.208999;-0.931633;5.7697;1.06837;5.7697;-0.00134053;6.70267;-1.32544;1.42232
7107;0.208999;-0.931633;5.7697;1.06837;5.7697;-0.00134053;6.70267;-1.32563;1.42251
7108;0.208999;-0.931633;5.7697;1.06837;5.7697;-0.00134053;6.70267;-1.32582;1.42271
7109;0.208999;-0.931633;5.7697;1.06837;5.7697;-0.00134053;6.70267;-1.32601;1.4229
7110;0.208999;-0.931633;5.7697;1.06837;5.7697;-0.00134053;6.70267;-1.3262;1.42309
7111;0.208999;-0.931633;5.7697;1.06837;5.7697;-0.00134053;6.70267;-1.32639;1.42329
7112;0.208999;-0.931633;5.7697;1.06837;5.7697;-0.00134053;6.70267;-1.32658;1.42348
7113;0.208999;-0.931633;5.7697;1.06837;5.7697;-0.00134053;6.70267;-1.32677;1.42367
7114;0.208999;-0.931633;5.7697;1.06837;5.7697;-0.00134053;6.70267;-1.32696;1.42387
7115;0.208999;-0.931633;5.7697;1.06837;5.7697;-0.00134053;6.70267;-1.32715;1.42406
7116;0.208999;-0.931633;5.7697;1.06837;5.7697;-0.00134053;6.70267;-1.32734;1.42425
7117;0.208999;-0.931633;5.7697;1.06837;5.7697;-0.00134053;6.70267;-1.32753;1.42445
7118;0.208999;-0.931633;5.7697;1.06837;5.7697;-0.00134053;6.70267;-1.32772;1.42464
7119;0.208999;-0.931633;5.7697;1.06837;5.7697;-0.00134053;6.70267;-1.32791;1.42484
7120;0.208999;-0.931633;5.7697;1.06837;5.7697;-0.00134053;6.70267;-1.3281;1.42503
7121;0.208999;-0.931633;5.7697;1.06837;5.7697;-0.00134053;6.70267;-1.32828;1.42522
7122;0.208999;-0.931633;5.7697;1.06837;5.7697;-0.00134053;6.70267;-1.32847;1.42542
7123;0.208999;-0.931633;5.7697;1.06837;5.7697;-0.00134053;6.70267;-1.32866;1.42561
7124;0.208999;-0.931633;5.7697;1.06837;5.7697;-0.00134053;6.70267;-1.32885;1.4258
7125;0.208999;-0.931633;5.7697;1.06837;5.7697;-0.00134053;6.70267;-1.32904;1.426
7126;0.208999;-0.931633;5.7697;1.06837;5.7697;-0.00134053;6.70267;-1.32923;1.42619
7127;0.208999;-0.931633;5.7697;1.06837;5.7697;-0.00134053;6.70267;-1.32942;1.42638
7128;0.208999;-0.931633;5.7697;1.06837;5.7697;-0.00134053;6.70267;-1.32961;1.42658
7129;0.208999;-0.931633;5.7697;1.06837;5.7697;-0.00134053;6.70267;-1.3298;1.42677
7130;0.208999;-0.931633;5.7697;1.06837;5.7697;-0.00134053;6.70267;-1.32999;1.42696
7131;0.208999;-0.931633;5.7697;1.06837;5.7697;-0.00134053;6.70267;-1.33018;1.42716
7132;0.208999;-0.931633;5.7697;1.06837;5.7697;-0.00134053;6.70267;-1.33037;1.42735
7133;0.208999;-0.931633;5.7697;1.06837;5.7697;-0.00134053;6.70267;-1.33056;1.42754
7134;0.208999;-0.931633;5.7697;1.06837;5.7697;-0.00134053;6.70267;-1.33075;1.42774
7135;0.208999;-0.931633;5.7697;1.06837;5.7697;-0.00134053;6.70267;-1.33094;1.42793
7136;0.208999;-0.931633;5.7697;1.06837;5.7697;-0.00134053;6.70267;-1.33113;1.42813
7137;0.208999;-0.931633;5.7697;1.06837;5.7697;-0.00134053;6.70267;-1.33132;1.42832
7138;0.208999;-0.931633;5.7697;1.06837;5.7697;-0.00134053;6.70267;-1.33151;1.42851
7139;0.208999;-0.931633;5.7697;1.06837;5.7697;-0.00134053;6.70267;-1.3317;1.42871
7140;0.208999;-0.931633;5.7697;1.06837;5.7697;-0.00134053;6.70267;-1.33189;1.4289
7141;0.208999;-0.931633;5.7697;1.06837;5.7697;-0.00134053;6.70267;-1.33208;1.42909
7142;0.208999;-0.931633;5.7697;1.06837;5.7697;-0.00134053;6.70267;-1.33227;1.42929
7143;0.208999;-0.931633;5.7697;1.06837;5.7697;-0.00134053;6.70267;-1.33246;1.42948
7144;0.208999;-0.931633;5.7697;1.06837;5.7697;-0.00134053;6.70267;-1.33265;1.42967
7145;0.208999;-0.931633;5.7697;1.06837;5.7697;-0.00134053;6.70267;-1.33284;1.42987
7146;0.208999;-0.931633;5.7697;1.06837;5.7697;-0.00134053;6.70267;-1.33303;1.43006
7147;0.208999;-0.931633;5.7697;1.06837;5.7697;-0.00134053;6.70267;-1.33322;1.43025
7148;0.208999;-0.931633;5.7697;1.06837;5.7697;-0.00134053;6.70267;-1.33341;1.43045
7149;0.208999;-0.931633;5.7697;1.06837;5.7697;-0.00134053;6.70267;-1.3336;1.43064
7150;0.208999;-0.931633;5.7697;1.06837;5.7697;-0.00134053;6.70267;-1.33379;1.43084
7151;0.208999;-0.931633;5.7697;1.06837;5.7697;-0.00134053;6.70267;-1.33398;1.43103
7152;0.208999;-0.931633;5.7697;1.06837;5.7697;-0.00134053;6.70267;-1.33417;1.43122
7153;0.208999;-0.931633;5.7697;1.06837;5.7697;-0.00134053;6.70267;-1.33435;1.43142
7154;0.208999;-0.931633;5.7697;1.06837;5.7697;-0.00134053;6.70267;-1.33454;1.43161
7155;0.208999;-0.931633;5.7697;1.06837;5.7697;-0.00134053;6.70267;-1.33473;1.4318
7156;0.208999;-0.931633;5.7697;1.06837;5.7697;-0.00134053;6.70267;-1.33492;1.432
7157;0.208999;-0.931633;5.7697;1.06837;5.7697;-0.00134053;6.70267;-1.33511;1.43219
7158;0.208999;-0.931633;5.7697;1.06837;5.7697;-0.00134053;6.70267;-1.3353;1.43238
7159;0.208999;-0.931633;5.7697;1.06837;5.7697;-0.00134053;6.70267;-1.33549;1.43258
7160;0.208999;-0.931633;5.7697;1.06837;5.7697;-0.00134053;6.70267;-1.33568;1.43277
7161;0.208999;-0.931633;5.7697;1.06837;5.7697;-0.00134053;6.70267;-1.33587;1.43296
7162;0.208999;-0.931633;5.7697;1.06837;5.7697;-0.00134053;6.70267;-1.33606;1.43316
7163;0.208999;-0.931633;5.7697;1.06837;5.7697;-0.00134053;6.70267;-1.33625;1.43335
7164;0.208999;-0.931633;5.7697;1.06837;5.7697;-0.00134053;6.70267;-1.33644;1.43354
7165;0.208999;-0.931633;5.7697;1.06837;5.7697;-0.00134053;6.70267;-1.33663;1.43374
7166;0.208999;-0.931633;5.7697;1.06837;5.7697;-0.00134053;6.70267;-1.33682;1.43393
7167;0.208999;-0.931633;5.7697;1.06837;5.7697;-0.00134053;6.70267;-1.33701;1.43413
7168;0.208999;-0.931633;5.7697;1.06837;5.7697;-0.00134053;6.70267;-1.3372;1.43432
7169;0.208999;-0.931633;5.7697;1.06837;5.7697;-0.00134053;6.70267;-1.33739;1.43451
7170;0.208999;-0.931633;5.7697;1.06837;5.7697;-0.00134053;6.70267;-1.33758;1.43471
7171;0.208999;-0.931633;5.7697;1.06837;5.7697;-0.00134053;6.70267;-1.33777;1.4349
7172;0.208999;-0.931633;5.7697;1.06837;5.7697;-0.00134053;6.70267;-1.33796;1.43509
7173;0.208999;-0.931633;5.7697;1.06837;5.7697;-0.00134053;6.70267;-1.33815;1.43529
7174;0.208999;-0.931633;5.7697;1.06837;5.7697;-0.00134053;6.70267;-1.33834;1.43548
7175;0.208999;-0.931633;5.7697;1.06837;5.7697;-0.00134053;6.70267;-1.33853;1.43567
7176;0.208999;-0.931633;5.7697;1.06837;5.7697;-0.00134053;6.70267;-1.33872;1.43587
7177;0.208999;-0.931633;5.7697;1.06837;5.7697;-0.00134053;6.70267;-1.33891;1.43606
7178;0.208999;-0.931633;5.7697;1.06837;5.7697;-0.00134053;6.70267;-1.3391;1.43625
7179;0.208999;-0.931633;5.7697;1.06837;5.7697;-0.00134053;6.70267;-1.33929;1.43645
7180;0.208999;-0.931633;5.7697;1.06837;5.7697;-0.00134053;6.70267;-1.33948;1.43664
7181;0.208999;-0.931633;5.7697;1.06837;5.7697;-0.00134053;6.70267;-1.33967;1.43684
7182;0.208999;-0.931633;5.7697;1.06837;5.7697;-0.00134053;6.70267;-1.33986;1.43703
7183;0.208999;-0.931633;5.7697;1.06837;5.7697;-0.00134053;6.70267;-1.34005;1.43722
7184;0.208999;-0.931633;5.7697;1.06837;5.7697;-0.00134053;6.70267;-1.34023;1.43742
7185;0.208999;-0.931633;5.7697;1.06837;5.7697;-0.00134053;6.70267;-1.34042;1.43761
7186;0.208999;-0.931633;5.7697;1.06837;5.7697;-0.00134053;6.70267;-1.34061;1.4378
7187;0.208999;-0.931633;5.7697;1.06837;5.7697;-0.00134053;6.70267;-1.3408;1.438
7188;0.208999;-0.931633;5.7697;1.06837;5.7697;-0.00134053;6.70267;-1.34099;1.43819
7189;0.208999;-0.931633;5.7697;1.06837;5.7697;-0.00134053;6.70267;-1.34118;1.43838
7190;0.208999;-0.931633;5.7697;1.06837;5.7697;-0.00134053;6.70267;-1.34137;1.43858
7191;0.208999;-0.931633;5.7697;1.06837;5.7697;-0.00134053;6.70267;-1.34156;1.43877
7192;0.208999;-0.931633;5.7697;1.06837;5.7697;-0.00134053;6.70267;-1.34175;1.43896
7193;0.208999;-0.931633;5.7697;1.06837;5.7697;-0.00134053;6.70267;-1.34194;1.43916
7194;0.208999;-0.931633;5.7697;1.06837;5.7697;-0.00134053;6.70267;-1.34213;1.43935
7195;0.208999;-0.931633;5.7697;1.06837;5.7697;-0.00134053;6.70267;-1.34232;1.43955
7196;0.208999;-0.931633;5.7697;1.06837;5.7697;-0.00134053;6.70267;-1.34251;1.43974
7197;0.208999;-0.931633;5.7697;1.06837;5.7697;-0.00134053;6.70267;-1.3427;1.43993
7198;0.208999;-0.931633;5.7697;1.06837;5.7697;-0.00134053;6.70267;-1.34289;1.44013
7199;0.208999;-0.931633;5.7697;1.06837;5.7697;-0.00134053;6.70267;-1.34308;1.44032
7200;0.208999;-0.931633;5.7697;1.06837;5.7697;-0.00134053;6.70267;-1.34327;1.44051
7201;0.208999;-0.931633;5.7697;1.06837;5.7697;-0.00134053;6.70267;-1.34346;1.44071
7202;0.208999;-0.931633;5.7697;1.06837;5.7697;-0.00134053;6.70267;-1.34365;1.4409
7203;0.208999;-0.931633;5.7697;1.06837;5.7697;-0.00134053;6.70267;-1.34384;1.44109
7204;0.208999;-0.931633;5.7697;1.06837;5.7697;-0.00134053;6.70267;-1.34403;1.44129
7205;0.208999;-0.931633;5.7697;1.06837;5.7697;-0.00134053;6.70267;-1.34422;1.44148
7206;0.208999;-0.931633;5.7697;1.06837;5.7697;-0.00134053;6.70267;-1.34441;1.44167
7207;0.208999;-0.931633;5.7697;1.06837;5.7697;-0.00134053;6.70267;-1.3446;1.44187
7208;0.208999;-0.931633;5.7697;1.06837;5.7697;-0.00134053;6.70267;-1.34479;1.44206
7209;0.208999;-0.931633;5.7697;1.06837;5.7697;-0.00134053;6.70267;-1.34498;1.44225
7210;0.208999;-0.931633;5.7697;1.06837;5.7697;-0.00134053;6.70267;-1.34517;1.44245
7211;0.208999;-0.931633;5.7697;1.06837;5.7697;-0.00134053;6.70267;-1.34536;1.44264
7212;0.208999;-0.931633;5.7697;1.06837;5.7697;-0.00134053;6.70267;-1.34555;1.44284
7213;0.208999;-0.931633;5.7697;1.06837;5.7697;-0.00134053;6.70267;-1.34574;1.44303
7214;0.208999;-0.931633;5.7697;1.06837;5.7697;-0.00134053;6.70267;-1.34593;1.44322
7215;0.208999;-0.931633;5.7697;1.06837;5.7697;-0.00134053;6.70267;-1.34612;1.44342
7216;0.208999;-0.931633;5.7697;1.06837;5.7697;-0.00134053;6.70267;-1.3463;1.44361
7217;0.208999;-0.931633;5.7697;1.06837;5.7697;-0.00134053;6.70267;-1.34649;1.4438
7218;0.208999;-0.931633;5.7697;1.06837;5.7697;-0.00134053;6.70267;-1.34668;1.444
7219;0.208999;-0.931633;5.7697;1.06837;5.7697;-0.00134053;6.70267;-1.34687;1.44419
7220;0.208999;-0.931633;5.7697;1.06837;5.7697;-0.00134053;6.70267;-1.34706;1.44438
7221;0.208999;-0.931633;5.7697;1.06837;5.7697;-0.00134053;6.70267;-1.34725;1.44458
7222;0.208999;-0.931633;5.7697;1.06837;5.7697;-0.00134053;6.70267;-1.34744;1.44477
7223;0.208999;-0.931633;5.7697;1.06837;5.7697;-0.00134053;6.70267;-1.34763;1.44496
7224;0.208999;-0.931633;5.7697;1.06837;5.7697;-0.00134053;6.70267;-1.34782;1.44516
7225;0.208999;-0.931633;5.7697;1.06837;5.7697;-0.00134053;6.70267;-1.34801;1.44535
7226;0.208999;-0.931633;5.7697;1.06837;5.7697;-0.00134053;6.70267;-1.3482;1.44555
7227;0.208999;-0.931633;5.7697;1.06837;5.7697;-0.00134053;6.70267;-1.34839;1.44574
7228;0.208999;-0.931633;5.7697;1.06837;5.7697;-0.00134053;6.70267;-1.34858;1.44593
7229;0.208999;-0.931633;5.7697;1.06837;5.7697;-0.00134053;6.70267;-1.34877;1.44613
7230;0.208999;-0.931633;5.7697;1.06837;5.7697;-0.00134053;6.70267;-1.34896;1.44632
7231;0.208999;-0.931633;5.7697;1.06837;5.7697;-0.00134053;6.70267;-1.34915;1.44651
7232;0.208999;-0.931633;5.7697;1.06837;5.7697;-0.00134053;6.70267;-1.34934;1.44671
7233;0.208999;-0.931633;5.7697;1.06837;5.7697;-0.00134053;6.70267;-1.34953;1.4469
7234;0.208999;-0.931633;5.7697;1.06837;5.7697;-0.00134053;6.70267;-1.34972;1.44709
7235;0.208999;-0.931633;5.7697;1.06837;5.7697;-0.00134053;6.70267;-1.34991;1.44729
7236;0.208999;-0.931633;5.7697;1.06837;5.7697;-0.00134053;6.70267;-1.3501;1.44748
7237;0.208999;-0.931633;5.7697;1.06837;5.7697;-0.00134053;6.70267;-1.35029;1.44767
7238;0.208999;-0.931633;5.7697;1.06837;5.7697;-0.00134053;6.70267;-1.35048;1.44787
7239;0.208999;-0.931633;5.7697;1.06837;5.7697;-0.00134053;6.70267;-1.35067;1.44806
7240;0.208999;-0.931633;5.7697;1.06837;5.7697;-0.00134053;6.70267;-1.35086;1.44825
7241;0.208999;-0.931633;5.7697;1.06837;5.7697;-0.00134053;6.70267;-1.35105;1.44845
7242;0.208999;-0.931633;5.7697;1.06837;5.7697;-0.00134053;6.70267;-1.35124;1.44864
7243;0.208999;-0.931633;5.7697;1.06837;5.7697;-0.00134053;6.70267;-1.35143;1.44884
7244;0.208999;-0.931633;5.7697;1.06837;5.7697;-0.00134053;6.70267;-1.35162;1.44903
7245;0.208999;-0.931633;5.7697;1.06837;5.7697;-0.00134053;6.70267;-1.35181;1.44922
7246;0.208999;-0.931633;5.7697;1.06837;5.7697;-0.00134053;6.70267;-1.352;1.44942
7247;0.208999;-0.931633;5.7697;1.06837;5.7697;-0.00134053;6.70267;-1.35219;1.44961
7248;0.208999;-0.931633;5.7697;1.06837;5.7697;-0.00134053;6.70267;-1.35237;1.4498
7249;0.208999;-0.931633;5.7697;1.06837;5.7697;-0.00134053;6.70267;-1.35256;1.45
7250;0.208999;-0.931633;5.7697;1.06837;5.7697;-0.00134053;6.70267;-1.35275;1.45019
7251;0.208999;-0.931633;5.7697;1.06837;5.7697;-0.00134053;6.70267;-1.35294;1.45038
7252;0.208999;-0.931633;5.7697;1.06837;5.7697;-0.00134053;6.70267;-1.35313;1.45058
7253;0.208999;-0.931633;5.7697;1.06837;5.7697;-0.00134053;6.70267;-1.35332;1.45077
7254;0.208999;-0.931633;5.7697;1.06837;5.7697;-0.00134053;6.70267;-1.35351;1.45096
7255;0.208999;-0.931633;5.7697;1.06837;5.7697;-0.00134053;6.70267;-1.3537;1.45116
7256;0.208999;-0.931633;5.7697;1.06837;5.7697;-0.00134053;6.70267;-1.35389;1.45135
7257;0.208999;-0.931633;5.7697;1.06837;5.7697;-0.00134053;6.70267;-1.35408;1.45155
7258;0.208999;-0.931633;5.7697;1.06837;5.7697;-0.00134053;6.70267;-1.35427;1.45174
7259;0.208999;-0.931633;5.7697;1.06837;5.7697;-0.00134053;6.70267;-1.35446;1.45193
7260;0.208999;-0.931633;5.7697;1.06837;5.7697;-0.00134053;6.70267;-1.35465;1.45213
7261;0.208999;-0.931633;5.7697;1.06837;5.7697;-0.00134053;6.70267;-1.35484;1.45232
7262;0.208999;-0.931633;5.7697;1.06837;5.7697;-0.00134053;6.70267;-1.35503;1.45251
7263;0.208999;-0.931633;5.7697;1.06837;5.7697;-0.00134053;6.70267;-1.35522;1.45271
7264;0.208999;-0.931633;5.7697;1.06837;5.7697;-0.00134053;6.70267;-1.35541;1.4529
7265;0.208999;-0.931633;5.7697;1.06837;5.7697;-0.00134053;6.70267;-1.3556;1.45309
7266;0.208999;-0.931633;5.7697;1.06837;5.7697;-0.00134053;6.70267;-1.35579;1.45329
7267;0.208999;-0.931633;5.7697;1.06837;5.7697;-0.00134053;6.70267;-1.35598;1.45348
7268;0.208999;-0.931633;5.7697;1.06837;5.7697;-0.00134053;6.70267;-1.35617;1.45367
7269;0.208999;-0.931633;5.7697;1.06837;5.7697;-0.00134053;6.70267;-1.35636;1.45387
7270;0.208999;-0.931633;5.76969;1.06837;5.76969;-0.00134053;6.70267;-1.35655;1.45406
7271;0.208999;-0.931633;5.76969;1.06837;5.76969;-0.00134053;6.70267;-1.35674;1.45425
7272;0.208999;-0.931633;5.76969;1.06837;5.76969;-0.00134053;6.70267;-1.35693;1.45445
7273;0.208999;-0.931633;5.76969;1.06837;5.76969;-0.00134053;6.70267;-1.35712;1.45464
7274;0.208999;-0.931633;5.76969;1.06837;5.76969;-0.00134053;6.70267;-1.35731;1.45484
7275;0.208999;-0.931633;5.76969;1.06837;5.76969;-0.00134053;6.70267;-1.3575;1.45503
7276;0.208999;-0.931633;5.76969;1.06837;5.76969;-0.00134053;6.70267;-1.35769;1.45522
7277;0.208999;-0.931633;5.76969;1.06837;5.76969;-0.00134053;6.70267;-1.35788;1.45542
7278;0.208999;-0.931633;5.76969;1.06837;5.76969;-0.00134053;6.70267;-1.35807;1.45561
7279;0.208999;-0.931633;5.76969;1.06837;5.76969;-0.00134053;6.70267;-1.35826;1.4558
7280;0.208999;-0.931633;5.76969;1.06837;5.76969;-0.00134053;6.70267;-1.35844;1.456
7281;0.208999;-0.931633;5.76969;1.06837;5.76969;-0.00134053;6.70267;-1.35863;1.45619
7282;0.208999;-0.931633;5.76969;1.06837;5.76969;-0.00134053;6.70267;-1.35882;1.45638
7283;0.208999;-0.931633;5.76969;1.06837;5.76969;-0.00134053;6.70267;-1.35901;1.45658
7284;0.208999;-0.931633;5.76969;1.06837;5.76969;-0.00134053;6.70267;-1.3592;1.45677
7285;0.208999;-0.931633;5.76969;1.06837;5.76969;-0.00134053;6.70267;-1.35939;1.45696
7286;0.208999;-0.931633;5.76969;1.06837;5.76969;-0.00134053;6.70267;-1.35958;1.45716
7287;0.208999;-0.931633;5.76969;1.06837;5.76969;-0.00134053;6.70267;-1.35977;1.45735
7288;0.208999;-0.931633;5.76969;1.06837;5.76969;-0.00134053;6.70267;-1.35996;1.45755
7289;0.208999;-0.931633;5.76969;1.06837;5.76969;-0.00134053;6.70267;-1.36015;1.45774
7290;0.208999;-0.931633;5.76969;1.06837;5.76969;-0.00134053;6.70267;-1.36034;1.45793
7291;0.208999;-0.931633;5.76969;1.06837;5.76969;-0.00134053;6.70267;-1.36053;1.45813
7292;0.208999;-0.931633;5.76969;1.06837;5.76969;-0.00134053;6.70267;-1.36072;1.45832
7293;0.208999;-0.931633;5.76969;1.06837;5.76969;-0.00134053;6.70267;-1.36091;1.45851
7294;0.208999;-0.931633;5.76969;1.06837;5.76969;-0.00134053;6.70267;-1.3611;1.45871
7295;0.208999;-0.931633;5.76969;1.06837;5.76969;-0.00134053;6.70267;-1.36129;1.4589
7296;0.208999;-0.931633;5.76969;1.06837;5.76969;-0.00134053;6.70267;-1.36148;1.45909
7297;0.208999;-0.931633;5.76969;1.06837;5.76969;-0.00134053;6.70267;-1.36167;1.45929
7298;0.208999;-0.931633;5.76969;1.06837;5.76969;-0.00134053;6.70267;-1.36186;1.45948
7299;0.208999;-0.931633;5.76969;1.06837;5.76969;-0.00134053;6.70267;-1.36205;1.45967
7300;0.208999;-0.931633;5.76969;1.06837;5.76969;-0.00134053;6.70267;-1.36224;1.45987
7301;0.208999;-0.931633;5.76969;1.06837;5.76969;-0.00134053;6.70267;-1.36243;1.46006
7302;0.208999;-0.931633;5.76969;1.06837;5.76969;-0.00134053;6.70267;-1.36262;1.46026
7303;0.208999;-0.931633;5.76969;1.06837;5.76969;-0.00134053;6.70267;-1.36281;1.46045
7304;0.208999;-0.931633;5.76969;1.06837;5.76969;-0.00134053;6.70267;-1.363;1.46064
7305;0.208999;-0.931633;5.76969;1.06837;5.76969;-0.00134053;6.70267;-1.36319;1.46084
7306;0.208999;-0.931633;5.76969;1.06837;5.76969;-0.00134053;6.70267;-1.36338;1.46103
7307;0.208999;-0.931633;5.76969;1.06837;5.76969;-0.00134053;6.70267;-1.36357;1.46122
7308;0.208999;-0.931633;5.76969;1.06837;5.76969;-0.00134053;6.70267;-1.36376;1.46142
7309;0.208999;-0.931633;5.76969;1.06837;5.76969;-0.00134053;6.70267;-1.36395;1.46161
7310;0.208999;-0.931633;5.76969;1.06837;5.76969;-0.00134053;6.70267;-1.36414;1.4618
7311;0.208999;-0.931633;5.76969;1.06837;5.76969;-0.00134053;6.70267;-1.36432;1.462
7312;0.208999;-0.931633;5.76969;1.06837;5.76969;-0.00134053;6.70267;-1.36451;1.46219
7313;0.208999;-0.931633;5.76969;1.06837;5.76969;-0.00134053;6.70267;-1.3647;1.46238
7314;0.208999;-0.931633;5.76969;1.06837;5.76969;-0.00134053;6.70267;-1.36489;1.46258
7315;0.208999;-0.931633;5.76969;1.06837;5.76969;-0.00134053;6.70267;-1.36508;1.46277
7316;0.208999;-0.931633;5.76969;1.06837;5.76969;-0.00134053;6.70267;-1.36527;1.46296
7317;0.208999;-0.931633;5.76969;1.06837;5.76969;-0.00134053;6.70267;-1.36546;1.46316
7318;0.208999;-0.931633;5.76969;1.06837;5.76969;-0.00134053;6.70267;-1.36565;1.46335
7319;0.208999;-0.931633;5.76969;1.06837;5.76969;-0.00134053;6.70267;-1.36584;1.46355
7320;0.208999;-0.931633;5.76969;1.06837;5.76969;-0.00134053;6.70267;-1.36603;1.46374
7321;0.208999;-0.931633;5.76969;1.06837;5.76969;-0.00134053;6.70267;-1.36622;1.46393
7322;0.208999;-0.931633;5.76969;1.06837;5.76969;-0.00134053;6.70267;-1.36641;1.46413
7323;0.208999;-0.931633;5.76969;1.06837;5.76969;-0.00134053;6.70267;-1.3666;1.46432
7324;0.208999;-0.931633;5.76969;1.06837;5.76969;-0.00134053;6.70267;-1.36679;1.46451
7325;0.208999;-0.931633;5.76969;1.06837;5.76969;-0.00134053;6.70267;-1.36698;1.46471
7326;0.208999;-0.931633;5.76969;1.06837;5.76969;-0.00134053;6.70267;-1.36717;1.4649
7327;0.208999;-0.931633;5.76969;1.06837;5.76969;-0.00134053;6.70267;-1.36736;1.46509
7328;0.208999;-0.931633;5.76969;1.06837;5.76969;-0.00134053;6.70267;-1.36755;1.46529
7329;0.208999;-0.931633;5.76969;1.06837;5.76969;-0.00134053;6.70267;-1.36774;1.46548
7330;0.208999;-0.931633;5.76969;1.06837;5.76969;-0.00134053;6.70267;-1.36793;1.46567
7331;0.208999;-0.931633;5.76969;1.06837;5.76969;-0.00134053;6.70267;-1.36812;1.46587
7332;0.208999;-0.931633;5.76969;1.06837;5.76969;-0.00134053;6.70267;-1.36831;1.46606
7333;0.208999;-0.931633;5.76969;1.06837;5.76969;-0.00134053;6.70267;-1.3685;1.46626
7334;0.208999;-0.931633;5.76969;1.06837;5.76969;-0.00134053;6.70267;-1.36869;1.46645
7335;0.208999;-0.931633;5.76969;1.06837;5.76969;-0.00134053;6.70267;-1.36888;1.46664
7336;0.208999;-0.931633;5.76969;1.06837;5.76969;-0.00134053;6.70267;-1.36907;1.46684
7337;0.208999;-0.931633;5.76969;1.06837;5.76969;-0.00134053;6.70267;-1.36926;1.46703
7338;0.209;-0.931633;5.76969;1.06837;5.76969;-0.00134053;6.70267;-1.36945;1.46722
7339;0.209;-0.931633;5.76969;1.06837;5.76969;-0.00134053;6.70267;-1.36964;1.46742
7340;0.209;-0.931633;5.76969;1.06837;5.76969;-0.00134053;6.70267;-1.36983;1.46761
7341;0.209;-0.931633;5.76969;1.06837;5.76969;-0.00134053;6.70267;-1.37002;1.4678
7342;0.209;-0.931633;5.76969;1.06837;5.76969;-0.00134053;6.70267;-1.37021;1.468
7343;0.209;-0.931633;5.76969;1.06837;5.76969;-0.00134053;6.70267;-1.37039;1.46819
7344;0.209;-0.931633;5.76969;1.06837;5.76969;-0.00134053;6.70267;-1.37058;1.46838
7345;0.209;-0.931633;5.76969;1.06837;5.76969;-0.00134053;6.70267;-1.37077;1.46858
7346;0.209;-0.931633;5.76969;1.06837;5.76969;-0.00134053;6.70267;-1.37096;1.46877
7347;0.209;-0.931633;5.76969;1.06837;5.76969;-0.00134053;6.70267;-1.37115;1.46896
7348;0.209;-0.931633;5.76969;1.06837;5.76969;-0.00134053;6.70267;-1.37134;1.46916
7349;0.209;-0.931633;5.76969;1.06837;5.76969;-0.00134053;6.70267;-1.37153;1.46935
7350;0.209;-0.931633;5.76969;1.06837;5.76969;-0.00134053;6.70267;-1.37172;1.46955
7351;0.209;-0.931633;5.76969;1.06837;5.76969;-0.00134053;6.70267;-1.37191;1.46974
7352;0.209;-0.931633;5.76969;1.06837;5.76969;-0.00134053;6.70267;-1.3721;1.46993
7353;0.209;-0.931633;5.76969;1.06837;5.76969;-0.00134053;6.70267;-1.37229;1.47013
7354;0.209;-0.931633;5.76969;1.06837;5.76969;-0.00134053;6.70267;-1.37248;1.47032
7355;0.209;-0.931633;5.76969;1.06837;5.76969;-0.00134053;6.70266;-1.37267;1.47051
7356;0.209;-0.931633;5.76969;1.06837;5.76969;-0.00134053;6.70266;-1.37286;1.47071
7357;0.209;-0.931633;5.76969;1.06837;5.76969;-0.00134053;6.70266;-1.37305;1.4709
7358;0.209;-0.931633;5.76969;1.06837;5.76969;-0.00134053;6.70266;-1.37324;1.47109
7359;0.209;-0.931633;5.76969;1.06837;5.76969;-0.00134053;6.70266;-1.37343;1.47129
7360;0.209;-0.931633;5.76969;1.06837;5.76969;-0.00134053;6.70266;-1.37362;1.47148
7361;0.209;-0.931633;5.76969;1.06837;5.76969;-0.00134053;6.70266;-1.37381;1.47167
7362;0.209;-0.931633;5.76969;1.06837;5.76969;-0.00134053;6.70266;-1.374;1.47187
7363;0.209;-0.931633;5.76969;1.06837;5.76969;-0.00134053;6.70266;-1.37419;1.47206
7364;0.209;-0.931633;5.76969;1.06837;5.76969;-0.00134053;6.70266;-1.37438;1.47226
7365;0.209;-0.931633;5.76969;1.06837;5.76969;-0.00134053;6.70266;-1.37457;1.47245
7366;0.209;-0.931633;5.76969;1.06837;5.76969;-0.00134053;6.70266;-1.37476;1.47264
7367;0.209;-0.931633;5.76969;1.06837;5.76969;-0.00134053;6.70266;-1.37495;1.47284
7368;0.209;-0.931633;5.76969;1.06837;5.76969;-0.00134053;6.70266;-1.37514;1.47303
7369;0.209;-0.931633;5.76969;1.06837;5.76969;-0.00134053;6.70266;-1.37533;1.47322
7370;0.209;-0.931633;5.76969;1.06837;5.76969;-0.00134053;6.70266;-1.37552;1.47342
7371;0.209;-0.931633;5.76969;1.06837;5.76969;-0.00134053;6.70266;-1.37571;1.47361
7372;0.209;-0.931633;5.76969;1.06837;5.76969;-0.00134053;6.70266;-1.3759;1.4738
7373;0.209;-0.931633;5.76969;1.06837;5.76969;-0.00134053;6.70266;-1.37609;1.474
7374;0.209;-0.931633;5.76969;1.06837;5.76969;-0.00134053;6.70266;-1.37628;1.47419
7375;0.209;-0.931633;5.76969;1.06837;5.76969;-0.00134053;6.70266;-1.37646;1.47438
7376;0.209;-0.931633;5.76969;1.06837;5.76969;-0.00134053;6.70266;-1.37665;1.47458
7377;0.209;-0.931633;5.76969;1.06837;5.76969;-0.00134053;6.70266;-1.37684;1.47477
7378;0.209;-0.931633;5.76969;1.06837;5.76969;-0.00134053;6.70266;-1.37703;1.47496
7379;0.209;-0.931633;5.76969;1.06837;5.76969;-0.00134053;6.70266;-1.37722;1.47516
7380;0.209;-0.931633;5.76969;1.06837;5.76969;-0.00134053;6.70266;-1.37741;1.47535
7381;0.209;-0.931633;5.76969;1.06837;5.76969;-0.00134053;6.70266;-1.3776;1.47555
7382;0.209;-0.931633;5.76969;1.06837;5.76969;-0.00134053;6.70266;-1.37779;1.47574
7383;0.209;-0.931633;5.76969;1.06837;5.76969;-0.00134053;6.70266;-1.37798;1.47593
7384;0.209;-0.931633;5.76969;1.06837;5.76969;-0.00134053;6.70266;-1.37817;1.47613
7385;0.209;-0.931633;5.76969;1.06837;5.76969;-0.00134053;6.70266;-1.37836;1.47632
7386;0.209;-0.931633;5.76969;1.06837;5.76969;-0.00134053;6.70266;-1.37855;1.47651
7387;0.209;-0.931633;5.76969;1.06837;5.76969;-0.00134053;6.70266;-1.37874;1.47671
7388;0.209;-0.931633;5.76969;1.06837;5.76969;-0.00134053;6.70266;-1.37893;1.4769
7389;0.209;-0.931633;5.76969;1.06837;5.76969;-0.00134053;6.70266;-1.37912;1.47709
7390;0.209;-0.931633;5.76969;1.06837;5.76969;-0.00134053;6.70266;-1.37931;1.47729
7391;0.209;-0.931633;5.76969;1.06837;5.76969;-0.00134053;6.70266;-1.3795;1.47748
7392;0.209;-0.931633;5.76969;1.06837;5.76969;-0.00134053;6.70266;-1.37969;1.47767
7393;0.209;-0.931633;5.76969;1.06837;5.76969;-0.00134053;6.70266;-1.37988;1.47787
7394;0.209;-0.931633;5.76969;1.06837;5.76969;-0.00134053;6.70266;-1.38007;1.47806
7395;0.209;-0.931633;5.76969;1.06837;5.76969;-0.00134053;6.70266;-1.38026;1.47826
7396;0.209;-0.931633;5.76969;1.06837;5.76969;-0.00134053;6.70266;-1.38045;1.47845
7397;0.209;-0.931633;5.76969;1.06837;5.76969;-0.00134053;6.70266;-1.38064;1.47864
7398;0.209;-0.931633;5.76969;1.06837;5.76969;-0.00134053;6.70266;-1.38083;1.47884
7399;0.209;-0.931633;5.76969;1.06837;5.76969;-0.00134053;6.70266;-1.38102;1.47903
7400;0.209;-0.931633;5.76969;1.06837;5.76969;-0.00134053;6.70266;-1.38121;1.47922
7401;0.209;-0.931633;5.76969;1.06837;5.76969;-0.00134053;6.70266;-1.3814;1.47942
7402;0.209;-0.931633;5.76969;1.06837;5.76969;-0.00134053;6.70266;-1.38159;1.47961
7403;0.209;-0.931633;5.76969;1.06837;5.76969;-0.00134053;6.70266;-1.38178;1.4798
7404;0.209;-0.931633;5.76969;1.06837;5.76969;-0.00134053;6.70266;-1.38197;1.48
7405;0.209;-0.931633;5.76969;1.06837;5.76969;-0.00134053;6.70266;-1.38216;1.48019
7406;0.209;-0.931633;5.76969;1.06837;5.76969;-0.00134053;6.70266;-1.38234;1.48038
7407;0.209;-0.931633;5.76969;1.06837;5.76969;-0.00134053;6.70266;-1.38253;1.48058
7408;0.209;-0.931633;5.76969;1.06837;5.76969;-0.00134053;6.70266;-1.38272;1.48077
7409;0.209;-0.931633;5.76969;1.06837;5.76969;-0.00134053;6.70266;-1.38291;1.48097
7410;0.209;-0.931633;5.76969;1.06837;5.76969;-0.00134053;6.70266;-1.3831;1.48116
7411;0.209;-0.931633;5.76969;1.06837;5.76969;-0.00134053;6.70266;-1.38329;1.48135
7412;0.209;-0.931633;5.76969;1.06837;5.76969;-0.00134053;6.70266;-1.38348;1.48155
7413;0.209;-0.931633;5.76969;1.06837;5.76969;-0.00134053;6.70266;-1.38367;1.48174
7414;0.209;-0.931633;5.76969;1.06837;5.76969;-0.00134053;6.70266;-1.38386;1.48193
7415;0.209;-0.931633;5.76969;1.06837;5.76969;-0.00134053;6.70266;-1.38405;1.48213
7416;0.209;-0.931633;5.76969;1.06837;5.76969;-0.00134053;6.70266;-1.38424;1.48232
7417;0.209;-0.931633;5.76969;1.06837;5.76969;-0.00134053;6.70266;-1.38443;1.48251
7418;0.209;-0.931633;5.76969;1.06837;5.76969;-0.00134053;6.70266;-1.38462;1.48271
7419;0.209;-0.931633;5.76969;1.06837;5.76969;-0.00134053;6.70266;-1.38481;1.4829
7420;0.209;-0.931633;5.76969;1.06837;5.76969;-0.00134053;6.70266;-1.385;1.48309
7421;0.209;-0.931633;5.76969;1.06837;5.76969;-0.00134053;6.70266;-1.38519;1.48329
7422;0.209;-0.931633;5.76969;1.06837;5.76969;-0.00134053;6.70266;-1.38538;1.48348
7423;0.209;-0.931633;5.76969;1.06837;5.76969;-0.00134053;6.70266;-1.38557;1.48367
7424;0.209;-0.931633;5.76969;1.06837;5.76969;-0.00134053;6.70266;-1.38576;1.48387
7425;0.209;-0.931633;5.76969;1.06837;5.76969;-0.00134053;6.70266;-1.38595;1.48406
7426;0.209;-0.931633;5.76969;1.06837;5.76969;-0.00134053;6.70266;-1.38614;1.48426
7427;0.209;-0.931633;5.76969;1.06837;5.76969;-0.00134053;6.70266;-1.38633;1.48445
7428;0.209;-0.931633;5.76969;1.06837;5.76969;-0.00134053;6.70266;-1.38652;1.48464
7429;0.209;-0.931633;5.76969;1.06837;5.76969;-0.00134053;6.70266;-1.38671;1.48484
7430;0.209;-0.931633;5.76969;1.06837;5.76969;-0.00134053;6.70266;-1.3869;1.48503
7431;0.209;-0.931633;5.76969;1.06837;5.76969;-0.00134053;6.70266;-1.38709;1.48522
7432;0.209;-0.931633;5.76969;1.06837;5.76969;-0.00134053;6.70266;-1.38728;1.48542
7433;0.209;-0.931633;5.76969;1.06837;5.76969;-0.00134053;6.70266;-1.38747;1.48561
7434;0.209;-0.931633;5.76969;1.06837;5.76969;-0.00134053;6.70266;-1.38766;1.4858
7435;0.209;-0.931633;5.76969;1.06837;5.76969;-0.00134053;6.70266;-1.38785;1.486
7436;0.209;-0.931633;5.76969;1.06837;5.76969;-0.00134053;6.70266;-1.38804;1.48619
7437;0.209;-0.931633;5.76969;1.06837;5.76969;-0.00134053;6.70266;-1.38823;1.48638
7438;0.209;-0.931633;5.76969;1.06837;5.76969;-0.00134053;6.70266;-1.38841;1.48658
7439;0.209;-0.931633;5.76969;1.06837;5.76969;-0.00134053;6.70266;-1.3886;1.48677
7440;0.209;-0.931633;5.76969;1.06837;5.76969;-0.00134053;6.70266;-1.38879;1.48697
7441;0.209;-0.931633;5.76969;1.06837;5.76969;-0.00134053;6.70266;-1.38898;1.48716
7442;0.209;-0.931633;5.76969;1.06837;5.76969;-0.00134053;6.70266;-1.38917;1.48735
7443;0.209;-0.931633;5.76969;1.06837;5.76969;-0.00134053;6.70266;-1.38936;1.48755
7444;0.209;-0.931633;5.76969;1.06837;5.76969;-0.00134053;6.70266;-1.38955;1.48774
7445;0.209;-0.931633;5.76969;1.06837;5.76969;-0.00134053;6.70266;-1.38974;1.48793
7446;0.209;-0.931633;5.76969;1.06837;5.76969;-0.00134053;6.70266;-1.38993;1.48813
7447;0.209;-0.931633;5.76969;1.06837;5.76969;-0.00134053;6.70266;-1.39012;1.48832
7448;0.209;-0.931633;5.76969;1.06837;5.76969;-0.00134053;6.70266;-1.39031;1.48851
7449;0.209;-0.931633;5.76969;1.06837;5.76969;-0.00134053;6.70266;-1.3905;1.48871
7450;0.209;-0.931633;5.76969;1.06837;5.76969;-0.00134053;6.70266;-1.39069;1.4889
7451;0.209;-0.931633;5.76969;1.06837;5.76969;-0.00134053;6.70266;-1.39088;1.48909
7452;0.209;-0.931633;5.76969;1.06837;5.76969;-0.00134053;6.70266;-1.39107;1.48929
7453;0.209;-0.931633;5.76969;1.06837;5.76969;-0.00134053;6.70266;-1.39126;1.48948
7454;0.209;-0.931633;5.76969;1.06837;5.76969;-0.00134053;6.70266;-1.39145;1.48967
7455;0.209;-0.931633;5.76969;1.06837;5.76969;-0.00134053;6.70266;-1.39164;1.48987
7456;0.209;-0.931633;5.76969;1.06837;5.76969;-0.00134053;6.70266;-1.39183;1.49006
7457;0.209;-0.931633;5.76969;1.06837;5.76969;-0.00134053;6.70266;-1.39202;1.49026
7458;0.209;-0.931633;5.76969;1.06837;5.76969;-0.00134053;6.70266;-1.39221;1.49045
7459;0.209;-0.931633;5.76969;1.06837;5.76969;-0.00134053;6.70266;-1.3924;1.49064
7460;0.209;-0.931633;5.76969;1.06837;5.76969;-0.00134053;6.70266;-1.39259;1.49084
7461;0.209;-0.931633;5.76969;1.06837;5.76969;-0.00134053;6.70266;-1.39278;1.49103
7462;0.209;-0.931633;5.76969;1.06837;5.76969;-0.00134053;6.70266;-1.39297;1.49122
7463;0.209;-0.931633;5.76969;1.06837;5.76969;-0.00134053;6.70266;-1.39316;1.49142
7464;0.209;-0.931633;5.76969;1.06837;5.76969;-0.00134053;6.70266;-1.39335;1.49161
7465;0.209;-0.931633;5.76969;1.06837;5.76969;-0.00134053;6.70266;-1.39354;1.4918
7466;0.209;-0.931633;5.76969;1.06837;5.76969;-0.00134053;6.70266;-1.39373;1.492
7467;0.209;-0.931633;5.76969;1.06837;5.76969;-0.00134053;6.70266;-1.39392;1.49219
7468;0.209;-0.931633;5.76969;1.06837;5.76969;-0.00134053;6.70266;-1.39411;1.49238
7469;0.209;-0.931633;5.76969;1.06837;5.76969;-0.00134053;6.70266;-1.3943;1.49258
7470;0.209;-0.931633;5.76969;1.06837;5.76969;-0.00134053;6.70266;-1.39448;1.49277
7471;0.209;-0.931633;5.76969;1.06837;5.76969;-0.00134053;6.70266;-1.39467;1.49297
7472;0.209;-0.931633;5.76969;1.06837;5.76969;-0.00134053;6.70266;-1.39486;1.49316
7473;0.209;-0.931633;5.76969;1.06837;5.76969;-0.00134053;6.70266;-1.39505;1.49335
7474;0.209;-0.931633;5.76969;1.06837;5.76969;-0.00134053;6.70266;-1.39524;1.49355
7475;0.209;-0.931633;5.76969;1.06837;5.76969;-0.00134053;6.70266;-1.39543;1.49374
7476;0.209;-0.931633;5.76969;1.06837;5.76969;-0.00134053;6.70266;-1.39562;1.49393
7477;0.209;-0.931633;5.76969;1.06837;5.76969;-0.00134053;6.70266;-1.39581;1.49413
7478;0.209;-0.931633;5.76969;1.06837;5.76969;-0.00134053;6.70266;-1.396;1.49432
7479;0.209;-0.931633;5.76969;1.06837;5.76969;-0.00134053;6.70266;-1.39619;1.49451
7480;0.209;-0.931633;5.76969;1.06837;5.76969;-0.00134053;6.70266;-1.39638;1.49471
7481;0.209;-0.931633;5.76969;1.06837;5.76969;-0.00134053;6.70266;-1.39657;1.4949
7482;0.209;-0.931633;5.76969;1.06837;5.76969;-0.00134053;6.70266;-1.39676;1.49509
7483;0.209;-0.931633;5.76969;1.06837;5.76969;-0.00134053;6.70266;-1.39695;1.49529
7484;0.209;-0.931633;5.76969;1.06837;5.76969;-0.00134053;6.70266;-1.39714;1.49548
7485;0.209;-0.931633;5.76969;1.06837;5.76969;-0.00134053;6.70266;-1.39733;1.49567
7486;0.209;-0.931633;5.76969;1.06837;5.76969;-0.00134053;6.70266;-1.39752;1.49587
7487;0.209;-0.931633;5.76969;1.06837;5.76969;-0.00134053;6.70266;-1.39771;1.49606
7488;0.209;-0.931633;5.76969;1.06837;5.76969;-0.00134053;6.70266;-1.3979;1.49626
7489;0.209;-0.931633;5.76969;1.06837;5.76969;-0.00134053;6.70266;-1.39809;1.49645
7490;0.209;-0.931633;5.76969;1.06837;5.76969;-0.00134053;6.70266;-1.39828;1.49664
7491;0.209;-0.931633;5.76969;1.06837;5.76969;-0.00134053;6.70266;-1.39847;1.49684
7492;0.209;-0.931633;5.76969;1.06837;5.76969;-0.00134053;6.70266;-1.39866;1.49703
7493;0.209;-0.931633;5.76969;1.06837;5.76969;-0.00134053;6.70266;-1.39885;1.49722
7494;0.209;-0.931633;5.76969;1.06837;5.76969;-0.00134053;6.70266;-1.39904;1.49742
7495;0.209;-0.931633;5.76969;1.06837;5.76969;-0.00134053;6.70266;-1.39923;1.49761
7496;0.209;-0.931633;5.76969;1.06837;5.76969;-0.00134053;6.70266;-1.39942;1.4978
7497;0.209;-0.931633;5.76969;1.06837;5.76969;-0.00134053;6.70266;-1.39961;1.498
7498;0.209;-0.931633;5.76969;1.06837;5.76969;-0.00134053;6.70266;-1.3998;1.49819
7499;0.209;-0.931633;5.76969;1.06837;5.76969;-0.00134053;6.70266;-1.39999;1.49838
7500;0.209;-0.931633;5.76969;1.06837;5.76969;-0.00134053;6.70266;-1.40018;1.49858
7501;0.209;-0.931633;5.76969;1.06837;5.76969;-0.00134053;6.70266;-1.40037;1.49877
7502;0.209;-0.931633;5.76969;1.06837;5.76969;-0.00134053;6.70266;-1.40055;1.49897
7503;0.209;-0.931633;5.76969;1.06837;5.76969;-0.00134053;6.70266;-1.40074;1.49916
7504;0.209;-0.931633;5.76969;1.06837;5.76969;-0.00134053;6.70266;-1.40093;1.49935
7505;0.209;-0.931633;5.76969;1.06837;5.76969;-0.00134053;6.70266;-1.40112;1.49955
7506;0.209;-0.931633;5.76969;1.06837;5.76969;-0.00134053;6.70266;-1.40131;1.49974
7507;0.209;-0.931633;5.76969;1.06837;5.76969;-0.00134053;6.70266;-1.4015;1.49993
7508;0.209;-0.931633;5.76969;1.06837;5.76969;-0.00134053;6.70266;-1.40169;1.50013
7509;0.209;-0.931633;5.76969;1.06837;5.76969;-0.00134053;6.70266;-1.40188;1.50032
7510;0.209;-0.931633;5.76969;1.06837;5.76969;-0.00134053;6.70266;-1.40207;1.50051
7511;0.209;-0.931633;5.76969;1.06837;5.76969;-0.00134053;6.70266;-1.40226;1.50071
7512;0.209;-0.931633;5.76969;1.06837;5.76969;-0.00134053;6.70266;-1.40245;1.5009
7513;0.209;-0.931633;5.76969;1.06837;5.76969;-0.00134053;6.70266;-1.40264;1.50109
7514;0.209;-0.931633;5.76969;1.06837;5.76969;-0.00134053;6.70266;-1.40283;1.50129
7515;0.209;-0.931633;5.76969;1.06837;5.76969;-0.00134053;6.70266;-1.40302;1.50148
7516;0.209;-0.931633;5.76969;1.06837;5.76969;-0.00134053;6.70266;-1.40321;1.50167
7517;0.209;-0.931633;5.76969;1.06837;5.76969;-0.00134053;6.70266;-1.4034;1.50187
7518;0.209;-0.931633;5.76969;1.06837;5.76969;-0.00134053;6.70266;-1.40359;1.50206
7519;0.209;-0.931633;5.76969;1.06837;5.76969;-0.00134053;6.70266;-1.40378;1.50226
7520;0.209;-0.931633;5.76969;1.06837;5.76969;-0.00134053;6.70266;-1.40397;1.50245
7521;0.209;-0.931633;5.76969;1.06837;5.76969;-0.00134053;6.70266;-1.40416;1.50264
7522;0.209;-0.931633;5.76969;1.06837;5.76969;-0.00134053;6.70266;-1.40435;1.50284
7523;0.209;-0.931633;5.76969;1.06837;5.76969;-0.00134053;6.70266;-1.40454;1.50303
7524;0.209;-0.931633;5.76969;1.06837;5.76969;-0.00134053;6.70266;-1.40473;1.50322
7525;0.209;-0.931633;5.76968;1.06837;5.76968;-0.00134053;6.70266;-1.40492;1.50342
7526;0.209;-0.931633;5.76968;1.06837;5.76968;-0.00134053;6.70266;-1.40511;1.50361
7527;0.209;-0.931633;5.76968;1.06837;5.76968;-0.00134053;6.70266;-1.4053;1.5038
7528;0.209;-0.931633;5.76968;1.06837;5.76968;-0.00134053;6.70266;-1.40549;1.504
7529;0.209;-0.931633;5.76968;1.06837;5.76968;-0.00134053;6.70266;-1.40568;1.50419
7530;0.209;-0.931633;5.76968;1.06837;5.76968;-0.00134053;6.70266;-1.40587;1.50438
7531;0.209;-0.931633;5.76968;1.06837;5.76968;-0.00134053;6.70266;-1.40606;1.50458
7532;0.209;-0.931633;5.76968;1.06837;5.76968;-0.00134053;6.70266;-1.40625;1.50477
7533;0.209;-0.931633;5.76968;1.06837;5.76968;-0.00134053;6.70266;-1.40643;1.50497
7534;0.209;-0.931633;5.76968;1.06837;5.76968;-0.00134053;6.70266;-1.40662;1.50516
7535;0.209;-0.931633;5.76968;1.06837;5.76968;-0.00134053;6.70266;-1.40681;1.50535
7536;0.209;-0.931633;5.76968;1.06837;5.76968;-0.00134053;6.70266;-1.407;1.50555
7537;0.209;-0.931633;5.76968;1.06837;5.76968;-0.00134053;6.70266;-1.40719;1.50574
7538;0.209;-0.931633;5.76968;1.06837;5.76968;-0.00134053;6.70266;-1.40738;1.50593
7539;0.209;-0.931633;5.76968;1.06837;5.76968;-0.00134053;6.70266;-1.40757;1.50613
7540;0.209;-0.931633;5.76968;1.06837;5.76968;-0.00134053;6.70266;-1.40776;1.50632
7541;0.209;-0.931633;5.76968;1.06837;5.76968;-0.00134053;6.70266;-1.40795;1.50651
7542;0.209;-0.931633;5.76968;1.06837;5.76968;-0.00134053;6.70266;-1.40814;1.50671
7543;0.209;-0.931633;5.76968;1.06837;5.76968;-0.00134053;6.70266;-1.40833;1.5069
7544;0.209;-0.931633;5.76968;1.06837;5.76968;-0.00134053;6.70266;-1.40852;1.50709
7545;0.209;-0.931633;5.76968;1.06837;5.76968;-0.00134053;6.70266;-1.40871;1.50729
7546;0.209;-0.931633;5.76968;1.06837;5.76968;-0.00134053;6.70266;-1.4089;1.50748
7547;0.209;-0.931633;5.76968;1.06837;5.76968;-0.00134053;6.70266;-1.40909;1.50768
7548;0.209;-0.931633;5.76968;1.06837;5.76968;-0.00134053;6.70266;-1.40928;1.50787
7549;0.209;-0.931633;5.76968;1.06837;5.76968;-0.00134053;6.70266;-1.40947;1.50806
7550;0.209;-0.931633;5.76968;1.06837;5.76968;-0.00134053;6.70266;-1.40966;1.50826
7551;0.209;-0.931633;5.76968;1.06837;5.76968;-0.00134053;6.70266;-1.40985;1.50845
7552;0.209;-0.931633;5.76968;1.06837;5.76968;-0.00134053;6.70266;-1.41004;1.50864
7553;0.209;-0.931633;5.76968;1.06837;5.76968;-0.00134053;6.70266;-1.41023;1.50884
7554;0.209;-0.931633;5.76968;1.06837;5.76968;-0.00134053;6.70266;-1.41042;1.50903
7555;0.209;-0.931633;5.76968;1.06837;5.76968;-0.00134053;6.70266;-1.41061;1.50922
7556;0.209;-0.931633;5.76968;1.06837;5.76968;-0.00134053;6.70266;-1.4108;1.50942
7557;0.209;-0.931633;5.76968;1.06837;5.76968;-0.00134053;6.70266;-1.41099;1.50961
7558;0.209;-0.931633;5.76968;1.06837;5.76968;-0.00134053;6.70266;-1.41118;1.5098
7559;0.209;-0.931633;5.76968;1.06837;5.76968;-0.00134053;6.70266;-1.41137;1.51
7560;0.209;-0.931633;5.76968;1.06837;5.76968;-0.00134053;6.70266;-1.41156;1.51019
7561;0.209;-0.931633;5.76968;1.06837;5.76968;-0.00134053;6.70266;-1.41175;1.51038
7562;0.209;-0.931633;5.76968;1.06837;5.76968;-0.00134053;6.70266;-1.41194;1.51058
7563;0.209;-0.931633;5.76968;1.06837;5.76968;-0.00134053;6.70266;-1.41213;1.51077
7564;0.209;-0.931633;5.76968;1.06837;5.76968;-0.00134053;6.70266;-1.41232;1.51097
7565;0.209;-0.931633;5.76968;1.06837;5.76968;-0.00134053;6.70266;-1.4125;1.51116
7566;0.209;-0.931633;5.76968;1.06837;5.76968;-0.00134053;6.70266;-1.41269;1.51135
7567;0.209;-0.931633;5.76968;1.06837;5.76968;-0.00134053;6.70266;-1.41288;1.51155
7568;0.209;-0.931633;5.76968;1.06837;5.76968;-0.00134053;6.70266;-1.41307;1.51174
7569;0.209;-0.931633;5.76968;1.06837;5.76968;-0.00134053;6.70266;-1.41326;1.51193
7570;0.209;-0.931633;5.76968;1.06837;5.76968;-0.00134053;6.70266;-1.41345;1.51213
7571;0.209;-0.931633;5.76968;1.06837;5.76968;-0.00134053;6.70266;-1.41364;1.51232
7572;0.209;-0.931633;5.76968;1.06837;5.76968;-0.00134053;6.70266;-1.41383;1.51251
7573;0.209;-0.931633;5.76968;1.06837;5.76968;-0.00134053;6.70266;-1.41402;1.51271
7574;0.209;-0.931633;5.76968;1.06837;5.76968;-0.00134053;6.70266;-1.41421;1.5129
7575;0.209;-0.931633;5.76968;1.06837;5.76968;-0.00134053;6.70266;-1.4144;1.51309
7576;0.209;-0.931633;5.76968;1.06837;5.76968;-0.00134053;6.70266;-1.41459;1.51329
7577;0.209;-0.931633;5.76968;1.06837;5.76968;-0.00134053;6.70266;-1.41478;1.51348
7578;0.209;-0.931633;5.76968;1.06837;5.76968;-0.00134053;6.70266;-1.41497;1.51368
7579;0.209;-0.931633;5.76968;1.06837;5.76968;-0.00134053;6.70266;-1.41516;1.51387
7580;0.209;-0.931633;5.76968;1.06837;5.76968;-0.00134053;6.70266;-1.41535;1.51406
7581;0.209;-0.931633;5.76968;1.06837;5.76968;-0.00134053;6.70266;-1.41554;1.51426
7582;0.209;-0.931633;5.76968;1.06837;5.76968;-0.00134053;6.70266;-1.41573;1.51445
7583;0.209;-0.931633;5.76968;1.06837;5.76968;-0.00134053;6.70266;-1.41592;1.51464
7584;0.209;-0.931633;5.76968;1.06837;5.76968;-0.00134053;6.70266;-1.41611;1.51484
7585;0.209;-0.931633;5.76968;1.06837;5.76968;-0.00134053;6.70266;-1.4163;1.51503
7586;0.209;-0.931633;5.76968;1.06837;5.76968;-0.00134053;6.70266;-1.41649;1.51522
7587;0.209;-0.931633;5.76968;1.06837;5.76968;-0.00134053;6.70266;-1.41668;1.51542
7588;0.209;-0.931633;5.76968;1.06837;5.76968;-0.00134053;6.70266;-1.41687;1.51561
7589;0.209;-0.931633;5.76968;1.06837;5.76968;-0.00134053;6.70266;-1.41706;1.5158
7590;0.209;-0.931633;5.76968;1.06837;5.76968;-0.00134053;6.70266;-1.41725;1.516
7591;0.209;-0.931633;5.76968;1.06837;5.76968;-0.00134053;6.70266;-1.41744;1.51619
7592;0.209;-0.931633;5.76968;1.06837;5.76968;-0.00134053;6.70266;-1.41763;1.51638
7593;0.209;-0.931633;5.76968;1.06837;5.76968;-0.00134053;6.70266;-1.41782;1.51658
7594;0.209;-0.931633;5.76968;1.06837;5.76968;-0.00134053;6.70266;-1.41801;1.51677
7595;0.209;-0.931633;5.76968;1.06837;5.76968;-0.00134053;6.70266;-1.4182;1.51697
7596;0.209;-0.931633;5.76968;1.06837;5.76968;-0.00134053;6.70266;-1.41839;1.51716
7597;0.209;-0.931633;5.76968;1.06837;5.76968;-0.00134053;6.70266;-1.41857;1.51735
7598;0.209;-0.931633;5.76968;1.06837;5.76968;-0.00134053;6.70266;-1.41876;1.51755
7599;0.209;-0.931633;5.76968;1.06837;5.76968;-0.00134053;6.70266;-1.41895;1.51774
7600;0.209;-0.931633;5.76968;1.06837;5.76968;-0.00134053;6.70266;-1.41914;1.51793
7601;0.209;-0.931633;5.76968;1.06837;5.76968;-0.00134053;6.70266;-1.41933;1.51813
7602;0.209;-0.931633;5.76968;1.06837;5.76968;-0.00134053;6.70266;-1.41952;1.51832
7603;0.209;-0.931633;5.76968;1.06837;5.76968;-0.00134053;6.70266;-1.41971;1.51851
7604;0.209;-0.931633;5.76968;1.06837;5.76968;-0.00134053;6.70266;-1.4199;1.51871
7605;0.209;-0.931633;5.76968;1.06837;5.76968;-0.00134053;6.70266;-1.42009;1.5189
7606;0.209;-0.931633;5.76968;1.06837;5.76968;-0.00134053;6.70266;-1.42028;1.51909
7607;0.209;-0.931633;5.76968;1.06837;5.76968;-0.00134053;6.70266;-1.42047;1.51929
7608;0.209;-0.931633;5.76968;1.06837;5.76968;-0.00134053;6.70266;-1.42066;1.51948
7609;0.209;-0.931633;5.76968;1.06837;5.76968;-0.00134053;6.70266;-1.42085;1.51968
7610;0.209;-0.931633;5.76968;1.06837;5.76968;-0.00134053;6.70266;-1.42104;1.51987
7611;0.209;-0.931633;5.76968;1.06837;5.76968;-0.00134053;6.70266;-1.42123;1.52006
7612;0.209;-0.931633;5.76968;1.06837;5.76968;-0.00134053;6.70266;-1.42142;1.52026
7613;0.209;-0.931633;5.76968;1.06837;5.76968;-0.00134053;6.70266;-1.42161;1.52045
7614;0.209;-0.931633;5.76968;1.06837;5.76968;-0.00134053;6.70265;-1.4218;1.52064
7615;0.209;-0.931633;5.76968;1.06837;5.76968;-0.00134053;6.70265;-1.42199;1.52084
7616;0.209;-0.931633;5.76968;1.06837;5.76968;-0.00134053;6.70265;-1.42218;1.52103
7617;0.209;-0.931633;5.76968;1.06837;5.76968;-0.00134053;6.70265;-1.42237;1.52122
7618;0.209;-0.931633;5.76968;1.06837;5.76968;-0.00134053;6.70265;-1.42256;1.52142
7619;0.209;-0.931633;5.76968;1.06837;5.76968;-0.00134053;6.70265;-1.42275;1.52161
7620;0.209;-0.931633;5.76968;1.06837;5.76968;-0.00134053;6.70265;-1.42294;1.5218
7621;0.209;-0.931633;5.76968;1.06837;5.76968;-0.00134053;6.70265;-1.42313;1.522
7622;0.209;-0.931633;5.76968;1.06837;5.76968;-0.00134053;6.70265;-1.42332;1.52219
7623;0.209;-0.931633;5.76968;1.06837;5.76968;-0.00134053;6.70265;-1.42351;1.52238
7624;0.209;-0.931633;5.76968;1.06837;5.76968;-0.00134053;6.70265;-1.4237;1.52258
7625;0.209;-0.931633;5.76968;1.06837;5.76968;-0.00134053;6.70265;-1.42389;1.52277
7626;0.209;-0.931633;5.76968;1.06837;5.76968;-0.00134053;6.70265;-1.42408;1.52297
7627;0.209;-0.931633;5.76968;1.06837;5.76968;-0.00134053;6.70265;-1.42427;1.52316
7628;0.209;-0.931633;5.76968;1.06837;5.76968;-0.00134053;6.70265;-1.42445;1.52335
7629;0.209;-0.931633;5.76968;1.06837;5.76968;-0.00134053;6.70265;-1.42464;1.52355
7630;0.209;-0.931633;5.76968;1.06837;5.76968;-0.00134053;6.70265;-1.42483;1.52374
7631;0.209;-0.931633;5.76968;1.06837;5.76968;-0.00134053;6.70265;-1.42502;1.52393
7632;0.209;-0.931633;5.76968;1.06837;5.76968;-0.00134053;6.70265;-1.42521;1.52413
7633;0.209;-0.931633;5.76968;1.06837;5.76968;-0.00134053;6.70265;-1.4254;1.52432
7634;0.209;-0.931633;5.76968;1.06837;5.76968;-0.00134053;6.70265;-1.42559;1.52451
7635;0.209;-0.931633;5.76968;1.06837;5.76968;-0.00134053;6.70265;-1.42578;1.52471
7636;0.209;-0.931633;5.76968;1.06837;5.76968;-0.00134053;6.70265;-1.42597;1.5249
7637;0.209;-0.931633;5.76968;1.06837;5.76968;-0.00134053;6.70265;-1.42616;1.52509
7638;0.209;-0.931633;5.76968;1.06837;5.76968;-0.00134053;6.70265;-1.42635;1.52529
7639;0.209;-0.931633;5.76968;1.06837;5.76968;-0.00134053;6.70265;-1.42654;1.52548
7640;0.209;-0.931633;5.76968;1.06837;5.76968;-0.00134053;6.70265;-1.42673;1.52568
7641;0.209;-0.931633;5.76968;1.06837;5.76968;-0.00134053;6.70265;-1.42692;1.52587
7642;0.209;-0.931633;5.76968;1.06837;5.76968;-0.00134053;6.70265;-1.42711;1.52606
7643;0.209;-0.931633;5.76968;1.06837;5.76968;-0.00134053;6.70265;-1.4273;1.52626
7644;0.209;-0.931633;5.76968;1.06837;5.76968;-0.00134053;6.70265;-1.42749;1.52645
7645;0.209;-0.931633;5.76968;1.06837;5.76968;-0.00134053;6.70265;-1.42768;1.52664
7646;0.209;-0.931633;5.76968;1.06837;5.76968;-0.00134053;6.70265;-1.42787;1.52684
7647;0.209;-0.931633;5.76968;1.06837;5.76968;-0.00134053;6.70265;-1.42806;1.52703
7648;0.209;-0.931633;5.76968;1.06837;5.76968;-0.00134053;6.70265;-1.42825;1.52722
7649;0.209;-0.931633;5.76968;1.06837;5.76968;-0.00134053;6.70265;-1.42844;1.52742
7650;0.209;-0.931633;5.76968;1.06837;5.76968;-0.00134053;6.70265;-1.42863;1.52761
7651;0.209;-0.931633;5.76968;1.06837;5.76968;-0.00134053;6.70265;-1.42882;1.5278
7652;0.209;-0.931633;5.76968;1.06837;5.76968;-0.00134053;6.70265;-1.42901;1.528
7653;0.209;-0.931633;5.76968;1.06837;5.76968;-0.00134053;6.70265;-1.4292;1.52819
7654;0.209;-0.931633;5.76968;1.06837;5.76968;-0.00134053;6.70265;-1.42939;1.52838
7655;0.209;-0.931633;5.76968;1.06837;5.76968;-0.00134053;6.70265;-1.42958;1.52858
7656;0.209;-0.931633;5.76968;1.06837;5.76968;-0.00134053;6.70265;-1.42977;1.52877
7657;0.209;-0.931633;5.76968;1.06837;5.76968;-0.00134053;6.70265;-1.42996;1.52897
7658;0.209;-0.931633;5.76968;1.06837;5.76968;-0.00134053;6.70265;-1.43015;1.52916
7659;0.209;-0.931633;5.76968;1.06837;5.76968;-0.00134053;6.70265;-1.43034;1.52935
7660;0.209;-0.931633;5.76968;1.06837;5.76968;-0.00134053;6.70265;-1.43052;1.52955
7661;0.209;-0.931633;5.76968;1.06837;5.76968;-0.00134053;6.70265;-1.43071;1.52974
7662;0.209;-0.931633;5.76968;1.06837;5.76968;-0.00134053;6.70265;-1.4309;1.52993
7663;0.209;-0.931633;5.76968;1.06837;5.76968;-0.00134053;6.70265;-1.43109;1.53013
7664;0.209;-0.931633;5.76968;1.06837;5.76968;-0.00134053;6.70265;-1.43128;1.53032
7665;0.209;-0.931633;5.76968;1.06837;5.76968;-0.00134053;6.70265;-1.43147;1.53051
7666;0.209;-0.931633;5.76968;1.06837;5.76968;-0.00134053;6.70265;-1.43166;1.53071
7667;0.209;-0.931633;5.76968;1.06837;5.76968;-0.00134053;6.70265;-1.43185;1.5309
7668;0.209;-0.931633;5.76968;1.06837;5.76968;-0.00134053;6.70265;-1.43204;1.53109
7669;0.209;-0.931633;5.76968;1.06837;5.76968;-0.00134053;6.70265;-1.43223;1.53129
7670;0.209;-0.931633;5.76968;1.06837;5.76968;-0.00134053;6.70265;-1.43242;1.53148
7671;0.209;-0.931633;5.76968;1.06837;5.76968;-0.00134053;6.70265;-1.43261;1.53168
7672;0.209;-0.931633;5.76968;1.06837;5.76968;-0.00134053;6.70265;-1.4328;1.53187
7673;0.209;-0.931633;5.76968;1.06837;5.76968;-0.00134053;6.70265;-1.43299;1.53206
7674;0.209;-0.931633;5.76968;1.06837;5.76968;-0.00134053;6.70265;-1.43318;1.53226
7675;0.209;-0.931633;5.76968;1.06837;5.76968;-0.00134053;6.70265;-1.43337;1.53245
7676;0.209;-0.931633;5.76968;1.06837;5.76968;-0.00134053;6.70265;-1.43356;1.53264
7677;0.209;-0.931633;5.76968;1.06837;5.76968;-0.00134053;6.70265;-1.43375;1.53284
7678;0.209;-0.931633;5.76968;1.06837;5.76968;-0.00134053;6.70265;-1.43394;1.53303
7679;0.209;-0.931633;5.76968;1.06837;5.76968;-0.00134053;6.70265;-1.43413;1.53322
7680;0.209;-0.931633;5.76968;1.06837;5.76968;-0.00134053;6.70265;-1.43432;1.53342
7681;0.209;-0.931633;5.76968;1.06837;5.76968;-0.00134053;6.70265;-1.43451;1.53361
7682;0.209;-0.931633;5.76968;1.06837;5.76968;-0.00134053;6.70265;-1.4347;1.5338
7683;0.209;-0.931633;5.76968;1.06837;5.76968;-0.00134053;6.70265;-1.43489;1.534
7684;0.209;-0.931633;5.76968;1.06837;5.76968;-0.00134053;6.70265;-1.43508;1.53419
7685;0.209;-0.931633;5.76968;1.06837;5.76968;-0.00134053;6.70265;-1.43527;1.53439
7686;0.209;-0.931633;5.76968;1.06837;5.76968;-0.00134053;6.70265;-1.43546;1.53458
7687;0.209;-0.931633;5.76968;1.06837;5.76968;-0.00134053;6.70265;-1.43565;1.53477
7688;0.209;-0.931633;5.76968;1.06837;5.76968;-0.00134053;6.70265;-1.43584;1.53497
7689;0.209;-0.931633;5.76968;1.06837;5.76968;-0.00134053;6.70265;-1.43603;1.53516
7690;0.209;-0.931633;5.76968;1.06837;5.76968;-0.00134053;6.70265;-1.43622;1.53535
7691;0.209;-0.931633;5.76968;1.06837;5.76968;-0.00134053;6.70265;-1.43641;1.53555
7692;0.209;-0.931633;5.76968;1.06837;5.76968;-0.00134053;6.70265;-1.43659;1.53574
7693;0.209;-0.931633;5.76968;1.06837;5.76968;-0.00134053;6.70265;-1.43678;1.53593
7694;0.209;-0.931633;5.76968;1.06837;5.76968;-0.00134053;6.70265;-1.43697;1.53613
7695;0.209;-0.931633;5.76968;1.06837;5.76968;-0.00134053;6.70265;-1.43716;1.53632
7696;0.209;-0.931633;5.76968;1.06837;5.76968;-0.00134053;6.70265;-1.43735;1.53651
7697;0.209;-0.931633;5.76968;1.06837;5.76968;-0.00134053;6.70265;-1.43754;1.53671
7698;0.209;-0.931633;5.76968;1.06837;5.76968;-0.00134053;6.70265;-1.43773;1.5369
7699;0.209;-0.931633;5.76968;1.06837;5.76968;-0.00134053;6.70265;-1.43792;1.53709
7700;0.209;-0.931633;5.76968;1.06837;5.76968;-0.00134053;6.70265;-1.43811;1.53729
7701;0.209;-0.931633;5.76968;1.06837;5.76968;-0.00134053;6.70265;-1.4383;1.53748
7702;0.209;-0.931633;5.76968;1.06837;5.76968;-0.00134053;6.70265;-1.43849;1.53768
7703;0.209;-0.931633;5.76968;1.06837;5.76968;-0.00134053;6.70265;-1.43868;1.53787
7704;0.209;-0.931633;5.76968;1.06837;5.76968;-0.00134053;6.70265;-1.43887;1.53806
7705;0.209;-0.931633;5.76968;1.06837;5.76968;-0.00134053;6.70265;-1.43906;1.53826
7706;0.209;-0.931633;5.76968;1.06837;5.76968;-0.00134053;6.70265;-1.43925;1.53845
7707;0.209;-0.931633;5.76968;1.06837;5.76968;-0.00134053;6.70265;-1.43944;1.53864
7708;0.209;-0.931633;5.76968;1.06837;5.76968;-0.00134053;6.70265;-1.43963;1.53884
7709;0.209;-0.931633;5.76968;1.06837;5.76968;-0.00134053;6.70265;-1.43982;1.53903
7710;0.209;-0.931633;5.76968;1.06837;5.76968;-0.00134053;6.70265;-1.44001;1.53922
7711;0.209;-0.931633;5.76968;1.06837;5.76968;-0.00134053;6.70265;-1.4402;1.53942
7712;0.209;-0.931633;5.76968;1.06837;5.76968;-0.00134053;6.70265;-1.44039;1.53961
7713;0.209;-0.931633;5.76968;1.06837;5.76968;-0.00134053;6.70265;-1.44058;1.5398
7714;0.209;-0.931633;5.76968;1.06837;5.76968;-0.00134053;6.70265;-1.44077;1.54
7715;0.209;-0.931633;5.76968;1.06837;5.76968;-0.00134053;6.70265;-1.44096;1.54019
7716;0.209;-0.931633;5.76968;1.06837;5.76968;-0.00134053;6.70265;-1.44115;1.54039
7717;0.209;-0.931633;5.76968;1.06837;5.76968;-0.00134053;6.70265;-1.44134;1.54058
7718;0.209;-0.931633;5.76968;1.06837;5.76968;-0.00134053;6.70265;-1.44153;1.54077
7719;0.209;-0.931633;5.76968;1.06837;5.76968;-0.00134053;6.70265;-1.44172;1.54097
7720;0.209;-0.931633;5.76968;1.06837;5.76968;-0.00134053;6.70265;-1.44191;1.54116
7721;0.209;-0.931633;5.76968;1.06837;5.76968;-0.00134053;6.70265;-1.4421;1.54135
7722;0.209;-0.931633;5.76968;1.06837;5.76968;-0.00134053;6.70265;-1.44229;1.54155
7723;0.209;-0.931633;5.76968;1.06837;5.76968;-0.00134053;6.70265;-1.44247;1.54174
7724;0.209;-0.931633;5.76968;1.06837;5.76968;-0.00134053;6.70265;-1.44266;1.54193
7725;0.209;-0.931633;5.76968;1.06837;5.76968;-0.00134053;6.70265;-1.44285;1.54213
7726;0.209;-0.931633;5.76968;1.06837;5.76968;-0.00134053;6.70265;-1.44304;1.54232
7727;0.209;-0.931633;5.76968;1.06837;5.76968;-0.00134053;6.70265;-1.44323;1.54251
7728;0.209;-0.931633;5.76968;1.06837;5.76968;-0.00134053;6.70265;-1.44342;1.54271
7729;0.209;-0.931633;5.76968;1.06837;5.76968;-0.00134053;6.70265;-1.44361;1.5429
7730;0.209;-0.931633;5.76968;1.06837;5.76968;-0.00134053;6.70265;-1.4438;1.54309
7731;0.209;-0.931633;5.76968;1.06837;5.76968;-0.00134053;6.70265;-1.44399;1.54329
7732;0.209;-0.931633;5.76968;1.06837;5.76968;-0.00134053;6.70265;-1.44418;1.54348
7733;0.209;-0.931633;5.76968;1.06837;5.76968;-0.00134053;6.70265;-1.44437;1.54368
7734;0.209;-0.931633;5.76968;1.06837;5.76968;-0.00134053;6.70265;-1.44456;1.54387
7735;0.209;-0.931633;5.76968;1.06837;5.76968;-0.00134053;6.70265;-1.44475;1.54406
7736;0.209;-0.931633;5.76968;1.06837;5.76968;-0.00134053;6.70265;-1.44494;1.54426
7737;0.209;-0.931633;5.76968;1.06837;5.76968;-0.00134053;6.70265;-1.44513;1.54445
7738;0.209;-0.931633;5.76968;1.06837;5.76968;-0.00134053;6.70265;-1.44532;1.54464
7739;0.209;-0.931633;5.76968;1.06837;5.76968;-0.00134053;6.70265;-1.44551;1.54484
7740;0.209;-0.931633;5.76968;1.06837;5.76968;-0.00134053;6.70265;-1.4457;1.54503
7741;0.209;-0.931633;5.76968;1.06837;5.76968;-0.00134053;6.70265;-1.44589;1.54522
7742;0.209;-0.931633;5.76968;1.06837;5.76968;-0.00134053;6.70265;-1.44608;1.54542
7743;0.209;-0.931633;5.76968;1.06837;5.76968;-0.00134053;6.70265;-1.44627;1.54561
7744;0.209;-0.931633;5.76968;1.06837;5.76968;-0.00134053;6.70265;-1.44646;1.5458
7745;0.209;-0.931633;5.76968;1.06837;5.76968;-0.00134053;6.70265;-1.44665;1.546
7746;0.209;-0.931633;5.76968;1.06837;5.76968;-0.00134053;6.70265;-1.44684;1.54619
7747;0.209;-0.931633;5.76968;1.06837;5.76968;-0.00134053;6.70265;-1.44703;1.54639
7748;0.209;-0.931633;5.76968;1.06837;5.76968;-0.00134053;6.70265;-1.44722;1.54658
7749;0.209;-0.931633;5.76968;1.06837;5.76968;-0.00134053;6.70265;-1.44741;1.54677
7750;0.209;-0.931633;5.76968;1.06837;5.76968;-0.00134053;6.70265;-1.4476;1.54697
7751;0.209;-0.931633;5.76968;1.06837;5.76968;-0.00134053;6.70265;-1.44779;1.54716
7752;0.209;-0.931633;5.76968;1.06837;5.76968;-0.00134053;6.70265;-1.44798;1.54735
7753;0.209;-0.931633;5.76968;1.06837;5.76968;-0.00134053;6.70265;-1.44817;1.54755
7754;0.209;-0.931633;5.76968;1.06837;5.76968;-0.00134053;6.70265;-1.44836;1.54774
7755;0.209;-0.931633;5.76968;1.06837;5.76968;-0.00134053;6.70265;-1.44854;1.54793
7756;0.209;-0.931633;5.76968;1.06837;5.76968;-0.00134053;6.70265;-1.44873;1.54813
7757;0.209;-0.931633;5.76968;1.06837;5.76968;-0.00134053;6.70265;-1.44892;1.54832
7758;0.209;-0.931633;5.76968;1.06837;5.76968;-0.00134053;6.70265;-1.44911;1.54851
7759;0.209;-0.931633;5.76968;1.06837;5.76968;-0.00134053;6.70265;-1.4493;1.54871
7760;0.209;-0.931633;5.76968;1.06837;5.76968;-0.00134053;6.70265;-1.44949;1.5489
7761;0.209;-0.931633;5.76968;1.06837;5.76968;-0.00134053;6.70265;-1.44968;1.54909
7762;0.209;-0.931633;5.76968;1.06837;5.76968;-0.00134053;6.70265;-1.44987;1.54929
7763;0.209;-0.931633;5.76968;1.06837;5.76968;-0.00134053;6.70265;-1.45006;1.54948
7764;0.209;-0.931633;5.76968;1.06837;5.76968;-0.00134053;6.70265;-1.45025;1.54968
7765;0.209;-0.931633;5.76968;1.06837;5.76968;-0.00134053;6.70265;-1.45044;1.54987
7766;0.209;-0.931633;5.76968;1.06837;5.76968;-0.00134053;6.70265;-1.45063;1.55006
7767;0.209;-0.931633;5.76968;1.06837;5.76968;-0.00134053;6.70265;-1.45082;1.55026
7768;0.209;-0.931633;5.76968;1.06837;5.76968;-0.00134053;6.70265;-1.45101;1.55045
7769;0.209;-0.931633;5.76968;1.06837;5.76968;-0.00134053;6.70265;-1.4512;1.55064
7770;0.209;-0.931633;5.76968;1.06837;5.76968;-0.00134053;6.70265;-1.45139;1.55084
7771;0.209;-0.931633;5.76968;1.06837;5.76968;-0.00134053;6.70265;-1.45158;1.55103
7772;0.209;-0.931633;5.76968;1.06837;5.76968;-0.00134053;6.70265;-1.45177;1.55122
7773;0.209;-0.931633;5.76968;1.06837;5.76968;-0.00134053;6.70265;-1.45196;1.55142
7774;0.209;-0.931633;5.76968;1.06837;5.76968;-0.00134053;6.70265;-1.45215;1.55161
7775;0.209;-0.931633;5.76968;1.06837;5.76968;-0.00134053;6.70265;-1.45234;1.5518
7776;0.209;-0.931633;5.76968;1.06837;5.76968;-0.00134053;6.70265;-1.45253;1.552
7777;0.209;-0.931633;5.76968;1.06837;5.76968;-0.00134053;6.70265;-1.45272;1.55219
7778;0.209;-0.931633;5.76968;1.06837;5.76968;-0.00134053;6.70265;-1.45291;1.55239
7779;0.209;-0.931633;5.76968;1.06837;5.76968;-0.00134053;6.70265;-1.4531;1.55258
7780;0.209;-0.931633;5.76968;1.06837;5.76968;-0.00134053;6.70265;-1.45329;1.55277
7781;0.209;-0.931633;5.76968;1.06837;5.76968;-0.00134053;6.70265;-1.45348;1.55297
7782;0.209;-0.931633;5.76967;1.06837;5.76967;-0.00134053;6.70265;-1.45367;1.55316
7783;0.209;-0.931633;5.76967;1.06837;5.76967;-0.00134053;6.70265;-1.45386;1.55335
7784;0.209;-0.931633;5.76967;1.06837;5.76967;-0.00134053;6.70265;-1.45405;1.55355
7785;0.209;-0.931633;5.76967;1.06837;5.76967;-0.00134053;6.70265;-1.45424;1.55374
7786;0.209;-0.931633;5.76967;1.06837;5.76967;-0.00134053;6.70265;-1.45443;1.55393
7787;0.209;-0.931633;5.76967;1.06837;5.76967;-0.00134053;6.70265;-1.45461;1.55413
7788;0.209;-0.931633;5.76967;1.06837;5.76967;-0.00134053;6.70265;-1.4548;1.55432
7789;0.209;-0.931633;5.76967;1.06837;5.76967;-0.00134053;6.70265;-1.45499;1.55451
7790;0.209;-0.931633;5.76967;1.06837;5.76967;-0.00134053;6.70265;-1.45518;1.55471
7791;0.209;-0.931633;5.76967;1.06837;5.76967;-0.00134053;6.70265;-1.45537;1.5549
7792;0.209;-0.931633;5.76967;1.06837;5.76967;-0.00134053;6.70265;-1.45556;1.55509
7793;0.209;-0.931633;5.76967;1.06837;5.76967;-0.00134053;6.70265;-1.45575;1.55529
7794;0.209;-0.931633;5.76967;1.06837;5.76967;-0.00134053;6.70265;-1.45594;1.55548
7795;0.209;-0.931633;5.76967;1.06837;5.76967;-0.00134053;6.70265;-1.45613;1.55568
7796;0.209;-0.931633;5.76967;1.06837;5.76967;-0.00134053;6.70265;-1.45632;1.55587
7797;0.209;-0.931633;5.76967;1.06837;5.76967;-0.00134053;6.70265;-1.45651;1.55606
7798;0.209;-0.931633;5.76967;1.06837;5.76967;-0.00134053;6.70265;-1.4567;1.55626
7799;0.209;-0.931633;5.76967;1.06837;5.76967;-0.00134053;6.70265;-1.45689;1.55645
7800;0.209;-0.931633;5.76967;1.06837;5.76967;-0.00134053;6.70265;-1.45708;1.55664
7801;0.209;-0.931633;5.76967;1.06837;5.76967;-0.00134053;6.70265;-1.45727;1.55684
7802;0.209;-0.931633;5.76967;1.06837;5.76967;-0.00134053;6.70265;-1.45746;1.55703
7803;0.209;-0.931633;5.76967;1.06837;5.76967;-0.00134053;6.70265;-1.45765;1.55722
7804;0.209;-0.931633;5.76967;1.06837;5.76967;-0.00134053;6.70265;-1.45784;1.55742
7805;0.209;-0.931633;5.76967;1.06837;5.76967;-0.00134053;6.70265;-1.45803;1.55761
7806;0.209;-0.931633;5.76967;1.06837;5.76967;-0.00134053;6.70265;-1.45822;1.5578
7807;0.209;-0.931633;5.76967;1.06837;5.76967;-0.00134053;6.70265;-1.45841;1.558
7808;0.209;-0.931633;5.76967;1.06837;5.76967;-0.00134053;6.70265;-1.4586;1.55819
7809;0.209;-0.931633;5.76967;1.06837;5.76967;-0.00134053;6.70265;-1.45879;1.55839
7810;0.209;-0.931633;5.76967;1.06837;5.76967;-0.00134053;6.70265;-1.45898;1.55858
7811;0.209;-0.931633;5.76967;1.06837;5.76967;-0.00134053;6.70265;-1.45917;1.55877
7812;0.209;-0.931633;5.76967;1.06837;5.76967;-0.00134053;6.70265;-1.45936;1.55897
7813;0.209;-0.931633;5.76967;1.06837;5.76967;-0.00134053;6.70265;-1.45955;1.55916
7814;0.209;-0.931633;5.76967;1.06837;5.76967;-0.00134053;6.70265;-1.45974;1.55935
7815;0.209;-0.931633;5.76967;1.06837;5.76967;-0.00134053;6.70265;-1.45993;1.55955
7816;0.209;-0.931633;5.76967;1.06837;5.76967;-0.00134053;6.70265;-1.46012;1.55974
7817;0.209;-0.931633;5.76967;1.06837;5.76967;-0.00134053;6.70265;-1.46031;1.55993
7818;0.209;-0.931633;5.76967;1.06837;5.76967;-0.00134053;6.70265;-1.46049;1.56013
7819;0.209;-0.931633;5.76967;1.06837;5.76967;-0.00134053;6.70265;-1.46068;1.56032
7820;0.209;-0.931633;5.76967;1.06837;5.76967;-0.00134053;6.70265;-1.46087;1.56051
7821;0.209;-0.931633;5.76967;1.06837;5.76967;-0.00134053;6.70265;-1.46106;1.56071
7822;0.209;-0.931633;5.76967;1.06837;5.76967;-0.00134053;6.70265;-1.46125;1.5609
7823;0.209;-0.931633;5.76967;1.06837;5.76967;-0.00134053;6.70265;-1.46144;1.5611
7824;0.209;-0.931633;5.76967;1.06837;5.76967;-0.00134053;6.70265;-1.46163;1.56129
7825;0.209;-0.931633;5.76967;1.06837;5.76967;-0.00134053;6.70265;-1.46182;1.56148
7826;0.209;-0.931633;5.76967;1.06837;5.76967;-0.00134053;6.70265;-1.46201;1.56168
7827;0.209;-0.931633;5.76967;1.06837;5.76967;-0.00134053;6.70265;-1.4622;1.56187
7828;0.209;-0.931633;5.76967;1.06837;5.76967;-0.00134053;6.70265;-1.46239;1.56206
7829;0.209;-0.931633;5.76967;1.06837;5.76967;-0.00134053;6.70265;-1.46258;1.56226
7830;0.209;-0.931633;5.76967;1.06837;5.76967;-0.00134053;6.70265;-1.46277;1.56245
7831;0.209;-0.931633;5.76967;1.06837;5.76967;-0.00134053;6.70265;-1.46296;1.56264
7832;0.209;-0.931633;5.76967;1.06837;5.76967;-0.00134053;6.70265;-1.46315;1.56284
7833;0.209;-0.931633;5.76967;1.06837;5.76967;-0.00134053;6.70265;-1.46334;1.56303
7834;0.209;-0.931633;5.76967;1.06837;5.76967;-0.00134053;6.70265;-1.46353;1.56322
7835;0.209;-0.931633;5.76967;1.06837;5.76967;-0.00134053;6.70265;-1.46372;1.56342
7836;0.209;-0.931633;5.76967;1.06837;5.76967;-0.00134053;6.70265;-1.46391;1.56361
7837;0.209;-0.931633;5.76967;1.06837;5.76967;-0.00134053;6.70265;-1.4641;1.5638
7838;0.209;-0.931633;5.76967;1.06837;5.76967;-0.00134053;6.70265;-1.46429;1.564
7839;0.209;-0.931633;5.76967;1.06837;5.76967;-0.00134053;6.70265;-1.46448;1.56419
7840;0.209;-0.931633;5.76967;1.06837;5.76967;-0.00134053;6.70265;-1.46467;1.56439
7841;0.209;-0.931633;5.76967;1.06837;5.76967;-0.00134053;6.70265;-1.46486;1.56458
7842;0.209;-0.931633;5.76967;1.06837;5.76967;-0.00134053;6.70265;-1.46505;1.56477
7843;0.209;-0.931633;5.76967;1.06837;5.76967;-0.00134053;6.70265;-1.46524;1.56497
7844;0.209;-0.931633;5.76967;1.06837;5.76967;-0.00134053;6.70265;-1.46543;1.56516
7845;0.209;-0.931633;5.76967;1.06837;5.76967;-0.00134053;6.70265;-1.46562;1.56535
7846;0.209;-0.931633;5.76967;1.06837;5.76967;-0.00134053;6.70265;-1.46581;1.56555
7847;0.209;-0.931633;5.76967;1.06837;5.76967;-0.00134053;6.70265;-1.466;1.56574
7848;0.209;-0.931633;5.76967;1.06837;5.76967;-0.00134053;6.70265;-1.46619;1.56593
7849;0.209;-0.931633;5.76967;1.06837;5.76967;-0.00134053;6.70265;-1.46638;1.56613
7850;0.209;-0.931633;5.76967;1.06837;5.76967;-0.00134053;6.70265;-1.46656;1.56632
7851;0.209;-0.931633;5.76967;1.06837;5.76967;-0.00134053;6.70265;-1.46675;1.56651
7852;0.209;-0.931633;5.76967;1.06837;5.76967;-0.00134053;6.70265;-1.46694;1.56671
7853;0.209;-0.931633;5.76967;1.06837;5.76967;-0.00134053;6.70265;-1.46713;1.5669
7854;0.209;-0.931633;5.76967;1.06837;5.76967;-0.00134053;6.70265;-1.46732;1.5671
7855;0.209;-0.931633;5.76967;1.06837;5.76967;-0.00134053;6.70265;-1.46751;1.56729
7856;0.209;-0.931633;5.76967;1.06837;5.76967;-0.00134053;6.70265;-1.4677;1.56748
7857;0.209;-0.931633;5.76967;1.06837;5.76967;-0.00134053;6.70265;-1.46789;1.56768
7858;0.209;-0.931633;5.76967;1.06837;5.76967;-0.00134053;6.70265;-1.46808;1.56787
7859;0.209;-0.931633;5.76967;1.06837;5.76967;-0.00134053;6.70265;-1.46827;1.56806
7860;0.209;-0.931633;5.76967;1.06837;5.76967;-0.00134053;6.70265;-1.46846;1.56826
7861;0.209;-0.931633;5.76967;1.06837;5.76967;-0.00134053;6.70265;-1.46865;1.56845
7862;0.209;-0.931633;5.76967;1.06837;5.76967;-0.00134053;6.70265;-1.46884;1.56864
7863;0.209;-0.931633;5.76967;1.06837;5.76967;-0.00134053;6.70265;-1.46903;1.56884
7864;0.209;-0.931633;5.76967;1.06837;5.76967;-0.00134053;6.70265;-1.46922;1.56903
7865;0.209;-0.931633;5.76967;1.06837;5.76967;-0.00134053;6.70265;-1.46941;1.56922
7866;0.209;-0.931633;5.76967;1.06837;5.76967;-0.00134053;6.70265;-1.4696;1.56942
7867;0.209;-0.931633;5.76967;1.06837;5.76967;-0.00134053;6.70265;-1.46979;1.56961
7868;0.209;-0.931633;5.76967;1.06837;5.76967;-0.00134053;6.70265;-1.46998;1.5698
7869;0.209;-0.931633;5.76967;1.06837;5.76967;-0.00134053;6.70265;-1.47017;1.57
7870;0.209;-0.931633;5.76967;1.06837;5.76967;-0.00134053;6.70265;-1.47036;1.57019
7871;0.209;-0.931633;5.76967;1.06837;5.76967;-0.00134053;6.70265;-1.47055;1.57039
7872;0.209;-0.931633;5.76967;1.06837;5.76967;-0.00134053;6.70265;-1.47074;1.57058
7873;0.209;-0.931633;5.76967;1.06837;5.76967;-0.00134053;6.70264;-1.47093;1.57077
7874;0.209;-0.931633;5.76967;1.06837;5.76967;-0.00134053;6.70264;-1.47112;1.57097
7875;0.209;-0.931633;5.76967;1.06837;5.76967;-0.00134053;6.70264;-1.47131;1.57116
7876;0.209;-0.931633;5.76967;1.06837;5.76967;-0.00134053;6.70264;-1.4715;1.57135
7877;0.209;-0.931633;5.76967;1.06837;5.76967;-0.00134053;6.70264;-1.47169;1.57155
7878;0.209;-0.931633;5.76967;1.06837;5.76967;-0.00134053;6.70264;-1.47188;1.57174
7879;0.209;-0.931633;5.76967;1.06837;5.76967;-0.00134053;6.70264;-1.47207;1.57193
7880;0.209;-0.931633;5.76967;1.06837;5.76967;-0.00134053;6.70264;-1.47226;1.57213
7881;0.209;-0.931633;5.76967;1.06837;5.76967;-0.00134053;6.70264;-1.47245;1.57232
7882;0.209;-0.931633;5.76967;1.06837;5.76967;-0.00134053;6.70264;-1.47263;1.57251
7883;0.209;-0.931633;5.76967;1.06837;5.76967;-0.00134053;6.70264;-1.47282;1.57271
7884;0.209;-0.931633;5.76967;1.06837;5.76967;-0.00134053;6.70264;-1.47301;1.5729
7885;0.209;-0.931633;5.76967;1.06837;5.76967;-0.00134053;6.70264;-1.4732;1.5731
7886;0.209;-0.931633;5.76967;1.06837;5.76967;-0.00134053;6.70264;-1.47339;1.57329
7887;0.209;-0.931633;5.76967;1.06837;5.76967;-0.00134053;6.70264;-1.47358;1.57348
7888;0.209;-0.931633;5.76967;1.06837;5.76967;-0.00134053;6.70264;-1.47377;1.57368
7889;0.209;-0.931633;5.76967;1.06837;5.76967;-0.00134053;6.70264;-1.47396;1.57387
7890;0.209;-0.931633;5.76967;1.06837;5.76967;-0.00134053;6.70264;-1.47415;1.57406
7891;0.209;-0.931633;5.76967;1.06837;5.76967;-0.00134053;6.70264;-1.47434;1.57426
7892;0.209;-0.931633;5.76967;1.06837;5.76967;-0.00134053;6.70264;-1.47453;1.57445
7893;0.209;-0.931633;5.76967;1.06837;5.76967;-0.00134053;6.70264;-1.47472;1.57464
7894;0.209;-0.931633;5.76967;1.06837;5.76967;-0.00134053;6.70264;-1.47491;1.57484
7895;0.209;-0.931633;5.76967;1.06837;5.76967;-0.00134053;6.70264;-1.4751;1.57503
7896;0.209;-0.931633;5.76967;1.06837;5.76967;-0.00134053;6.70264;-1.47529;1.57522
7897;0.209;-0.931633;5.76967;1.06837;5.76967;-0.00134053;6.70264;-1.47548;1.57542
7898;0.209;-0.931633;5.76967;1.06837;5.76967;-0.00134053;6.70264;-1.47567;1.57561
7899;0.209;-0.931633;5.76967;1.06837;5.76967;-0.00134053;6.70264;-1.47586;1.5758
7900;0.209;-0.931633;5.76967;1.06837;5.76967;-0.00134053;6.70264;-1.47605;1.576
7901;0.209;-0.931633;5.76967;1.06837;5.76967;-0.00134053;6.70264;-1.47624;1.57619
7902;0.209;-0.931633;5.76967;1.06837;5.76967;-0.00134053;6.70264;-1.47643;1.57639
7903;0.209;-0.931633;5.76967;1.06837;5.76967;-0.00134053;6.70264;-1.47662;1.57658
7904;0.209;-0.931633;5.76967;1.06837;5.76967;-0.00134053;6.70264;-1.47681;1.57677
7905;0.209;-0.931633;5.76967;1.06837;5.76967;-0.00134053;6.70264;-1.477;1.57697
7906;0.209;-0.931633;5.76967;1.06837;5.76967;-0.00134053;6.70264;-1.47719;1.57716
7907;0.209;-0.931633;5.76967;1.06837;5.76967;-0.00134053;6.70264;-1.47738;1.57735
7908;0.209;-0.931633;5.76967;1.06837;5.76967;-0.00134053;6.70264;-1.47757;1.57755
7909;0.209;-0.931633;5.76967;1.06837;5.76967;-0.00134053;6.70264;-1.47776;1.57774
7910;0.209;-0.931633;5.76967;1.06837;5.76967;-0.00134053;6.70264;-1.47795;1.57793
7911;0.209;-0.931633;5.76967;1.06837;5.76967;-0.00134053;6.70264;-1.47814;1.57813
7912;0.209;-0.931633;5.76967;1.06837;5.76967;-0.00134053;6.70264;-1.47833;1.57832
7913;0.209;-0.931633;5.76967;1.06837;5.76967;-0.00134053;6.70264;-1.47851;1.57851
7914;0.209;-0.931633;5.76967;1.06837;5.76967;-0.00134053;6.70264;-1.4787;1.57871
7915;0.209;-0.931633;5.76967;1.06837;5.76967;-0.00134053;6.70264;-1.47889;1.5789
7916;0.209;-0.931633;5.76967;1.06837;5.76967;-0.00134053;6.70264;-1.47908;1.5791
7917;0.209;-0.931633;5.76967;1.06837;5.76967;-0.00134053;6.70264;-1.47927;1.57929
7918;0.209;-0.931633;5.76967;1.06837;5.76967;-0.00134053;6.70264;-1.47946;1.57948
7919;0.209;-0.931633;5.76967;1.06837;5.76967;-0.00134053;6.70264;-1.47965;1.57968
7920;0.209001;-0.931633;5.76967;1.06837;5.76967;-0.00134053;6.70264;-1.47984;1.57987
7921;0.209001;-0.931633;5.76967;1.06837;5.76967;-0.00134053;6.70264;-1.48003;1.58006
7922;0.209001;-0.931633;5.76967;1.06837;5.76967;-0.00134053;6.70264;-1.48022;1.58026
7923;0.209001;-0.931633;5.76967;1.06837;5.76967;-0.00134053;6.70264;-1.48041;1.58045
7924;0.209001;-0.931633;5.76967;1.06837;5.76967;-0.00134053;6.70264;-1.4806;1.58064
7925;0.209001;-0.931633;5.76967;1.06837;5.76967;-0.00134053;6.70264;-1.48079;1.58084
7926;0.209001;-0.931633;5.76967;1.06837;5.76967;-0.00134053;6.70264;-1.48098;1.58103
7927;0.209001;-0.931633;5.76967;1.06837;5.76967;-0.00134053;6.70264;-1.48117;1.58122
7928;0.209001;-0.931633;5.76967;1.06837;5.76967;-0.00134053;6.70264;-1.48136;1.58142
7929;0.209001;-0.931633;5.76967;1.06837;5.76967;-0.00134053;6.70264;-1.48155;1.58161
7930;0.209001;-0.931633;5.76967;1.06837;5.76967;-0.00134053;6.70264;-1.48174;1.5818
7931;0.209001;-0.931633;5.76967;1.06837;5.76967;-0.00134053;6.70264;-1.48193;1.582
7932;0.209001;-0.931633;5.76967;1.06837;5.76967;-0.00134053;6.70264;-1.48212;1.58219
7933;0.209001;-0.931633;5.76967;1.06837;5.76967;-0.00134053;6.70264;-1.48231;1.58239
7934;0.209001;-0.931633;5.76967;1.06837;5.76967;-0.00134053;6.70264;-1.4825;1.58258
7935;0.209001;-0.931633;5.76967;1.06837;5.76967;-0.00134053;6.70264;-1.48269;1.58277
7936;0.209001;-0.931633;5.76967;1.06837;5.76967;-0.00134053;6.70264;-1.48288;1.58297
7937;0.209001;-0.931633;5.76967;1.06837;5.76967;-0.00134053;6.70264;-1.48307;1.58316
7938;0.209001;-0.931633;5.76967;1.06837;5.76967;-0.00134053;6.70264;-1.48326;1.58335
7939;0.209001;-0.931633;5.76967;1.06837;5.76967;-0.00134053;6.70264;-1.48345;1.58355
7940;0.209001;-0.931633;5.76967;1.06837;5.76967;-0.00134053;6.70264;-1.48364;1.58374
7941;0.209001;-0.931633;5.76967;1.06837;5.76967;-0.00134053;6.70264;-1.48383;1.58393
7942;0.209001;-0.931633;5.76967;1.06837;5.76967;-0.00134053;6.70264;-1.48402;1.58413
7943;0.209001;-0.931633;5.76967;1.06837;5.76967;-0.00134053;6.70264;-1.48421;1.58432
7944;0.209001;-0.931633;5.76967;1.06837;5.76967;-0.00134053;6.70264;-1.4844;1.58451
7945;0.209001;-0.931633;5.76967;1.06837;5.76967;-0.00134053;6.70264;-1.48458;1.58471
7946;0.209001;-0.931633;5.76967;1.06837;5.76967;-0.00134053;6.70264;-1.48477;1.5849
7947;0.209001;-0.931633;5.76967;1.06837;5.76967;-0.00134053;6.70264;-1.48496;1.5851
7948;0.209001;-0.931633;5.76967;1.06837;5.76967;-0.00134053;6.70264;-1.48515;1.58529
7949;0.209001;-0.931633;5.76967;1.06837;5.76967;-0.00134053;6.70264;-1.48534;1.58548
7950;0.209001;-0.931633;5.76967;1.06837;5.76967;-0.00134053;6.70264;-1.48553;1.58568
7951;0.209001;-0.931633;5.76967;1.06837;5.76967;-0.00134053;6.70264;-1.48572;1.58587
7952;0.209001;-0.931633;5.76967;1.06837;5.76967;-0.00134053;6.70264;-1.48591;1.58606
7953;0.209001;-0.931633;5.76967;1.06837;5.76967;-0.00134053;6.70264;-1.4861;1.58626
7954;0.209001;-0.931633;5.76967;1.06837;5.76967;-0.00134053;6.70264;-1.48629;1.58645
7955;0.209001;-0.931633;5.76967;1.06837;5.76967;-0.00134053;6.70264;-1.48648;1.58664
7956;0.209001;-0.931633;5.76967;1.06837;5.76967;-0.00134053;6.70264;-1.48667;1.58684
7957;0.209001;-0.931633;5.76967;1.06837;5.76967;-0.00134053;6.70264;-1.48686;1.58703
7958;0.209001;-0.931633;5.76967;1.06837;5.76967;-0.00134053;6.70264;-1.48705;1.58722
7959;0.209001;-0.931633;5.76967;1.06837;5.76967;-0.00134053;6.70264;-1.48724;1.58742
7960;0.209001;-0.931633;5.76967;1.06837;5.76967;-0.00134053;6.70264;-1.48743;1.58761
7961;0.209001;-0.931633;5.76967;1.06837;5.76967;-0.00134053;6.70264;-1.48762;1.58781
7962;0.209001;-0.931633;5.76967;1.06837;5.76967;-0.00134053;6.70264;-1.48781;1.588
7963;0.209001;-0.931633;5.76967;1.06837;5.76967;-0.00134053;6.70264;-1.488;1.58819
7964;0.209001;-0.931633;5.76967;1.06837;5.76967;-0.00134053;6.70264;-1.48819;1.58839
7965;0.209001;-0.931633;5.76967;1.06837;5.76967;-0.00134053;6.70264;-1.48838;1.58858
7966;0.209001;-0.931633;5.76967;1.06837;5.76967;-0.00134053;6.70264;-1.48857;1.58877
7967;0.209001;-0.931633;5.76967;1.06837;5.76967;-0.00134053;6.70264;-1.48876;1.58897
7968;0.209001;-0.931633;5.76967;1.06837;5.76967;-0.00134053;6.70264;-1.48895;1.58916
7969;0.209001;-0.931633;5.76967;1.06837;5.76967;-0.00134053;6.70264;-1.48914;1.58935
7970;0.209001;-0.931633;5.76967;1.06837;5.76967;-0.00134053;6.70264;-1.48933;1.58955
7971;0.209001;-0.931633;5.76967;1.06837;5.76967;-0.00134053;6.70264;-1.48952;1.58974
7972;0.209001;-0.931633;5.76967;1.06837;5.76967;-0.00134053;6.70264;-1.48971;1.58993
7973;0.209001;-0.931633;5.76967;1.06837;5.76967;-0.00134053;6.70264;-1.4899;1.59013
7974;0.209001;-0.931633;5.76967;1.06837;5.76967;-0.00134053;6.70264;-1.49009;1.59032
7975;0.209001;-0.931633;5.76967;1.06837;5.76967;-0.00134053;6.70264;-1.49028;1.59051
7976;0.209001;-0.931633;5.76967;1.06837;5.76967;-0.00134053;6.70264;-1.49047;1.59071
7977;0.209001;-0.931633;5.76967;1.06837;5.76967;-0.00134053;6.70264;-1.49065;1.5909
7978;0.209001;-0.931633;5.76967;1.06837;5.76967;-0.00134053;6.70264;-1.49084;1.5911
7979;0.209001;-0.931633;5.76967;1.06837;5.76967;-0.00134053;6.70264;-1.49103;1.59129
7980;0.209001;-0.931633;5.76967;1.06837;5.76967;-0.00134053;6.70264;-1.49122;1.59148
7981;0.209001;-0.931633;5.76967;1.06837;5.76967;-0.00134053;6.70264;-1.49141;1.59168
7982;0.209001;-0.931633;5.76967;1.06837;5.76967;-0.00134053;6.70264;-1.4916;1.59187
7983;0.209001;-0.931633;5.76967;1.06837;5.76967;-0.00134053;6.70264;-1.49179;1.59206
7984;0.209001;-0.931633;5.76967;1.06837;5.76967;-0.00134053;6.70264;-1.49198;1.59226
7985;0.209001;-0.931633;5.76967;1.06837;5.76967;-0.00134053;6.70264;-1.49217;1.59245
7986;0.209001;-0.931633;5.76967;1.06837;5.76967;-0.00134053;6.70264;-1.49236;1.59264
7987;0.209001;-0.931633;5.76967;1.06837;5.76967;-0.00134053;6.70264;-1.49255;1.59284
7988;0.209001;-0.931633;5.76967;1.06837;5.76967;-0.00134053;6.70264;-1.49274;1.59303
7989;0.209001;-0.931633;5.76967;1.06837;5.76967;-0.00134053;6.70264;-1.49293;1.59322
7990;0.209001;-0.931633;5.76967;1.06837;5.76967;-0.00134053;6.70264;-1.49312;1.59342
7991;0.209001;-0.931633;5.76967;1.06837;5.76967;-0.00134053;6.70264;-1.49331;1.59361
7992;0.209001;-0.931633;5.76967;1.06837;5.76967;-0.00134053;6.70264;-1.4935;1.59381
7993;0.209001;-0.931633;5.76967;1.06837;5.76967;-0.00134053;6.70264;-1.49369;1.594
7994;0.209001;-0.931633;5.76967;1.06837;5.76967;-0.00134053;6.70264;-1.49388;1.59419
7995;0.209001;-0.931633;5.76967;1.06837;5.76967;-0.00134053;6.70264;-1.49407;1.59439
7996;0.209001;-0.931633;5.76967;1.06837;5.76967;-0.00134053;6.70264;-1.49426;1.59458
7997;0.209001;-0.931633;5.76967;1.06837;5.76967;-0.00134053;6.70264;-1.49445;1.59477
7998;0.209001;-0.931633;5.76967;1.06837;5.76967;-0.00134053;6.70264;-1.49464;1.59497
7999;0.209001;-0.931633;5.76967;1.06837;5.76967;-0.00134053;6.70264;-1.49483;1.59516
8000;0.209001;-0.931633;5.76967;1.06837;5.76967;-0.00134053;6.70264;-1.49502;1.59535
8001;0.209001;-0.931633;5.76967;1.06837;5.76967;-0.00134053;6.70264;-1.49521;1.59555
8002;0.209001;-0.931633;5.76967;1.06837;5.76967;-0.00134053;6.70264;-1.4954;1.59574
8003;0.209001;-0.931633;5.76967;1.06837;5.76967;-0.00134053;6.70264;-1.49559;1.59593
8004;0.209001;-0.931633;5.76967;1.06837;5.76967;-0.00134053;6.70264;-1.49578;1.59613
8005;0.209001;-0.931633;5.76967;1.06837;5.76967;-0.00134053;6.70264;-1.49597;1.59632
8006;0.209001;-0.931633;5.76967;1.06837;5.76967;-0.00134053;6.70264;-1.49616;1.59651
8007;0.209001;-0.931633;5.76967;1.06837;5.76967;-0.00134053;6.70264;-1.49635;1.59671
8008;0.209001;-0.931633;5.76967;1.06837;5.76967;-0.00134053;6.70264;-1.49653;1.5969
8009;0.209001;-0.931633;5.76967;1.06837;5.76967;-0.00134053;6.70264;-1.49672;1.5971
8010;0.209001;-0.931633;5.76967;1.06837;5.76967;-0.00134053;6.70264;-1.49691;1.59729
8011;0.209001;-0.931633;5.76967;1.06837;5.76967;-0.00134053;6.70264;-1.4971;1.59748
8012;0.209001;-0.931633;5.76967;1.06837;5.76967;-0.00134053;6.70264;-1.49729;1.59768
8013;0.209001;-0.931633;5.76967;1.06837;5.76967;-0.00134053;6.70264;-1.49748;1.59787
8014;0.209001;-0.931633;5.76967;1.06837;5.76967;-0.00134053;6.70264;-1.49767;1.59806
8015;0.209001;-0.931633;5.76967;1.06837;5.76967;-0.00134053;6.70264;-1.49786;1.59826
8016;0.209001;-0.931633;5.76967;1.06837;5.76967;-0.00134053;6.70264;-1.49805;1.59845
8017;0.209001;-0.931633;5.76967;1.06837;5.76967;-0.00134053;6.70264;-1.49824;1.59864
8018;0.209001;-0.931633;5.76967;1.06837;5.76967;-0.00134053;6.70264;-1.49843;1.59884
8019;0.209001;-0.931633;5.76967;1.06837;5.76967;-0.00134053;6.70264;-1.49862;1.59903
8020;0.209001;-0.931633;5.76967;1.06837;5.76967;-0.00134053;6.70264;-1.49881;1.59922
8021;0.209001;-0.931633;5.76967;1.06837;5.76967;-0.00134053;6.70264;-1.499;1.59942
8022;0.209001;-0.931633;5.76967;1.06837;5.76967;-0.00134053;6.70264;-1.49919;1.59961
8023;0.209001;-0.931633;5.76967;1.06837;5.76967;-0.00134053;6.70264;-1.49938;1.59981
8024;0.209001;-0.931633;5.76967;1.06837;5.76967;-0.00134053;6.70264;-1.49957;1.6
8025;0.209001;-0.931633;5.76967;1.06837;5.76967;-0.00134053;6.70264;-1.49976;1.60019
8026;0.209001;-0.931633;5.76967;1.06837;5.76967;-0.00134053;6.70264;-1.49995;1.60039
8027;0.209001;-0.931633;5.76967;1.06837;5.76967;-0.00134053;6.70264;-1.50014;1.60058
8028;0.209001;-0.931633;5.76967;1.06837;5.76967;-0.00134053;6.70264;-1.50033;1.60077
8029;0.209001;-0.931633;5.76967;1.06837;5.76967;-0.00134053;6.70264;-1.50052;1.60097
8030;0.209001;-0.931633;5.76967;1.06837;5.76967;-0.00134053;6.70264;-1.50071;1.60116
8031;0.209001;-0.931633;5.76967;1.06837;5.76967;-0.00134053;6.70264;-1.5009;1.60135
8032;0.209001;-0.931633;5.76967;1.06837;5.76967;-0.00134053;6.70264;-1.50109;1.60155
8033;0.209001;-0.931633;5.76967;1.06837;5.76967;-0.00134053;6.70264;-1.50128;1.60174
8034;0.209001;-0.931633;5.76967;1.06837;5.76967;-0.00134053;6.70264;-1.50147;1.60193
8035;0.209001;-0.931633;5.76967;1.06837;5.76967;-0.00134053;6.70264;-1.50166;1.60213
8036;0.209001;-0.931633;5.76967;1.06837;5.76967;-0.00134053;6.70264;-1.50185;1.60232
8037;0.209001;-0.931633;5.76967;1.06837;5.76967;-0.00134053;6.70264;-1.50204;1.60251
8038;0.209001;-0.931633;5.76967;1.06837;5.76967;-0.00134053;6.70264;-1.50223;1.60271
8039;0.209001;-0.931633;5.76967;1.06837;5.76967;-0.00134053;6.70264;-1.50242;1.6029
8040;0.209001;-0.931633;5.76966;1.06837;5.76966;-0.00134053;6.70264;-1.5026;1.6031
8041;0.209001;-0.931633;5.76966;1.06837;5.76966;-0.00134053;6.70264;-1.50279;1.60329
8042;0.209001;-0.931633;5.76966;1.06837;5.76966;-0.00134053;6.70264;-1.50298;1.60348
8043;0.209001;-0.931633;5.76966;1.06837;5.76966;-0.00134053;6.70264;-1.50317;1.60368
8044;0.209001;-0.931633;5.76966;1.06837;5.76966;-0.00134053;6.70264;-1.50336;1.60387
8045;0.209001;-0.931633;5.76966;1.06837;5.76966;-0.00134053;6.70264;-1.50355;1.60406
8046;0.209001;-0.931633;5.76966;1.06837;5.76966;-0.00134053;6.70264;-1.50374;1.60426
8047;0.209001;-0.931633;5.76966;1.06837;5.76966;-0.00134053;6.70264;-1.50393;1.60445
8048;0.209001;-0.931633;5.76966;1.06837;5.76966;-0.00134053;6.70264;-1.50412;1.60464
8049;0.209001;-0.931633;5.76966;1.06837;5.76966;-0.00134053;6.70264;-1.50431;1.60484
8050;0.209001;-0.931633;5.76966;1.06837;5.76966;-0.00134053;6.70264;-1.5045;1.60503
8051;0.209001;-0.931633;5.76966;1.06837;5.76966;-0.00134053;6.70264;-1.50469;1.60522
8052;0.209001;-0.931633;5.76966;1.06837;5.76966;-0.00134053;6.70264;-1.50488;1.60542
8053;0.209001;-0.931633;5.76966;1.06837;5.76966;-0.00134053;6.70264;-1.50507;1.60561
8054;0.209001;-0.931633;5.76966;1.06837;5.76966;-0.00134053;6.70264;-1.50526;1.60581
8055;0.209001;-0.931633;5.76966;1.06837;5.76966;-0.00134053;6.70264;-1.50545;1.606
8056;0.209001;-0.931633;5.76966;1.06837;5.76966;-0.00134053;6.70264;-1.50564;1.60619
8057;0.209001;-0.931633;5.76966;1.06837;5.76966;-0.00134053;6.70264;-1.50583;1.60639
8058;0.209001;-0.931633;5.76966;1.06837;5.76966;-0.00134053;6.70264;-1.50602;1.60658
8059;0.209001;-0.931633;5.76966;1.06837;5.76966;-0.00134053;6.70264;-1.50621;1.60677
8060;0.209001;-0.931633;5.76966;1.06837;5.76966;-0.00134053;6.70264;-1.5064;1.60697
8061;0.209001;-0.931633;5.76966;1.06837;5.76966;-0.00134053;6.70264;-1.50659;1.60716
8062;0.209001;-0.931633;5.76966;1.06837;5.76966;-0.00134053;6.70264;-1.50678;1.60735
8063;0.209001;-0.931633;5.76966;1.06837;5.76966;-0.00134053;6.70264;-1.50697;1.60755
8064;0.209001;-0.931633;5.76966;1.06837;5.76966;-0.00134053;6.70264;-1.50716;1.60774
8065;0.209001;-0.931633;5.76966;1.06837;5.76966;-0.00134053;6.70264;-1.50735;1.60793
8066;0.209001;-0.931633;5.76966;1.06837;5.76966;-0.00134053;6.70264;-1.50754;1.60813
8067;0.209001;-0.931633;5.76966;1.06837;5.76966;-0.00134053;6.70264;-1.50773;1.60832
8068;0.209001;-0.931633;5.76966;1.06837;5.76966;-0.00134053;6.70264;-1.50792;1.60851
8069;0.209001;-0.931633;5.76966;1.06837;5.76966;-0.00134053;6.70264;-1.50811;1.60871
8070;0.209001;-0.931633;5.76966;1.06837;5.76966;-0.00134053;6.70264;-1.5083;1.6089
8071;0.209001;-0.931633;5.76966;1.06837;5.76966;-0.00134053;6.70264;-1.50849;1.6091
8072;0.209001;-0.931633;5.76966;1.06837;5.76966;-0.00134053;6.70264;-1.50867;1.60929
8073;0.209001;-0.931633;5.76966;1.06837;5.76966;-0.00134053;6.70264;-1.50886;1.60948
8074;0.209001;-0.931633;5.76966;1.06837;5.76966;-0.00134053;6.70264;-1.50905;1.60968
8075;0.209001;-0.931633;5.76966;1.06837;5.76966;-0.00134053;6.70264;-1.50924;1.60987
8076;0.209001;-0.931633;5.76966;1.06837;5.76966;-0.00134053;6.70264;-1.50943;1.61006
8077;0.209001;-0.931633;5.76966;1.06837;5.76966;-0.00134053;6.70264;-1.50962;1.61026
8078;0.209001;-0.931633;5.76966;1.06837;5.76966;-0.00134053;6.70264;-1.50981;1.61045
8079;0.209001;-0.931633;5.76966;1.06837;5.76966;-0.00134053;6.70264;-1.51;1.61064
8080;0.209001;-0.931633;5.76966;1.06837;5.76966;-0.00134053;6.70264;-1.51019;1.61084
8081;0.209001;-0.931633;5.76966;1.06837;5.76966;-0.00134053;6.70264;-1.51038;1.61103
8082;0.209001;-0.931633;5.76966;1.06837;5.76966;-0.00134053;6.70264;-1.51057;1.61122
8083;0.209001;-0.931633;5.76966;1.06837;5.76966;-0.00134053;6.70264;-1.51076;1.61142
8084;0.209001;-0.931633;5.76966;1.06837;5.76966;-0.00134053;6.70264;-1.51095;1.61161
8085;0.209001;-0.931633;5.76966;1.06837;5.76966;-0.00134053;6.70264;-1.51114;1.61181
8086;0.209001;-0.931633;5.76966;1.06837;5.76966;-0.00134053;6.70264;-1.51133;1.612
8087;0.209001;-0.931633;5.76966;1.06837;5.76966;-0.00134053;6.70264;-1.51152;1.61219
8088;0.209001;-0.931633;5.76966;1.06837;5.76966;-0.00134053;6.70264;-1.51171;1.61239
8089;0.209001;-0.931633;5.76966;1.06837;5.76966;-0.00134053;6.70264;-1.5119;1.61258
8090;0.209001;-0.931633;5.76966;1.06837;5.76966;-0.00134053;6.70264;-1.51209;1.61277
8091;0.209001;-0.931633;5.76966;1.06837;5.76966;-0.00134053;6.70264;-1.51228;1.61297
8092;0.209001;-0.931633;5.76966;1.06837;5.76966;-0.00134053;6.70264;-1.51247;1.61316
8093;0.209001;-0.931633;5.76966;1.06837;5.76966;-0.00134053;6.70264;-1.51266;1.61335
8094;0.209001;-0.931633;5.76966;1.06837;5.76966;-0.00134053;6.70264;-1.51285;1.61355
8095;0.209001;-0.931633;5.76966;1.06837;5.76966;-0.00134053;6.70264;-1.51304;1.61374
8096;0.209001;-0.931633;5.76966;1.06837;5.76966;-0.00134053;6.70264;-1.51323;1.61393
8097;0.209001;-0.931633;5.76966;1.06837;5.76966;-0.00134053;6.70264;-1.51342;1.61413
8098;0.209001;-0.931633;5.76966;1.06837;5.76966;-0.00134053;6.70264;-1.51361;1.61432
8099;0.209001;-0.931633;5.76966;1.06837;5.76966;-0.00134053;6.70264;-1.5138;1.61451
8100;0.209001;-0.931633;5.76966;1.06837;5.76966;-0.00134053;6.70264;-1.51399;1.61471
8101;0.209001;-0.931633;5.76966;1.06837;5.76966;-0.00134053;6.70264;-1.51418;1.6149
8102;0.209001;-0.931633;5.76966;1.06837;5.76966;-0.00134053;6.70264;-1.51437;1.6151
8103;0.209001;-0.931633;5.76966;1.06837;5.76966;-0.00134053;6.70264;-1.51455;1.61529
8104;0.209001;-0.931633;5.76966;1.06837;5.76966;-0.00134053;6.70264;-1.51474;1.61548
8105;0.209001;-0.931633;5.76966;1.06837;5.76966;-0.00134053;6.70264;-1.51493;1.61568
8106;0.209001;-0.931633;5.76966;1.06837;5.76966;-0.00134053;6.70264;-1.51512;1.61587
8107;0.209001;-0.931633;5.76966;1.06837;5.76966;-0.00134053;6.70264;-1.51531;1.61606
8108;0.209001;-0.931633;5.76966;1.06837;5.76966;-0.00134053;6.70264;-1.5155;1.61626
8109;0.209001;-0.931633;5.76966;1.06837;5.76966;-0.00134053;6.70264;-1.51569;1.61645
8110;0.209001;-0.931633;5.76966;1.06837;5.76966;-0.00134053;6.70264;-1.51588;1.61664
8111;0.209001;-0.931633;5.76966;1.06837;5.76966;-0.00134053;6.70264;-1.51607;1.61684
8112;0.209001;-0.931633;5.76966;1.06837;5.76966;-0.00134053;6.70264;-1.51626;1.61703
8113;0.209001;-0.931633;5.76966;1.06837;5.76966;-0.00134053;6.70264;-1.51645;1.61722
8114;0.209001;-0.931633;5.76966;1.06837;5.76966;-0.00134053;6.70264;-1.51664;1.61742
8115;0.209001;-0.931633;5.76966;1.06837;5.76966;-0.00134053;6.70264;-1.51683;1.61761
8116;0.209001;-0.931633;5.76966;1.06837;5.76966;-0.00134053;6.70264;-1.51702;1.61781
8117;0.209001;-0.931633;5.76966;1.06837;5.76966;-0.00134053;6.70264;-1.51721;1.618
8118;0.209001;-0.931633;5.76966;1.06837;5.76966;-0.00134053;6.70264;-1.5174;1.61819
8119;0.209001;-0.931633;5.76966;1.06837;5.76966;-0.00134053;6.70264;-1.51759;1.61839
8120;0.209001;-0.931633;5.76966;1.06837;5.76966;-0.00134053;6.70264;-1.51778;1.61858
8121;0.209001;-0.931633;5.76966;1.06837;5.76966;-0.00134053;6.70264;-1.51797;1.61877
8122;0.209001;-0.931633;5.76966;1.06837;5.76966;-0.00134053;6.70264;-1.51816;1.61897
8123;0.209001;-0.931633;5.76966;1.06837;5.76966;-0.00134053;6.70264;-1.51835;1.61916
8124;0.209001;-0.931633;5.76966;1.06837;5.76966;-0.00134053;6.70264;-1.51854;1.61935
8125;0.209001;-0.931633;5.76966;1.06837;5.76966;-0.00134053;6.70264;-1.51873;1.61955
8126;0.209001;-0.931633;5.76966;1.06837;5.76966;-0.00134053;6.70264;-1.51892;1.61974
8127;0.209001;-0.931633;5.76966;1.06837;5.76966;-0.00134053;6.70264;-1.51911;1.61993
8128;0.209001;-0.931633;5.76966;1.06837;5.76966;-0.00134053;6.70264;-1.5193;1.62013
8129;0.209001;-0.931633;5.76966;1.06837;5.76966;-0.00134053;6.70264;-1.51949;1.62032
8130;0.209001;-0.931633;5.76966;1.06837;5.76966;-0.00134053;6.70264;-1.51968;1.62051
8131;0.209001;-0.931633;5.76966;1.06837;5.76966;-0.00134053;6.70264;-1.51987;1.62071
8132;0.209001;-0.931633;5.76966;1.06837;5.76966;-0.00134053;6.70264;-1.52006;1.6209
8133;0.209001;-0.931633;5.76966;1.06837;5.76966;-0.00134053;6.70264;-1.52025;1.6211
8134;0.209001;-0.931633;5.76966;1.06837;5.76966;-0.00134053;6.70263;-1.52044;1.62129
8135;0.209001;-0.931633;5.76966;1.06837;5.76966;-0.00134053;6.70263;-1.52062;1.62148
8136;0.209001;-0.931633;5.76966;1.06837;5.76966;-0.00134053;6.70263;-1.52081;1.62168
8137;0.209001;-0.931633;5.76966;1.06837;5.76966;-0.00134053;6.70263;-1.521;1.62187
8138;0.209001;-0.931633;5.76966;1.06837;5.76966;-0.00134053;6.70263;-1.52119;1.62206
8139;0.209001;-0.931633;5.76966;1.06837;5.76966;-0.00134053;6.70263;-1.52138;1.62226
8140;0.209001;-0.931633;5.76966;1.06837;5.76966;-0.00134053;6.70263;-1.52157;1.62245
8141;0.209001;-0.931633;5.76966;1.06837;5.76966;-0.00134053;6.70263;-1.52176;1.62264
8142;0.209001;-0.931633;5.76966;1.06837;5.76966;-0.00134053;6.70263;-1.52195;1.62284
8143;0.209001;-0.931633;5.76966;1.06837;5.76966;-0.00134053;6.70263;-1.52214;1.62303
8144;0.209001;-0.931633;5.76966;1.06837;5.76966;-0.00134053;6.70263;-1.52233;1.62322
8145;0.209001;-0.931633;5.76966;1.06837;5.76966;-0.00134053;6.70263;-1.52252;1.62342
8146;0.209001;-0.931633;5.76966;1.06837;5.76966;-0.00134053;6.70263;-1.52271;1.62361
8147;0.209001;-0.931633;5.76966;1.06837;5.76966;-0.00134053;6.70263;-1.5229;1.62381
8148;0.209001;-0.931633;5.76966;1.06837;5.76966;-0.00134053;6.70263;-1.52309;1.624
8149;0.209001;-0.931633;5.76966;1.06837;5.76966;-0.00134053;6.70263;-1.52328;1.62419
8150;0.209001;-0.931633;5.76966;1.06837;5.76966;-0.00134053;6.70263;-1.52347;1.62439
8151;0.209001;-0.931633;5.76966;1.06837;5.76966;-0.00134053;6.70263;-1.52366;1.62458
8152;0.209001;-0.931633;5.76966;1.06837;5.76966;-0.00134053;6.70263;-1.52385;1.62477
8153;0.209001;-0.931633;5.76966;1.06837;5.76966;-0.00134053;6.70263;-1.52404;1.62497
8154;0.209001;-0.931633;5.76966;1.06837;5.76966;-0.00134053;6.70263;-1.52423;1.62516
8155;0.209001;-0.931633;5.76966;1.06837;5.76966;-0.00134053;6.70263;-1.52442;1.62535
8156;0.209001;-0.931633;5.76966;1.06837;5.76966;-0.00134053;6.70263;-1.52461;1.62555
8157;0.209001;-0.931633;5.76966;1.06837;5.76966;-0.00134053;6.70263;-1.5248;1.62574
8158;0.209001;-0.931633;5.76966;1.06837;5.76966;-0.00134053;6.70263;-1.52499;1.62593
8159;0.209001;-0.931633;5.76966;1.06837;5.76966;-0.00134053;6.70263;-1.52518;1.62613
8160;0.209001;-0.931633;5.76966;1.06837;5.76966;-0.00134053;6.70263;-1.52537;1.62632
8161;0.209001;-0.931633;5.76966;1.06837;5.76966;-0.00134053;6.70263;-1.52556;1.62652
8162;0.209001;-0.931633;5.76966;1.06837;5.76966;-0.00134053;6.70263;-1.52575;1.62671
8163;0.209001;-0.931633;5.76966;1.06837;5.76966;-0.00134053;6.70263;-1.52594;1.6269
8164;0.209001;-0.931633;5.76966;1.06837;5.76966;-0.00134053;6.70263;-1.52613;1.6271
8165;0.209001;-0.931633;5.76966;1.06837;5.76966;-0.00134053;6.70263;-1.52632;1.62729
8166;0.209001;-0.931633;5.76966;1.06837;5.76966;-0.00134053;6.70263;-1.5265;1.62748
8167;0.209001;-0.931633;5.76966;1.06837;5.76966;-0.00134053;6.70263;-1.52669;1.62768
8168;0.209001;-0.931633;5.76966;1.06837;5.76966;-0.00134053;6.70263;-1.52688;1.62787
8169;0.209001;-0.931633;5.76966;1.06837;5.76966;-0.00134053;6.70263;-1.52707;1.62806
8170;0.209001;-0.931633;5.76966;1.06837;5.76966;-0.00134053;6.70263;-1.52726;1.62826
8171;0.209001;-0.931633;5.76966;1.06837;5.76966;-0.00134053;6.70263;-1.52745;1.62845
8172;0.209001;-0.931633;5.76966;1.06837;5.76966;-0.00134053;6.70263;-1.52764;1.62864
8173;0.209001;-0.931633;5.76966;1.06837;5.76966;-0.00134053;6.70263;-1.52783;1.62884
8174;0.209001;-0.931633;5.76966;1.06837;5.76966;-0.00134053;6.70263;-1.52802;1.62903
8175;0.209001;-0.931633;5.76966;1.06837;5.76966;-0.00134053;6.70263;-1.52821;1.62922
8176;0.209001;-0.931633;5.76966;1.06837;5.76966;-0.00134053;6.70263;-1.5284;1.62942
8177;0.209001;-0.931633;5.76966;1.06837;5.76966;-0.00134053;6.70263;-1.52859;1.62961
8178;0.209001;-0.931633;5.76966;1.06837;5.76966;-0.00134053;6.70263;-1.52878;1.62981
8179;0.209001;-0.931633;5.76966;1.06837;5.76966;-0.00134053;6.70263;-1.52897;1.63
8180;0.209001;-0.931633;5.76966;1.06837;5.76966;-0.00134053;6.70263;-1.52916;1.63019
8181;0.209001;-0.931633;5.76966;1.06837;5.76966;-0.00134053;6.70263;-1.52935;1.63039
8182;0.209001;-0.931633;5.76966;1.06837;5.76966;-0.00134053;6.70263;-1.52954;1.63058
8183;0.209001;-0.931633;5.76966;1.06837;5.76966;-0.00134053;6.70263;-1.52973;1.63077
8184;0.209001;-0.931633;5.76966;1.06837;5.76966;-0.00134053;6.70263;-1.52992;1.63097
8185;0.209001;-0.931633;5.76966;1.06837;5.76966;-0.00134053;6.70263;-1.53011;1.63116
8186;0.209001;-0.931633;5.76966;1.06837;5.76966;-0.00134053;6.70263;-1.5303;1.63135
8187;0.209001;-0.931633;5.76966;1.06837;5.76966;-0.00134053;6.70263;-1.53049;1.63155
8188;0.209001;-0.931633;5.76966;1.06837;5.76966;-0.00134053;6.70263;-1.53068;1.63174
8189;0.209001;-0.931633;5.76966;1.06837;5.76966;-0.00134053;6.70263;-1.53087;1.63193
8190;0.209001;-0.931633;5.76966;1.06837;5.76966;-0.00134053;6.70263;-1.53106;1.63213
8191;0.209001;-0.931633;5.76966;1.06837;5.76966;-0.00134053;6.70263;-1.53125;1.63232
8192;0.209001;-0.931633;5.76966;1.06837;5.76966;-0.00134053;6.70263;-1.53144;1.63252
8193;0.209001;-0.931633;5.76966;1.06837;5.76966;-0.00134053;6.70263;-1.53163;1.63271
8194;0.209001;-0.931633;5.76966;1.06837;5.76966;-0.00134053;6.70263;-1.53182;1.6329
8195;0.209001;-0.931633;5.76966;1.06837;5.76966;-0.00134053;6.70263;-1.53201;1.6331
8196;0.209001;-0.931633;5.76966;1.06837;5.76966;-0.00134053;6.70263;-1.5322;1.63329
8197;0.209001;-0.931633;5.76966;1.06837;5.76966;-0.00134053;6.70263;-1.53239;1.63348
8198;0.209001;-0.931633;5.76966;1.06837;5.76966;-0.00134053;6.70263;-1.53257;1.63368
8199;0.209001;-0.931633;5.76966;1.06837;5.76966;-0.00134053;6.70263;-1.53276;1.63387
8200;0.209001;-0.931633;5.76966;1.06837;5.76966;-0.00134053;6.70263;-1.53295;1.63406
8201;0.209001;-0.931633;5.76966;1.06837;5.76966;-0.00134053;6.70263;-1.53314;1.63426
8202;0.209001;-0.931633;5.76966;1.06837;5.76966;-0.00134053;6.70263;-1.53333;1.63445
8203;0.209001;-0.931633;5.76966;1.06837;5.76966;-0.00134053;6.70263;-1.53352;1.63464
8204;0.209001;-0.931633;5.76966;1.06837;5.76966;-0.00134053;6.70263;-1.53371;1.63484
8205;0.209001;-0.931633;5.76966;1.06837;5.76966;-0.00134053;6.70263;-1.5339;1.63503
8206;0.209001;-0.931633;5.76966;1.06837;5.76966;-0.00134053;6.70263;-1.53409;1.63522
8207;0.209001;-0.931633;5.76966;1.06837;5.76966;-0.00134053;6.70263;-1.53428;1.63542
8208;0.209001;-0.931633;5.76966;1.06837;5.76966;-0.00134053;6.70263;-1.53447;1.63561
8209;0.209001;-0.931633;5.76966;1.06837;5.76966;-0.00134053;6.70263;-1.53466;1.63581
8210;0.209001;-0.931633;5.76966;1.06837;5.76966;-0.00134053;6.70263;-1.53485;1.636
8211;0.209001;-0.931633;5.76966;1.06837;5.76966;-0.00134053;6.70263;-1.53504;1.63619
8212;0.209001;-0.931633;5.76966;1.06837;5.76966;-0.00134053;6.70263;-1.53523;1.63639
8213;0.209001;-0.931633;5.76966;1.06837;5.76966;-0.00134053;6.70263;-1.53542;1.63658
8214;0.209001;-0.931633;5.76966;1.06837;5.76966;-0.00134053;6.70263;-1.53561;1.63677
8215;0.209001;-0.931633;5.76966;1.06837;5.76966;-0.00134053;6.70263;-1.5358;1.63697
8216;0.209001;-0.931633;5.76966;1.06837;5.76966;-0.00134053;6.70263;-1.53599;1.63716
8217;0.209001;-0.931633;5.76966;1.06837;5.76966;-0.00134053;6.70263;-1.53618;1.63735
8218;0.209001;-0.931633;5.76966;1.06837;5.76966;-0.00134053;6.70263;-1.53637;1.63755
8219;0.209001;-0.931633;5.76966;1.06837;5.76966;-0.00134053;6.70263;-1.53656;1.63774
8220;0.209001;-0.931633;5.76966;1.06837;5.76966;-0.00134053;6.70263;-1.53675;1.63793
8221;0.209001;-0.931633;5.76966;1.06837;5.76966;-0.00134053;6.70263;-1.53694;1.63813
8222;0.209001;-0.931633;5.76966;1.06837;5.76966;-0.00134053;6.70263;-1.53713;1.63832
8223;0.209001;-0.931633;5.76966;1.06837;5.76966;-0.00134053;6.70263;-1.53732;1.63852
8224;0.209001;-0.931633;5.76966;1.06837;5.76966;-0.00134053;6.70263;-1.53751;1.63871
8225;0.209001;-0.931633;5.76966;1.06837;5.76966;-0.00134053;6.70263;-1.5377;1.6389
8226;0.209001;-0.931633;5.76966;1.06837;5.76966;-0.00134053;6.70263;-1.53789;1.6391
8227;0.209001;-0.931633;5.76966;1.06837;5.76966;-0.00134053;6.70263;-1.53808;1.63929
8228;0.209001;-0.931633;5.76966;1.06837;5.76966;-0.00134053;6.70263;-1.53827;1.63948
8229;0.209001;-0.931633;5.76966;1.06837;5.76966;-0.00134053;6.70263;-1.53846;1.63968
8230;0.209001;-0.931633;5.76966;1.06837;5.76966;-0.00134053;6.70263;-1.53864;1.63987
8231;0.209001;-0.931633;5.76966;1.06837;5.76966;-0.00134053;6.70263;-1.53883;1.64006
8232;0.209001;-0.931633;5.76966;1.06837;5.76966;-0.00134053;6.70263;-1.53902;1.64026
8233;0.209001;-0.931633;5.76966;1.06837;5.76966;-0.00134053;6.70263;-1.53921;1.64045
8234;0.209001;-0.931633;5.76966;1.06837;5.76966;-0.00134053;6.70263;-1.5394;1.64064
8235;0.209001;-0.931633;5.76966;1.06837;5.76966;-0.00134053;6.70263;-1.53959;1.64084
8236;0.209001;-0.931633;5.76966;1.06837;5.76966;-0.00134053;6.70263;-1.53978;1.64103
8237;0.209001;-0.931633;5.76966;1.06837;5.76966;-0.00134053;6.70263;-1.53997;1.64122
8238;0.209001;-0.931633;5.76966;1.06837;5.76966;-0.00134053;6.70263;-1.54016;1.64142
8239;0.209001;-0.931633;5.76966;1.06837;5.76966;-0.00134053;6.70263;-1.54035;1.64161
8240;0.209001;-0.931633;5.76966;1.06837;5.76966;-0.00134053;6.70263;-1.54054;1.64181
8241;0.209001;-0.931633;5.76966;1.06837;5.76966;-0.00134053;6.70263;-1.54073;1.642
8242;0.209001;-0.931633;5.76966;1.06837;5.76966;-0.00134053;6.70263;-1.54092;1.64219
8243;0.209001;-0.931633;5.76966;1.06837;5.76966;-0.00134053;6.70263;-1.54111;1.64239
8244;0.209001;-0.931633;5.76966;1.06837;5.76966;-0.00134053;6.70263;-1.5413;1.64258
8245;0.209001;-0.931633;5.76966;1.06837;5.76966;-0.00134053;6.70263;-1.54149;1.64277
8246;0.209001;-0.931633;5.76966;1.06837;5.76966;-0.00134053;6.70263;-1.54168;1.64297
8247;0.209001;-0.931633;5.76966;1.06837;5.76966;-0.00134053;6.70263;-1.54187;1.64316
8248;0.209001;-0.931633;5.76966;1.06837;5.76966;-0.00134053;6.70263;-1.54206;1.64335
8249;0.209001;-0.931633;5.76966;1.06837;5.76966;-0.00134053;6.70263;-1.54225;1.64355
8250;0.209001;-0.931633;5.76966;1.06837;5.76966;-0.00134053;6.70263;-1.54244;1.64374
8251;0.209001;-0.931633;5.76966;1.06837;5.76966;-0.00134053;6.70263;-1.54263;1.64393
8252;0.209001;-0.931633;5.76966;1.06837;5.76966;-0.00134053;6.70263;-1.54282;1.64413
8253;0.209001;-0.931633;5.76966;1.06837;5.76966;-0.00134053;6.70263;-1.54301;1.64432
8254;0.209001;-0.931633;5.76966;1.06837;5.76966;-0.00134053;6.70263;-1.5432;1.64452
8255;0.209001;-0.931633;5.76966;1.06837;5.76966;-0.00134053;6.70263;-1.54339;1.64471
8256;0.209001;-0.931633;5.76966;1.06837;5.76966;-0.00134053;6.70263;-1.54358;1.6449
8257;0.209001;-0.931633;5.76966;1.06837;5.76966;-0.00134053;6.70263;-1.54377;1.6451
8258;0.209001;-0.931633;5.76966;1.06837;5.76966;-0.00134053;6.70263;-1.54396;1.64529
8259;0.209001;-0.931633;5.76966;1.06837;5.76966;-0.00134053;6.70263;-1.54415;1.64548
8260;0.209001;-0.931633;5.76966;1.06837;5.76966;-0.00134053;6.70263;-1.54434;1.64568
8261;0.209001;-0.931633;5.76966;1.06837;5.76966;-0.00134053;6.70263;-1.54452;1.64587
8262;0.209001;-0.931633;5.76966;1.06837;5.76966;-0.00134053;6.70263;-1.54471;1.64606
8263;0.209001;-0.931633;5.76966;1.06837;5.76966;-0.00134053;6.70263;-1.5449;1.64626
8264;0.209001;-0.931633;5.76966;1.06837;5.76966;-0.00134053;6.70263;-1.54509;1.64645
8265;0.209001;-0.931633;5.76966;1.06837;5.76966;-0.00134053;6.70263;-1.54528;1.64664
8266;0.209001;-0.931633;5.76966;1.06837;5.76966;-0.00134053;6.70263;-1.54547;1.64684
8267;0.209001;-0.931633;5.76966;1.06837;5.76966;-0.00134053;6.70263;-1.54566;1.64703
8268;0.209001;-0.931633;5.76966;1.06837;5.76966;-0.00134053;6.70263;-1.54585;1.64722
8269;0.209001;-0.931633;5.76966;1.06837;5.76966;-0.00134053;6.70263;-1.54604;1.64742
8270;0.209001;-0.931633;5.76966;1.06837;5.76966;-0.00134053;6.70263;-1.54623;1.64761
8271;0.209001;-0.931633;5.76966;1.06837;5.76966;-0.00134053;6.70263;-1.54642;1.64781
8272;0.209001;-0.931633;5.76966;1.06837;5.76966;-0.00134053;6.70263;-1.54661;1.648
8273;0.209001;-0.931633;5.76966;1.06837;5.76966;-0.00134053;6.70263;-1.5468;1.64819
8274;0.209001;-0.931633;5.76966;1.06837;5.76966;-0.00134053;6.70263;-1.54699;1.64839
8275;0.209001;-0.931633;5.76966;1.06837;5.76966;-0.00134053;6.70263;-1.54718;1.64858
8276;0.209001;-0.931633;5.76966;1.06837;5.76966;-0.00134053;6.70263;-1.54737;1.64877
8277;0.209001;-0.931633;5.76966;1.06837;5.76966;-0.00134053;6.70263;-1.54756;1.64897
8278;0.209001;-0.931633;5.76966;1.06837;5.76966;-0.00134053;6.70263;-1.54775;1.64916
8279;0.209001;-0.931633;5.76966;1.06837;5.76966;-0.00134053;6.70263;-1.54794;1.64935
8280;0.209001;-0.931633;5.76966;1.06837;5.76966;-0.00134053;6.70263;-1.54813;1.64955
8281;0.209001;-0.931633;5.76966;1.06837;5.76966;-0.00134053;6.70263;-1.54832;1.64974
8282;0.209001;-0.931633;5.76966;1.06837;5.76966;-0.00134053;6.70263;-1.54851;1.64993
8283;0.209001;-0.931633;5.76966;1.06837;5.76966;-0.00134053;6.70263;-1.5487;1.65013
8284;0.209001;-0.931633;5.76966;1.06837;5.76966;-0.00134053;6.70263;-1.54889;1.65032
8285;0.209001;-0.931633;5.76966;1.06837;5.76966;-0.00134053;6.70263;-1.54908;1.65052
8286;0.209001;-0.931633;5.76966;1.06837;5.76966;-0.00134053;6.70263;-1.54927;1.65071
8287;0.209001;-0.931633;5.76966;1.06837;5.76966;-0.00134053;6.70263;-1.54946;1.6509
8288;0.209001;-0.931633;5.76966;1.06837;5.76966;-0.00134053;6.70263;-1.54965;1.6511
8289;0.209001;-0.931633;5.76966;1.06837;5.76966;-0.00134053;6.70263;-1.54984;1.65129
8290;0.209001;-0.931633;5.76966;1.06837;5.76966;-0.00134053;6.70263;-1.55003;1.65148
8291;0.209001;-0.931633;5.76966;1.06837;5.76966;-0.00134053;6.70263;-1.55022;1.65168
8292;0.209001;-0.931633;5.76966;1.06837;5.76966;-0.00134053;6.70263;-1.55041;1.65187
8293;0.209001;-0.931633;5.76966;1.06837;5.76966;-0.00134053;6.70263;-1.55059;1.65206
8294;0.209001;-0.931633;5.76966;1.06837;5.76966;-0.00134053;6.70263;-1.55078;1.65226
8295;0.209001;-0.931633;5.76966;1.06837;5.76966;-0.00134053;6.70263;-1.55097;1.65245
8296;0.209001;-0.931633;5.76966;1.06837;5.76966;-0.00134053;6.70263;-1.55116;1.65264
8297;0.209001;-0.931633;5.76966;1.06837;5.76966;-0.00134053;6.70263;-1.55135;1.65284
8298;0.209001;-0.931633;5.76966;1.06837;5.76966;-0.00134053;6.70263;-1.55154;1.65303
8299;0.209001;-0.931633;5.76965;1.06837;5.76965;-0.00134053;6.70263;-1.55173;1.65322
8300;0.209001;-0.931633;5.76965;1.06837;5.76965;-0.00134053;6.70263;-1.55192;1.65342
8301;0.209001;-0.931633;5.76965;1.06837;5.76965;-0.00134053;6.70263;-1.55211;1.65361
8302;0.209001;-0.931633;5.76965;1.06837;5.76965;-0.00134053;6.70263;-1.5523;1.65381
8303;0.209001;-0.931633;5.76965;1.06837;5.76965;-0.00134053;6.70263;-1.55249;1.654
8304;0.209001;-0.931633;5.76965;1.06837;5.76965;-0.00134053;6.70263;-1.55268;1.65419
8305;0.209001;-0.931633;5.76965;1.06837;5.76965;-0.00134053;6.70263;-1.55287;1.65439
8306;0.209001;-0.931633;5.76965;1.06837;5.76965;-0.00134053;6.70263;-1.55306;1.65458
8307;0.209001;-0.931633;5.76965;1.06837;5.76965;-0.00134053;6.70263;-1.55325;1.65477
8308;0.209001;-0.931633;5.76965;1.06837;5.76965;-0.00134053;6.70263;-1.55344;1.65497
8309;0.209001;-0.931633;5.76965;1.06837;5.76965;-0.00134053;6.70263;-1.55363;1.65516
8310;0.209001;-0.931633;5.76965;1.06837;5.76965;-0.00134053;6.70263;-1.55382;1.65535
8311;0.209001;-0.931633;5.76965;1.06837;5.76965;-0.00134053;6.70263;-1.55401;1.65555
8312;0.209001;-0.931633;5.76965;1.06837;5.76965;-0.00134053;6.70263;-1.5542;1.65574
8313;0.209001;-0.931633;5.76965;1.06837;5.76965;-0.00134053;6.70263;-1.55439;1.65593
8314;0.209001;-0.931633;5.76965;1.06837;5.76965;-0.00134053;6.70263;-1.55458;1.65613
8315;0.209001;-0.931633;5.76965;1.06837;5.76965;-0.00134053;6.70263;-1.55477;1.65632
8316;0.209001;-0.931633;5.76965;1.06837;5.76965;-0.00134053;6.70263;-1.55496;1.65652
8317;0.209001;-0.931633;5.76965;1.06837;5.76965;-0.00134053;6.70263;-1.55515;1.65671
8318;0.209001;-0.931633;5.76965;1.06837;5.76965;-0.00134053;6.70263;-1.55534;1.6569
8319;0.209001;-0.931633;5.76965;1.06837;5.76965;-0.00134053;6.70263;-1.55553;1.6571
8320;0.209001;-0.931633;5.76965;1.06837;5.76965;-0.00134053;6.70263;-1.55572;1.65729
8321;0.209001;-0.931633;5.76965;1.06837;5.76965;-0.00134053;6.70263;-1.55591;1.65748
8322;0.209001;-0.931633;5.76965;1.06837;5.76965;-0.00134053;6.70263;-1.5561;1.65768
8323;0.209001;-0.931633;5.76965;1.06837;5.76965;-0.00134053;6.70263;-1.55629;1.65787
8324;0.209001;-0.931633;5.76965;1.06837;5.76965;-0.00134053;6.70263;-1.55647;1.65806
8325;0.209001;-0.931633;5.76965;1.06837;5.76965;-0.00134053;6.70263;-1.55666;1.65826
8326;0.209001;-0.931633;5.76965;1.06837;5.76965;-0.00134053;6.70263;-1.55685;1.65845
8327;0.209001;-0.931633;5.76965;1.06837;5.76965;-0.00134053;6.70263;-1.55704;1.65864
8328;0.209001;-0.931633;5.76965;1.06837;5.76965;-0.00134053;6.70263;-1.55723;1.65884
8329;0.209001;-0.931633;5.76965;1.06837;5.76965;-0.00134053;6.70263;-1.55742;1.65903
8330;0.209001;-0.931633;5.76965;1.06837;5.76965;-0.00134053;6.70263;-1.55761;1.65922
8331;0.209001;-0.931633;5.76965;1.06837;5.76965;-0.00134053;6.70263;-1.5578;1.65942
8332;0.209001;-0.931633;5.76965;1.06837;5.76965;-0.00134053;6.70263;-1.55799;1.65961
8333;0.209001;-0.931633;5.76965;1.06837;5.76965;-0.00134053;6.70263;-1.55818;1.65981
8334;0.209001;-0.931633;5.76965;1.06837;5.76965;-0.00134053;6.70263;-1.55837;1.66
8335;0.209001;-0.931633;5.76965;1.06837;5.76965;-0.00134053;6.70263;-1.55856;1.66019
8336;0.209001;-0.931633;5.76965;1.06837;5.76965;-0.00134053;6.70263;-1.55875;1.66039
8337;0.209001;-0.931633;5.76965;1.06837;5.76965;-0.00134053;6.70263;-1.55894;1.66058
8338;0.209001;-0.931633;5.76965;1.06837;5.76965;-0.00134053;6.70263;-1.55913;1.66077
8339;0.209001;-0.931633;5.76965;1.06837;5.76965;-0.00134053;6.70263;-1.55932;1.66097
8340;0.209001;-0.931633;5.76965;1.06837;5.76965;-0.00134053;6.70263;-1.55951;1.66116
8341;0.209001;-0.931633;5.76965;1.06837;5.76965;-0.00134053;6.70263;-1.5597;1.66135
8342;0.209001;-0.931633;5.76965;1.06837;5.76965;-0.00134053;6.70263;-1.55989;1.66155
8343;0.209001;-0.931633;5.76965;1.06837;5.76965;-0.00134053;6.70263;-1.56008;1.66174
8344;0.209001;-0.931633;5.76965;1.06837;5.76965;-0.00134053;6.70263;-1.56027;1.66193
8345;0.209001;-0.931633;5.76965;1.06837;5.76965;-0.00134053;6.70263;-1.56046;1.66213
8346;0.209001;-0.931633;5.76965;1.06837;5.76965;-0.00134053;6.70263;-1.56065;1.66232
8347;0.209001;-0.931633;5.76965;1.06837;5.76965;-0.00134053;6.70263;-1.56084;1.66252
8348;0.209001;-0.931633;5.76965;1.06837;5.76965;-0.00134053;6.70263;-1.56103;1.66271
8349;0.209001;-0.931633;5.76965;1.06837;5.76965;-0.00134053;6.70263;-1.56122;1.6629
8350;0.209001;-0.931633;5.76965;1.06837;5.76965;-0.00134053;6.70263;-1.56141;1.6631
8351;0.209001;-0.931633;5.76965;1.06837;5.76965;-0.00134053;6.70263;-1.5616;1.66329
8352;0.209001;-0.931633;5.76965;1.06837;5.76965;-0.00134053;6.70263;-1.56179;1.66348
8353;0.209001;-0.931633;5.76965;1.06837;5.76965;-0.00134053;6.70263;-1.56198;1.66368
8354;0.209001;-0.931633;5.76965;1.06837;5.76965;-0.00134053;6.70263;-1.56217;1.66387
8355;0.209001;-0.931633;5.76965;1.06837;5.76965;-0.00134053;6.70263;-1.56236;1.66406
8356;0.209001;-0.931633;5.76965;1.06837;5.76965;-0.00134053;6.70263;-1.56254;1.66426
8357;0.209001;-0.931633;5.76965;1.06837;5.76965;-0.00134053;6.70263;-1.56273;1.66445
8358;0.209001;-0.931633;5.76965;1.06837;5.76965;-0.00134053;6.70263;-1.56292;1.66464
8359;0.209001;-0.931633;5.76965;1.06837;5.76965;-0.00134053;6.70263;-1.56311;1.66484
8360;0.209001;-0.931633;5.76965;1.06837;5.76965;-0.00134053;6.70263;-1.5633;1.66503
8361;0.209001;-0.931633;5.76965;1.06837;5.76965;-0.00134053;6.70263;-1.56349;1.66523
8362;0.209001;-0.931633;5.76965;1.06837;5.76965;-0.00134053;6.70263;-1.56368;1.66542
8363;0.209001;-0.931633;5.76965;1.06837;5.76965;-0.00134053;6.70263;-1.56387;1.66561
8364;0.209001;-0.931633;5.76965;1.06837;5.76965;-0.00134053;6.70263;-1.56406;1.66581
8365;0.209001;-0.931633;5.76965;1.06837;5.76965;-0.00134053;6.70263;-1.56425;1.666
8366;0.209001;-0.931633;5.76965;1.06837;5.76965;-0.00134053;6.70263;-1.56444;1.66619
8367;0.209001;-0.931633;5.76965;1.06837;5.76965;-0.00134053;6.70263;-1.56463;1.66639
8368;0.209001;-0.931633;5.76965;1.06837;5.76965;-0.00134053;6.70263;-1.56482;1.66658
8369;0.209001;-0.931633;5.76965;1.06837;5.76965;-0.00134053;6.70263;-1.56501;1.66677
8370;0.209001;-0.931633;5.76965;1.06837;5.76965;-0.00134053;6.70263;-1.5652;1.66697
8371;0.209001;-0.931633;5.76965;1.06837;5.76965;-0.00134053;6.70263;-1.56539;1.66716
8372;0.209001;-0.931633;5.76965;1.06837;5.76965;-0.00134053;6.70263;-1.56558;1.66735
8373;0.209001;-0.931633;5.76965;1.06837;5.76965;-0.00134053;6.70263;-1.56577;1.66755
8374;0.209001;-0.931633;5.76965;1.06837;5.76965;-0.00134053;6.70263;-1.56596;1.66774
8375;0.209001;-0.931633;5.76965;1.06837;5.76965;-0.00134053;6.70263;-1.56615;1.66793
8376;0.209001;-0.931633;5.76965;1.06837;5.76965;-0.00134053;6.70263;-1.56634;1.66813
8377;0.209001;-0.931633;5.76965;1.06837;5.76965;-0.00134053;6.70263;-1.56653;1.66832
8378;0.209001;-0.931633;5.76965;1.06837;5.76965;-0.00134053;6.70263;-1.56672;1.66852
8379;0.209001;-0.931633;5.76965;1.06837;5.76965;-0.00134053;6.70263;-1.56691;1.66871
8380;0.209001;-0.931633;5.76965;1.06837;5.76965;-0.00134053;6.70263;-1.5671;1.6689
8381;0.209001;-0.931633;5.76965;1.06837;5.76965;-0.00134053;6.70263;-1.56729;1.6691
8382;0.209001;-0.931633;5.76965;1.06837;5.76965;-0.00134053;6.70263;-1.56748;1.66929
8383;0.209001;-0.931633;5.76965;1.06837;5.76965;-0.00134053;6.70263;-1.56767;1.66948
8384;0.209001;-0.931633;5.76965;1.06837;5.76965;-0.00134053;6.70263;-1.56786;1.66968
8385;0.209001;-0.931633;5.76965;1.06837;5.76965;-0.00134053;6.70263;-1.56805;1.66987
8386;0.209001;-0.931633;5.76965;1.06837;5.76965;-0.00134053;6.70263;-1.56824;1.67006
8387;0.209001;-0.931633;5.76965;1.06837;5.76965;-0.00134053;6.70263;-1.56843;1.67026
8388;0.209001;-0.931633;5.76965;1.06837;5.76965;-0.00134053;6.70263;-1.56861;1.67045
8389;0.209001;-0.931633;5.76965;1.06837;5.76965;-0.00134053;6.70263;-1.5688;1.67064
8390;0.209001;-0.931633;5.76965;1.06837;5.76965;-0.00134053;6.70263;-1.56899;1.67084
8391;0.209001;-0.931633;5.76965;1.06837;5.76965;-0.00134053;6.70263;-1.56918;1.67103
8392;0.209001;-0.931633;5.76965;1.06837;5.76965;-0.00134053;6.70263;-1.56937;1.67123
8393;0.209001;-0.931633;5.76965;1.06837;5.76965;-0.00134053;6.70263;-1.56956;1.67142
8394;0.209001;-0.931633;5.76965;1.06837;5.76965;-0.00134053;6.70263;-1.56975;1.67161
8395;0.209001;-0.931633;5.76965;1.06837;5.76965;-0.00134053;6.70263;-1.56994;1.67181
8396;0.209001;-0.931633;5.76965;1.06837;5.76965;-0.00134053;6.70263;-1.57013;1.672
8397;0.209001;-0.931633;5.76965;1.06837;5.76965;-0.00134052;6.70262;-1.57032;1.67219
8398;0.209001;-0.931633;5.76965;1.06837;5.76965;-0.00134052;6.70262;-1.57051;1.67239
8399;0.209001;-0.931633;5.76965;1.06837;5.76965;-0.00134052;6.70262;-1.5707;1.67258
8400;0.209001;-0.931633;5.76965;1.06837;5.76965;-0.00134052;6.70262;-1.57089;1.67277
8401;0.209001;-0.931633;5.76965;1.06837;5.76965;-0.00134052;6.70262;-1.57108;1.67297
8402;0.209001;-0.931633;5.76965;1.06837;5.76965;-0.00134052;6.70262;-1.57127;1.67316
8403;0.209001;-0.931633;5.76965;1.06837;5.76965;-0.00134052;6.70262;-1.57146;1.67335
8404;0.209001;-0.931633;5.76965;1.06837;5.76965;-0.00134052;6.70262;-1.57165;1.67355
8405;0.209001;-0.931633;5.76965;1.06837;5.76965;-0.00134052;6.70262;-1.57184;1.67374
8406;0.209001;-0.931633;5.76965;1.06837;5.76965;-0.00134052;6.70262;-1.57203;1.67393
8407;0.209001;-0.931633;5.76965;1.06837;5.76965;-0.00134052;6.70262;-1.57222;1.67413
8408;0.209001;-0.931633;5.76965;1.06837;5.76965;-0.00134052;6.70262;-1.57241;1.67432
8409;0.209001;-0.931633;5.76965;1.06837;5.76965;-0.00134052;6.70262;-1.5726;1.67452
8410;0.209001;-0.931633;5.76965;1.06837;5.76965;-0.00134052;6.70262;-1.57279;1.67471
8411;0.209001;-0.931633;5.76965;1.06837;5.76965;-0.00134052;6.70262;-1.57298;1.6749
8412;0.209001;-0.931633;5.76965;1.06837;5.76965;-0.00134052;6.70262;-1.57317;1.6751
8413;0.209001;-0.931633;5.76965;1.06837;5.76965;-0.00134052;6.70262;-1.57336;1.67529
8414;0.209001;-0.931633;5.76965;1.06837;5.76965;-0.00134052;6.70262;-1.57355;1.67548
8415;0.209001;-0.931633;5.76965;1.06837;5.76965;-0.00134052;6.70262;-1.57374;1.67568
8416;0.209001;-0.931633;5.76965;1.06837;5.76965;-0.00134052;6.70262;-1.57393;1.67587
8417;0.209001;-0.931633;5.76965;1.06837;5.76965;-0.00134052;6.70262;-1.57412;1.67606
8418;0.209001;-0.931633;5.76965;1.06837;5.76965;-0.00134052;6.70262;-1.57431;1.67626
8419;0.209001;-0.931633;5.76965;1.06837;5.76965;-0.00134052;6.70262;-1.57449;1.67645
8420;0.209001;-0.931633;5.76965;1.06837;5.76965;-0.00134052;6.70262;-1.57468;1.67664
8421;0.209001;-0.931633;5.76965;1.06837;5.76965;-0.00134052;6.70262;-1.57487;1.67684
8422;0.209001;-0.931633;5.76965;1.06837;5.76965;-0.00134052;6.70262;-1.57506;1.67703
8423;0.209001;-0.931633;5.76965;1.06837;5.76965;-0.00134052;6.70262;-1.57525;1.67723
8424;0.209001;-0.931633;5.76965;1.06837;5.76965;-0.00134052;6.70262;-1.57544;1.67742
8425;0.209001;-0.931633;5.76965;1.06837;5.76965;-0.00134052;6.70262;-1.57563;1.67761
8426;0.209001;-0.931633;5.76965;1.06837;5.76965;-0.00134052;6.70262;-1.57582;1.67781
8427;0.209001;-0.931633;5.76965;1.06837;5.76965;-0.00134052;6.70262;-1.57601;1.678
8428;0.209001;-0.931633;5.76965;1.06837;5.76965;-0.00134052;6.70262;-1.5762;1.67819
8429;0.209001;-0.931633;5.76965;1.06837;5.76965;-0.00134052;6.70262;-1.57639;1.67839
8430;0.209001;-0.931633;5.76965;1.06837;5.76965;-0.00134052;6.70262;-1.57658;1.67858
8431;0.209001;-0.931633;5.76965;1.06837;5.76965;-0.00134052;6.70262;-1.57677;1.67877
8432;0.209001;-0.931633;5.76965;1.06837;5.76965;-0.00134052;6.70262;-1.57696;1.67897
8433;0.209001;-0.931633;5.76965;1.06837;5.76965;-0.00134052;6.70262;-1.57715;1.67916
8434;0.209001;-0.931633;5.76965;1.06837;5.76965;-0.00134052;6.70262;-1.57734;1.67935
8435;0.209001;-0.931633;5.76965;1.06837;5.76965;-0.00134052;6.70262;-1.57753;1.67955
8436;0.209001;-0.931633;5.76965;1.06837;5.76965;-0.00134052;6.70262;-1.57772;1.67974
8437;0.209001;-0.931633;5.76965;1.06837;5.76965;-0.00134052;6.70262;-1.57791;1.67993
8438;0.209001;-0.931633;5.76965;1.06837;5.76965;-0.00134052;6.70262;-1.5781;1.68013
8439;0.209001;-0.931633;5.76965;1.06837;5.76965;-0.00134052;6.70262;-1.57829;1.68032
8440;0.209001;-0.931633;5.76965;1.06837;5.76965;-0.00134052;6.70262;-1.57848;1.68052
8441;0.209001;-0.931633;5.76965;1.06837;5.76965;-0.00134052;6.70262;-1.57867;1.68071
8442;0.209001;-0.931633;5.76965;1.06837;5.76965;-0.00134052;6.70262;-1.57886;1.6809
8443;0.209001;-0.931633;5.76965;1.06837;5.76965;-0.00134052;6.70262;-1.57905;1.6811
8444;0.209001;-0.931633;5.76965;1.06837;5.76965;-0.00134052;6.70262;-1.57924;1.68129
8445;0.209001;-0.931633;5.76965;1.06837;5.76965;-0.00134052;6.70262;-1.57943;1.68148
8446;0.209001;-0.931633;5.76965;1.06837;5.76965;-0.00134052;6.70262;-1.57962;1.68168
8447;0.209001;-0.931633;5.76965;1.06837;5.76965;-0.00134052;6.70262;-1.57981;1.68187
8448;0.209001;-0.931633;5.76965;1.06837;5.76965;-0.00134052;6.70262;-1.58;1.68206
8449;0.209001;-0.931633;5.76965;1.06837;5.76965;-0.00134052;6.70262;-1.58019;1.68226
8450;0.209001;-0.931633;5.76965;1.06837;5.76965;-0.00134052;6.70262;-1.58038;1.68245
8451;0.209001;-0.931633;5.76965;1.06837;5.76965;-0.00134052;6.70262;-1.58056;1.68264
8452;0.209001;-0.931633;5.76965;1.06837;5.76965;-0.00134052;6.70262;-1.58075;1.68284
8453;0.209001;-0.931633;5.76965;1.06837;5.76965;-0.00134052;6.70262;-1.58094;1.68303
8454;0.209001;-0.931633;5.76965;1.06837;5.76965;-0.00134052;6.70262;-1.58113;1.68323
8455;0.209001;-0.931633;5.76965;1.06837;5.76965;-0.00134052;6.70262;-1.58132;1.68342
8456;0.209001;-0.931633;5.76965;1.06837;5.76965;-0.00134052;6.70262;-1.58151;1.68361
8457;0.209001;-0.931633;5.76965;1.06837;5.76965;-0.00134052;6.70262;-1.5817;1.68381
8458;0.209001;-0.931633;5.76965;1.06837;5.76965;-0.00134052;6.70262;-1.58189;1.684
8459;0.209001;-0.931633;5.76965;1.06837;5.76965;-0.00134052;6.70262;-1.58208;1.68419
8460;0.209001;-0.931633;5.76965;1.06837;5.76965;-0.00134052;6.70262;-1.58227;1.68439
8461;0.209001;-0.931633;5.76965;1.06837;5.76965;-0.00134052;6.70262;-1.58246;1.68458
8462;0.209001;-0.931633;5.76965;1.06837;5.76965;-0.00134052;6.70262;-1.58265;1.68477
8463;0.209001;-0.931633;5.76965;1.06837;5.76965;-0.00134052;6.70262;-1.58284;1.68497
8464;0.209001;-0.931633;5.76965;1.06837;5.76965;-0.00134052;6.70262;-1.58303;1.68516
8465;0.209001;-0.931633;5.76965;1.06837;5.76965;-0.00134052;6.70262;-1.58322;1.68535
8466;0.209001;-0.931633;5.76965;1.06837;5.76965;-0.00134052;6.70262;-1.58341;1.68555
8467;0.209001;-0.931633;5.76965;1.06837;5.76965;-0.00134052;6.70262;-1.5836;1.68574
8468;0.209001;-0.931633;5.76965;1.06837;5.76965;-0.00134052;6.70262;-1.58379;1.68593
8469;0.209001;-0.931633;5.76965;1.06837;5.76965;-0.00134052;6.70262;-1.58398;1.68613
8470;0.209001;-0.931633;5.76965;1.06837;5.76965;-0.00134052;6.70262;-1.58417;1.68632
8471;0.209001;-0.931633;5.76965;1.06837;5.76965;-0.00134052;6.70262;-1.58436;1.68652
8472;0.209001;-0.931633;5.76965;1.06837;5.76965;-0.00134052;6.70262;-1.58455;1.68671
8473;0.209001;-0.931633;5.76965;1.06837;5.76965;-0.00134052;6.70262;-1.58474;1.6869
8474;0.209001;-0.931633;5.76965;1.06837;5.76965;-0.00134052;6.70262;-1.58493;1.6871
8475;0.209001;-0.931633;5.76965;1.06837;5.76965;-0.00134052;6.70262;-1.58512;1.68729
8476;0.209001;-0.931633;5.76965;1.06837;5.76965;-0.00134052;6.70262;-1.58531;1.68748
8477;0.209001;-0.931633;5.76965;1.06837;5.76965;-0.00134052;6.70262;-1.5855;1.68768
8478;0.209001;-0.931633;5.76965;1.06837;5.76965;-0.00134052;6.70262;-1.58569;1.68787
8479;0.209001;-0.931633;5.76965;1.06837;5.76965;-0.00134052;6.70262;-1.58588;1.68806
8480;0.209001;-0.931633;5.76965;1.06837;5.76965;-0.00134052;6.70262;-1.58607;1.68826
8481;0.209001;-0.931633;5.76965;1.06837;5.76965;-0.00134052;6.70262;-1.58626;1.68845
8482;0.209001;-0.931633;5.76965;1.06837;5.76965;-0.00134052;6.70262;-1.58644;1.68864
8483;0.209001;-0.931633;5.76965;1.06837;5.76965;-0.00134052;6.70262;-1.58663;1.68884
8484;0.209001;-0.931633;5.76965;1.06837;5.76965;-0.00134052;6.70262;-1.58682;1.68903
8485;0.209001;-0.931633;5.76965;1.06837;5.76965;-0.00134052;6.70262;-1.58701;1.68923
8486;0.209001;-0.931633;5.76965;1.06837;5.76965;-0.00134052;6.70262;-1.5872;1.68942
8487;0.209001;-0.931633;5.76965;1.06837;5.76965;-0.00134052;6.70262;-1.58739;1.68961
8488;0.209001;-0.931633;5.76965;1.06837;5.76965;-0.00134052;6.70262;-1.58758;1.68981
8489;0.209001;-0.931633;5.76965;1.06837;5.76965;-0.00134052;6.70262;-1.58777;1.69
8490;0.209001;-0.931633;5.76965;1.06837;5.76965;-0.00134052;6.70262;-1.58796;1.69019
8491;0.209001;-0.931633;5.76965;1.06837;5.76965;-0.00134052;6.70262;-1.58815;1.69039
8492;0.209001;-0.931633;5.76965;1.06837;5.76965;-0.00134052;6.70262;-1.58834;1.69058
8493;0.209001;-0.931633;5.76965;1.06837;5.76965;-0.00134052;6.70262;-1.58853;1.69077
8494;0.209001;-0.931633;5.76965;1.06837;5.76965;-0.00134052;6.70262;-1.58872;1.69097
8495;0.209001;-0.931633;5.76965;1.06837;5.76965;-0.00134052;6.70262;-1.58891;1.69116
8496;0.209001;-0.931633;5.76965;1.06837;5.76965;-0.00134052;6.70262;-1.5891;1.69135
8497;0.209001;-0.931633;5.76965;1.06837;5.76965;-0.00134052;6.70262;-1.58929;1.69155
8498;0.209001;-0.931633;5.76965;1.06837;5.76965;-0.00134052;6.70262;-1.58948;1.69174
8499;0.209001;-0.931633;5.76965;1.06837;5.76965;-0.00134052;6.70262;-1.58967;1.69193
8500;0.209001;-0.931633;5.76965;1.06837;5.76965;-0.00134052;6.70262;-1.58986;1.69213
8501;0.209001;-0.931633;5.76965;1.06837;5.76965;-0.00134052;6.70262;-1.59005;1.69232
8502;0.209001;-0.931633;5.76965;1.06837;5.76965;-0.00134052;6.70262;-1.59024;1.69252
8503;0.209001;-0.931633;5.76965;1.06837;5.76965;-0.00134052;6.70262;-1.59043;1.69271
8504;0.209001;-0.931633;5.76965;1.06837;5.76965;-0.00134052;6.70262;-1.59062;1.6929
8505;0.209001;-0.931633;5.76965;1.06837;5.76965;-0.00134052;6.70262;-1.59081;1.6931
8506;0.209001;-0.931633;5.76965;1.06837;5.76965;-0.00134052;6.70262;-1.591;1.69329
8507;0.209001;-0.931633;5.76965;1.06837;5.76965;-0.00134052;6.70262;-1.59119;1.69348
8508;0.209001;-0.931633;5.76965;1.06837;5.76965;-0.00134052;6.70262;-1.59138;1.69368
8509;0.209001;-0.931633;5.76965;1.06837;5.76965;-0.00134052;6.70262;-1.59157;1.69387
8510;0.209002;-0.931633;5.76965;1.06837;5.76965;-0.00134052;6.70262;-1.59176;1.69406
8511;0.209002;-0.931633;5.76965;1.06837;5.76965;-0.00134052;6.70262;-1.59195;1.69426
8512;0.209002;-0.931633;5.76965;1.06837;5.76965;-0.00134052;6.70262;-1.59214;1.69445
8513;0.209002;-0.931633;5.76965;1.06837;5.76965;-0.00134052;6.70262;-1.59233;1.69464
8514;0.209002;-0.931633;5.76965;1.06837;5.76965;-0.00134052;6.70262;-1.59251;1.69484
8515;0.209002;-0.931633;5.76965;1.06837;5.76965;-0.00134052;6.70262;-1.5927;1.69503
8516;0.209002;-0.931633;5.76965;1.06837;5.76965;-0.00134052;6.70262;-1.59289;1.69523
8517;0.209002;-0.931633;5.76965;1.06837;5.76965;-0.00134052;6.70262;-1.59308;1.69542
8518;0.209002;-0.931633;5.76965;1.06837;5.76965;-0.00134052;6.70262;-1.59327;1.69561
8519;0.209002;-0.931633;5.76965;1.06837;5.76965;-0.00134052;6.70262;-1.59346;1.69581
8520;0.209002;-0.931633;5.76965;1.06837;5.76965;-0.00134052;6.70262;-1.59365;1.696
8521;0.209002;-0.931633;5.76965;1.06837;5.76965;-0.00134052;6.70262;-1.59384;1.69619
8522;0.209002;-0.931633;5.76965;1.06837;5.76965;-0.00134052;6.70262;-1.59403;1.69639
8523;0.209002;-0.931633;5.76965;1.06837;5.76965;-0.00134052;6.70262;-1.59422;1.69658
8524;0.209002;-0.931633;5.76965;1.06837;5.76965;-0.00134052;6.70262;-1.59441;1.69677
8525;0.209002;-0.931633;5.76965;1.06837;5.76965;-0.00134052;6.70262;-1.5946;1.69697
8526;0.209002;-0.931633;5.76965;1.06837;5.76965;-0.00134052;6.70262;-1.59479;1.69716
8527;0.209002;-0.931633;5.76965;1.06837;5.76965;-0.00134052;6.70262;-1.59498;1.69735
8528;0.209002;-0.931633;5.76965;1.06837;5.76965;-0.00134052;6.70262;-1.59517;1.69755
8529;0.209002;-0.931633;5.76965;1.06837;5.76965;-0.00134052;6.70262;-1.59536;1.69774
8530;0.209002;-0.931633;5.76965;1.06837;5.76965;-0.00134052;6.70262;-1.59555;1.69793
8531;0.209002;-0.931633;5.76965;1.06837;5.76965;-0.00134052;6.70262;-1.59574;1.69813
8532;0.209002;-0.931633;5.76965;1.06837;5.76965;-0.00134052;6.70262;-1.59593;1.69832
8533;0.209002;-0.931633;5.76965;1.06837;5.76965;-0.00134052;6.70262;-1.59612;1.69852
8534;0.209002;-0.931633;5.76965;1.06837;5.76965;-0.00134052;6.70262;-1.59631;1.69871
8535;0.209002;-0.931633;5.76965;1.06837;5.76965;-0.00134052;6.70262;-1.5965;1.6989
8536;0.209002;-0.931633;5.76965;1.06837;5.76965;-0.00134052;6.70262;-1.59669;1.6991
8537;0.209002;-0.931633;5.76965;1.06837;5.76965;-0.00134052;6.70262;-1.59688;1.69929
8538;0.209002;-0.931633;5.76965;1.06837;5.76965;-0.00134052;6.70262;-1.59707;1.69948
8539;0.209002;-0.931633;5.76965;1.06837;5.76965;-0.00134052;6.70262;-1.59726;1.69968
8540;0.209002;-0.931633;5.76965;1.06837;5.76965;-0.00134052;6.70262;-1.59745;1.69987
8541;0.209002;-0.931633;5.76965;1.06837;5.76965;-0.00134052;6.70262;-1.59764;1.70006
8542;0.209002;-0.931633;5.76965;1.06837;5.76965;-0.00134052;6.70262;-1.59783;1.70026
8543;0.209002;-0.931633;5.76965;1.06837;5.76965;-0.00134052;6.70262;-1.59802;1.70045
8544;0.209002;-0.931633;5.76965;1.06837;5.76965;-0.00134052;6.70262;-1.59821;1.70064
8545;0.209002;-0.931633;5.76965;1.06837;5.76965;-0.00134052;6.70262;-1.59839;1.70084
8546;0.209002;-0.931633;5.76965;1.06837;5.76965;-0.00134052;6.70262;-1.59858;1.70103
8547;0.209002;-0.931633;5.76965;1.06837;5.76965;-0.00134052;6.70262;-1.59877;1.70123
8548;0.209002;-0.931633;5.76965;1.06837;5.76965;-0.00134052;6.70262;-1.59896;1.70142
8549;0.209002;-0.931633;5.76965;1.06837;5.76965;-0.00134052;6.70262;-1.59915;1.70161
8550;0.209002;-0.931633;5.76965;1.06837;5.76965;-0.00134052;6.70262;-1.59934;1.70181
8551;0.209002;-0.931633;5.76965;1.06837;5.76965;-0.00134052;6.70262;-1.59953;1.702
8552;0.209002;-0.931633;5.76965;1.06837;5.76965;-0.00134052;6.70262;-1.59972;1.70219
8553;0.209002;-0.931633;5.76965;1.06837;5.76965;-0.00134052;6.70262;-1.59991;1.70239
8554;0.209002;-0.931633;5.76965;1.06837;5.76965;-0.00134052;6.70262;-1.6001;1.70258
8555;0.209002;-0.931633;5.76965;1.06837;5.76965;-0.00134052;6.70262;-1.60029;1.70277
8556;0.209002;-0.931633;5.76965;1.06837;5.76965;-0.00134052;6.70262;-1.60048;1.70297
8557;0.209002;-0.931633;5.76965;1.06837;5.76965;-0.00134052;6.70262;-1.60067;1.70316
8558;0.209002;-0.931633;5.76965;1.06837;5.76965;-0.00134052;6.70262;-1.60086;1.70335
8559;0.209002;-0.931633;5.76965;1.06837;5.76965;-0.00134052;6.70262;-1.60105;1.70355
8560;0.209002;-0.931633;5.76964;1.06837;5.76964;-0.00134052;6.70262;-1.60124;1.70374
8561;0.209002;-0.931633;5.76964;1.06837;5.76964;-0.00134052;6.70262;-1.60143;1.70393
8562;0.209002;-0.931633;5.76964;1.06837;5.76964;-0.00134052;6.70262;-1.60162;1.70413
8563;0.209002;-0.931633;5.76964;1.06837;5.76964;-0.00134052;6.70262;-1.60181;1.70432
8564;0.209002;-0.931633;5.76964;1.06837;5.76964;-0.00134052;6.70262;-1.602;1.70452
8565;0.209002;-0.931633;5.76964;1.06837;5.76964;-0.00134052;6.70262;-1.60219;1.70471
8566;0.209002;-0.931633;5.76964;1.06837;5.76964;-0.00134052;6.70262;-1.60238;1.7049
8567;0.209002;-0.931633;5.76964;1.06837;5.76964;-0.00134052;6.70262;-1.60257;1.7051
8568;0.209002;-0.931633;5.76964;1.06837;5.76964;-0.00134052;6.70262;-1.60276;1.70529
8569;0.209002;-0.931633;5.76964;1.06837;5.76964;-0.00134052;6.70262;-1.60295;1.70548
8570;0.209002;-0.931633;5.76964;1.06837;5.76964;-0.00134052;6.70262;-1.60314;1.70568
8571;0.209002;-0.931633;5.76964;1.06837;5.76964;-0.00134052;6.70262;-1.60333;1.70587
8572;0.209002;-0.931633;5.76964;1.06837;5.76964;-0.00134052;6.70262;-1.60352;1.70606
8573;0.209002;-0.931633;5.76964;1.06837;5.76964;-0.00134052;6.70262;-1.60371;1.70626
8574;0.209002;-0.931633;5.76964;1.06837;5.76964;-0.00134052;6.70262;-1.6039;1.70645
8575;0.209002;-0.931633;5.76964;1.06837;5.76964;-0.00134052;6.70262;-1.60409;1.70664
8576;0.209002;-0.931633;5.76964;1.06837;5.76964;-0.00134052;6.70262;-1.60428;1.70684
8577;0.209002;-0.931633;5.76964;1.06837;5.76964;-0.00134052;6.70262;-1.60446;1.70703
8578;0.209002;-0.931633;5.76964;1.06837;5.76964;-0.00134052;6.70262;-1.60465;1.70723
8579;0.209002;-0.931633;5.76964;1.06837;5.76964;-0.00134052;6.70262;-1.60484;1.70742
8580;0.209002;-0.931633;5.76964;1.06837;5.76964;-0.00134052;6.70262;-1.60503;1.70761
8581;0.209002;-0.931633;5.76964;1.06837;5.76964;-0.00134052;6.70262;-1.60522;1.70781
8582;0.209002;-0.931633;5.76964;1.06837;5.76964;-0.00134052;6.70262;-1.60541;1.708
8583;0.209002;-0.931633;5.76964;1.06837;5.76964;-0.00134052;6.70262;-1.6056;1.70819
8584;0.209002;-0.931633;5.76964;1.06837;5.76964;-0.00134052;6.70262;-1.60579;1.70839
8585;0.209002;-0.931633;5.76964;1.06837;5.76964;-0.00134052;6.70262;-1.60598;1.70858
8586;0.209002;-0.931633;5.76964;1.06837;5.76964;-0.00134052;6.70262;-1.60617;1.70877
8587;0.209002;-0.931633;5.76964;1.06837;5.76964;-0.00134052;6.70262;-1.60636;1.70897
8588;0.209002;-0.931633;5.76964;1.06837;5.76964;-0.00134052;6.70262;-1.60655;1.70916
8589;0.209002;-0.931633;5.76964;1.06837;5.76964;-0.00134052;6.70262;-1.60674;1.70935
8590;0.209002;-0.931633;5.76964;1.06837;5.76964;-0.00134052;6.70262;-1.60693;1.70955
8591;0.209002;-0.931633;5.76964;1.06837;5.76964;-0.00134052;6.70262;-1.60712;1.70974
8592;0.209002;-0.931633;5.76964;1.06837;5.76964;-0.00134052;6.70262;-1.60731;1.70993
8593;0.209002;-0.931633;5.76964;1.06837;5.76964;-0.00134052;6.70262;-1.6075;1.71013
8594;0.209002;-0.931633;5.76964;1.06837;5.76964;-0.00134052;6.70262;-1.60769;1.71032
8595;0.209002;-0.931633;5.76964;1.06837;5.76964;-0.00134052;6.70262;-1.60788;1.71052
8596;0.209002;-0.931633;5.76964;1.06837;5.76964;-0.00134052;6.70262;-1.60807;1.71071
8597;0.209002;-0.931633;5.76964;1.06837;5.76964;-0.00134052;6.70262;-1.60826;1.7109
8598;0.209002;-0.931633;5.76964;1.06837;5.76964;-0.00134052;6.70262;-1.60845;1.7111
8599;0.209002;-0.931633;5.76964;1.06837;5.76964;-0.00134052;6.70262;-1.60864;1.71129
8600;0.209002;-0.931633;5.76964;1.06837;5.76964;-0.00134052;6.70262;-1.60883;1.71148
8601;0.209002;-0.931633;5.76964;1.06837;5.76964;-0.00134052;6.70262;-1.60902;1.71168
8602;0.209002;-0.931633;5.76964;1.06837;5.76964;-0.00134052;6.70262;-1.60921;1.71187
8603;0.209002;-0.931633;5.76964;1.06837;5.76964;-0.00134052;6.70262;-1.6094;1.71206
8604;0.209002;-0.931633;5.76964;1.06837;5.76964;-0.00134052;6.70262;-1.60959;1.71226
8605;0.209002;-0.931633;5.76964;1.06837;5.76964;-0.00134052;6.70262;-1.60978;1.71245
8606;0.209002;-0.931633;5.76964;1.06837;5.76964;-0.00134052;6.70262;-1.60997;1.71264
8607;0.209002;-0.931633;5.76964;1.06837;5.76964;-0.00134052;6.70262;-1.61016;1.71284
8608;0.209002;-0.931633;5.76964;1.06837;5.76964;-0.00134052;6.70262;-1.61034;1.71303
8609;0.209002;-0.931633;5.76964;1.06837;5.76964;-0.00134052;6.70262;-1.61053;1.71323
8610;0.209002;-0.931633;5.76964;1.06837;5.76964;-0.00134052;6.70262;-1.61072;1.71342
8611;0.209002;-0.931633;5.76964;1.06837;5.76964;-0.00134052;6.70262;-1.61091;1.71361
8612;0.209002;-0.931633;5.76964;1.06837;5.76964;-0.00134052;6.70262;-1.6111;1.71381
8613;0.209002;-0.931633;5.76964;1.06837;5.76964;-0.00134052;6.70262;-1.61129;1.714
8614;0.209002;-0.931633;5.76964;1.06837;5.76964;-0.00134052;6.70262;-1.61148;1.71419
8615;0.209002;-0.931633;5.76964;1.06837;5.76964;-0.00134052;6.70262;-1.61167;1.71439
8616;0.209002;-0.931633;5.76964;1.06837;5.76964;-0.00134052;6.70262;-1.61186;1.71458
8617;0.209002;-0.931633;5.76964;1.06837;5.76964;-0.00134052;6.70262;-1.61205;1.71477
8618;0.209002;-0.931633;5.76964;1.06837;5.76964;-0.00134052;6.70262;-1.61224;1.71497
8619;0.209002;-0.931633;5.76964;1.06837;5.76964;-0.00134052;6.70262;-1.61243;1.71516
8620;0.209002;-0.931633;5.76964;1.06837;5.76964;-0.00134052;6.70262;-1.61262;1.71535
8621;0.209002;-0.931633;5.76964;1.06837;5.76964;-0.00134052;6.70262;-1.61281;1.71555
8622;0.209002;-0.931633;5.76964;1.06837;5.76964;-0.00134052;6.70262;-1.613;1.71574
8623;0.209002;-0.931633;5.76964;1.06837;5.76964;-0.00134052;6.70262;-1.61319;1.71593
8624;0.209002;-0.931633;5.76964;1.06837;5.76964;-0.00134052;6.70262;-1.61338;1.71613
8625;0.209002;-0.931633;5.76964;1.06837;5.76964;-0.00134052;6.70262;-1.61357;1.71632
8626;0.209002;-0.931633;5.76964;1.06837;5.76964;-0.00134052;6.70262;-1.61376;1.71652
8627;0.209002;-0.931633;5.76964;1.06837;5.76964;-0.00134052;6.70262;-1.61395;1.71671
8628;0.209002;-0.931633;5.76964;1.06837;5.76964;-0.00134052;6.70262;-1.61414;1.7169
8629;0.209002;-0.931633;5.76964;1.06837;5.76964;-0.00134052;6.70262;-1.61433;1.7171
8630;0.209002;-0.931633;5.76964;1.06837;5.76964;-0.00134052;6.70262;-1.61452;1.71729
8631;0.209002;-0.931633;5.76964;1.06837;5.76964;-0.00134052;6.70262;-1.61471;1.71748
8632;0.209002;-0.931633;5.76964;1.06837;5.76964;-0.00134052;6.70262;-1.6149;1.71768
8633;0.209002;-0.931633;5.76964;1.06837;5.76964;-0.00134052;6.70262;-1.61509;1.71787
8634;0.209002;-0.931633;5.76964;1.06837;5.76964;-0.00134052;6.70262;-1.61528;1.71806
8635;0.209002;-0.931633;5.76964;1.06837;5.76964;-0.00134052;6.70262;-1.61547;1.71826
8636;0.209002;-0.931633;5.76964;1.06837;5.76964;-0.00134052;6.70262;-1.61566;1.71845
8637;0.209002;-0.931633;5.76964;1.06837;5.76964;-0.00134052;6.70262;-1.61585;1.71864
8638;0.209002;-0.931633;5.76964;1.06837;5.76964;-0.00134052;6.70262;-1.61604;1.71884
8639;0.209002;-0.931633;5.76964;1.06837;5.76964;-0.00134052;6.70262;-1.61623;1.71903
8640;0.209002;-0.931633;5.76964;1.06837;5.76964;-0.00134052;6.70262;-1.61641;1.71923
8641;0.209002;-0.931633;5.76964;1.06837;5.76964;-0.00134052;6.70262;-1.6166;1.71942
8642;0.209002;-0.931633;5.76964;1.06837;5.76964;-0.00134052;6.70262;-1.61679;1.71961
8643;0.209002;-0.931633;5.76964;1.06837;5.76964;-0.00134052;6.70262;-1.61698;1.71981
8644;0.209002;-0.931633;5.76964;1.06837;5.76964;-0.00134052;6.70262;-1.61717;1.72
8645;0.209002;-0.931633;5.76964;1.06837;5.76964;-0.00134052;6.70262;-1.61736;1.72019
8646;0.209002;-0.931633;5.76964;1.06837;5.76964;-0.00134052;6.70262;-1.61755;1.72039
8647;0.209002;-0.931633;5.76964;1.06837;5.76964;-0.00134052;6.70262;-1.61774;1.72058
8648;0.209002;-0.931633;5.76964;1.06837;5.76964;-0.00134052;6.70262;-1.61793;1.72077
8649;0.209002;-0.931633;5.76964;1.06837;5.76964;-0.00134052;6.70262;-1.61812;1.72097
8650;0.209002;-0.931633;5.76964;1.06837;5.76964;-0.00134052;6.70262;-1.61831;1.72116
8651;0.209002;-0.931633;5.76964;1.06837;5.76964;-0.00134052;6.70262;-1.6185;1.72135
8652;0.209002;-0.931633;5.76964;1.06837;5.76964;-0.00134052;6.70262;-1.61869;1.72155
8653;0.209002;-0.931633;5.76964;1.06837;5.76964;-0.00134052;6.70262;-1.61888;1.72174
8654;0.209002;-0.931633;5.76964;1.06837;5.76964;-0.00134052;6.70262;-1.61907;1.72194
8655;0.209002;-0.931633;5.76964;1.06837;5.76964;-0.00134052;6.70262;-1.61926;1.72213
8656;0.209002;-0.931633;5.76964;1.06837;5.76964;-0.00134052;6.70262;-1.61945;1.72232
8657;0.209002;-0.931633;5.76964;1.06837;5.76964;-0.00134052;6.70262;-1.61964;1.72252
8658;0.209002;-0.931633;5.76964;1.06837;5.76964;-0.00134052;6.70262;-1.61983;1.72271
8659;0.209002;-0.931633;5.76964;1.06837;5.76964;-0.00134052;6.70262;-1.62002;1.7229
8660;0.209002;-0.931633;5.76964;1.06837;5.76964;-0.00134052;6.70262;-1.62021;1.7231
8661;0.209002;-0.931633;5.76964;1.06837;5.76964;-0.00134052;6.70261;-1.6204;1.72329
8662;0.209002;-0.931633;5.76964;1.06837;5.76964;-0.00134052;6.70261;-1.62059;1.72348
8663;0.209002;-0.931633;5.76964;1.06837;5.76964;-0.00134052;6.70261;-1.62078;1.72368
8664;0.209002;-0.931633;5.76964;1.06837;5.76964;-0.00134052;6.70261;-1.62097;1.72387
8665;0.209002;-0.931633;5.76964;1.06837;5.76964;-0.00134052;6.70261;-1.62116;1.72406
8666;0.209002;-0.931633;5.76964;1.06837;5.76964;-0.00134052;6.70261;-1.62135;1.72426
8667;0.209002;-0.931633;5.76964;1.06837;5.76964;-0.00134052;6.70261;-1.62154;1.72445
8668;0.209002;-0.931633;5.76964;1.06837;5.76964;-0.00134052;6.70261;-1.62173;1.72464
8669;0.209002;-0.931633;5.76964;1.06837;5.76964;-0.00134052;6.70261;-1.62192;1.72484
8670;0.209002;-0.931633;5.76964;1.06837;5.76964;-0.00134052;6.70261;-1.62211;1.72503
8671;0.209002;-0.931633;5.76964;1.06837;5.76964;-0.00134052;6.70261;-1.6223;1.72523
8672;0.209002;-0.931633;5.76964;1.06837;5.76964;-0.00134052;6.70261;-1.62248;1.72542
8673;0.209002;-0.931633;5.76964;1.06837;5.76964;-0.00134052;6.70261;-1.62267;1.72561
8674;0.209002;-0.931633;5.76964;1.06837;5.76964;-0.00134052;6.70261;-1.62286;1.72581
8675;0.209002;-0.931633;5.76964;1.06837;5.76964;-0.00134052;6.70261;-1.62305;1.726
8676;0.209002;-0.931633;5.76964;1.06837;5.76964;-0.00134052;6.70261;-1.62324;1.72619
8677;0.209002;-0.931633;5.76964;1.06837;5.76964;-0.00134052;6.70261;-1.62343;1.72639
8678;0.209002;-0.931633;5.76964;1.06837;5.76964;-0.00134052;6.70261;-1.62362;1.72658
8679;0.209002;-0.931633;5.76964;1.06837;5.76964;-0.00134052;6.70261;-1.62381;1.72677
8680;0.209002;-0.931633;5.76964;1.06837;5.76964;-0.00134052;6.70261;-1.624;1.72697
8681;0.209002;-0.931633;5.76964;1.06837;5.76964;-0.00134052;6.70261;-1.62419;1.72716
8682;0.209002;-0.931633;5.76964;1.06837;5.76964;-0.00134052;6.70261;-1.62438;1.72735
8683;0.209002;-0.931633;5.76964;1.06837;5.76964;-0.00134052;6.70261;-1.62457;1.72755
8684;0.209002;-0.931633;5.76964;1.06837;5.76964;-0.00134052;6.70261;-1.62476;1.72774
8685;0.209002;-0.931633;5.76964;1.06837;5.76964;-0.00134052;6.70261;-1.62495;1.72794
8686;0.209002;-0.931633;5.76964;1.06837;5.76964;-0.00134052;6.70261;-1.62514;1.72813
8687;0.209002;-0.931633;5.76964;1.06837;5.76964;-0.00134052;6.70261;-1.62533;1.72832
8688;0.209002;-0.931633;5.76964;1.06837;5.76964;-0.00134052;6.70261;-1.62552;1.72852
8689;0.209002;-0.931633;5.76964;1.06837;5.76964;-0.00134052;6.70261;-1.62571;1.72871
8690;0.209002;-0.931633;5.76964;1.06837;5.76964;-0.00134052;6.70261;-1.6259;1.7289
8691;0.209002;-0.931633;5.76964;1.06837;5.76964;-0.00134052;6.70261;-1.62609;1.7291
8692;0.209002;-0.931633;5.76964;1.06837;5.76964;-0.00134052;6.70261;-1.62628;1.72929
8693;0.209002;-0.931633;5.76964;1.06837;5.76964;-0.00134052;6.70261;-1.62647;1.72948
8694;0.209002;-0.931633;5.76964;1.06837;5.76964;-0.00134052;6.70261;-1.62666;1.72968
8695;0.209002;-0.931633;5.76964;1.06837;5.76964;-0.00134052;6.70261;-1.62685;1.72987
8696;0.209002;-0.931633;5.76964;1.06837;5.76964;-0.00134052;6.70261;-1.62704;1.73006
8697;0.209002;-0.931633;5.76964;1.06837;5.76964;-0.00134052;6.70261;-1.62723;1.73026
8698;0.209002;-0.931633;5.76964;1.06837;5.76964;-0.00134052;6.70261;-1.62742;1.73045
8699;0.209002;-0.931633;5.76964;1.06837;5.76964;-0.00134052;6.70261;-1.62761;1.73064
8700;0.209002;-0.931633;5.76964;1.06837;5.76964;-0.00134052;6.70261;-1.6278;1.73084
8701;0.209002;-0.931633;5.76964;1.06837;5.76964;-0.00134052;6.70261;-1.62799;1.73103
8702;0.209002;-0.931633;5.76964;1.06837;5.76964;-0.00134052;6.70261;-1.62818;1.73123
8703;0.209002;-0.931633;5.76964;1.06837;5.76964;-0.00134052;6.70261;-1.62836;1.73142
8704;0.209002;-0.931633;5.76964;1.06837;5.76964;-0.00134052;6.70261;-1.62855;1.73161
8705;0.209002;-0.931633;5.76964;1.06837;5.76964;-0.00134052;6.70261;-1.62874;1.73181
8706;0.209002;-0.931633;5.76964;1.06837;5.76964;-0.00134052;6.70261;-1.62893;1.732
8707;0.209002;-0.931633;5.76964;1.06837;5.76964;-0.00134052;6.70261;-1.62912;1.73219
8708;0.209002;-0.931633;5.76964;1.06837;5.76964;-0.00134052;6.70261;-1.62931;1.73239
8709;0.209002;-0.931633;5.76964;1.06837;5.76964;-0.00134052;6.70261;-1.6295;1.73258
8710;0.209002;-0.931633;5.76964;1.06837;5.76964;-0.00134052;6.70261;-1.62969;1.73277
8711;0.209002;-0.931633;5.76964;1.06837;5.76964;-0.00134052;6.70261;-1.62988;1.73297
8712;0.209002;-0.931633;5.76964;1.06837;5.76964;-0.00134052;6.70261;-1.63007;1.73316
8713;0.209002;-0.931633;5.76964;1.06837;5.76964;-0.00134052;6.70261;-1.63026;1.73335
8714;0.209002;-0.931633;5.76964;1.06837;5.76964;-0.00134052;6.70261;-1.63045;1.73355
8715;0.209002;-0.931633;5.76964;1.06837;5.76964;-0.00134052;6.70261;-1.63064;1.73374
8716;0.209002;-0.931633;5.76964;1.06837;5.76964;-0.00134052;6.70261;-1.63083;1.73394
8717;0.209002;-0.931633;5.76964;1.06837;5.76964;-0.00134052;6.70261;-1.63102;1.73413
8718;0.209002;-0.931633;5.76964;1.06837;5.76964;-0.00134052;6.70261;-1.63121;1.73432
8719;0.209002;-0.931633;5.76964;1.06837;5.76964;-0.00134052;6.70261;-1.6314;1.73452
8720;0.209002;-0.931633;5.76964;1.06837;5.76964;-0.00134052;6.70261;-1.63159;1.73471
8721;0.209002;-0.931633;5.76964;1.06837;5.76964;-0.00134052;6.70261;-1.63178;1.7349
8722;0.209002;-0.931633;5.76964;1.06837;5.76964;-0.00134052;6.70261;-1.63197;1.7351
8723;0.209002;-0.931633;5.76964;1.06837;5.76964;-0.00134052;6.70261;-1.63216;1.73529
8724;0.209002;-0.931633;5.76964;1.06837;5.76964;-0.00134052;6.70261;-1.63235;1.73548
8725;0.209002;-0.931633;5.76964;1.06837;5.76964;-0.00134052;6.70261;-1.63254;1.73568
8726;0.209002;-0.931633;5.76964;1.06837;5.76964;-0.00134052;6.70261;-1.63273;1.73587
8727;0.209002;-0.931633;5.76964;1.06837;5.76964;-0.00134052;6.70261;-1.63292;1.73606
8728;0.209002;-0.931633;5.76964;1.06837;5.76964;-0.00134052;6.70261;-1.63311;1.73626
8729;0.209002;-0.931633;5.76964;1.06837;5.76964;-0.00134052;6.70261;-1.6333;1.73645
8730;0.209002;-0.931633;5.76964;1.06837;5.76964;-0.00134052;6.70261;-1.63349;1.73664
8731;0.209002;-0.931633;5.76964;1.06837;5.76964;-0.00134052;6.70261;-1.63368;1.73684
8732;0.209002;-0.931633;5.76964;1.06837;5.76964;-0.00134052;6.70261;-1.63387;1.73703
8733;0.209002;-0.931633;5.76964;1.06837;5.76964;-0.00134052;6.70261;-1.63406;1.73723
8734;0.209002;-0.931633;5.76964;1.06837;5.76964;-0.00134052;6.70261;-1.63425;1.73742
8735;0.209002;-0.931633;5.76964;1.06837;5.76964;-0.00134052;6.70261;-1.63443;1.73761
8736;0.209002;-0.931633;5.76964;1.06837;5.76964;-0.00134052;6.70261;-1.63462;1.73781
8737;0.209002;-0.931633;5.76964;1.06837;5.76964;-0.00134052;6.70261;-1.63481;1.738
8738;0.209002;-0.931633;5.76964;1.06837;5.76964;-0.00134052;6.70261;-1.635;1.73819
8739;0.209002;-0.931633;5.76964;1.06837;5.76964;-0.00134052;6.70261;-1.63519;1.73839
8740;0.209002;-0.931633;5.76964;1.06837;5.76964;-0.00134052;6.70261;-1.63538;1.73858
8741;0.209002;-0.931633;5.76964;1.06837;5.76964;-0.00134052;6.70261;-1.63557;1.73877
8742;0.209002;-0.931633;5.76964;1.06837;5.76964;-0.00134052;6.70261;-1.63576;1.73897
8743;0.209002;-0.931633;5.76964;1.06837;5.76964;-0.00134052;6.70261;-1.63595;1.73916
8744;0.209002;-0.931633;5.76964;1.06837;5.76964;-0.00134052;6.70261;-1.63614;1.73935
8745;0.209002;-0.931633;5.76964;1.06837;5.76964;-0.00134052;6.70261;-1.63633;1.73955
8746;0.209002;-0.931633;5.76964;1.06837;5.76964;-0.00134052;6.70261;-1.63652;1.73974
8747;0.209002;-0.931633;5.76964;1.06837;5.76964;-0.00134052;6.70261;-1.63671;1.73994
8748;0.209002;-0.931633;5.76964;1.06837;5.76964;-0.00134052;6.70261;-1.6369;1.74013
8749;0.209002;-0.931633;5.76964;1.06837;5.76964;-0.00134052;6.70261;-1.63709;1.74032
8750;0.209002;-0.931633;5.76964;1.06837;5.76964;-0.00134052;6.70261;-1.63728;1.74052
8751;0.209002;-0.931633;5.76964;1.06837;5.76964;-0.00134052;6.70261;-1.63747;1.74071
8752;0.209002;-0.931633;5.76964;1.06837;5.76964;-0.00134052;6.70261;-1.63766;1.7409
8753;0.209002;-0.931633;5.76964;1.06837;5.76964;-0.00134052;6.70261;-1.63785;1.7411
8754;0.209002;-0.931633;5.76964;1.06837;5.76964;-0.00134052;6.70261;-1.63804;1.74129
8755;0.209002;-0.931633;5.76964;1.06837;5.76964;-0.00134052;6.70261;-1.63823;1.74148
8756;0.209002;-0.931633;5.76964;1.06837;5.76964;-0.00134052;6.70261;-1.63842;1.74168
8757;0.209002;-0.931633;5.76964;1.06837;5.76964;-0.00134052;6.70261;-1.63861;1.74187
8758;0.209002;-0.931633;5.76964;1.06837;5.76964;-0.00134052;6.70261;-1.6388;1.74206
8759;0.209002;-0.931633;5.76964;1.06837;5.76964;-0.00134052;6.70261;-1.63899;1.74226
8760;0.209002;-0.931633;5.76964;1.06837;5.76964;-0.00134052;6.70261;-1.63918;1.74245
8761;0.209002;-0.931633;5.76964;1.06837;5.76964;-0.00134052;6.70261;-1.63937;1.74264
8762;0.209002;-0.931633;5.76964;1.06837;5.76964;-0.00134052;6.70261;-1.63956;1.74284
8763;0.209002;-0.931633;5.76964;1.06837;5.76964;-0.00134052;6.70261;-1.63975;1.74303
8764;0.209002;-0.931633;5.76964;1.06837;5.76964;-0.00134052;6.70261;-1.63994;1.74323
8765;0.209002;-0.931633;5.76964;1.06837;5.76964;-0.00134052;6.70261;-1.64013;1.74342
8766;0.209002;-0.931633;5.76964;1.06837;5.76964;-0.00134052;6.70261;-1.64031;1.74361
8767;0.209002;-0.931633;5.76964;1.06837;5.76964;-0.00134052;6.70261;-1.6405;1.74381
8768;0.209002;-0.931633;5.76964;1.06837;5.76964;-0.00134052;6.70261;-1.64069;1.744
8769;0.209002;-0.931633;5.76964;1.06837;5.76964;-0.00134052;6.70261;-1.64088;1.74419
8770;0.209002;-0.931633;5.76964;1.06837;5.76964;-0.00134052;6.70261;-1.64107;1.74439
8771;0.209002;-0.931633;5.76964;1.06837;5.76964;-0.00134052;6.70261;-1.64126;1.74458
8772;0.209002;-0.931633;5.76964;1.06837;5.76964;-0.00134052;6.70261;-1.64145;1.74477
8773;0.209002;-0.931633;5.76964;1.06837;5.76964;-0.00134052;6.70261;-1.64164;1.74497
8774;0.209002;-0.931633;5.76964;1.06837;5.76964;-0.00134052;6.70261;-1.64183;1.74516
8775;0.209002;-0.931633;5.76964;1.06837;5.76964;-0.00134052;6.70261;-1.64202;1.74535
8776;0.209002;-0.931633;5.76964;1.06837;5.76964;-0.00134052;6.70261;-1.64221;1.74555
8777;0.209002;-0.931633;5.76964;1.06837;5.76964;-0.00134052;6.70261;-1.6424;1.74574
8778;0.209002;-0.931633;5.76964;1.06837;5.76964;-0.00134052;6.70261;-1.64259;1.74594
8779;0.209002;-0.931633;5.76964;1.06837;5.76964;-0.00134052;6.70261;-1.64278;1.74613
8780;0.209002;-0.931633;5.76964;1.06837;5.76964;-0.00134052;6.70261;-1.64297;1.74632
8781;0.209002;-0.931633;5.76964;1.06837;5.76964;-0.00134052;6.70261;-1.64316;1.74652
8782;0.209002;-0.931633;5.76964;1.06837;5.76964;-0.00134052;6.70261;-1.64335;1.74671
8783;0.209002;-0.931633;5.76964;1.06837;5.76964;-0.00134052;6.70261;-1.64354;1.7469
8784;0.209002;-0.931633;5.76964;1.06837;5.76964;-0.00134052;6.70261;-1.64373;1.7471
8785;0.209002;-0.931633;5.76964;1.06837;5.76964;-0.00134052;6.70261;-1.64392;1.74729
8786;0.209002;-0.931633;5.76964;1.06837;5.76964;-0.00134052;6.70261;-1.64411;1.74748
8787;0.209002;-0.931633;5.76964;1.06837;5.76964;-0.00134052;6.70261;-1.6443;1.74768
8788;0.209002;-0.931633;5.76964;1.06837;5.76964;-0.00134052;6.70261;-1.64449;1.74787
8789;0.209002;-0.931633;5.76964;1.06837;5.76964;-0.00134052;6.70261;-1.64468;1.74806
8790;0.209002;-0.931633;5.76964;1.06837;5.76964;-0.00134052;6.70261;-1.64487;1.74826
8791;0.209002;-0.931633;5.76964;1.06837;5.76964;-0.00134052;6.70261;-1.64506;1.74845
8792;0.209002;-0.931633;5.76964;1.06837;5.76964;-0.00134052;6.70261;-1.64525;1.74864
8793;0.209002;-0.931633;5.76964;1.06837;5.76964;-0.00134052;6.70261;-1.64544;1.74884
8794;0.209002;-0.931633;5.76964;1.06837;5.76964;-0.00134052;6.70261;-1.64563;1.74903
8795;0.209002;-0.931633;5.76964;1.06837;5.76964;-0.00134052;6.70261;-1.64582;1.74923
8796;0.209002;-0.931633;5.76964;1.06837;5.76964;-0.00134052;6.70261;-1.64601;1.74942
8797;0.209002;-0.931633;5.76964;1.06837;5.76964;-0.00134052;6.70261;-1.6462;1.74961
8798;0.209002;-0.931633;5.76964;1.06837;5.76964;-0.00134052;6.70261;-1.64638;1.74981
8799;0.209002;-0.931633;5.76964;1.06837;5.76964;-0.00134052;6.70261;-1.64657;1.75
8800;0.209002;-0.931633;5.76964;1.06837;5.76964;-0.00134052;6.70261;-1.64676;1.75019
8801;0.209002;-0.931633;5.76964;1.06837;5.76964;-0.00134052;6.70261;-1.64695;1.75039
8802;0.209002;-0.931633;5.76964;1.06837;5.76964;-0.00134052;6.70261;-1.64714;1.75058
8803;0.209002;-0.931633;5.76964;1.06837;5.76964;-0.00134052;6.70261;-1.64733;1.75077
8804;0.209002;-0.931633;5.76964;1.06837;5.76964;-0.00134052;6.70261;-1.64752;1.75097
8805;0.209002;-0.931633;5.76964;1.06837;5.76964;-0.00134052;6.70261;-1.64771;1.75116
8806;0.209002;-0.931633;5.76964;1.06837;5.76964;-0.00134052;6.70261;-1.6479;1.75135
8807;0.209002;-0.931633;5.76964;1.06837;5.76964;-0.00134052;6.70261;-1.64809;1.75155
8808;0.209002;-0.931633;5.76964;1.06837;5.76964;-0.00134052;6.70261;-1.64828;1.75174
8809;0.209002;-0.931633;5.76964;1.06837;5.76964;-0.00134052;6.70261;-1.64847;1.75194
8810;0.209002;-0.931633;5.76964;1.06837;5.76964;-0.00134052;6.70261;-1.64866;1.75213
8811;0.209002;-0.931633;5.76964;1.06837;5.76964;-0.00134052;6.70261;-1.64885;1.75232
8812;0.209002;-0.931633;5.76964;1.06837;5.76964;-0.00134052;6.70261;-1.64904;1.75252
8813;0.209002;-0.931633;5.76964;1.06837;5.76964;-0.00134052;6.70261;-1.64923;1.75271
8814;0.209002;-0.931633;5.76964;1.06837;5.76964;-0.00134052;6.70261;-1.64942;1.7529
8815;0.209002;-0.931633;5.76964;1.06837;5.76964;-0.00134052;6.70261;-1.64961;1.7531
8816;0.209002;-0.931633;5.76964;1.06837;5.76964;-0.00134052;6.70261;-1.6498;1.75329
8817;0.209002;-0.931633;5.76964;1.06837;5.76964;-0.00134052;6.70261;-1.64999;1.75348
8818;0.209002;-0.931633;5.76964;1.06837;5.76964;-0.00134052;6.70261;-1.65018;1.75368
8819;0.209002;-0.931633;5.76964;1.06837;5.76964;-0.00134052;6.70261;-1.65037;1.75387
8820;0.209002;-0.931633;5.76964;1.06837;5.76964;-0.00134052;6.70261;-1.65056;1.75406
8821;0.209002;-0.931633;5.76964;1.06837;5.76964;-0.00134052;6.70261;-1.65075;1.75426
8822;0.209002;-0.931633;5.76964;1.06837;5.76964;-0.00134052;6.70261;-1.65094;1.75445
8823;0.209002;-0.931633;5.76963;1.06837;5.76963;-0.00134052;6.70261;-1.65113;1.75464
8824;0.209002;-0.931633;5.76963;1.06837;5.76963;-0.00134052;6.70261;-1.65132;1.75484
8825;0.209002;-0.931633;5.76963;1.06837;5.76963;-0.00134052;6.70261;-1.65151;1.75503
8826;0.209002;-0.931633;5.76963;1.06837;5.76963;-0.00134052;6.70261;-1.6517;1.75523
8827;0.209002;-0.931633;5.76963;1.06837;5.76963;-0.00134052;6.70261;-1.65189;1.75542
8828;0.209002;-0.931633;5.76963;1.06837;5.76963;-0.00134052;6.70261;-1.65208;1.75561
8829;0.209002;-0.931633;5.76963;1.06837;5.76963;-0.00134052;6.70261;-1.65226;1.75581
8830;0.209002;-0.931633;5.76963;1.06837;5.76963;-0.00134052;6.70261;-1.65245;1.756
8831;0.209002;-0.931633;5.76963;1.06837;5.76963;-0.00134052;6.70261;-1.65264;1.75619
8832;0.209002;-0.931633;5.76963;1.06837;5.76963;-0.00134052;6.70261;-1.65283;1.75639
8833;0.209002;-0.931633;5.76963;1.06837;5.76963;-0.00134052;6.70261;-1.65302;1.75658
8834;0.209002;-0.931633;5.76963;1.06837;5.76963;-0.00134052;6.70261;-1.65321;1.75677
8835;0.209002;-0.931633;5.76963;1.06837;5.76963;-0.00134052;6.70261;-1.6534;1.75697
8836;0.209002;-0.931633;5.76963;1.06837;5.76963;-0.00134052;6.70261;-1.65359;1.75716
8837;0.209002;-0.931633;5.76963;1.06837;5.76963;-0.00134052;6.70261;-1.65378;1.75735
8838;0.209002;-0.931633;5.76963;1.06837;5.76963;-0.00134052;6.70261;-1.65397;1.75755
8839;0.209002;-0.931633;5.76963;1.06837;5.76963;-0.00134052;6.70261;-1.65416;1.75774
8840;0.209002;-0.931633;5.76963;1.06837;5.76963;-0.00134052;6.70261;-1.65435;1.75794
8841;0.209002;-0.931633;5.76963;1.06837;5.76963;-0.00134052;6.70261;-1.65454;1.75813
8842;0.209002;-0.931633;5.76963;1.06837;5.76963;-0.00134052;6.70261;-1.65473;1.75832
8843;0.209002;-0.931633;5.76963;1.06837;5.76963;-0.00134052;6.70261;-1.65492;1.75852
8844;0.209002;-0.931633;5.76963;1.06837;5.76963;-0.00134052;6.70261;-1.65511;1.75871
8845;0.209002;-0.931633;5.76963;1.06837;5.76963;-0.00134052;6.70261;-1.6553;1.7589
8846;0.209002;-0.931633;5.76963;1.06837;5.76963;-0.00134052;6.70261;-1.65549;1.7591
8847;0.209002;-0.931633;5.76963;1.06837;5.76963;-0.00134052;6.70261;-1.65568;1.75929
8848;0.209002;-0.931633;5.76963;1.06837;5.76963;-0.00134052;6.70261;-1.65587;1.75948
8849;0.209002;-0.931633;5.76963;1.06837;5.76963;-0.00134052;6.70261;-1.65606;1.75968
8850;0.209002;-0.931633;5.76963;1.06837;5.76963;-0.00134052;6.70261;-1.65625;1.75987
8851;0.209002;-0.931633;5.76963;1.06837;5.76963;-0.00134052;6.70261;-1.65644;1.76006
8852;0.209002;-0.931633;5.76963;1.06837;5.76963;-0.00134052;6.70261;-1.65663;1.76026
8853;0.209002;-0.931633;5.76963;1.06837;5.76963;-0.00134052;6.70261;-1.65682;1.76045
8854;0.209002;-0.931633;5.76963;1.06837;5.76963;-0.00134052;6.70261;-1.65701;1.76064
8855;0.209002;-0.931633;5.76963;1.06837;5.76963;-0.00134052;6.70261;-1.6572;1.76084
8856;0.209002;-0.931633;5.76963;1.06837;5.76963;-0.00134052;6.70261;-1.65739;1.76103
8857;0.209002;-0.931633;5.76963;1.06837;5.76963;-0.00134052;6.70261;-1.65758;1.76123
8858;0.209002;-0.931633;5.76963;1.06837;5.76963;-0.00134052;6.70261;-1.65777;1.76142
8859;0.209002;-0.931633;5.76963;1.06837;5.76963;-0.00134052;6.70261;-1.65796;1.76161
8860;0.209002;-0.931633;5.76963;1.06837;5.76963;-0.00134052;6.70261;-1.65815;1.76181
8861;0.209002;-0.931633;5.76963;1.06837;5.76963;-0.00134052;6.70261;-1.65833;1.762
8862;0.209002;-0.931633;5.76963;1.06837;5.76963;-0.00134052;6.70261;-1.65852;1.76219
8863;0.209002;-0.931633;5.76963;1.06837;5.76963;-0.00134052;6.70261;-1.65871;1.76239
8864;0.209002;-0.931633;5.76963;1.06837;5.76963;-0.00134052;6.70261;-1.6589;1.76258
8865;0.209002;-0.931633;5.76963;1.06837;5.76963;-0.00134052;6.70261;-1.65909;1.76277
8866;0.209002;-0.931633;5.76963;1.06837;5.76963;-0.00134052;6.70261;-1.65928;1.76297
8867;0.209002;-0.931633;5.76963;1.06837;5.76963;-0.00134052;6.70261;-1.65947;1.76316
8868;0.209002;-0.931633;5.76963;1.06837;5.76963;-0.00134052;6.70261;-1.65966;1.76335
8869;0.209002;-0.931633;5.76963;1.06837;5.76963;-0.00134052;6.70261;-1.65985;1.76355
8870;0.209002;-0.931633;5.76963;1.06837;5.76963;-0.00134052;6.70261;-1.66004;1.76374
8871;0.209002;-0.931633;5.76963;1.06837;5.76963;-0.00134052;6.70261;-1.66023;1.76394
8872;0.209002;-0.931633;5.76963;1.06837;5.76963;-0.00134052;6.70261;-1.66042;1.76413
8873;0.209002;-0.931633;5.76963;1.06837;5.76963;-0.00134052;6.70261;-1.66061;1.76432
8874;0.209002;-0.931633;5.76963;1.06837;5.76963;-0.00134052;6.70261;-1.6608;1.76452
8875;0.209002;-0.931633;5.76963;1.06837;5.76963;-0.00134052;6.70261;-1.66099;1.76471
8876;0.209002;-0.931633;5.76963;1.06837;5.76963;-0.00134052;6.70261;-1.66118;1.7649
8877;0.209002;-0.931633;5.76963;1.06837;5.76963;-0.00134052;6.70261;-1.66137;1.7651
8878;0.209002;-0.931633;5.76963;1.06837;5.76963;-0.00134052;6.70261;-1.66156;1.76529
8879;0.209002;-0.931633;5.76963;1.06837;5.76963;-0.00134052;6.70261;-1.66175;1.76548
8880;0.209002;-0.931633;5.76963;1.06837;5.76963;-0.00134052;6.70261;-1.66194;1.76568
8881;0.209002;-0.931633;5.76963;1.06837;5.76963;-0.00134052;6.70261;-1.66213;1.76587
8882;0.209002;-0.931633;5.76963;1.06837;5.76963;-0.00134052;6.70261;-1.66232;1.76606
8883;0.209002;-0.931633;5.76963;1.06837;5.76963;-0.00134052;6.70261;-1.66251;1.76626
8884;0.209002;-0.931633;5.76963;1.06837;5.76963;-0.00134052;6.70261;-1.6627;1.76645
8885;0.209002;-0.931633;5.76963;1.06837;5.76963;-0.00134052;6.70261;-1.66289;1.76664
8886;0.209002;-0.931633;5.76963;1.06837;5.76963;-0.00134052;6.70261;-1.66308;1.76684
8887;0.209002;-0.931633;5.76963;1.06837;5.76963;-0.00134052;6.70261;-1.66327;1.76703
8888;0.209002;-0.931633;5.76963;1.06837;5.76963;-0.00134052;6.70261;-1.66346;1.76723
8889;0.209002;-0.931633;5.76963;1.06837;5.76963;-0.00134052;6.70261;-1.66365;1.76742
8890;0.209002;-0.931633;5.76963;1.06837;5.76963;-0.00134052;6.70261;-1.66384;1.76761
8891;0.209002;-0.931633;5.76963;1.06837;5.76963;-0.00134052;6.70261;-1.66403;1.76781
8892;0.209002;-0.931633;5.76963;1.06837;5.76963;-0.00134052;6.70261;-1.66421;1.768
8893;0.209002;-0.931633;5.76963;1.06837;5.76963;-0.00134052;6.70261;-1.6644;1.76819
8894;0.209002;-0.931633;5.76963;1.06837;5.76963;-0.00134052;6.70261;-1.66459;1.76839
8895;0.209002;-0.931633;5.76963;1.06837;5.76963;-0.00134052;6.70261;-1.66478;1.76858
8896;0.209002;-0.931633;5.76963;1.06837;5.76963;-0.00134052;6.70261;-1.66497;1.76877
8897;0.209002;-0.931633;5.76963;1.06837;5.76963;-0.00134052;6.70261;-1.66516;1.76897
8898;0.209002;-0.931633;5.76963;1.06837;5.76963;-0.00134052;6.70261;-1.66535;1.76916
8899;0.209002;-0.931633;5.76963;1.06837;5.76963;-0.00134052;6.70261;-1.66554;1.76935
8900;0.209002;-0.931633;5.76963;1.06837;5.76963;-0.00134052;6.70261;-1.66573;1.76955
8901;0.209002;-0.931633;5.76963;1.06837;5.76963;-0.00134052;6.70261;-1.66592;1.76974
8902;0.209002;-0.931633;5.76963;1.06837;5.76963;-0.00134052;6.70261;-1.66611;1.76994
8903;0.209002;-0.931633;5.76963;1.06837;5.76963;-0.00134052;6.70261;-1.6663;1.77013
8904;0.209002;-0.931633;5.76963;1.06837;5.76963;-0.00134052;6.70261;-1.66649;1.77032
8905;0.209002;-0.931633;5.76963;1.06837;5.76963;-0.00134052;6.70261;-1.66668;1.77052
8906;0.209002;-0.931633;5.76963;1.06837;5.76963;-0.00134052;6.70261;-1.66687;1.77071
8907;0.209002;-0.931633;5.76963;1.06837;5.76963;-0.00134052;6.70261;-1.66706;1.7709
8908;0.209002;-0.931633;5.76963;1.06837;5.76963;-0.00134052;6.70261;-1.66725;1.7711
8909;0.209002;-0.931633;5.76963;1.06837;5.76963;-0.00134052;6.70261;-1.66744;1.77129
8910;0.209002;-0.931633;5.76963;1.06837;5.76963;-0.00134052;6.70261;-1.66763;1.77148
8911;0.209002;-0.931633;5.76963;1.06837;5.76963;-0.00134052;6.70261;-1.66782;1.77168
8912;0.209002;-0.931633;5.76963;1.06837;5.76963;-0.00134052;6.70261;-1.66801;1.77187
8913;0.209002;-0.931633;5.76963;1.06837;5.76963;-0.00134052;6.70261;-1.6682;1.77206
8914;0.209002;-0.931633;5.76963;1.06837;5.76963;-0.00134052;6.70261;-1.66839;1.77226
8915;0.209002;-0.931633;5.76963;1.06837;5.76963;-0.00134052;6.70261;-1.66858;1.77245
8916;0.209002;-0.931633;5.76963;1.06837;5.76963;-0.00134052;6.70261;-1.66877;1.77264
8917;0.209002;-0.931633;5.76963;1.06837;5.76963;-0.00134052;6.70261;-1.66896;1.77284
8918;0.209002;-0.931633;5.76963;1.06837;5.76963;-0.00134052;6.70261;-1.66915;1.77303
8919;0.209002;-0.931633;5.76963;1.06837;5.76963;-0.00134052;6.70261;-1.66934;1.77323
8920;0.209002;-0.931633;5.76963;1.06837;5.76963;-0.00134052;6.70261;-1.66953;1.77342
8921;0.209002;-0.931633;5.76963;1.06837;5.76963;-0.00134052;6.70261;-1.66972;1.77361
8922;0.209002;-0.931633;5.76963;1.06837;5.76963;-0.00134052;6.70261;-1.66991;1.77381
8923;0.209002;-0.931633;5.76963;1.06837;5.76963;-0.00134052;6.70261;-1.6701;1.774
8924;0.209002;-0.931633;5.76963;1.06837;5.76963;-0.00134052;6.70261;-1.67028;1.77419
8925;0.209002;-0.931633;5.76963;1.06837;5.76963;-0.00134052;6.70261;-1.67047;1.77439
8926;0.209002;-0.931633;5.76963;1.06837;5.76963;-0.00134052;6.70261;-1.67066;1.77458
8927;0.209002;-0.931633;5.76963;1.06837;5.76963;-0.00134052;6.7026;-1.67085;1.77477
8928;0.209002;-0.931633;5.76963;1.06837;5.76963;-0.00134052;6.7026;-1.67104;1.77497
8929;0.209002;-0.931633;5.76963;1.06837;5.76963;-0.00134052;6.7026;-1.67123;1.77516
8930;0.209002;-0.931633;5.76963;1.06837;5.76963;-0.00134052;6.7026;-1.67142;1.77535
8931;0.209002;-0.931633;5.76963;1.06837;5.76963;-0.00134052;6.7026;-1.67161;1.77555
8932;0.209002;-0.931633;5.76963;1.06837;5.76963;-0.00134052;6.7026;-1.6718;1.77574
8933;0.209002;-0.931633;5.76963;1.06837;5.76963;-0.00134052;6.7026;-1.67199;1.77594
8934;0.209002;-0.931633;5.76963;1.06837;5.76963;-0.00134052;6.7026;-1.67218;1.77613
8935;0.209002;-0.931633;5.76963;1.06837;5.76963;-0.00134052;6.7026;-1.67237;1.77632
8936;0.209002;-0.931633;5.76963;1.06837;5.76963;-0.00134052;6.7026;-1.67256;1.77652
8937;0.209002;-0.931633;5.76963;1.06837;5.76963;-0.00134052;6.7026;-1.67275;1.77671
8938;0.209002;-0.931633;5.76963;1.06837;5.76963;-0.00134052;6.7026;-1.67294;1.7769
8939;0.209002;-0.931633;5.76963;1.06837;5.76963;-0.00134052;6.7026;-1.67313;1.7771
8940;0.209002;-0.931633;5.76963;1.06837;5.76963;-0.00134052;6.7026;-1.67332;1.77729
8941;0.209002;-0.931633;5.76963;1.06837;5.76963;-0.00134052;6.7026;-1.67351;1.77748
8942;0.209002;-0.931633;5.76963;1.06837;5.76963;-0.00134052;6.7026;-1.6737;1.77768
8943;0.209002;-0.931633;5.76963;1.06837;5.76963;-0.00134052;6.7026;-1.67389;1.77787
8944;0.209002;-0.931633;5.76963;1.06837;5.76963;-0.00134052;6.7026;-1.67408;1.77806
8945;0.209002;-0.931633;5.76963;1.06837;5.76963;-0.00134052;6.7026;-1.67427;1.77826
8946;0.209002;-0.931633;5.76963;1.06837;5.76963;-0.00134052;6.7026;-1.67446;1.77845
8947;0.209002;-0.931633;5.76963;1.06837;5.76963;-0.00134052;6.7026;-1.67465;1.77864
8948;0.209002;-0.931633;5.76963;1.06837;5.76963;-0.00134052;6.7026;-1.67484;1.77884
8949;0.209002;-0.931633;5.76963;1.06837;5.76963;-0.00134052;6.7026;-1.67503;1.77903
8950;0.209002;-0.931633;5.76963;1.06837;5.76963;-0.00134052;6.7026;-1.67522;1.77923
8951;0.209002;-0.931633;5.76963;1.06837;5.76963;-0.00134052;6.7026;-1.67541;1.77942
8952;0.209002;-0.931633;5.76963;1.06837;5.76963;-0.00134052;6.7026;-1.6756;1.77961
8953;0.209002;-0.931633;5.76963;1.06837;5.76963;-0.00134052;6.7026;-1.67579;1.77981
8954;0.209002;-0.931633;5.76963;1.06837;5.76963;-0.00134052;6.7026;-1.67598;1.78
8955;0.209002;-0.931633;5.76963;1.06837;5.76963;-0.00134052;6.7026;-1.67616;1.78019
8956;0.209002;-0.931633;5.76963;1.06837;5.76963;-0.00134052;6.7026;-1.67635;1.78039
8957;0.209002;-0.931633;5.76963;1.06837;5.76963;-0.00134052;6.7026;-1.67654;1.78058
8958;0.209002;-0.931633;5.76963;1.06837;5.76963;-0.00134052;6.7026;-1.67673;1.78077
8959;0.209002;-0.931633;5.76963;1.06837;5.76963;-0.00134052;6.7026;-1.67692;1.78097
8960;0.209002;-0.931633;5.76963;1.06837;5.76963;-0.00134052;6.7026;-1.67711;1.78116
8961;0.209002;-0.931633;5.76963;1.06837;5.76963;-0.00134052;6.7026;-1.6773;1.78135
8962;0.209002;-0.931633;5.76963;1.06837;5.76963;-0.00134052;6.7026;-1.67749;1.78155
8963;0.209002;-0.931633;5.76963;1.06837;5.76963;-0.00134052;6.7026;-1.67768;1.78174
8964;0.209002;-0.931633;5.76963;1.06837;5.76963;-0.00134052;6.7026;-1.67787;1.78194
8965;0.209002;-0.931633;5.76963;1.06837;5.76963;-0.00134052;6.7026;-1.67806;1.78213
8966;0.209002;-0.931633;5.76963;1.06837;5.76963;-0.00134052;6.7026;-1.67825;1.78232
8967;0.209002;-0.931633;5.76963;1.06837;5.76963;-0.00134052;6.7026;-1.67844;1.78252
8968;0.209002;-0.931633;5.76963;1.06837;5.76963;-0.00134052;6.7026;-1.67863;1.78271
8969;0.209002;-0.931633;5.76963;1.06837;5.76963;-0.00134052;6.7026;-1.67882;1.7829
8970;0.209002;-0.931633;5.76963;1.06837;5.76963;-0.00134052;6.7026;-1.67901;1.7831
8971;0.209002;-0.931633;5.76963;1.06837;5.76963;-0.00134052;6.7026;-1.6792;1.78329
8972;0.209002;-0.931633;5.76963;1.06837;5.76963;-0.00134052;6.7026;-1.67939;1.78348
8973;0.209002;-0.931633;5.76963;1.06837;5.76963;-0.00134052;6.7026;-1.67958;1.78368
8974;0.209002;-0.931633;5.76963;1.06837;5.76963;-0.00134052;6.7026;-1.67977;1.78387
8975;0.209002;-0.931633;5.76963;1.06837;5.76963;-0.00134052;6.7026;-1.67996;1.78406
8976;0.209002;-0.931633;5.76963;1.06837;5.76963;-0.00134052;6.7026;-1.68015;1.78426
8977;0.209002;-0.931633;5.76963;1.06837;5.76963;-0.00134052;6.7026;-1.68034;1.78445
8978;0.209002;-0.931633;5.76963;1.06837;5.76963;-0.00134052;6.7026;-1.68053;1.78464
8979;0.209002;-0.931633;5.76963;1.06837;5.76963;-0.00134052;6.7026;-1.68072;1.78484
8980;0.209002;-0.931633;5.76963;1.06837;5.76963;-0.00134052;6.7026;-1.68091;1.78503
8981;0.209002;-0.931633;5.76963;1.06837;5.76963;-0.00134052;6.7026;-1.6811;1.78523
8982;0.209002;-0.931633;5.76963;1.06837;5.76963;-0.00134052;6.7026;-1.68129;1.78542
8983;0.209002;-0.931633;5.76963;1.06837;5.76963;-0.00134052;6.7026;-1.68148;1.78561
8984;0.209002;-0.931633;5.76963;1.06837;5.76963;-0.00134052;6.7026;-1.68167;1.78581
8985;0.209002;-0.931633;5.76963;1.06837;5.76963;-0.00134052;6.7026;-1.68186;1.786
8986;0.209002;-0.931633;5.76963;1.06837;5.76963;-0.00134052;6.7026;-1.68205;1.78619
8987;0.209002;-0.931633;5.76963;1.06837;5.76963;-0.00134052;6.7026;-1.68223;1.78639
8988;0.209002;-0.931633;5.76963;1.06837;5.76963;-0.00134052;6.7026;-1.68242;1.78658
8989;0.209002;-0.931633;5.76963;1.06837;5.76963;-0.00134052;6.7026;-1.68261;1.78677
8990;0.209002;-0.931633;5.76963;1.06837;5.76963;-0.00134052;6.7026;-1.6828;1.78697
8991;0.209002;-0.931633;5.76963;1.06837;5.76963;-0.00134052;6.7026;-1.68299;1.78716
8992;0.209002;-0.931633;5.76963;1.06837;5.76963;-0.00134052;6.7026;-1.68318;1.78735
8993;0.209002;-0.931633;5.76963;1.06837;5.76963;-0.00134052;6.7026;-1.68337;1.78755
8994;0.209002;-0.931633;5.76963;1.06837;5.76963;-0.00134052;6.7026;-1.68356;1.78774
8995;0.209002;-0.931633;5.76963;1.06837;5.76963;-0.00134052;6.7026;-1.68375;1.78794
8996;0.209002;-0.931633;5.76963;1.06837;5.76963;-0.00134052;6.7026;-1.68394;1.78813
8997;0.209002;-0.931633;5.76963;1.06837;5.76963;-0.00134052;6.7026;-1.68413;1.78832
8998;0.209002;-0.931633;5.76963;1.06837;5.76963;-0.00134052;6.7026;-1.68432;1.78852
8999;0.209002;-0.931633;5.76963;1.06837;5.76963;-0.00134052;6.7026;-1.68451;1.78871
9000;0.209002;-0.931633;5.76963;1.06837;5.76963;-0.00134052;6.7026;-1.6847;1.7889
9001;0.209002;-0.931633;5.76963;1.06837;5.76963;-0.00134052;6.7026;-1.68489;1.7891
9002;0.209002;-0.931633;5.76963;1.06837;5.76963;-0.00134052;6.7026;-1.68508;1.78929
9003;0.209002;-0.931633;5.76963;1.06837;5.76963;-0.00134052;6.7026;-1.68527;1.78948
9004;0.209002;-0.931633;5.76963;1.06837;5.76963;-0.00134052;6.7026;-1.68546;1.78968
9005;0.209002;-0.931633;5.76963;1.06837;5.76963;-0.00134052;6.7026;-1.68565;1.78987
9006;0.209002;-0.931633;5.76963;1.06837;5.76963;-0.00134052;6.7026;-1.68584;1.79006
9007;0.209002;-0.931633;5.76963;1.06837;5.76963;-0.00134052;6.7026;-1.68603;1.79026
9008;0.209002;-0.931633;5.76963;1.06837;5.76963;-0.00134052;6.7026;-1.68622;1.79045
9009;0.209002;-0.931633;5.76963;1.06837;5.76963;-0.00134052;6.7026;-1.68641;1.79064
9010;0.209002;-0.931633;5.76963;1.06837;5.76963;-0.00134052;6.7026;-1.6866;1.79084
9011;0.209002;-0.931633;5.76963;1.06837;5.76963;-0.00134052;6.7026;-1.68679;1.79103
9012;0.209002;-0.931633;5.76963;1.06837;5.76963;-0.00134052;6.7026;-1.68698;1.79123
9013;0.209002;-0.931633;5.76963;1.06837;5.76963;-0.00134052;6.7026;-1.68717;1.79142
9014;0.209002;-0.931633;5.76963;1.06837;5.76963;-0.00134052;6.7026;-1.68736;1.79161
9015;0.209002;-0.931633;5.76963;1.06837;5.76963;-0.00134052;6.7026;-1.68755;1.79181
9016;0.209002;-0.931633;5.76963;1.06837;5.76963;-0.00134052;6.7026;-1.68774;1.792
9017;0.209002;-0.931633;5.76963;1.06837;5.76963;-0.00134052;6.7026;-1.68793;1.79219
9018;0.209002;-0.931633;5.76963;1.06837;5.76963;-0.00134052;6.7026;-1.68811;1.79239
9019;0.209002;-0.931633;5.76963;1.06837;5.76963;-0.00134052;6.7026;-1.6883;1.79258
9020;0.209002;-0.931633;5.76963;1.06837;5.76963;-0.00134052;6.7026;-1.68849;1.79277
9021;0.209002;-0.931633;5.76963;1.06837;5.76963;-0.00134052;6.7026;-1.68868;1.79297
9022;0.209002;-0.931633;5.76963;1.06837;5.76963;-0.00134052;6.7026;-1.68887;1.79316
9023;0.209002;-0.931633;5.76963;1.06837;5.76963;-0.00134052;6.7026;-1.68906;1.79335
9024;0.209002;-0.931633;5.76963;1.06837;5.76963;-0.00134052;6.7026;-1.68925;1.79355
9025;0.209002;-0.931633;5.76963;1.06837;5.76963;-0.00134052;6.7026;-1.68944;1.79374
9026;0.209002;-0.931633;5.76963;1.06837;5.76963;-0.00134052;6.7026;-1.68963;1.79394
9027;0.209002;-0.931633;5.76963;1.06837;5.76963;-0.00134052;6.7026;-1.68982;1.79413
9028;0.209002;-0.931633;5.76963;1.06837;5.76963;-0.00134052;6.7026;-1.69001;1.79432
9029;0.209002;-0.931633;5.76963;1.06837;5.76963;-0.00134052;6.7026;-1.6902;1.79452
9030;0.209002;-0.931633;5.76963;1.06837;5.76963;-0.00134052;6.7026;-1.69039;1.79471
9031;0.209002;-0.931633;5.76963;1.06837;5.76963;-0.00134052;6.7026;-1.69058;1.7949
9032;0.209002;-0.931633;5.76963;1.06837;5.76963;-0.00134052;6.7026;-1.69077;1.7951
9033;0.209002;-0.931633;5.76963;1.06837;5.76963;-0.00134052;6.7026;-1.69096;1.79529
9034;0.209002;-0.931633;5.76963;1.06837;5.76963;-0.00134052;6.7026;-1.69115;1.79548
9035;0.209002;-0.931633;5.76963;1.06837;5.76963;-0.00134052;6.7026;-1.69134;1.79568
9036;0.209002;-0.931633;5.76963;1.06837;5.76963;-0.00134052;6.7026;-1.69153;1.79587
9037;0.209002;-0.931633;5.76963;1.06837;5.76963;-0.00134052;6.7026;-1.69172;1.79606
9038;0.209002;-0.931633;5.76963;1.06837;5.76963;-0.00134052;6.7026;-1.69191;1.79626
9039;0.209002;-0.931633;5.76963;1.06837;5.76963;-0.00134052;6.7026;-1.6921;1.79645
9040;0.209002;-0.931633;5.76963;1.06837;5.76963;-0.00134052;6.7026;-1.69229;1.79664
9041;0.209002;-0.931633;5.76963;1.06837;5.76963;-0.00134052;6.7026;-1.69248;1.79684
9042;0.209002;-0.931633;5.76963;1.06837;5.76963;-0.00134052;6.7026;-1.69267;1.79703
9043;0.209002;-0.931633;5.76963;1.06837;5.76963;-0.00134052;6.7026;-1.69286;1.79723
9044;0.209002;-0.931633;5.76963;1.06837;5.76963;-0.00134052;6.7026;-1.69305;1.79742
9045;0.209002;-0.931633;5.76963;1.06837;5.76963;-0.00134052;6.7026;-1.69324;1.79761
9046;0.209002;-0.931633;5.76963;1.06837;5.76963;-0.00134052;6.7026;-1.69343;1.79781
9047;0.209002;-0.931633;5.76963;1.06837;5.76963;-0.00134052;6.7026;-1.69362;1.798
9048;0.209002;-0.931633;5.76963;1.06837;5.76963;-0.00134052;6.7026;-1.69381;1.79819
9049;0.209002;-0.931633;5.76963;1.06837;5.76963;-0.00134052;6.7026;-1.694;1.79839
9050;0.209002;-0.931633;5.76963;1.06837;5.76963;-0.00134052;6.7026;-1.69418;1.79858
9051;0.209002;-0.931633;5.76963;1.06837;5.76963;-0.00134052;6.7026;-1.69437;1.79877
9052;0.209002;-0.931633;5.76963;1.06837;5.76963;-0.00134052;6.7026;-1.69456;1.79897
9053;0.209002;-0.931633;5.76963;1.06837;5.76963;-0.00134052;6.7026;-1.69475;1.79916
9054;0.209002;-0.931633;5.76963;1.06837;5.76963;-0.00134052;6.7026;-1.69494;1.79935
9055;0.209002;-0.931633;5.76963;1.06837;5.76963;-0.00134052;6.7026;-1.69513;1.79955
9056;0.209002;-0.931633;5.76963;1.06837;5.76963;-0.00134052;6.7026;-1.69532;1.79974
9057;0.209002;-0.931633;5.76963;1.06837;5.76963;-0.00134052;6.7026;-1.69551;1.79994
9058;0.209002;-0.931633;5.76963;1.06837;5.76963;-0.00134052;6.7026;-1.6957;1.80013
9059;0.209002;-0.931633;5.76963;1.06837;5.76963;-0.00134052;6.7026;-1.69589;1.80032
9060;0.209002;-0.931633;5.76963;1.06837;5.76963;-0.00134052;6.7026;-1.69608;1.80052
9061;0.209002;-0.931633;5.76963;1.06837;5.76963;-0.00134052;6.7026;-1.69627;1.80071
9062;0.209002;-0.931633;5.76963;1.06837;5.76963;-0.00134052;6.7026;-1.69646;1.8009
9063;0.209002;-0.931633;5.76963;1.06837;5.76963;-0.00134052;6.7026;-1.69665;1.8011
9064;0.209002;-0.931633;5.76963;1.06837;5.76963;-0.00134052;6.7026;-1.69684;1.80129
9065;0.209002;-0.931633;5.76963;1.06837;5.76963;-0.00134052;6.7026;-1.69703;1.80148
9066;0.209002;-0.931633;5.76963;1.06837;5.76963;-0.00134052;6.7026;-1.69722;1.80168
9067;0.209002;-0.931633;5.76963;1.06837;5.76963;-0.00134052;6.7026;-1.69741;1.80187
9068;0.209002;-0.931633;5.76963;1.06837;5.76963;-0.00134052;6.7026;-1.6976;1.80206
9069;0.209002;-0.931633;5.76963;1.06837;5.76963;-0.00134052;6.7026;-1.69779;1.80226
9070;0.209002;-0.931633;5.76963;1.06837;5.76963;-0.00134052;6.7026;-1.69798;1.80245
9071;0.209002;-0.931633;5.76963;1.06837;5.76963;-0.00134052;6.7026;-1.69817;1.80264
9072;0.209002;-0.931633;5.76963;1.06837;5.76963;-0.00134052;6.7026;-1.69836;1.80284
9073;0.209002;-0.931633;5.76963;1.06837;5.76963;-0.00134052;6.7026;-1.69855;1.80303
9074;0.209002;-0.931633;5.76963;1.06837;5.76963;-0.00134052;6.7026;-1.69874;1.80323
9075;0.209002;-0.931633;5.76963;1.06837;5.76963;-0.00134052;6.7026;-1.69893;1.80342
9076;0.209002;-0.931633;5.76963;1.06837;5.76963;-0.00134052;6.7026;-1.69912;1.80361
9077;0.209002;-0.931633;5.76963;1.06837;5.76963;-0.00134052;6.7026;-1.69931;1.80381
9078;0.209002;-0.931633;5.76963;1.06837;5.76963;-0.00134052;6.7026;-1.6995;1.804
9079;0.209002;-0.931633;5.76963;1.06837;5.76963;-0.00134052;6.7026;-1.69969;1.80419
9080;0.209002;-0.931633;5.76963;1.06837;5.76963;-0.00134052;6.7026;-1.69988;1.80439
9081;0.209002;-0.931633;5.76963;1.06837;5.76963;-0.00134052;6.7026;-1.70006;1.80458
9082;0.209002;-0.931633;5.76963;1.06837;5.76963;-0.00134052;6.7026;-1.70025;1.80477
9083;0.209002;-0.931633;5.76963;1.06837;5.76963;-0.00134052;6.7026;-1.70044;1.80497
9084;0.209002;-0.931633;5.76963;1.06837;5.76963;-0.00134052;6.7026;-1.70063;1.80516
9085;0.209002;-0.931633;5.76963;1.06837;5.76963;-0.00134052;6.7026;-1.70082;1.80535
9086;0.209002;-0.931633;5.76963;1.06837;5.76963;-0.00134052;6.7026;-1.70101;1.80555
9087;0.209002;-0.931633;5.76962;1.06837;5.76962;-0.00134052;6.7026;-1.7012;1.80574
9088;0.209002;-0.931633;5.76962;1.06837;5.76962;-0.00134052;6.7026;-1.70139;1.80594
9089;0.209002;-0.931633;5.76962;1.06837;5.76962;-0.00134052;6.7026;-1.70158;1.80613
9090;0.209002;-0.931633;5.76962;1.06837;5.76962;-0.00134052;6.7026;-1.70177;1.80632
9091;0.209002;-0.931633;5.76962;1.06837;5.76962;-0.00134052;6.7026;-1.70196;1.80652
9092;0.209002;-0.931633;5.76962;1.06837;5.76962;-0.00134052;6.7026;-1.70215;1.80671
9093;0.209002;-0.931633;5.76962;1.06837;5.76962;-0.00134052;6.7026;-1.70234;1.8069
9094;0.209002;-0.931633;5.76962;1.06837;5.76962;-0.00134052;6.7026;-1.70253;1.8071
9095;0.209002;-0.931633;5.76962;1.06837;5.76962;-0.00134052;6.7026;-1.70272;1.80729
9096;0.209002;-0.931633;5.76962;1.06837;5.76962;-0.00134052;6.7026;-1.70291;1.80748
9097;0.209002;-0.931633;5.76962;1.06837;5.76962;-0.00134052;6.7026;-1.7031;1.80768
9098;0.209002;-0.931633;5.76962;1.06837;5.76962;-0.00134052;6.7026;-1.70329;1.80787
9099;0.209002;-0.931633;5.76962;1.06837;5.76962;-0.00134052;6.7026;-1.70348;1.80806
9100;0.209002;-0.931633;5.76962;1.06837;5.76962;-0.00134052;6.7026;-1.70367;1.80826
9101;0.209002;-0.931633;5.76962;1.06837;5.76962;-0.00134052;6.7026;-1.70386;1.80845
9102;0.209002;-0.931633;5.76962;1.06837;5.76962;-0.00134052;6.7026;-1.70405;1.80864
9103;0.209002;-0.931633;5.76962;1.06837;5.76962;-0.00134052;6.7026;-1.70424;1.80884
9104;0.209002;-0.931633;5.76962;1.06837;5.76962;-0.00134052;6.7026;-1.70443;1.80903
9105;0.209002;-0.931633;5.76962;1.06837;5.76962;-0.00134052;6.7026;-1.70462;1.80923
9106;0.209002;-0.931633;5.76962;1.06837;5.76962;-0.00134052;6.7026;-1.70481;1.80942
9107;0.209003;-0.931633;5.76962;1.06837;5.76962;-0.00134052;6.7026;-1.705;1.80961
9108;0.209003;-0.931633;5.76962;1.06837;5.76962;-0.00134052;6.7026;-1.70519;1.80981
9109;0.209003;-0.931633;5.76962;1.06837;5.76962;-0.00134052;6.7026;-1.70538;1.81
9110;0.209003;-0.931633;5.76962;1.06837;5.76962;-0.00134052;6.7026;-1.70557;1.81019
9111;0.209003;-0.931633;5.76962;1.06837;5.76962;-0.00134052;6.7026;-1.70576;1.81039
9112;0.209003;-0.931633;5.76962;1.06837;5.76962;-0.00134052;6.7026;-1.70595;1.81058
9113;0.209003;-0.931634;5.76962;1.06837;5.76962;-0.00134052;6.7026;-1.70613;1.81077
9114;0.209003;-0.931634;5.76962;1.06837;5.76962;-0.00134052;6.7026;-1.70632;1.81097
9115;0.209003;-0.931634;5.76962;1.06837;5.76962;-0.00134052;6.7026;-1.70651;1.81116
9116;0.209003;-0.931634;5.76962;1.06837;5.76962;-0.00134052;6.7026;-1.7067;1.81135
9117;0.209003;-0.931634;5.76962;1.06837;5.76962;-0.00134052;6.7026;-1.70689;1.81155
9118;0.209003;-0.931634;5.76962;1.06837;5.76962;-0.00134052;6.7026;-1.70708;1.81174
9119;0.209003;-0.931634;5.76962;1.06837;5.76962;-0.00134052;6.7026;-1.70727;1.81194
9120;0.209003;-0.931634;5.76962;1.06837;5.76962;-0.00134052;6.7026;-1.70746;1.81213
9121;0.209003;-0.931634;5.76962;1.06837;5.76962;-0.00134052;6.7026;-1.70765;1.81232
9122;0.209003;-0.931634;5.76962;1.06837;5.76962;-0.00134052;6.7026;-1.70784;1.81252
9123;0.209003;-0.931634;5.76962;1.06837;5.76962;-0.00134052;6.7026;-1.70803;1.81271
9124;0.209003;-0.931634;5.76962;1.06837;5.76962;-0.00134052;6.7026;-1.70822;1.8129
9125;0.209003;-0.931634;5.76962;1.06837;5.76962;-0.00134052;6.7026;-1.70841;1.8131
9126;0.209003;-0.931634;5.76962;1.06837;5.76962;-0.00134052;6.7026;-1.7086;1.81329
9127;0.209003;-0.931634;5.76962;1.06837;5.76962;-0.00134052;6.7026;-1.70879;1.81348
9128;0.209003;-0.931634;5.76962;1.06837;5.76962;-0.00134052;6.7026;-1.70898;1.81368
9129;0.209003;-0.931634;5.76962;1.06837;5.76962;-0.00134052;6.7026;-1.70917;1.81387
9130;0.209003;-0.931634;5.76962;1.06837;5.76962;-0.00134052;6.7026;-1.70936;1.81406
9131;0.209003;-0.931634;5.76962;1.06837;5.76962;-0.00134052;6.7026;-1.70955;1.81426
9132;0.209003;-0.931634;5.76962;1.06837;5.76962;-0.00134052;6.7026;-1.70974;1.81445
9133;0.209003;-0.931634;5.76962;1.06837;5.76962;-0.00134052;6.7026;-1.70993;1.81464
9134;0.209003;-0.931634;5.76962;1.06837;5.76962;-0.00134052;6.7026;-1.71012;1.81484
9135;0.209003;-0.931634;5.76962;1.06837;5.76962;-0.00134052;6.7026;-1.71031;1.81503
9136;0.209003;-0.931634;5.76962;1.06837;5.76962;-0.00134052;6.7026;-1.7105;1.81523
9137;0.209003;-0.931634;5.76962;1.06837;5.76962;-0.00134052;6.7026;-1.71069;1.81542
9138;0.209003;-0.931634;5.76962;1.06837;5.76962;-0.00134052;6.7026;-1.71088;1.81561
9139;0.209003;-0.931634;5.76962;1.06837;5.76962;-0.00134052;6.7026;-1.71107;1.81581
9140;0.209003;-0.931634;5.76962;1.06837;5.76962;-0.00134052;6.7026;-1.71126;1.816
9141;0.209003;-0.931634;5.76962;1.06837;5.76962;-0.00134052;6.7026;-1.71145;1.81619
9142;0.209003;-0.931634;5.76962;1.06837;5.76962;-0.00134052;6.7026;-1.71164;1.81639
9143;0.209003;-0.931634;5.76962;1.06837;5.76962;-0.00134052;6.7026;-1.71183;1.81658
9144;0.209003;-0.931634;5.76962;1.06837;5.76962;-0.00134052;6.7026;-1.71201;1.81677
9145;0.209003;-0.931634;5.76962;1.06837;5.76962;-0.00134052;6.7026;-1.7122;1.81697
9146;0.209003;-0.931634;5.76962;1.06837;5.76962;-0.00134052;6.7026;-1.71239;1.81716
9147;0.209003;-0.931634;5.76962;1.06837;5.76962;-0.00134052;6.7026;-1.71258;1.81735
9148;0.209003;-0.931634;5.76962;1.06837;5.76962;-0.00134052;6.7026;-1.71277;1.81755
9149;0.209003;-0.931634;5.76962;1.06837;5.76962;-0.00134052;6.7026;-1.71296;1.81774
9150;0.209003;-0.931634;5.76962;1.06837;5.76962;-0.00134052;6.7026;-1.71315;1.81794
9151;0.209003;-0.931634;5.76962;1.06837;5.76962;-0.00134052;6.7026;-1.71334;1.81813
9152;0.209003;-0.931634;5.76962;1.06837;5.76962;-0.00134052;6.7026;-1.71353;1.81832
9153;0.209003;-0.931634;5.76962;1.06837;5.76962;-0.00134052;6.7026;-1.71372;1.81852
9154;0.209003;-0.931634;5.76962;1.06837;5.76962;-0.00134052;6.7026;-1.71391;1.81871
9155;0.209003;-0.931634;5.76962;1.06837;5.76962;-0.00134052;6.7026;-1.7141;1.8189
9156;0.209003;-0.931634;5.76962;1.06837;5.76962;-0.00134052;6.7026;-1.71429;1.8191
9157;0.209003;-0.931634;5.76962;1.06837;5.76962;-0.00134052;6.7026;-1.71448;1.81929
9158;0.209003;-0.931634;5.76962;1.06837;5.76962;-0.00134052;6.7026;-1.71467;1.81948
9159;0.209003;-0.931634;5.76962;1.06837;5.76962;-0.00134052;6.7026;-1.71486;1.81968
9160;0.209003;-0.931634;5.76962;1.06837;5.76962;-0.00134052;6.7026;-1.71505;1.81987
9161;0.209003;-0.931634;5.76962;1.06837;5.76962;-0.00134052;6.7026;-1.71524;1.82006
9162;0.209003;-0.931634;5.76962;1.06837;5.76962;-0.00134052;6.7026;-1.71543;1.82026
9163;0.209003;-0.931634;5.76962;1.06837;5.76962;-0.00134052;6.7026;-1.71562;1.82045
9164;0.209003;-0.931634;5.76962;1.06837;5.76962;-0.00134052;6.7026;-1.71581;1.82064
9165;0.209003;-0.931634;5.76962;1.06837;5.76962;-0.00134052;6.7026;-1.716;1.82084
9166;0.209003;-0.931634;5.76962;1.06837;5.76962;-0.00134052;6.7026;-1.71619;1.82103
9167;0.209003;-0.931634;5.76962;1.06837;5.76962;-0.00134052;6.7026;-1.71638;1.82123
9168;0.209003;-0.931634;5.76962;1.06837;5.76962;-0.00134052;6.7026;-1.71657;1.82142
9169;0.209003;-0.931634;5.76962;1.06837;5.76962;-0.00134052;6.7026;-1.71676;1.82161
9170;0.209003;-0.931634;5.76962;1.06837;5.76962;-0.00134052;6.7026;-1.71695;1.82181
9171;0.209003;-0.931634;5.76962;1.06837;5.76962;-0.00134052;6.7026;-1.71714;1.822
9172;0.209003;-0.931634;5.76962;1.06837;5.76962;-0.00134052;6.7026;-1.71733;1.82219
9173;0.209003;-0.931634;5.76962;1.06837;5.76962;-0.00134052;6.7026;-1.71752;1.82239
9174;0.209003;-0.931634;5.76962;1.06837;5.76962;-0.00134052;6.7026;-1.71771;1.82258
9175;0.209003;-0.931634;5.76962;1.06837;5.76962;-0.00134052;6.7026;-1.7179;1.82277
9176;0.209003;-0.931634;5.76962;1.06837;5.76962;-0.00134052;6.7026;-1.71808;1.82297
9177;0.209003;-0.931634;5.76962;1.06837;5.76962;-0.00134052;6.7026;-1.71827;1.82316
9178;0.209003;-0.931634;5.76962;1.06837;5.76962;-0.00134052;6.7026;-1.71846;1.82335
9179;0.209003;-0.931634;5.76962;1.06837;5.76962;-0.00134052;6.7026;-1.71865;1.82355
9180;0.209003;-0.931634;5.76962;1.06837;5.76962;-0.00134052;6.7026;-1.71884;1.82374
9181;0.209003;-0.931634;5.76962;1.06837;5.76962;-0.00134052;6.7026;-1.71903;1.82394
9182;0.209003;-0.931634;5.76962;1.06837;5.76962;-0.00134052;6.7026;-1.71922;1.82413
9183;0.209003;-0.931634;5.76962;1.06837;5.76962;-0.00134052;6.7026;-1.71941;1.82432
9184;0.209003;-0.931634;5.76962;1.06837;5.76962;-0.00134052;6.7026;-1.7196;1.82452
9185;0.209003;-0.931634;5.76962;1.06837;5.76962;-0.00134052;6.7026;-1.71979;1.82471
9186;0.209003;-0.931634;5.76962;1.06837;5.76962;-0.00134052;6.7026;-1.71998;1.8249
9187;0.209003;-0.931634;5.76962;1.06837;5.76962;-0.00134052;6.7026;-1.72017;1.8251
9188;0.209003;-0.931634;5.76962;1.06837;5.76962;-0.00134052;6.7026;-1.72036;1.82529
9189;0.209003;-0.931634;5.76962;1.06837;5.76962;-0.00134052;6.7026;-1.72055;1.82548
9190;0.209003;-0.931634;5.76962;1.06837;5.76962;-0.00134052;6.7026;-1.72074;1.82568
9191;0.209003;-0.931634;5.76962;1.06837;5.76962;-0.00134052;6.7026;-1.72093;1.82587
9192;0.209003;-0.931634;5.76962;1.06837;5.76962;-0.00134052;6.7026;-1.72112;1.82606
9193;0.209003;-0.931634;5.76962;1.06837;5.76962;-0.00134052;6.7026;-1.72131;1.82626
9194;0.209003;-0.931634;5.76962;1.06837;5.76962;-0.00134052;6.70259;-1.7215;1.82645
9195;0.209003;-0.931634;5.76962;1.06837;5.76962;-0.00134052;6.70259;-1.72169;1.82664
9196;0.209003;-0.931634;5.76962;1.06837;5.76962;-0.00134052;6.70259;-1.72188;1.82684
9197;0.209003;-0.931634;5.76962;1.06837;5.76962;-0.00134052;6.70259;-1.72207;1.82703
9198;0.209003;-0.931634;5.76962;1.06837;5.76962;-0.00134052;6.70259;-1.72226;1.82723
9199;0.209003;-0.931634;5.76962;1.06837;5.76962;-0.00134052;6.70259;-1.72245;1.82742
9200;0.209003;-0.931634;5.76962;1.06837;5.76962;-0.00134052;6.70259;-1.72264;1.82761
9201;0.209003;-0.931634;5.76962;1.06837;5.76962;-0.00134052;6.70259;-1.72283;1.82781
9202;0.209003;-0.931634;5.76962;1.06837;5.76962;-0.00134052;6.70259;-1.72302;1.828
9203;0.209003;-0.931634;5.76962;1.06837;5.76962;-0.00134052;6.70259;-1.72321;1.82819
9204;0.209003;-0.931634;5.76962;1.06837;5.76962;-0.00134052;6.70259;-1.7234;1.82839
9205;0.209003;-0.931634;5.76962;1.06837;5.76962;-0.00134052;6.70259;-1.72359;1.82858
9206;0.209003;-0.931634;5.76962;1.06837;5.76962;-0.00134052;6.70259;-1.72378;1.82877
9207;0.209003;-0.931634;5.76962;1.06837;5.76962;-0.00134052;6.70259;-1.72396;1.82897
9208;0.209003;-0.931634;5.76962;1.06837;5.76962;-0.00134052;6.70259;-1.72415;1.82916
9209;0.209003;-0.931634;5.76962;1.06837;5.76962;-0.00134052;6.70259;-1.72434;1.82935
9210;0.209003;-0.931634;5.76962;1.06837;5.76962;-0.00134052;6.70259;-1.72453;1.82955
9211;0.209003;-0.931634;5.76962;1.06837;5.76962;-0.00134052;6.70259;-1.72472;1.82974
9212;0.209003;-0.931634;5.76962;1.06837;5.76962;-0.00134052;6.70259;-1.72491;1.82994
9213;0.209003;-0.931634;5.76962;1.06837;5.76962;-0.00134052;6.70259;-1.7251;1.83013
9214;0.209003;-0.931634;5.76962;1.06837;5.76962;-0.00134052;6.70259;-1.72529;1.83032
9215;0.209003;-0.931634;5.76962;1.06837;5.76962;-0.00134052;6.70259;-1.72548;1.83052
9216;0.209003;-0.931634;5.76962;1.06837;5.76962;-0.00134052;6.70259;-1.72567;1.83071
9217;0.209003;-0.931634;5.76962;1.06837;5.76962;-0.00134052;6.70259;-1.72586;1.8309
9218;0.209003;-0.931634;5.76962;1.06837;5.76962;-0.00134052;6.70259;-1.72605;1.8311
9219;0.209003;-0.931634;5.76962;1.06837;5.76962;-0.00134052;6.70259;-1.72624;1.83129
9220;0.209003;-0.931634;5.76962;1.06837;5.76962;-0.00134052;6.70259;-1.72643;1.83148
9221;0.209003;-0.931634;5.76962;1.06837;5.76962;-0.00134052;6.70259;-1.72662;1.83168
9222;0.209003;-0.931634;5.76962;1.06837;5.76962;-0.00134052;6.70259;-1.72681;1.83187
9223;0.209003;-0.931634;5.76962;1.06837;5.76962;-0.00134052;6.70259;-1.727;1.83206
9224;0.209003;-0.931634;5.76962;1.06837;5.76962;-0.00134052;6.70259;-1.72719;1.83226
9225;0.209003;-0.931634;5.76962;1.06837;5.76962;-0.00134052;6.70259;-1.72738;1.83245
9226;0.209003;-0.931634;5.76962;1.06837;5.76962;-0.00134052;6.70259;-1.72757;1.83264
9227;0.209003;-0.931634;5.76962;1.06837;5.76962;-0.00134052;6.70259;-1.72776;1.83284
9228;0.209003;-0.931634;5.76962;1.06837;5.76962;-0.00134052;6.70259;-1.72795;1.83303
9229;0.209003;-0.931634;5.76962;1.06837;5.76962;-0.00134052;6.70259;-1.72814;1.83323
9230;0.209003;-0.931634;5.76962;1.06837;5.76962;-0.00134052;6.70259;-1.72833;1.83342
9231;0.209003;-0.931634;5.76962;1.06837;5.76962;-0.00134052;6.70259;-1.72852;1.83361
9232;0.209003;-0.931634;5.76962;1.06837;5.76962;-0.00134052;6.70259;-1.72871;1.83381
9233;0.209003;-0.931634;5.76962;1.06837;5.76962;-0.00134052;6.70259;-1.7289;1.834
9234;0.209003;-0.931634;5.76962;1.06837;5.76962;-0.00134052;6.70259;-1.72909;1.83419
9235;0.209003;-0.931634;5.76962;1.06837;5.76962;-0.00134052;6.70259;-1.72928;1.83439
9236;0.209003;-0.931634;5.76962;1.06837;5.76962;-0.00134052;6.70259;-1.72947;1.83458
9237;0.209003;-0.931634;5.76962;1.06837;5.76962;-0.00134052;6.70259;-1.72966;1.83477
9238;0.209003;-0.931634;5.76962;1.06837;5.76962;-0.00134052;6.70259;-1.72984;1.83497
9239;0.209003;-0.931634;5.76962;1.06837;5.76962;-0.00134052;6.70259;-1.73003;1.83516
9240;0.209003;-0.931634;5.76962;1.06837;5.76962;-0.00134052;6.70259;-1.73022;1.83535
9241;0.209003;-0.931634;5.76962;1.06837;5.76962;-0.00134052;6.70259;-1.73041;1.83555
9242;0.209003;-0.931634;5.76962;1.06837;5.76962;-0.00134052;6.70259;-1.7306;1.83574
9243;0.209003;-0.931634;5.76962;1.06837;5.76962;-0.00134052;6.70259;-1.73079;1.83594
9244;0.209003;-0.931634;5.76962;1.06837;5.76962;-0.00134052;6.70259;-1.73098;1.83613
9245;0.209003;-0.931634;5.76962;1.06837;5.76962;-0.00134052;6.70259;-1.73117;1.83632
9246;0.209003;-0.931634;5.76962;1.06837;5.76962;-0.00134052;6.70259;-1.73136;1.83652
9247;0.209003;-0.931634;5.76962;1.06837;5.76962;-0.00134052;6.70259;-1.73155;1.83671
9248;0.209003;-0.931634;5.76962;1.06837;5.76962;-0.00134052;6.70259;-1.73174;1.8369
9249;0.209003;-0.931634;5.76962;1.06837;5.76962;-0.00134052;6.70259;-1.73193;1.8371
9250;0.209003;-0.931634;5.76962;1.06837;5.76962;-0.00134052;6.70259;-1.73212;1.83729
9251;0.209003;-0.931634;5.76962;1.06837;5.76962;-0.00134052;6.70259;-1.73231;1.83748
9252;0.209003;-0.931634;5.76962;1.06837;5.76962;-0.00134052;6.70259;-1.7325;1.83768
9253;0.209003;-0.931634;5.76962;1.06837;5.76962;-0.00134052;6.70259;-1.73269;1.83787
9254;0.209003;-0.931634;5.76962;1.06837;5.76962;-0.00134052;6.70259;-1.73288;1.83806
9255;0.209003;-0.931634;5.76962;1.06837;5.76962;-0.00134052;6.70259;-1.73307;1.83826
9256;0.209003;-0.931634;5.76962;1.06837;5.76962;-0.00134052;6.70259;-1.73326;1.83845
9257;0.209003;-0.931634;5.76962;1.06837;5.76962;-0.00134052;6.70259;-1.73345;1.83864
9258;0.209003;-0.931634;5.76962;1.06837;5.76962;-0.00134052;6.70259;-1.73364;1.83884
9259;0.209003;-0.931634;5.76962;1.06837;5.76962;-0.00134052;6.70259;-1.73383;1.83903
9260;0.209003;-0.931634;5.76962;1.06837;5.76962;-0.00134052;6.70259;-1.73402;1.83923
9261;0.209003;-0.931634;5.76962;1.06837;5.76962;-0.00134052;6.70259;-1.73421;1.83942
9262;0.209003;-0.931634;5.76962;1.06837;5.76962;-0.00134052;6.70259;-1.7344;1.83961
9263;0.209003;-0.931634;5.76962;1.06837;5.76962;-0.00134052;6.70259;-1.73459;1.83981
9264;0.209003;-0.931634;5.76962;1.06837;5.76962;-0.00134052;6.70259;-1.73478;1.84
9265;0.209003;-0.931634;5.76962;1.06837;5.76962;-0.00134052;6.70259;-1.73497;1.84019
9266;0.209003;-0.931634;5.76962;1.06837;5.76962;-0.00134052;6.70259;-1.73516;1.84039
9267;0.209003;-0.931634;5.76962;1.06837;5.76962;-0.00134052;6.70259;-1.73535;1.84058
9268;0.209003;-0.931634;5.76962;1.06837;5.76962;-0.00134052;6.70259;-1.73554;1.84077
9269;0.209003;-0.931634;5.76962;1.06837;5.76962;-0.00134052;6.70259;-1.73573;1.84097
9270;0.209003;-0.931634;5.76962;1.06837;5.76962;-0.00134052;6.70259;-1.73591;1.84116
9271;0.209003;-0.931634;5.76962;1.06837;5.76962;-0.00134052;6.70259;-1.7361;1.84135
9272;0.209003;-0.931634;5.76962;1.06837;5.76962;-0.00134052;6.70259;-1.73629;1.84155
9273;0.209003;-0.931634;5.76962;1.06837;5.76962;-0.00134052;6.70259;-1.73648;1.84174
9274;0.209003;-0.931634;5.76962;1.06837;5.76962;-0.00134052;6.70259;-1.73667;1.84194
9275;0.209003;-0.931634;5.76962;1.06837;5.76962;-0.00134052;6.70259;-1.73686;1.84213
9276;0.209003;-0.931634;5.76962;1.06837;5.76962;-0.00134052;6.70259;-1.73705;1.84232
9277;0.209003;-0.931634;5.76962;1.06837;5.76962;-0.00134052;6.70259;-1.73724;1.84252
9278;0.209003;-0.931634;5.76962;1.06837;5.76962;-0.00134052;6.70259;-1.73743;1.84271
9279;0.209003;-0.931634;5.76962;1.06837;5.76962;-0.00134052;6.70259;-1.73762;1.8429
9280;0.209003;-0.931634;5.76962;1.06837;5.76962;-0.00134052;6.70259;-1.73781;1.8431
9281;0.209003;-0.931634;5.76962;1.06837;5.76962;-0.00134052;6.70259;-1.738;1.84329
9282;0.209003;-0.931634;5.76962;1.06837;5.76962;-0.00134052;6.70259;-1.73819;1.84348
9283;0.209003;-0.931634;5.76962;1.06837;5.76962;-0.00134052;6.70259;-1.73838;1.84368
9284;0.209003;-0.931634;5.76962;1.06837;5.76962;-0.00134052;6.70259;-1.73857;1.84387
9285;0.209003;-0.931634;5.76962;1.06837;5.76962;-0.00134052;6.70259;-1.73876;1.84406
9286;0.209003;-0.931634;5.76962;1.06837;5.76962;-0.00134052;6.70259;-1.73895;1.84426
9287;0.209003;-0.931634;5.76962;1.06837;5.76962;-0.00134052;6.70259;-1.73914;1.84445
9288;0.209003;-0.931634;5.76962;1.06837;5.76962;-0.00134052;6.70259;-1.73933;1.84464
9289;0.209003;-0.931634;5.76962;1.06837;5.76962;-0.00134052;6.70259;-1.73952;1.84484
9290;0.209003;-0.931634;5.76962;1.06837;5.76962;-0.00134052;6.70259;-1.73971;1.84503
9291;0.209003;-0.931634;5.76962;1.06837;5.76962;-0.00134052;6.70259;-1.7399;1.84523
9292;0.209003;-0.931634;5.76962;1.06837;5.76962;-0.00134052;6.70259;-1.74009;1.84542
9293;0.209003;-0.931634;5.76962;1.06837;5.76962;-0.00134052;6.70259;-1.74028;1.84561
9294;0.209003;-0.931634;5.76962;1.06837;5.76962;-0.00134052;6.70259;-1.74047;1.84581
9295;0.209003;-0.931634;5.76962;1.06837;5.76962;-0.00134052;6.70259;-1.74066;1.846
9296;0.209003;-0.931634;5.76962;1.06837;5.76962;-0.00134052;6.70259;-1.74085;1.84619
9297;0.209003;-0.931634;5.76962;1.06837;5.76962;-0.00134052;6.70259;-1.74104;1.84639
9298;0.209003;-0.931634;5.76962;1.06837;5.76962;-0.00134052;6.70259;-1.74123;1.84658
9299;0.209003;-0.931634;5.76962;1.06837;5.76962;-0.00134052;6.70259;-1.74142;1.84677
9300;0.209003;-0.931634;5.76962;1.06837;5.76962;-0.00134052;6.70259;-1.74161;1.84697
9301;0.209003;-0.931634;5.76962;1.06837;5.76962;-0.00134052;6.70259;-1.74179;1.84716
9302;0.209003;-0.931634;5.76962;1.06837;5.76962;-0.00134052;6.70259;-1.74198;1.84735
9303;0.209003;-0.931634;5.76962;1.06837;5.76962;-0.00134052;6.70259;-1.74217;1.84755
9304;0.209003;-0.931634;5.76962;1.06837;5.76962;-0.00134052;6.70259;-1.74236;1.84774
9305;0.209003;-0.931634;5.76962;1.06837;5.76962;-0.00134052;6.70259;-1.74255;1.84794
9306;0.209003;-0.931634;5.76962;1.06837;5.76962;-0.00134052;6.70259;-1.74274;1.84813
9307;0.209003;-0.931634;5.76962;1.06837;5.76962;-0.00134052;6.70259;-1.74293;1.84832
9308;0.209003;-0.931634;5.76962;1.06837;5.76962;-0.00134052;6.70259;-1.74312;1.84852
9309;0.209003;-0.931634;5.76962;1.06837;5.76962;-0.00134052;6.70259;-1.74331;1.84871
9310;0.209003;-0.931634;5.76962;1.06837;5.76962;-0.00134052;6.70259;-1.7435;1.8489
9311;0.209003;-0.931634;5.76962;1.06837;5.76962;-0.00134052;6.70259;-1.74369;1.8491
9312;0.209003;-0.931634;5.76962;1.06837;5.76962;-0.00134052;6.70259;-1.74388;1.84929
9313;0.209003;-0.931634;5.76962;1.06837;5.76962;-0.00134052;6.70259;-1.74407;1.84948
9314;0.209003;-0.931634;5.76962;1.06837;5.76962;-0.00134052;6.70259;-1.74426;1.84968
9315;0.209003;-0.931634;5.76962;1.06837;5.76962;-0.00134052;6.70259;-1.74445;1.84987
9316;0.209003;-0.931634;5.76962;1.06837;5.76962;-0.00134052;6.70259;-1.74464;1.85006
9317;0.209003;-0.931634;5.76962;1.06837;5.76962;-0.00134052;6.70259;-1.74483;1.85026
9318;0.209003;-0.931634;5.76962;1.06837;5.76962;-0.00134052;6.70259;-1.74502;1.85045
9319;0.209003;-0.931634;5.76962;1.06837;5.76962;-0.00134052;6.70259;-1.74521;1.85064
9320;0.209003;-0.931634;5.76962;1.06837;5.76962;-0.00134052;6.70259;-1.7454;1.85084
9321;0.209003;-0.931634;5.76962;1.06837;5.76962;-0.00134052;6.70259;-1.74559;1.85103
9322;0.209003;-0.931634;5.76962;1.06837;5.76962;-0.00134052;6.70259;-1.74578;1.85123
9323;0.209003;-0.931634;5.76962;1.06837;5.76962;-0.00134052;6.70259;-1.74597;1.85142
9324;0.209003;-0.931634;5.76962;1.06837;5.76962;-0.00134052;6.70259;-1.74616;1.85161
9325;0.209003;-0.931634;5.76962;1.06837;5.76962;-0.00134052;6.70259;-1.74635;1.85181
9326;0.209003;-0.931634;5.76962;1.06837;5.76962;-0.00134052;6.70259;-1.74654;1.852
9327;0.209003;-0.931634;5.76962;1.06837;5.76962;-0.00134052;6.70259;-1.74673;1.85219
9328;0.209003;-0.931634;5.76962;1.06837;5.76962;-0.00134052;6.70259;-1.74692;1.85239
9329;0.209003;-0.931634;5.76962;1.06837;5.76962;-0.00134052;6.70259;-1.74711;1.85258
9330;0.209003;-0.931634;5.76962;1.06837;5.76962;-0.00134052;6.70259;-1.7473;1.85277
9331;0.209003;-0.931634;5.76962;1.06837;5.76962;-0.00134052;6.70259;-1.74749;1.85297
9332;0.209003;-0.931634;5.76962;1.06837;5.76962;-0.00134052;6.70259;-1.74768;1.85316
9333;0.209003;-0.931634;5.76962;1.06837;5.76962;-0.00134052;6.70259;-1.74786;1.85335
9334;0.209003;-0.931634;5.76962;1.06837;5.76962;-0.00134052;6.70259;-1.74805;1.85355
9335;0.209003;-0.931634;5.76962;1.06837;5.76962;-0.00134052;6.70259;-1.74824;1.85374
9336;0.209003;-0.931634;5.76962;1.06837;5.76962;-0.00134052;6.70259;-1.74843;1.85394
9337;0.209003;-0.931634;5.76962;1.06837;5.76962;-0.00134052;6.70259;-1.74862;1.85413
9338;0.209003;-0.931634;5.76962;1.06837;5.76962;-0.00134052;6.70259;-1.74881;1.85432
9339;0.209003;-0.931634;5.76962;1.06837;5.76962;-0.00134052;6.70259;-1.749;1.85452
9340;0.209003;-0.931634;5.76962;1.06837;5.76962;-0.00134052;6.70259;-1.74919;1.85471
9341;0.209003;-0.931634;5.76962;1.06837;5.76962;-0.00134052;6.70259;-1.74938;1.8549
9342;0.209003;-0.931634;5.76962;1.06837;5.76962;-0.00134052;6.70259;-1.74957;1.8551
9343;0.209003;-0.931634;5.76962;1.06837;5.76962;-0.00134052;6.70259;-1.74976;1.85529
9344;0.209003;-0.931634;5.76962;1.06837;5.76962;-0.00134052;6.70259;-1.74995;1.85548
9345;0.209003;-0.931634;5.76962;1.06837;5.76962;-0.00134052;6.70259;-1.75014;1.85568
9346;0.209003;-0.931634;5.76962;1.06837;5.76962;-0.00134052;6.70259;-1.75033;1.85587
9347;0.209003;-0.931634;5.76962;1.06837;5.76962;-0.00134052;6.70259;-1.75052;1.85606
9348;0.209003;-0.931634;5.76962;1.06837;5.76962;-0.00134052;6.70259;-1.75071;1.85626
9349;0.209003;-0.931634;5.76962;1.06837;5.76962;-0.00134052;6.70259;-1.7509;1.85645
9350;0.209003;-0.931634;5.76962;1.06837;5.76962;-0.00134052;6.70259;-1.75109;1.85664
9351;0.209003;-0.931634;5.76962;1.06837;5.76962;-0.00134052;6.70259;-1.75128;1.85684
9352;0.209003;-0.931634;5.76961;1.06837;5.76961;-0.00134052;6.70259;-1.75147;1.85703
9353;0.209003;-0.931634;5.76961;1.06837;5.76961;-0.00134052;6.70259;-1.75166;1.85723
9354;0.209003;-0.931634;5.76961;1.06837;5.76961;-0.00134052;6.70259;-1.75185;1.85742
9355;0.209003;-0.931634;5.76961;1.06837;5.76961;-0.00134052;6.70259;-1.75204;1.85761
9356;0.209003;-0.931634;5.76961;1.06837;5.76961;-0.00134052;6.70259;-1.75223;1.85781
9357;0.209003;-0.931634;5.76961;1.06837;5.76961;-0.00134052;6.70259;-1.75242;1.858
9358;0.209003;-0.931634;5.76961;1.06837;5.76961;-0.00134052;6.70259;-1.75261;1.85819
9359;0.209003;-0.931634;5.76961;1.06837;5.76961;-0.00134052;6.70259;-1.7528;1.85839
9360;0.209003;-0.931634;5.76961;1.06837;5.76961;-0.00134052;6.70259;-1.75299;1.85858
9361;0.209003;-0.931634;5.76961;1.06837;5.76961;-0.00134052;6.70259;-1.75318;1.85877
9362;0.209003;-0.931634;5.76961;1.06837;5.76961;-0.00134052;6.70259;-1.75337;1.85897
9363;0.209003;-0.931634;5.76961;1.06837;5.76961;-0.00134052;6.70259;-1.75356;1.85916
9364;0.209003;-0.931634;5.76961;1.06837;5.76961;-0.00134052;6.70259;-1.75374;1.85935
9365;0.209003;-0.931634;5.76961;1.06837;5.76961;-0.00134052;6.70259;-1.75393;1.85955
9366;0.209003;-0.931634;5.76961;1.06837;5.76961;-0.00134052;6.70259;-1.75412;1.85974
9367;0.209003;-0.931634;5.76961;1.06837;5.76961;-0.00134052;6.70259;-1.75431;1.85994
9368;0.209003;-0.931634;5.76961;1.06837;5.76961;-0.00134052;6.70259;-1.7545;1.86013
9369;0.209003;-0.931634;5.76961;1.06837;5.76961;-0.00134052;6.70259;-1.75469;1.86032
9370;0.209003;-0.931634;5.76961;1.06837;5.76961;-0.00134052;6.70259;-1.75488;1.86052
9371;0.209003;-0.931634;5.76961;1.06837;5.76961;-0.00134052;6.70259;-1.75507;1.86071
9372;0.209003;-0.931634;5.76961;1.06837;5.76961;-0.00134052;6.70259;-1.75526;1.8609
9373;0.209003;-0.931634;5.76961;1.06837;5.76961;-0.00134052;6.70259;-1.75545;1.8611
9374;0.209003;-0.931634;5.76961;1.06837;5.76961;-0.00134052;6.70259;-1.75564;1.86129
9375;0.209003;-0.931634;5.76961;1.06837;5.76961;-0.00134052;6.70259;-1.75583;1.86148
9376;0.209003;-0.931634;5.76961;1.06837;5.76961;-0.00134052;6.70259;-1.75602;1.86168
9377;0.209003;-0.931634;5.76961;1.06837;5.76961;-0.00134052;6.70259;-1.75621;1.86187
9378;0.209003;-0.931634;5.76961;1.06837;5.76961;-0.00134052;6.70259;-1.7564;1.86206
9379;0.209003;-0.931634;5.76961;1.06837;5.76961;-0.00134052;6.70259;-1.75659;1.86226
9380;0.209003;-0.931634;5.76961;1.06837;5.76961;-0.00134052;6.70259;-1.75678;1.86245
9381;0.209003;-0.931634;5.76961;1.06837;5.76961;-0.00134052;6.70259;-1.75697;1.86264
9382;0.209003;-0.931634;5.76961;1.06837;5.76961;-0.00134052;6.70259;-1.75716;1.86284
9383;0.209003;-0.931634;5.76961;1.06837;5.76961;-0.00134052;6.70259;-1.75735;1.86303
9384;0.209003;-0.931634;5.76961;1.06837;5.76961;-0.00134052;6.70259;-1.75754;1.86323
9385;0.209003;-0.931634;5.76961;1.06837;5.76961;-0.00134052;6.70259;-1.75773;1.86342
9386;0.209003;-0.931634;5.76961;1.06837;5.76961;-0.00134052;6.70259;-1.75792;1.86361
9387;0.209003;-0.931634;5.76961;1.06837;5.76961;-0.00134052;6.70259;-1.75811;1.86381
9388;0.209003;-0.931634;5.76961;1.06837;5.76961;-0.00134052;6.70259;-1.7583;1.864
9389;0.209003;-0.931634;5.76961;1.06837;5.76961;-0.00134052;6.70259;-1.75849;1.86419
9390;0.209003;-0.931634;5.76961;1.06837;5.76961;-0.00134052;6.70259;-1.75868;1.86439
9391;0.209003;-0.931634;5.76961;1.06837;5.76961;-0.00134052;6.70259;-1.75887;1.86458
9392;0.209003;-0.931634;5.76961;1.06837;5.76961;-0.00134052;6.70259;-1.75906;1.86477
9393;0.209003;-0.931634;5.76961;1.06837;5.76961;-0.00134052;6.70259;-1.75925;1.86497
9394;0.209003;-0.931634;5.76961;1.06837;5.76961;-0.00134052;6.70259;-1.75944;1.86516
9395;0.209003;-0.931634;5.76961;1.06837;5.76961;-0.00134052;6.70259;-1.75963;1.86535
9396;0.209003;-0.931634;5.76961;1.06837;5.76961;-0.00134052;6.70259;-1.75981;1.86555
9397;0.209003;-0.931634;5.76961;1.06837;5.76961;-0.00134052;6.70259;-1.76;1.86574
9398;0.209003;-0.931634;5.76961;1.06837;5.76961;-0.00134052;6.70259;-1.76019;1.86594
9399;0.209003;-0.931634;5.76961;1.06837;5.76961;-0.00134052;6.70259;-1.76038;1.86613
9400;0.209003;-0.931634;5.76961;1.06837;5.76961;-0.00134052;6.70259;-1.76057;1.86632
9401;0.209003;-0.931634;5.76961;1.06837;5.76961;-0.00134052;6.70259;-1.76076;1.86652
9402;0.209003;-0.931634;5.76961;1.06837;5.76961;-0.00134052;6.70259;-1.76095;1.86671
9403;0.209003;-0.931634;5.76961;1.06837;5.76961;-0.00134052;6.70259;-1.76114;1.8669
9404;0.209003;-0.931634;5.76961;1.06837;5.76961;-0.00134052;6.70259;-1.76133;1.8671
9405;0.209003;-0.931634;5.76961;1.06837;5.76961;-0.00134052;6.70259;-1.76152;1.86729
9406;0.209003;-0.931634;5.76961;1.06837;5.76961;-0.00134052;6.70259;-1.76171;1.86748
9407;0.209003;-0.931634;5.76961;1.06837;5.76961;-0.00134052;6.70259;-1.7619;1.86768
9408;0.209003;-0.931634;5.76961;1.06837;5.76961;-0.00134052;6.70259;-1.76209;1.86787
9409;0.209003;-0.931634;5.76961;1.06837;5.76961;-0.00134052;6.70259;-1.76228;1.86806
9410;0.209003;-0.931634;5.76961;1.06837;5.76961;-0.00134052;6.70259;-1.76247;1.86826
9411;0.209003;-0.931634;5.76961;1.06837;5.76961;-0.00134052;6.70259;-1.76266;1.86845
9412;0.209003;-0.931634;5.76961;1.06837;5.76961;-0.00134052;6.70259;-1.76285;1.86864
9413;0.209003;-0.931634;5.76961;1.06837;5.76961;-0.00134052;6.70259;-1.76304;1.86884
9414;0.209003;-0.931634;5.76961;1.06837;5.76961;-0.00134052;6.70259;-1.76323;1.86903
9415;0.209003;-0.931634;5.76961;1.06837;5.76961;-0.00134052;6.70259;-1.76342;1.86923
9416;0.209003;-0.931634;5.76961;1.06837;5.76961;-0.00134052;6.70259;-1.76361;1.86942
9417;0.209003;-0.931634;5.76961;1.06837;5.76961;-0.00134052;6.70259;-1.7638;1.86961
9418;0.209003;-0.931634;5.76961;1.06837;5.76961;-0.00134052;6.70259;-1.76399;1.86981
9419;0.209003;-0.931634;5.76961;1.06837;5.76961;-0.00134052;6.70259;-1.76418;1.87
9420;0.209003;-0.931634;5.76961;1.06837;5.76961;-0.00134052;6.70259;-1.76437;1.87019
9421;0.209003;-0.931634;5.76961;1.06837;5.76961;-0.00134052;6.70259;-1.76456;1.87039
9422;0.209003;-0.931634;5.76961;1.06837;5.76961;-0.00134052;6.70259;-1.76475;1.87058
9423;0.209003;-0.931634;5.76961;1.06837;5.76961;-0.00134052;6.70259;-1.76494;1.87077
9424;0.209003;-0.931634;5.76961;1.06837;5.76961;-0.00134052;6.70259;-1.76513;1.87097
9425;0.209003;-0.931634;5.76961;1.06837;5.76961;-0.00134052;6.70259;-1.76532;1.87116
9426;0.209003;-0.931634;5.76961;1.06837;5.76961;-0.00134052;6.70259;-1.76551;1.87135
9427;0.209003;-0.931634;5.76961;1.06837;5.76961;-0.00134052;6.70259;-1.76569;1.87155
9428;0.209003;-0.931634;5.76961;1.06837;5.76961;-0.00134052;6.70259;-1.76588;1.87174
9429;0.209003;-0.931634;5.76961;1.06837;5.76961;-0.00134052;6.70259;-1.76607;1.87194
9430;0.209003;-0.931634;5.76961;1.06837;5.76961;-0.00134052;6.70259;-1.76626;1.87213
9431;0.209003;-0.931634;5.76961;1.06837;5.76961;-0.00134052;6.70259;-1.76645;1.87232
9432;0.209003;-0.931634;5.76961;1.06837;5.76961;-0.00134052;6.70259;-1.76664;1.87252
9433;0.209003;-0.931634;5.76961;1.06837;5.76961;-0.00134052;6.70259;-1.76683;1.87271
9434;0.209003;-0.931634;5.76961;1.06837;5.76961;-0.00134052;6.70259;-1.76702;1.8729
9435;0.209003;-0.931634;5.76961;1.06837;5.76961;-0.00134052;6.70259;-1.76721;1.8731
9436;0.209003;-0.931634;5.76961;1.06837;5.76961;-0.00134052;6.70259;-1.7674;1.87329
9437;0.209003;-0.931634;5.76961;1.06837;5.76961;-0.00134052;6.70259;-1.76759;1.87348
9438;0.209003;-0.931634;5.76961;1.06837;5.76961;-0.00134052;6.70259;-1.76778;1.87368
9439;0.209003;-0.931634;5.76961;1.06837;5.76961;-0.00134052;6.70259;-1.76797;1.87387
9440;0.209003;-0.931634;5.76961;1.06837;5.76961;-0.00134052;6.70259;-1.76816;1.87406
9441;0.209003;-0.931634;5.76961;1.06837;5.76961;-0.00134052;6.70259;-1.76835;1.87426
9442;0.209003;-0.931634;5.76961;1.06837;5.76961;-0.00134052;6.70259;-1.76854;1.87445
9443;0.209003;-0.931634;5.76961;1.06837;5.76961;-0.00134052;6.70259;-1.76873;1.87464
9444;0.209003;-0.931634;5.76961;1.06837;5.76961;-0.00134052;6.70259;-1.76892;1.87484
9445;0.209003;-0.931634;5.76961;1.06837;5.76961;-0.00134052;6.70259;-1.76911;1.87503
9446;0.209003;-0.931634;5.76961;1.06837;5.76961;-0.00134052;6.70259;-1.7693;1.87523
9447;0.209003;-0.931634;5.76961;1.06837;5.76961;-0.00134052;6.70259;-1.76949;1.87542
9448;0.209003;-0.931634;5.76961;1.06837;5.76961;-0.00134052;6.70259;-1.76968;1.87561
9449;0.209003;-0.931634;5.76961;1.06837;5.76961;-0.00134052;6.70259;-1.76987;1.87581
9450;0.209003;-0.931634;5.76961;1.06837;5.76961;-0.00134052;6.70259;-1.77006;1.876
9451;0.209003;-0.931634;5.76961;1.06837;5.76961;-0.00134052;6.70259;-1.77025;1.87619
9452;0.209003;-0.931634;5.76961;1.06837;5.76961;-0.00134052;6.70259;-1.77044;1.87639
9453;0.209003;-0.931634;5.76961;1.06837;5.76961;-0.00134052;6.70259;-1.77063;1.87658
9454;0.209003;-0.931634;5.76961;1.06837;5.76961;-0.00134052;6.70259;-1.77082;1.87677
9455;0.209003;-0.931634;5.76961;1.06837;5.76961;-0.00134052;6.70259;-1.77101;1.87697
9456;0.209003;-0.931634;5.76961;1.06837;5.76961;-0.00134052;6.70259;-1.7712;1.87716
9457;0.209003;-0.931634;5.76961;1.06837;5.76961;-0.00134052;6.70259;-1.77139;1.87735
9458;0.209003;-0.931634;5.76961;1.06837;5.76961;-0.00134052;6.70259;-1.77158;1.87755
9459;0.209003;-0.931634;5.76961;1.06837;5.76961;-0.00134052;6.70259;-1.77176;1.87774
9460;0.209003;-0.931634;5.76961;1.06837;5.76961;-0.00134052;6.70259;-1.77195;1.87794
9461;0.209003;-0.931634;5.76961;1.06837;5.76961;-0.00134052;6.70259;-1.77214;1.87813
9462;0.209003;-0.931634;5.76961;1.06837;5.76961;-0.00134052;6.70259;-1.77233;1.87832
9463;0.209003;-0.931634;5.76961;1.06837;5.76961;-0.00134052;6.70258;-1.77252;1.87852
9464;0.209003;-0.931634;5.76961;1.06837;5.76961;-0.00134052;6.70258;-1.77271;1.87871
9465;0.209003;-0.931634;5.76961;1.06837;5.76961;-0.00134052;6.70258;-1.7729;1.8789
9466;0.209003;-0.931634;5.76961;1.06837;5.76961;-0.00134052;6.70258;-1.77309;1.8791
9467;0.209003;-0.931634;5.76961;1.06837;5.76961;-0.00134052;6.70258;-1.77328;1.87929
9468;0.209003;-0.931634;5.76961;1.06837;5.76961;-0.00134052;6.70258;-1.77347;1.87948
9469;0.209003;-0.931634;5.76961;1.06837;5.76961;-0.00134052;6.70258;-1.77366;1.87968
9470;0.209003;-0.931634;5.76961;1.06837;5.76961;-0.00134052;6.70258;-1.77385;1.87987
9471;0.209003;-0.931634;5.76961;1.06837;5.76961;-0.00134052;6.70258;-1.77404;1.88006
9472;0.209003;-0.931634;5.76961;1.06837;5.76961;-0.00134052;6.70258;-1.77423;1.88026
9473;0.209003;-0.931634;5.76961;1.06837;5.76961;-0.00134052;6.70258;-1.77442;1.88045
9474;0.209003;-0.931634;5.76961;1.06837;5.76961;-0.00134052;6.70258;-1.77461;1.88064
9475;0.209003;-0.931634;5.76961;1.06837;5.76961;-0.00134052;6.70258;-1.7748;1.88084
9476;0.209003;-0.931634;5.76961;1.06837;5.76961;-0.00134052;6.70258;-1.77499;1.88103
9477;0.209003;-0.931634;5.76961;1.06837;5.76961;-0.00134052;6.70258;-1.77518;1.88123
9478;0.209003;-0.931634;5.76961;1.06837;5.76961;-0.00134052;6.70258;-1.77537;1.88142
9479;0.209003;-0.931634;5.76961;1.06837;5.76961;-0.00134052;6.70258;-1.77556;1.88161
9480;0.209003;-0.931634;5.76961;1.06837;5.76961;-0.00134052;6.70258;-1.77575;1.88181
9481;0.209003;-0.931634;5.76961;1.06837;5.76961;-0.00134052;6.70258;-1.77594;1.882
9482;0.209003;-0.931634;5.76961;1.06837;5.76961;-0.00134052;6.70258;-1.77613;1.88219
9483;0.209003;-0.931634;5.76961;1.06837;5.76961;-0.00134052;6.70258;-1.77632;1.88239
9484;0.209003;-0.931634;5.76961;1.06837;5.76961;-0.00134052;6.70258;-1.77651;1.88258
9485;0.209003;-0.931634;5.76961;1.06837;5.76961;-0.00134052;6.70258;-1.7767;1.88277
9486;0.209003;-0.931634;5.76961;1.06837;5.76961;-0.00134052;6.70258;-1.77689;1.88297
9487;0.209003;-0.931634;5.76961;1.06837;5.76961;-0.00134052;6.70258;-1.77708;1.88316
9488;0.209003;-0.931634;5.76961;1.06837;5.76961;-0.00134052;6.70258;-1.77727;1.88335
9489;0.209003;-0.931634;5.76961;1.06837;5.76961;-0.00134052;6.70258;-1.77746;1.88355
9490;0.209003;-0.931634;5.76961;1.06837;5.76961;-0.00134052;6.70258;-1.77764;1.88374
9491;0.209003;-0.931634;5.76961;1.06837;5.76961;-0.00134052;6.70258;-1.77783;1.88394
9492;0.209003;-0.931634;5.76961;1.06837;5.76961;-0.00134052;6.70258;-1.77802;1.88413
9493;0.209003;-0.931634;5.76961;1.06837;5.76961;-0.00134052;6.70258;-1.77821;1.88432
9494;0.209003;-0.931634;5.76961;1.06837;5.76961;-0.00134052;6.70258;-1.7784;1.88452
9495;0.209003;-0.931634;5.76961;1.06837;5.76961;-0.00134052;6.70258;-1.77859;1.88471
9496;0.209003;-0.931634;5.76961;1.06837;5.76961;-0.00134052;6.70258;-1.77878;1.8849
9497;0.209003;-0.931634;5.76961;1.06837;5.76961;-0.00134052;6.70258;-1.77897;1.8851
9498;0.209003;-0.931634;5.76961;1.06837;5.76961;-0.00134052;6.70258;-1.77916;1.88529
9499;0.209003;-0.931634;5.76961;1.06837;5.76961;-0.00134052;6.70258;-1.77935;1.88548
9500;0.209003;-0.931634;5.76961;1.06837;5.76961;-0.00134052;6.70258;-1.77954;1.88568
9501;0.209003;-0.931634;5.76961;1.06837;5.76961;-0.00134052;6.70258;-1.77973;1.88587
9502;0.209003;-0.931634;5.76961;1.06837;5.76961;-0.00134052;6.70258;-1.77992;1.88606
9503;0.209003;-0.931634;5.76961;1.06837;5.76961;-0.00134052;6.70258;-1.78011;1.88626
9504;0.209003;-0.931634;5.76961;1.06837;5.76961;-0.00134052;6.70258;-1.7803;1.88645
9505;0.209003;-0.931634;5.76961;1.06837;5.76961;-0.00134052;6.70258;-1.78049;1.88664
9506;0.209003;-0.931634;5.76961;1.06837;5.76961;-0.00134052;6.70258;-1.78068;1.88684
9507;0.209003;-0.931634;5.76961;1.06837;5.76961;-0.00134052;6.70258;-1.78087;1.88703
9508;0.209003;-0.931634;5.76961;1.06837;5.76961;-0.00134052;6.70258;-1.78106;1.88723
9509;0.209003;-0.931634;5.76961;1.06837;5.76961;-0.00134052;6.70258;-1.78125;1.88742
9510;0.209003;-0.931634;5.76961;1.06837;5.76961;-0.00134052;6.70258;-1.78144;1.88761
9511;0.209003;-0.931634;5.76961;1.06837;5.76961;-0.00134052;6.70258;-1.78163;1.88781
9512;0.209003;-0.931634;5.76961;1.06837;5.76961;-0.00134052;6.70258;-1.78182;1.888
9513;0.209003;-0.931634;5.76961;1.06837;5.76961;-0.00134052;6.70258;-1.78201;1.88819
9514;0.209003;-0.931634;5.76961;1.06837;5.76961;-0.00134052;6.70258;-1.7822;1.88839
9515;0.209003;-0.931634;5.76961;1.06837;5.76961;-0.00134052;6.70258;-1.78239;1.88858
9516;0.209003;-0.931634;5.76961;1.06837;5.76961;-0.00134052;6.70258;-1.78258;1.88877
9517;0.209003;-0.931634;5.76961;1.06837;5.76961;-0.00134052;6.70258;-1.78277;1.88897
9518;0.209003;-0.931634;5.76961;1.06837;5.76961;-0.00134052;6.70258;-1.78296;1.88916
9519;0.209003;-0.931634;5.76961;1.06837;5.76961;-0.00134052;6.70258;-1.78315;1.88935
9520;0.209003;-0.931634;5.76961;1.06837;5.76961;-0.00134052;6.70258;-1.78334;1.88955
9521;0.209003;-0.931634;5.76961;1.06837;5.76961;-0.00134052;6.70258;-1.78352;1.88974
9522;0.209003;-0.931634;5.76961;1.06837;5.76961;-0.00134052;6.70258;-1.78371;1.88994
9523;0.209003;-0.931634;5.76961;1.06837;5.76961;-0.00134052;6.70258;-1.7839;1.89013
9524;0.209003;-0.931634;5.76961;1.06837;5.76961;-0.00134052;6.70258;-1.78409;1.89032
9525;0.209003;-0.931634;5.76961;1.06837;5.76961;-0.00134052;6.70258;-1.78428;1.89052
9526;0.209003;-0.931634;5.76961;1.06837;5.76961;-0.00134052;6.70258;-1.78447;1.89071
9527;0.209003;-0.931634;5.76961;1.06837;5.76961;-0.00134052;6.70258;-1.78466;1.8909
9528;0.209003;-0.931634;5.76961;1.06837;5.76961;-0.00134052;6.70258;-1.78485;1.8911
9529;0.209003;-0.931634;5.76961;1.06837;5.76961;-0.00134052;6.70258;-1.78504;1.89129
9530;0.209003;-0.931634;5.76961;1.06837;5.76961;-0.00134052;6.70258;-1.78523;1.89148
9531;0.209003;-0.931634;5.76961;1.06837;5.76961;-0.00134052;6.70258;-1.78542;1.89168
9532;0.209003;-0.931634;5.76961;1.06837;5.76961;-0.00134052;6.70258;-1.78561;1.89187
9533;0.209003;-0.931634;5.76961;1.06837;5.76961;-0.00134052;6.70258;-1.7858;1.89206
9534;0.209003;-0.931634;5.76961;1.06837;5.76961;-0.00134052;6.70258;-1.78599;1.89226
9535;0.209003;-0.931634;5.76961;1.06837;5.76961;-0.00134052;6.70258;-1.78618;1.89245
9536;0.209003;-0.931634;5.76961;1.06837;5.76961;-0.00134052;6.70258;-1.78637;1.89264
9537;0.209003;-0.931634;5.76961;1.06837;5.76961;-0.00134052;6.70258;-1.78656;1.89284
9538;0.209003;-0.931634;5.76961;1.06837;5.76961;-0.00134052;6.70258;-1.78675;1.89303
9539;0.209003;-0.931634;5.76961;1.06837;5.76961;-0.00134052;6.70258;-1.78694;1.89323
9540;0.209003;-0.931634;5.76961;1.06837;5.76961;-0.00134052;6.70258;-1.78713;1.89342
9541;0.209003;-0.931634;5.76961;1.06837;5.76961;-0.00134052;6.70258;-1.78732;1.89361
9542;0.209003;-0.931634;5.76961;1.06837;5.76961;-0.00134052;6.70258;-1.78751;1.89381
9543;0.209003;-0.931634;5.76961;1.06837;5.76961;-0.00134052;6.70258;-1.7877;1.894
9544;0.209003;-0.931634;5.76961;1.06837;5.76961;-0.00134052;6.70258;-1.78789;1.89419
9545;0.209003;-0.931634;5.76961;1.06837;5.76961;-0.00134052;6.70258;-1.78808;1.89439
9546;0.209003;-0.931634;5.76961;1.06837;5.76961;-0.00134052;6.70258;-1.78827;1.89458
9547;0.209003;-0.931634;5.76961;1.06837;5.76961;-0.00134052;6.70258;-1.78846;1.89477
9548;0.209003;-0.931634;5.76961;1.06837;5.76961;-0.00134052;6.70258;-1.78865;1.89497
9549;0.209003;-0.931634;5.76961;1.06837;5.76961;-0.00134052;6.70258;-1.78884;1.89516
9550;0.209003;-0.931634;5.76961;1.06837;5.76961;-0.00134052;6.70258;-1.78903;1.89535
9551;0.209003;-0.931634;5.76961;1.06837;5.76961;-0.00134052;6.70258;-1.78922;1.89555
9552;0.209003;-0.931634;5.76961;1.06837;5.76961;-0.00134052;6.70258;-1.78941;1.89574
9553;0.209003;-0.931634;5.76961;1.06837;5.76961;-0.00134052;6.70258;-1.78959;1.89594
9554;0.209003;-0.931634;5.76961;1.06837;5.76961;-0.00134052;6.70258;-1.78978;1.89613
9555;0.209003;-0.931634;5.76961;1.06837;5.76961;-0.00134052;6.70258;-1.78997;1.89632
9556;0.209003;-0.931634;5.76961;1.06837;5.76961;-0.00134052;6.70258;-1.79016;1.89652
9557;0.209003;-0.931634;5.76961;1.06837;5.76961;-0.00134052;6.70258;-1.79035;1.89671
9558;0.209003;-0.931634;5.76961;1.06837;5.76961;-0.00134052;6.70258;-1.79054;1.8969
9559;0.209003;-0.931634;5.76961;1.06837;5.76961;-0.00134052;6.70258;-1.79073;1.8971
9560;0.209003;-0.931634;5.76961;1.06837;5.76961;-0.00134052;6.70258;-1.79092;1.89729
9561;0.209003;-0.931634;5.76961;1.06837;5.76961;-0.00134052;6.70258;-1.79111;1.89748
9562;0.209003;-0.931634;5.76961;1.06837;5.76961;-0.00134052;6.70258;-1.7913;1.89768
9563;0.209003;-0.931634;5.76961;1.06837;5.76961;-0.00134052;6.70258;-1.79149;1.89787
9564;0.209003;-0.931634;5.76961;1.06837;5.76961;-0.00134052;6.70258;-1.79168;1.89806
9565;0.209003;-0.931634;5.76961;1.06837;5.76961;-0.00134052;6.70258;-1.79187;1.89826
9566;0.209003;-0.931634;5.76961;1.06837;5.76961;-0.00134052;6.70258;-1.79206;1.89845
9567;0.209003;-0.931634;5.76961;1.06837;5.76961;-0.00134052;6.70258;-1.79225;1.89864
9568;0.209003;-0.931634;5.76961;1.06837;5.76961;-0.00134052;6.70258;-1.79244;1.89884
9569;0.209003;-0.931634;5.76961;1.06837;5.76961;-0.00134052;6.70258;-1.79263;1.89903
9570;0.209003;-0.931634;5.76961;1.06837;5.76961;-0.00134052;6.70258;-1.79282;1.89923
9571;0.209003;-0.931634;5.76961;1.06837;5.76961;-0.00134052;6.70258;-1.79301;1.89942
9572;0.209003;-0.931634;5.76961;1.06837;5.76961;-0.00134052;6.70258;-1.7932;1.89961
9573;0.209003;-0.931634;5.76961;1.06837;5.76961;-0.00134052;6.70258;-1.79339;1.89981
9574;0.209003;-0.931634;5.76961;1.06837;5.76961;-0.00134052;6.70258;-1.79358;1.9
9575;0.209003;-0.931634;5.76961;1.06837;5.76961;-0.00134052;6.70258;-1.79377;1.90019
9576;0.209003;-0.931634;5.76961;1.06837;5.76961;-0.00134052;6.70258;-1.79396;1.90039
9577;0.209003;-0.931634;5.76961;1.06837;5.76961;-0.00134052;6.70258;-1.79415;1.90058
9578;0.209003;-0.931634;5.76961;1.06837;5.76961;-0.00134052;6.70258;-1.79434;1.90077
9579;0.209003;-0.931634;5.76961;1.06837;5.76961;-0.00134052;6.70258;-1.79453;1.90097
9580;0.209003;-0.931634;5.76961;1.06837;5.76961;-0.00134052;6.70258;-1.79472;1.90116
9581;0.209003;-0.931634;5.76961;1.06837;5.76961;-0.00134052;6.70258;-1.79491;1.90135
9582;0.209003;-0.931634;5.76961;1.06837;5.76961;-0.00134052;6.70258;-1.7951;1.90155
9583;0.209003;-0.931634;5.76961;1.06837;5.76961;-0.00134052;6.70258;-1.79529;1.90174
9584;0.209003;-0.931634;5.76961;1.06837;5.76961;-0.00134052;6.70258;-1.79547;1.90194
9585;0.209003;-0.931634;5.76961;1.06837;5.76961;-0.00134052;6.70258;-1.79566;1.90213
9586;0.209003;-0.931634;5.76961;1.06837;5.76961;-0.00134052;6.70258;-1.79585;1.90232
9587;0.209003;-0.931634;5.76961;1.06837;5.76961;-0.00134052;6.70258;-1.79604;1.90252
9588;0.209003;-0.931634;5.76961;1.06837;5.76961;-0.00134052;6.70258;-1.79623;1.90271
9589;0.209003;-0.931634;5.76961;1.06837;5.76961;-0.00134052;6.70258;-1.79642;1.9029
9590;0.209003;-0.931634;5.76961;1.06837;5.76961;-0.00134052;6.70258;-1.79661;1.9031
9591;0.209003;-0.931634;5.76961;1.06837;5.76961;-0.00134052;6.70258;-1.7968;1.90329
9592;0.209003;-0.931634;5.76961;1.06837;5.76961;-0.00134052;6.70258;-1.79699;1.90348
9593;0.209003;-0.931634;5.76961;1.06837;5.76961;-0.00134052;6.70258;-1.79718;1.90368
9594;0.209003;-0.931634;5.76961;1.06837;5.76961;-0.00134052;6.70258;-1.79737;1.90387
9595;0.209003;-0.931634;5.76961;1.06837;5.76961;-0.00134052;6.70258;-1.79756;1.90406
9596;0.209003;-0.931634;5.76961;1.06837;5.76961;-0.00134052;6.70258;-1.79775;1.90426
9597;0.209003;-0.931634;5.76961;1.06837;5.76961;-0.00134052;6.70258;-1.79794;1.90445
9598;0.209003;-0.931634;5.76961;1.06837;5.76961;-0.00134052;6.70258;-1.79813;1.90464
9599;0.209003;-0.931634;5.76961;1.06837;5.76961;-0.00134052;6.70258;-1.79832;1.90484
9600;0.209003;-0.931634;5.76961;1.06837;5.76961;-0.00134052;6.70258;-1.79851;1.90503
9601;0.209003;-0.931634;5.76961;1.06837;5.76961;-0.00134052;6.70258;-1.7987;1.90523
9602;0.209003;-0.931634;5.76961;1.06837;5.76961;-0.00134052;6.70258;-1.79889;1.90542
9603;0.209003;-0.931634;5.76961;1.06837;5.76961;-0.00134052;6.70258;-1.79908;1.90561
9604;0.209003;-0.931634;5.76961;1.06837;5.76961;-0.00134052;6.70258;-1.79927;1.90581
9605;0.209003;-0.931634;5.76961;1.06837;5.76961;-0.00134052;6.70258;-1.79946;1.906
9606;0.209003;-0.931634;5.76961;1.06837;5.76961;-0.00134052;6.70258;-1.79965;1.90619
9607;0.209003;-0.931634;5.76961;1.06837;5.76961;-0.00134052;6.70258;-1.79984;1.90639
9608;0.209003;-0.931634;5.76961;1.06837;5.76961;-0.00134052;6.70258;-1.80003;1.90658
9609;0.209003;-0.931634;5.76961;1.06837;5.76961;-0.00134052;6.70258;-1.80022;1.90677
9610;0.209003;-0.931634;5.76961;1.06837;5.76961;-0.00134052;6.70258;-1.80041;1.90697
9611;0.209003;-0.931634;5.76961;1.06837;5.76961;-0.00134052;6.70258;-1.8006;1.90716
9612;0.209003;-0.931634;5.76961;1.06837;5.76961;-0.00134052;6.70258;-1.80079;1.90735
9613;0.209003;-0.931634;5.76961;1.06837;5.76961;-0.00134052;6.70258;-1.80098;1.90755
9614;0.209003;-0.931634;5.76961;1.06837;5.76961;-0.00134052;6.70258;-1.80117;1.90774
9615;0.209003;-0.931634;5.76961;1.06837;5.76961;-0.00134052;6.70258;-1.80136;1.90794
9616;0.209003;-0.931634;5.76961;1.06837;5.76961;-0.00134052;6.70258;-1.80154;1.90813
9617;0.209003;-0.931634;5.76961;1.06837;5.76961;-0.00134052;6.70258;-1.80173;1.90832
9618;0.209003;-0.931634;5.76961;1.06837;5.76961;-0.00134052;6.70258;-1.80192;1.90852
9619;0.209003;-0.931634;5.7696;1.06837;5.7696;-0.00134052;6.70258;-1.80211;1.90871
9620;0.209003;-0.931634;5.7696;1.06837;5.7696;-0.00134052;6.70258;-1.8023;1.9089
9621;0.209003;-0.931634;5.7696;1.06837;5.7696;-0.00134052;6.70258;-1.80249;1.9091
9622;0.209003;-0.931634;5.7696;1.06837;5.7696;-0.00134052;6.70258;-1.80268;1.90929
9623;0.209003;-0.931634;5.7696;1.06837;5.7696;-0.00134052;6.70258;-1.80287;1.90948
9624;0.209003;-0.931634;5.7696;1.06837;5.7696;-0.00134052;6.70258;-1.80306;1.90968
9625;0.209003;-0.931634;5.7696;1.06837;5.7696;-0.00134052;6.70258;-1.80325;1.90987
9626;0.209003;-0.931634;5.7696;1.06837;5.7696;-0.00134052;6.70258;-1.80344;1.91006
9627;0.209003;-0.931634;5.7696;1.06837;5.7696;-0.00134052;6.70258;-1.80363;1.91026
9628;0.209003;-0.931634;5.7696;1.06837;5.7696;-0.00134052;6.70258;-1.80382;1.91045
9629;0.209003;-0.931634;5.7696;1.06837;5.7696;-0.00134052;6.70258;-1.80401;1.91064
9630;0.209003;-0.931634;5.7696;1.06837;5.7696;-0.00134052;6.70258;-1.8042;1.91084
9631;0.209003;-0.931634;5.7696;1.06837;5.7696;-0.00134052;6.70258;-1.80439;1.91103
9632;0.209003;-0.931634;5.7696;1.06837;5.7696;-0.00134052;6.70258;-1.80458;1.91123
9633;0.209003;-0.931634;5.7696;1.06837;5.7696;-0.00134052;6.70258;-1.80477;1.91142
9634;0.209003;-0.931634;5.7696;1.06837;5.7696;-0.00134052;6.70258;-1.80496;1.91161
9635;0.209003;-0.931634;5.7696;1.06837;5.7696;-0.00134052;6.70258;-1.80515;1.91181
9636;0.209003;-0.931634;5.7696;1.06837;5.7696;-0.00134052;6.70258;-1.80534;1.912
9637;0.209003;-0.931634;5.7696;1.06837;5.7696;-0.00134052;6.70258;-1.80553;1.91219
9638;0.209003;-0.931634;5.7696;1.06837;5.7696;-0.00134052;6.70258;-1.80572;1.91239
9639;0.209003;-0.931634;5.7696;1.06837;5.7696;-0.00134052;6.70258;-1.80591;1.91258
9640;0.209003;-0.931634;5.7696;1.06837;5.7696;-0.00134052;6.70258;-1.8061;1.91277
9641;0.209003;-0.931634;5.7696;1.06837;5.7696;-0.00134052;6.70258;-1.80629;1.91297
9642;0.209003;-0.931634;5.7696;1.06837;5.7696;-0.00134052;6.70258;-1.80648;1.91316
9643;0.209003;-0.931634;5.7696;1.06837;5.7696;-0.00134052;6.70258;-1.80667;1.91335
9644;0.209003;-0.931634;5.7696;1.06837;5.7696;-0.00134052;6.70258;-1.80686;1.91355
9645;0.209003;-0.931634;5.7696;1.06837;5.7696;-0.00134052;6.70258;-1.80705;1.91374
9646;0.209003;-0.931634;5.7696;1.06837;5.7696;-0.00134052;6.70258;-1.80724;1.91394
9647;0.209003;-0.931634;5.7696;1.06837;5.7696;-0.00134052;6.70258;-1.80742;1.91413
9648;0.209003;-0.931634;5.7696;1.06837;5.7696;-0.00134052;6.70258;-1.80761;1.91432
9649;0.209003;-0.931634;5.7696;1.06837;5.7696;-0.00134052;6.70258;-1.8078;1.91452
9650;0.209003;-0.931634;5.7696;1.06837;5.7696;-0.00134052;6.70258;-1.80799;1.91471
9651;0.209003;-0.931634;5.7696;1.06837;5.7696;-0.00134052;6.70258;-1.80818;1.9149
9652;0.209003;-0.931634;5.7696;1.06837;5.7696;-0.00134052;6.70258;-1.80837;1.9151
9653;0.209003;-0.931634;5.7696;1.06837;5.7696;-0.00134052;6.70258;-1.80856;1.91529
9654;0.209003;-0.931634;5.7696;1.06837;5.7696;-0.00134052;6.70258;-1.80875;1.91548
9655;0.209003;-0.931634;5.7696;1.06837;5.7696;-0.00134052;6.70258;-1.80894;1.91568
9656;0.209003;-0.931634;5.7696;1.06837;5.7696;-0.00134052;6.70258;-1.80913;1.91587
9657;0.209003;-0.931634;5.7696;1.06837;5.7696;-0.00134052;6.70258;-1.80932;1.91606
9658;0.209003;-0.931634;5.7696;1.06837;5.7696;-0.00134052;6.70258;-1.80951;1.91626
9659;0.209003;-0.931634;5.7696;1.06837;5.7696;-0.00134052;6.70258;-1.8097;1.91645
9660;0.209003;-0.931634;5.7696;1.06837;5.7696;-0.00134052;6.70258;-1.80989;1.91664
9661;0.209003;-0.931634;5.7696;1.06837;5.7696;-0.00134052;6.70258;-1.81008;1.91684
9662;0.209003;-0.931634;5.7696;1.06837;5.7696;-0.00134052;6.70258;-1.81027;1.91703
9663;0.209003;-0.931634;5.7696;1.06837;5.7696;-0.00134052;6.70258;-1.81046;1.91723
9664;0.209003;-0.931634;5.7696;1.06837;5.7696;-0.00134052;6.70258;-1.81065;1.91742
9665;0.209003;-0.931634;5.7696;1.06837;5.7696;-0.00134052;6.70258;-1.81084;1.91761
9666;0.209003;-0.931634;5.7696;1.06837;5.7696;-0.00134052;6.70258;-1.81103;1.91781
9667;0.209003;-0.931634;5.7696;1.06837;5.7696;-0.00134052;6.70258;-1.81122;1.918
9668;0.209003;-0.931634;5.7696;1.06837;5.7696;-0.00134052;6.70258;-1.81141;1.91819
9669;0.209003;-0.931634;5.7696;1.06837;5.7696;-0.00134052;6.70258;-1.8116;1.91839
9670;0.209003;-0.931634;5.7696;1.06837;5.7696;-0.00134052;6.70258;-1.81179;1.91858
9671;0.209003;-0.931634;5.7696;1.06837;5.7696;-0.00134052;6.70258;-1.81198;1.91877
9672;0.209003;-0.931634;5.7696;1.06837;5.7696;-0.00134052;6.70258;-1.81217;1.91897
9673;0.209003;-0.931634;5.7696;1.06837;5.7696;-0.00134052;6.70258;-1.81236;1.91916
9674;0.209003;-0.931634;5.7696;1.06837;5.7696;-0.00134052;6.70258;-1.81255;1.91935
9675;0.209003;-0.931634;5.7696;1.06837;5.7696;-0.00134052;6.70258;-1.81274;1.91955
9676;0.209003;-0.931634;5.7696;1.06837;5.7696;-0.00134052;6.70258;-1.81293;1.91974
9677;0.209003;-0.931634;5.7696;1.06837;5.7696;-0.00134052;6.70258;-1.81312;1.91994
9678;0.209003;-0.931634;5.7696;1.06837;5.7696;-0.00134052;6.70258;-1.8133;1.92013
9679;0.209003;-0.931634;5.7696;1.06837;5.7696;-0.00134052;6.70258;-1.81349;1.92032
9680;0.209003;-0.931634;5.7696;1.06837;5.7696;-0.00134052;6.70258;-1.81368;1.92052
9681;0.209003;-0.931634;5.7696;1.06837;5.7696;-0.00134052;6.70258;-1.81387;1.92071
9682;0.209003;-0.931634;5.7696;1.06837;5.7696;-0.00134052;6.70258;-1.81406;1.9209
9683;0.209003;-0.931634;5.7696;1.06837;5.7696;-0.00134052;6.70258;-1.81425;1.9211
9684;0.209003;-0.931634;5.7696;1.06837;5.7696;-0.00134052;6.70258;-1.81444;1.92129
9685;0.209003;-0.931634;5.7696;1.06837;5.7696;-0.00134052;6.70258;-1.81463;1.92148
9686;0.209003;-0.931634;5.7696;1.06837;5.7696;-0.00134052;6.70258;-1.81482;1.92168
9687;0.209003;-0.931634;5.7696;1.06837;5.7696;-0.00134052;6.70258;-1.81501;1.92187
9688;0.209003;-0.931634;5.7696;1.06837;5.7696;-0.00134052;6.70258;-1.8152;1.92206
9689;0.209003;-0.931634;5.7696;1.06837;5.7696;-0.00134052;6.70258;-1.81539;1.92226
9690;0.209003;-0.931634;5.7696;1.06837;5.7696;-0.00134052;6.70258;-1.81558;1.92245
9691;0.209003;-0.931634;5.7696;1.06837;5.7696;-0.00134052;6.70258;-1.81577;1.92264
9692;0.209003;-0.931634;5.7696;1.06837;5.7696;-0.00134052;6.70258;-1.81596;1.92284
9693;0.209003;-0.931634;5.7696;1.06837;5.7696;-0.00134052;6.70258;-1.81615;1.92303
9694;0.209003;-0.931634;5.7696;1.06837;5.7696;-0.00134052;6.70258;-1.81634;1.92323
9695;0.209003;-0.931634;5.7696;1.06837;5.7696;-0.00134052;6.70258;-1.81653;1.92342
9696;0.209003;-0.931634;5.7696;1.06837;5.7696;-0.00134052;6.70258;-1.81672;1.92361
9697;0.209003;-0.931634;5.7696;1.06837;5.7696;-0.00134052;6.70258;-1.81691;1.92381
9698;0.209003;-0.931634;5.7696;1.06837;5.7696;-0.00134052;6.70258;-1.8171;1.924
9699;0.209003;-0.931634;5.7696;1.06837;5.7696;-0.00134052;6.70258;-1.81729;1.92419
9700;0.209003;-0.931634;5.7696;1.06837;5.7696;-0.00134052;6.70258;-1.81748;1.92439
9701;0.209003;-0.931634;5.7696;1.06837;5.7696;-0.00134052;6.70258;-1.81767;1.92458
9702;0.209003;-0.931634;5.7696;1.06837;5.7696;-0.00134052;6.70258;-1.81786;1.92477
9703;0.209003;-0.931634;5.7696;1.06837;5.7696;-0.00134052;6.70258;-1.81805;1.92497
9704;0.209003;-0.931634;5.7696;1.06837;5.7696;-0.00134052;6.70258;-1.81824;1.92516
9705;0.209003;-0.931634;5.7696;1.06837;5.7696;-0.00134052;6.70258;-1.81843;1.92535
9706;0.209003;-0.931634;5.7696;1.06837;5.7696;-0.00134052;6.70258;-1.81862;1.92555
9707;0.209003;-0.931634;5.7696;1.06837;5.7696;-0.00134052;6.70258;-1.81881;1.92574
9708;0.209003;-0.931634;5.7696;1.06837;5.7696;-0.00134052;6.70258;-1.819;1.92594
9709;0.209003;-0.931634;5.7696;1.06837;5.7696;-0.00134052;6.70258;-1.81919;1.92613
9710;0.209003;-0.931634;5.7696;1.06837;5.7696;-0.00134052;6.70258;-1.81937;1.92632
9711;0.209003;-0.931634;5.7696;1.06837;5.7696;-0.00134052;6.70258;-1.81956;1.92652
9712;0.209003;-0.931634;5.7696;1.06837;5.7696;-0.00134052;6.70258;-1.81975;1.92671
9713;0.209004;-0.931634;5.7696;1.06837;5.7696;-0.00134052;6.70258;-1.81994;1.9269
9714;0.209004;-0.931634;5.7696;1.06837;5.7696;-0.00134052;6.70258;-1.82013;1.9271
9715;0.209004;-0.931634;5.7696;1.06837;5.7696;-0.00134052;6.70258;-1.82032;1.92729
9716;0.209004;-0.931634;5.7696;1.06837;5.7696;-0.00134052;6.70258;-1.82051;1.92748
9717;0.209004;-0.931634;5.7696;1.06837;5.7696;-0.00134052;6.70258;-1.8207;1.92768
9718;0.209004;-0.931634;5.7696;1.06837;5.7696;-0.00134052;6.70258;-1.82089;1.92787
9719;0.209004;-0.931634;5.7696;1.06837;5.7696;-0.00134052;6.70258;-1.82108;1.92806
9720;0.209004;-0.931634;5.7696;1.06837;5.7696;-0.00134052;6.70258;-1.82127;1.92826
9721;0.209004;-0.931634;5.7696;1.06837;5.7696;-0.00134052;6.70258;-1.82146;1.92845
9722;0.209004;-0.931634;5.7696;1.06837;5.7696;-0.00134052;6.70258;-1.82165;1.92864
9723;0.209004;-0.931634;5.7696;1.06837;5.7696;-0.00134052;6.70258;-1.82184;1.92884
9724;0.209004;-0.931634;5.7696;1.06837;5.7696;-0.00134052;6.70258;-1.82203;1.92903
9725;0.209004;-0.931634;5.7696;1.06837;5.7696;-0.00134052;6.70258;-1.82222;1.92923
9726;0.209004;-0.931634;5.7696;1.06837;5.7696;-0.00134052;6.70258;-1.82241;1.92942
9727;0.209004;-0.931634;5.7696;1.06837;5.7696;-0.00134052;6.70258;-1.8226;1.92961
9728;0.209004;-0.931634;5.7696;1.06837;5.7696;-0.00134052;6.70258;-1.82279;1.92981
9729;0.209004;-0.931634;5.7696;1.06837;5.7696;-0.00134052;6.70258;-1.82298;1.93
9730;0.209004;-0.931634;5.7696;1.06837;5.7696;-0.00134052;6.70258;-1.82317;1.93019
9731;0.209004;-0.931634;5.7696;1.06837;5.7696;-0.00134052;6.70258;-1.82336;1.93039
9732;0.209004;-0.931634;5.7696;1.06837;5.7696;-0.00134052;6.70258;-1.82355;1.93058
9733;0.209004;-0.931634;5.7696;1.06837;5.7696;-0.00134051;6.70257;-1.82374;1.93077
9734;0.209004;-0.931634;5.7696;1.06837;5.7696;-0.00134051;6.70257;-1.82393;1.93097
9735;0.209004;-0.931634;5.7696;1.06837;5.7696;-0.00134051;6.70257;-1.82412;1.93116
9736;0.209004;-0.931634;5.7696;1.06837;5.7696;-0.00134051;6.70257;-1.82431;1.93135
9737;0.209004;-0.931634;5.7696;1.06837;5.7696;-0.00134051;6.70257;-1.8245;1.93155
9738;0.209004;-0.931634;5.7696;1.06837;5.7696;-0.00134051;6.70257;-1.82469;1.93174
9739;0.209004;-0.931634;5.7696;1.06837;5.7696;-0.00134051;6.70257;-1.82488;1.93194
9740;0.209004;-0.931634;5.7696;1.06837;5.7696;-0.00134051;6.70257;-1.82507;1.93213
9741;0.209004;-0.931634;5.7696;1.06837;5.7696;-0.00134051;6.70257;-1.82525;1.93232
9742;0.209004;-0.931634;5.7696;1.06837;5.7696;-0.00134051;6.70257;-1.82544;1.93252
9743;0.209004;-0.931634;5.7696;1.06837;5.7696;-0.00134051;6.70257;-1.82563;1.93271
9744;0.209004;-0.931634;5.7696;1.06837;5.7696;-0.00134051;6.70257;-1.82582;1.9329
9745;0.209004;-0.931634;5.7696;1.06837;5.7696;-0.00134051;6.70257;-1.82601;1.9331
9746;0.209004;-0.931634;5.7696;1.06837;5.7696;-0.00134051;6.70257;-1.8262;1.93329
9747;0.209004;-0.931634;5.7696;1.06837;5.7696;-0.00134051;6.70257;-1.82639;1.93348
9748;0.209004;-0.931634;5.7696;1.06837;5.7696;-0.00134051;6.70257;-1.82658;1.93368
9749;0.209004;-0.931634;5.7696;1.06837;5.7696;-0.00134051;6.70257;-1.82677;1.93387
9750;0.209004;-0.931634;5.7696;1.06837;5.7696;-0.00134051;6.70257;-1.82696;1.93406
9751;0.209004;-0.931634;5.7696;1.06837;5.7696;-0.00134051;6.70257;-1.82715;1.93426
9752;0.209004;-0.931634;5.7696;1.06837;5.7696;-0.00134051;6.70257;-1.82734;1.93445
9753;0.209004;-0.931634;5.7696;1.06837;5.7696;-0.00134051;6.70257;-1.82753;1.93464
9754;0.209004;-0.931634;5.7696;1.06837;5.7696;-0.00134051;6.70257;-1.82772;1.93484
9755;0.209004;-0.931634;5.7696;1.06837;5.7696;-0.00134051;6.70257;-1.82791;1.93503
9756;0.209004;-0.931634;5.7696;1.06837;5.7696;-0.00134051;6.70257;-1.8281;1.93523
9757;0.209004;-0.931634;5.7696;1.06837;5.7696;-0.00134051;6.70257;-1.82829;1.93542
9758;0.209004;-0.931634;5.7696;1.06837;5.7696;-0.00134051;6.70257;-1.82848;1.93561
9759;0.209004;-0.931634;5.7696;1.06837;5.7696;-0.00134051;6.70257;-1.82867;1.93581
9760;0.209004;-0.931634;5.7696;1.06837;5.7696;-0.00134051;6.70257;-1.82886;1.936
9761;0.209004;-0.931634;5.7696;1.06837;5.7696;-0.00134051;6.70257;-1.82905;1.93619
9762;0.209004;-0.931634;5.7696;1.06837;5.7696;-0.00134051;6.70257;-1.82924;1.93639
9763;0.209004;-0.931634;5.7696;1.06837;5.7696;-0.00134051;6.70257;-1.82943;1.93658
9764;0.209004;-0.931634;5.7696;1.06837;5.7696;-0.00134051;6.70257;-1.82962;1.93677
9765;0.209004;-0.931634;5.7696;1.06837;5.7696;-0.00134051;6.70257;-1.82981;1.93697
9766;0.209004;-0.931634;5.7696;1.06837;5.7696;-0.00134051;6.70257;-1.83;1.93716
9767;0.209004;-0.931634;5.7696;1.06837;5.7696;-0.00134051;6.70257;-1.83019;1.93735
9768;0.209004;-0.931634;5.7696;1.06837;5.7696;-0.00134051;6.70257;-1.83038;1.93755
9769;0.209004;-0.931634;5.7696;1.06837;5.7696;-0.00134051;6.70257;-1.83057;1.93774
9770;0.209004;-0.931634;5.7696;1.06837;5.7696;-0.00134051;6.70257;-1.83076;1.93794
9771;0.209004;-0.931634;5.7696;1.06837;5.7696;-0.00134051;6.70257;-1.83095;1.93813
9772;0.209004;-0.931634;5.7696;1.06837;5.7696;-0.00134051;6.70257;-1.83114;1.93832
9773;0.209004;-0.931634;5.7696;1.06837;5.7696;-0.00134051;6.70257;-1.83132;1.93852
9774;0.209004;-0.931634;5.7696;1.06837;5.7696;-0.00134051;6.70257;-1.83151;1.93871
9775;0.209004;-0.931634;5.7696;1.06837;5.7696;-0.00134051;6.70257;-1.8317;1.9389
9776;0.209004;-0.931634;5.7696;1.06837;5.7696;-0.00134051;6.70257;-1.83189;1.9391
9777;0.209004;-0.931634;5.7696;1.06837;5.7696;-0.00134051;6.70257;-1.83208;1.93929
9778;0.209004;-0.931634;5.7696;1.06837;5.7696;-0.00134051;6.70257;-1.83227;1.93948
9779;0.209004;-0.931634;5.7696;1.06837;5.7696;-0.00134051;6.70257;-1.83246;1.93968
9780;0.209004;-0.931634;5.7696;1.06837;5.7696;-0.00134051;6.70257;-1.83265;1.93987
9781;0.209004;-0.931634;5.7696;1.06837;5.7696;-0.00134051;6.70257;-1.83284;1.94006
9782;0.209004;-0.931634;5.7696;1.06837;5.7696;-0.00134051;6.70257;-1.83303;1.94026
9783;0.209004;-0.931634;5.7696;1.06837;5.7696;-0.00134051;6.70257;-1.83322;1.94045
9784;0.209004;-0.931634;5.7696;1.06837;5.7696;-0.00134051;6.70257;-1.83341;1.94064
9785;0.209004;-0.931634;5.7696;1.06837;5.7696;-0.00134051;6.70257;-1.8336;1.94084
9786;0.209004;-0.931634;5.7696;1.06837;5.7696;-0.00134051;6.70257;-1.83379;1.94103
9787;0.209004;-0.931634;5.7696;1.06837;5.7696;-0.00134051;6.70257;-1.83398;1.94123
9788;0.209004;-0.931634;5.7696;1.06837;5.7696;-0.00134051;6.70257;-1.83417;1.94142
9789;0.209004;-0.931634;5.7696;1.06837;5.7696;-0.00134051;6.70257;-1.83436;1.94161
9790;0.209004;-0.931634;5.7696;1.06837;5.7696;-0.00134051;6.70257;-1.83455;1.94181
9791;0.209004;-0.931634;5.7696;1.06837;5.7696;-0.00134051;6.70257;-1.83474;1.942
9792;0.209004;-0.931634;5.7696;1.06837;5.7696;-0.00134051;6.70257;-1.83493;1.94219
9793;0.209004;-0.931634;5.7696;1.06837;5.7696;-0.00134051;6.70257;-1.83512;1.94239
9794;0.209004;-0.931634;5.7696;1.06837;5.7696;-0.00134051;6.70257;-1.83531;1.94258
9795;0.209004;-0.931634;5.7696;1.06837;5.7696;-0.00134051;6.70257;-1.8355;1.94277
9796;0.209004;-0.931634;5.7696;1.06837;5.7696;-0.00134051;6.70257;-1.83569;1.94297
9797;0.209004;-0.931634;5.7696;1.06837;5.7696;-0.00134051;6.70257;-1.83588;1.94316
9798;0.209004;-0.931634;5.7696;1.06837;5.7696;-0.00134051;6.70257;-1.83607;1.94335
9799;0.209004;-0.931634;5.7696;1.06837;5.7696;-0.00134051;6.70257;-1.83626;1.94355
9800;0.209004;-0.931634;5.7696;1.06837;5.7696;-0.00134051;6.70257;-1.83645;1.94374
9801;0.209004;-0.931634;5.7696;1.06837;5.7696;-0.00134051;6.70257;-1.83664;1.94394
9802;0.209004;-0.931634;5.7696;1.06837;5.7696;-0.00134051;6.70257;-1.83683;1.94413
9803;0.209004;-0.931634;5.7696;1.06837;5.7696;-0.00134051;6.70257;-1.83702;1.94432
9804;0.209004;-0.931634;5.7696;1.06837;5.7696;-0.00134051;6.70257;-1.8372;1.94452
9805;0.209004;-0.931634;5.7696;1.06837;5.7696;-0.00134051;6.70257;-1.83739;1.94471
9806;0.209004;-0.931634;5.7696;1.06837;5.7696;-0.00134051;6.70257;-1.83758;1.9449
9807;0.209004;-0.931634;5.7696;1.06837;5.7696;-0.00134051;6.70257;-1.83777;1.9451
9808;0.209004;-0.931634;5.7696;1.06837;5.7696;-0.00134051;6.70257;-1.83796;1.94529
9809;0.209004;-0.931634;5.7696;1.06837;5.7696;-0.00134051;6.70257;-1.83815;1.94548
9810;0.209004;-0.931634;5.7696;1.06837;5.7696;-0.00134051;6.70257;-1.83834;1.94568
9811;0.209004;-0.931634;5.7696;1.06837;5.7696;-0.00134051;6.70257;-1.83853;1.94587
9812;0.209004;-0.931634;5.7696;1.06837;5.7696;-0.00134051;6.70257;-1.83872;1.94606
9813;0.209004;-0.931634;5.7696;1.06837;5.7696;-0.00134051;6.70257;-1.83891;1.94626
9814;0.209004;-0.931634;5.7696;1.06837;5.7696;-0.00134051;6.70257;-1.8391;1.94645
9815;0.209004;-0.931634;5.7696;1.06837;5.7696;-0.00134051;6.70257;-1.83929;1.94664
9816;0.209004;-0.931634;5.7696;1.06837;5.7696;-0.00134051;6.70257;-1.83948;1.94684
9817;0.209004;-0.931634;5.7696;1.06837;5.7696;-0.00134051;6.70257;-1.83967;1.94703
9818;0.209004;-0.931634;5.7696;1.06837;5.7696;-0.00134051;6.70257;-1.83986;1.94723
9819;0.209004;-0.931634;5.7696;1.06837;5.7696;-0.00134051;6.70257;-1.84005;1.94742
9820;0.209004;-0.931634;5.7696;1.06837;5.7696;-0.00134051;6.70257;-1.84024;1.94761
9821;0.209004;-0.931634;5.7696;1.06837;5.7696;-0.00134051;6.70257;-1.84043;1.94781
9822;0.209004;-0.931634;5.7696;1.06837;5.7696;-0.00134051;6.70257;-1.84062;1.948
9823;0.209004;-0.931634;5.7696;1.06837;5.7696;-0.00134051;6.70257;-1.84081;1.94819
9824;0.209004;-0.931634;5.7696;1.06837;5.7696;-0.00134051;6.70257;-1.841;1.94839
9825;0.209004;-0.931634;5.7696;1.06837;5.7696;-0.00134051;6.70257;-1.84119;1.94858
9826;0.209004;-0.931634;5.7696;1.06837;5.7696;-0.00134051;6.70257;-1.84138;1.94877
9827;0.209004;-0.931634;5.7696;1.06837;5.7696;-0.00134051;6.70257;-1.84157;1.94897
9828;0.209004;-0.931634;5.7696;1.06837;5.7696;-0.00134051;6.70257;-1.84176;1.94916
9829;0.209004;-0.931634;5.7696;1.06837;5.7696;-0.00134051;6.70257;-1.84195;1.94935
9830;0.209004;-0.931634;5.7696;1.06837;5.7696;-0.00134051;6.70257;-1.84214;1.94955
9831;0.209004;-0.931634;5.7696;1.06837;5.7696;-0.00134051;6.70257;-1.84233;1.94974
9832;0.209004;-0.931634;5.7696;1.06837;5.7696;-0.00134051;6.70257;-1.84252;1.94994
9833;0.209004;-0.931634;5.7696;1.06837;5.7696;-0.00134051;6.70257;-1.84271;1.95013
9834;0.209004;-0.931634;5.7696;1.06837;5.7696;-0.00134051;6.70257;-1.8429;1.95032
9835;0.209004;-0.931634;5.7696;1.06837;5.7696;-0.00134051;6.70257;-1.84308;1.95052
9836;0.209004;-0.931634;5.7696;1.06837;5.7696;-0.00134051;6.70257;-1.84327;1.95071
9837;0.209004;-0.931634;5.7696;1.06837;5.7696;-0.00134051;6.70257;-1.84346;1.9509
9838;0.209004;-0.931634;5.7696;1.06837;5.7696;-0.00134051;6.70257;-1.84365;1.9511
9839;0.209004;-0.931634;5.7696;1.06837;5.7696;-0.00134051;6.70257;-1.84384;1.95129
9840;0.209004;-0.931634;5.7696;1.06837;5.7696;-0.00134051;6.70257;-1.84403;1.95148
9841;0.209004;-0.931634;5.7696;1.06837;5.7696;-0.00134051;6.70257;-1.84422;1.95168
9842;0.209004;-0.931634;5.7696;1.06837;5.7696;-0.00134051;6.70257;-1.84441;1.95187
9843;0.209004;-0.931634;5.7696;1.06837;5.7696;-0.00134051;6.70257;-1.8446;1.95206
9844;0.209004;-0.931634;5.7696;1.06837;5.7696;-0.00134051;6.70257;-1.84479;1.95226
9845;0.209004;-0.931634;5.7696;1.06837;5.7696;-0.00134051;6.70257;-1.84498;1.95245
9846;0.209004;-0.931634;5.7696;1.06837;5.7696;-0.00134051;6.70257;-1.84517;1.95264
9847;0.209004;-0.931634;5.7696;1.06837;5.7696;-0.00134051;6.70257;-1.84536;1.95284
9848;0.209004;-0.931634;5.7696;1.06837;5.7696;-0.00134051;6.70257;-1.84555;1.95303
9849;0.209004;-0.931634;5.7696;1.06837;5.7696;-0.00134051;6.70257;-1.84574;1.95323
9850;0.209004;-0.931634;5.7696;1.06837;5.7696;-0.00134051;6.70257;-1.84593;1.95342
9851;0.209004;-0.931634;5.7696;1.06837;5.7696;-0.00134051;6.70257;-1.84612;1.95361
9852;0.209004;-0.931634;5.7696;1.06837;5.7696;-0.00134051;6.70257;-1.84631;1.95381
9853;0.209004;-0.931634;5.7696;1.06837;5.7696;-0.00134051;6.70257;-1.8465;1.954
9854;0.209004;-0.931634;5.7696;1.06837;5.7696;-0.00134051;6.70257;-1.84669;1.95419
9855;0.209004;-0.931634;5.7696;1.06837;5.7696;-0.00134051;6.70257;-1.84688;1.95439
9856;0.209004;-0.931634;5.7696;1.06837;5.7696;-0.00134051;6.70257;-1.84707;1.95458
9857;0.209004;-0.931634;5.7696;1.06837;5.7696;-0.00134051;6.70257;-1.84726;1.95477
9858;0.209004;-0.931634;5.7696;1.06837;5.7696;-0.00134051;6.70257;-1.84745;1.95497
9859;0.209004;-0.931634;5.7696;1.06837;5.7696;-0.00134051;6.70257;-1.84764;1.95516
9860;0.209004;-0.931634;5.7696;1.06837;5.7696;-0.00134051;6.70257;-1.84783;1.95535
9861;0.209004;-0.931634;5.7696;1.06837;5.7696;-0.00134051;6.70257;-1.84802;1.95555
9862;0.209004;-0.931634;5.7696;1.06837;5.7696;-0.00134051;6.70257;-1.84821;1.95574
9863;0.209004;-0.931634;5.7696;1.06837;5.7696;-0.00134051;6.70257;-1.8484;1.95594
9864;0.209004;-0.931634;5.7696;1.06837;5.7696;-0.00134051;6.70257;-1.84859;1.95613
9865;0.209004;-0.931634;5.7696;1.06837;5.7696;-0.00134051;6.70257;-1.84878;1.95632
9866;0.209004;-0.931634;5.7696;1.06837;5.7696;-0.00134051;6.70257;-1.84897;1.95652
9867;0.209004;-0.931634;5.7696;1.06837;5.7696;-0.00134051;6.70257;-1.84915;1.95671
9868;0.209004;-0.931634;5.7696;1.06837;5.7696;-0.00134051;6.70257;-1.84934;1.9569
9869;0.209004;-0.931634;5.7696;1.06837;5.7696;-0.00134051;6.70257;-1.84953;1.9571
9870;0.209004;-0.931634;5.7696;1.06837;5.7696;-0.00134051;6.70257;-1.84972;1.95729
9871;0.209004;-0.931634;5.7696;1.06837;5.7696;-0.00134051;6.70257;-1.84991;1.95748
9872;0.209004;-0.931634;5.7696;1.06837;5.7696;-0.00134051;6.70257;-1.8501;1.95768
9873;0.209004;-0.931634;5.7696;1.06837;5.7696;-0.00134051;6.70257;-1.85029;1.95787
9874;0.209004;-0.931634;5.7696;1.06837;5.7696;-0.00134051;6.70257;-1.85048;1.95806
9875;0.209004;-0.931634;5.7696;1.06837;5.7696;-0.00134051;6.70257;-1.85067;1.95826
9876;0.209004;-0.931634;5.7696;1.06837;5.7696;-0.00134051;6.70257;-1.85086;1.95845
9877;0.209004;-0.931634;5.7696;1.06837;5.7696;-0.00134051;6.70257;-1.85105;1.95864
9878;0.209004;-0.931634;5.7696;1.06837;5.7696;-0.00134051;6.70257;-1.85124;1.95884
9879;0.209004;-0.931634;5.7696;1.06837;5.7696;-0.00134051;6.70257;-1.85143;1.95903
9880;0.209004;-0.931634;5.7696;1.06837;5.7696;-0.00134051;6.70257;-1.85162;1.95923
9881;0.209004;-0.931634;5.7696;1.06837;5.7696;-0.00134051;6.70257;-1.85181;1.95942
9882;0.209004;-0.931634;5.7696;1.06837;5.7696;-0.00134051;6.70257;-1.852;1.95961
9883;0.209004;-0.931634;5.7696;1.06837;5.7696;-0.00134051;6.70257;-1.85219;1.95981
9884;0.209004;-0.931634;5.7696;1.06837;5.7696;-0.00134051;6.70257;-1.85238;1.96
9885;0.209004;-0.931634;5.7696;1.06837;5.7696;-0.00134051;6.70257;-1.85257;1.96019
9886;0.209004;-0.931634;5.7696;1.06837;5.7696;-0.00134051;6.70257;-1.85276;1.96039
9887;0.209004;-0.931634;5.7696;1.06837;5.7696;-0.00134051;6.70257;-1.85295;1.96058
9888;0.209004;-0.931634;5.76959;1.06837;5.76959;-0.00134051;6.70257;-1.85314;1.96077
9889;0.209004;-0.931634;5.76959;1.06837;5.76959;-0.00134051;6.70257;-1.85333;1.96097
9890;0.209004;-0.931634;5.76959;1.06837;5.76959;-0.00134051;6.70257;-1.85352;1.96116
9891;0.209004;-0.931634;5.76959;1.06837;5.76959;-0.00134051;6.70257;-1.85371;1.96135
9892;0.209004;-0.931634;5.76959;1.06837;5.76959;-0.00134051;6.70257;-1.8539;1.96155
9893;0.209004;-0.931634;5.76959;1.06837;5.76959;-0.00134051;6.70257;-1.85409;1.96174
9894;0.209004;-0.931634;5.76959;1.06837;5.76959;-0.00134051;6.70257;-1.85428;1.96194
9895;0.209004;-0.931634;5.76959;1.06837;5.76959;-0.00134051;6.70257;-1.85447;1.96213
9896;0.209004;-0.931634;5.76959;1.06837;5.76959;-0.00134051;6.70257;-1.85466;1.96232
9897;0.209004;-0.931634;5.76959;1.06837;5.76959;-0.00134051;6.70257;-1.85485;1.96252
9898;0.209004;-0.931634;5.76959;1.06837;5.76959;-0.00134051;6.70257;-1.85503;1.96271
9899;0.209004;-0.931634;5.76959;1.06837;5.76959;-0.00134051;6.70257;-1.85522;1.9629
9900;0.209004;-0.931634;5.76959;1.06837;5.76959;-0.00134051;6.70257;-1.85541;1.9631
9901;0.209004;-0.931634;5.76959;1.06837;5.76959;-0.00134051;6.70257;-1.8556;1.96329
9902;0.209004;-0.931634;5.76959;1.06837;5.76959;-0.00134051;6.70257;-1.85579;1.96348
9903;0.209004;-0.931634;5.76959;1.06837;5.76959;-0.00134051;6.70257;-1.85598;1.96368
9904;0.209004;-0.931634;5.76959;1.06837;5.76959;-0.00134051;6.70257;-1.85617;1.96387
9905;0.209004;-0.931634;5.76959;1.06837;5.76959;-0.00134051;6.70257;-1.85636;1.96406
9906;0.209004;-0.931634;5.76959;1.06837;5.76959;-0.00134051;6.70257;-1.85655;1.96426
9907;0.209004;-0.931634;5.76959;1.06837;5.76959;-0.00134051;6.70257;-1.85674;1.96445
9908;0.209004;-0.931634;5.76959;1.06837;5.76959;-0.00134051;6.70257;-1.85693;1.96464
9909;0.209004;-0.931634;5.76959;1.06837;5.76959;-0.00134051;6.70257;-1.85712;1.96484
9910;0.209004;-0.931634;5.76959;1.06837;5.76959;-0.00134051;6.70257;-1.85731;1.96503
9911;0.209004;-0.931634;5.76959;1.06837;5.76959;-0.00134051;6.70257;-1.8575;1.96523
9912;0.209004;-0.931634;5.76959;1.06837;5.76959;-0.00134051;6.70257;-1.85769;1.96542
9913;0.209004;-0.931634;5.76959;1.06837;5.76959;-0.00134051;6.70257;-1.85788;1.96561
9914;0.209004;-0.931634;5.76959;1.06837;5.76959;-0.00134051;6.70257;-1.85807;1.96581
9915;0.209004;-0.931634;5.76959;1.06837;5.76959;-0.00134051;6.70257;-1.85826;1.966
9916;0.209004;-0.931634;5.76959;1.06837;5.76959;-0.00134051;6.70257;-1.85845;1.96619
9917;0.209004;-0.931634;5.76959;1.06837;5.76959;-0.00134051;6.70257;-1.85864;1.96639
9918;0.209004;-0.931634;5.76959;1.06837;5.76959;-0.00134051;6.70257;-1.85883;1.96658
9919;0.209004;-0.931634;5.76959;1.06837;5.76959;-0.00134051;6.70257;-1.85902;1.96677
9920;0.209004;-0.931634;5.76959;1.06837;5.76959;-0.00134051;6.70257;-1.85921;1.96697
9921;0.209004;-0.931634;5.76959;1.06837;5.76959;-0.00134051;6.70257;-1.8594;1.96716
9922;0.209004;-0.931634;5.76959;1.06837;5.76959;-0.00134051;6.70257;-1.85959;1.96735
9923;0.209004;-0.931634;5.76959;1.06837;5.76959;-0.00134051;6.70257;-1.85978;1.96755
9924;0.209004;-0.931634;5.76959;1.06837;5.76959;-0.00134051;6.70257;-1.85997;1.96774
9925;0.209004;-0.931634;5.76959;1.06837;5.76959;-0.00134051;6.70257;-1.86016;1.96794
9926;0.209004;-0.931634;5.76959;1.06837;5.76959;-0.00134051;6.70257;-1.86035;1.96813
9927;0.209004;-0.931634;5.76959;1.06837;5.76959;-0.00134051;6.70257;-1.86054;1.96832
9928;0.209004;-0.931634;5.76959;1.06837;5.76959;-0.00134051;6.70257;-1.86073;1.96852
9929;0.209004;-0.931634;5.76959;1.06837;5.76959;-0.00134051;6.70257;-1.86091;1.96871
9930;0.209004;-0.931634;5.76959;1.06837;5.76959;-0.00134051;6.70257;-1.8611;1.9689
9931;0.209004;-0.931634;5.76959;1.06837;5.76959;-0.00134051;6.70257;-1.86129;1.9691
9932;0.209004;-0.931634;5.76959;1.06837;5.76959;-0.00134051;6.70257;-1.86148;1.96929
9933;0.209004;-0.931634;5.76959;1.06837;5.76959;-0.00134051;6.70257;-1.86167;1.96948
9934;0.209004;-0.931634;5.76959;1.06837;5.76959;-0.00134051;6.70257;-1.86186;1.96968
9935;0.209004;-0.931634;5.76959;1.06837;5.76959;-0.00134051;6.70257;-1.86205;1.96987
9936;0.209004;-0.931634;5.76959;1.06837;5.76959;-0.00134051;6.70257;-1.86224;1.97006
9937;0.209004;-0.931634;5.76959;1.06837;5.76959;-0.00134051;6.70257;-1.86243;1.97026
9938;0.209004;-0.931634;5.76959;1.06837;5.76959;-0.00134051;6.70257;-1.86262;1.97045
9939;0.209004;-0.931634;5.76959;1.06837;5.76959;-0.00134051;6.70257;-1.86281;1.97064
9940;0.209004;-0.931634;5.76959;1.06837;5.76959;-0.00134051;6.70257;-1.863;1.97084
9941;0.209004;-0.931634;5.76959;1.06837;5.76959;-0.00134051;6.70257;-1.86319;1.97103
9942;0.209004;-0.931634;5.76959;1.06837;5.76959;-0.00134051;6.70257;-1.86338;1.97123
9943;0.209004;-0.931634;5.76959;1.06837;5.76959;-0.00134051;6.70257;-1.86357;1.97142
9944;0.209004;-0.931634;5.76959;1.06837;5.76959;-0.00134051;6.70257;-1.86376;1.97161
9945;0.209004;-0.931634;5.76959;1.06837;5.76959;-0.00134051;6.70257;-1.86395;1.97181
9946;0.209004;-0.931634;5.76959;1.06837;5.76959;-0.00134051;6.70257;-1.86414;1.972
9947;0.209004;-0.931634;5.76959;1.06837;5.76959;-0.00134051;6.70257;-1.86433;1.97219
9948;0.209004;-0.931634;5.76959;1.06837;5.76959;-0.00134051;6.70257;-1.86452;1.97239
9949;0.209004;-0.931634;5.76959;1.06837;5.76959;-0.00134051;6.70257;-1.86471;1.97258
9950;0.209004;-0.931634;5.76959;1.06837;5.76959;-0.00134051;6.70257;-1.8649;1.97277
9951;0.209004;-0.931634;5.76959;1.06837;5.76959;-0.00134051;6.70257;-1.86509;1.97297
9952;0.209004;-0.931634;5.76959;1.06837;5.76959;-0.00134051;6.70257;-1.86528;1.97316
9953;0.209004;-0.931634;5.76959;1.06837;5.76959;-0.00134051;6.70257;-1.86547;1.97335
9954;0.209004;-0.931634;5.76959;1.06837;5.76959;-0.00134051;6.70257;-1.86566;1.97355
9955;0.209004;-0.931634;5.76959;1.06837;5.76959;-0.00134051;6.70257;-1.86585;1.97374
9956;0.209004;-0.931634;5.76959;1.06837;5.76959;-0.00134051;6.70257;-1.86604;1.97394
9957;0.209004;-0.931634;5.76959;1.06837;5.76959;-0.00134051;6.70257;-1.86623;1.97413
9958;0.209004;-0.931634;5.76959;1.06837;5.76959;-0.00134051;6.70257;-1.86642;1.97432
9959;0.209004;-0.931634;5.76959;1.06837;5.76959;-0.00134051;6.70257;-1.86661;1.97452
9960;0.209004;-0.931634;5.76959;1.06837;5.76959;-0.00134051;6.70257;-1.8668;1.97471
9961;0.209004;-0.931634;5.76959;1.06837;5.76959;-0.00134051;6.70257;-1.86698;1.9749
9962;0.209004;-0.931634;5.76959;1.06837;5.76959;-0.00134051;6.70257;-1.86717;1.9751
9963;0.209004;-0.931634;5.76959;1.06837;5.76959;-0.00134051;6.70257;-1.86736;1.97529
9964;0.209004;-0.931634;5.76959;1.06837;5.76959;-0.00134051;6.70257;-1.86755;1.97548
9965;0.209004;-0.931634;5.76959;1.06837;5.76959;-0.00134051;6.70257;-1.86774;1.97568
9966;0.209004;-0.931634;5.76959;1.06837;5.76959;-0.00134051;6.70257;-1.86793;1.97587
9967;0.209004;-0.931634;5.76959;1.06837;5.76959;-0.00134051;6.70257;-1.86812;1.97606
9968;0.209004;-0.931634;5.76959;1.06837;5.76959;-0.00134051;6.70257;-1.86831;1.97626
9969;0.209004;-0.931634;5.76959;1.06837;5.76959;-0.00134051;6.70257;-1.8685;1.97645
9970;0.209004;-0.931634;5.76959;1.06837;5.76959;-0.00134051;6.70257;-1.86869;1.97664
9971;0.209004;-0.931634;5.76959;1.06837;5.76959;-0.00134051;6.70257;-1.86888;1.97684
9972;0.209004;-0.931634;5.76959;1.06837;5.76959;-0.00134051;6.70257;-1.86907;1.97703
9973;0.209004;-0.931634;5.76959;1.06837;5.76959;-0.00134051;6.70257;-1.86926;1.97723
9974;0.209004;-0.931634;5.76959;1.06837;5.76959;-0.00134051;6.70257;-1.86945;1.97742
9975;0.209004;-0.931634;5.76959;1.06837;5.76959;-0.00134051;6.70257;-1.86964;1.97761
9976;0.209004;-0.931634;5.76959;1.06837;5.76959;-0.00134051;6.70257;-1.86983;1.97781
9977;0.209004;-0.931634;5.76959;1.06837;5.76959;-0.00134051;6.70257;-1.87002;1.978
9978;0.209004;-0.931634;5.76959;1.06837;5.76959;-0.00134051;6.70257;-1.87021;1.97819
9979;0.209004;-0.931634;5.76959;1.06837;5.76959;-0.00134051;6.70257;-1.8704;1.97839
9980;0.209004;-0.931634;5.76959;1.06837;5.76959;-0.00134051;6.70257;-1.87059;1.97858
9981;0.209004;-0.931634;5.76959;1.06837;5.76959;-0.00134051;6.70257;-1.87078;1.97877
9982;0.209004;-0.931634;5.76959;1.06837;5.76959;-0.00134051;6.70257;-1.87097;1.97897
9983;0.209004;-0.931634;5.76959;1.06837;5.76959;-0.00134051;6.70257;-1.87116;1.97916
9984;0.209004;-0.931634;5.76959;1.06837;5.76959;-0.00134051;6.70257;-1.87135;1.97935
9985;0.209004;-0.931634;5.76959;1.06837;5.76959;-0.00134051;6.70257;-1.87154;1.97955
9986;0.209004;-0.931634;5.76959;1.06837;5.76959;-0.00134051;6.70257;-1.87173;1.97974
9987;0.209004;-0.931634;5.76959;1.06837;5.76959;-0.00134051;6.70257;-1.87192;1.97993
9988;0.209004;-0.931634;5.76959;1.06837;5.76959;-0.00134051;6.70257;-1.87211;1.98013
9989;0.209004;-0.931634;5.76959;1.06837;5.76959;-0.00134051;6.70257;-1.8723;1.98032
9990;0.209004;-0.931634;5.76959;1.06837;5.76959;-0.00134051;6.70257;-1.87249;1.98052
9991;0.209004;-0.931634;5.76959;1.06837;5.76959;-0.00134051;6.70257;-1.87268;1.98071
9992;0.209004;-0.931634;5.76959;1.06837;5.76959;-0.00134051;6.70257;-1.87286;1.9809
9993;0.209004;-0.931634;5.76959;1.06837;5.76959;-0.00134051;6.70257;-1.87305;1.9811
9994;0.209004;-0.931634;5.76959;1.06837;5.76959;-0.00134051;6.70257;-1.87324;1.98129
9995;0.209004;-0.931634;5.76959;1.06837;5.76959;-0.00134051;6.70257;-1.87343;1.98148
9996;0.209004;-0.931634;5.76959;1.06837;5.76959;-0.00134051;6.70257;-1.87362;1.98168
9997;0.209004;-0.931634;5.76959;1.06837;5.76959;-0.00134051;6.70257;-1.87381;1.98187
9998;0.209004;-0.931634;5.76959;1.06837;5.76959;-0.00134051;6.70257;-1.874;1.98206
9999;0.209004;-0.931634;5.76959;1.06837;5.76959;-0.00134051;6.70257;-1.87419;1.98226
